Log file open, 05/21/26 16:27:39
LogWindows: Failed to load 'aqProf.dll' (GetLastError=126)
LogWindows: File 'aqProf.dll' does not exist
LogWindows: Failed to load 'VtuneApi.dll' (GetLastError=126)
LogWindows: File 'VtuneApi.dll' does not exist
LogWindows: Failed to load 'VtuneApi32e.dll' (GetLastError=126)
LogWindows: File 'VtuneApi32e.dll' does not exist
LogConsoleResponse: Display: Failed to find resolution value strings in scalability ini. Falling back to default.
LogConsoleResponse: Display: Failed to find resolution value strings in scalability ini. Falling back to default.
LogInit: Display: Running engine for game: AdvancedLocomotionSystemV
LogPlatformFile: Not using cached read wrapper
LogTaskGraph: Started task graph with 5 named threads and 71 total threads with 3 sets of task threads.
LogStats: Stats thread started at 0.177287
LogICUInternationalization: ICU TimeZone Detection - Raw Offset: +9:00, Platform Override: ''
LogInit: Display: Loading text-based GConfig....
LogPluginManager: Mounting plugin MeshPainting
LogPluginManager: Mounting plugin XGEController
LogPluginManager: Mounting plugin Paper2D
LogPluginManager: Mounting plugin LiveLink
LogPluginManager: Mounting plugin AISupport
LogPluginManager: Mounting plugin EnvironmentQueryEditor
LogPluginManager: Mounting plugin LightPropagationVolume
LogPluginManager: Mounting plugin GameplayCameras
LogPluginManager: Mounting plugin OodleData
LogPluginManager: Mounting plugin CameraShakePreviewer
LogPluginManager: Mounting plugin OodleNetwork
LogPluginManager: Mounting plugin AssetManagerEditor
LogPluginManager: Mounting plugin DatasmithContent
LogPluginManager: Mounting plugin CryptoKeys
LogPluginManager: Mounting plugin CurveEditorTools
LogPluginManager: Mounting plugin DataValidation
LogPluginManager: Mounting plugin FacialAnimation
LogPluginManager: Mounting plugin GameplayTagsEditor
LogPluginManager: Mounting plugin VariantManagerContent
LogPluginManager: Mounting plugin GeometryMode
LogPluginManager: Mounting plugin MaterialAnalyzer
LogPluginManager: Mounting plugin MacGraphicsSwitching
LogPluginManager: Mounting plugin MobileLauncherProfileWizard
LogPluginManager: Mounting plugin PluginBrowser
LogPluginManager: Mounting plugin SpeedTreeImporter
LogPluginManager: Mounting plugin AlembicImporter
LogPluginManager: Mounting plugin BackChannel
LogPluginManager: Mounting plugin AutomationUtils
LogPluginManager: Mounting plugin ChaosCloth
LogPluginManager: Mounting plugin ChaosClothEditor
LogPluginManager: Mounting plugin ChaosEditor
LogPluginManager: Mounting plugin ChaosNiagara
LogPluginManager: Mounting plugin ChaosSolverPlugin
LogPluginManager: Mounting plugin CharacterAI
LogPluginManager: Mounting plugin GeometryCollectionPlugin
LogPluginManager: Mounting plugin GeometryProcessing
LogPluginManager: Mounting plugin MotoSynth
LogPluginManager: Mounting plugin OpenImageDenoise
LogPluginManager: Mounting plugin GeometryCache
LogPluginManager: Mounting plugin PlanarCut
LogPluginManager: Mounting plugin PlatformCrypto
LogPluginManager: Mounting plugin PythonScriptPlugin
LogPluginManager: Mounting plugin ProxyLODPlugin
LogPluginManager: Mounting plugin SkeletalReduction
LogPluginManager: Mounting plugin Niagara
LogPluginManager: Mounting plugin MagicLeap
LogPluginManager: Mounting plugin MagicLeapLightEstimation
LogPluginManager: Mounting plugin MagicLeapMedia
LogPluginManager: Mounting plugin LuminPlatformFeatures
LogPluginManager: Mounting plugin MagicLeapPassableWorld
LogPluginManager: Mounting plugin MLSDK
LogPluginManager: Mounting plugin AnimationSharing
LogPluginManager: Mounting plugin CodeLiteSourceCodeAccess
LogPluginManager: Mounting plugin CLionSourceCodeAccess
LogPluginManager: Mounting plugin KDevelopSourceCodeAccess
LogPluginManager: Mounting plugin NullSourceCodeAccess
LogPluginManager: Mounting plugin GitSourceControl
LogPluginManager: Mounting plugin PerforceSourceControl
LogPluginManager: Mounting plugin PixWinPlugin
LogPluginManager: Mounting plugin PlasticSourceControl
LogPluginManager: Mounting plugin RiderSourceCodeAccess
LogPluginManager: Mounting plugin SubversionSourceControl
LogPluginManager: Mounting plugin TextureFormatOodle
LogPluginManager: Mounting plugin UObjectPlugin
LogPluginManager: Mounting plugin VisualStudioCodeSourceCodeAccess
LogPluginManager: Mounting plugin XCodeSourceCodeAccess
LogPluginManager: Mounting plugin PropertyAccessNode
LogPluginManager: Mounting plugin VisualStudioSourceCodeAccess
LogPluginManager: Mounting plugin AndroidMedia
LogPluginManager: Mounting plugin AvfMedia
LogPluginManager: Mounting plugin PluginUtils
LogPluginManager: Mounting plugin MediaCompositing
LogPluginManager: Mounting plugin ImgMedia
LogPluginManager: Mounting plugin WebMMedia
LogPluginManager: Mounting plugin ActorSequence
LogPluginManager: Mounting plugin WmfMedia
LogPluginManager: Mounting plugin UdpMessaging
LogPluginManager: Mounting plugin LevelSequenceEditor
LogPluginManager: Mounting plugin MediaPlayerEditor
LogPluginManager: Mounting plugin TemplateSequence
LogPluginManager: Mounting plugin MatineeToLevelSequence
LogPluginManager: Mounting plugin ActorLayerUtilities
LogPluginManager: Mounting plugin AndroidMoviePlayer
LogPluginManager: Mounting plugin AppleImageUtils
LogPluginManager: Mounting plugin AndroidPermission
LogPluginManager: Mounting plugin ArchVisCharacter
LogPluginManager: Mounting plugin AppleMoviePlayer
LogPluginManager: Mounting plugin AssetTags
LogPluginManager: Mounting plugin AudioCapture
LogPluginManager: Mounting plugin AudioSynesthesia
LogPluginManager: Mounting plugin LauncherChunkInstaller
LogPluginManager: Mounting plugin AndroidDeviceProfileSelector
LogPluginManager: Mounting plugin CustomMeshComponent
LogPluginManager: Mounting plugin ChunkDownloader
LogPluginManager: Mounting plugin CableComponent
LogPluginManager: Mounting plugin EditableMesh
LogPluginManager: Mounting plugin ExampleDeviceProfileSelector
LogPluginManager: Mounting plugin IOSDeviceProfileSelector
LogPluginManager: Mounting plugin GooglePAD
LogPluginManager: Mounting plugin LocationServicesBPLibrary
LogPluginManager: Mounting plugin MobilePatchingUtils
LogPluginManager: Mounting plugin OpenXREyeTracker
LogPluginManager: Mounting plugin OpenXRHandTracking
LogPluginManager: Mounting plugin TcpMessaging
LogPluginManager: Mounting plugin PhysXVehicles
LogPluginManager: Mounting plugin OpenXR
LogPluginManager: Mounting plugin ProceduralMeshComponent
LogPluginManager: Mounting plugin PropertyAccessEditor
LogPluginManager: Mounting plugin GoogleCloudMessaging
LogPluginManager: Mounting plugin SignificanceManager
LogPluginManager: Mounting plugin SoundFields
LogPluginManager: Mounting plugin PostSplashScreen
LogPluginManager: Mounting plugin Synthesis
LogPluginManager: Mounting plugin WebMMoviePlayer
LogPluginManager: Mounting plugin WindowsMoviePlayer
LogPluginManager: Mounting plugin LinuxDeviceProfileSelector
LogPluginManager: Mounting plugin Takes
LogPluginManager: Mounting plugin RuntimePhysXCooking
LogPluginManager: Mounting plugin OnlineSubsystemNull
LogPluginManager: Mounting plugin OnlineSubsystem
LogPluginManager: Mounting plugin OnlineSubsystemUtils
LogPluginManager: Mounting plugin ScreenshotTools
LogPluginManager: Mounting plugin ContentBrowserClassDataSource
LogPluginManager: Mounting plugin ContentBrowserAssetDataSource
LogPluginManager: Mounting plugin ContentBrowserFileDataSource
LogPluginManager: Mounting plugin RiderLink
LogPluginManager: Mounting plugin OculusVR
LogPluginManager: Mounting plugin OnlineSubsystemGooglePlay
LogPluginManager: Mounting plugin SteamVR
LogPluginManager: Mounting plugin OnlineSubsystemIOS
PixWinPlugin: PIX capture plugin failed to initialize! Check that the process is launched from PIX.
LogInit: Using libcurl 7.55.1-DEV
LogInit:  - built for x86_64-pc-win32
LogInit:  - supports SSL with OpenSSL/1.1.1
LogInit:  - supports HTTP deflate (compression) using libz 1.2.8
LogInit:  - other features:
LogInit:      CURL_VERSION_SSL
LogInit:      CURL_VERSION_LIBZ
LogInit:      CURL_VERSION_IPV6
LogInit:      CURL_VERSION_ASYNCHDNS
LogInit:      CURL_VERSION_LARGEFILE
LogInit:      CURL_VERSION_IDN
LogInit:  CurlRequestOptions (configurable via config and command line):
LogInit:  - bVerifyPeer = true  - Libcurl will verify peer certificate
LogInit:  - bUseHttpProxy = false  - Libcurl will NOT use HTTP proxy
LogInit:  - bDontReuseConnections = false  - Libcurl will reuse connections
LogInit:  - MaxHostConnections = 16  - Libcurl will limit the number of connections to a host
LogInit:  - LocalHostAddr = Default
LogInit:  - BufferSize = 65536
LogOnline: OSS: Creating online subsystem instance for: NULL
LogInit: WinSock: version 1.1 (2.2), MaxSocks=32767, MaxUdp=65467
LogOnline: OSS: TryLoadSubsystemAndSetDefault: Loaded subsystem for module [NULL]
LogOculusPluginWrapper: OculusPlugin initialized successfully
LogHMD: Failed initializing OVRPlugin 1.59.0
LogInit: Build: ++UE4+Release-4.27-CL-18319896
LogInit: Engine Version: 4.27.2-18319896+++UE4+Release-4.27
LogInit: Compatible Engine Version: 4.27.0-17155196+++UE4+Release-4.27
LogInit: Net CL: 17155196
LogInit: OS: Windows 10 (Release 2009) (), CPU: 13th Gen Intel(R) Core(TM) i7-13700, GPU: Intel(R) UHD Graphics 770
LogInit: Compiled (64-bit): Nov 30 2021 07:12:08
LogInit: Compiled with Visual C++: 19.24.28315.00
LogInit: Build Configuration: Development
LogInit: Branch Name: ++UE4+Release-4.27
LogInit: Command Line: 
LogInit: Base Directory: C:/Program Files/Epic Games/UE_4.27/Engine/Binaries/Win64/
LogInit: Allocator: TBB
LogInit: Installed Engine Build: 1
LogDevObjectVersion: Number of dev versions registered: 29
LogDevObjectVersion:   Dev-Blueprints (B0D832E4-1F89-4F0D-ACCF-7EB736FD4AA2): 10
LogDevObjectVersion:   Dev-Build (E1C64328-A22C-4D53-A36C-8E866417BD8C): 0
LogDevObjectVersion:   Dev-Core (375EC13C-06E4-48FB-B500-84F0262A717E): 4
LogDevObjectVersion:   Dev-Editor (E4B068ED-F494-42E9-A231-DA0B2E46BB41): 40
LogDevObjectVersion:   Dev-Framework (CFFC743F-43B0-4480-9391-14DF171D2073): 37
LogDevObjectVersion:   Dev-Mobile (B02B49B5-BB20-44E9-A304-32B752E40360): 3
LogDevObjectVersion:   Dev-Networking (A4E4105C-59A1-49B5-A7C5-40C4547EDFEE): 0
LogDevObjectVersion:   Dev-Online (39C831C9-5AE6-47DC-9A44-9C173E1C8E7C): 0
LogDevObjectVersion:   Dev-Physics (78F01B33-EBEA-4F98-B9B4-84EACCB95AA2): 14
LogDevObjectVersion:   Dev-Platform (6631380F-2D4D-43E0-8009-CF276956A95A): 0
LogDevObjectVersion:   Dev-Rendering (12F88B9F-8875-4AFC-A67C-D90C383ABD29): 45
LogDevObjectVersion:   Dev-Sequencer (7B5AE74C-D270-4C10-A958-57980B212A5A): 13
LogDevObjectVersion:   Dev-VR (D7296918-1DD6-4BDD-9DE2-64A83CC13884): 3
LogDevObjectVersion:   Dev-LoadTimes (C2A15278-BFE7-4AFE-6C17-90FF531DF755): 1
LogDevObjectVersion:   Private-Geometry (6EACA3D4-40EC-4CC1-B786-8BED09428FC5): 3
LogDevObjectVersion:   Dev-AnimPhys (29E575DD-E0A3-4627-9D10-D276232CDCEA): 17
LogDevObjectVersion:   Dev-Anim (AF43A65D-7FD3-4947-9873-3E8ED9C1BB05): 15
LogDevObjectVersion:   Dev-ReflectionCapture (6B266CEC-1EC7-4B8F-A30B-E4D90942FC07): 1
LogDevObjectVersion:   Dev-Automation (0DF73D61-A23F-47EA-B727-89E90C41499A): 1
LogDevObjectVersion:   FortniteMain (601D1886-AC64-4F84-AA16-D3DE0DEAC7D6): 47
LogDevObjectVersion:   FortniteRelease (E7086368-6B23-4C58-8439-1B7016265E91): 1
LogDevObjectVersion:   Dev-Enterprise (9DFFBCD6-494F-0158-E221-12823C92A888): 10
LogDevObjectVersion:   Dev-Niagara (F2AED0AC-9AFE-416F-8664-AA7FFA26D6FC): 1
LogDevObjectVersion:   Dev-Destruction (174F1F0B-B4C6-45A5-B13F-2EE8D0FB917D): 10
LogDevObjectVersion:   Dev-Physics-Ext (35F94A83-E258-406C-A318-09F59610247C): 41
LogDevObjectVersion:   Dev-PhysicsMaterial-Chaos (B68FC16E-8B1B-42E2-B453-215C058844FE): 1
LogDevObjectVersion:   Dev-CineCamera (B2E18506-4273-CFC2-A54E-F4BB758BBA07): 1
LogDevObjectVersion:   Dev-VirtualProduction (64F58936-FD1B-42BA-BA96-7289D5D0FA4E): 1
LogDevObjectVersion:   Dev-MediaFramework (6F0ED827-A609-4895-9C91-998D90180EA4): 2
LogInit: Presizing for max 25165824 objects, including 0 objects not considered by GC, pre-allocating 0 bytes for permanent pool.
LogConfig: Applying CVar settings from Section [/Script/Engine.StreamingSettings] File [C:/UEProject/UnrealLearn/AdvancedLocomotionSystemV/Saved/Config/Windows/Engine.ini]
LogConfig: Setting CVar [[s.MinBulkDataSizeForAsyncLoading:131072]]
LogConfig: Setting CVar [[s.AsyncLoadingThreadEnabled:0]]
LogConfig: Setting CVar [[s.EventDrivenLoaderEnabled:1]]
LogConfig: Setting CVar [[s.WarnIfTimeLimitExceeded:0]]
LogConfig: Setting CVar [[s.TimeLimitExceededMultiplier:1.5]]
LogConfig: Setting CVar [[s.TimeLimitExceededMinTime:0.005]]
LogConfig: Setting CVar [[s.UseBackgroundLevelStreaming:1]]
LogConfig: Setting CVar [[s.PriorityAsyncLoadingExtraTime:15.0]]
LogConfig: Setting CVar [[s.LevelStreamingActorsUpdateTimeLimit:5.0]]
LogConfig: Setting CVar [[s.PriorityLevelStreamingActorsUpdateExtraTime:5.0]]
LogConfig: Setting CVar [[s.LevelStreamingComponentsRegistrationGranularity:10]]
LogConfig: Setting CVar [[s.UnregisterComponentsTimeLimit:1.0]]
LogConfig: Setting CVar [[s.LevelStreamingComponentsUnregistrationGranularity:5]]
LogConfig: Setting CVar [[s.FlushStreamingOnExit:1]]
LogInit: Object subsystem initialized
LogConfig: Setting CVar [[con.DebugEarlyDefault:1]]
LogConfig: Setting CVar [[r.setres:1280x720]]
[2026.05.21-07.27.39:617][  0]LogConfig: Setting CVar [[r.VSync:0]]
[2026.05.21-07.27.39:617][  0]LogConfig: Setting CVar [[r.RHICmdBypass:0]]
[2026.05.21-07.27.39:617][  0]LogConfig: Applying CVar settings from Section [/Script/Engine.RendererSettings] File [C:/UEProject/UnrealLearn/AdvancedLocomotionSystemV/Saved/Config/Windows/Engine.ini]
[2026.05.21-07.27.39:617][  0]LogConfig: Setting CVar [[r.GPUCrashDebugging:0]]
[2026.05.21-07.27.39:617][  0]LogConfig: Setting CVar [[r.DefaultFeature.MotionBlur:0]]
[2026.05.21-07.27.39:617][  0]LogConfig: Setting CVar [[r.DefaultFeature.AntiAliasing:1]]
[2026.05.21-07.27.39:617][  0]LogConfig: Setting CVar [[r.DefaultFeature.AutoExposure:1]]
[2026.05.21-07.27.39:617][  0]LogConfig: Applying CVar settings from Section [/Script/Engine.RendererOverrideSettings] File [C:/UEProject/UnrealLearn/AdvancedLocomotionSystemV/Saved/Config/Windows/Engine.ini]
[2026.05.21-07.27.39:617][  0]LogConfig: Applying CVar settings from Section [/Script/Engine.StreamingSettings] File [C:/UEProject/UnrealLearn/AdvancedLocomotionSystemV/Saved/Config/Windows/Engine.ini]
[2026.05.21-07.27.39:617][  0]LogConfig: Setting CVar [[s.MinBulkDataSizeForAsyncLoading:131072]]
[2026.05.21-07.27.39:617][  0]LogConfig: Setting CVar [[s.AsyncLoadingThreadEnabled:0]]
[2026.05.21-07.27.39:617][  0]LogConfig: Setting CVar [[s.EventDrivenLoaderEnabled:1]]
[2026.05.21-07.27.39:617][  0]LogConfig: Setting CVar [[s.WarnIfTimeLimitExceeded:0]]
[2026.05.21-07.27.39:617][  0]LogConfig: Setting CVar [[s.TimeLimitExceededMultiplier:1.5]]
[2026.05.21-07.27.39:617][  0]LogConfig: Setting CVar [[s.TimeLimitExceededMinTime:0.005]]
[2026.05.21-07.27.39:617][  0]LogConfig: Setting CVar [[s.UseBackgroundLevelStreaming:1]]
[2026.05.21-07.27.39:617][  0]LogConfig: Setting CVar [[s.PriorityAsyncLoadingExtraTime:15.0]]
[2026.05.21-07.27.39:617][  0]LogConfig: Setting CVar [[s.LevelStreamingActorsUpdateTimeLimit:5.0]]
[2026.05.21-07.27.39:617][  0]LogConfig: Setting CVar [[s.PriorityLevelStreamingActorsUpdateExtraTime:5.0]]
[2026.05.21-07.27.39:617][  0]LogConfig: Setting CVar [[s.LevelStreamingComponentsRegistrationGranularity:10]]
[2026.05.21-07.27.39:617][  0]LogConfig: Setting CVar [[s.UnregisterComponentsTimeLimit:1.0]]
[2026.05.21-07.27.39:617][  0]LogConfig: Setting CVar [[s.LevelStreamingComponentsUnregistrationGranularity:5]]
[2026.05.21-07.27.39:617][  0]LogConfig: Setting CVar [[s.FlushStreamingOnExit:1]]
[2026.05.21-07.27.39:617][  0]LogConfig: Applying CVar settings from Section [/Script/Engine.GarbageCollectionSettings] File [C:/UEProject/UnrealLearn/AdvancedLocomotionSystemV/Saved/Config/Windows/Engine.ini]
[2026.05.21-07.27.39:617][  0]LogConfig: Setting CVar [[gc.MaxObjectsNotConsideredByGC:1]]
[2026.05.21-07.27.39:617][  0]LogConfig: Setting CVar [[gc.SizeOfPermanentObjectPool:0]]
[2026.05.21-07.27.39:617][  0]LogConfig: Setting CVar [[gc.FlushStreamingOnGC:0]]
[2026.05.21-07.27.39:617][  0]LogConfig: Setting CVar [[gc.NumRetriesBeforeForcingGC:10]]
[2026.05.21-07.27.39:617][  0]LogConfig: Setting CVar [[gc.AllowParallelGC:1]]
[2026.05.21-07.27.39:617][  0]LogConfig: Setting CVar [[gc.TimeBetweenPurgingPendingKillObjects:61.1]]
[2026.05.21-07.27.39:618][  0]LogConfig: Setting CVar [[gc.MaxObjectsInEditor:25165824]]
[2026.05.21-07.27.39:618][  0]LogConfig: Setting CVar [[gc.IncrementalBeginDestroyEnabled:1]]
[2026.05.21-07.27.39:618][  0]LogConfig: Setting CVar [[gc.CreateGCClusters:1]]
[2026.05.21-07.27.39:618][  0]LogConfig: Setting CVar [[gc.MinGCClusterSize:5]]
[2026.05.21-07.27.39:618][  0]LogConfig: Setting CVar [[gc.ActorClusteringEnabled:0]]
[2026.05.21-07.27.39:618][  0]LogConfig: Setting CVar [[gc.BlueprintClusteringEnabled:0]]
[2026.05.21-07.27.39:618][  0]LogConfig: Setting CVar [[gc.UseDisregardForGCOnDedicatedServers:0]]
[2026.05.21-07.27.39:618][  0]LogConfig: Setting CVar [[gc.MultithreadedDestructionEnabled:1]]
[2026.05.21-07.27.39:618][  0]LogConfig: Applying CVar settings from Section [/Script/Engine.NetworkSettings] File [C:/UEProject/UnrealLearn/AdvancedLocomotionSystemV/Saved/Config/Windows/Engine.ini]
[2026.05.21-07.27.39:618][  0]LogConfig: Applying CVar settings from Section [/Script/UnrealEd.CookerSettings] File [C:/UEProject/UnrealLearn/AdvancedLocomotionSystemV/Saved/Config/Windows/Engine.ini]
[2026.05.21-07.27.39:645][  0]LogConfig: Applying CVar settings from Section [ViewDistanceQuality@3] File [C:/UEProject/UnrealLearn/AdvancedLocomotionSystemV/Saved/Config/Windows/Scalability.ini]
[2026.05.21-07.27.39:645][  0]LogConfig: Setting CVar [[r.SkeletalMeshLODBias:0]]
[2026.05.21-07.27.39:645][  0]LogConfig: Setting CVar [[r.ViewDistanceScale:1.0]]
[2026.05.21-07.27.39:645][  0]LogConfig: Applying CVar settings from Section [AntiAliasingQuality@3] File [C:/UEProject/UnrealLearn/AdvancedLocomotionSystemV/Saved/Config/Windows/Scalability.ini]
[2026.05.21-07.27.39:645][  0]LogConfig: Setting CVar [[r.PostProcessAAQuality:4]]
[2026.05.21-07.27.39:645][  0]LogConfig: Applying CVar settings from Section [ShadowQuality@3] File [C:/UEProject/UnrealLearn/AdvancedLocomotionSystemV/Saved/Config/Windows/Scalability.ini]
[2026.05.21-07.27.39:645][  0]LogConfig: Setting CVar [[r.LightFunctionQuality:1]]
[2026.05.21-07.27.39:645][  0]LogConfig: Setting CVar [[r.ShadowQuality:5]]
[2026.05.21-07.27.39:645][  0]LogConfig: Setting CVar [[r.Shadow.CSM.MaxCascades:10]]
[2026.05.21-07.27.39:645][  0]LogConfig: Setting CVar [[r.Shadow.MaxResolution:2048]]
[2026.05.21-07.27.39:645][  0]LogConfig: Setting CVar [[r.Shadow.MaxCSMResolution:2048]]
[2026.05.21-07.27.39:645][  0]LogConfig: Setting CVar [[r.Shadow.RadiusThreshold:0.01]]
[2026.05.21-07.27.39:645][  0]LogConfig: Setting CVar [[r.Shadow.DistanceScale:1.0]]
[2026.05.21-07.27.39:645][  0]LogConfig: Setting CVar [[r.Shadow.CSM.TransitionScale:1.0]]
[2026.05.21-07.27.39:645][  0]LogConfig: Setting CVar [[r.Shadow.PreShadowResolutionFactor:1.0]]
[2026.05.21-07.27.39:645][  0]LogConfig: Setting CVar [[r.DistanceFieldShadowing:1]]
[2026.05.21-07.27.39:645][  0]LogConfig: Setting CVar [[r.DistanceFieldAO:1]]
[2026.05.21-07.27.39:645][  0]LogConfig: Setting CVar [[r.AOQuality:2]]
[2026.05.21-07.27.39:645][  0]LogConfig: Setting CVar [[r.VolumetricFog:1]]
[2026.05.21-07.27.39:645][  0]LogConfig: Setting CVar [[r.VolumetricFog.GridPixelSize:8]]
[2026.05.21-07.27.39:645][  0]LogConfig: Setting CVar [[r.VolumetricFog.GridSizeZ:128]]
[2026.05.21-07.27.39:645][  0]LogConfig: Setting CVar [[r.VolumetricFog.HistoryMissSupersampleCount:4]]
[2026.05.21-07.27.39:645][  0]LogConfig: Setting CVar [[r.LightMaxDrawDistanceScale:1]]
[2026.05.21-07.27.39:645][  0]LogConfig: Setting CVar [[r.CapsuleShadows:1]]
[2026.05.21-07.27.39:645][  0]LogConfig: Applying CVar settings from Section [PostProcessQuality@3] File [C:/UEProject/UnrealLearn/AdvancedLocomotionSystemV/Saved/Config/Windows/Scalability.ini]
[2026.05.21-07.27.39:645][  0]LogConfig: Setting CVar [[r.MotionBlurQuality:4]]
[2026.05.21-07.27.39:645][  0]LogConfig: Setting CVar [[r.AmbientOcclusionMipLevelFactor:0.4]]
[2026.05.21-07.27.39:645][  0]LogConfig: Setting CVar [[r.AmbientOcclusionMaxQuality:100]]
[2026.05.21-07.27.39:645][  0]LogConfig: Setting CVar [[r.AmbientOcclusionLevels:-1]]
[2026.05.21-07.27.39:645][  0]LogConfig: Setting CVar [[r.AmbientOcclusionRadiusScale:1.0]]
[2026.05.21-07.27.39:645][  0]LogConfig: Setting CVar [[r.DepthOfFieldQuality:2]]
[2026.05.21-07.27.39:645][  0]LogConfig: Setting CVar [[r.RenderTargetPoolMin:400]]
[2026.05.21-07.27.39:645][  0]LogConfig: Setting CVar [[r.LensFlareQuality:2]]
[2026.05.21-07.27.39:645][  0]LogConfig: Setting CVar [[r.SceneColorFringeQuality:1]]
[2026.05.21-07.27.39:645][  0]LogConfig: Setting CVar [[r.EyeAdaptationQuality:2]]
[2026.05.21-07.27.39:645][  0]LogConfig: Setting CVar [[r.BloomQuality:5]]
[2026.05.21-07.27.39:645][  0]LogConfig: Setting CVar [[r.FastBlurThreshold:100]]
[2026.05.21-07.27.39:645][  0]LogConfig: Setting CVar [[r.Upscale.Quality:3]]
[2026.05.21-07.27.39:645][  0]LogConfig: Setting CVar [[r.Tonemapper.GrainQuantization:1]]
[2026.05.21-07.27.39:645][  0]LogConfig: Setting CVar [[r.LightShaftQuality:1]]
[2026.05.21-07.27.39:645][  0]LogConfig: Setting CVar [[r.Filter.SizeScale:1]]
[2026.05.21-07.27.39:645][  0]LogConfig: Setting CVar [[r.Tonemapper.Quality:5]]
[2026.05.21-07.27.39:645][  0]LogConfig: Setting CVar [[r.DOF.Gather.AccumulatorQuality:1        ; higher gathering accumulator quality]]
[2026.05.21-07.27.39:645][  0]LogConfig: Setting CVar [[r.DOF.Gather.PostfilterMethod:1          ; Median3x3 postfilering method]]
[2026.05.21-07.27.39:645][  0]LogConfig: Setting CVar [[r.DOF.Gather.EnableBokehSettings:0       ; no bokeh simulation when gathering]]
[2026.05.21-07.27.39:645][  0]LogConfig: Setting CVar [[r.DOF.Gather.RingCount:4                 ; medium number of samples when gathering]]
[2026.05.21-07.27.39:645][  0]LogConfig: Setting CVar [[r.DOF.Scatter.ForegroundCompositing:1    ; additive foreground scattering]]
[2026.05.21-07.27.39:645][  0]LogConfig: Setting CVar [[r.DOF.Scatter.BackgroundCompositing:2    ; additive background scattering]]
[2026.05.21-07.27.39:645][  0]LogConfig: Setting CVar [[r.DOF.Scatter.EnableBokehSettings:1      ; bokeh simulation when scattering]]
[2026.05.21-07.27.39:645][  0]LogConfig: Setting CVar [[r.DOF.Scatter.MaxSpriteRatio:0.1         ; only a maximum of 10% of scattered bokeh]]
[2026.05.21-07.27.39:645][  0]LogConfig: Setting CVar [[r.DOF.Recombine.Quality:1                ; cheap slight out of focus]]
[2026.05.21-07.27.39:645][  0]LogConfig: Setting CVar [[r.DOF.Recombine.EnableBokehSettings:0    ; no bokeh simulation on slight out of focus]]
[2026.05.21-07.27.39:645][  0]LogConfig: Setting CVar [[r.DOF.TemporalAAQuality:1                ; more stable temporal accumulation]]
[2026.05.21-07.27.39:645][  0]LogConfig: Setting CVar [[r.DOF.Kernel.MaxForegroundRadius:0.025]]
[2026.05.21-07.27.39:645][  0]LogConfig: Setting CVar [[r.DOF.Kernel.MaxBackgroundRadius:0.025]]
[2026.05.21-07.27.39:645][  0]LogConfig: Applying CVar settings from Section [TextureQuality@3] File [C:/UEProject/UnrealLearn/AdvancedLocomotionSystemV/Saved/Config/Windows/Scalability.ini]
[2026.05.21-07.27.39:646][  0]LogConfig: Setting CVar [[r.Streaming.MipBias:0]]
[2026.05.21-07.27.39:646][  0]LogConfig: Setting CVar [[r.Streaming.AmortizeCPUToGPUCopy:0]]
[2026.05.21-07.27.39:646][  0]LogConfig: Setting CVar [[r.Streaming.MaxNumTexturesToStreamPerFrame:0]]
[2026.05.21-07.27.39:646][  0]LogConfig: Setting CVar [[r.Streaming.Boost:1]]
[2026.05.21-07.27.39:646][  0]LogConfig: Setting CVar [[r.MaxAnisotropy:8]]
[2026.05.21-07.27.39:646][  0]LogConfig: Setting CVar [[r.VT.MaxAnisotropy:8]]
[2026.05.21-07.27.39:646][  0]LogConfig: Setting CVar [[r.Streaming.LimitPoolSizeToVRAM:0]]
[2026.05.21-07.27.39:646][  0]LogConfig: Setting CVar [[r.Streaming.PoolSize:1000]]
[2026.05.21-07.27.39:646][  0]LogConfig: Setting CVar [[r.Streaming.MaxEffectiveScreenSize:0]]
[2026.05.21-07.27.39:646][  0]LogConfig: Applying CVar settings from Section [EffectsQuality@3] File [C:/UEProject/UnrealLearn/AdvancedLocomotionSystemV/Saved/Config/Windows/Scalability.ini]
[2026.05.21-07.27.39:646][  0]LogConfig: Setting CVar [[r.TranslucencyLightingVolumeDim:64]]
[2026.05.21-07.27.39:646][  0]LogConfig: Setting CVar [[r.RefractionQuality:2]]
[2026.05.21-07.27.39:646][  0]LogConfig: Setting CVar [[r.SSR.Quality:3]]
[2026.05.21-07.27.39:646][  0]LogConfig: Setting CVar [[r.SSR.HalfResSceneColor:0]]
[2026.05.21-07.27.39:646][  0]LogConfig: Setting CVar [[r.SceneColorFormat:4]]
[2026.05.21-07.27.39:646][  0]LogConfig: Setting CVar [[r.DetailMode:2]]
[2026.05.21-07.27.39:646][  0]LogConfig: Setting CVar [[r.TranslucencyVolumeBlur:1]]
[2026.05.21-07.27.39:646][  0]LogConfig: Setting CVar [[r.MaterialQualityLevel:1 ; High quality]]
[2026.05.21-07.27.39:646][  0]LogConfig: Setting CVar [[r.AnisotropicMaterials:1]]
[2026.05.21-07.27.39:646][  0]LogConfig: Setting CVar [[r.SSS.Scale:1]]
[2026.05.21-07.27.39:646][  0]LogConfig: Setting CVar [[r.SSS.SampleSet:2]]
[2026.05.21-07.27.39:646][  0]LogConfig: Setting CVar [[r.SSS.Quality:1]]
[2026.05.21-07.27.39:646][  0]LogConfig: Setting CVar [[r.SSS.HalfRes:0]]
[2026.05.21-07.27.39:646][  0]LogConfig: Setting CVar [[r.SSGI.Quality:3]]
[2026.05.21-07.27.39:646][  0]LogConfig: Setting CVar [[r.EmitterSpawnRateScale:1.0]]
[2026.05.21-07.27.39:646][  0]LogConfig: Setting CVar [[r.ParticleLightQuality:2]]
[2026.05.21-07.27.39:646][  0]LogConfig: Setting CVar [[r.SkyAtmosphere.AerialPerspectiveLUT.FastApplyOnOpaque:1 ; Always have FastSkyLUT 1 in this case to avoid wrong sky]]
[2026.05.21-07.27.39:646][  0]LogConfig: Setting CVar [[r.SkyAtmosphere.AerialPerspectiveLUT.SampleCountMaxPerSlice:4]]
[2026.05.21-07.27.39:646][  0]LogConfig: Setting CVar [[r.SkyAtmosphere.AerialPerspectiveLUT.DepthResolution:16.0]]
[2026.05.21-07.27.39:646][  0]LogConfig: Setting CVar [[r.SkyAtmosphere.FastSkyLUT:1]]
[2026.05.21-07.27.39:646][  0]LogConfig: Setting CVar [[r.SkyAtmosphere.FastSkyLUT.SampleCountMin:4.0]]
[2026.05.21-07.27.39:646][  0]LogConfig: Setting CVar [[r.SkyAtmosphere.FastSkyLUT.SampleCountMax:128.0]]
[2026.05.21-07.27.39:646][  0]LogConfig: Setting CVar [[r.SkyAtmosphere.SampleCountMin:4.0]]
[2026.05.21-07.27.39:646][  0]LogConfig: Setting CVar [[r.SkyAtmosphere.SampleCountMax:128.0]]
[2026.05.21-07.27.39:646][  0]LogConfig: Setting CVar [[r.SkyAtmosphere.TransmittanceLUT.UseSmallFormat:0]]
[2026.05.21-07.27.39:646][  0]LogConfig: Setting CVar [[r.SkyAtmosphere.TransmittanceLUT.SampleCount:10.0]]
[2026.05.21-07.27.39:646][  0]LogConfig: Setting CVar [[r.SkyAtmosphere.MultiScatteringLUT.SampleCount:15.0]]
[2026.05.21-07.27.39:646][  0]LogConfig: Setting CVar [[r.SkyLight.RealTimeReflectionCapture:1]]
[2026.05.21-07.27.39:646][  0]LogConfig: Applying CVar settings from Section [FoliageQuality@3] File [C:/UEProject/UnrealLearn/AdvancedLocomotionSystemV/Saved/Config/Windows/Scalability.ini]
[2026.05.21-07.27.39:646][  0]LogConfig: Setting CVar [[foliage.DensityScale:1.0]]
[2026.05.21-07.27.39:646][  0]LogConfig: Setting CVar [[grass.DensityScale:1.0]]
[2026.05.21-07.27.39:646][  0]LogConfig: Applying CVar settings from Section [ShadingQuality@3] File [C:/UEProject/UnrealLearn/AdvancedLocomotionSystemV/Saved/Config/Windows/Scalability.ini]
[2026.05.21-07.27.39:646][  0]LogConfig: Setting CVar [[r.HairStrands.SkyLighting.IntegrationType:2]]
[2026.05.21-07.27.39:646][  0]LogConfig: Setting CVar [[r.HairStrands.SkyAO.SampleCount:4]]
[2026.05.21-07.27.39:646][  0]LogConfig: Setting CVar [[r.HairStrands.Visibility.MSAA.SamplePerPixel:4]]
[2026.05.21-07.27.39:646][  0]LogInit: Selected Device Profile: [Windows]
[2026.05.21-07.27.39:646][  0]LogInit: Applying CVar settings loaded from the selected device profile: [Windows]
[2026.05.21-07.27.39:646][  0]LogHAL: Display: Platform has ~ 14 GB [14665842688 / 17179869184 / 14], which maps to Larger [LargestMinGB=32, LargerMinGB=12, DefaultMinGB=8, SmallerMinGB=6, SmallestMinGB=0)
[2026.05.21-07.27.39:646][  0]LogInit: Going up to parent DeviceProfile []
[2026.05.21-07.27.39:646][  0]LogConfig: Applying CVar settings from Section [ViewDistanceQuality@3] File [C:/UEProject/UnrealLearn/AdvancedLocomotionSystemV/Saved/Config/Windows/Scalability.ini]
[2026.05.21-07.27.39:646][  0]LogConfig: Setting CVar [[r.SkeletalMeshLODBias:0]]
[2026.05.21-07.27.39:646][  0]LogConfig: Setting CVar [[r.ViewDistanceScale:1.0]]
[2026.05.21-07.27.39:646][  0]LogConfig: Applying CVar settings from Section [AntiAliasingQuality@3] File [C:/UEProject/UnrealLearn/AdvancedLocomotionSystemV/Saved/Config/Windows/Scalability.ini]
[2026.05.21-07.27.39:646][  0]LogConfig: Setting CVar [[r.PostProcessAAQuality:4]]
[2026.05.21-07.27.39:646][  0]LogConfig: Applying CVar settings from Section [ShadowQuality@3] File [C:/UEProject/UnrealLearn/AdvancedLocomotionSystemV/Saved/Config/Windows/Scalability.ini]
[2026.05.21-07.27.39:646][  0]LogConfig: Setting CVar [[r.LightFunctionQuality:1]]
[2026.05.21-07.27.39:646][  0]LogConfig: Setting CVar [[r.ShadowQuality:5]]
[2026.05.21-07.27.39:646][  0]LogConfig: Setting CVar [[r.Shadow.CSM.MaxCascades:10]]
[2026.05.21-07.27.39:646][  0]LogConfig: Setting CVar [[r.Shadow.MaxResolution:2048]]
[2026.05.21-07.27.39:646][  0]LogConfig: Setting CVar [[r.Shadow.MaxCSMResolution:2048]]
[2026.05.21-07.27.39:646][  0]LogConfig: Setting CVar [[r.Shadow.RadiusThreshold:0.01]]
[2026.05.21-07.27.39:646][  0]LogConfig: Setting CVar [[r.Shadow.DistanceScale:1.0]]
[2026.05.21-07.27.39:646][  0]LogConfig: Setting CVar [[r.Shadow.CSM.TransitionScale:1.0]]
[2026.05.21-07.27.39:646][  0]LogConfig: Setting CVar [[r.Shadow.PreShadowResolutionFactor:1.0]]
[2026.05.21-07.27.39:646][  0]LogConfig: Setting CVar [[r.DistanceFieldShadowing:1]]
[2026.05.21-07.27.39:646][  0]LogConfig: Setting CVar [[r.DistanceFieldAO:1]]
[2026.05.21-07.27.39:646][  0]LogConfig: Setting CVar [[r.AOQuality:2]]
[2026.05.21-07.27.39:646][  0]LogConfig: Setting CVar [[r.VolumetricFog:1]]
[2026.05.21-07.27.39:646][  0]LogConfig: Setting CVar [[r.VolumetricFog.GridPixelSize:8]]
[2026.05.21-07.27.39:646][  0]LogConfig: Setting CVar [[r.VolumetricFog.GridSizeZ:128]]
[2026.05.21-07.27.39:646][  0]LogConfig: Setting CVar [[r.VolumetricFog.HistoryMissSupersampleCount:4]]
[2026.05.21-07.27.39:646][  0]LogConfig: Setting CVar [[r.LightMaxDrawDistanceScale:1]]
[2026.05.21-07.27.39:646][  0]LogConfig: Setting CVar [[r.CapsuleShadows:1]]
[2026.05.21-07.27.39:646][  0]LogConfig: Applying CVar settings from Section [PostProcessQuality@3] File [C:/UEProject/UnrealLearn/AdvancedLocomotionSystemV/Saved/Config/Windows/Scalability.ini]
[2026.05.21-07.27.39:646][  0]LogConfig: Setting CVar [[r.MotionBlurQuality:4]]
[2026.05.21-07.27.39:646][  0]LogConfig: Setting CVar [[r.AmbientOcclusionMipLevelFactor:0.4]]
[2026.05.21-07.27.39:646][  0]LogConfig: Setting CVar [[r.AmbientOcclusionMaxQuality:100]]
[2026.05.21-07.27.39:646][  0]LogConfig: Setting CVar [[r.AmbientOcclusionLevels:-1]]
[2026.05.21-07.27.39:646][  0]LogConfig: Setting CVar [[r.AmbientOcclusionRadiusScale:1.0]]
[2026.05.21-07.27.39:646][  0]LogConfig: Setting CVar [[r.DepthOfFieldQuality:2]]
[2026.05.21-07.27.39:646][  0]LogConfig: Setting CVar [[r.RenderTargetPoolMin:400]]
[2026.05.21-07.27.39:646][  0]LogConfig: Setting CVar [[r.LensFlareQuality:2]]
[2026.05.21-07.27.39:646][  0]LogConfig: Setting CVar [[r.SceneColorFringeQuality:1]]
[2026.05.21-07.27.39:646][  0]LogConfig: Setting CVar [[r.EyeAdaptationQuality:2]]
[2026.05.21-07.27.39:646][  0]LogConfig: Setting CVar [[r.BloomQuality:5]]
[2026.05.21-07.27.39:646][  0]LogConfig: Setting CVar [[r.FastBlurThreshold:100]]
[2026.05.21-07.27.39:646][  0]LogConfig: Setting CVar [[r.Upscale.Quality:3]]
[2026.05.21-07.27.39:646][  0]LogConfig: Setting CVar [[r.Tonemapper.GrainQuantization:1]]
[2026.05.21-07.27.39:646][  0]LogConfig: Setting CVar [[r.LightShaftQuality:1]]
[2026.05.21-07.27.39:646][  0]LogConfig: Setting CVar [[r.Filter.SizeScale:1]]
[2026.05.21-07.27.39:646][  0]LogConfig: Setting CVar [[r.Tonemapper.Quality:5]]
[2026.05.21-07.27.39:646][  0]LogConfig: Setting CVar [[r.DOF.Gather.AccumulatorQuality:1        ; higher gathering accumulator quality]]
[2026.05.21-07.27.39:646][  0]LogConfig: Setting CVar [[r.DOF.Gather.PostfilterMethod:1          ; Median3x3 postfilering method]]
[2026.05.21-07.27.39:646][  0]LogConfig: Setting CVar [[r.DOF.Gather.EnableBokehSettings:0       ; no bokeh simulation when gathering]]
[2026.05.21-07.27.39:646][  0]LogConfig: Setting CVar [[r.DOF.Gather.RingCount:4                 ; medium number of samples when gathering]]
[2026.05.21-07.27.39:646][  0]LogConfig: Setting CVar [[r.DOF.Scatter.ForegroundCompositing:1    ; additive foreground scattering]]
[2026.05.21-07.27.39:646][  0]LogConfig: Setting CVar [[r.DOF.Scatter.BackgroundCompositing:2    ; additive background scattering]]
[2026.05.21-07.27.39:646][  0]LogConfig: Setting CVar [[r.DOF.Scatter.EnableBokehSettings:1      ; bokeh simulation when scattering]]
[2026.05.21-07.27.39:646][  0]LogConfig: Setting CVar [[r.DOF.Scatter.MaxSpriteRatio:0.1         ; only a maximum of 10% of scattered bokeh]]
[2026.05.21-07.27.39:646][  0]LogConfig: Setting CVar [[r.DOF.Recombine.Quality:1                ; cheap slight out of focus]]
[2026.05.21-07.27.39:646][  0]LogConfig: Setting CVar [[r.DOF.Recombine.EnableBokehSettings:0    ; no bokeh simulation on slight out of focus]]
[2026.05.21-07.27.39:646][  0]LogConfig: Setting CVar [[r.DOF.TemporalAAQuality:1                ; more stable temporal accumulation]]
[2026.05.21-07.27.39:646][  0]LogConfig: Setting CVar [[r.DOF.Kernel.MaxForegroundRadius:0.025]]
[2026.05.21-07.27.39:646][  0]LogConfig: Setting CVar [[r.DOF.Kernel.MaxBackgroundRadius:0.025]]
[2026.05.21-07.27.39:646][  0]LogConfig: Applying CVar settings from Section [TextureQuality@3] File [C:/UEProject/UnrealLearn/AdvancedLocomotionSystemV/Saved/Config/Windows/Scalability.ini]
[2026.05.21-07.27.39:646][  0]LogConfig: Setting CVar [[r.Streaming.MipBias:0]]
[2026.05.21-07.27.39:646][  0]LogConfig: Setting CVar [[r.Streaming.AmortizeCPUToGPUCopy:0]]
[2026.05.21-07.27.39:646][  0]LogConfig: Setting CVar [[r.Streaming.MaxNumTexturesToStreamPerFrame:0]]
[2026.05.21-07.27.39:646][  0]LogConfig: Setting CVar [[r.Streaming.Boost:1]]
[2026.05.21-07.27.39:646][  0]LogConfig: Setting CVar [[r.MaxAnisotropy:8]]
[2026.05.21-07.27.39:646][  0]LogConfig: Setting CVar [[r.VT.MaxAnisotropy:8]]
[2026.05.21-07.27.39:646][  0]LogConfig: Setting CVar [[r.Streaming.LimitPoolSizeToVRAM:0]]
[2026.05.21-07.27.39:646][  0]LogConfig: Setting CVar [[r.Streaming.PoolSize:1000]]
[2026.05.21-07.27.39:646][  0]LogConfig: Setting CVar [[r.Streaming.MaxEffectiveScreenSize:0]]
[2026.05.21-07.27.39:646][  0]LogConfig: Applying CVar settings from Section [EffectsQuality@3] File [C:/UEProject/UnrealLearn/AdvancedLocomotionSystemV/Saved/Config/Windows/Scalability.ini]
[2026.05.21-07.27.39:646][  0]LogConfig: Setting CVar [[r.TranslucencyLightingVolumeDim:64]]
[2026.05.21-07.27.39:646][  0]LogConfig: Setting CVar [[r.RefractionQuality:2]]
[2026.05.21-07.27.39:646][  0]LogConfig: Setting CVar [[r.SSR.Quality:3]]
[2026.05.21-07.27.39:646][  0]LogConfig: Setting CVar [[r.SSR.HalfResSceneColor:0]]
[2026.05.21-07.27.39:646][  0]LogConfig: Setting CVar [[r.SceneColorFormat:4]]
[2026.05.21-07.27.39:646][  0]LogConfig: Setting CVar [[r.DetailMode:2]]
[2026.05.21-07.27.39:646][  0]LogConfig: Setting CVar [[r.TranslucencyVolumeBlur:1]]
[2026.05.21-07.27.39:646][  0]LogConfig: Setting CVar [[r.MaterialQualityLevel:1 ; High quality]]
[2026.05.21-07.27.39:646][  0]LogConfig: Setting CVar [[r.AnisotropicMaterials:1]]
[2026.05.21-07.27.39:646][  0]LogConfig: Setting CVar [[r.SSS.Scale:1]]
[2026.05.21-07.27.39:646][  0]LogConfig: Setting CVar [[r.SSS.SampleSet:2]]
[2026.05.21-07.27.39:646][  0]LogConfig: Setting CVar [[r.SSS.Quality:1]]
[2026.05.21-07.27.39:646][  0]LogConfig: Setting CVar [[r.SSS.HalfRes:0]]
[2026.05.21-07.27.39:646][  0]LogConfig: Setting CVar [[r.SSGI.Quality:3]]
[2026.05.21-07.27.39:646][  0]LogConfig: Setting CVar [[r.EmitterSpawnRateScale:1.0]]
[2026.05.21-07.27.39:646][  0]LogConfig: Setting CVar [[r.ParticleLightQuality:2]]
[2026.05.21-07.27.39:646][  0]LogConfig: Setting CVar [[r.SkyAtmosphere.AerialPerspectiveLUT.FastApplyOnOpaque:1 ; Always have FastSkyLUT 1 in this case to avoid wrong sky]]
[2026.05.21-07.27.39:646][  0]LogConfig: Setting CVar [[r.SkyAtmosphere.AerialPerspectiveLUT.SampleCountMaxPerSlice:4]]
[2026.05.21-07.27.39:646][  0]LogConfig: Setting CVar [[r.SkyAtmosphere.AerialPerspectiveLUT.DepthResolution:16.0]]
[2026.05.21-07.27.39:646][  0]LogConfig: Setting CVar [[r.SkyAtmosphere.FastSkyLUT:1]]
[2026.05.21-07.27.39:646][  0]LogConfig: Setting CVar [[r.SkyAtmosphere.FastSkyLUT.SampleCountMin:4.0]]
[2026.05.21-07.27.39:646][  0]LogConfig: Setting CVar [[r.SkyAtmosphere.FastSkyLUT.SampleCountMax:128.0]]
[2026.05.21-07.27.39:646][  0]LogConfig: Setting CVar [[r.SkyAtmosphere.SampleCountMin:4.0]]
[2026.05.21-07.27.39:646][  0]LogConfig: Setting CVar [[r.SkyAtmosphere.SampleCountMax:128.0]]
[2026.05.21-07.27.39:646][  0]LogConfig: Setting CVar [[r.SkyAtmosphere.TransmittanceLUT.UseSmallFormat:0]]
[2026.05.21-07.27.39:646][  0]LogConfig: Setting CVar [[r.SkyAtmosphere.TransmittanceLUT.SampleCount:10.0]]
[2026.05.21-07.27.39:646][  0]LogConfig: Setting CVar [[r.SkyAtmosphere.MultiScatteringLUT.SampleCount:15.0]]
[2026.05.21-07.27.39:646][  0]LogConfig: Setting CVar [[r.SkyLight.RealTimeReflectionCapture:1]]
[2026.05.21-07.27.39:646][  0]LogConfig: Applying CVar settings from Section [FoliageQuality@3] File [C:/UEProject/UnrealLearn/AdvancedLocomotionSystemV/Saved/Config/Windows/Scalability.ini]
[2026.05.21-07.27.39:646][  0]LogConfig: Setting CVar [[foliage.DensityScale:1.0]]
[2026.05.21-07.27.39:646][  0]LogConfig: Setting CVar [[grass.DensityScale:1.0]]
[2026.05.21-07.27.39:646][  0]LogConfig: Applying CVar settings from Section [ShadingQuality@3] File [C:/UEProject/UnrealLearn/AdvancedLocomotionSystemV/Saved/Config/Windows/Scalability.ini]
[2026.05.21-07.27.39:646][  0]LogConfig: Setting CVar [[r.HairStrands.SkyLighting.IntegrationType:2]]
[2026.05.21-07.27.39:646][  0]LogConfig: Setting CVar [[r.HairStrands.SkyAO.SampleCount:4]]
[2026.05.21-07.27.39:646][  0]LogConfig: Setting CVar [[r.HairStrands.Visibility.MSAA.SamplePerPixel:4]]
[2026.05.21-07.27.39:646][  0]LogConfig: Applying CVar settings from Section [Startup] File [../../../Engine/Config/ConsoleVariables.ini]
[2026.05.21-07.27.39:647][  0]LogConfig: Setting CVar [[net.UseAdaptiveNetUpdateFrequency:0]]
[2026.05.21-07.27.39:647][  0]LogConfig: Setting CVar [[p.chaos.AllowCreatePhysxBodies:1]]
[2026.05.21-07.27.39:647][  0]LogConfig: Setting CVar [[fx.SkipVectorVMBackendOptimizations:1]]
[2026.05.21-07.27.39:647][  0]LogConfig: Applying CVar settings from Section [ConsoleVariables] File [C:/UEProject/UnrealLearn/AdvancedLocomotionSystemV/Saved/Config/Windows/Engine.ini]
[2026.05.21-07.27.39:647][  0]LogConfig: Applying CVar settings from Section [ConsoleVariables] File [C:/UEProject/UnrealLearn/AdvancedLocomotionSystemV/Saved/Config/Windows/Editor.ini]
[2026.05.21-07.27.39:647][  0]LogInit: Computer: MANKA-D-D-6017
[2026.05.21-07.27.39:647][  0]LogInit: User: LiamChen
[2026.05.21-07.27.39:647][  0]LogInit: CPU Page size=4096, Cores=16
[2026.05.21-07.27.39:647][  0]LogInit: High frequency timer resolution =10.000000 MHz
[2026.05.21-07.27.39:647][  0]LogMemory: Memory total: Physical=13.7GB (14GB approx)
[2026.05.21-07.27.39:647][  0]LogMemory: Platform Memory Stats for Windows
[2026.05.21-07.27.39:647][  0]LogMemory: Process Physical Memory: 159.63 MB used, 159.63 MB peak
[2026.05.21-07.27.39:647][  0]LogMemory: Process Virtual Memory: 136.84 MB used, 136.84 MB peak
[2026.05.21-07.27.39:647][  0]LogMemory: Physical Memory: 8950.86 MB used,  5035.58 MB free, 13986.44 MB total
[2026.05.21-07.27.39:647][  0]LogMemory: Virtual Memory: 134204800.00 MB used,  12927.85 MB free, 134217728.00 MB total
[2026.05.21-07.27.39:651][  0]LogWindows: WindowsPlatformFeatures enabled
[2026.05.21-07.27.39:667][  0]LogInit: Physics initialised using underlying interface: PhysX
[2026.05.21-07.27.39:668][  0]LogInit: Overriding language with editor language configuration option (en).
[2026.05.21-07.27.39:668][  0]LogInit: Overriding language with editor locale configuration option (en).
[2026.05.21-07.27.39:788][  0]LogInit: Setting process to per monitor DPI aware
[2026.05.21-07.27.39:801][  0]LogWindowsTextInputMethodSystem: Display: IME system deactivated.
[2026.05.21-07.27.39:810][  0]LogSlate: New Slate User Created.  User Index 0, Is Virtual User: 0
[2026.05.21-07.27.39:810][  0]LogSlate: Slate User Registered.  User Index 0, Is Virtual User: 0
[2026.05.21-07.27.39:868][  0]LogD3D11RHI: Loaded GFSDK_Aftermath_Lib.x64.dll
[2026.05.21-07.27.39:876][  0]LogHMD: Failed to initialize OpenVR with code 110
[2026.05.21-07.27.39:876][  0]LogD3D11RHI: D3D11 min allowed feature level: 11_0
[2026.05.21-07.27.39:876][  0]LogD3D11RHI: D3D11 max allowed feature level: 11_0
[2026.05.21-07.27.39:876][  0]LogD3D11RHI: D3D11 adapters:
[2026.05.21-07.27.40:013][  0]LogD3D11RHI:    0. 'NVIDIA GeForce RTX 4070' (Feature Level 11_0)
[2026.05.21-07.27.40:013][  0]LogD3D11RHI:       12012/0/6993 MB DedicatedVideo/DedicatedSystem/SharedSystem, Outputs:1, VendorId:0x10de
[2026.05.21-07.27.40:036][  0]LogD3D11RHI:    1. 'Intel(R) UHD Graphics 770' (Feature Level 11_0)
[2026.05.21-07.27.40:036][  0]LogD3D11RHI:       2048/0/6993 MB DedicatedVideo/DedicatedSystem/SharedSystem, Outputs:1, VendorId:0x8086
[2026.05.21-07.27.40:038][  0]LogD3D11RHI:    2. 'Microsoft Basic Render Driver' (Feature Level 11_0)
[2026.05.21-07.27.40:038][  0]LogD3D11RHI:       0/0/6993 MB DedicatedVideo/DedicatedSystem/SharedSystem, Outputs:0, VendorId:0x1414
[2026.05.21-07.27.40:038][  0]LogD3D11RHI: Chosen D3D11 Adapter:
[2026.05.21-07.27.40:038][  0]LogD3D11RHI:     Description : NVIDIA GeForce RTX 4070
[2026.05.21-07.27.40:038][  0]LogD3D11RHI:     VendorId    : 10de
[2026.05.21-07.27.40:038][  0]LogD3D11RHI:     DeviceId    : 2786
[2026.05.21-07.27.40:038][  0]LogD3D11RHI:     SubSysId    : 513a1028
[2026.05.21-07.27.40:038][  0]LogD3D11RHI:     Revision    : 00a1
[2026.05.21-07.27.40:038][  0]LogD3D11RHI:     DedicatedVideoMemory : 12595494912 bytes
[2026.05.21-07.27.40:038][  0]LogD3D11RHI:     DedicatedSystemMemory : 0 bytes
[2026.05.21-07.27.40:038][  0]LogD3D11RHI:     SharedSystemMemory : 7332921344 bytes
[2026.05.21-07.27.40:038][  0]LogD3D11RHI:     AdapterLuid : 0 58581
[2026.05.21-07.27.40:045][  0]LogD3D11RHI: Creating new Direct3DDevice
[2026.05.21-07.27.40:045][  0]LogD3D11RHI:     GPU DeviceId: 0x2786 (for the marketing name, search the web for "GPU Device Id")
[2026.05.21-07.27.40:045][  0]LogWindows: EnumDisplayDevices:
[2026.05.21-07.27.40:045][  0]LogWindows:    0. 'Intel(R) UHD Graphics 770' (P:0 D:1)
[2026.05.21-07.27.40:045][  0]LogWindows:    1. 'Intel(R) UHD Graphics 770' (P:0 D:0)
[2026.05.21-07.27.40:045][  0]LogWindows:    2. 'Intel(R) UHD Graphics 770' (P:0 D:0)
[2026.05.21-07.27.40:045][  0]LogWindows:    3. 'Intel(R) UHD Graphics 770' (P:0 D:0)
[2026.05.21-07.27.40:045][  0]LogWindows:    4. 'NVIDIA GeForce RTX 4070' (P:1 D:1)
[2026.05.21-07.27.40:045][  0]LogWindows:    5. 'NVIDIA GeForce RTX 4070' (P:0 D:0)
[2026.05.21-07.27.40:045][  0]LogWindows:    6. 'NVIDIA GeForce RTX 4070' (P:0 D:0)
[2026.05.21-07.27.40:046][  0]LogWindows:    7. 'NVIDIA GeForce RTX 4070' (P:0 D:0)
[2026.05.21-07.27.40:046][  0]LogWindows: DebugString: PrimaryIsNotTheChoosenAdapter PrimaryIsNotTheChoosenAdapter PrimaryIsNotTheChoosenAdapter PrimaryIsNotTheChoosenAdapter FoundDriverCount:4 
[2026.05.21-07.27.40:046][  0]LogD3D11RHI:     Adapter Name: NVIDIA GeForce RTX 4070
[2026.05.21-07.27.40:046][  0]LogD3D11RHI:   Driver Version: 581.95 (internal:32.0.15.8195, unified:581.95)
[2026.05.21-07.27.40:046][  0]LogD3D11RHI:      Driver Date: 11-18-2025
[2026.05.21-07.27.40:046][  0]LogRHI: Texture pool is 8408 MB (70% of 12012 MB)
[2026.05.21-07.27.40:046][  0]LogD3D11RHI: Creating D3DDevice using adapter:
[2026.05.21-07.27.40:046][  0]LogD3D11RHI:     Description : NVIDIA GeForce RTX 4070
[2026.05.21-07.27.40:046][  0]LogD3D11RHI:     VendorId    : 10de
[2026.05.21-07.27.40:046][  0]LogD3D11RHI:     DeviceId    : 2786
[2026.05.21-07.27.40:046][  0]LogD3D11RHI:     SubSysId    : 513a1028
[2026.05.21-07.27.40:046][  0]LogD3D11RHI:     Revision    : 00a1
[2026.05.21-07.27.40:046][  0]LogD3D11RHI:     DedicatedVideoMemory : 12595494912 bytes
[2026.05.21-07.27.40:046][  0]LogD3D11RHI:     DedicatedSystemMemory : 0 bytes
[2026.05.21-07.27.40:046][  0]LogD3D11RHI:     SharedSystemMemory : 7332921344 bytes
[2026.05.21-07.27.40:046][  0]LogD3D11RHI:     AdapterLuid : 0 58581
[2026.05.21-07.27.40:153][  0]LogD3D11RHI: RHI has support for 64 bit atomics
[2026.05.21-07.27.40:153][  0]LogD3D11RHI: Async texture creation enabled
[2026.05.21-07.27.40:153][  0]LogD3D11RHI: Array index from any shader is supported
[2026.05.21-07.27.40:154][  0]LogD3D11RHI: HDR output is supported on display 0 (NvId: 0x80061083).
[2026.05.21-07.27.40:171][  0]LogD3D11RHI: GPU Timing Frequency: 1000.000000 (Debug: 2 2)
[2026.05.21-07.27.40:189][  0]LogRHI: GeForceNow SDK initialized: 1
[2026.05.21-07.27.40:374][  0]LogTargetPlatformManager: Display: Loaded TargetPlatform 'AllDesktop'
[2026.05.21-07.27.40:388][  0]LogTargetPlatformManager: Display: Loaded TargetPlatform 'Android'
[2026.05.21-07.27.40:388][  0]LogTargetPlatformManager: Display: Loaded TargetPlatform 'Android_ASTC'
[2026.05.21-07.27.40:388][  0]LogTargetPlatformManager: Display: Loaded TargetPlatform 'Android_DXT'
[2026.05.21-07.27.40:388][  0]LogTargetPlatformManager: Display: Loaded TargetPlatform 'Android_ETC2'
[2026.05.21-07.27.40:388][  0]LogTargetPlatformManager: Display: Loaded TargetPlatform 'AndroidClient'
[2026.05.21-07.27.40:388][  0]LogTargetPlatformManager: Display: Loaded TargetPlatform 'Android_ASTCClient'
[2026.05.21-07.27.40:388][  0]LogTargetPlatformManager: Display: Loaded TargetPlatform 'Android_DXTClient'
[2026.05.21-07.27.40:388][  0]LogTargetPlatformManager: Display: Loaded TargetPlatform 'Android_ETC2Client'
[2026.05.21-07.27.40:388][  0]LogTargetPlatformManager: Display: Loaded TargetPlatform 'Android_Multi'
[2026.05.21-07.27.40:388][  0]LogTargetPlatformManager: Display: Loaded TargetPlatform 'Android_MultiClient'
[2026.05.21-07.27.40:401][  0]LogTargetPlatformManager: Display: Loaded TargetPlatform 'IOSClient'
[2026.05.21-07.27.40:401][  0]LogTargetPlatformManager: Display: Loaded TargetPlatform 'IOS'
[2026.05.21-07.27.40:408][  0]LogTargetPlatformManager: Display: Loaded TargetPlatform 'Linux'
[2026.05.21-07.27.40:411][  0]LogTargetPlatformManager: Display: Loaded TargetPlatform 'LinuxNoEditor'
[2026.05.21-07.27.40:415][  0]LogTargetPlatformManager: Display: Loaded TargetPlatform 'LinuxClient'
[2026.05.21-07.27.40:418][  0]LogTargetPlatformManager: Display: Loaded TargetPlatform 'LinuxServer'
[2026.05.21-07.27.40:424][  0]LogTargetPlatformManager: Display: Loaded TargetPlatform 'LinuxAArch64NoEditor'
[2026.05.21-07.27.40:427][  0]LogTargetPlatformManager: Display: Loaded TargetPlatform 'LinuxAArch64Client'
[2026.05.21-07.27.40:430][  0]LogTargetPlatformManager: Display: Loaded TargetPlatform 'LinuxAArch64Server'
[2026.05.21-07.27.40:444][  0]LogTargetPlatformManager: Display: Loaded TargetPlatform 'Lumin'
[2026.05.21-07.27.40:444][  0]LogTargetPlatformManager: Display: Loaded TargetPlatform 'LuminClient'
[2026.05.21-07.27.40:449][  0]LogTargetPlatformManager: Display: Loaded TargetPlatform 'MacNoEditor'
[2026.05.21-07.27.40:453][  0]LogTargetPlatformManager: Display: Loaded TargetPlatform 'Mac'
[2026.05.21-07.27.40:456][  0]LogTargetPlatformManager: Display: Loaded TargetPlatform 'MacClient'
[2026.05.21-07.27.40:460][  0]LogTargetPlatformManager: Display: Loaded TargetPlatform 'MacServer'
[2026.05.21-07.27.40:466][  0]LogTargetPlatformManager: Display: Loaded TargetPlatform 'TVOSClient'
[2026.05.21-07.27.40:466][  0]LogTargetPlatformManager: Display: Loaded TargetPlatform 'TVOS'
[2026.05.21-07.27.40:472][  0]LogTargetPlatformManager: Display: Loaded TargetPlatform 'WindowsNoEditor'
[2026.05.21-07.27.40:476][  0]LogTargetPlatformManager: Display: Loaded TargetPlatform 'Windows'
[2026.05.21-07.27.40:479][  0]LogTargetPlatformManager: Display: Loaded TargetPlatform 'WindowsClient'
[2026.05.21-07.27.40:482][  0]LogTargetPlatformManager: Display: Loaded TargetPlatform 'WindowsServer'
[2026.05.21-07.27.40:482][  0]LogTargetPlatformManager: Display: Building Assets For Windows
[2026.05.21-07.27.40:488][  0]LogAudioDebug: Display: Lib vorbis DLL was dynamically loaded.
[2026.05.21-07.27.40:512][  0]LogTextureFormatOodle: Display: Oodle Texture 2.9.0 init RDO Off
[2026.05.21-07.27.40:538][  0]LogRendererCore: Ray tracing is disabled. Reason: r.RayTracing=0.
[2026.05.21-07.27.40:538][  0]LogShaderCompilers: Guid format shader working directory is -17 characters bigger than the processId version (../../../../../../UEProject/UnrealLearn/AdvancedLocomotionSystemV/Intermediate/Shaders/WorkingDirectory/15348/).
[2026.05.21-07.27.40:538][  0]LogShaderCompilers: Cleaned the shader compiler working directory 'C:/Users/LiamChen/AppData/Local/Temp/UnrealShaderWorkingDir/EC386E2B406E9ECFE97F3FB0A4E19A0F/'.
[2026.05.21-07.27.40:539][  0]LogXGEController: Cannot use XGE Controller as Incredibuild is not installed on this machine.
[2026.05.21-07.27.40:539][  0]LogShaderCompilers: Cannot use XGE Shader Compiler as Incredibuild is not installed on this machine.
[2026.05.21-07.27.40:539][  0]LogShaderCompilers: Display: Using Local Shader Compiler.
[2026.05.21-07.27.41:006][  0]LogDerivedDataCache: Display: Max Cache Size: 512 MB
[2026.05.21-07.27.41:050][  0]LogDerivedDataCache: Loaded boot cache 0.04s 94MB C:/Users/LiamChen/AppData/Local/UnrealEngine/4.27/DerivedDataCache/Boot.ddc.
[2026.05.21-07.27.41:050][  0]LogDerivedDataCache: Display: Loaded Boot cache: C:/Users/LiamChen/AppData/Local/UnrealEngine/4.27/DerivedDataCache/Boot.ddc
[2026.05.21-07.27.41:050][  0]LogDerivedDataCache: FDerivedDataBackendGraph:  Pak pak cache file ../../../../../../UEProject/UnrealLearn/AdvancedLocomotionSystemV/DerivedDataCache/DDC.ddp not found, will not use a pak cache.
[2026.05.21-07.27.41:050][  0]LogDerivedDataCache: Unable to find inner node Pak for hierarchical cache Hierarchy.
[2026.05.21-07.27.41:050][  0]LogDerivedDataCache: FDerivedDataBackendGraph:  CompressedPak pak cache file ../../../../../../UEProject/UnrealLearn/AdvancedLocomotionSystemV/DerivedDataCache/Compressed.ddp not found, will not use a pak cache.
[2026.05.21-07.27.41:050][  0]LogDerivedDataCache: Unable to find inner node CompressedPak for hierarchical cache Hierarchy.
[2026.05.21-07.27.41:061][  0]LogDerivedDataCache: Display: Pak cache opened for reading ../../../Engine/DerivedDataCache/Compressed.ddp.
[2026.05.21-07.27.41:062][  0]LogDerivedDataCache: FDerivedDataBackendGraph:  EnterprisePak pak cache file ../../../Enterprise/DerivedDataCache/Compressed.ddp not found, will not use a pak cache.
[2026.05.21-07.27.41:062][  0]LogDerivedDataCache: Unable to find inner node EnterprisePak for hierarchical cache Hierarchy.
[2026.05.21-07.27.41:065][  0]LogDerivedDataCache: Speed tests for C:/Users/LiamChen/AppData/Local/UnrealEngine/Common/DerivedDataCache took 0.00 seconds
[2026.05.21-07.27.41:065][  0]LogDerivedDataCache: Display: Performance to C:/Users/LiamChen/AppData/Local/UnrealEngine/Common/DerivedDataCache: Latency=0.01ms. RandomReadSpeed=2184.42MBs, RandomWriteSpeed=296.81MBs. Assigned SpeedClass 'Local'
[2026.05.21-07.27.41:066][  0]LogDerivedDataCache: Using Local data cache path C:/Users/LiamChen/AppData/Local/UnrealEngine/Common/DerivedDataCache: Writable
[2026.05.21-07.27.41:066][  0]LogDerivedDataCache: Shared data cache path not found in *engine.ini, will not use an Shared cache.
[2026.05.21-07.27.41:066][  0]LogDerivedDataCache: Unable to find inner node Shared for hierarchical cache Hierarchy.
[2026.05.21-07.27.41:094][  0]LogSlate: Using FreeType 2.10.0
[2026.05.21-07.27.41:094][  0]LogSlate: SlateFontServices - WITH_FREETYPE: 1, WITH_HARFBUZZ: 1
[2026.05.21-07.27.41:112][  0]LogAssetRegistry: FAssetRegistry took 0.0018 seconds to start up
[2026.05.21-07.27.41:209][  0]LogCollisionProfile: Warning: Profile (Pawn) - Custom Channel Name = 'Grabbable' hasn't been found
[2026.05.21-07.27.41:209][  0]LogCollisionProfile: Warning: Profile (Spectator) - Custom Channel Name = 'Grabbable' hasn't been found
[2026.05.21-07.27.41:209][  0]LogCollisionProfile: Warning: Profile (CharacterMesh) - Custom Channel Name = 'Grabbable' hasn't been found
[2026.05.21-07.27.41:209][  0]LogCollisionProfile: Warning: Profile (InvisibleWall) - Custom Channel Name = 'Grabbable' hasn't been found
[2026.05.21-07.27.41:209][  0]LogCollisionProfile: Warning: Profile (InvisibleWallDynamic) - Custom Channel Name = 'Grabbable' hasn't been found
[2026.05.21-07.27.41:209][  0]LogCollisionProfile: Warning: Profile (Trigger) - Custom Channel Name = 'Grabbable' hasn't been found
[2026.05.21-07.27.41:209][  0]LogCollisionProfile: Warning: Profile (Ragdoll) - Custom Channel Name = 'Grabbable' hasn't been found
[2026.05.21-07.27.41:209][  0]LogCollisionProfile: Warning: Profile (UI) - Custom Channel Name = 'Grabbable' hasn't been found
[2026.05.21-07.27.41:209][  0]LogCollisionProfile: Warning: Profile (ALS_Character) - Custom Channel Name = 'Grabbable' hasn't been found
[2026.05.21-07.27.41:209][  0]LogCollisionProfile: Warning: Profile (ALS_Prop) - Custom Channel Name = 'Grabbable' hasn't been found
[2026.05.21-07.27.41:244][  0]LogInit: Selected Device Profile: [Windows]
[2026.05.21-07.27.41:244][  0]LogInit: Active device profile: [0000029EB5180700][0000029EA95805C0 49] Windows
[2026.05.21-07.27.41:244][  0]LogInit: Profiles: [0000029EB5180700][0000029EA95805C0 49] Windows, [0000029EB5153700][0000029EB2A20740 49] WindowsNoEditor, [0000029EB5183300][0000029EB2A1C880 49] WindowsServer, [0000029EB5150F00][0000029EB2A249C0 49] WindowsClient, [0000029EB5183500][0000029EB2A28B00 49] IOS, [0000029EB516FF00][0000029EB4D0CC80 49] iPadAir, [0000029EB5153B00][0000029EB4D10E00 49] iPadAir2, [0000029EB50EC500][0000029EB4D190C0 49] IPadPro, [0000029EB50EC600][0000029EB4D15100 49] iPadAir3, [0000029EB516C100][0000029EB4D1D280 49] iPadAir4, [0000029EB50EEC00][0000029EB4D21400 49] iPadMini2, [0000029EB516E500][0000029EB4D25580 49] iPadMini3, [0000029EB50EF400][0000029EB4D29700 49] iPadMini4, [0000029EB516CF00][0000029EB4D2D880 49] iPadMini5, [0000029EB50E7E00][0000029EB4D35B40 49] iPhone6, [0000029EB50E7F00][0000029EB4D31B80 49] iPodTouch6, [0000029EB5183900][0000029EB4D3C2C0 49] iPhone7, [0000029EB5182100][0000029EB4D38300 49] iPodTouch7, [0000029EB50E4400][0000029EB4D40480 49] iPhone5S, [0000029EB50EFD00][0000029EB4D44600 49] iPhone6Plus, [0000029EB5183400][0000029EB4D48780 49] iPhone6S, [0000029EB50EE000][0000029EB4D4C900 49] iPhone6SPlus, [0000029EB5180900][0000029EB2A2CA40 49] iPhone7Plus, [0000029EB50ECE00][0000029EB4D50B80 49] iPhoneSE, [0000029EB5183100][0000029EB4D54CC0 49] iPhone8, [0000029EB50EE400][0000029EB4D5CE40 49] iPhone8Plus, [0000029EB5183A00][0000029EB4D60FC0 49] iPhoneX, [0000029EB50EFE00][0000029EB4D65140 49] iPhoneXS, [0000029EB5181500][0000029EB4D692C0 49] iPhoneXSMax, [0000029EB50EE500][0000029EB4D6D440 49] iPhoneXR, [0000029EB5182A00][0000029EB4D715C0 49] iPhone11, [0000029EB50EFA00][0000029EB4D75740 49] iPhone11Pro, [0000029EB5180F00][0000029EB4D798C0 49] iPhone11ProMax, [0000029EB50EE300][0000029EB4D7DA40 49] iPhoneSE2, [0000029EB5181700][0000029EB4D81BC0 49] iPhone12Mini, [0000029EB50EC700][0000029EB4D841C0 49] iPhone12, [0000029EB5180300][0000029EB4D88340 49] iPhone12Pro, [0000029EB50EF500][0000029EB4D8C4C0 49] iPhone12ProMax, [0000029EB5180B00][0000029EB4D90640 49] iPadPro105, [0000029EB50EDB00][0000029EB4D947C0 49] iPadPro129, [0000029EB5180200][0000029EB4D98940 49] iPadPro97, [0000029EB50EE100][0000029EB4D9CAC0 49] iPadPro2_129, [0000029EB5180D00][0000029EB4D58C00 49] iPad5, [0000029EB50EF000][0000029EB4DA0D40 49] iPad6, [0000029EB5182C00][0000029EB4DA4E80 49] iPad7, [0000029EB50EEE00][0000029EB4DA8FC0 49] iPad8, [0000029EB5181900][0000029EB4DB1140 49] iPadPro11, [0000029EB50EFF00][0000029EB4DB52C0 49] iPadPro2_11, [0000029EB5181600][0000029EB4DB9440 49] iPadPro3_129, [0000029EB50EE700][0000029EB4DBD5C0 49] iPadPro4_129, [0000029EB5182600][0000029EB4DC1740 49] AppleTV, [0000029EB50EEB00][0000029EB4DC58C0 49] AppleTV4K, [0000029EB5181B00][0000029EB4DC9A40 49] TVOS, [0000029EB50EC900][0000029EB4DCDBC0 49] Mac, [0000029EB5182700][0000029EB4DD01C0 49] MacClient, [0000029EB50EEF00][0000029EB4DD4340 49] MacNoEditor, [0000029EB5183B00][0000029EB4DD84C0 49] MacServer, [0000029EB50EC400][0000029EB4DDC640 49] Linux, [0000029EB5182E00][0000029EB4DE07C0 49] LinuxAArch64, [0000029EB50ED500][0000029EB4DE4940 49] LinuxNoEditor, [0000029EB5182B00][0000029EB4DE8AC0 49] LinuxAArch64NoEditor, [0000029EB50EF600][0000029EB4DECC40 49] LinuxClient, [0000029EB5182D00][0000029EB4DACD80 49] LinuxAArch64Client, [0000029EB50ECB00][0000029EB4DF0EC0 49] LinuxServer, [0000029EB5180400][0000029EB4DF5000 49] LinuxAArch64Server, [0000029EB50EFC00][0000029EB4DF9140 49] Android, [0000029EB516FA00][0000029EB4E012C0 49] Android_Low, [0000029EB50E5B00][0000029EB4E05440 49] Android_Mid, [0000029EB516F000][0000029EB4E095C0 49] Android_High, [0000029EB50E6300][0000029EB4E0D740 49] Android_Default, [0000029EB516E000][0000029EB4E118C0 49] Android_Adreno4xx, [0000029EB50E4100][0000029EB4E15A40 49] Android_Adreno5xx_Low, [0000029EB516CB00][0000029EB4E19BC0 49] Android_Adreno5xx, [0000029EB50E5800][0000029EB4E1C1C0 49] Android_Adreno6xx, [0000029EB516D100][0000029EB4E20340 49] Android_Adreno6xx_Vulkan, [0000029EB50E4800][0000029EB4E244C0 49] Android_Mali_T6xx, [0000029EB516F600][0000029EB4E2C640 49] Android_Mali_T7xx, [0000029EB50E4D00][0000029EB5EC87C0 49] Android_Mali_T8xx, [0000029EB516FC00][0000029EA99E8940 49] Android_Mali_G71, [0000029EB50E5500][0000029EB118EAC0 49] Android_Mali_G72, [0000029EB516FE00][0000029EA9A24C40 49] Android_Mali_G72_Vulkan, [0000029EB50E7D00][0000029EA9F2EDC0 49] Android_Mali_G76, [0000029EB516F900][0000029EA9A5CF40 49] Android_Mali_G76_Vulkan, [0000029EB50E7600][0000029EB4DFD080 49] Android_Mali_G77, [0000029EB516E200][0000029EA9A611C0 49] Android_Mali_G77_Vulkan, [0000029EB50E7800][0000029EA9A69300 49] Android_Mali_G78, [0000029EB516CA00][0000029EB2641480 49] Android_Mali_G78_Vulkan, [0000029EB50E7400][0000029EB5E55600 49] Android_Mali_G710, [0000029EB516D400][0000029EB5E61780 49] Android_Mali_G710_Vulkan, [0000029EB50E4600][0000029EB5E65900 49] Android_Vulkan_SM5, [0000029EB516E400][0000029EB5E69A80 49] Android_PowerVR_G6xxx, [0000029EB50E4E00][0000029EB5E93C00 49] Android_PowerVR_GT7xxx, [0000029EB516C200][0000029EB5E9A200 49] Android_PowerVR_GE8xxx, [0000029EB50E4700][0000029EB5EA2380 49] Android_PowerVR_GM9xxx, [0000029EB516E100][0000029EB5EB6500 49] Android_PowerVR_GM9xxx_Vulkan, [0000029EB50EE600][0000029EB5F20680 49] Android_TegraK1, [0000029EB516EA00][0000029EB5F24800 49] Android_Unknown_Vulkan, [0000029EB50ED400][0000029EB5F28980 49] Lumin, [0000029EB516D300][0000029EB5F2CB00 49] Lumin_Desktop, [0000029EB50ECC00][0000029EB26CEC80 49] HoloLens, 
[2026.05.21-07.27.41:326][  0]LogMeshReduction: Using QuadricMeshReduction for automatic static mesh reduction
[2026.05.21-07.27.41:326][  0]LogMeshReduction: Using SimplygonMeshReduction for automatic skeletal mesh reduction
[2026.05.21-07.27.41:326][  0]LogMeshReduction: Using ProxyLODMeshReduction for automatic mesh merging
[2026.05.21-07.27.41:326][  0]LogMeshReduction: No distributed automatic mesh merging module available
[2026.05.21-07.27.41:326][  0]LogMeshMerging: No distributed automatic mesh merging module available
[2026.05.21-07.27.41:335][  0]LogNetVersion: AdvancedLocomotionSystemV 1.0.0, NetCL: 17155196, EngineNetVer: 17, GameNetVer: 0 (Checksum: 5119944)
[2026.05.21-07.27.41:561][  0]LogTexture: Default maximum texture size for cubemaps generated from long-lat sources has been changed from 512 to unlimited. In order to preserve old behaiour for '/Engine/MapTemplates/Sky/DaylightAmbientCubemap.DaylightAmbientCubemap', its maximum texture size has been explicitly set to 512.
[2026.05.21-07.27.41:598][  0]LogHMD: PokeAHoleMaterial loaded successfully
[2026.05.21-07.27.41:602][  0]LogUObjectArray: 17178 objects as part of root set at end of initial load.
[2026.05.21-07.27.41:602][  0]LogUObjectAllocator: 4302048 out of 0 bytes used by permanent object pool.
[2026.05.21-07.27.41:602][  0]LogUObjectArray: CloseDisregardForGC: 0/0 objects in disregard for GC pool
[2026.05.21-07.27.41:779][  0]LogPython: Using Python 3.7.7
[2026.05.21-07.27.42:071][  0]LogNiagaraDebuggerClient: Niagara Debugger Client Initialized | Session: 92AE3DAE4F404C476B71B99F622BF9B2 | Instance: 9AFD94184FDE99BE05B68DBEBE152FDE (MANKA-D-D-6017-15348).
[2026.05.21-07.27.42:186][  0]LogUdpMessaging: Initializing bridge on interface 0.0.0.0:0 to multicast group 230.0.0.1:6666.
[2026.05.21-07.27.42:203][  0]LogTcpMessaging: Initializing TcpMessaging bridge
[2026.05.21-07.27.42:433][  0]LogOpenImageDenoise: OIDN starting up
[2026.05.21-07.27.42:465][  0]SourceControl: Source control is disabled
[2026.05.21-07.27.42:465][  0]SourceControl: Source control is disabled
[2026.05.21-07.27.42:467][  0]SourceControl: Source control is disabled
[2026.05.21-07.27.42:469][  0]SourceControl: Source control is disabled
[2026.05.21-07.27.42:477][  0]SourceControl: Source control is disabled
[2026.05.21-07.27.42:482][  0]LogUProjectInfo: Found projects:
[2026.05.21-07.27.42:514][  0]LogAndroidPermission: UAndroidPermissionCallbackProxy::GetInstance
[2026.05.21-07.27.42:526][  0]LogAudioCaptureCore: Display: No Audio Capture implementations found. Audio input will be silent.
[2026.05.21-07.27.42:526][  0]LogAudioCaptureCore: Display: No Audio Capture implementations found. Audio input will be silent.
[2026.05.21-07.27.42:607][  0]LogCollectionManager: Loaded 0 collections in 0.001152 seconds
[2026.05.21-07.27.42:627][  0]LogFileCache: Scanning file cache for directory 'C:/UEProject/UnrealLearn/AdvancedLocomotionSystemV/Saved/Collections/' took 0.00s
[2026.05.21-07.27.42:627][  0]LogFileCache: Scanning file cache for directory 'C:/UEProject/UnrealLearn/AdvancedLocomotionSystemV/Content/Developers/LiamChen/Collections/' took 0.00s
[2026.05.21-07.27.42:627][  0]LogFileCache: Scanning file cache for directory 'C:/UEProject/UnrealLearn/AdvancedLocomotionSystemV/Content/Collections/' took 0.00s
[2026.05.21-07.27.42:627][  0]LogOcInput: OculusInput pre-init called
[2026.05.21-07.27.42:784][  0]LogEngine: Initializing Engine...
[2026.05.21-07.27.42:786][  0]LogHMD: Failed to enumerate extensions. Please check that you have a valid OpenXR runtime installed.
[2026.05.21-07.27.42:786][  0]LogHMD: Failed to initialize OpenVR with code 110
[2026.05.21-07.27.42:786][  0]LogMagicLeap: Warning: VR disabled because ZI is not enabled.  To enable, in the editor, Edit -> Project Settings -> Plugins -> Magic Leap Plugin -> Enable Zero Iteration
[2026.05.21-07.27.42:786][  0]LogStats: UGameplayTagsManager::InitializeManager -  0.000 s
[2026.05.21-07.27.42:862][  0]LogInit: Initializing FReadOnlyCVARCache
[2026.05.21-07.27.42:869][  0]LogAIModule: Creating AISystem for world Untitled
[2026.05.21-07.27.42:877][  0]LogAudio: Display: Initializing Audio Device Manager...
[2026.05.21-07.27.42:880][  0]LogAudio: Display: Loading Default Audio Settings Objects...
[2026.05.21-07.27.42:880][  0]LogAudio: Display: No default SoundConcurrencyObject specified (or failed to load).
[2026.05.21-07.27.42:881][  0]LogAudio: Display: Audio Device Manager Initialized
[2026.05.21-07.27.42:881][  0]LogAudio: Display: Creating Audio Device:                 Id: 1, Scope: Shared, Realtime: True
[2026.05.21-07.27.42:881][  0]LogAudioMixer: Display: Audio Mixer Platform Settings:
[2026.05.21-07.27.42:881][  0]LogAudioMixer: Display: 	Sample Rate:						  48000
[2026.05.21-07.27.42:881][  0]LogAudioMixer: Display: 	Callback Buffer Frame Size Requested: 1024
[2026.05.21-07.27.42:881][  0]LogAudioMixer: Display: 	Callback Buffer Frame Size To Use:	  1024
[2026.05.21-07.27.42:881][  0]LogAudioMixer: Display: 	Number of buffers to queue:			  2
[2026.05.21-07.27.42:881][  0]LogAudioMixer: Display: 	Max Channels (voices):				  32
[2026.05.21-07.27.42:881][  0]LogAudioMixer: Display: 	Number of Async Source Workers:		  0
[2026.05.21-07.27.42:881][  0]LogAudio: Display: AudioDevice MaxSources: 32
[2026.05.21-07.27.42:881][  0]LogAudio: Display: Audio Spatialization Plugin: None (built-in).
[2026.05.21-07.27.42:881][  0]LogAudio: Display: Audio Reverb Plugin: None (built-in).
[2026.05.21-07.27.42:881][  0]LogAudio: Display: Audio Occlusion Plugin: None (built-in).
[2026.05.21-07.27.42:881][  0]LogAudioMixer: Display: Initializing audio mixer.
[2026.05.21-07.27.42:890][  0]LogAudioMixer: Display: 0: FrontLeft
[2026.05.21-07.27.42:890][  0]LogAudioMixer: Display: 1: FrontRight
[2026.05.21-07.27.42:906][  0]LogAudioMixer: Display: Using Audio Device Headphones (WF-1000XM4)
[2026.05.21-07.27.42:906][  0]LogAudioMixer: Display: Initializing Sound Submixes...
[2026.05.21-07.27.42:908][  0]LogAudioMixer: Display: Creating Master Submix 'MasterSubmixDefault'
[2026.05.21-07.27.42:908][  0]LogAudioMixer: Display: Creating Master Submix 'MasterReverbSubmixDefault'
[2026.05.21-07.27.42:908][  0]LogAudioMixer: Display: Creating Master Submix 'MasterEQSubmixDefault'
[2026.05.21-07.27.42:908][  0]LogAudioMixer: FMixerPlatformXAudio2::StartAudioStream() called
[2026.05.21-07.27.42:908][  0]LogAudioMixer: Display: Output buffers initialized: Frames=1024, Channels=2, Samples=2048
[2026.05.21-07.27.42:909][  0]LogAudioMixer: Display: Starting AudioMixerPlatformInterface::RunInternal()
[2026.05.21-07.27.42:909][  0]LogAudioMixer: Display: FMixerPlatformXAudio2::SubmitBuffer() called for the first time
[2026.05.21-07.27.42:909][  0]LogInit: FAudioDevice initialized.
[2026.05.21-07.27.42:909][  0]LogAudio: Display: Audio Device (ID: 1) registered with world 'Untitled'.
[2026.05.21-07.27.42:909][  0]LogNetVersion: Set ProjectVersion to 1.0.0.0. Version Checksum will be recalculated on next use.
[2026.05.21-07.27.42:954][  0]LogDerivedDataCache: Saved boot cache 0.04s 94MB C:/Users/LiamChen/AppData/Local/UnrealEngine/4.27/DerivedDataCache/Boot.ddc.
[2026.05.21-07.27.42:955][  0]LogInit: Texture streaming: Enabled
[2026.05.21-07.27.42:967][  0]LogAnalytics: Display: [UEEditor.Rocket.Release] APIServer = https://datarouter.ol.epicgames.com/. AppVersion = 4.27.2-18319896+++UE4+Release-4.27
[2026.05.21-07.27.42:970][  0]LogEngineSessionManager: EngineSessionManager initialized
[2026.05.21-07.27.42:970][  0]LogEngineSessionManager: EngineSessionManager sent abnormal shutdown report. Type=Crashed, SessionId={50B05327-4068-EC16-ADEB-0B821F6CC5C2}
[2026.05.21-07.27.42:970][  0]LogEditorSessionSummary: Verbose: Initializing EditorSessionSummaryWriter for editor session tracking
[2026.05.21-07.27.42:971][  0]LogEditorSessionSummary: EditorSessionSummaryWriter initialized
[2026.05.21-07.27.42:994][  0]LogInit: Transaction tracking system initialized
[2026.05.21-07.27.43:013][  0]BlueprintLog: New page: Editor Load
[2026.05.21-07.27.43:062][  0]LocalizationService: Localization service is disabled
[2026.05.21-07.27.43:081][  0]TimingProfiler: Initialize
[2026.05.21-07.27.43:081][  0]TimingProfiler: OnSessionChanged
[2026.05.21-07.27.43:081][  0]LoadingProfiler: Initialize
[2026.05.21-07.27.43:081][  0]LoadingProfiler: OnSessionChanged
[2026.05.21-07.27.43:081][  0]NetworkingProfiler: Initialize
[2026.05.21-07.27.43:082][  0]NetworkingProfiler: OnSessionChanged
[2026.05.21-07.27.43:082][  0]MemoryProfiler: Initialize
[2026.05.21-07.27.43:082][  0]MemoryProfiler: OnSessionChanged
[2026.05.21-07.27.43:171][  0]LogCook: Display: CookSettings for Memory: MemoryMaxUsedVirtual 0MiB, MemoryMaxUsedPhysical 16384MiB, MemoryMinFreeVirtual 0MiB, MemoryMinFreePhysical 1024MiB
[2026.05.21-07.27.43:171][  0]LogCook: Display: Mobile HDR setting 1
[2026.05.21-07.27.43:205][  0]LogFileCache: Scanning file cache for directory 'C:/UEProject/UnrealLearn/AdvancedLocomotionSystemV/Content/' took 0.00s
[2026.05.21-07.27.43:427][  0]LogInit: Display: Engine is initialized. Leaving FEngineLoop::Init()
[2026.05.21-07.27.43:428][  0]SourceControl: Source control is disabled
[2026.05.21-07.27.43:428][  0]LogUnrealEdMisc: Loading editor; pre map load, took 4.411
[2026.05.21-07.27.43:428][  0]Cmd: MAP LOAD FILE="../../../../../../UEProject/UnrealLearn/AdvancedLocomotionSystemV/Content/AdvancedLocomotionV4/Levels/ALS_DemoLevel.umap" TEMPLATE=0 SHOWPROGRESS=1 FEATURELEVEL=3
[2026.05.21-07.27.43:428][  0]LightingResults: New page: Lighting Build
[2026.05.21-07.27.43:429][  0]LogWorld: UWorld::CleanupWorld for Untitled, bSessionEnded=true, bCleanupResources=true
[2026.05.21-07.27.43:429][  0]LogSlate: InvalidateAllWidgets triggered.  All widgets were invalidated
[2026.05.21-07.27.43:429][  0]MapCheck: New page: Map Check
[2026.05.21-07.27.43:429][  0]LightingResults: New page: Lighting Build
[2026.05.21-07.27.43:444][  0]LogAudio: Display: Audio Device unregistered from world 'None'.
[2026.05.21-07.27.43:446][  0]LogUObjectHash: Compacting FUObjectHashTables data took   0.45ms
[2026.05.21-07.27.44:665][  0]LogAudio: Display: Audio Device (ID: 1) registered with world 'ALS_DemoLevel'.
[2026.05.21-07.27.44:666][  0]LogAIModule: Creating AISystem for world ALS_DemoLevel
[2026.05.21-07.27.44:690][  0]LogEditorServer: Finished looking for orphan Actors (0.000 secs)
[2026.05.21-07.27.44:713][  0]LogUObjectHash: Compacting FUObjectHashTables data took   1.06ms
[2026.05.21-07.27.44:713][  0]Cmd: MAP CHECKDEP NOCLEARLOG
[2026.05.21-07.27.44:713][  0]MapCheck: Map check complete: 0 Error(s), 0 Warning(s), took 0.103ms to complete.
[2026.05.21-07.27.44:713][  0]LogFileHelpers: Loading map 'ALS_DemoLevel' took 1.285
[2026.05.21-07.27.44:715][  0]LogUnrealEdMisc: Total Editor Startup Time, took 5.698
[2026.05.21-07.27.44:770][  0]LogWindowsTextInputMethodSystem: Display: IME system activated using TSF (微软输入法).
[2026.05.21-07.27.44:797][  0]LogSlate: Updating window title bar state: overlay mode, drag disabled, window buttons hidden, title bar hidden
[2026.05.21-07.27.44:800][  0]LogSlate: Updating window title bar state: overlay mode, drag disabled, window buttons hidden, title bar hidden
[2026.05.21-07.27.44:804][  0]LogSlate: Updating window title bar state: overlay mode, drag disabled, window buttons hidden, title bar hidden
[2026.05.21-07.27.44:807][  0]LogSlate: Updating window title bar state: overlay mode, drag disabled, window buttons hidden, title bar hidden
[2026.05.21-07.27.44:817][  0]LogNativeClassHierarchy: Verbose: Native class hierarchy populated in 0.0055 seconds. Added 3822 classes and 928 folders.
[2026.05.21-07.27.44:818][  0]LogNativeClassHierarchy: Verbose: Native class hierarchy updated for 'WidgetCarousel' in 0.0001 seconds. Added 0 classes and 0 folders.
[2026.05.21-07.27.44:820][  0]LogPakFile: PakFile PrimaryIndexSize=187
[2026.05.21-07.27.44:820][  0]LogPakFile: PakFile PathHashIndexSize=101
[2026.05.21-07.27.44:820][  0]LogPakFile: PakFile FullDirectoryIndexSize=148
[2026.05.21-07.27.44:820][  0]LogShaderLibrary: Display: ShaderCodeLibraryPakFileMountedCallback: PakFile 'C:/Program Files/Epic Games/UE_4.27/FeaturePacks/FP_FirstPerson.upack' (chunk index -1, root 'root:/') mounted
[2026.05.21-07.27.44:820][  0]LogShaderLibrary: Display: ShaderCodeLibraryPakFileMountedCallback: pending pak file info (ChunkID:-1 Root:root:/ File:C:/Program Files/Epic Games/UE_4.27/FeaturePacks/FP_FirstPerson.upack)
[2026.05.21-07.27.44:820][  0]LogPakFile: OnPakFileMounted2Time == 0.000042
[2026.05.21-07.27.44:820][  0]LogPakFile: PakFile PrimaryIndexSize=189
[2026.05.21-07.27.44:820][  0]LogPakFile: PakFile PathHashIndexSize=101
[2026.05.21-07.27.44:820][  0]LogPakFile: PakFile FullDirectoryIndexSize=152
[2026.05.21-07.27.44:820][  0]LogShaderLibrary: Display: ShaderCodeLibraryPakFileMountedCallback: PakFile 'C:/Program Files/Epic Games/UE_4.27/FeaturePacks/FP_FirstPersonBP.upack' (chunk index -1, root 'root:/') mounted
[2026.05.21-07.27.44:820][  0]LogShaderLibrary: Display: ShaderCodeLibraryPakFileMountedCallback: pending pak file info (ChunkID:-1 Root:root:/ File:C:/Program Files/Epic Games/UE_4.27/FeaturePacks/FP_FirstPersonBP.upack)
[2026.05.21-07.27.44:820][  0]LogPakFile: OnPakFileMounted2Time == 0.000034
[2026.05.21-07.27.44:821][  0]LogPakFile: PakFile PrimaryIndexSize=191
[2026.05.21-07.27.44:821][  0]LogPakFile: PakFile PathHashIndexSize=101
[2026.05.21-07.27.44:821][  0]LogPakFile: PakFile FullDirectoryIndexSize=160
[2026.05.21-07.27.44:821][  0]LogShaderLibrary: Display: ShaderCodeLibraryPakFileMountedCallback: PakFile 'C:/Program Files/Epic Games/UE_4.27/FeaturePacks/MobileStarterContent.upack' (chunk index -1, root 'root:/') mounted
[2026.05.21-07.27.44:821][  0]LogShaderLibrary: Display: ShaderCodeLibraryPakFileMountedCallback: pending pak file info (ChunkID:-1 Root:root:/ File:C:/Program Files/Epic Games/UE_4.27/FeaturePacks/MobileStarterContent.upack)
[2026.05.21-07.27.44:821][  0]LogPakFile: OnPakFileMounted2Time == 0.000026
[2026.05.21-07.27.44:821][  0]LogPakFile: PakFile PrimaryIndexSize=185
[2026.05.21-07.27.44:821][  0]LogPakFile: PakFile PathHashIndexSize=101
[2026.05.21-07.27.44:821][  0]LogPakFile: PakFile FullDirectoryIndexSize=148
[2026.05.21-07.27.44:821][  0]LogShaderLibrary: Display: ShaderCodeLibraryPakFileMountedCallback: PakFile 'C:/Program Files/Epic Games/UE_4.27/FeaturePacks/StarterContent.upack' (chunk index -1, root 'root:/') mounted
[2026.05.21-07.27.44:821][  0]LogShaderLibrary: Display: ShaderCodeLibraryPakFileMountedCallback: pending pak file info (ChunkID:-1 Root:root:/ File:C:/Program Files/Epic Games/UE_4.27/FeaturePacks/StarterContent.upack)
[2026.05.21-07.27.44:821][  0]LogPakFile: OnPakFileMounted2Time == 0.000026
[2026.05.21-07.27.44:821][  0]LogPakFile: PakFile PrimaryIndexSize=190
[2026.05.21-07.27.44:821][  0]LogPakFile: PakFile PathHashIndexSize=101
[2026.05.21-07.27.44:821][  0]LogPakFile: PakFile FullDirectoryIndexSize=154
[2026.05.21-07.27.44:821][  0]LogShaderLibrary: Display: ShaderCodeLibraryPakFileMountedCallback: PakFile 'C:/Program Files/Epic Games/UE_4.27/FeaturePacks/TP_2DSideScroller.upack' (chunk index -1, root 'root:/') mounted
[2026.05.21-07.27.44:821][  0]LogShaderLibrary: Display: ShaderCodeLibraryPakFileMountedCallback: pending pak file info (ChunkID:-1 Root:root:/ File:C:/Program Files/Epic Games/UE_4.27/FeaturePacks/TP_2DSideScroller.upack)
[2026.05.21-07.27.44:821][  0]LogPakFile: OnPakFileMounted2Time == 0.000025
[2026.05.21-07.27.44:822][  0]LogPakFile: PakFile PrimaryIndexSize=192
[2026.05.21-07.27.44:822][  0]LogPakFile: PakFile PathHashIndexSize=101
[2026.05.21-07.27.44:822][  0]LogPakFile: PakFile FullDirectoryIndexSize=158
[2026.05.21-07.27.44:822][  0]LogShaderLibrary: Display: ShaderCodeLibraryPakFileMountedCallback: PakFile 'C:/Program Files/Epic Games/UE_4.27/FeaturePacks/TP_2DSideScrollerBP.upack' (chunk index -1, root 'root:/') mounted
[2026.05.21-07.27.44:822][  0]LogShaderLibrary: Display: ShaderCodeLibraryPakFileMountedCallback: pending pak file info (ChunkID:-1 Root:root:/ File:C:/Program Files/Epic Games/UE_4.27/FeaturePacks/TP_2DSideScrollerBP.upack)
[2026.05.21-07.27.44:822][  0]LogPakFile: OnPakFileMounted2Time == 0.000024
[2026.05.21-07.27.44:822][  0]LogPakFile: PakFile PrimaryIndexSize=182
[2026.05.21-07.27.44:822][  0]LogPakFile: PakFile PathHashIndexSize=101
[2026.05.21-07.27.44:822][  0]LogPakFile: PakFile FullDirectoryIndexSize=138
[2026.05.21-07.27.44:822][  0]LogShaderLibrary: Display: ShaderCodeLibraryPakFileMountedCallback: PakFile 'C:/Program Files/Epic Games/UE_4.27/FeaturePacks/TP_Flying.upack' (chunk index -1, root 'root:/') mounted
[2026.05.21-07.27.44:822][  0]LogShaderLibrary: Display: ShaderCodeLibraryPakFileMountedCallback: pending pak file info (ChunkID:-1 Root:root:/ File:C:/Program Files/Epic Games/UE_4.27/FeaturePacks/TP_Flying.upack)
[2026.05.21-07.27.44:822][  0]LogPakFile: OnPakFileMounted2Time == 0.000024
[2026.05.21-07.27.44:822][  0]LogPakFile: PakFile PrimaryIndexSize=184
[2026.05.21-07.27.44:822][  0]LogPakFile: PakFile PathHashIndexSize=101
[2026.05.21-07.27.44:822][  0]LogPakFile: PakFile FullDirectoryIndexSize=142
[2026.05.21-07.27.44:822][  0]LogShaderLibrary: Display: ShaderCodeLibraryPakFileMountedCallback: PakFile 'C:/Program Files/Epic Games/UE_4.27/FeaturePacks/TP_FlyingBP.upack' (chunk index -1, root 'root:/') mounted
[2026.05.21-07.27.44:822][  0]LogShaderLibrary: Display: ShaderCodeLibraryPakFileMountedCallback: pending pak file info (ChunkID:-1 Root:root:/ File:C:/Program Files/Epic Games/UE_4.27/FeaturePacks/TP_FlyingBP.upack)
[2026.05.21-07.27.44:822][  0]LogPakFile: OnPakFileMounted2Time == 0.000023
[2026.05.21-07.27.44:822][  0]LogPakFile: PakFile PrimaryIndexSize=188
[2026.05.21-07.27.44:822][  0]LogPakFile: PakFile PathHashIndexSize=101
[2026.05.21-07.27.44:822][  0]LogPakFile: PakFile FullDirectoryIndexSize=150
[2026.05.21-07.27.44:822][  0]LogShaderLibrary: Display: ShaderCodeLibraryPakFileMountedCallback: PakFile 'C:/Program Files/Epic Games/UE_4.27/FeaturePacks/TP_HandheldARBP.upack' (chunk index -1, root 'root:/') mounted
[2026.05.21-07.27.44:822][  0]LogShaderLibrary: Display: ShaderCodeLibraryPakFileMountedCallback: pending pak file info (ChunkID:-1 Root:root:/ File:C:/Program Files/Epic Games/UE_4.27/FeaturePacks/TP_HandheldARBP.upack)
[2026.05.21-07.27.44:822][  0]LogPakFile: OnPakFileMounted2Time == 0.000024
[2026.05.21-07.27.44:823][  0]LogPakFile: PakFile PrimaryIndexSize=182
[2026.05.21-07.27.44:823][  0]LogPakFile: PakFile PathHashIndexSize=101
[2026.05.21-07.27.44:823][  0]LogPakFile: PakFile FullDirectoryIndexSize=138
[2026.05.21-07.27.44:823][  0]LogShaderLibrary: Display: ShaderCodeLibraryPakFileMountedCallback: PakFile 'C:/Program Files/Epic Games/UE_4.27/FeaturePacks/TP_Puzzle.upack' (chunk index -1, root 'root:/') mounted
[2026.05.21-07.27.44:823][  0]LogShaderLibrary: Display: ShaderCodeLibraryPakFileMountedCallback: pending pak file info (ChunkID:-1 Root:root:/ File:C:/Program Files/Epic Games/UE_4.27/FeaturePacks/TP_Puzzle.upack)
[2026.05.21-07.27.44:823][  0]LogPakFile: OnPakFileMounted2Time == 0.000025
[2026.05.21-07.27.44:823][  0]LogPakFile: PakFile PrimaryIndexSize=184
[2026.05.21-07.27.44:823][  0]LogPakFile: PakFile PathHashIndexSize=101
[2026.05.21-07.27.44:823][  0]LogPakFile: PakFile FullDirectoryIndexSize=142
[2026.05.21-07.27.44:823][  0]LogShaderLibrary: Display: ShaderCodeLibraryPakFileMountedCallback: PakFile 'C:/Program Files/Epic Games/UE_4.27/FeaturePacks/TP_PuzzleBP.upack' (chunk index -1, root 'root:/') mounted
[2026.05.21-07.27.44:823][  0]LogShaderLibrary: Display: ShaderCodeLibraryPakFileMountedCallback: pending pak file info (ChunkID:-1 Root:root:/ File:C:/Program Files/Epic Games/UE_4.27/FeaturePacks/TP_PuzzleBP.upack)
[2026.05.21-07.27.44:823][  0]LogPakFile: OnPakFileMounted2Time == 0.000030
[2026.05.21-07.27.44:823][  0]LogPakFile: PakFile PrimaryIndexSize=183
[2026.05.21-07.27.44:823][  0]LogPakFile: PakFile PathHashIndexSize=101
[2026.05.21-07.27.44:823][  0]LogPakFile: PakFile FullDirectoryIndexSize=140
[2026.05.21-07.27.44:823][  0]LogShaderLibrary: Display: ShaderCodeLibraryPakFileMountedCallback: PakFile 'C:/Program Files/Epic Games/UE_4.27/FeaturePacks/TP_Rolling.upack' (chunk index -1, root 'root:/') mounted
[2026.05.21-07.27.44:823][  0]LogShaderLibrary: Display: ShaderCodeLibraryPakFileMountedCallback: pending pak file info (ChunkID:-1 Root:root:/ File:C:/Program Files/Epic Games/UE_4.27/FeaturePacks/TP_Rolling.upack)
[2026.05.21-07.27.44:823][  0]LogPakFile: OnPakFileMounted2Time == 0.000026
[2026.05.21-07.27.44:824][  0]LogPakFile: PakFile PrimaryIndexSize=185
[2026.05.21-07.27.44:824][  0]LogPakFile: PakFile PathHashIndexSize=101
[2026.05.21-07.27.44:824][  0]LogPakFile: PakFile FullDirectoryIndexSize=144
[2026.05.21-07.27.44:824][  0]LogShaderLibrary: Display: ShaderCodeLibraryPakFileMountedCallback: PakFile 'C:/Program Files/Epic Games/UE_4.27/FeaturePacks/TP_RollingBP.upack' (chunk index -1, root 'root:/') mounted
[2026.05.21-07.27.44:824][  0]LogShaderLibrary: Display: ShaderCodeLibraryPakFileMountedCallback: pending pak file info (ChunkID:-1 Root:root:/ File:C:/Program Files/Epic Games/UE_4.27/FeaturePacks/TP_RollingBP.upack)
[2026.05.21-07.27.44:824][  0]LogPakFile: OnPakFileMounted2Time == 0.000024
[2026.05.21-07.27.44:824][  0]LogPakFile: PakFile PrimaryIndexSize=188
[2026.05.21-07.27.44:824][  0]LogPakFile: PakFile PathHashIndexSize=101
[2026.05.21-07.27.44:824][  0]LogPakFile: PakFile FullDirectoryIndexSize=150
[2026.05.21-07.27.44:824][  0]LogShaderLibrary: Display: ShaderCodeLibraryPakFileMountedCallback: PakFile 'C:/Program Files/Epic Games/UE_4.27/FeaturePacks/TP_SideScroller.upack' (chunk index -1, root 'root:/') mounted
[2026.05.21-07.27.44:824][  0]LogShaderLibrary: Display: ShaderCodeLibraryPakFileMountedCallback: pending pak file info (ChunkID:-1 Root:root:/ File:C:/Program Files/Epic Games/UE_4.27/FeaturePacks/TP_SideScroller.upack)
[2026.05.21-07.27.44:824][  0]LogPakFile: OnPakFileMounted2Time == 0.000024
[2026.05.21-07.27.44:824][  0]LogPakFile: PakFile PrimaryIndexSize=190
[2026.05.21-07.27.44:824][  0]LogPakFile: PakFile PathHashIndexSize=101
[2026.05.21-07.27.44:824][  0]LogPakFile: PakFile FullDirectoryIndexSize=154
[2026.05.21-07.27.44:824][  0]LogShaderLibrary: Display: ShaderCodeLibraryPakFileMountedCallback: PakFile 'C:/Program Files/Epic Games/UE_4.27/FeaturePacks/TP_SideScrollerBP.upack' (chunk index -1, root 'root:/') mounted
[2026.05.21-07.27.44:824][  0]LogShaderLibrary: Display: ShaderCodeLibraryPakFileMountedCallback: pending pak file info (ChunkID:-1 Root:root:/ File:C:/Program Files/Epic Games/UE_4.27/FeaturePacks/TP_SideScrollerBP.upack)
[2026.05.21-07.27.44:824][  0]LogPakFile: OnPakFileMounted2Time == 0.000024
[2026.05.21-07.27.44:824][  0]LogPakFile: PakFile PrimaryIndexSize=187
[2026.05.21-07.27.44:824][  0]LogPakFile: PakFile PathHashIndexSize=101
[2026.05.21-07.27.44:824][  0]LogPakFile: PakFile FullDirectoryIndexSize=148
[2026.05.21-07.27.44:824][  0]LogShaderLibrary: Display: ShaderCodeLibraryPakFileMountedCallback: PakFile 'C:/Program Files/Epic Games/UE_4.27/FeaturePacks/TP_ThirdPerson.upack' (chunk index -1, root 'root:/') mounted
[2026.05.21-07.27.44:824][  0]LogShaderLibrary: Display: ShaderCodeLibraryPakFileMountedCallback: pending pak file info (ChunkID:-1 Root:root:/ File:C:/Program Files/Epic Games/UE_4.27/FeaturePacks/TP_ThirdPerson.upack)
[2026.05.21-07.27.44:824][  0]LogPakFile: OnPakFileMounted2Time == 0.000023
[2026.05.21-07.27.44:825][  0]LogPakFile: PakFile PrimaryIndexSize=189
[2026.05.21-07.27.44:825][  0]LogPakFile: PakFile PathHashIndexSize=101
[2026.05.21-07.27.44:825][  0]LogPakFile: PakFile FullDirectoryIndexSize=152
[2026.05.21-07.27.44:825][  0]LogShaderLibrary: Display: ShaderCodeLibraryPakFileMountedCallback: PakFile 'C:/Program Files/Epic Games/UE_4.27/FeaturePacks/TP_ThirdPersonBP.upack' (chunk index -1, root 'root:/') mounted
[2026.05.21-07.27.44:825][  0]LogShaderLibrary: Display: ShaderCodeLibraryPakFileMountedCallback: pending pak file info (ChunkID:-1 Root:root:/ File:C:/Program Files/Epic Games/UE_4.27/FeaturePacks/TP_ThirdPersonBP.upack)
[2026.05.21-07.27.44:825][  0]LogPakFile: OnPakFileMounted2Time == 0.000022
[2026.05.21-07.27.44:825][  0]LogPakFile: PakFile PrimaryIndexSize=183
[2026.05.21-07.27.44:825][  0]LogPakFile: PakFile PathHashIndexSize=101
[2026.05.21-07.27.44:825][  0]LogPakFile: PakFile FullDirectoryIndexSize=140
[2026.05.21-07.27.44:825][  0]LogShaderLibrary: Display: ShaderCodeLibraryPakFileMountedCallback: PakFile 'C:/Program Files/Epic Games/UE_4.27/FeaturePacks/TP_TopDown.upack' (chunk index -1, root 'root:/') mounted
[2026.05.21-07.27.44:825][  0]LogShaderLibrary: Display: ShaderCodeLibraryPakFileMountedCallback: pending pak file info (ChunkID:-1 Root:root:/ File:C:/Program Files/Epic Games/UE_4.27/FeaturePacks/TP_TopDown.upack)
[2026.05.21-07.27.44:825][  0]LogPakFile: OnPakFileMounted2Time == 0.000030
[2026.05.21-07.27.44:825][  0]LogPakFile: PakFile PrimaryIndexSize=185
[2026.05.21-07.27.44:825][  0]LogPakFile: PakFile PathHashIndexSize=101
[2026.05.21-07.27.44:825][  0]LogPakFile: PakFile FullDirectoryIndexSize=144
[2026.05.21-07.27.44:825][  0]LogShaderLibrary: Display: ShaderCodeLibraryPakFileMountedCallback: PakFile 'C:/Program Files/Epic Games/UE_4.27/FeaturePacks/TP_TopDownBP.upack' (chunk index -1, root 'root:/') mounted
[2026.05.21-07.27.44:825][  0]LogShaderLibrary: Display: ShaderCodeLibraryPakFileMountedCallback: pending pak file info (ChunkID:-1 Root:root:/ File:C:/Program Files/Epic Games/UE_4.27/FeaturePacks/TP_TopDownBP.upack)
[2026.05.21-07.27.44:825][  0]LogPakFile: OnPakFileMounted2Time == 0.000023
[2026.05.21-07.27.44:825][  0]LogPakFile: PakFile PrimaryIndexSize=185
[2026.05.21-07.27.44:825][  0]LogPakFile: PakFile PathHashIndexSize=101
[2026.05.21-07.27.44:825][  0]LogPakFile: PakFile FullDirectoryIndexSize=144
[2026.05.21-07.27.44:825][  0]LogShaderLibrary: Display: ShaderCodeLibraryPakFileMountedCallback: PakFile 'C:/Program Files/Epic Games/UE_4.27/FeaturePacks/TP_TwinStick.upack' (chunk index -1, root 'root:/') mounted
[2026.05.21-07.27.44:825][  0]LogShaderLibrary: Display: ShaderCodeLibraryPakFileMountedCallback: pending pak file info (ChunkID:-1 Root:root:/ File:C:/Program Files/Epic Games/UE_4.27/FeaturePacks/TP_TwinStick.upack)
[2026.05.21-07.27.44:825][  0]LogPakFile: OnPakFileMounted2Time == 0.000024
[2026.05.21-07.27.44:825][  0]LogPakFile: PakFile PrimaryIndexSize=187
[2026.05.21-07.27.44:825][  0]LogPakFile: PakFile PathHashIndexSize=101
[2026.05.21-07.27.44:825][  0]LogPakFile: PakFile FullDirectoryIndexSize=148
[2026.05.21-07.27.44:825][  0]LogShaderLibrary: Display: ShaderCodeLibraryPakFileMountedCallback: PakFile 'C:/Program Files/Epic Games/UE_4.27/FeaturePacks/TP_TwinStickBP.upack' (chunk index -1, root 'root:/') mounted
[2026.05.21-07.27.44:825][  0]LogShaderLibrary: Display: ShaderCodeLibraryPakFileMountedCallback: pending pak file info (ChunkID:-1 Root:root:/ File:C:/Program Files/Epic Games/UE_4.27/FeaturePacks/TP_TwinStickBP.upack)
[2026.05.21-07.27.44:825][  0]LogPakFile: OnPakFileMounted2Time == 0.000025
[2026.05.21-07.27.44:827][  0]LogPakFile: PakFile PrimaryIndexSize=183
[2026.05.21-07.27.44:827][  0]LogPakFile: PakFile PathHashIndexSize=101
[2026.05.21-07.27.44:827][  0]LogPakFile: PakFile FullDirectoryIndexSize=140
[2026.05.21-07.27.44:827][  0]LogShaderLibrary: Display: ShaderCodeLibraryPakFileMountedCallback: PakFile 'C:/Program Files/Epic Games/UE_4.27/FeaturePacks/TP_Vehicle.upack' (chunk index -1, root 'root:/') mounted
[2026.05.21-07.27.44:827][  0]LogShaderLibrary: Display: ShaderCodeLibraryPakFileMountedCallback: pending pak file info (ChunkID:-1 Root:root:/ File:C:/Program Files/Epic Games/UE_4.27/FeaturePacks/TP_Vehicle.upack)
[2026.05.21-07.27.44:827][  0]LogPakFile: OnPakFileMounted2Time == 0.000019
[2026.05.21-07.27.44:827][  0]LogPakFile: PakFile PrimaryIndexSize=186
[2026.05.21-07.27.44:827][  0]LogPakFile: PakFile PathHashIndexSize=101
[2026.05.21-07.27.44:827][  0]LogPakFile: PakFile FullDirectoryIndexSize=146
[2026.05.21-07.27.44:827][  0]LogShaderLibrary: Display: ShaderCodeLibraryPakFileMountedCallback: PakFile 'C:/Program Files/Epic Games/UE_4.27/FeaturePacks/TP_VehicleAdv.upack' (chunk index -1, root 'root:/') mounted
[2026.05.21-07.27.44:827][  0]LogShaderLibrary: Display: ShaderCodeLibraryPakFileMountedCallback: pending pak file info (ChunkID:-1 Root:root:/ File:C:/Program Files/Epic Games/UE_4.27/FeaturePacks/TP_VehicleAdv.upack)
[2026.05.21-07.27.44:827][  0]LogPakFile: OnPakFileMounted2Time == 0.000024
[2026.05.21-07.27.44:827][  0]LogPakFile: PakFile PrimaryIndexSize=188
[2026.05.21-07.27.44:827][  0]LogPakFile: PakFile PathHashIndexSize=101
[2026.05.21-07.27.44:827][  0]LogPakFile: PakFile FullDirectoryIndexSize=150
[2026.05.21-07.27.44:827][  0]LogShaderLibrary: Display: ShaderCodeLibraryPakFileMountedCallback: PakFile 'C:/Program Files/Epic Games/UE_4.27/FeaturePacks/TP_VehicleAdvBP.upack' (chunk index -1, root 'root:/') mounted
[2026.05.21-07.27.44:827][  0]LogShaderLibrary: Display: ShaderCodeLibraryPakFileMountedCallback: pending pak file info (ChunkID:-1 Root:root:/ File:C:/Program Files/Epic Games/UE_4.27/FeaturePacks/TP_VehicleAdvBP.upack)
[2026.05.21-07.27.44:827][  0]LogPakFile: OnPakFileMounted2Time == 0.000023
[2026.05.21-07.27.44:827][  0]LogPakFile: PakFile PrimaryIndexSize=185
[2026.05.21-07.27.44:827][  0]LogPakFile: PakFile PathHashIndexSize=101
[2026.05.21-07.27.44:827][  0]LogPakFile: PakFile FullDirectoryIndexSize=144
[2026.05.21-07.27.44:827][  0]LogShaderLibrary: Display: ShaderCodeLibraryPakFileMountedCallback: PakFile 'C:/Program Files/Epic Games/UE_4.27/FeaturePacks/TP_VehicleBP.upack' (chunk index -1, root 'root:/') mounted
[2026.05.21-07.27.44:827][  0]LogShaderLibrary: Display: ShaderCodeLibraryPakFileMountedCallback: pending pak file info (ChunkID:-1 Root:root:/ File:C:/Program Files/Epic Games/UE_4.27/FeaturePacks/TP_VehicleBP.upack)
[2026.05.21-07.27.44:827][  0]LogPakFile: OnPakFileMounted2Time == 0.000023
[2026.05.21-07.27.44:828][  0]LogPakFile: PakFile PrimaryIndexSize=192
[2026.05.21-07.27.44:828][  0]LogPakFile: PakFile PathHashIndexSize=101
[2026.05.21-07.27.44:828][  0]LogPakFile: PakFile FullDirectoryIndexSize=158
[2026.05.21-07.27.44:828][  0]LogShaderLibrary: Display: ShaderCodeLibraryPakFileMountedCallback: PakFile 'C:/Program Files/Epic Games/UE_4.27/FeaturePacks/TP_VirtualRealityBP.upack' (chunk index -1, root 'root:/') mounted
[2026.05.21-07.27.44:828][  0]LogShaderLibrary: Display: ShaderCodeLibraryPakFileMountedCallback: pending pak file info (ChunkID:-1 Root:root:/ File:C:/Program Files/Epic Games/UE_4.27/FeaturePacks/TP_VirtualRealityBP.upack)
[2026.05.21-07.27.44:828][  0]LogPakFile: OnPakFileMounted2Time == 0.000032
[2026.05.21-07.27.44:847][  0]LogNativeClassHierarchy: Verbose: Native class hierarchy updated for 'AddContentDialog' in 0.0002 seconds. Added 0 classes and 0 folders.
[2026.05.21-07.27.44:849][  0]LogNativeClassHierarchy: Verbose: Native class hierarchy updated for 'SceneOutliner' in 0.0002 seconds. Added 2 classes and 0 folders.
[2026.05.21-07.27.44:918][  0]LogSlate: Took 0.000109 seconds to synchronously load lazily loaded font '../../../Engine/Content/Slate/Fonts/Roboto-Regular.ttf' (155K)
[2026.05.21-07.27.44:919][  0]LogSlate: Took 0.000104 seconds to synchronously load lazily loaded font '../../../Engine/Content/Editor/Slate/Fonts/FontAwesome.ttf' (139K)
[2026.05.21-07.27.44:920][  0]LogSlate: Took 0.000092 seconds to synchronously load lazily loaded font '../../../Engine/Content/Slate/Fonts/Roboto-Bold.ttf' (160K)
[2026.05.21-07.27.44:970][  0]LogRenderer: Reallocating scene render targets to support 1208x568 Format 10 NumSamples 1 (Frame:1).
[2026.05.21-07.27.45:048][  0]LogNativeClassHierarchy: Verbose: Native class hierarchy updated for 'HierarchicalLODOutliner' in 0.0002 seconds. Added 0 classes and 0 folders.
[2026.05.21-07.27.45:048][  0]LogLoad: (Engine Initialization) Total time: 6.03 seconds
[2026.05.21-07.27.45:048][  0]LogLoad: (Engine Initialization) Total Blueprint compile time: 0.00 seconds
[2026.05.21-07.27.45:085][  0]LogAssetRegistry: Asset discovery search completed in 3.9733 seconds
[2026.05.21-07.27.45:088][  0]LogCollectionManager: Fixed up redirectors for 0 collections in 0.000004 seconds (updated 0 objects)
[2026.05.21-07.27.45:090][  0]LogContentStreaming: Texture pool size now 1000 MB
[2026.05.21-07.27.45:107][  0]LogSlate: Took 0.000158 seconds to synchronously load lazily loaded font '../../../Engine/Content/Slate/Fonts/Roboto-Light.ttf' (167K)
[2026.05.21-07.27.45:182][  2]LogSlate: Took 0.000164 seconds to synchronously load lazily loaded font '../../../Engine/Content/Slate/Fonts/Roboto-Light.ttf' (167K)
[2026.05.21-07.28.55:242][918]LogUObjectHash: Compacting FUObjectHashTables data took   0.65ms
[2026.05.21-07.28.56:772][ 96]LogSlate: Window 'Asset Report' being destroyed
[2026.05.21-07.29.04:830][ 96]LogSlate: Window 'Message' being destroyed
[2026.05.21-07.29.04:835][ 96]Message dialog closed, result: NoAll, title: Message, text: An asset already exists at location C:/UEProject/UnrealLearn/Alsv4/Content/AdvancedLocomotionV4/CharacterAssets/MannequinSkeleton/AnimationExamples/Actions/ALS_N_LandRoll_F.uasset would you like to overwrite it?
[2026.05.21-07.29.04:841][ 96]AssetTools: New page: Content migration completed successfully!
[2026.05.21-07.29.11:040][794]LogUObjectHash: Compacting FUObjectHashTables data took   0.71ms
[2026.05.21-07.29.12:720][989]LogSlate: Window 'Asset Report' being destroyed
[2026.05.21-07.29.16:430][314]LogUObjectHash: Compacting FUObjectHashTables data took   0.49ms
[2026.05.21-07.29.17:133][393]LogSlate: Window 'Asset Report' being destroyed
[2026.05.21-07.29.20:131][393]LogSlate: Window 'Message' being destroyed
[2026.05.21-07.29.20:134][393]Message dialog closed, result: YesAll, title: Message, text: An asset already exists at location C:/UEProject/UnrealLearn/Alsv4/Content/AdvancedLocomotionV4/CharacterAssets/MannequinSkeleton/AnimationExamples/Actions/ALS_N_LandRoll_F.uasset would you like to overwrite it?
[2026.05.21-07.29.20:239][393]AssetTools: New page: Content migration completed successfully!
[2026.05.21-07.29.20:240][393]AssetTools: /Game/AdvancedLocomotionV4/CharacterAssets/MannequinSkeleton/AnimationExamples/Actions/ALS_N_LandRoll_F
[2026.05.21-07.29.20:240][393]AssetTools: /Game/AdvancedLocomotionV4/Blueprints/Misc/Sprint_CameraShake
[2026.05.21-07.29.20:240][393]AssetTools: /Game/AdvancedLocomotionV4/CharacterAssets/MannequinSkeleton/ALS_Mannequin_Skeleton
[2026.05.21-07.29.20:240][393]AssetTools: /Game/AdvancedLocomotionV4/CharacterAssets/MannequinSkeleton/Meshes/Mannequin
[2026.05.21-07.29.20:240][393]AssetTools: /Game/AdvancedLocomotionV4/CharacterAssets/MannequinSkeleton/PhysicsAssets/Mannequin_PhysicsAsset
[2026.05.21-07.29.20:240][393]AssetTools: /Game/AdvancedLocomotionV4/CharacterAssets/MannequinSkeleton/Materials/M_Mannequin_Logo
[2026.05.21-07.29.20:240][393]AssetTools: /Game/AdvancedLocomotionV4/CharacterAssets/MannequinSkeleton/Materials/Textures/UE4Man_Logo_N
[2026.05.21-07.29.20:240][393]AssetTools: /Game/AdvancedLocomotionV4/CharacterAssets/MannequinSkeleton/Materials/Textures/UE4_LOGO_CARD
[2026.05.21-07.29.20:240][393]AssetTools: /Game/AdvancedLocomotionV4/CharacterAssets/MannequinSkeleton/Materials/M_Mannequin_Body
[2026.05.21-07.29.20:240][393]AssetTools: /Game/AdvancedLocomotionV4/CharacterAssets/MannequinSkeleton/Materials/Textures/UE4_Mannequin_MAT_MASKA
[2026.05.21-07.29.20:240][393]AssetTools: /Game/AdvancedLocomotionV4/CharacterAssets/MannequinSkeleton/Materials/Textures/UE4_Mannequin__normals
[2026.05.21-07.29.20:240][393]AssetTools: /Game/AdvancedLocomotionV4/CharacterAssets/MannequinSkeleton/Meshes/AnimMan
[2026.05.21-07.29.20:240][393]AssetTools: /Game/AdvancedLocomotionV4/CharacterAssets/MannequinSkeleton/PhysicsAssets/AnimMan_PhysicsAsset
[2026.05.21-07.29.20:240][393]AssetTools: /Game/AdvancedLocomotionV4/CharacterAssets/MannequinSkeleton/Materials/M_AnimMan_Eyes
[2026.05.21-07.29.20:240][393]AssetTools: /Game/AdvancedLocomotionV4/CharacterAssets/MannequinSkeleton/Materials/M_AnimMan_Default
[2026.05.21-07.29.20:240][393]AssetTools: /Game/AdvancedLocomotionV4/Blueprints/AnimNotifys/GroundedEntryState_AnimNotify
[2026.05.21-07.29.20:240][393]AssetTools: /Game/AdvancedLocomotionV4/Data/Enums/GroundedEntryState
[2026.05.21-07.29.20:240][393]AssetTools: /Game/AdvancedLocomotionV4/Blueprints/Interfaces/ALS_Animation_BPI
[2026.05.21-07.29.20:240][393]AssetTools: /Game/AdvancedLocomotionV4/Blueprints/AnimNotifys/CameraShake_Notify
[2026.05.21-07.29.20:240][393]AssetTools: /Game/AdvancedLocomotionV4/CharacterAssets/MannequinSkeleton/AnimationExamples/Base/BasePoses/ALS_N_Pose
[2026.05.21-07.29.20:240][393]AssetTools: /Game/AdvancedLocomotionV4/CharacterAssets/MannequinSkeleton/AnimationExamples/AimOffsets/ALS_N_Look_F_Sweep
[2026.05.21-07.29.20:240][393]AssetTools: /Game/AdvancedLocomotionV4/CharacterAssets/MannequinSkeleton/AnimationExamples/Base/BasePoses/ALS_CLF_Pose
[2026.05.21-07.29.20:240][393]AssetTools: /Game/AdvancedLocomotionV4/CharacterAssets/MannequinSkeleton/AnimationExamples/Base/InAir/ALS_Flail
[2026.05.21-07.29.20:240][393]AssetTools: /Game/AdvancedLocomotionV4/CharacterAssets/MannequinSkeleton/AnimationExamples/Base/InAir/ALS_N_FallLoop
[2026.05.21-07.29.20:240][393]AssetTools: /Game/AdvancedLocomotionV4/CharacterAssets/MannequinSkeleton/AnimationExamples/Base/InAir/ALS_N_FallLoop_Fast
[2026.05.21-07.29.20:240][393]AssetTools: /Game/AdvancedLocomotionV4/CharacterAssets/MannequinSkeleton/AnimationExamples/Base/InAir/ALS_N_JumpLoop
[2026.05.21-07.29.20:240][393]AssetTools: /Game/AdvancedLocomotionV4/CharacterAssets/MannequinSkeleton/AnimationExamples/Base/InAir/ALS_N_JumpRun_LF
[2026.05.21-07.29.20:240][393]AssetTools: /Game/AdvancedLocomotionV4/Blueprints/AnimNotifys/Footstep_AnimNotify
[2026.05.21-07.29.20:240][393]AssetTools: /Game/AdvancedLocomotionV4/Data/Enums/FootstepType
[2026.05.21-07.29.20:240][393]AssetTools: /Game/AdvancedLocomotionV4/Audio/Footsteps/Footstep_Cue
[2026.05.21-07.29.20:240][393]AssetTools: /Game/AdvancedLocomotionV4/Audio/Footsteps/Concrete_Walk_05
[2026.05.21-07.29.20:240][393]AssetTools: /Game/AdvancedLocomotionV4/Audio/Footsteps/Concrete_Walk_04
[2026.05.21-07.29.20:240][393]AssetTools: /Game/AdvancedLocomotionV4/Audio/Footsteps/Concrete_Walk_03
[2026.05.21-07.29.20:240][393]AssetTools: /Game/AdvancedLocomotionV4/Audio/Footsteps/Concrete_Walk_02
[2026.05.21-07.29.20:240][393]AssetTools: /Game/AdvancedLocomotionV4/Audio/Footsteps/Concrete_Walk_01
[2026.05.21-07.29.20:240][393]AssetTools: /Game/AdvancedLocomotionV4/Audio/Footsteps/Concrete_Step_03
[2026.05.21-07.29.20:240][393]AssetTools: /Game/AdvancedLocomotionV4/Audio/Footsteps/Concrete_Step_02
[2026.05.21-07.29.20:240][393]AssetTools: /Game/AdvancedLocomotionV4/Audio/Footsteps/Concrete_Step_01
[2026.05.21-07.29.20:240][393]AssetTools: /Game/AdvancedLocomotionV4/Audio/Footsteps/Concrete_Pivot_02
[2026.05.21-07.29.20:240][393]AssetTools: /Game/AdvancedLocomotionV4/Audio/Footsteps/Concrete_Pivot_01
[2026.05.21-07.29.20:240][393]AssetTools: /Game/AdvancedLocomotionV4/CharacterAssets/MannequinSkeleton/AnimationExamples/Base/InAir/ALS_N_JumpRun_RF
[2026.05.21-07.29.20:240][393]AssetTools: /Game/AdvancedLocomotionV4/CharacterAssets/MannequinSkeleton/AnimationExamples/Base/InAir/ALS_N_JumpWalk_LF
[2026.05.21-07.29.20:240][393]AssetTools: /Game/AdvancedLocomotionV4/CharacterAssets/MannequinSkeleton/AnimationExamples/Base/InAir/ALS_N_JumpWalk_RF
[2026.05.21-07.29.20:240][393]AssetTools: /Game/AdvancedLocomotionV4/CharacterAssets/MannequinSkeleton/AnimationExamples/Base/InAir/ALS_N_Land_Heavy
[2026.05.21-07.29.20:240][393]AssetTools: /Game/AdvancedLocomotionV4/CharacterAssets/MannequinSkeleton/AnimationExamples/Base/InAir/ALS_N_Land_Heavy_Additive
[2026.05.21-07.29.20:240][393]AssetTools: /Game/AdvancedLocomotionV4/CharacterAssets/MannequinSkeleton/AnimationExamples/Base/InAir/ALS_N_Land_Light
[2026.05.21-07.29.20:240][393]AssetTools: /Game/AdvancedLocomotionV4/CharacterAssets/MannequinSkeleton/AnimationExamples/Base/InAir/ALS_N_Land_Light_Additive
[2026.05.21-07.29.20:240][393]AssetTools: /Game/AdvancedLocomotionV4/CharacterAssets/MannequinSkeleton/AnimationExamples/Base/Locomotion/ALS_CLF_Walk_B
[2026.05.21-07.29.20:240][393]AssetTools: /Game/AdvancedLocomotionV4/CharacterAssets/MannequinSkeleton/AnimationExamples/Base/Locomotion/ALS_CLF_Walk_F
[2026.05.21-07.29.20:240][393]AssetTools: /Game/AdvancedLocomotionV4/CharacterAssets/MannequinSkeleton/AnimationExamples/Base/Locomotion/ALS_CLF_Walk_L
[2026.05.21-07.29.20:240][393]AssetTools: /Game/AdvancedLocomotionV4/CharacterAssets/MannequinSkeleton/AnimationExamples/Base/Locomotion/ALS_CLF_Walk_R
[2026.05.21-07.29.20:240][393]AssetTools: /Game/AdvancedLocomotionV4/CharacterAssets/MannequinSkeleton/AnimationExamples/Base/Locomotion/ALS_CLF_WalkPose
[2026.05.21-07.29.20:240][393]AssetTools: /Game/AdvancedLocomotionV4/CharacterAssets/MannequinSkeleton/AnimationExamples/Base/Locomotion/ALS_CRF_Walk_L
[2026.05.21-07.29.20:240][393]AssetTools: /Game/AdvancedLocomotionV4/CharacterAssets/MannequinSkeleton/AnimationExamples/Base/Locomotion/ALS_CRF_Walk_R
[2026.05.21-07.29.20:240][393]AssetTools: /Game/AdvancedLocomotionV4/CharacterAssets/MannequinSkeleton/AnimationExamples/Base/Locomotion/ALS_N_Sprint_F
[2026.05.21-07.29.20:240][393]AssetTools: /Game/AdvancedLocomotionV4/CharacterAssets/MannequinSkeleton/AnimationExamples/Base/Locomotion/ALS_N_Sprint_F_Impulse
[2026.05.21-07.29.20:240][393]AssetTools: /Game/AdvancedLocomotionV4/CharacterAssets/MannequinSkeleton/AnimationExamples/Base/Locomotion/ALS_N_Walk_B
[2026.05.21-07.29.20:240][393]AssetTools: /Game/AdvancedLocomotionV4/CharacterAssets/MannequinSkeleton/AnimationExamples/Base/Locomotion/ALS_N_Walk_F
[2026.05.21-07.29.20:240][393]AssetTools: /Game/AdvancedLocomotionV4/CharacterAssets/MannequinSkeleton/AnimationExamples/Base/Locomotion/ALS_N_Walk_LB
[2026.05.21-07.29.20:240][393]AssetTools: /Game/AdvancedLocomotionV4/CharacterAssets/MannequinSkeleton/AnimationExamples/Base/Locomotion/ALS_N_Walk_LF
[2026.05.21-07.29.20:240][393]AssetTools: /Game/AdvancedLocomotionV4/CharacterAssets/MannequinSkeleton/AnimationExamples/Base/Locomotion/ALS_N_Walk_RB
[2026.05.21-07.29.20:240][393]AssetTools: /Game/AdvancedLocomotionV4/CharacterAssets/MannequinSkeleton/AnimationExamples/Base/Locomotion/ALS_N_Walk_RF
[2026.05.21-07.29.20:240][393]AssetTools: /Game/AdvancedLocomotionV4/CharacterAssets/MannequinSkeleton/AnimationExamples/Base/Locomotion/Detail/ALS_N_Run_BasePose
[2026.05.21-07.29.20:240][393]AssetTools: /Game/AdvancedLocomotionV4/CharacterAssets/MannequinSkeleton/AnimationExamples/Base/Locomotion/Detail/ALS_N_LocoDetail_Accel_B
[2026.05.21-07.29.20:240][393]AssetTools: /Game/AdvancedLocomotionV4/CharacterAssets/MannequinSkeleton/AnimationExamples/Base/Locomotion/Detail/ALS_N_LocoDetail_Accel_F
[2026.05.21-07.29.20:240][393]AssetTools: /Game/AdvancedLocomotionV4/CharacterAssets/MannequinSkeleton/AnimationExamples/Base/Locomotion/Detail/ALS_N_LocoDetail_Accel_L
[2026.05.21-07.29.20:240][393]AssetTools: /Game/AdvancedLocomotionV4/CharacterAssets/MannequinSkeleton/AnimationExamples/Base/Locomotion/Detail/ALS_N_LocoDetail_Accel_R
[2026.05.21-07.29.20:240][393]AssetTools: /Game/AdvancedLocomotionV4/CharacterAssets/MannequinSkeleton/AnimationExamples/Base/Transitions/ALS_CLF_to_N
[2026.05.21-07.29.20:240][393]AssetTools: /Game/AdvancedLocomotionV4/CharacterAssets/MannequinSkeleton/AnimationExamples/Base/Transitions/ALS_N_Stop_L_Down
[2026.05.21-07.29.20:240][393]AssetTools: /Game/AdvancedLocomotionV4/CharacterAssets/MannequinSkeleton/AnimationExamples/Base/Transitions/ALS_N_Stop_R_Down
[2026.05.21-07.29.20:240][393]AssetTools: /Game/AdvancedLocomotionV4/CharacterAssets/MannequinSkeleton/AnimationExamples/Base/Transitions/ALS_N_to_CLF
[2026.05.21-07.29.20:240][393]AssetTools: /Game/AdvancedLocomotionV4/CharacterAssets/MannequinSkeleton/AnimationExamples/Base/Transitions/ALS_N_Transition_L
[2026.05.21-07.29.20:240][393]AssetTools: /Game/AdvancedLocomotionV4/CharacterAssets/MannequinSkeleton/AnimationExamples/Base/Transitions/ALS_N_Transition_R
[2026.05.21-07.29.20:240][393]AssetTools: /Game/AdvancedLocomotionV4/CharacterAssets/MannequinSkeleton/AnimationExamples/Base/TurnInPlace/ALS_CLF_Rotate_L90
[2026.05.21-07.29.20:240][393]AssetTools: /Game/AdvancedLocomotionV4/Blueprints/AnimModifiers/Calculate_RotationAmount
[2026.05.21-07.29.20:240][393]AssetTools: /Game/AdvancedLocomotionV4/CharacterAssets/MannequinSkeleton/AnimationExamples/Base/TurnInPlace/ALS_CLF_Rotate_R90
[2026.05.21-07.29.20:240][393]AssetTools: /Game/AdvancedLocomotionV4/CharacterAssets/MannequinSkeleton/AnimationExamples/Base/TurnInPlace/ALS_CLF_TurnIP_L180
[2026.05.21-07.29.20:240][393]AssetTools: /Game/AdvancedLocomotionV4/CharacterAssets/MannequinSkeleton/AnimationExamples/Base/TurnInPlace/ALS_CLF_TurnIP_L90
[2026.05.21-07.29.20:240][393]AssetTools: /Game/AdvancedLocomotionV4/CharacterAssets/MannequinSkeleton/AnimationExamples/Base/TurnInPlace/ALS_CLF_TurnIP_R180
[2026.05.21-07.29.20:240][393]AssetTools: /Game/AdvancedLocomotionV4/CharacterAssets/MannequinSkeleton/AnimationExamples/Base/TurnInPlace/ALS_CLF_TurnIP_R90
[2026.05.21-07.29.20:240][393]AssetTools: /Game/AdvancedLocomotionV4/CharacterAssets/MannequinSkeleton/AnimationExamples/Base/TurnInPlace/ALS_N_Rotate_L90
[2026.05.21-07.29.20:240][393]AssetTools: /Game/AdvancedLocomotionV4/CharacterAssets/MannequinSkeleton/AnimationExamples/Base/TurnInPlace/ALS_N_Rotate_R90
[2026.05.21-07.29.20:240][393]AssetTools: /Game/AdvancedLocomotionV4/CharacterAssets/MannequinSkeleton/AnimationExamples/Base/TurnInPlace/ALS_N_TurnIP_L180
[2026.05.21-07.29.20:240][393]AssetTools: /Game/AdvancedLocomotionV4/CharacterAssets/MannequinSkeleton/AnimationExamples/Base/TurnInPlace/ALS_N_TurnIP_L90
[2026.05.21-07.29.20:240][393]AssetTools: /Game/AdvancedLocomotionV4/CharacterAssets/MannequinSkeleton/AnimationExamples/Base/TurnInPlace/ALS_N_TurnIP_R180
[2026.05.21-07.29.20:240][393]AssetTools: /Game/AdvancedLocomotionV4/CharacterAssets/MannequinSkeleton/AnimationExamples/Base/TurnInPlace/ALS_N_TurnIP_R90
[2026.05.21-07.29.20:240][393]AssetTools: /Game/AdvancedLocomotionV4/CharacterAssets/MannequinSkeleton/AnimationExamples/Overlay/Barrel/ALS_Props_Barrel_Poses
[2026.05.21-07.29.20:240][393]AssetTools: /Game/AdvancedLocomotionV4/Blueprints/AnimModifiers/Create_LayeringCurves
[2026.05.21-07.29.20:241][393]AssetTools: /Game/AdvancedLocomotionV4/CharacterAssets/MannequinSkeleton/AnimationExamples/Overlay/Binoculars/ALS_Props_Binoculars_Poses_NoCurves
[2026.05.21-07.29.20:241][393]AssetTools: /Game/AdvancedLocomotionV4/CharacterAssets/MannequinSkeleton/AnimationExamples/Overlay/Binoculars/ALS_Props_Binoculars_Aim_Sweep
[2026.05.21-07.29.20:241][393]AssetTools: /Game/AdvancedLocomotionV4/CharacterAssets/MannequinSkeleton/AnimationExamples/Overlay/Binoculars/ALS_Props_Binoculars_Aim_Sweep_Crouched
[2026.05.21-07.29.20:241][393]AssetTools: /Game/AdvancedLocomotionV4/CharacterAssets/MannequinSkeleton/AnimationExamples/Overlay/Binoculars/ALS_Props_Binoculars_Poses
[2026.05.21-07.29.20:241][393]AssetTools: /Game/AdvancedLocomotionV4/CharacterAssets/MannequinSkeleton/AnimationExamples/Overlay/Bow/ALS_Props_Bow_Poses_NoCurves
[2026.05.21-07.29.20:241][393]AssetTools: /Game/AdvancedLocomotionV4/CharacterAssets/MannequinSkeleton/AnimationExamples/Overlay/Bow/ALS_Props_Bow_Aim_Sweep
[2026.05.21-07.29.20:241][393]AssetTools: /Game/AdvancedLocomotionV4/CharacterAssets/MannequinSkeleton/AnimationExamples/Overlay/Bow/ALS_Props_Bow_Aim_Sweep_Crouched
[2026.05.21-07.29.20:241][393]AssetTools: /Game/AdvancedLocomotionV4/CharacterAssets/MannequinSkeleton/AnimationExamples/Overlay/Bow/ALS_Props_Bow_Poses
[2026.05.21-07.29.20:241][393]AssetTools: /Game/AdvancedLocomotionV4/CharacterAssets/MannequinSkeleton/AnimationExamples/Overlay/Box/ALS_Props_Box_Poses
[2026.05.21-07.29.20:241][393]AssetTools: /Game/AdvancedLocomotionV4/CharacterAssets/MannequinSkeleton/AnimationExamples/Overlay/M4A1/ALS_Props_M4A1_Poses_NoCurves
[2026.05.21-07.29.20:241][393]AssetTools: /Game/AdvancedLocomotionV4/CharacterAssets/MannequinSkeleton/AnimationExamples/Overlay/M4A1/ALS_Props_M4A1_Aim_Sweep
[2026.05.21-07.29.20:241][393]AssetTools: /Game/AdvancedLocomotionV4/CharacterAssets/MannequinSkeleton/AnimationExamples/Overlay/M4A1/ALS_Props_M4A1_Aim_Sweep_Crouched
[2026.05.21-07.29.20:241][393]AssetTools: /Game/AdvancedLocomotionV4/CharacterAssets/MannequinSkeleton/AnimationExamples/Overlay/M4A1/ALS_Props_M4A1_Poses
[2026.05.21-07.29.20:241][393]AssetTools: /Game/AdvancedLocomotionV4/CharacterAssets/MannequinSkeleton/AnimationExamples/Overlay/M4A1/ALS_Props_M4A1_Run_F_Arms
[2026.05.21-07.29.20:241][393]AssetTools: /Game/AdvancedLocomotionV4/CharacterAssets/MannequinSkeleton/AnimationExamples/Overlay/M4A1/ALS_Props_M4A1_Sprint_F_Arms
[2026.05.21-07.29.20:241][393]AssetTools: /Game/AdvancedLocomotionV4/Blueprints/AnimModifiers/Copy_Curves
[2026.05.21-07.29.20:241][393]AssetTools: /Game/AdvancedLocomotionV4/CharacterAssets/MannequinSkeleton/AnimationExamples/Overlay/M4A1/ALS_Props_M4A1_Sprint_F_Impulse_Arms
[2026.05.21-07.29.20:241][393]AssetTools: /Game/AdvancedLocomotionV4/CharacterAssets/MannequinSkeleton/AnimationExamples/Overlay/Pistol/ALS_Props_Pistol_1H_Poses_NoCurves
[2026.05.21-07.29.20:241][393]AssetTools: /Game/AdvancedLocomotionV4/CharacterAssets/MannequinSkeleton/AnimationExamples/Overlay/Pistol/ALS_Props_Pistol_1H_Aim_Sweep
[2026.05.21-07.29.20:241][393]AssetTools: /Game/AdvancedLocomotionV4/CharacterAssets/MannequinSkeleton/AnimationExamples/Overlay/Pistol/ALS_Props_Pistol_1H_Aim_Sweep_Crouched
[2026.05.21-07.29.20:241][393]AssetTools: /Game/AdvancedLocomotionV4/CharacterAssets/MannequinSkeleton/AnimationExamples/Overlay/Pistol/ALS_Props_Pistol_1H_Poses
[2026.05.21-07.29.20:241][393]AssetTools: /Game/AdvancedLocomotionV4/CharacterAssets/MannequinSkeleton/AnimationExamples/Overlay/Pistol/ALS_Props_Pistol_2H_Poses_NoCurves
[2026.05.21-07.29.20:241][393]AssetTools: /Game/AdvancedLocomotionV4/CharacterAssets/MannequinSkeleton/AnimationExamples/Overlay/Pistol/ALS_Props_Pistol_2H_Aim_Sweep
[2026.05.21-07.29.20:241][393]AssetTools: /Game/AdvancedLocomotionV4/CharacterAssets/MannequinSkeleton/AnimationExamples/Overlay/Pistol/ALS_Props_Pistol_2H_Aim_Sweep_Crouched
[2026.05.21-07.29.20:241][393]AssetTools: /Game/AdvancedLocomotionV4/CharacterAssets/MannequinSkeleton/AnimationExamples/Overlay/Pistol/ALS_Props_Pistol_2H_Poses
[2026.05.21-07.29.20:241][393]AssetTools: /Game/AdvancedLocomotionV4/CharacterAssets/MannequinSkeleton/AnimationExamples/Overlay/Shared/ALS_N_SecondaryMotion
[2026.05.21-07.29.20:241][393]AssetTools: /Game/AdvancedLocomotionV4/CharacterAssets/MannequinSkeleton/AnimationExamples/Overlay/StanceVariations/ALS_StanceVariation_Feminine
[2026.05.21-07.29.20:241][393]AssetTools: /Game/AdvancedLocomotionV4/CharacterAssets/MannequinSkeleton/AnimationExamples/Overlay/StanceVariations/ALS_StanceVariation_HandsTied
[2026.05.21-07.29.20:241][393]AssetTools: /Game/AdvancedLocomotionV4/CharacterAssets/MannequinSkeleton/AnimationExamples/Overlay/StanceVariations/ALS_StanceVariation_Injured
[2026.05.21-07.29.20:241][393]AssetTools: /Game/AdvancedLocomotionV4/CharacterAssets/MannequinSkeleton/AnimationExamples/Overlay/StanceVariations/ALS_StanceVariation_Masculine
[2026.05.21-07.29.20:241][393]AssetTools: /Game/AdvancedLocomotionV4/CharacterAssets/MannequinSkeleton/AnimationExamples/Overlay/StanceVariations/ALS_StanceVariation_Normal
[2026.05.21-07.29.20:241][393]AssetTools: /Game/AdvancedLocomotionV4/CharacterAssets/MannequinSkeleton/AnimationExamples/Overlay/Torch/ALS_Props_Torch_Poses_NoCurves
[2026.05.21-07.29.20:241][393]AssetTools: /Game/AdvancedLocomotionV4/CharacterAssets/MannequinSkeleton/AnimationExamples/Overlay/Torch/ALS_Props_Torch_Aim_Sweep
[2026.05.21-07.29.20:241][393]AssetTools: /Game/AdvancedLocomotionV4/CharacterAssets/MannequinSkeleton/AnimationExamples/Overlay/Torch/ALS_Props_Torch_Aim_Sweep_Crouched
[2026.05.21-07.29.20:241][393]AssetTools: /Game/AdvancedLocomotionV4/CharacterAssets/MannequinSkeleton/AnimationExamples/Overlay/Torch/ALS_Props_Torch_Poses
[2026.05.21-07.29.20:241][393]AssetTools: /Game/AdvancedLocomotionV4/CharacterAssets/MannequinSkeleton/AnimationExamples/Base/InAir/Detail/ALS_N_Falling_LeanPose_0
[2026.05.21-07.29.20:241][393]AssetTools: /Game/AdvancedLocomotionV4/CharacterAssets/MannequinSkeleton/AnimationExamples/Base/InAir/Detail/ALS_N_Falling_LeanPose_B
[2026.05.21-07.29.20:241][393]AssetTools: /Game/AdvancedLocomotionV4/CharacterAssets/MannequinSkeleton/AnimationExamples/Base/InAir/Detail/ALS_N_Falling_LeanPose_F
[2026.05.21-07.29.20:241][393]AssetTools: /Game/AdvancedLocomotionV4/CharacterAssets/MannequinSkeleton/AnimationExamples/Base/InAir/Detail/ALS_N_Falling_LeanPose_L
[2026.05.21-07.29.20:241][393]AssetTools: /Game/AdvancedLocomotionV4/CharacterAssets/MannequinSkeleton/AnimationExamples/Base/InAir/Detail/ALS_N_Falling_LeanPose_R
[2026.05.21-07.29.20:241][393]AssetTools: /Game/AdvancedLocomotionV4/CharacterAssets/MannequinSkeleton/AnimationExamples/Base/InAir/Detail/ALS_N_Lean_Falling
[2026.05.21-07.29.20:241][393]AssetTools: /Game/AdvancedLocomotionV4/CharacterAssets/MannequinSkeleton/AnimationExamples/Base/Locomotion/ALS_N_Run_B
[2026.05.21-07.29.20:241][393]AssetTools: /Game/AdvancedLocomotionV4/CharacterAssets/MannequinSkeleton/AnimationExamples/Base/Locomotion/ALS_N_RunPose_F
[2026.05.21-07.29.20:241][393]AssetTools: /Game/AdvancedLocomotionV4/Blueprints/AnimModifiers/Create_Curves
[2026.05.21-07.29.20:241][393]AssetTools: /Game/AdvancedLocomotionV4/Blueprints/AnimModifiers/AnimCurveCreationParams
[2026.05.21-07.29.20:241][393]AssetTools: /Game/AdvancedLocomotionV4/Blueprints/AnimModifiers/AnimCurveCreationData
[2026.05.21-07.29.20:241][393]AssetTools: /Game/AdvancedLocomotionV4/CharacterAssets/MannequinSkeleton/AnimationExamples/Base/Locomotion/ALS_N_WalkPose_F
[2026.05.21-07.29.20:241][393]AssetTools: /Game/AdvancedLocomotionV4/CharacterAssets/MannequinSkeleton/AnimationExamples/Base/Locomotion/ALS_N_WalkRun_B
[2026.05.21-07.29.20:241][393]AssetTools: /Game/AdvancedLocomotionV4/CharacterAssets/MannequinSkeleton/AnimationExamples/Base/Locomotion/ALS_N_Run_LB
[2026.05.21-07.29.20:241][393]AssetTools: /Game/AdvancedLocomotionV4/CharacterAssets/MannequinSkeleton/AnimationExamples/Base/Locomotion/ALS_N_RunPose_R
[2026.05.21-07.29.20:241][393]AssetTools: /Game/AdvancedLocomotionV4/CharacterAssets/MannequinSkeleton/AnimationExamples/Base/Locomotion/ALS_N_WalkPose_R
[2026.05.21-07.29.20:241][393]AssetTools: /Game/AdvancedLocomotionV4/CharacterAssets/MannequinSkeleton/AnimationExamples/Base/Locomotion/ALS_N_WalkRun_BL
[2026.05.21-07.29.20:241][393]AssetTools: /Game/AdvancedLocomotionV4/CharacterAssets/MannequinSkeleton/AnimationExamples/Base/Locomotion/ALS_N_Run_RB
[2026.05.21-07.29.20:241][393]AssetTools: /Game/AdvancedLocomotionV4/CharacterAssets/MannequinSkeleton/AnimationExamples/Base/Locomotion/ALS_N_RunPose_L
[2026.05.21-07.29.20:241][393]AssetTools: /Game/AdvancedLocomotionV4/CharacterAssets/MannequinSkeleton/AnimationExamples/Base/Locomotion/ALS_N_WalkPose_L
[2026.05.21-07.29.20:241][393]AssetTools: /Game/AdvancedLocomotionV4/CharacterAssets/MannequinSkeleton/AnimationExamples/Base/Locomotion/ALS_N_WalkRun_BR
[2026.05.21-07.29.20:241][393]AssetTools: /Game/AdvancedLocomotionV4/CharacterAssets/MannequinSkeleton/AnimationExamples/Base/Locomotion/ALS_N_Run_F
[2026.05.21-07.29.20:241][393]AssetTools: /Game/AdvancedLocomotionV4/CharacterAssets/MannequinSkeleton/AnimationExamples/Base/Locomotion/ALS_N_WalkRun_F
[2026.05.21-07.29.20:241][393]AssetTools: /Game/AdvancedLocomotionV4/CharacterAssets/MannequinSkeleton/AnimationExamples/Base/Locomotion/ALS_N_Run_LF
[2026.05.21-07.29.20:241][393]AssetTools: /Game/AdvancedLocomotionV4/CharacterAssets/MannequinSkeleton/AnimationExamples/Base/Locomotion/ALS_N_WalkRun_FL
[2026.05.21-07.29.20:241][393]AssetTools: /Game/AdvancedLocomotionV4/CharacterAssets/MannequinSkeleton/AnimationExamples/Base/Locomotion/ALS_N_Run_RF
[2026.05.21-07.29.20:241][393]AssetTools: /Game/AdvancedLocomotionV4/CharacterAssets/MannequinSkeleton/AnimationExamples/Base/Locomotion/ALS_N_WalkRun_FR
[2026.05.21-07.29.20:241][393]AssetTools: /Game/AdvancedLocomotionV4/CharacterAssets/MannequinSkeleton/AnimationExamples/Base/Locomotion/Detail/ALS_N_LeanPose_0
[2026.05.21-07.29.20:241][393]AssetTools: /Game/AdvancedLocomotionV4/CharacterAssets/MannequinSkeleton/AnimationExamples/Base/Locomotion/Detail/ALS_N_LeanPose_B
[2026.05.21-07.29.20:241][393]AssetTools: /Game/AdvancedLocomotionV4/CharacterAssets/MannequinSkeleton/AnimationExamples/Base/Locomotion/Detail/ALS_N_LeanPose_F
[2026.05.21-07.29.20:241][393]AssetTools: /Game/AdvancedLocomotionV4/CharacterAssets/MannequinSkeleton/AnimationExamples/Base/Locomotion/Detail/ALS_N_LeanPose_L
[2026.05.21-07.29.20:241][393]AssetTools: /Game/AdvancedLocomotionV4/CharacterAssets/MannequinSkeleton/AnimationExamples/Base/Locomotion/Detail/ALS_N_LeanPose_R
[2026.05.21-07.29.20:241][393]AssetTools: /Game/AdvancedLocomotionV4/CharacterAssets/MannequinSkeleton/AnimationExamples/Base/Locomotion/Detail/ALS_N_Lean
[2026.05.21-07.29.20:241][393]AssetTools: /Game/AdvancedLocomotionV4/CharacterAssets/MannequinSkeleton/AnimationExamples/AimOffsets/ALS_N_Look_D_Sweep
[2026.05.21-07.29.20:241][393]AssetTools: /Game/AdvancedLocomotionV4/CharacterAssets/MannequinSkeleton/AnimationExamples/AimOffsets/ALS_N_Look_U_Sweep
[2026.05.21-07.29.20:241][393]AssetTools: /Game/AdvancedLocomotionV4/CharacterAssets/MannequinSkeleton/AnimationExamples/AimOffsets/ALS_N_Look
[2026.05.21-07.29.20:241][393]AssetTools: /Game/AdvancedLocomotionV4/CharacterAssets/MannequinSkeleton/AnimationExamples/Actions/ALS_CLF_GetUp_Back
[2026.05.21-07.29.20:241][393]AssetTools: /Game/AdvancedLocomotionV4/CharacterAssets/MannequinSkeleton/AnimationExamples/Actions/ALS_CLF_GetUp_Back_Montage_2H
[2026.05.21-07.29.20:241][393]AssetTools: /Game/AdvancedLocomotionV4/Blueprints/AnimNotifys/OverlayOverride_NotifyState
[2026.05.21-07.29.20:241][393]AssetTools: /Game/AdvancedLocomotionV4/Blueprints/AnimNotifys/MovementAction_NotifyState
[2026.05.21-07.29.20:241][393]AssetTools: /Game/AdvancedLocomotionV4/Data/Enums/ALS_ViewMode
[2026.05.21-07.29.20:241][393]AssetTools: /Game/AdvancedLocomotionV4/Data/Enums/ALS_Stance
[2026.05.21-07.29.20:241][393]AssetTools: /Game/AdvancedLocomotionV4/Data/Enums/ALS_RotationMode
[2026.05.21-07.29.20:241][393]AssetTools: /Game/AdvancedLocomotionV4/Data/Enums/ALS_OverlayState
[2026.05.21-07.29.20:241][393]AssetTools: /Game/AdvancedLocomotionV4/Data/Enums/ALS_MovementState
[2026.05.21-07.29.20:241][393]AssetTools: /Game/AdvancedLocomotionV4/Data/Enums/ALS_MovementAction
[2026.05.21-07.29.20:241][393]AssetTools: /Game/AdvancedLocomotionV4/Data/Enums/ALS_Gait
[2026.05.21-07.29.20:241][393]AssetTools: /Game/AdvancedLocomotionV4/Blueprints/Interfaces/ALS_Character_BPI
[2026.05.21-07.29.20:241][393]AssetTools: /Game/AdvancedLocomotionV4/CharacterAssets/MannequinSkeleton/AnimationExamples/Actions/ALS_CLF_GetUp_Back_Montage_Default
[2026.05.21-07.29.20:241][393]AssetTools: /Game/AdvancedLocomotionV4/CharacterAssets/MannequinSkeleton/AnimationExamples/Actions/ALS_CLF_GetUp_Back_Montage_LH
[2026.05.21-07.29.20:241][393]AssetTools: /Game/AdvancedLocomotionV4/CharacterAssets/MannequinSkeleton/AnimationExamples/Actions/ALS_CLF_GetUp_Back_Montage_RH
[2026.05.21-07.29.20:241][393]AssetTools: /Game/AdvancedLocomotionV4/CharacterAssets/MannequinSkeleton/AnimationExamples/Actions/ALS_CLF_GetUp_Front
[2026.05.21-07.29.20:241][393]AssetTools: /Game/AdvancedLocomotionV4/CharacterAssets/MannequinSkeleton/AnimationExamples/Actions/ALS_CLF_GetUp_Front_Montage_2H
[2026.05.21-07.29.20:241][393]AssetTools: /Game/AdvancedLocomotionV4/CharacterAssets/MannequinSkeleton/AnimationExamples/Actions/ALS_CLF_GetUp_Front_Montage_Default
[2026.05.21-07.29.20:241][393]AssetTools: /Game/AdvancedLocomotionV4/CharacterAssets/MannequinSkeleton/AnimationExamples/Actions/ALS_CLF_GetUp_Front_Montage_LH
[2026.05.21-07.29.20:241][393]AssetTools: /Game/AdvancedLocomotionV4/CharacterAssets/MannequinSkeleton/AnimationExamples/Actions/ALS_CLF_GetUp_Front_Montage_RH
[2026.05.21-07.29.20:241][393]AssetTools: /Game/AdvancedLocomotionV4/CharacterAssets/MannequinSkeleton/AnimationExamples/Actions/ALS_N_LandRoll_F_Montage_2H
[2026.05.21-07.29.20:241][393]AssetTools: /Game/AdvancedLocomotionV4/CharacterAssets/MannequinSkeleton/AnimationExamples/Actions/ALS_N_LandRoll_F_Montage_Default
[2026.05.21-07.29.20:241][393]AssetTools: /Game/AdvancedLocomotionV4/CharacterAssets/MannequinSkeleton/AnimationExamples/Actions/ALS_N_LandRoll_F_Montage_LH
[2026.05.21-07.29.20:241][393]AssetTools: /Game/AdvancedLocomotionV4/CharacterAssets/MannequinSkeleton/AnimationExamples/Actions/ALS_N_LandRoll_F_Montage_RH
[2026.05.21-07.29.20:241][393]AssetTools: /Game/AdvancedLocomotionV4/CharacterAssets/MannequinSkeleton/AnimationExamples/Actions/ALS_N_Mantle_1m_RH
[2026.05.21-07.29.20:241][393]AssetTools: /Game/AdvancedLocomotionV4/CharacterAssets/MannequinSkeleton/AnimationExamples/Actions/ALS_N_Mantle_1m_Montage_2H
[2026.05.21-07.29.20:241][393]AssetTools: /Game/AdvancedLocomotionV4/Blueprints/AnimNotifys/EarlyBlendOut_NotifyState
[2026.05.21-07.29.20:242][393]AssetTools: /Game/AdvancedLocomotionV4/CharacterAssets/MannequinSkeleton/AnimationExamples/Actions/ALS_N_Mantle_1m_Montage_Box
[2026.05.21-07.29.20:242][393]AssetTools: /Game/AdvancedLocomotionV4/CharacterAssets/MannequinSkeleton/AnimationExamples/Actions/ALS_N_Mantle_1m_Montage_Default
[2026.05.21-07.29.20:242][393]AssetTools: /Game/AdvancedLocomotionV4/CharacterAssets/MannequinSkeleton/AnimationExamples/Actions/ALS_N_Mantle_1m_LH
[2026.05.21-07.29.20:242][393]AssetTools: /Game/AdvancedLocomotionV4/CharacterAssets/MannequinSkeleton/AnimationExamples/Actions/ALS_N_Mantle_1m_Montage_LH
[2026.05.21-07.29.20:242][393]AssetTools: /Game/AdvancedLocomotionV4/CharacterAssets/MannequinSkeleton/AnimationExamples/Actions/ALS_N_Mantle_1m_Montage_RH
[2026.05.21-07.29.20:242][393]AssetTools: /Game/AdvancedLocomotionV4/CharacterAssets/MannequinSkeleton/AnimationExamples/Actions/ALS_N_Mantle_2m
[2026.05.21-07.29.20:242][393]AssetTools: /Game/AdvancedLocomotionV4/CharacterAssets/MannequinSkeleton/AnimationExamples/Actions/ALS_N_Mantle_2m_Montage_Default
[2026.05.21-07.29.20:242][393]AssetTools: /Game/AdvancedLocomotionV4/CharacterAssets/MannequinSkeleton/AnimationExamples/Base/Locomotion/ALS_CRF_WalkPose
[2026.05.21-07.29.20:242][393]AssetTools: /Game/AdvancedLocomotionV4/CharacterAssets/MannequinSkeleton/AnimationExamples/Base/Locomotion/ALS_CRF_Walk_B
[2026.05.21-07.29.20:242][393]AssetTools: /Game/AdvancedLocomotionV4/CharacterAssets/MannequinSkeleton/AnimationExamples/Base/Locomotion/ALS_CRF_Walk_F
[2026.05.21-07.29.20:242][393]AssetTools: /Game/AdvancedLocomotionV4/CharacterAssets/MannequinSkeleton/AnimationExamples/Overlay/M4A1/ALS_Props_M4A1_Run_F
[2026.05.21-07.29.20:242][393]AssetTools: /Game/AdvancedLocomotionV4/CharacterAssets/MannequinSkeleton/AnimationExamples/Overlay/M4A1/ALS_Props_M4A1_Sprint_F
[2026.05.21-07.29.20:242][393]AssetTools: /Game/AdvancedLocomotionV4/CharacterAssets/MannequinSkeleton/AnimationExamples/Overlay/M4A1/ALS_Props_M4A1_Sprint_F_Impulse
[2026.05.21-07.29.24:266][848]LogUObjectHash: Compacting FUObjectHashTables data took   0.64ms
[2026.05.21-07.29.24:342][848]LogSavePackage: Moving '../../../../../../UEProject/UnrealLearn/AdvancedLocomotionSystemV/Saved/ALS_DemoLevelA08C1E7E49206FF2E5130290EC41AA2B.tmp' to '../../../../../../UEProject/UnrealLearn/AdvancedLocomotionSystemV/Content/AdvancedLocomotionV4/Levels/ALS_DemoLevel.umap'
[2026.05.21-07.29.24:356][848]LogSavePackage: Moving '../../../../../../UEProject/UnrealLearn/AdvancedLocomotionSystemV/Saved/ALS_DemoLevel_BuiltData1E9E0AED4753E04687BD49A2EC36EF76.tmp' to '../../../../../../UEProject/UnrealLearn/AdvancedLocomotionSystemV/Content/AdvancedLocomotionV4/Levels/ALS_DemoLevel_BuiltData.uasset'
[2026.05.21-07.29.24:367][848]AssetCheck: New page: Asset Save: multiple assets
[2026.05.21-07.29.24:368][848]LogContentValidation: Display: Validating MapBuildDataRegistry /Game/AdvancedLocomotionV4/Levels/ALS_DemoLevel_BuiltData.ALS_DemoLevel_BuiltData
[2026.05.21-07.29.24:368][848]LogContentValidation: Display: Validating World /Game/AdvancedLocomotionV4/Levels/ALS_DemoLevel.ALS_DemoLevel
[2026.05.21-07.29.26:820][126]LogUObjectHash: Compacting FUObjectHashTables data took   0.50ms
[2026.05.21-07.29.27:885][247]LogSlate: Window 'Asset Report' being destroyed
[2026.05.21-07.29.29:684][310]LogUObjectHash: Compacting FUObjectHashTables data took   0.24ms
[2026.05.21-07.29.29:714][310]LogSlate: Window 'AdvancedLocomotionSystemV - Unreal Editor' being destroyed
[2026.05.21-07.29.29:792][311]Cmd: QUIT_EDITOR
[2026.05.21-07.29.29:792][311]LogCore: Engine exit requested (reason: UUnrealEdEngine::CloseEditor())
[2026.05.21-07.29.29:796][311]LogCore: Engine exit requested (reason: EngineExit() was called; note: exit was already requested)
[2026.05.21-07.29.29:799][311]LogAudio: Display: Beginning Audio Device Manager Shutdown (Module: AudioMixerXAudio2)...
[2026.05.21-07.29.29:799][311]LogAudio: Display: Destroying 1 Remaining Audio Device(s)...
[2026.05.21-07.29.29:799][311]LogAudio: Display: Audio Device unregistered from world 'ALS_DemoLevel'.
[2026.05.21-07.29.29:799][311]LogAudioMixer: FMixerPlatformXAudio2::StopAudioStream() called
[2026.05.21-07.29.29:800][311]LogAudioMixer: FMixerPlatformXAudio2::StopAudioStream() called
[2026.05.21-07.29.29:802][311]LogAudio: Display: Audio Device Manager Shutdown
[2026.05.21-07.29.29:804][311]LogWindowsTextInputMethodSystem: Display: IME system activated using TSF (微软输入法).
[2026.05.21-07.29.29:807][311]LogExit: Preparing to exit.
[2026.05.21-07.29.30:256][311]LogUObjectHash: Compacting FUObjectHashTables data took   0.55ms
[2026.05.21-07.29.30:364][311]LogWorld: UWorld::CleanupWorld for World_0, bSessionEnded=true, bCleanupResources=true
[2026.05.21-07.29.30:394][311]LogDemo: Cleaned up 0 splitscreen connections with owner deletion
[2026.05.21-07.29.30:399][311]LogWorld: UWorld::CleanupWorld for None, bSessionEnded=true, bCleanupResources=true
[2026.05.21-07.29.30:399][311]LogExit: Editor shut down
[2026.05.21-07.29.30:399][311]LogExit: Transaction tracking system shut down
[2026.05.21-07.29.30:586][311]LogExit: Object subsystem successfully closed.
[2026.05.21-07.29.30:622][311]LogShaderCompilers: Display: === FShaderJobCache stats ===
[2026.05.21-07.29.30:622][311]LogShaderCompilers: Display: Total job queries 0, among them cache hits 0 (0.00%)
[2026.05.21-07.29.30:622][311]LogShaderCompilers: Display: Tracking 0 distinct input hashes that result in 0 distinct outputs (0.00%)
[2026.05.21-07.29.30:622][311]LogShaderCompilers: Display: RAM used: 0.00 MB (0.00 GB) of 716.80 MB (0.70 GB) budget. Usage: 0.00%
[2026.05.21-07.29.30:622][311]LogShaderCompilers: Display: ================================================
[2026.05.21-07.29.30:628][311]LogShaderCompilers: Display: Shaders left to compile 0
[2026.05.21-07.29.30:649][311]LogModuleManager: Shutting down and abandoning module HierarchicalLODOutliner (886)
[2026.05.21-07.29.30:649][311]LogModuleManager: Shutting down and abandoning module SceneOutliner (884)
[2026.05.21-07.29.30:649][311]LogModuleManager: Shutting down and abandoning module AddContentDialog (882)
[2026.05.21-07.29.30:649][311]LogModuleManager: Shutting down and abandoning module WidgetCarousel (881)
[2026.05.21-07.29.30:650][311]LogModuleManager: Shutting down and abandoning module EditorWidgets (878)
[2026.05.21-07.29.30:650][311]LogModuleManager: Shutting down and abandoning module StatsViewer (876)
[2026.05.21-07.29.30:650][311]LogModuleManager: Shutting down and abandoning module PIEPreviewDeviceProfileSelector (874)
[2026.05.21-07.29.30:650][311]LogModuleManager: Shutting down and abandoning module SequenceRecorderSections (872)
[2026.05.21-07.29.30:650][311]LogModuleManager: Shutting down and abandoning module AutomationWorker (870)
[2026.05.21-07.29.30:650][311]LogModuleManager: Shutting down and abandoning module SteamVREditor (868)
[2026.05.21-07.29.30:650][311]LogModuleManager: Shutting down and abandoning module OculusMR (866)
[2026.05.21-07.29.30:650][311]LogModuleManager: Shutting down and abandoning module RiderLC (864)
[2026.05.21-07.29.30:650][311]LogModuleManager: Shutting down and abandoning module RiderShaderInfo (862)
[2026.05.21-07.29.30:650][311]LogModuleManager: Shutting down and abandoning module TakeRecorderSources (860)
[2026.05.21-07.29.30:650][311]LogModuleManager: Shutting down and abandoning module TakeRecorder (859)
[2026.05.21-07.29.30:650][311]LogModuleManager: Shutting down and abandoning module TakeTrackRecorders (856)
[2026.05.21-07.29.30:650][311]LogModuleManager: Shutting down and abandoning module TakesCore (854)
[2026.05.21-07.29.30:650][311]LogModuleManager: Shutting down and abandoning module OpenXRInput (852)
[2026.05.21-07.29.30:650][311]LogModuleManager: Shutting down and abandoning module GooglePADEditor (850)
[2026.05.21-07.29.30:650][311]LogModuleManager: Shutting down and abandoning module AudioCaptureEditor (848)
[2026.05.21-07.29.30:650][311]LogModuleManager: Shutting down and abandoning module MatineeToLevelSequence (846)
[2026.05.21-07.29.30:650][311]LogModuleManager: Shutting down and abandoning module TemplateSequenceEditor (844)
[2026.05.21-07.29.30:650][311]LogModuleManager: Shutting down and abandoning module MediaPlayerEditor (842)
[2026.05.21-07.29.30:650][311]LogModuleManager: Shutting down and abandoning module LevelSequenceEditor (840)
[2026.05.21-07.29.30:650][311]LogModuleManager: Shutting down and abandoning module WmfMediaFactory (838)
[2026.05.21-07.29.30:650][311]LogModuleManager: Shutting down and abandoning module WmfMediaEditor (836)
[2026.05.21-07.29.30:650][311]LogModuleManager: Shutting down and abandoning module ActorSequenceEditor (834)
[2026.05.21-07.29.30:650][311]LogModuleManager: Shutting down and abandoning module WebMMediaFactory (832)
[2026.05.21-07.29.30:651][311]LogModuleManager: Shutting down and abandoning module WebMMediaEditor (830)
[2026.05.21-07.29.30:651][311]LogModuleManager: Shutting down and abandoning module WebMMedia (828)
[2026.05.21-07.29.30:651][311]LogModuleManager: Shutting down and abandoning module OpenExrWrapper (826)
[2026.05.21-07.29.30:651][311]LogModuleManager: Shutting down and abandoning module ImgMediaFactory (824)
[2026.05.21-07.29.30:651][311]LogModuleManager: Shutting down and abandoning module ImgMediaEditor (822)
[2026.05.21-07.29.30:651][311]LogModuleManager: Shutting down and abandoning module MediaCompositingEditor (820)
[2026.05.21-07.29.30:651][311]LogModuleManager: Shutting down and abandoning module SequenceRecorder (819)
[2026.05.21-07.29.30:651][311]LogModuleManager: Shutting down and abandoning module AvfMediaFactory (816)
[2026.05.21-07.29.30:651][311]LogModuleManager: Shutting down and abandoning module AvfMediaEditor (814)
[2026.05.21-07.29.30:651][311]LogModuleManager: Shutting down and abandoning module AndroidMediaFactory (812)
[2026.05.21-07.29.30:651][311]LogModuleManager: Shutting down and abandoning module AndroidMediaEditor (810)
[2026.05.21-07.29.30:651][311]LogModuleManager: Shutting down and abandoning module MagicLeapMediaCodecFactory (808)
[2026.05.21-07.29.30:651][311]LogModuleManager: Shutting down and abandoning module MagicLeapMediaFactory (806)
[2026.05.21-07.29.30:651][311]LogModuleManager: Shutting down and abandoning module MagicLeapMediaEditor (804)
[2026.05.21-07.29.30:651][311]LogModuleManager: Shutting down and abandoning module PlanarCut (802)
[2026.05.21-07.29.30:651][311]LogModuleManager: Shutting down and abandoning module CharacterAI (800)
[2026.05.21-07.29.30:651][311]LogModuleManager: Shutting down and abandoning module TextureAlignMode (798)
[2026.05.21-07.29.30:651][311]LogModuleManager: Shutting down and abandoning module BspMode (796)
[2026.05.21-07.29.30:651][311]LogModuleManager: Shutting down and abandoning module GeometryMode (794)
[2026.05.21-07.29.30:651][311]LogModuleManager: Shutting down and abandoning module CameraShakePreviewer (792)
[2026.05.21-07.29.30:651][311]LogModuleManager: Shutting down and abandoning module SmartSnapping (790)
[2026.05.21-07.29.30:651][311]LogModuleManager: Shutting down and abandoning module SessionServices (788)
[2026.05.21-07.29.30:651][311]LogModuleManager: Shutting down and abandoning module MeshPaint (786)
[2026.05.21-07.29.30:651][311]LogModuleManager: Shutting down and abandoning module VirtualTexturingEditor (784)
[2026.05.21-07.29.30:651][311]LogModuleManager: Shutting down and abandoning module FoliageEdit (782)
[2026.05.21-07.29.30:651][311]LogModuleManager: Shutting down and abandoning module LandscapeEditor (780)
[2026.05.21-07.29.30:651][311]LogModuleManager: Shutting down and abandoning module MeshPaintMode (778)
[2026.05.21-07.29.30:651][311]LogModuleManager: Shutting down and abandoning module SceneDepthPickerMode (776)
[2026.05.21-07.29.30:651][311]LogModuleManager: Shutting down and abandoning module ActorPickerMode (774)
[2026.05.21-07.29.30:651][311]LogModuleManager: Shutting down and abandoning module PlacementMode (772)
[2026.05.21-07.29.30:651][311]LogModuleManager: Shutting down and abandoning module ViewportSnapping (770)
[2026.05.21-07.29.30:651][311]LogModuleManager: Shutting down and abandoning module ViewportInteraction (768)
[2026.05.21-07.29.30:651][311]LogModuleManager: Shutting down and abandoning module ClothPainter (766)
[2026.05.21-07.29.30:651][311]LogModuleManager: Shutting down and abandoning module SkeletalMeshEditor (765)
[2026.05.21-07.29.30:651][311]LogModuleManager: Shutting down and abandoning module LogVisualizer (762)
[2026.05.21-07.29.30:651][311]LogModuleManager: Shutting down and abandoning module IntroTutorials (760)
[2026.05.21-07.29.30:651][311]LogModuleManager: Shutting down and abandoning module GameProjectGeneration (759)
[2026.05.21-07.29.30:651][311]LogModuleManager: Shutting down and abandoning module LuminPlatformEditor (756)
[2026.05.21-07.29.30:651][311]LogModuleManager: Shutting down and abandoning module IOSPlatformEditor (754)
[2026.05.21-07.29.30:651][311]LogModuleManager: Shutting down and abandoning module AndroidPlatformEditor (752)
[2026.05.21-07.29.30:651][311]LogModuleManager: Shutting down and abandoning module AndroidDeviceDetection (751)
[2026.05.21-07.29.31:172][311]LogModuleManager: Shutting down and abandoning module WindowsPlatformEditor (748)
[2026.05.21-07.29.31:172][311]LogModuleManager: Shutting down and abandoning module LuminRuntimeSettings (746)
[2026.05.21-07.29.31:172][311]LogModuleManager: Shutting down and abandoning module IOSRuntimeSettings (744)
[2026.05.21-07.29.31:172][311]LogModuleManager: Shutting down and abandoning module AndroidRuntimeSettings (742)
[2026.05.21-07.29.31:172][311]LogModuleManager: Shutting down and abandoning module TraceInsights (740)
[2026.05.21-07.29.31:172][311]MemoryProfiler: Shutdown
[2026.05.21-07.29.31:172][311]NetworkingProfiler: Shutdown
[2026.05.21-07.29.31:172][311]LoadingProfiler: Shutdown
[2026.05.21-07.29.31:172][311]TimingProfiler: Shutdown
[2026.05.21-07.29.31:172][311]LogModuleManager: Shutting down and abandoning module TraceServices (739)
[2026.05.21-07.29.31:172][311]LogModuleManager: Shutting down and abandoning module EditorInteractiveToolsFramework (736)
[2026.05.21-07.29.31:172][311]LogModuleManager: Shutting down and abandoning module TimeManagementEditor (734)
[2026.05.21-07.29.31:172][311]LogModuleManager: Shutting down and abandoning module InputBindingEditor (732)
[2026.05.21-07.29.31:172][311]LogModuleManager: Shutting down and abandoning module MergeActors (730)
[2026.05.21-07.29.31:172][311]LogModuleManager: Shutting down and abandoning module LocalizationDashboard (728)
[2026.05.21-07.29.31:172][311]LogModuleManager: Shutting down and abandoning module LocalizationService (727)
[2026.05.21-07.29.31:172][311]LogModuleManager: Shutting down and abandoning module HardwareTargeting (724)
[2026.05.21-07.29.31:172][311]LogModuleManager: Shutting down and abandoning module DeviceProfileEditor (722)
[2026.05.21-07.29.31:172][311]LogModuleManager: Shutting down and abandoning module UndoHistory (720)
[2026.05.21-07.29.31:172][311]LogModuleManager: Shutting down and abandoning module XmlParser (718)
[2026.05.21-07.29.31:172][311]LogModuleManager: Shutting down and abandoning module Blutility (716)
[2026.05.21-07.29.31:172][311]LogModuleManager: Shutting down and abandoning module ProjectSettingsViewer (714)
[2026.05.21-07.29.31:172][311]LogModuleManager: Shutting down and abandoning module ProjectTargetPlatformEditor (713)
[2026.05.21-07.29.31:172][311]LogModuleManager: Shutting down and abandoning module EditorSettingsViewer (710)
[2026.05.21-07.29.31:172][311]LogModuleManager: Shutting down and abandoning module InternationalizationSettings (709)
[2026.05.21-07.29.31:172][311]LogModuleManager: Shutting down and abandoning module SettingsEditor (706)
[2026.05.21-07.29.31:172][311]LogModuleManager: Shutting down and abandoning module ProjectLauncher (704)
[2026.05.21-07.29.31:172][311]LogModuleManager: Shutting down and abandoning module SessionFrontend (702)
[2026.05.21-07.29.31:172][311]LogModuleManager: Shutting down and abandoning module ProfilerClient (700)
[2026.05.21-07.29.31:172][311]LogModuleManager: Shutting down and abandoning module DeviceManager (698)
[2026.05.21-07.29.31:172][311]LogModuleManager: Shutting down and abandoning module TargetDeviceServices (697)
[2026.05.21-07.29.31:205][311]LogModuleManager: Shutting down and abandoning module AutomationController (694)
[2026.05.21-07.29.31:205][311]LogModuleManager: Shutting down and abandoning module AutomationWindow (692)
[2026.05.21-07.29.31:205][311]LogModuleManager: Shutting down and abandoning module Layers (690)
[2026.05.21-07.29.31:205][311]LogModuleManager: Shutting down and abandoning module ComponentVisualizers (688)
[2026.05.21-07.29.31:205][311]LogModuleManager: Shutting down and abandoning module DetailCustomizations (686)
[2026.05.21-07.29.31:205][311]LogModuleManager: Shutting down and abandoning module PackagesDialog (684)
[2026.05.21-07.29.31:205][311]LogModuleManager: Shutting down and abandoning module AnimationBlueprintEditor (682)
[2026.05.21-07.29.31:205][311]LogModuleManager: Shutting down and abandoning module Persona (680)
[2026.05.21-07.29.31:205][311]LogModuleManager: Shutting down and abandoning module AdvancedPreviewScene (679)
[2026.05.21-07.29.31:205][311]LogModuleManager: Shutting down and abandoning module AnimGraph (677)
[2026.05.21-07.29.31:206][311]LogModuleManager: Shutting down and abandoning module Kismet (674)
[2026.05.21-07.29.31:208][311]LogModuleManager: Shutting down and abandoning module KismetWidgets (673)
[2026.05.21-07.29.31:208][311]LogModuleManager: Shutting down and abandoning module GraphEditor (670)
[2026.05.21-07.29.31:208][311]LogModuleManager: Shutting down and abandoning module StructViewer (668)
[2026.05.21-07.29.31:208][311]LogModuleManager: Shutting down and abandoning module ClassViewer (666)
[2026.05.21-07.29.31:208][311]LogModuleManager: Shutting down and abandoning module Toolbox (664)
[2026.05.21-07.29.31:208][311]LogModuleManager: Shutting down and abandoning module ModuleUI (662)
[2026.05.21-07.29.31:208][311]LogModuleManager: Shutting down and abandoning module OutputLog (660)
[2026.05.21-07.29.31:208][311]LogModuleManager: Shutting down and abandoning module GammaUI (658)
[2026.05.21-07.29.31:208][311]LogModuleManager: Shutting down and abandoning module Documentation (656)
[2026.05.21-07.29.31:208][311]LogModuleManager: Shutting down and abandoning module LiveCoding (654)
[2026.05.21-07.29.31:208][311]LogModuleManager: Shutting down and abandoning module LevelSequence (652)
[2026.05.21-07.29.31:208][311]LogModuleManager: Shutting down and abandoning module MovieSceneTracks (650)
[2026.05.21-07.29.31:208][311]LogModuleManager: Shutting down and abandoning module MovieScene (648)
[2026.05.21-07.29.31:208][311]LogModuleManager: Shutting down and abandoning module StreamingPauseRendering (646)
[2026.05.21-07.29.31:208][311]LogModuleManager: Shutting down and abandoning module LauncherPlatform (644)
[2026.05.21-07.29.31:209][311]LogModuleManager: Shutting down and abandoning module AnalyticsET (642)
[2026.05.21-07.29.31:209][311]LogModuleManager: Shutting down and abandoning module PortalServices (640)
[2026.05.21-07.29.31:209][311]LogModuleManager: Shutting down and abandoning module PortalRpc (638)
[2026.05.21-07.29.31:209][311]LogModuleManager: Shutting down and abandoning module MessagingRpc (636)
[2026.05.21-07.29.31:209][311]LogModuleManager: Shutting down and abandoning module AudioMixerXAudio2 (634)
[2026.05.21-07.29.31:209][311]LogModuleManager: Shutting down and abandoning module AudioMixerCore (633)
[2026.05.21-07.29.31:209][311]LogModuleManager: Shutting down and abandoning module AIModule (630)
[2026.05.21-07.29.31:209][311]LogModuleManager: Shutting down and abandoning module GameplayDebugger (629)
[2026.05.21-07.29.31:209][311]LogModuleManager: Shutting down and abandoning module AITestSuite (627)
[2026.05.21-07.29.31:209][311]LogModuleManager: Shutting down and abandoning module NavigationSystem (625)
[2026.05.21-07.29.31:209][311]LogModuleManager: Shutting down and abandoning module ImageWriteQueue (622)
[2026.05.21-07.29.31:217][311]LogModuleManager: Shutting down and abandoning module ProfilerService (620)
[2026.05.21-07.29.31:224][311]LogModuleManager: Shutting down and abandoning module TaskGraph (618)
[2026.05.21-07.29.31:224][311]LogModuleManager: Shutting down and abandoning module AudioSynesthesiaEditor (616)
[2026.05.21-07.29.31:224][311]LogModuleManager: Shutting down and abandoning module OculusEditor (614)
[2026.05.21-07.29.31:224][311]LogModuleManager: Shutting down and abandoning module OculusInput (612)
[2026.05.21-07.29.31:224][311]LogModuleManager: Shutting down and abandoning module RiderGameControl (610)
[2026.05.21-07.29.31:224][311]LogModuleManager: Shutting down and abandoning module RiderBlueprint (608)
[2026.05.21-07.29.31:224][311]LogModuleManager: Shutting down and abandoning module ContentBrowserFileDataSource (606)
[2026.05.21-07.29.31:224][311]LogModuleManager: Shutting down and abandoning module ContentBrowserAssetDataSource (604)
[2026.05.21-07.29.31:224][311]LogModuleManager: Shutting down and abandoning module ContentBrowserClassDataSource (602)
[2026.05.21-07.29.31:224][311]LogModuleManager: Shutting down and abandoning module CollectionManager (601)
[2026.05.21-07.29.31:225][311]LogModuleManager: Shutting down and abandoning module ScreenshotTools (598)
[2026.05.21-07.29.31:225][311]LogModuleManager: Shutting down and abandoning module TakeSequencer (596)
[2026.05.21-07.29.31:225][311]LogModuleManager: Shutting down and abandoning module TakeMovieScene (594)
[2026.05.21-07.29.31:225][311]LogModuleManager: Shutting down and abandoning module SynthesisEditor (592)
[2026.05.21-07.29.31:225][311]LogModuleManager: Shutting down and abandoning module Synthesis (590)
[2026.05.21-07.29.31:225][311]LogModuleManager: Shutting down and abandoning module ProceduralMeshComponentEditor (588)
[2026.05.21-07.29.31:225][311]LogModuleManager: Shutting down and abandoning module ProceduralMeshComponent (586)
[2026.05.21-07.29.31:225][311]LogModuleManager: Shutting down and abandoning module OpenXREditor (584)
[2026.05.21-07.29.31:225][311]LogModuleManager: Shutting down and abandoning module MobilePatchingUtils (582)
[2026.05.21-07.29.31:225][311]LogModuleManager: Shutting down and abandoning module GooglePAD (580)
[2026.05.21-07.29.31:225][311]LogModuleManager: Shutting down and abandoning module EditableMesh (578)
[2026.05.21-07.29.31:225][311]LogModuleManager: Shutting down and abandoning module CableComponent (576)
[2026.05.21-07.29.31:225][311]LogModuleManager: Shutting down and abandoning module CustomMeshComponent (574)
[2026.05.21-07.29.31:225][311]LogModuleManager: Shutting down and abandoning module AudioCapture (572)
[2026.05.21-07.29.31:225][311]LogModuleManager: Shutting down and abandoning module AudioCaptureRtAudio (571)
[2026.05.21-07.29.31:225][311]LogModuleManager: Shutting down and abandoning module AssetTags (568)
[2026.05.21-07.29.31:225][311]LogModuleManager: Shutting down and abandoning module ArchVisCharacter (566)
[2026.05.21-07.29.31:225][311]LogModuleManager: Shutting down and abandoning module AndroidPermission (564)
[2026.05.21-07.29.31:225][311]LogModuleManager: Shutting down and abandoning module AppleImageUtilsBlueprintSupport (562)
[2026.05.21-07.29.31:225][311]LogModuleManager: Shutting down and abandoning module AppleImageUtils (560)
[2026.05.21-07.29.31:225][311]LogModuleManager: Shutting down and abandoning module ActorLayerUtilitiesEditor (558)
[2026.05.21-07.29.31:225][311]LogModuleManager: Shutting down and abandoning module ActorLayerUtilities (556)
[2026.05.21-07.29.31:225][311]LogModuleManager: Shutting down and abandoning module TemplateSequence (554)
[2026.05.21-07.29.31:225][311]LogModuleManager: Shutting down and abandoning module ImgMedia (552)
[2026.05.21-07.29.31:225][311]LogModuleManager: Shutting down and abandoning module MediaCompositing (550)
[2026.05.21-07.29.31:225][311]LogModuleManager: Shutting down and abandoning module PluginUtils (548)
[2026.05.21-07.29.31:225][311]LogModuleManager: Shutting down and abandoning module VisualStudioSourceCodeAccess (546)
[2026.05.21-07.29.31:225][311]LogModuleManager: Shutting down and abandoning module VisualStudioCodeSourceCodeAccess (544)
[2026.05.21-07.29.31:225][311]LogModuleManager: Shutting down and abandoning module UObjectPlugin (542)
[2026.05.21-07.29.31:225][311]LogModuleManager: Shutting down and abandoning module SubversionSourceControl (540)
[2026.05.21-07.29.31:225][311]LogModuleManager: Shutting down and abandoning module RiderSourceCodeAccess (538)
[2026.05.21-07.29.31:225][311]LogModuleManager: Shutting down and abandoning module PlasticSourceControl (536)
[2026.05.21-07.29.31:225][311]LogModuleManager: Shutting down and abandoning module PerforceSourceControl (534)
[2026.05.21-07.29.31:225][311]LogModuleManager: Shutting down and abandoning module GitSourceControl (532)
[2026.05.21-07.29.31:225][311]LogModuleManager: Shutting down and abandoning module SourceControl (531)
[2026.05.21-07.29.31:225][311]LogModuleManager: Shutting down and abandoning module CLionSourceCodeAccess (528)
[2026.05.21-07.29.31:225][311]LogModuleManager: Shutting down and abandoning module AnimationSharingEd (526)
[2026.05.21-07.29.31:225][311]LogModuleManager: Shutting down and abandoning module MagicLeapSharedWorld (524)
[2026.05.21-07.29.31:225][311]LogModuleManager: Shutting down and abandoning module MagicLeapLightEstimation (522)
[2026.05.21-07.29.31:225][311]LogModuleManager: Shutting down and abandoning module MagicLeapHelperVulkan (520)
[2026.05.21-07.29.31:225][311]LogModuleManager: Shutting down and abandoning module MagicLeapHelperOpenGL (518)
[2026.05.21-07.29.31:225][311]LogModuleManager: Shutting down and abandoning module MagicLeapAudio (516)
[2026.05.21-07.29.31:225][311]LogModuleManager: Shutting down and abandoning module NiagaraEditorWidgets (514)
[2026.05.21-07.29.31:225][311]LogModuleManager: Shutting down and abandoning module GeometryCacheTracks (512)
[2026.05.21-07.29.31:225][311]LogModuleManager: Shutting down and abandoning module GeometryCacheStreamer (510)
[2026.05.21-07.29.31:225][311]LogModuleManager: Shutting down and abandoning module GeometryCacheSequencer (508)
[2026.05.21-07.29.31:225][311]LogModuleManager: Shutting down and abandoning module OpenImageDenoise (506)
[2026.05.21-07.29.31:225][311]LogOpenImageDenoise: OIDN shutting down
[2026.05.21-07.29.31:225][311]LogModuleManager: Shutting down and abandoning module MotoSynthEditor (504)
[2026.05.21-07.29.31:225][311]LogModuleManager: Shutting down and abandoning module MotoSynth (502)
[2026.05.21-07.29.31:225][311]LogModuleManager: Shutting down and abandoning module MeshConversion (500)
[2026.05.21-07.29.31:225][311]LogModuleManager: Shutting down and abandoning module DynamicMesh (498)
[2026.05.21-07.29.31:225][311]LogModuleManager: Shutting down and abandoning module GeometryAlgorithms (496)
[2026.05.21-07.29.31:225][311]LogModuleManager: Shutting down and abandoning module GeometricObjects (494)
[2026.05.21-07.29.31:225][311]LogModuleManager: Shutting down and abandoning module GeometryCollectionTracks (492)
[2026.05.21-07.29.31:225][311]LogModuleManager: Shutting down and abandoning module GeometryCollectionSequencer (491)
[2026.05.21-07.29.31:225][311]LogModuleManager: Shutting down and abandoning module GeometryCollectionEditor (488)
[2026.05.21-07.29.31:225][311]LogModuleManager: Shutting down and abandoning module ChaosSolverEditor (486)
[2026.05.21-07.29.31:225][311]LogModuleManager: Shutting down and abandoning module ChaosNiagara (484)
[2026.05.21-07.29.31:225][311]LogModuleManager: Shutting down and abandoning module FractureEditor (482)
[2026.05.21-07.29.31:225][311]LogModuleManager: Shutting down and abandoning module FieldSystemEngine (481)
[2026.05.21-07.29.31:225][311]LogModuleManager: Shutting down and abandoning module ChaosClothEditor (478)
[2026.05.21-07.29.31:225][311]LogModuleManager: Shutting down and abandoning module AutomationUtilsEditor (476)
[2026.05.21-07.29.31:225][311]LogModuleManager: Shutting down and abandoning module AutomationUtils (474)
[2026.05.21-07.29.31:226][311]LogModuleManager: Shutting down and abandoning module BackChannel (472)
[2026.05.21-07.29.31:226][311]LogModuleManager: Shutting down and abandoning module AlembicImporter (470)
[2026.05.21-07.29.31:226][311]LogModuleManager: Shutting down and abandoning module AlembicLibrary (469)
[2026.05.21-07.29.31:226][311]LogModuleManager: Shutting down and abandoning module GeometryCache (468)
[2026.05.21-07.29.31:226][311]LogModuleManager: Shutting down and abandoning module GeometryCacheEd (467)
[2026.05.21-07.29.31:226][311]LogModuleManager: Shutting down and abandoning module SpeedTreeImporter (462)
[2026.05.21-07.29.31:226][311]LogModuleManager: Shutting down and abandoning module PluginBrowser (460)
[2026.05.21-07.29.31:226][311]LogModuleManager: Shutting down and abandoning module MobileLauncherProfileWizard (458)
[2026.05.21-07.29.31:226][311]LogModuleManager: Shutting down and abandoning module MaterialAnalyzer (456)
[2026.05.21-07.29.31:226][311]LogModuleManager: Shutting down and abandoning module VariantManagerContentEditor (454)
[2026.05.21-07.29.31:226][311]LogModuleManager: Shutting down and abandoning module CurveEditorTools (452)
[2026.05.21-07.29.31:226][311]LogModuleManager: Shutting down and abandoning module CryptoKeysOpenSSL (450)
[2026.05.21-07.29.31:226][311]LogModuleManager: Shutting down and abandoning module CryptoKeys (448)
[2026.05.21-07.29.31:226][311]LogModuleManager: Shutting down and abandoning module DatasmithContentEditor (446)
[2026.05.21-07.29.31:226][311]LogModuleManager: Shutting down and abandoning module OodleNetworkHandlerComponent (444)
[2026.05.21-07.29.31:226][311]LogModuleManager: Shutting down and abandoning module LightPropagationVolumeEditor (442)
[2026.05.21-07.29.31:226][311]LogModuleManager: Shutting down and abandoning module LiveLinkSequencer (440)
[2026.05.21-07.29.31:226][311]LogModuleManager: Shutting down and abandoning module LiveLinkMovieScene (438)
[2026.05.21-07.29.31:226][311]LogModuleManager: Shutting down and abandoning module LiveLinkGraphNode (436)
[2026.05.21-07.29.31:226][311]LogModuleManager: Shutting down and abandoning module LiveLinkEditor (434)
[2026.05.21-07.29.31:226][311]LogModuleManager: Shutting down and abandoning module LiveLinkComponents (432)
[2026.05.21-07.29.31:226][311]LogModuleManager: Shutting down and abandoning module LiveLink (430)
[2026.05.21-07.29.31:317][311]LogModuleManager: Shutting down and abandoning module PaperTiledImporter (428)
[2026.05.21-07.29.31:317][311]LogModuleManager: Shutting down and abandoning module PaperSpriteSheetImporter (426)
[2026.05.21-07.29.31:317][311]LogModuleManager: Shutting down and abandoning module Paper2DEditor (424)
[2026.05.21-07.29.31:317][311]LogModuleManager: Shutting down and abandoning module MeshPaintingToolset (422)
[2026.05.21-07.29.31:317][311]LogModuleManager: Shutting down and abandoning module MeshPaintEditorMode (420)
[2026.05.21-07.29.31:317][311]LogModuleManager: Shutting down and abandoning module RiderDebuggerSupport (418)
[2026.05.21-07.29.31:317][311]LogModuleManager: Shutting down and abandoning module RiderLogging (416)
[2026.05.21-07.29.31:318][311]LogModuleManager: Shutting down and abandoning module RiderLink (414)
[2026.05.21-07.29.31:319][311]LogModuleManager: Shutting down and abandoning module RD (412)
[2026.05.21-07.29.31:319][311]LogModuleManager: Shutting down and abandoning module RuntimePhysXCooking (410)
[2026.05.21-07.29.31:319][311]LogModuleManager: Shutting down and abandoning module SoundFields (408)
[2026.05.21-07.29.31:319][311]LogModuleManager: Shutting down and abandoning module SignificanceManager (406)
[2026.05.21-07.29.31:319][311]LogModuleManager: Shutting down and abandoning module PropertyAccessEditor (404)
[2026.05.21-07.29.31:319][311]LogModuleManager: Shutting down and abandoning module PhysXVehiclesEditor (402)
[2026.05.21-07.29.31:319][311]LogModuleManager: Shutting down and abandoning module TcpMessaging (398)
[2026.05.21-07.29.31:420][311]LogModuleManager: Shutting down and abandoning module LocationServicesBPLibrary (396)
[2026.05.21-07.29.31:420][311]LogModuleManager: Shutting down and abandoning module AudioSynesthesia (394)
[2026.05.21-07.29.31:420][311]LogModuleManager: Shutting down and abandoning module AudioSynesthesiaCore (392)
[2026.05.21-07.29.31:420][311]LogModuleManager: Shutting down and abandoning module UdpMessaging (390)
[2026.05.21-07.29.31:521][311]LogModuleManager: Shutting down and abandoning module ActorSequence (388)
[2026.05.21-07.29.31:521][311]LogModuleManager: Shutting down and abandoning module ImgMediaEngine (386)
[2026.05.21-07.29.31:521][311]LogModuleManager: Shutting down and abandoning module PropertyAccessNode (384)
[2026.05.21-07.29.31:521][311]LogModuleManager: Shutting down and abandoning module AnimationSharing (382)
[2026.05.21-07.29.31:521][311]LogModuleManager: Shutting down and abandoning module MagicLeapARPin (380)
[2026.05.21-07.29.31:521][311]LogModuleManager: Shutting down and abandoning module MagicLeapHandMeshing (378)
[2026.05.21-07.29.31:521][311]LogModuleManager: Shutting down and abandoning module MagicLeapSecureStorage (376)
[2026.05.21-07.29.31:521][311]LogModuleManager: Shutting down and abandoning module MagicLeapPrivileges (374)
[2026.05.21-07.29.31:521][311]LogModuleManager: Shutting down and abandoning module MagicLeapPlanes (372)
[2026.05.21-07.29.31:521][311]LogMagicLeapPlanes: Planes tracker already destroyed.
[2026.05.21-07.29.31:521][311]LogModuleManager: Shutting down and abandoning module MagicLeapImageTracker (370)
[2026.05.21-07.29.31:521][311]LogModuleManager: Shutting down and abandoning module MagicLeapIdentity (368)
[2026.05.21-07.29.31:521][311]LogModuleManager: Shutting down and abandoning module MagicLeapHandTracking (366)
[2026.05.21-07.29.31:521][311]LogModuleManager: Shutting down and abandoning module MagicLeapEyeTracker (364)
[2026.05.21-07.29.31:521][311]LogModuleManager: Shutting down and abandoning module MagicLeapController (362)
[2026.05.21-07.29.31:521][311]LogModuleManager: Shutting down and abandoning module MagicLeapARPinImpl (360)
[2026.05.21-07.29.31:521][311]LogModuleManager: Shutting down and abandoning module MagicLeapAR (358)
[2026.05.21-07.29.31:521][311]LogModuleManager: Shutting down and abandoning module NiagaraAnimNotifies (356)
[2026.05.21-07.29.31:521][311]LogModuleManager: Shutting down and abandoning module Niagara (354)
[2026.05.21-07.29.31:521][311]LogModuleManager: Shutting down and abandoning module SignalProcessing (353)
[2026.05.21-07.29.31:521][311]LogModuleManager: Shutting down and abandoning module NiagaraEditor (351)
[2026.05.21-07.29.31:521][311]LogModuleManager: Shutting down and abandoning module NiagaraCore (348)
[2026.05.21-07.29.31:521][311]LogModuleManager: Shutting down and abandoning module PythonScriptPlugin (346)
[2026.05.21-07.29.31:521][311]LogModuleManager: Shutting down and abandoning module GameplayTagsEditor (344)
[2026.05.21-07.29.31:521][311]LogModuleManager: Shutting down and abandoning module FacialAnimationEditor (342)
[2026.05.21-07.29.31:521][311]LogModuleManager: Shutting down and abandoning module FacialAnimation (340)
[2026.05.21-07.29.31:521][311]LogModuleManager: Shutting down and abandoning module DataValidation (338)
[2026.05.21-07.29.31:521][311]LogModuleManager: Shutting down and abandoning module AssetManagerEditor (336)
[2026.05.21-07.29.31:521][311]LogModuleManager: Shutting down and abandoning module LevelEditor (335)
[2026.05.21-07.29.31:522][311]LogModuleManager: Shutting down and abandoning module PixelInspectorModule (334)
[2026.05.21-07.29.31:522][311]LogModuleManager: Shutting down and abandoning module CommonMenuExtensions (332)
[2026.05.21-07.29.31:522][311]LogModuleManager: Shutting down and abandoning module MainFrame (330)
[2026.05.21-07.29.31:522][311]LogModuleManager: Shutting down and abandoning module HotReload (329)
[2026.05.21-07.29.31:522][311]LogModuleManager: Shutting down and abandoning module ToolMenus (325)
[2026.05.21-07.29.31:522][311]LogModuleManager: Shutting down and abandoning module ContentBrowser (323)
[2026.05.21-07.29.31:522][311]LogModuleManager: Shutting down and abandoning module ContentBrowserData (322)
[2026.05.21-07.29.31:522][311]LogModuleManager: Shutting down and abandoning module TreeMap (319)
[2026.05.21-07.29.31:522][311]LogModuleManager: Shutting down and abandoning module GameplayCameras (316)
[2026.05.21-07.29.31:522][311]LogModuleManager: Shutting down and abandoning module LightPropagationVolumeRuntime (314)
[2026.05.21-07.29.31:522][311]LogModuleManager: Shutting down and abandoning module EnvironmentQueryEditor (312)
[2026.05.21-07.29.31:522][311]LogModuleManager: Shutting down and abandoning module Paper2D (310)
[2026.05.21-07.29.31:522][311]LogModuleManager: Shutting down and abandoning module WindowsMoviePlayer (308)
[2026.05.21-07.29.31:523][311]LogModuleManager: Shutting down and abandoning module WebMMoviePlayer (306)
[2026.05.21-07.29.31:523][311]LogModuleManager: Shutting down and abandoning module NetworkReplayStreaming (304)
[2026.05.21-07.29.31:523][311]LogModuleManager: Shutting down and abandoning module PacketHandler (302)
[2026.05.21-07.29.31:523][311]LogModuleManager: Shutting down and abandoning module ClothingSystemEditor (300)
[2026.05.21-07.29.31:523][311]LogModuleManager: Shutting down and abandoning module ClothingSystemRuntimeNv (298)
[2026.05.21-07.29.31:523][311]LogModuleManager: Shutting down and abandoning module MediaAssets (296)
[2026.05.21-07.29.31:523][311]LogModuleManager: Shutting down and abandoning module Overlay (294)
[2026.05.21-07.29.31:523][311]LogModuleManager: Shutting down and abandoning module OverlayEditor (293)
[2026.05.21-07.29.31:523][311]LogModuleManager: Shutting down and abandoning module VREditor (290)
[2026.05.21-07.29.31:523][311]LogModuleManager: Shutting down and abandoning module StringTableEditor (288)
[2026.05.21-07.29.31:523][311]LogModuleManager: Shutting down and abandoning module GameplayTasksEditor (286)
[2026.05.21-07.29.31:523][311]LogModuleManager: Shutting down and abandoning module BehaviorTreeEditor (284)
[2026.05.21-07.29.31:523][311]LogModuleManager: Shutting down and abandoning module FunctionalTesting (282)
[2026.05.21-07.29.31:523][311]LogModuleManager: Shutting down and abandoning module CollisionAnalyzer (280)
[2026.05.21-07.29.31:523][311]LogModuleManager: Shutting down and abandoning module WorkspaceMenuStructure (279)
[2026.05.21-07.29.31:523][311]LogModuleManager: Shutting down and abandoning module UMG (276)
[2026.05.21-07.29.31:523][311]LogModuleManager: Shutting down and abandoning module UMGEditor (275)
[2026.05.21-07.29.31:523][311]LogModuleManager: Shutting down and abandoning module MessageLog (273)
[2026.05.21-07.29.31:523][311]LogModuleManager: Shutting down and abandoning module SlateReflector (268)
[2026.05.21-07.29.31:523][311]LogModuleManager: Shutting down and abandoning module Slate (266)
[2026.05.21-07.29.31:523][311]LogModuleManager: Shutting down and abandoning module SlateCore (264)
[2026.05.21-07.29.31:524][311]LogModuleManager: Shutting down and abandoning module LandscapeEditorUtilities (262)
[2026.05.21-07.29.31:524][311]LogModuleManager: Shutting down and abandoning module UnrealEd (260)
[2026.05.21-07.29.31:524][311]LogModuleManager: Shutting down and abandoning module MRMesh (258)
[2026.05.21-07.29.31:524][311]LogModuleManager: Shutting down and abandoning module SourceCodeAccess (256)
[2026.05.21-07.29.31:524][311]LogModuleManager: Shutting down and abandoning module HeadMountedDisplay (254)
[2026.05.21-07.29.31:524][311]LogModuleManager: Shutting down and abandoning module XAudio2 (252)
[2026.05.21-07.29.31:524][311]LogModuleManager: Shutting down and abandoning module Networking (250)
[2026.05.21-07.29.31:524][311]LogModuleManager: Shutting down and abandoning module Core (248)
[2026.05.21-07.29.31:524][311]LogModuleManager: Shutting down and abandoning module MaterialEditor (246)
[2026.05.21-07.29.31:524][311]LogModuleManager: Shutting down and abandoning module MovieSceneTools (244)
[2026.05.21-07.29.31:524][311]LogModuleManager: Shutting down and abandoning module CurveEditor (243)
[2026.05.21-07.29.31:524][311]LogModuleManager: Shutting down and abandoning module Sequencer (241)
[2026.05.21-07.29.31:524][311]LogModuleManager: Shutting down and abandoning module EditorStyle (240)
[2026.05.21-07.29.31:525][311]LogModuleManager: Shutting down and abandoning module KismetCompiler (236)
[2026.05.21-07.29.31:526][311]LogModuleManager: Shutting down and abandoning module MeshBuilder (234)
[2026.05.21-07.29.31:526][311]LogModuleManager: Shutting down and abandoning module MeshUtilities (232)
[2026.05.21-07.29.31:526][311]LogModuleManager: Shutting down and abandoning module MeshMergeUtilities (231)
[2026.05.21-07.29.31:526][311]LogModuleManager: Shutting down and abandoning module MeshReductionInterface (230)
[2026.05.21-07.29.31:526][311]LogModuleManager: Shutting down and abandoning module MeshBoneReduction (229)
[2026.05.21-07.29.31:526][311]LogModuleManager: Shutting down and abandoning module SkeletalMeshReduction (227)
[2026.05.21-07.29.31:526][311]LogModuleManager: Shutting down and abandoning module ProxyLODMeshReduction (225)
[2026.05.21-07.29.31:526][311]LogModuleManager: Shutting down and abandoning module QuadricMeshReduction (223)
[2026.05.21-07.29.31:526][311]LogModuleManager: Shutting down and abandoning module MaterialBaking (219)
[2026.05.21-07.29.31:526][311]LogModuleManager: Shutting down and abandoning module NullInstallBundleManager (214)
[2026.05.21-07.29.31:526][311]LogModuleManager: Shutting down and abandoning module DerivedDataCache (212)
[2026.05.21-07.29.31:526][311]LogModuleManager: Shutting down and abandoning module TargetPlatform (210)
[2026.05.21-07.29.31:526][311]LogModuleManager: Shutting down and abandoning module VulkanShaderFormat (209)
[2026.05.21-07.29.31:526][311]LogModuleManager: Shutting down and abandoning module ShaderFormatVectorVM (207)
[2026.05.21-07.29.31:526][311]LogModuleManager: Shutting down and abandoning module ShaderFormatOpenGL (205)
[2026.05.21-07.29.31:526][311]LogModuleManager: Shutting down and abandoning module ShaderFormatD3D (203)
[2026.05.21-07.29.31:526][311]LogModuleManager: Shutting down and abandoning module MetalShaderFormat (201)
[2026.05.21-07.29.31:526][311]LogModuleManager: Shutting down and abandoning module TextureFormatOodle (199)
[2026.05.21-07.29.31:526][311]LogModuleManager: Shutting down and abandoning module TextureFormatUncompressed (197)
[2026.05.21-07.29.31:526][311]LogModuleManager: Shutting down and abandoning module TextureFormatPVR (195)
[2026.05.21-07.29.31:526][311]LogModuleManager: Shutting down and abandoning module TextureFormatETC2 (193)
[2026.05.21-07.29.31:526][311]LogModuleManager: Shutting down and abandoning module TextureFormatDXT (191)
[2026.05.21-07.29.31:526][311]LogModuleManager: Shutting down and abandoning module TextureFormatIntelISPCTexComp (189)
[2026.05.21-07.29.31:526][311]LogModuleManager: Shutting down and abandoning module TextureFormatASTC (187)
[2026.05.21-07.29.31:526][311]LogModuleManager: Shutting down and abandoning module ImageWrapper (186)
[2026.05.21-07.29.31:526][311]LogModuleManager: Shutting down and abandoning module AudioFormatOpus (183)
[2026.05.21-07.29.31:526][311]LogModuleManager: Shutting down and abandoning module AudioFormatOgg (181)
[2026.05.21-07.29.31:526][311]LogModuleManager: Shutting down and abandoning module AudioFormatADPCM (179)
[2026.05.21-07.29.31:526][311]LogModuleManager: Shutting down and abandoning module WindowsServerTargetPlatform (177)
[2026.05.21-07.29.31:526][311]LogModuleManager: Shutting down and abandoning module WindowsClientTargetPlatform (175)
[2026.05.21-07.29.31:526][311]LogModuleManager: Shutting down and abandoning module WindowsTargetPlatform (173)
[2026.05.21-07.29.31:526][311]LogModuleManager: Shutting down and abandoning module WindowsNoEditorTargetPlatform (171)
[2026.05.21-07.29.31:526][311]LogModuleManager: Shutting down and abandoning module TVOSTargetPlatform (169)
[2026.05.21-07.29.31:527][311]LogModuleManager: Shutting down and abandoning module MacServerTargetPlatform (167)
[2026.05.21-07.29.31:527][311]LogModuleManager: Shutting down and abandoning module MacClientTargetPlatform (165)
[2026.05.21-07.29.31:527][311]LogModuleManager: Shutting down and abandoning module MacTargetPlatform (163)
[2026.05.21-07.29.31:527][311]LogModuleManager: Shutting down and abandoning module MacNoEditorTargetPlatform (161)
[2026.05.21-07.29.31:527][311]LogModuleManager: Shutting down and abandoning module LuminTargetPlatform (159)
[2026.05.21-07.29.31:528][311]LogModuleManager: Shutting down and abandoning module LinuxAArch64ServerTargetPlatform (157)
[2026.05.21-07.29.31:528][311]LogModuleManager: Shutting down and abandoning module LinuxAArch64ClientTargetPlatform (155)
[2026.05.21-07.29.31:528][311]LogModuleManager: Shutting down and abandoning module LinuxAArch64NoEditorTargetPlatform (153)
[2026.05.21-07.29.31:528][311]LogModuleManager: Shutting down and abandoning module LinuxServerTargetPlatform (151)
[2026.05.21-07.29.31:528][311]LogModuleManager: Shutting down and abandoning module LinuxClientTargetPlatform (149)
[2026.05.21-07.29.31:528][311]LogModuleManager: Shutting down and abandoning module LinuxNoEditorTargetPlatform (147)
[2026.05.21-07.29.31:528][311]LogModuleManager: Shutting down and abandoning module LinuxTargetPlatform (145)
[2026.05.21-07.29.31:528][311]LogModuleManager: Shutting down and abandoning module Messaging (143)
[2026.05.21-07.29.31:528][311]LogModuleManager: Shutting down and abandoning module IOSTargetPlatform (141)
[2026.05.21-07.29.31:528][311]LogModuleManager: Shutting down and abandoning module AndroidTargetPlatform (139)
[2026.05.21-07.29.31:530][311]LogModuleManager: Shutting down and abandoning module AllDesktopTargetPlatform (137)
[2026.05.21-07.29.31:530][311]LogModuleManager: Shutting down and abandoning module D3D11RHI (134)
[2026.05.21-07.29.31:530][311]LogModuleManager: Shutting down and abandoning module InputCore (132)
[2026.05.21-07.29.31:530][311]LogModuleManager: Shutting down and abandoning module Settings (130)
[2026.05.21-07.29.31:530][311]LogModuleManager: Shutting down and abandoning module DirectoryWatcher (128)
[2026.05.21-07.29.31:531][311]LogModuleManager: Shutting down and abandoning module PhysXCooking (126)
[2026.05.21-07.29.31:531][311]LogModuleManager: Shutting down and abandoning module Chaos (124)
[2026.05.21-07.29.31:531][311]LogModuleManager: Shutting down and abandoning module WindowsPlatformFeatures (122)
[2026.05.21-07.29.31:531][311]LogModuleManager: Shutting down and abandoning module GameplayMediaEncoder (121)
[2026.05.21-07.29.31:531][311]LogModuleManager: Shutting down and abandoning module AVEncoder (120)
[2026.05.21-07.29.31:531][311]LogModuleManager: Shutting down and abandoning module SteamVRInputDevice (116)
[2026.05.21-07.29.31:531][311]LogModuleManager: Shutting down and abandoning module SteamVRInput (114)
[2026.05.21-07.29.31:531][311]LogModuleManager: Shutting down and abandoning module SteamVR (112)
[2026.05.21-07.29.31:531][311]LogHMD: Freeing OpenVRDLLHandle.
[2026.05.21-07.29.31:531][311]LogModuleManager: Shutting down and abandoning module OculusHMD (110)
[2026.05.21-07.29.31:531][311]LogModuleManager: Shutting down and abandoning module OnlineBlueprintSupport (108)
[2026.05.21-07.29.31:531][311]LogModuleManager: Shutting down and abandoning module OnlineSubsystem (104)
[2026.05.21-07.29.31:532][311]LogModuleManager: Shutting down and abandoning module XMPP (99)
[2026.05.21-07.29.31:532][311]LogModuleManager: Shutting down and abandoning module WebSockets (98)
[2026.05.21-07.29.31:553][311]LogModuleManager: Shutting down and abandoning module HTTP (95)
[2026.05.21-07.29.31:553][311]LogHttp: Display: Http module shutting down, but needs to wait on 1 outstanding Http requests:
[2026.05.21-07.29.31:553][311]LogHttp: Display: 	verb=[POST] url=[https://datarouter.ol.epicgames.com/datarouter/api/v1/public/data?SessionID=%7B700BB884-4CBC-8F93-A7D2-CEB0066359C3%7D&AppID=UEEditor.Rocket.Release&AppVersion=4.27.2-18319896%2B%2B%2BUE4%2BRelease-4.27&UserID=55c73c474e92d0c37f07ab8febe04a38%7C81d32e9996224e89b0dfec987a357124%7Cdc1b3db0-7ab3-4480-bd05-cd7efc218524&AppEnvironment=datacollector-binary&UploadType=eteventstream] refs=[1] status=Processing
[2026.05.21-07.29.31:553][311]LogHttp: Display: cleaning up 1 outstanding Http requests.
[2026.05.21-07.29.31:567][311]LogModuleManager: Shutting down and abandoning module SSL (94)
[2026.05.21-07.29.31:567][311]LogModuleManager: Shutting down and abandoning module OpenXRAR (90)
[2026.05.21-07.29.31:567][311]LogModuleManager: Shutting down and abandoning module AugmentedReality (89)
[2026.05.21-07.29.31:567][311]LogModuleManager: Shutting down and abandoning module OpenXRHandTracking (86)
[2026.05.21-07.29.31:568][311]LogSlate: Slate User Destroyed.  User Index 0, Is Virtual User: 0
[2026.05.21-07.29.31:568][311]LogModuleManager: Shutting down and abandoning module OpenXRHMD (85)
[2026.05.21-07.29.31:568][311]LogModuleManager: Shutting down and abandoning module OpenXREyeTracker (82)
[2026.05.21-07.29.31:568][311]LogModuleManager: Shutting down and abandoning module ExampleDeviceProfileSelector (80)
[2026.05.21-07.29.31:568][311]LogModuleManager: Shutting down and abandoning module ChunkDownloader (78)
[2026.05.21-07.29.31:568][311]LogModuleManager: Shutting down and abandoning module LauncherChunkInstaller (76)
[2026.05.21-07.29.31:568][311]LogModuleManager: Shutting down and abandoning module WmfMedia (74)
[2026.05.21-07.29.31:569][311]LogModuleManager: Shutting down and abandoning module Media (73)
[2026.05.21-07.29.31:570][311]LogModuleManager: Shutting down and abandoning module MediaInfo (72)
[2026.05.21-07.29.31:570][311]LogModuleManager: Shutting down and abandoning module ExrReaderGpu (68)
[2026.05.21-07.29.31:570][311]LogModuleManager: Shutting down and abandoning module PixWinPlugin (66)
[2026.05.21-07.29.31:570][311]LogModuleManager: Shutting down and abandoning module MLSDK (64)
[2026.05.21-07.29.31:570][311]LogModuleManager: Shutting down and abandoning module MagicLeap (62)
[2026.05.21-07.29.31:570][311]LogModuleManager: Shutting down and abandoning module NiagaraVertexFactories (60)
[2026.05.21-07.29.31:570][311]LogModuleManager: Shutting down and abandoning module NiagaraShader (58)
[2026.05.21-07.29.31:570][311]LogModuleManager: Shutting down and abandoning module ChaosCloth (56)
[2026.05.21-07.29.31:570][311]LogModuleManager: Shutting down and abandoning module VariantManagerContent (54)
[2026.05.21-07.29.31:570][311]LogModuleManager: Shutting down and abandoning module DatasmithContent (52)
[2026.05.21-07.29.31:570][311]LogModuleManager: Shutting down and abandoning module AISupportModule (50)
[2026.05.21-07.29.31:570][311]LogModuleManager: Shutting down and abandoning module DesktopPlatform (48)
[2026.05.21-07.29.31:570][311]LogModuleManager: Shutting down and abandoning module PythonScriptPluginPreload (46)
[2026.05.21-07.29.31:570][311]LogModuleManager: Shutting down and abandoning module PlatformCryptoOpenSSL (44)
[2026.05.21-07.29.31:570][311]LogModuleManager: Shutting down and abandoning module PlatformCryptoTypes (42)
[2026.05.21-07.29.31:570][311]LogModuleManager: Shutting down and abandoning module PlatformCrypto (40)
[2026.05.21-07.29.31:570][311]LogModuleManager: Shutting down and abandoning module OodleDataCompressionFormat (38)
[2026.05.21-07.29.31:571][311]LogModuleManager: Shutting down and abandoning module XGEController (36)
[2026.05.21-07.29.31:571][311]LogXGEController: Cleaning working directory: C:/Users/LiamChen/AppData/Local/Temp/UnrealXGEWorkingDir/
[2026.05.21-07.29.31:571][311]LogModuleManager: Shutting down and abandoning module AnimationModifiers (34)
[2026.05.21-07.29.31:571][311]LogModuleManager: Shutting down and abandoning module AudioEditor (32)
[2026.05.21-07.29.31:571][311]LogModuleManager: Shutting down and abandoning module PropertyEditor (31)
[2026.05.21-07.29.31:571][311]LogModuleManager: Shutting down and abandoning module TextureCompressor (28)
[2026.05.21-07.29.31:571][311]LogModuleManager: Shutting down and abandoning module RenderCore (26)
[2026.05.21-07.29.31:571][311]LogModuleManager: Shutting down and abandoning module Landscape (24)
[2026.05.21-07.29.31:571][311]LogModuleManager: Shutting down and abandoning module SlateRHIRenderer (22)
[2026.05.21-07.29.31:571][311]LogModuleManager: Shutting down and abandoning module AnimGraphRuntime (20)
[2026.05.21-07.29.31:571][311]LogModuleManager: Shutting down and abandoning module Renderer (18)
[2026.05.21-07.29.31:571][311]LogModuleManager: Shutting down and abandoning module Engine (16)
[2026.05.21-07.29.31:571][311]LogModuleManager: Shutting down and abandoning module CoreUObject (14)
[2026.05.21-07.29.31:571][311]LogModuleManager: Shutting down and abandoning module NetworkFile (12)
[2026.05.21-07.29.31:571][311]LogModuleManager: Shutting down and abandoning module CookedIterativeFile (10)
[2026.05.21-07.29.31:571][311]LogModuleManager: Shutting down and abandoning module StreamingFile (8)
[2026.05.21-07.29.31:571][311]LogModuleManager: Shutting down and abandoning module SandboxFile (6)
[2026.05.21-07.29.31:571][311]LogModuleManager: Shutting down and abandoning module PakFile (4)
[2026.05.21-07.29.31:571][311]LogModuleManager: Shutting down and abandoning module RSA (3)
[2026.05.21-07.29.31:868][311]LogContentStreaming: Display: There are 1 unreleased StreamingManagers
[2026.05.21-07.29.31:894][311]LogD3D11RHI: Shutdown
[2026.05.21-07.29.31:894][311]LogD3D11RHI: CleanupD3DDevice
[2026.05.21-07.29.31:895][311]LogExit: Exiting.
[2026.05.21-07.29.31:911][311]Log file closed, 05/21/26 16:29:31
