Log file open, 07/30/26 08:50:00
LogWindows: Failed to load 'aqProf.dll' (GetLastError=126)
LogWindows: File 'aqProf.dll' does not exist
LogWindows: Failed to load 'VtuneApi.dll' (GetLastError=126)
LogWindows: File 'VtuneApi.dll' does not exist
LogWindows: Failed to load 'VtuneApi32e.dll' (GetLastError=126)
LogWindows: File 'VtuneApi32e.dll' does not exist
LogConsoleResponse: Display: Failed to find resolution value strings in scalability ini. Falling back to default.
LogConsoleResponse: Display: Failed to find resolution value strings in scalability ini. Falling back to default.
LogInit: Display: Running engine for game: UMGLearn
LogPlatformFile: Not using cached read wrapper
LogTaskGraph: Started task graph with 5 named threads and 71 total threads with 3 sets of task threads.
LogStats: Stats thread started at 0.335454
LogICUInternationalization: ICU TimeZone Detection - Raw Offset: +9:00, Platform Override: ''
LogInit: Display: Loading text-based GConfig....
LogPluginManager: Mounting plugin MeshPainting
LogPluginManager: Mounting plugin XGEController
LogPluginManager: Mounting plugin AISupport
LogPluginManager: Mounting plugin Paper2D
LogPluginManager: Mounting plugin EnvironmentQueryEditor
LogPluginManager: Mounting plugin LiveLink
LogPluginManager: Mounting plugin LightPropagationVolume
LogPluginManager: Mounting plugin GameplayCameras
LogPluginManager: Mounting plugin DatasmithContent
LogPluginManager: Mounting plugin VariantManagerContent
LogPluginManager: Mounting plugin OodleData
LogPluginManager: Mounting plugin CameraShakePreviewer
LogPluginManager: Mounting plugin OodleNetwork
LogPluginManager: Mounting plugin Niagara
LogPluginManager: Mounting plugin BackChannel
LogPluginManager: Mounting plugin ChaosCloth
LogPluginManager: Mounting plugin AutomationUtils
LogPluginManager: Mounting plugin AlembicImporter
LogPluginManager: Mounting plugin CharacterAI
LogPluginManager: Mounting plugin ChaosNiagara
LogPluginManager: Mounting plugin GeometryCache
LogPluginManager: Mounting plugin GeometryCollectionPlugin
LogPluginManager: Mounting plugin ChaosEditor
LogPluginManager: Mounting plugin MagicLeap
LogPluginManager: Mounting plugin LuminPlatformFeatures
LogPluginManager: Mounting plugin ChaosSolverPlugin
LogPluginManager: Mounting plugin ChaosClothEditor
LogPluginManager: Mounting plugin MotoSynth
LogPluginManager: Mounting plugin GeometryProcessing
LogPluginManager: Mounting plugin PlanarCut
LogPluginManager: Mounting plugin PlatformCrypto
LogPluginManager: Mounting plugin ProxyLODPlugin
LogPluginManager: Mounting plugin PythonScriptPlugin
LogPluginManager: Mounting plugin MagicLeapMedia
LogPluginManager: Mounting plugin SkeletalReduction
LogPluginManager: Mounting plugin MagicLeapLightEstimation
LogPluginManager: Mounting plugin MLSDK
LogPluginManager: Mounting plugin MagicLeapPassableWorld
LogPluginManager: Mounting plugin OpenImageDenoise
LogPluginManager: Mounting plugin CodeLiteSourceCodeAccess
LogPluginManager: Mounting plugin PerforceSourceControl
LogPluginManager: Mounting plugin AnimationSharing
LogPluginManager: Mounting plugin PluginUtils
LogPluginManager: Mounting plugin KDevelopSourceCodeAccess
LogPluginManager: Mounting plugin VisualStudioSourceCodeAccess
LogPluginManager: Mounting plugin VisualStudioCodeSourceCodeAccess
LogPluginManager: Mounting plugin PixWinPlugin
LogPluginManager: Mounting plugin NullSourceCodeAccess
LogPluginManager: Mounting plugin PropertyAccessNode
LogPluginManager: Mounting plugin CLionSourceCodeAccess
LogPluginManager: Mounting plugin TextureFormatOodle
LogPluginManager: Mounting plugin UObjectPlugin
LogPluginManager: Mounting plugin GitSourceControl
LogPluginManager: Mounting plugin RiderSourceCodeAccess
LogPluginManager: Mounting plugin PlasticSourceControl
LogPluginManager: Mounting plugin AndroidMedia
LogPluginManager: Mounting plugin AvfMedia
LogPluginManager: Mounting plugin ImgMedia
LogPluginManager: Mounting plugin SubversionSourceControl
LogPluginManager: Mounting plugin MediaPlayerEditor
LogPluginManager: Mounting plugin MediaCompositing
LogPluginManager: Mounting plugin XCodeSourceCodeAccess
LogPluginManager: Mounting plugin TcpMessaging
LogPluginManager: Mounting plugin WebMMedia
LogPluginManager: Mounting plugin UdpMessaging
LogPluginManager: Mounting plugin WmfMedia
LogPluginManager: Mounting plugin OnlineSubsystem
LogPluginManager: Mounting plugin ActorSequence
LogPluginManager: Mounting plugin OnlineSubsystemNull
LogPluginManager: Mounting plugin AssetManagerEditor
LogPluginManager: Mounting plugin MatineeToLevelSequence
LogPluginManager: Mounting plugin TemplateSequence
LogPluginManager: Mounting plugin LevelSequenceEditor
LogPluginManager: Mounting plugin CurveEditorTools
LogPluginManager: Mounting plugin FacialAnimation
LogPluginManager: Mounting plugin OnlineSubsystemUtils
LogPluginManager: Mounting plugin MacGraphicsSwitching
LogPluginManager: Mounting plugin PluginBrowser
LogPluginManager: Mounting plugin ActorLayerUtilities
LogPluginManager: Mounting plugin AndroidMoviePlayer
LogPluginManager: Mounting plugin AndroidPermission
LogPluginManager: Mounting plugin AndroidDeviceProfileSelector
LogPluginManager: Mounting plugin AppleImageUtils
LogPluginManager: Mounting plugin AssetTags
LogPluginManager: Mounting plugin MaterialAnalyzer
LogPluginManager: Mounting plugin AudioCapture
LogPluginManager: Mounting plugin AppleMoviePlayer
LogPluginManager: Mounting plugin CryptoKeys
LogPluginManager: Mounting plugin MobileLauncherProfileWizard
LogPluginManager: Mounting plugin CableComponent
LogPluginManager: Mounting plugin ArchVisCharacter
LogPluginManager: Mounting plugin LauncherChunkInstaller
LogPluginManager: Mounting plugin AudioSynesthesia
LogPluginManager: Mounting plugin CustomMeshComponent
LogPluginManager: Mounting plugin ExampleDeviceProfileSelector
LogPluginManager: Mounting plugin ChunkDownloader
LogPluginManager: Mounting plugin EditableMesh
LogPluginManager: Mounting plugin GoogleCloudMessaging
LogPluginManager: Mounting plugin GooglePAD
LogPluginManager: Mounting plugin DataValidation
LogPluginManager: Mounting plugin GameplayTagsEditor
LogPluginManager: Mounting plugin SpeedTreeImporter
LogPluginManager: Mounting plugin IOSDeviceProfileSelector
LogPluginManager: Mounting plugin LocationServicesBPLibrary
LogPluginManager: Mounting plugin LinuxDeviceProfileSelector
LogPluginManager: Mounting plugin GeometryMode
LogPluginManager: Mounting plugin MobilePatchingUtils
LogPluginManager: Mounting plugin OpenXRHandTracking
LogPluginManager: Mounting plugin OpenXREyeTracker
LogPluginManager: Mounting plugin OpenXR
LogPluginManager: Mounting plugin PhysXVehicles
LogPluginManager: Mounting plugin ProceduralMeshComponent
LogPluginManager: Mounting plugin ScreenshotTools
LogPluginManager: Mounting plugin SoundFields
LogPluginManager: Mounting plugin PropertyAccessEditor
LogPluginManager: Mounting plugin RuntimePhysXCooking
LogPluginManager: Mounting plugin Synthesis
LogPluginManager: Mounting plugin SignificanceManager
LogPluginManager: Mounting plugin WebMMoviePlayer
LogPluginManager: Mounting plugin WindowsMoviePlayer
LogPluginManager: Mounting plugin PostSplashScreen
LogPluginManager: Mounting plugin Takes
LogPluginManager: Mounting plugin RiderLink
LogPluginManager: Mounting plugin OnlineSubsystemGooglePlay
LogPluginManager: Mounting plugin OnlineSubsystemIOS
LogPluginManager: Mounting plugin ContentBrowserAssetDataSource
LogPluginManager: Mounting plugin ContentBrowserClassDataSource
LogPluginManager: Mounting plugin ContentBrowserFileDataSource
LogPluginManager: Mounting plugin OculusVR
LogPluginManager: Mounting plugin SteamVR
PixWinPlugin: PIX capture plugin failed to initialize! Check that the process is launched from PIX.
LogInit: Using libcurl 7.55.1-DEV
LogInit:  - built for x86_64-pc-win32
LogInit:  - supports SSL with OpenSSL/1.1.1
LogInit:  - supports HTTP deflate (compression) using libz 1.2.8
LogInit:  - other features:
LogInit:      CURL_VERSION_SSL
LogInit:      CURL_VERSION_LIBZ
LogInit:      CURL_VERSION_IPV6
LogInit:      CURL_VERSION_ASYNCHDNS
LogInit:      CURL_VERSION_LARGEFILE
LogInit:      CURL_VERSION_IDN
LogInit:  CurlRequestOptions (configurable via config and command line):
LogInit:  - bVerifyPeer = true  - Libcurl will verify peer certificate
LogInit:  - bUseHttpProxy = false  - Libcurl will NOT use HTTP proxy
LogInit:  - bDontReuseConnections = false  - Libcurl will reuse connections
LogInit:  - MaxHostConnections = 16  - Libcurl will limit the number of connections to a host
LogInit:  - LocalHostAddr = Default
LogInit:  - BufferSize = 65536
LogOnline: OSS: Creating online subsystem instance for: NULL
LogInit: WinSock: version 1.1 (2.2), MaxSocks=32767, MaxUdp=65467
LogOnline: OSS: TryLoadSubsystemAndSetDefault: Loaded subsystem for module [NULL]
LogOculusPluginWrapper: OculusPlugin initialized successfully
LogHMD: Failed initializing OVRPlugin 1.59.0
LogInit: Build: ++UE4+Release-4.27-CL-18319896
LogInit: Engine Version: 4.27.2-18319896+++UE4+Release-4.27
LogInit: Compatible Engine Version: 4.27.0-17155196+++UE4+Release-4.27
LogInit: Net CL: 17155196
LogInit: OS: Windows 10 (Release 2009) (), CPU: 13th Gen Intel(R) Core(TM) i7-13700, GPU: NVIDIA GeForce RTX 4070
LogInit: Compiled (64-bit): Nov 30 2021 07:12:08
LogInit: Compiled with Visual C++: 19.24.28315.00
LogInit: Build Configuration: Development
LogInit: Branch Name: ++UE4+Release-4.27
LogInit: Command Line: 
LogInit: Base Directory: C:/Program Files/Epic Games/UE_4.27/Engine/Binaries/Win64/
LogInit: Allocator: TBB
LogInit: Installed Engine Build: 1
LogDevObjectVersion: Number of dev versions registered: 29
LogDevObjectVersion:   Dev-Blueprints (B0D832E4-1F89-4F0D-ACCF-7EB736FD4AA2): 10
LogDevObjectVersion:   Dev-Build (E1C64328-A22C-4D53-A36C-8E866417BD8C): 0
LogDevObjectVersion:   Dev-Core (375EC13C-06E4-48FB-B500-84F0262A717E): 4
LogDevObjectVersion:   Dev-Editor (E4B068ED-F494-42E9-A231-DA0B2E46BB41): 40
LogDevObjectVersion:   Dev-Framework (CFFC743F-43B0-4480-9391-14DF171D2073): 37
LogDevObjectVersion:   Dev-Mobile (B02B49B5-BB20-44E9-A304-32B752E40360): 3
LogDevObjectVersion:   Dev-Networking (A4E4105C-59A1-49B5-A7C5-40C4547EDFEE): 0
LogDevObjectVersion:   Dev-Online (39C831C9-5AE6-47DC-9A44-9C173E1C8E7C): 0
LogDevObjectVersion:   Dev-Physics (78F01B33-EBEA-4F98-B9B4-84EACCB95AA2): 14
LogDevObjectVersion:   Dev-Platform (6631380F-2D4D-43E0-8009-CF276956A95A): 0
LogDevObjectVersion:   Dev-Rendering (12F88B9F-8875-4AFC-A67C-D90C383ABD29): 45
LogDevObjectVersion:   Dev-Sequencer (7B5AE74C-D270-4C10-A958-57980B212A5A): 13
LogDevObjectVersion:   Dev-VR (D7296918-1DD6-4BDD-9DE2-64A83CC13884): 3
LogDevObjectVersion:   Dev-LoadTimes (C2A15278-BFE7-4AFE-6C17-90FF531DF755): 1
LogDevObjectVersion:   Private-Geometry (6EACA3D4-40EC-4CC1-B786-8BED09428FC5): 3
LogDevObjectVersion:   Dev-AnimPhys (29E575DD-E0A3-4627-9D10-D276232CDCEA): 17
LogDevObjectVersion:   Dev-Anim (AF43A65D-7FD3-4947-9873-3E8ED9C1BB05): 15
LogDevObjectVersion:   Dev-ReflectionCapture (6B266CEC-1EC7-4B8F-A30B-E4D90942FC07): 1
LogDevObjectVersion:   Dev-Automation (0DF73D61-A23F-47EA-B727-89E90C41499A): 1
LogDevObjectVersion:   FortniteMain (601D1886-AC64-4F84-AA16-D3DE0DEAC7D6): 47
LogDevObjectVersion:   FortniteRelease (E7086368-6B23-4C58-8439-1B7016265E91): 1
LogDevObjectVersion:   Dev-Enterprise (9DFFBCD6-494F-0158-E221-12823C92A888): 10
LogDevObjectVersion:   Dev-Niagara (F2AED0AC-9AFE-416F-8664-AA7FFA26D6FC): 1
LogDevObjectVersion:   Dev-Destruction (174F1F0B-B4C6-45A5-B13F-2EE8D0FB917D): 10
LogDevObjectVersion:   Dev-Physics-Ext (35F94A83-E258-406C-A318-09F59610247C): 41
LogDevObjectVersion:   Dev-PhysicsMaterial-Chaos (B68FC16E-8B1B-42E2-B453-215C058844FE): 1
LogDevObjectVersion:   Dev-CineCamera (B2E18506-4273-CFC2-A54E-F4BB758BBA07): 1
LogDevObjectVersion:   Dev-VirtualProduction (64F58936-FD1B-42BA-BA96-7289D5D0FA4E): 1
LogDevObjectVersion:   Dev-MediaFramework (6F0ED827-A609-4895-9C91-998D90180EA4): 2
LogInit: Presizing for max 25165824 objects, including 0 objects not considered by GC, pre-allocating 0 bytes for permanent pool.
LogConfig: Applying CVar settings from Section [/Script/Engine.StreamingSettings] File [C:/UEProject/UnrealLearn/UMGLearn/Saved/Config/Windows/Engine.ini]
LogConfig: Setting CVar [[s.MinBulkDataSizeForAsyncLoading:131072]]
LogConfig: Setting CVar [[s.AsyncLoadingThreadEnabled:0]]
LogConfig: Setting CVar [[s.EventDrivenLoaderEnabled:1]]
LogConfig: Setting CVar [[s.WarnIfTimeLimitExceeded:0]]
LogConfig: Setting CVar [[s.TimeLimitExceededMultiplier:1.5]]
LogConfig: Setting CVar [[s.TimeLimitExceededMinTime:0.005]]
LogConfig: Setting CVar [[s.UseBackgroundLevelStreaming:1]]
LogConfig: Setting CVar [[s.PriorityAsyncLoadingExtraTime:15.0]]
LogConfig: Setting CVar [[s.LevelStreamingActorsUpdateTimeLimit:5.0]]
LogConfig: Setting CVar [[s.PriorityLevelStreamingActorsUpdateExtraTime:5.0]]
LogConfig: Setting CVar [[s.LevelStreamingComponentsRegistrationGranularity:10]]
LogConfig: Setting CVar [[s.UnregisterComponentsTimeLimit:1.0]]
LogConfig: Setting CVar [[s.LevelStreamingComponentsUnregistrationGranularity:5]]
LogConfig: Setting CVar [[s.FlushStreamingOnExit:1]]
LogInit: Object subsystem initialized
LogConfig: Setting CVar [[con.DebugEarlyDefault:1]]
LogConfig: Setting CVar [[r.setres:1280x720]]
[2026.07.29-23.50.01:347][  0]LogConfig: Setting CVar [[r.VSync:0]]
[2026.07.29-23.50.01:347][  0]LogConfig: Setting CVar [[r.RHICmdBypass:0]]
[2026.07.29-23.50.01:347][  0]LogConfig: Applying CVar settings from Section [/Script/Engine.RendererSettings] File [C:/UEProject/UnrealLearn/UMGLearn/Saved/Config/Windows/Engine.ini]
[2026.07.29-23.50.01:347][  0]LogConfig: Setting CVar [[r.GPUCrashDebugging:0]]
[2026.07.29-23.50.01:347][  0]LogConfig: Applying CVar settings from Section [/Script/Engine.RendererOverrideSettings] File [C:/UEProject/UnrealLearn/UMGLearn/Saved/Config/Windows/Engine.ini]
[2026.07.29-23.50.01:347][  0]LogConfig: Applying CVar settings from Section [/Script/Engine.StreamingSettings] File [C:/UEProject/UnrealLearn/UMGLearn/Saved/Config/Windows/Engine.ini]
[2026.07.29-23.50.01:347][  0]LogConfig: Setting CVar [[s.MinBulkDataSizeForAsyncLoading:131072]]
[2026.07.29-23.50.01:347][  0]LogConfig: Setting CVar [[s.AsyncLoadingThreadEnabled:0]]
[2026.07.29-23.50.01:347][  0]LogConfig: Setting CVar [[s.EventDrivenLoaderEnabled:1]]
[2026.07.29-23.50.01:348][  0]LogConfig: Setting CVar [[s.WarnIfTimeLimitExceeded:0]]
[2026.07.29-23.50.01:348][  0]LogConfig: Setting CVar [[s.TimeLimitExceededMultiplier:1.5]]
[2026.07.29-23.50.01:348][  0]LogConfig: Setting CVar [[s.TimeLimitExceededMinTime:0.005]]
[2026.07.29-23.50.01:348][  0]LogConfig: Setting CVar [[s.UseBackgroundLevelStreaming:1]]
[2026.07.29-23.50.01:348][  0]LogConfig: Setting CVar [[s.PriorityAsyncLoadingExtraTime:15.0]]
[2026.07.29-23.50.01:348][  0]LogConfig: Setting CVar [[s.LevelStreamingActorsUpdateTimeLimit:5.0]]
[2026.07.29-23.50.01:348][  0]LogConfig: Setting CVar [[s.PriorityLevelStreamingActorsUpdateExtraTime:5.0]]
[2026.07.29-23.50.01:348][  0]LogConfig: Setting CVar [[s.LevelStreamingComponentsRegistrationGranularity:10]]
[2026.07.29-23.50.01:348][  0]LogConfig: Setting CVar [[s.UnregisterComponentsTimeLimit:1.0]]
[2026.07.29-23.50.01:348][  0]LogConfig: Setting CVar [[s.LevelStreamingComponentsUnregistrationGranularity:5]]
[2026.07.29-23.50.01:348][  0]LogConfig: Setting CVar [[s.FlushStreamingOnExit:1]]
[2026.07.29-23.50.01:348][  0]LogConfig: Applying CVar settings from Section [/Script/Engine.GarbageCollectionSettings] File [C:/UEProject/UnrealLearn/UMGLearn/Saved/Config/Windows/Engine.ini]
[2026.07.29-23.50.01:348][  0]LogConfig: Setting CVar [[gc.MaxObjectsNotConsideredByGC:1]]
[2026.07.29-23.50.01:348][  0]LogConfig: Setting CVar [[gc.SizeOfPermanentObjectPool:0]]
[2026.07.29-23.50.01:348][  0]LogConfig: Setting CVar [[gc.FlushStreamingOnGC:0]]
[2026.07.29-23.50.01:348][  0]LogConfig: Setting CVar [[gc.NumRetriesBeforeForcingGC:10]]
[2026.07.29-23.50.01:348][  0]LogConfig: Setting CVar [[gc.AllowParallelGC:1]]
[2026.07.29-23.50.01:348][  0]LogConfig: Setting CVar [[gc.TimeBetweenPurgingPendingKillObjects:61.1]]
[2026.07.29-23.50.01:348][  0]LogConfig: Setting CVar [[gc.MaxObjectsInEditor:25165824]]
[2026.07.29-23.50.01:348][  0]LogConfig: Setting CVar [[gc.IncrementalBeginDestroyEnabled:1]]
[2026.07.29-23.50.01:348][  0]LogConfig: Setting CVar [[gc.CreateGCClusters:1]]
[2026.07.29-23.50.01:348][  0]LogConfig: Setting CVar [[gc.MinGCClusterSize:5]]
[2026.07.29-23.50.01:348][  0]LogConfig: Setting CVar [[gc.ActorClusteringEnabled:0]]
[2026.07.29-23.50.01:348][  0]LogConfig: Setting CVar [[gc.BlueprintClusteringEnabled:0]]
[2026.07.29-23.50.01:348][  0]LogConfig: Setting CVar [[gc.UseDisregardForGCOnDedicatedServers:0]]
[2026.07.29-23.50.01:348][  0]LogConfig: Setting CVar [[gc.MultithreadedDestructionEnabled:1]]
[2026.07.29-23.50.01:348][  0]LogConfig: Applying CVar settings from Section [/Script/Engine.NetworkSettings] File [C:/UEProject/UnrealLearn/UMGLearn/Saved/Config/Windows/Engine.ini]
[2026.07.29-23.50.01:348][  0]LogConfig: Applying CVar settings from Section [/Script/UnrealEd.CookerSettings] File [C:/UEProject/UnrealLearn/UMGLearn/Saved/Config/Windows/Engine.ini]
[2026.07.29-23.50.01:379][  0]LogConfig: Applying CVar settings from Section [ViewDistanceQuality@3] File [C:/UEProject/UnrealLearn/UMGLearn/Saved/Config/Windows/Scalability.ini]
[2026.07.29-23.50.01:379][  0]LogConfig: Setting CVar [[r.SkeletalMeshLODBias:0]]
[2026.07.29-23.50.01:379][  0]LogConfig: Setting CVar [[r.ViewDistanceScale:1.0]]
[2026.07.29-23.50.01:379][  0]LogConfig: Applying CVar settings from Section [AntiAliasingQuality@3] File [C:/UEProject/UnrealLearn/UMGLearn/Saved/Config/Windows/Scalability.ini]
[2026.07.29-23.50.01:379][  0]LogConfig: Setting CVar [[r.PostProcessAAQuality:4]]
[2026.07.29-23.50.01:379][  0]LogConfig: Applying CVar settings from Section [ShadowQuality@3] File [C:/UEProject/UnrealLearn/UMGLearn/Saved/Config/Windows/Scalability.ini]
[2026.07.29-23.50.01:379][  0]LogConfig: Setting CVar [[r.LightFunctionQuality:1]]
[2026.07.29-23.50.01:379][  0]LogConfig: Setting CVar [[r.ShadowQuality:5]]
[2026.07.29-23.50.01:379][  0]LogConfig: Setting CVar [[r.Shadow.CSM.MaxCascades:10]]
[2026.07.29-23.50.01:379][  0]LogConfig: Setting CVar [[r.Shadow.MaxResolution:2048]]
[2026.07.29-23.50.01:379][  0]LogConfig: Setting CVar [[r.Shadow.MaxCSMResolution:2048]]
[2026.07.29-23.50.01:379][  0]LogConfig: Setting CVar [[r.Shadow.RadiusThreshold:0.01]]
[2026.07.29-23.50.01:379][  0]LogConfig: Setting CVar [[r.Shadow.DistanceScale:1.0]]
[2026.07.29-23.50.01:379][  0]LogConfig: Setting CVar [[r.Shadow.CSM.TransitionScale:1.0]]
[2026.07.29-23.50.01:379][  0]LogConfig: Setting CVar [[r.Shadow.PreShadowResolutionFactor:1.0]]
[2026.07.29-23.50.01:379][  0]LogConfig: Setting CVar [[r.DistanceFieldShadowing:1]]
[2026.07.29-23.50.01:379][  0]LogConfig: Setting CVar [[r.DistanceFieldAO:1]]
[2026.07.29-23.50.01:379][  0]LogConfig: Setting CVar [[r.AOQuality:2]]
[2026.07.29-23.50.01:379][  0]LogConfig: Setting CVar [[r.VolumetricFog:1]]
[2026.07.29-23.50.01:379][  0]LogConfig: Setting CVar [[r.VolumetricFog.GridPixelSize:8]]
[2026.07.29-23.50.01:379][  0]LogConfig: Setting CVar [[r.VolumetricFog.GridSizeZ:128]]
[2026.07.29-23.50.01:379][  0]LogConfig: Setting CVar [[r.VolumetricFog.HistoryMissSupersampleCount:4]]
[2026.07.29-23.50.01:379][  0]LogConfig: Setting CVar [[r.LightMaxDrawDistanceScale:1]]
[2026.07.29-23.50.01:379][  0]LogConfig: Setting CVar [[r.CapsuleShadows:1]]
[2026.07.29-23.50.01:379][  0]LogConfig: Applying CVar settings from Section [PostProcessQuality@3] File [C:/UEProject/UnrealLearn/UMGLearn/Saved/Config/Windows/Scalability.ini]
[2026.07.29-23.50.01:379][  0]LogConfig: Setting CVar [[r.MotionBlurQuality:4]]
[2026.07.29-23.50.01:379][  0]LogConfig: Setting CVar [[r.AmbientOcclusionMipLevelFactor:0.4]]
[2026.07.29-23.50.01:379][  0]LogConfig: Setting CVar [[r.AmbientOcclusionMaxQuality:100]]
[2026.07.29-23.50.01:379][  0]LogConfig: Setting CVar [[r.AmbientOcclusionLevels:-1]]
[2026.07.29-23.50.01:379][  0]LogConfig: Setting CVar [[r.AmbientOcclusionRadiusScale:1.0]]
[2026.07.29-23.50.01:379][  0]LogConfig: Setting CVar [[r.DepthOfFieldQuality:2]]
[2026.07.29-23.50.01:379][  0]LogConfig: Setting CVar [[r.RenderTargetPoolMin:400]]
[2026.07.29-23.50.01:379][  0]LogConfig: Setting CVar [[r.LensFlareQuality:2]]
[2026.07.29-23.50.01:379][  0]LogConfig: Setting CVar [[r.SceneColorFringeQuality:1]]
[2026.07.29-23.50.01:379][  0]LogConfig: Setting CVar [[r.EyeAdaptationQuality:2]]
[2026.07.29-23.50.01:379][  0]LogConfig: Setting CVar [[r.BloomQuality:5]]
[2026.07.29-23.50.01:379][  0]LogConfig: Setting CVar [[r.FastBlurThreshold:100]]
[2026.07.29-23.50.01:379][  0]LogConfig: Setting CVar [[r.Upscale.Quality:3]]
[2026.07.29-23.50.01:379][  0]LogConfig: Setting CVar [[r.Tonemapper.GrainQuantization:1]]
[2026.07.29-23.50.01:379][  0]LogConfig: Setting CVar [[r.LightShaftQuality:1]]
[2026.07.29-23.50.01:379][  0]LogConfig: Setting CVar [[r.Filter.SizeScale:1]]
[2026.07.29-23.50.01:379][  0]LogConfig: Setting CVar [[r.Tonemapper.Quality:5]]
[2026.07.29-23.50.01:379][  0]LogConfig: Setting CVar [[r.DOF.Gather.AccumulatorQuality:1        ; higher gathering accumulator quality]]
[2026.07.29-23.50.01:379][  0]LogConfig: Setting CVar [[r.DOF.Gather.PostfilterMethod:1          ; Median3x3 postfilering method]]
[2026.07.29-23.50.01:379][  0]LogConfig: Setting CVar [[r.DOF.Gather.EnableBokehSettings:0       ; no bokeh simulation when gathering]]
[2026.07.29-23.50.01:379][  0]LogConfig: Setting CVar [[r.DOF.Gather.RingCount:4                 ; medium number of samples when gathering]]
[2026.07.29-23.50.01:379][  0]LogConfig: Setting CVar [[r.DOF.Scatter.ForegroundCompositing:1    ; additive foreground scattering]]
[2026.07.29-23.50.01:379][  0]LogConfig: Setting CVar [[r.DOF.Scatter.BackgroundCompositing:2    ; additive background scattering]]
[2026.07.29-23.50.01:379][  0]LogConfig: Setting CVar [[r.DOF.Scatter.EnableBokehSettings:1      ; bokeh simulation when scattering]]
[2026.07.29-23.50.01:379][  0]LogConfig: Setting CVar [[r.DOF.Scatter.MaxSpriteRatio:0.1         ; only a maximum of 10% of scattered bokeh]]
[2026.07.29-23.50.01:379][  0]LogConfig: Setting CVar [[r.DOF.Recombine.Quality:1                ; cheap slight out of focus]]
[2026.07.29-23.50.01:379][  0]LogConfig: Setting CVar [[r.DOF.Recombine.EnableBokehSettings:0    ; no bokeh simulation on slight out of focus]]
[2026.07.29-23.50.01:379][  0]LogConfig: Setting CVar [[r.DOF.TemporalAAQuality:1                ; more stable temporal accumulation]]
[2026.07.29-23.50.01:379][  0]LogConfig: Setting CVar [[r.DOF.Kernel.MaxForegroundRadius:0.025]]
[2026.07.29-23.50.01:379][  0]LogConfig: Setting CVar [[r.DOF.Kernel.MaxBackgroundRadius:0.025]]
[2026.07.29-23.50.01:379][  0]LogConfig: Applying CVar settings from Section [TextureQuality@3] File [C:/UEProject/UnrealLearn/UMGLearn/Saved/Config/Windows/Scalability.ini]
[2026.07.29-23.50.01:379][  0]LogConfig: Setting CVar [[r.Streaming.MipBias:0]]
[2026.07.29-23.50.01:379][  0]LogConfig: Setting CVar [[r.Streaming.AmortizeCPUToGPUCopy:0]]
[2026.07.29-23.50.01:379][  0]LogConfig: Setting CVar [[r.Streaming.MaxNumTexturesToStreamPerFrame:0]]
[2026.07.29-23.50.01:379][  0]LogConfig: Setting CVar [[r.Streaming.Boost:1]]
[2026.07.29-23.50.01:379][  0]LogConfig: Setting CVar [[r.MaxAnisotropy:8]]
[2026.07.29-23.50.01:379][  0]LogConfig: Setting CVar [[r.VT.MaxAnisotropy:8]]
[2026.07.29-23.50.01:379][  0]LogConfig: Setting CVar [[r.Streaming.LimitPoolSizeToVRAM:0]]
[2026.07.29-23.50.01:379][  0]LogConfig: Setting CVar [[r.Streaming.PoolSize:1000]]
[2026.07.29-23.50.01:379][  0]LogConfig: Setting CVar [[r.Streaming.MaxEffectiveScreenSize:0]]
[2026.07.29-23.50.01:379][  0]LogConfig: Applying CVar settings from Section [EffectsQuality@3] File [C:/UEProject/UnrealLearn/UMGLearn/Saved/Config/Windows/Scalability.ini]
[2026.07.29-23.50.01:379][  0]LogConfig: Setting CVar [[r.TranslucencyLightingVolumeDim:64]]
[2026.07.29-23.50.01:379][  0]LogConfig: Setting CVar [[r.RefractionQuality:2]]
[2026.07.29-23.50.01:379][  0]LogConfig: Setting CVar [[r.SSR.Quality:3]]
[2026.07.29-23.50.01:379][  0]LogConfig: Setting CVar [[r.SSR.HalfResSceneColor:0]]
[2026.07.29-23.50.01:379][  0]LogConfig: Setting CVar [[r.SceneColorFormat:4]]
[2026.07.29-23.50.01:379][  0]LogConfig: Setting CVar [[r.DetailMode:2]]
[2026.07.29-23.50.01:379][  0]LogConfig: Setting CVar [[r.TranslucencyVolumeBlur:1]]
[2026.07.29-23.50.01:379][  0]LogConfig: Setting CVar [[r.MaterialQualityLevel:1 ; High quality]]
[2026.07.29-23.50.01:379][  0]LogConfig: Setting CVar [[r.AnisotropicMaterials:1]]
[2026.07.29-23.50.01:379][  0]LogConfig: Setting CVar [[r.SSS.Scale:1]]
[2026.07.29-23.50.01:379][  0]LogConfig: Setting CVar [[r.SSS.SampleSet:2]]
[2026.07.29-23.50.01:379][  0]LogConfig: Setting CVar [[r.SSS.Quality:1]]
[2026.07.29-23.50.01:379][  0]LogConfig: Setting CVar [[r.SSS.HalfRes:0]]
[2026.07.29-23.50.01:379][  0]LogConfig: Setting CVar [[r.SSGI.Quality:3]]
[2026.07.29-23.50.01:379][  0]LogConfig: Setting CVar [[r.EmitterSpawnRateScale:1.0]]
[2026.07.29-23.50.01:379][  0]LogConfig: Setting CVar [[r.ParticleLightQuality:2]]
[2026.07.29-23.50.01:379][  0]LogConfig: Setting CVar [[r.SkyAtmosphere.AerialPerspectiveLUT.FastApplyOnOpaque:1 ; Always have FastSkyLUT 1 in this case to avoid wrong sky]]
[2026.07.29-23.50.01:379][  0]LogConfig: Setting CVar [[r.SkyAtmosphere.AerialPerspectiveLUT.SampleCountMaxPerSlice:4]]
[2026.07.29-23.50.01:379][  0]LogConfig: Setting CVar [[r.SkyAtmosphere.AerialPerspectiveLUT.DepthResolution:16.0]]
[2026.07.29-23.50.01:379][  0]LogConfig: Setting CVar [[r.SkyAtmosphere.FastSkyLUT:1]]
[2026.07.29-23.50.01:379][  0]LogConfig: Setting CVar [[r.SkyAtmosphere.FastSkyLUT.SampleCountMin:4.0]]
[2026.07.29-23.50.01:379][  0]LogConfig: Setting CVar [[r.SkyAtmosphere.FastSkyLUT.SampleCountMax:128.0]]
[2026.07.29-23.50.01:379][  0]LogConfig: Setting CVar [[r.SkyAtmosphere.SampleCountMin:4.0]]
[2026.07.29-23.50.01:379][  0]LogConfig: Setting CVar [[r.SkyAtmosphere.SampleCountMax:128.0]]
[2026.07.29-23.50.01:379][  0]LogConfig: Setting CVar [[r.SkyAtmosphere.TransmittanceLUT.UseSmallFormat:0]]
[2026.07.29-23.50.01:379][  0]LogConfig: Setting CVar [[r.SkyAtmosphere.TransmittanceLUT.SampleCount:10.0]]
[2026.07.29-23.50.01:379][  0]LogConfig: Setting CVar [[r.SkyAtmosphere.MultiScatteringLUT.SampleCount:15.0]]
[2026.07.29-23.50.01:379][  0]LogConfig: Setting CVar [[r.SkyLight.RealTimeReflectionCapture:1]]
[2026.07.29-23.50.01:379][  0]LogConfig: Applying CVar settings from Section [FoliageQuality@3] File [C:/UEProject/UnrealLearn/UMGLearn/Saved/Config/Windows/Scalability.ini]
[2026.07.29-23.50.01:379][  0]LogConfig: Setting CVar [[foliage.DensityScale:1.0]]
[2026.07.29-23.50.01:379][  0]LogConfig: Setting CVar [[grass.DensityScale:1.0]]
[2026.07.29-23.50.01:379][  0]LogConfig: Applying CVar settings from Section [ShadingQuality@3] File [C:/UEProject/UnrealLearn/UMGLearn/Saved/Config/Windows/Scalability.ini]
[2026.07.29-23.50.01:379][  0]LogConfig: Setting CVar [[r.HairStrands.SkyLighting.IntegrationType:2]]
[2026.07.29-23.50.01:379][  0]LogConfig: Setting CVar [[r.HairStrands.SkyAO.SampleCount:4]]
[2026.07.29-23.50.01:379][  0]LogConfig: Setting CVar [[r.HairStrands.Visibility.MSAA.SamplePerPixel:4]]
[2026.07.29-23.50.01:379][  0]LogInit: Selected Device Profile: [Windows]
[2026.07.29-23.50.01:379][  0]LogInit: Applying CVar settings loaded from the selected device profile: [Windows]
[2026.07.29-23.50.01:379][  0]LogHAL: Display: Platform has ~ 14 GB [14665842688 / 17179869184 / 14], which maps to Larger [LargestMinGB=32, LargerMinGB=12, DefaultMinGB=8, SmallerMinGB=6, SmallestMinGB=0)
[2026.07.29-23.50.01:379][  0]LogInit: Going up to parent DeviceProfile []
[2026.07.29-23.50.01:379][  0]LogConfig: Applying CVar settings from Section [ViewDistanceQuality@3] File [C:/UEProject/UnrealLearn/UMGLearn/Saved/Config/Windows/Scalability.ini]
[2026.07.29-23.50.01:379][  0]LogConfig: Setting CVar [[r.SkeletalMeshLODBias:0]]
[2026.07.29-23.50.01:379][  0]LogConfig: Setting CVar [[r.ViewDistanceScale:1.0]]
[2026.07.29-23.50.01:379][  0]LogConfig: Applying CVar settings from Section [AntiAliasingQuality@3] File [C:/UEProject/UnrealLearn/UMGLearn/Saved/Config/Windows/Scalability.ini]
[2026.07.29-23.50.01:379][  0]LogConfig: Setting CVar [[r.PostProcessAAQuality:4]]
[2026.07.29-23.50.01:379][  0]LogConfig: Applying CVar settings from Section [ShadowQuality@3] File [C:/UEProject/UnrealLearn/UMGLearn/Saved/Config/Windows/Scalability.ini]
[2026.07.29-23.50.01:379][  0]LogConfig: Setting CVar [[r.LightFunctionQuality:1]]
[2026.07.29-23.50.01:379][  0]LogConfig: Setting CVar [[r.ShadowQuality:5]]
[2026.07.29-23.50.01:379][  0]LogConfig: Setting CVar [[r.Shadow.CSM.MaxCascades:10]]
[2026.07.29-23.50.01:379][  0]LogConfig: Setting CVar [[r.Shadow.MaxResolution:2048]]
[2026.07.29-23.50.01:379][  0]LogConfig: Setting CVar [[r.Shadow.MaxCSMResolution:2048]]
[2026.07.29-23.50.01:379][  0]LogConfig: Setting CVar [[r.Shadow.RadiusThreshold:0.01]]
[2026.07.29-23.50.01:379][  0]LogConfig: Setting CVar [[r.Shadow.DistanceScale:1.0]]
[2026.07.29-23.50.01:379][  0]LogConfig: Setting CVar [[r.Shadow.CSM.TransitionScale:1.0]]
[2026.07.29-23.50.01:380][  0]LogConfig: Setting CVar [[r.Shadow.PreShadowResolutionFactor:1.0]]
[2026.07.29-23.50.01:380][  0]LogConfig: Setting CVar [[r.DistanceFieldShadowing:1]]
[2026.07.29-23.50.01:380][  0]LogConfig: Setting CVar [[r.DistanceFieldAO:1]]
[2026.07.29-23.50.01:380][  0]LogConfig: Setting CVar [[r.AOQuality:2]]
[2026.07.29-23.50.01:380][  0]LogConfig: Setting CVar [[r.VolumetricFog:1]]
[2026.07.29-23.50.01:380][  0]LogConfig: Setting CVar [[r.VolumetricFog.GridPixelSize:8]]
[2026.07.29-23.50.01:380][  0]LogConfig: Setting CVar [[r.VolumetricFog.GridSizeZ:128]]
[2026.07.29-23.50.01:380][  0]LogConfig: Setting CVar [[r.VolumetricFog.HistoryMissSupersampleCount:4]]
[2026.07.29-23.50.01:380][  0]LogConfig: Setting CVar [[r.LightMaxDrawDistanceScale:1]]
[2026.07.29-23.50.01:380][  0]LogConfig: Setting CVar [[r.CapsuleShadows:1]]
[2026.07.29-23.50.01:380][  0]LogConfig: Applying CVar settings from Section [PostProcessQuality@3] File [C:/UEProject/UnrealLearn/UMGLearn/Saved/Config/Windows/Scalability.ini]
[2026.07.29-23.50.01:380][  0]LogConfig: Setting CVar [[r.MotionBlurQuality:4]]
[2026.07.29-23.50.01:380][  0]LogConfig: Setting CVar [[r.AmbientOcclusionMipLevelFactor:0.4]]
[2026.07.29-23.50.01:380][  0]LogConfig: Setting CVar [[r.AmbientOcclusionMaxQuality:100]]
[2026.07.29-23.50.01:380][  0]LogConfig: Setting CVar [[r.AmbientOcclusionLevels:-1]]
[2026.07.29-23.50.01:380][  0]LogConfig: Setting CVar [[r.AmbientOcclusionRadiusScale:1.0]]
[2026.07.29-23.50.01:380][  0]LogConfig: Setting CVar [[r.DepthOfFieldQuality:2]]
[2026.07.29-23.50.01:380][  0]LogConfig: Setting CVar [[r.RenderTargetPoolMin:400]]
[2026.07.29-23.50.01:380][  0]LogConfig: Setting CVar [[r.LensFlareQuality:2]]
[2026.07.29-23.50.01:380][  0]LogConfig: Setting CVar [[r.SceneColorFringeQuality:1]]
[2026.07.29-23.50.01:380][  0]LogConfig: Setting CVar [[r.EyeAdaptationQuality:2]]
[2026.07.29-23.50.01:380][  0]LogConfig: Setting CVar [[r.BloomQuality:5]]
[2026.07.29-23.50.01:380][  0]LogConfig: Setting CVar [[r.FastBlurThreshold:100]]
[2026.07.29-23.50.01:380][  0]LogConfig: Setting CVar [[r.Upscale.Quality:3]]
[2026.07.29-23.50.01:380][  0]LogConfig: Setting CVar [[r.Tonemapper.GrainQuantization:1]]
[2026.07.29-23.50.01:380][  0]LogConfig: Setting CVar [[r.LightShaftQuality:1]]
[2026.07.29-23.50.01:380][  0]LogConfig: Setting CVar [[r.Filter.SizeScale:1]]
[2026.07.29-23.50.01:380][  0]LogConfig: Setting CVar [[r.Tonemapper.Quality:5]]
[2026.07.29-23.50.01:380][  0]LogConfig: Setting CVar [[r.DOF.Gather.AccumulatorQuality:1        ; higher gathering accumulator quality]]
[2026.07.29-23.50.01:380][  0]LogConfig: Setting CVar [[r.DOF.Gather.PostfilterMethod:1          ; Median3x3 postfilering method]]
[2026.07.29-23.50.01:380][  0]LogConfig: Setting CVar [[r.DOF.Gather.EnableBokehSettings:0       ; no bokeh simulation when gathering]]
[2026.07.29-23.50.01:380][  0]LogConfig: Setting CVar [[r.DOF.Gather.RingCount:4                 ; medium number of samples when gathering]]
[2026.07.29-23.50.01:380][  0]LogConfig: Setting CVar [[r.DOF.Scatter.ForegroundCompositing:1    ; additive foreground scattering]]
[2026.07.29-23.50.01:380][  0]LogConfig: Setting CVar [[r.DOF.Scatter.BackgroundCompositing:2    ; additive background scattering]]
[2026.07.29-23.50.01:380][  0]LogConfig: Setting CVar [[r.DOF.Scatter.EnableBokehSettings:1      ; bokeh simulation when scattering]]
[2026.07.29-23.50.01:380][  0]LogConfig: Setting CVar [[r.DOF.Scatter.MaxSpriteRatio:0.1         ; only a maximum of 10% of scattered bokeh]]
[2026.07.29-23.50.01:380][  0]LogConfig: Setting CVar [[r.DOF.Recombine.Quality:1                ; cheap slight out of focus]]
[2026.07.29-23.50.01:380][  0]LogConfig: Setting CVar [[r.DOF.Recombine.EnableBokehSettings:0    ; no bokeh simulation on slight out of focus]]
[2026.07.29-23.50.01:380][  0]LogConfig: Setting CVar [[r.DOF.TemporalAAQuality:1                ; more stable temporal accumulation]]
[2026.07.29-23.50.01:380][  0]LogConfig: Setting CVar [[r.DOF.Kernel.MaxForegroundRadius:0.025]]
[2026.07.29-23.50.01:380][  0]LogConfig: Setting CVar [[r.DOF.Kernel.MaxBackgroundRadius:0.025]]
[2026.07.29-23.50.01:380][  0]LogConfig: Applying CVar settings from Section [TextureQuality@3] File [C:/UEProject/UnrealLearn/UMGLearn/Saved/Config/Windows/Scalability.ini]
[2026.07.29-23.50.01:380][  0]LogConfig: Setting CVar [[r.Streaming.MipBias:0]]
[2026.07.29-23.50.01:380][  0]LogConfig: Setting CVar [[r.Streaming.AmortizeCPUToGPUCopy:0]]
[2026.07.29-23.50.01:380][  0]LogConfig: Setting CVar [[r.Streaming.MaxNumTexturesToStreamPerFrame:0]]
[2026.07.29-23.50.01:380][  0]LogConfig: Setting CVar [[r.Streaming.Boost:1]]
[2026.07.29-23.50.01:380][  0]LogConfig: Setting CVar [[r.MaxAnisotropy:8]]
[2026.07.29-23.50.01:380][  0]LogConfig: Setting CVar [[r.VT.MaxAnisotropy:8]]
[2026.07.29-23.50.01:380][  0]LogConfig: Setting CVar [[r.Streaming.LimitPoolSizeToVRAM:0]]
[2026.07.29-23.50.01:380][  0]LogConfig: Setting CVar [[r.Streaming.PoolSize:1000]]
[2026.07.29-23.50.01:380][  0]LogConfig: Setting CVar [[r.Streaming.MaxEffectiveScreenSize:0]]
[2026.07.29-23.50.01:380][  0]LogConfig: Applying CVar settings from Section [EffectsQuality@3] File [C:/UEProject/UnrealLearn/UMGLearn/Saved/Config/Windows/Scalability.ini]
[2026.07.29-23.50.01:380][  0]LogConfig: Setting CVar [[r.TranslucencyLightingVolumeDim:64]]
[2026.07.29-23.50.01:380][  0]LogConfig: Setting CVar [[r.RefractionQuality:2]]
[2026.07.29-23.50.01:380][  0]LogConfig: Setting CVar [[r.SSR.Quality:3]]
[2026.07.29-23.50.01:380][  0]LogConfig: Setting CVar [[r.SSR.HalfResSceneColor:0]]
[2026.07.29-23.50.01:380][  0]LogConfig: Setting CVar [[r.SceneColorFormat:4]]
[2026.07.29-23.50.01:380][  0]LogConfig: Setting CVar [[r.DetailMode:2]]
[2026.07.29-23.50.01:380][  0]LogConfig: Setting CVar [[r.TranslucencyVolumeBlur:1]]
[2026.07.29-23.50.01:380][  0]LogConfig: Setting CVar [[r.MaterialQualityLevel:1 ; High quality]]
[2026.07.29-23.50.01:380][  0]LogConfig: Setting CVar [[r.AnisotropicMaterials:1]]
[2026.07.29-23.50.01:380][  0]LogConfig: Setting CVar [[r.SSS.Scale:1]]
[2026.07.29-23.50.01:380][  0]LogConfig: Setting CVar [[r.SSS.SampleSet:2]]
[2026.07.29-23.50.01:380][  0]LogConfig: Setting CVar [[r.SSS.Quality:1]]
[2026.07.29-23.50.01:380][  0]LogConfig: Setting CVar [[r.SSS.HalfRes:0]]
[2026.07.29-23.50.01:380][  0]LogConfig: Setting CVar [[r.SSGI.Quality:3]]
[2026.07.29-23.50.01:380][  0]LogConfig: Setting CVar [[r.EmitterSpawnRateScale:1.0]]
[2026.07.29-23.50.01:380][  0]LogConfig: Setting CVar [[r.ParticleLightQuality:2]]
[2026.07.29-23.50.01:380][  0]LogConfig: Setting CVar [[r.SkyAtmosphere.AerialPerspectiveLUT.FastApplyOnOpaque:1 ; Always have FastSkyLUT 1 in this case to avoid wrong sky]]
[2026.07.29-23.50.01:380][  0]LogConfig: Setting CVar [[r.SkyAtmosphere.AerialPerspectiveLUT.SampleCountMaxPerSlice:4]]
[2026.07.29-23.50.01:380][  0]LogConfig: Setting CVar [[r.SkyAtmosphere.AerialPerspectiveLUT.DepthResolution:16.0]]
[2026.07.29-23.50.01:380][  0]LogConfig: Setting CVar [[r.SkyAtmosphere.FastSkyLUT:1]]
[2026.07.29-23.50.01:380][  0]LogConfig: Setting CVar [[r.SkyAtmosphere.FastSkyLUT.SampleCountMin:4.0]]
[2026.07.29-23.50.01:380][  0]LogConfig: Setting CVar [[r.SkyAtmosphere.FastSkyLUT.SampleCountMax:128.0]]
[2026.07.29-23.50.01:380][  0]LogConfig: Setting CVar [[r.SkyAtmosphere.SampleCountMin:4.0]]
[2026.07.29-23.50.01:380][  0]LogConfig: Setting CVar [[r.SkyAtmosphere.SampleCountMax:128.0]]
[2026.07.29-23.50.01:380][  0]LogConfig: Setting CVar [[r.SkyAtmosphere.TransmittanceLUT.UseSmallFormat:0]]
[2026.07.29-23.50.01:380][  0]LogConfig: Setting CVar [[r.SkyAtmosphere.TransmittanceLUT.SampleCount:10.0]]
[2026.07.29-23.50.01:380][  0]LogConfig: Setting CVar [[r.SkyAtmosphere.MultiScatteringLUT.SampleCount:15.0]]
[2026.07.29-23.50.01:380][  0]LogConfig: Setting CVar [[r.SkyLight.RealTimeReflectionCapture:1]]
[2026.07.29-23.50.01:380][  0]LogConfig: Applying CVar settings from Section [FoliageQuality@3] File [C:/UEProject/UnrealLearn/UMGLearn/Saved/Config/Windows/Scalability.ini]
[2026.07.29-23.50.01:380][  0]LogConfig: Setting CVar [[foliage.DensityScale:1.0]]
[2026.07.29-23.50.01:380][  0]LogConfig: Setting CVar [[grass.DensityScale:1.0]]
[2026.07.29-23.50.01:380][  0]LogConfig: Applying CVar settings from Section [ShadingQuality@3] File [C:/UEProject/UnrealLearn/UMGLearn/Saved/Config/Windows/Scalability.ini]
[2026.07.29-23.50.01:380][  0]LogConfig: Setting CVar [[r.HairStrands.SkyLighting.IntegrationType:2]]
[2026.07.29-23.50.01:380][  0]LogConfig: Setting CVar [[r.HairStrands.SkyAO.SampleCount:4]]
[2026.07.29-23.50.01:380][  0]LogConfig: Setting CVar [[r.HairStrands.Visibility.MSAA.SamplePerPixel:4]]
[2026.07.29-23.50.01:380][  0]LogConfig: Applying CVar settings from Section [Startup] File [../../../Engine/Config/ConsoleVariables.ini]
[2026.07.29-23.50.01:389][  0]LogConfig: Setting CVar [[net.UseAdaptiveNetUpdateFrequency:0]]
[2026.07.29-23.50.01:389][  0]LogConfig: Setting CVar [[p.chaos.AllowCreatePhysxBodies:1]]
[2026.07.29-23.50.01:389][  0]LogConfig: Setting CVar [[fx.SkipVectorVMBackendOptimizations:1]]
[2026.07.29-23.50.01:389][  0]LogConfig: Applying CVar settings from Section [ConsoleVariables] File [C:/UEProject/UnrealLearn/UMGLearn/Saved/Config/Windows/Engine.ini]
[2026.07.29-23.50.01:389][  0]LogConfig: Applying CVar settings from Section [ConsoleVariables] File [C:/UEProject/UnrealLearn/UMGLearn/Saved/Config/Windows/Editor.ini]
[2026.07.29-23.50.01:389][  0]LogInit: Computer: MANKA-D-D-6017
[2026.07.29-23.50.01:389][  0]LogInit: User: LiamChen
[2026.07.29-23.50.01:389][  0]LogInit: CPU Page size=4096, Cores=16
[2026.07.29-23.50.01:389][  0]LogInit: High frequency timer resolution =10.000000 MHz
[2026.07.29-23.50.01:389][  0]LogMemory: Memory total: Physical=13.7GB (14GB approx)
[2026.07.29-23.50.01:390][  0]LogMemory: Platform Memory Stats for Windows
[2026.07.29-23.50.01:390][  0]LogMemory: Process Physical Memory: 162.55 MB used, 162.55 MB peak
[2026.07.29-23.50.01:390][  0]LogMemory: Process Virtual Memory: 126.75 MB used, 126.75 MB peak
[2026.07.29-23.50.01:390][  0]LogMemory: Physical Memory: 9718.20 MB used,  4268.24 MB free, 13986.44 MB total
[2026.07.29-23.50.01:390][  0]LogMemory: Virtual Memory: 134200672.00 MB used,  17053.94 MB free, 134217728.00 MB total
[2026.07.29-23.50.01:395][  0]LogWindows: WindowsPlatformFeatures enabled
[2026.07.29-23.50.01:451][  0]LogInit: Physics initialised using underlying interface: PhysX
[2026.07.29-23.50.01:454][  0]LogInit: Overriding language with editor language configuration option (en).
[2026.07.29-23.50.01:454][  0]LogInit: Overriding language with editor locale configuration option (en).
[2026.07.29-23.50.01:691][  0]LogInit: Setting process to per monitor DPI aware
[2026.07.29-23.50.01:767][  0]LogWindowsTextInputMethodSystem: Display: IME system deactivated.
[2026.07.29-23.50.01:812][  0]LogSlate: New Slate User Created.  User Index 0, Is Virtual User: 0
[2026.07.29-23.50.01:812][  0]LogSlate: Slate User Registered.  User Index 0, Is Virtual User: 0
[2026.07.29-23.50.03:776][  0]LogD3D11RHI: Loaded GFSDK_Aftermath_Lib.x64.dll
[2026.07.29-23.50.03:800][  0]LogHMD: Failed to initialize OpenVR with code 110
[2026.07.29-23.50.03:800][  0]LogD3D11RHI: D3D11 min allowed feature level: 11_0
[2026.07.29-23.50.03:800][  0]LogD3D11RHI: D3D11 max allowed feature level: 11_0
[2026.07.29-23.50.03:800][  0]LogD3D11RHI: D3D11 adapters:
[2026.07.29-23.50.03:995][  0]LogD3D11RHI:    0. 'NVIDIA GeForce RTX 4070' (Feature Level 11_0)
[2026.07.29-23.50.03:995][  0]LogD3D11RHI:       12010/0/6993 MB DedicatedVideo/DedicatedSystem/SharedSystem, Outputs:1, VendorId:0x10de
[2026.07.29-23.50.04:033][  0]LogD3D11RHI:    1. 'Intel(R) UHD Graphics 770' (Feature Level 11_0)
[2026.07.29-23.50.04:033][  0]LogD3D11RHI:       2048/0/6993 MB DedicatedVideo/DedicatedSystem/SharedSystem, Outputs:1, VendorId:0x8086
[2026.07.29-23.50.04:038][  0]LogD3D11RHI:    2. 'Microsoft Basic Render Driver' (Feature Level 11_0)
[2026.07.29-23.50.04:038][  0]LogD3D11RHI:       0/0/6993 MB DedicatedVideo/DedicatedSystem/SharedSystem, Outputs:0, VendorId:0x1414
[2026.07.29-23.50.04:038][  0]LogD3D11RHI: Chosen D3D11 Adapter:
[2026.07.29-23.50.04:038][  0]LogD3D11RHI:     Description : NVIDIA GeForce RTX 4070
[2026.07.29-23.50.04:038][  0]LogD3D11RHI:     VendorId    : 10de
[2026.07.29-23.50.04:038][  0]LogD3D11RHI:     DeviceId    : 2786
[2026.07.29-23.50.04:038][  0]LogD3D11RHI:     SubSysId    : 513a1028
[2026.07.29-23.50.04:038][  0]LogD3D11RHI:     Revision    : 00a1
[2026.07.29-23.50.04:038][  0]LogD3D11RHI:     DedicatedVideoMemory : 12593397760 bytes
[2026.07.29-23.50.04:038][  0]LogD3D11RHI:     DedicatedSystemMemory : 0 bytes
[2026.07.29-23.50.04:038][  0]LogD3D11RHI:     SharedSystemMemory : 7332921344 bytes
[2026.07.29-23.50.04:038][  0]LogD3D11RHI:     AdapterLuid : 0 58689
[2026.07.29-23.50.04:045][  0]LogD3D11RHI: Creating new Direct3DDevice
[2026.07.29-23.50.04:045][  0]LogD3D11RHI:     GPU DeviceId: 0x2786 (for the marketing name, search the web for "GPU Device Id")
[2026.07.29-23.50.04:045][  0]LogWindows: EnumDisplayDevices:
[2026.07.29-23.50.04:046][  0]LogWindows:    0. 'NVIDIA GeForce RTX 4070' (P:1 D:1)
[2026.07.29-23.50.04:046][  0]LogWindows:    1. 'NVIDIA GeForce RTX 4070' (P:0 D:0)
[2026.07.29-23.50.04:046][  0]LogWindows:    2. 'NVIDIA GeForce RTX 4070' (P:0 D:0)
[2026.07.29-23.50.04:046][  0]LogWindows:    3. 'NVIDIA GeForce RTX 4070' (P:0 D:0)
[2026.07.29-23.50.04:046][  0]LogWindows:    4. 'Intel(R) UHD Graphics 770' (P:0 D:1)
[2026.07.29-23.50.04:046][  0]LogWindows:    5. 'Intel(R) UHD Graphics 770' (P:0 D:0)
[2026.07.29-23.50.04:046][  0]LogWindows:    6. 'Intel(R) UHD Graphics 770' (P:0 D:0)
[2026.07.29-23.50.04:047][  0]LogWindows:    7. 'Intel(R) UHD Graphics 770' (P:0 D:0)
[2026.07.29-23.50.04:047][  0]LogWindows: DebugString: PrimaryIsNotTheChoosenAdapter PrimaryIsNotTheChoosenAdapter PrimaryIsNotTheChoosenAdapter PrimaryIsNotTheChoosenAdapter FoundDriverCount:4 
[2026.07.29-23.50.04:047][  0]LogD3D11RHI:     Adapter Name: NVIDIA GeForce RTX 4070
[2026.07.29-23.50.04:047][  0]LogD3D11RHI:   Driver Version: 595.95 (internal:32.0.15.9595, unified:595.95)
[2026.07.29-23.50.04:047][  0]LogD3D11RHI:      Driver Date: 3-15-2026
[2026.07.29-23.50.04:047][  0]LogRHI: Texture pool is 8407 MB (70% of 12010 MB)
[2026.07.29-23.50.04:047][  0]LogD3D11RHI: Creating D3DDevice using adapter:
[2026.07.29-23.50.04:047][  0]LogD3D11RHI:     Description : NVIDIA GeForce RTX 4070
[2026.07.29-23.50.04:047][  0]LogD3D11RHI:     VendorId    : 10de
[2026.07.29-23.50.04:047][  0]LogD3D11RHI:     DeviceId    : 2786
[2026.07.29-23.50.04:047][  0]LogD3D11RHI:     SubSysId    : 513a1028
[2026.07.29-23.50.04:047][  0]LogD3D11RHI:     Revision    : 00a1
[2026.07.29-23.50.04:047][  0]LogD3D11RHI:     DedicatedVideoMemory : 12593397760 bytes
[2026.07.29-23.50.04:047][  0]LogD3D11RHI:     DedicatedSystemMemory : 0 bytes
[2026.07.29-23.50.04:047][  0]LogD3D11RHI:     SharedSystemMemory : 7332921344 bytes
[2026.07.29-23.50.04:047][  0]LogD3D11RHI:     AdapterLuid : 0 58689
[2026.07.29-23.50.04:164][  0]LogD3D11RHI: RHI has support for 64 bit atomics
[2026.07.29-23.50.04:165][  0]LogD3D11RHI: Async texture creation enabled
[2026.07.29-23.50.04:165][  0]LogD3D11RHI: Array index from any shader is supported
[2026.07.29-23.50.04:166][  0]LogD3D11RHI: HDR output is supported on display 0 (NvId: 0x80061083).
[2026.07.29-23.50.04:205][  0]LogD3D11RHI: GPU Timing Frequency: 1000.000000 (Debug: 2 2)
[2026.07.29-23.50.04:256][  0]LogRHI: GeForceNow SDK initialized: 1
[2026.07.29-23.50.04:525][  0]LogTargetPlatformManager: Display: Loaded TargetPlatform 'AllDesktop'
[2026.07.29-23.50.04:540][  0]LogTargetPlatformManager: Display: Loaded TargetPlatform 'Android'
[2026.07.29-23.50.04:540][  0]LogTargetPlatformManager: Display: Loaded TargetPlatform 'Android_ASTC'
[2026.07.29-23.50.04:540][  0]LogTargetPlatformManager: Display: Loaded TargetPlatform 'Android_DXT'
[2026.07.29-23.50.04:540][  0]LogTargetPlatformManager: Display: Loaded TargetPlatform 'Android_ETC2'
[2026.07.29-23.50.04:540][  0]LogTargetPlatformManager: Display: Loaded TargetPlatform 'AndroidClient'
[2026.07.29-23.50.04:540][  0]LogTargetPlatformManager: Display: Loaded TargetPlatform 'Android_ASTCClient'
[2026.07.29-23.50.04:540][  0]LogTargetPlatformManager: Display: Loaded TargetPlatform 'Android_DXTClient'
[2026.07.29-23.50.04:540][  0]LogTargetPlatformManager: Display: Loaded TargetPlatform 'Android_ETC2Client'
[2026.07.29-23.50.04:540][  0]LogTargetPlatformManager: Display: Loaded TargetPlatform 'Android_Multi'
[2026.07.29-23.50.04:540][  0]LogTargetPlatformManager: Display: Loaded TargetPlatform 'Android_MultiClient'
[2026.07.29-23.50.04:557][  0]LogTargetPlatformManager: Display: Loaded TargetPlatform 'IOSClient'
[2026.07.29-23.50.04:557][  0]LogTargetPlatformManager: Display: Loaded TargetPlatform 'IOS'
[2026.07.29-23.50.04:576][  0]LogTargetPlatformManager: Display: Loaded TargetPlatform 'Linux'
[2026.07.29-23.50.04:581][  0]LogTargetPlatformManager: Display: Loaded TargetPlatform 'LinuxNoEditor'
[2026.07.29-23.50.04:584][  0]LogTargetPlatformManager: Display: Loaded TargetPlatform 'LinuxClient'
[2026.07.29-23.50.04:588][  0]LogTargetPlatformManager: Display: Loaded TargetPlatform 'LinuxServer'
[2026.07.29-23.50.04:599][  0]LogTargetPlatformManager: Display: Loaded TargetPlatform 'LinuxAArch64NoEditor'
[2026.07.29-23.50.04:604][  0]LogTargetPlatformManager: Display: Loaded TargetPlatform 'LinuxAArch64Client'
[2026.07.29-23.50.04:608][  0]LogTargetPlatformManager: Display: Loaded TargetPlatform 'LinuxAArch64Server'
[2026.07.29-23.50.04:628][  0]LogTargetPlatformManager: Display: Loaded TargetPlatform 'Lumin'
[2026.07.29-23.50.04:628][  0]LogTargetPlatformManager: Display: Loaded TargetPlatform 'LuminClient'
[2026.07.29-23.50.04:645][  0]LogTargetPlatformManager: Display: Loaded TargetPlatform 'MacNoEditor'
[2026.07.29-23.50.04:649][  0]LogTargetPlatformManager: Display: Loaded TargetPlatform 'Mac'
[2026.07.29-23.50.04:654][  0]LogTargetPlatformManager: Display: Loaded TargetPlatform 'MacClient'
[2026.07.29-23.50.04:658][  0]LogTargetPlatformManager: Display: Loaded TargetPlatform 'MacServer'
[2026.07.29-23.50.04:665][  0]LogTargetPlatformManager: Display: Loaded TargetPlatform 'TVOSClient'
[2026.07.29-23.50.04:665][  0]LogTargetPlatformManager: Display: Loaded TargetPlatform 'TVOS'
[2026.07.29-23.50.04:672][  0]LogTargetPlatformManager: Display: Loaded TargetPlatform 'WindowsNoEditor'
[2026.07.29-23.50.04:677][  0]LogTargetPlatformManager: Display: Loaded TargetPlatform 'Windows'
[2026.07.29-23.50.04:681][  0]LogTargetPlatformManager: Display: Loaded TargetPlatform 'WindowsClient'
[2026.07.29-23.50.04:685][  0]LogTargetPlatformManager: Display: Loaded TargetPlatform 'WindowsServer'
[2026.07.29-23.50.04:685][  0]LogTargetPlatformManager: Display: Building Assets For Windows
[2026.07.29-23.50.04:695][  0]LogAudioDebug: Display: Lib vorbis DLL was dynamically loaded.
[2026.07.29-23.50.04:732][  0]LogTextureFormatOodle: Display: Oodle Texture 2.9.0 init RDO Off
[2026.07.29-23.50.04:796][  0]LogRendererCore: Ray tracing is disabled. Reason: r.RayTracing=0.
[2026.07.29-23.50.04:797][  0]LogShaderCompilers: Guid format shader working directory is 0 characters bigger than the processId version (../../../../../../UEProject/UnrealLearn/UMGLearn/Intermediate/Shaders/WorkingDirectory/14312/).
[2026.07.29-23.50.04:797][  0]LogShaderCompilers: Cleaned the shader compiler working directory 'C:/Users/LiamChen/AppData/Local/Temp/UnrealShaderWorkingDir/F65BB7BB42ABC961A7122980E162ED1E/'.
[2026.07.29-23.50.04:797][  0]LogXGEController: Cannot use XGE Controller as Incredibuild is not installed on this machine.
[2026.07.29-23.50.04:797][  0]LogShaderCompilers: Cannot use XGE Shader Compiler as Incredibuild is not installed on this machine.
[2026.07.29-23.50.04:798][  0]LogShaderCompilers: Display: Using Local Shader Compiler.
[2026.07.29-23.50.08:566][  0]LogDerivedDataCache: Display: Max Cache Size: 512 MB
[2026.07.29-23.50.08:648][  0]LogDerivedDataCache: Loaded boot cache 0.08s 94MB C:/Users/LiamChen/AppData/Local/UnrealEngine/4.27/DerivedDataCache/Boot.ddc.
[2026.07.29-23.50.08:648][  0]LogDerivedDataCache: Display: Loaded Boot cache: C:/Users/LiamChen/AppData/Local/UnrealEngine/4.27/DerivedDataCache/Boot.ddc
[2026.07.29-23.50.08:649][  0]LogDerivedDataCache: FDerivedDataBackendGraph:  Pak pak cache file ../../../../../../UEProject/UnrealLearn/UMGLearn/DerivedDataCache/DDC.ddp not found, will not use a pak cache.
[2026.07.29-23.50.08:649][  0]LogDerivedDataCache: Unable to find inner node Pak for hierarchical cache Hierarchy.
[2026.07.29-23.50.08:649][  0]LogDerivedDataCache: FDerivedDataBackendGraph:  CompressedPak pak cache file ../../../../../../UEProject/UnrealLearn/UMGLearn/DerivedDataCache/Compressed.ddp not found, will not use a pak cache.
[2026.07.29-23.50.08:649][  0]LogDerivedDataCache: Unable to find inner node CompressedPak for hierarchical cache Hierarchy.
[2026.07.29-23.50.08:674][  0]LogDerivedDataCache: Display: Pak cache opened for reading ../../../Engine/DerivedDataCache/Compressed.ddp.
[2026.07.29-23.50.08:674][  0]LogDerivedDataCache: FDerivedDataBackendGraph:  EnterprisePak pak cache file ../../../Enterprise/DerivedDataCache/Compressed.ddp not found, will not use a pak cache.
[2026.07.29-23.50.08:674][  0]LogDerivedDataCache: Unable to find inner node EnterprisePak for hierarchical cache Hierarchy.
[2026.07.29-23.50.08:726][  0]LogDerivedDataCache: Speed tests for C:/Users/LiamChen/AppData/Local/UnrealEngine/Common/DerivedDataCache took 0.05 seconds
[2026.07.29-23.50.08:726][  0]LogDerivedDataCache: Display: Performance to C:/Users/LiamChen/AppData/Local/UnrealEngine/Common/DerivedDataCache: Latency=0.10ms. RandomReadSpeed=19.88MBs, RandomWriteSpeed=213.28MBs. Assigned SpeedClass 'Local'
[2026.07.29-23.50.08:727][  0]LogDerivedDataCache: Using Local data cache path C:/Users/LiamChen/AppData/Local/UnrealEngine/Common/DerivedDataCache: Writable
[2026.07.29-23.50.08:727][  0]LogDerivedDataCache: Shared data cache path not found in *engine.ini, will not use an Shared cache.
[2026.07.29-23.50.08:727][  0]LogDerivedDataCache: Unable to find inner node Shared for hierarchical cache Hierarchy.
[2026.07.29-23.50.08:768][  0]LogSlate: Using FreeType 2.10.0
[2026.07.29-23.50.08:780][  0]LogSlate: SlateFontServices - WITH_FREETYPE: 1, WITH_HARFBUZZ: 1
[2026.07.29-23.50.08:817][  0]LogAssetRegistry: FAssetRegistry took 0.0039 seconds to start up
[2026.07.29-23.50.09:136][  0]LogInit: Selected Device Profile: [Windows]
[2026.07.29-23.50.09:137][  0]LogInit: Active device profile: [000002706964CD00][0000027067DC3640 49] Windows
[2026.07.29-23.50.09:137][  0]LogInit: Profiles: [000002706964CD00][0000027067DC3640 49] Windows, [0000027069612300][0000027067DCB7C0 49] WindowsNoEditor, [000002706964DC00][0000027063D69940 49] WindowsServer, [0000027069613100][0000027063D6DAC0 49] WindowsClient, [000002706964E900][0000027063D700C0 49] IOS, [0000027069611A00][0000027063D74240 49] iPadAir, [000002706964FE00][000002705EB0C3C0 49] iPadAir2, [00000270695B5100][0000027067DC6640 49] IPadPro, [00000270695B5200][000002705EB10680 49] iPadAir3, [0000027069610C00][000002705EB147C0 49] iPadAir4, [00000270695B5E00][000002705EB18900 49] iPadMini2, [0000027069613300][000002705EB20A80 49] iPadMini3, [00000270695B7900][000002705EB24C00 49] iPadMini4, [0000027069611000][000002705EB28D80 49] iPadMini5, [00000270695E8900][000002705EB31040 49] iPhone6, [00000270695E8A00][000002705EB2D080 49] iPodTouch6, [000002706964EE00][000002705EB39340 49] iPhone7, [000002706964EF00][000002705EB35380 49] iPodTouch7, [00000270695B7E00][000002705EB3D500 49] iPhone5S, [000002706964CF00][000002705EB41680 49] iPhone6Plus, [00000270695E8100][000002705EB45800 49] iPhone6S, [00000270695B4300][0000027062385980 49] iPhone6SPlus, [00000270695EA800][0000027062389B00 49] iPhone7Plus, [00000270695B6400][000002706238C100 49] iPhoneSE, [00000270695EA600][0000027062390280 49] iPhone8, [00000270695B4400][0000027062394400 49] iPhone8Plus, [00000270695EB100][0000027062398580 49] iPhoneX, [000002706964D400][000002706239C700 49] iPhoneXS, [00000270695EAB00][000002705EB1C840 49] iPhoneXSMax, [000002706964C700][00000270623A0980 49] iPhoneXR, [00000270695E8800][00000270623A4AC0 49] iPhone11, [000002706964D100][00000270623ACC40 49] iPhone11Pro, [00000270695E9A00][00000270623B0DC0 49] iPhone11ProMax, [000002706964F700][00000270623B4F40 49] iPhoneSE2, [00000270695EB800][00000270623B90C0 49] iPhone12Mini, [000002706964E300][00000270623BD240 49] iPhone12, [00000270695EB200][00000270623C13C0 49] iPhone12Pro, [000002706964D300][00000270623C5540 49] iPhone12ProMax, [00000270695E9500][00000270623C96C0 49] iPadPro105, [000002706964CA00][00000270623CD840 49] iPadPro129, [00000270695EBD00][000002705F9BB9C0 49] iPadPro97, [000002706964EA00][000002705F9BFB40 49] iPadPro2_129, [00000270695EA900][000002705F9C2140 49] iPad5, [000002706964DE00][000002705F9C62C0 49] iPad6, [00000270695E9300][000002705F9CA440 49] iPad7, [000002706964C200][000002705F9CE5C0 49] iPad8, [00000270695E8400][000002705F9D2740 49] iPadPro11, [000002706964DA00][000002705F9D68C0 49] iPadPro2_11, [00000270695E9600][00000270623A8A00 49] iPadPro3_129, [000002706964E700][000002705F9DAB40 49] iPadPro4_129, [00000270695E8200][000002705F9DEC80 49] AppleTV, [000002706964C900][000002705F9E2DC0 49] AppleTV4K, [00000270695E9D00][000002705F9EAF40 49] TVOS, [000002706964ED00][000002705F9EF0C0 49] Mac, [00000270695EB600][000002705F9F3240 49] MacClient, [000002706964F900][000002705F9F73C0 49] MacNoEditor, [00000270695EB500][000002705F9FB540 49] MacServer, [000002706964D200][000002705F9FF6C0 49] Linux, [00000270695E9C00][000002705FA03840 49] LinuxAArch64, [000002706964FC00][000002705FA079C0 49] LinuxNoEditor, [00000270695EA300][000002705FA0BB40 49] LinuxAArch64NoEditor, [000002706964DB00][000002705FA0E140 49] LinuxClient, [00000270695EA500][000002705FA122C0 49] LinuxAArch64Client, [000002706964CE00][000002705FA16440 49] LinuxServer, [00000270695EB900][000002705FA1A5C0 49] LinuxAArch64Server, [000002706964F500][000002705FA1E740 49] Android, [00000270695E9E00][000002705FA228C0 49] Android_Low, [000002706964DF00][000002705FA26A40 49] Android_Mid, [00000270695EA200][000002705F9E6B80 49] Android_High, [000002706964FF00][000002705FA2ACC0 49] Android_Default, [00000270695EA000][000002705FA2EE00 49] Android_Adreno4xx, [000002706964FD00][000002705FA32F40 49] Android_Adreno5xx_Low, [00000270695EAA00][0000027063BC50C0 49] Android_Adreno5xx, [000002706964F800][0000027063BC9240 49] Android_Adreno6xx, [0000027069610500][0000027063BCD3C0 49] Android_Adreno6xx_Vulkan, [00000270695B5400][0000027063BD1540 49] Android_Mali_T6xx, [0000027069611100][0000027063BD56C0 49] Android_Mali_T7xx, [00000270695B6D00][0000027063BD9840 49] Android_Mali_T8xx, [0000027069612F00][0000027063BDD9C0 49] Android_Mali_G71, [00000270695B7400][0000027063BE1B40 49] Android_Mali_G72, [0000027069611700][0000027063BE4140 49] Android_Mali_G72_Vulkan, [00000270695B5300][0000027063BE82C0 49] Android_Mali_G76, [0000027069613D00][0000027063BEC440 49] Android_Mali_G76_Vulkan, [00000270695B6C00][0000027063BF05C0 49] Android_Mali_G77, [0000027069611500][0000027063BF4740 49] Android_Mali_G77_Vulkan, [00000270695B5800][0000027063BF88C0 49] Android_Mali_G78, [0000027069612200][0000027063BFCA40 49] Android_Mali_G78_Vulkan, [00000270695B7D00][0000027063C00BC0 49] Android_Mali_G710, [0000027069610300][0000027063C04D40 49] Android_Mali_G710_Vulkan, [00000270695B4200][0000027063BC0E80 49] Android_Vulkan_SM5, [0000027069610800][0000027063C08FC0 49] Android_PowerVR_G6xxx, [00000270695B6500][0000027063C0D100 49] Android_PowerVR_GT7xxx, [0000027069610E00][0000027063C15280 49] Android_PowerVR_GE8xxx, [00000270695B5500][0000027063C19400 49] Android_PowerVR_GM9xxx, [0000027069610D00][0000027063C1D580 49] Android_PowerVR_GM9xxx_Vulkan, [00000270695B5900][0000027063C21700 49] Android_TegraK1, [0000027069610600][0000027063C25880 49] Android_Unknown_Vulkan, [00000270695B7800][0000027063C29A00 49] Lumin, [0000027069612600][0000027063C2DB80 49] Lumin_Desktop, [00000270695B7B00][0000027063C30180 49] HoloLens, 
[2026.07.29-23.50.09:356][  0]LogMeshReduction: Using QuadricMeshReduction for automatic static mesh reduction
[2026.07.29-23.50.09:356][  0]LogMeshReduction: Using SimplygonMeshReduction for automatic skeletal mesh reduction
[2026.07.29-23.50.09:356][  0]LogMeshReduction: Using ProxyLODMeshReduction for automatic mesh merging
[2026.07.29-23.50.09:356][  0]LogMeshReduction: No distributed automatic mesh merging module available
[2026.07.29-23.50.09:356][  0]LogMeshMerging: No distributed automatic mesh merging module available
[2026.07.29-23.50.09:412][  0]LogNetVersion: UMGLearn 1.0.0, NetCL: 17155196, EngineNetVer: 17, GameNetVer: 0 (Checksum: 3831741988)
[2026.07.29-23.50.10:429][  0]LogTexture: Default maximum texture size for cubemaps generated from long-lat sources has been changed from 512 to unlimited. In order to preserve old behaiour for '/Engine/MapTemplates/Sky/DaylightAmbientCubemap.DaylightAmbientCubemap', its maximum texture size has been explicitly set to 512.
[2026.07.29-23.50.10:551][  0]LogHMD: PokeAHoleMaterial loaded successfully
[2026.07.29-23.50.10:557][  0]LogUObjectArray: 17178 objects as part of root set at end of initial load.
[2026.07.29-23.50.10:557][  0]LogUObjectAllocator: 4302048 out of 0 bytes used by permanent object pool.
[2026.07.29-23.50.10:557][  0]LogUObjectArray: CloseDisregardForGC: 0/0 objects in disregard for GC pool
[2026.07.29-23.50.10:847][  0]LogNiagaraDebuggerClient: Niagara Debugger Client Initialized | Session: 35F7FA224C79E2F108A08988A6A27F2B | Instance: CA58DA5847E87506D40B75883E53DCFD (MANKA-D-D-6017-14312).
[2026.07.29-23.50.11:040][  0]LogPython: Using Python 3.7.7
[2026.07.29-23.50.11:578][  0]LogTcpMessaging: Initializing TcpMessaging bridge
[2026.07.29-23.50.11:584][  0]LogUdpMessaging: Initializing bridge on interface 0.0.0.0:0 to multicast group 230.0.0.1:6666.
[2026.07.29-23.50.12:362][  0]LogOpenImageDenoise: OIDN starting up
[2026.07.29-23.50.12:374][  0]SourceControl: Source control is disabled
[2026.07.29-23.50.12:374][  0]SourceControl: Source control is disabled
[2026.07.29-23.50.12:384][  0]LogUProjectInfo: Found projects:
[2026.07.29-23.50.12:411][  0]SourceControl: Source control is disabled
[2026.07.29-23.50.12:434][  0]SourceControl: Source control is disabled
[2026.07.29-23.50.12:452][  0]SourceControl: Source control is disabled
[2026.07.29-23.50.12:483][  0]LogAndroidPermission: UAndroidPermissionCallbackProxy::GetInstance
[2026.07.29-23.50.12:503][  0]LogAudioCaptureCore: Display: No Audio Capture implementations found. Audio input will be silent.
[2026.07.29-23.50.12:503][  0]LogAudioCaptureCore: Display: No Audio Capture implementations found. Audio input will be silent.
[2026.07.29-23.50.12:966][  0]LogCollectionManager: Loaded 0 collections in 0.001401 seconds
[2026.07.29-23.50.13:011][  0]LogFileCache: Scanning file cache for directory 'C:/UEProject/UnrealLearn/UMGLearn/Saved/Collections/' took 0.00s
[2026.07.29-23.50.13:011][  0]LogFileCache: Scanning file cache for directory 'C:/UEProject/UnrealLearn/UMGLearn/Content/Developers/LiamChen/Collections/' took 0.00s
[2026.07.29-23.50.13:011][  0]LogFileCache: Scanning file cache for directory 'C:/UEProject/UnrealLearn/UMGLearn/Content/Collections/' took 0.00s
[2026.07.29-23.50.13:011][  0]LogOcInput: OculusInput pre-init called
[2026.07.29-23.50.13:341][  0]LogEngine: Initializing Engine...
[2026.07.29-23.50.13:390][  0]LogHMD: Failed to enumerate extensions. Please check that you have a valid OpenXR runtime installed.
[2026.07.29-23.50.13:391][  0]LogHMD: Failed to initialize OpenVR with code 110
[2026.07.29-23.50.13:391][  0]LogMagicLeap: Warning: VR disabled because ZI is not enabled.  To enable, in the editor, Edit -> Project Settings -> Plugins -> Magic Leap Plugin -> Enable Zero Iteration
[2026.07.29-23.50.13:394][  0]LogStats: UGameplayTagsManager::InitializeManager -  0.001 s
[2026.07.29-23.50.13:675][  0]LogInit: Initializing FReadOnlyCVARCache
[2026.07.29-23.50.13:707][  0]LogAIModule: Creating AISystem for world Untitled
[2026.07.29-23.50.13:714][  0]LogAudio: Display: Initializing Audio Device Manager...
[2026.07.29-23.50.13:717][  0]LogAudio: Display: Loading Default Audio Settings Objects...
[2026.07.29-23.50.13:723][  0]LogAudio: Display: No default SoundConcurrencyObject specified (or failed to load).
[2026.07.29-23.50.13:725][  0]LogAudio: Display: Audio Device Manager Initialized
[2026.07.29-23.50.13:725][  0]LogAudio: Display: Creating Audio Device:                 Id: 1, Scope: Shared, Realtime: True
[2026.07.29-23.50.13:726][  0]LogAudioMixer: Display: Audio Mixer Platform Settings:
[2026.07.29-23.50.13:726][  0]LogAudioMixer: Display: 	Sample Rate:						  48000
[2026.07.29-23.50.13:726][  0]LogAudioMixer: Display: 	Callback Buffer Frame Size Requested: 1024
[2026.07.29-23.50.13:726][  0]LogAudioMixer: Display: 	Callback Buffer Frame Size To Use:	  1024
[2026.07.29-23.50.13:726][  0]LogAudioMixer: Display: 	Number of buffers to queue:			  2
[2026.07.29-23.50.13:726][  0]LogAudioMixer: Display: 	Max Channels (voices):				  32
[2026.07.29-23.50.13:726][  0]LogAudioMixer: Display: 	Number of Async Source Workers:		  0
[2026.07.29-23.50.13:726][  0]LogAudio: Display: AudioDevice MaxSources: 32
[2026.07.29-23.50.13:727][  0]LogAudio: Display: Audio Spatialization Plugin: None (built-in).
[2026.07.29-23.50.13:727][  0]LogAudio: Display: Audio Reverb Plugin: None (built-in).
[2026.07.29-23.50.13:727][  0]LogAudio: Display: Audio Occlusion Plugin: None (built-in).
[2026.07.29-23.50.13:727][  0]LogAudioMixer: Display: Initializing audio mixer.
[2026.07.29-23.50.13:741][  0]LogAudioMixer: Display: 0: FrontLeft
[2026.07.29-23.50.13:741][  0]LogAudioMixer: Display: 1: FrontRight
[2026.07.29-23.50.13:759][  0]LogAudioMixer: Display: Using Audio Device G274F (HD Audio Driver for Display Audio)
[2026.07.29-23.50.13:760][  0]LogAudioMixer: Display: Initializing Sound Submixes...
[2026.07.29-23.50.13:785][  0]LogAudioMixer: Display: Creating Master Submix 'MasterSubmixDefault'
[2026.07.29-23.50.13:785][  0]LogAudioMixer: Display: Creating Master Submix 'MasterReverbSubmixDefault'
[2026.07.29-23.50.13:786][  0]LogAudioMixer: Display: Creating Master Submix 'MasterEQSubmixDefault'
[2026.07.29-23.50.13:787][  0]LogAudioMixer: FMixerPlatformXAudio2::StartAudioStream() called
[2026.07.29-23.50.13:787][  0]LogAudioMixer: Display: Output buffers initialized: Frames=1024, Channels=2, Samples=2048
[2026.07.29-23.50.13:788][  0]LogAudioMixer: Display: Starting AudioMixerPlatformInterface::RunInternal()
[2026.07.29-23.50.13:788][  0]LogAudioMixer: Display: FMixerPlatformXAudio2::SubmitBuffer() called for the first time
[2026.07.29-23.50.13:788][  0]LogInit: FAudioDevice initialized.
[2026.07.29-23.50.13:789][  0]LogAudio: Display: Audio Device (ID: 1) registered with world 'Untitled'.
[2026.07.29-23.50.13:789][  0]LogNetVersion: Set ProjectVersion to 1.0.0.0. Version Checksum will be recalculated on next use.
[2026.07.29-23.50.13:835][  0]LogDerivedDataCache: Saved boot cache 0.05s 94MB C:/Users/LiamChen/AppData/Local/UnrealEngine/4.27/DerivedDataCache/Boot.ddc.
[2026.07.29-23.50.13:835][  0]LogInit: Texture streaming: Enabled
[2026.07.29-23.50.13:851][  0]LogAnalytics: Display: [UEEditor.Rocket.Release] APIServer = https://datarouter.ol.epicgames.com/. AppVersion = 4.27.2-18319896+++UE4+Release-4.27
[2026.07.29-23.50.13:855][  0]LogEngineSessionManager: EngineSessionManager initialized
[2026.07.29-23.50.13:855][  0]LogEditorSessionSummary: Verbose: Initializing EditorSessionSummaryWriter for editor session tracking
[2026.07.29-23.50.13:858][  0]LogEditorSessionSummary: EditorSessionSummaryWriter initialized
[2026.07.29-23.50.13:888][  0]LogInit: Transaction tracking system initialized
[2026.07.29-23.50.13:922][  0]BlueprintLog: New page: Editor Load
[2026.07.29-23.50.14:022][  0]LocalizationService: Localization service is disabled
[2026.07.29-23.50.14:067][  0]TimingProfiler: Initialize
[2026.07.29-23.50.14:068][  0]TimingProfiler: OnSessionChanged
[2026.07.29-23.50.14:068][  0]LoadingProfiler: Initialize
[2026.07.29-23.50.14:068][  0]LoadingProfiler: OnSessionChanged
[2026.07.29-23.50.14:069][  0]NetworkingProfiler: Initialize
[2026.07.29-23.50.14:069][  0]NetworkingProfiler: OnSessionChanged
[2026.07.29-23.50.14:069][  0]MemoryProfiler: Initialize
[2026.07.29-23.50.14:069][  0]MemoryProfiler: OnSessionChanged
[2026.07.29-23.50.14:468][  0]LogCook: Display: CookSettings for Memory: MemoryMaxUsedVirtual 0MiB, MemoryMaxUsedPhysical 16384MiB, MemoryMinFreeVirtual 0MiB, MemoryMinFreePhysical 1024MiB
[2026.07.29-23.50.14:468][  0]LogFileCache: Scanning file cache for directory 'C:/UEProject/UnrealLearn/UMGLearn/Content/' took 0.01s
[2026.07.29-23.50.14:468][  0]LogCook: Display: Mobile HDR setting 1
[2026.07.29-23.50.14:904][  0]LogInit: Display: Engine is initialized. Leaving FEngineLoop::Init()
[2026.07.29-23.50.14:910][  0]SourceControl: Source control is disabled
[2026.07.29-23.50.14:910][  0]LogUnrealEdMisc: Loading editor; pre map load, took 15.637
[2026.07.29-23.50.14:910][  0]Cmd: MAP LOAD FILE="../../../../../../UEProject/UnrealLearn/UMGLearn/Content/ThirdPersonBP/Maps/ThirdPersonExampleMap.umap" TEMPLATE=0 SHOWPROGRESS=1 FEATURELEVEL=3
[2026.07.29-23.50.14:911][  0]LightingResults: New page: Lighting Build
[2026.07.29-23.50.14:915][  0]LogWorld: UWorld::CleanupWorld for Untitled, bSessionEnded=true, bCleanupResources=true
[2026.07.29-23.50.14:917][  0]LogSlate: InvalidateAllWidgets triggered.  All widgets were invalidated
[2026.07.29-23.50.14:918][  0]MapCheck: New page: Map Check
[2026.07.29-23.50.14:918][  0]LightingResults: New page: Lighting Build
[2026.07.29-23.50.14:925][  0]LogAudio: Display: Audio Device unregistered from world 'None'.
[2026.07.29-23.50.14:932][  0]LogUObjectHash: Compacting FUObjectHashTables data took   0.57ms
[2026.07.29-23.50.15:393][  0]LogAudio: Display: Audio Device (ID: 1) registered with world 'ThirdPersonExampleMap'.
[2026.07.29-23.50.15:394][  0]LogAIModule: Creating AISystem for world ThirdPersonExampleMap
[2026.07.29-23.50.15:430][  0]LogEditorServer: Finished looking for orphan Actors (0.000 secs)
[2026.07.29-23.50.15:445][  0]LogUObjectHash: Compacting FUObjectHashTables data took   0.48ms
[2026.07.29-23.50.15:445][  0]Cmd: MAP CHECKDEP NOCLEARLOG
[2026.07.29-23.50.15:446][  0]MapCheck: Map check complete: 0 Error(s), 0 Warning(s), took 0.231ms to complete.
[2026.07.29-23.50.15:446][  0]LogFileHelpers: Loading map 'ThirdPersonExampleMap' took 0.536
[2026.07.29-23.50.15:464][  0]LogUnrealEdMisc: Total Editor Startup Time, took 16.192
[2026.07.29-23.50.15:587][  0]LogSlate: Updating window title bar state: overlay mode, drag disabled, window buttons hidden, title bar hidden
[2026.07.29-23.50.15:591][  0]LogSlate: Updating window title bar state: overlay mode, drag disabled, window buttons hidden, title bar hidden
[2026.07.29-23.50.15:594][  0]LogSlate: Updating window title bar state: overlay mode, drag disabled, window buttons hidden, title bar hidden
[2026.07.29-23.50.15:598][  0]LogSlate: Updating window title bar state: overlay mode, drag disabled, window buttons hidden, title bar hidden
[2026.07.29-23.50.15:630][  0]LogNativeClassHierarchy: Verbose: Native class hierarchy populated in 0.0059 seconds. Added 3822 classes and 928 folders.
[2026.07.29-23.50.15:636][  0]LogNativeClassHierarchy: Verbose: Native class hierarchy updated for 'WidgetCarousel' in 0.0001 seconds. Added 0 classes and 0 folders.
[2026.07.29-23.50.15:649][  0]LogPakFile: PakFile PrimaryIndexSize=187
[2026.07.29-23.50.15:649][  0]LogPakFile: PakFile PathHashIndexSize=101
[2026.07.29-23.50.15:649][  0]LogPakFile: PakFile FullDirectoryIndexSize=148
[2026.07.29-23.50.15:650][  0]LogShaderLibrary: Display: ShaderCodeLibraryPakFileMountedCallback: PakFile 'C:/Program Files/Epic Games/UE_4.27/FeaturePacks/FP_FirstPerson.upack' (chunk index -1, root 'root:/') mounted
[2026.07.29-23.50.15:650][  0]LogShaderLibrary: Display: ShaderCodeLibraryPakFileMountedCallback: pending pak file info (ChunkID:-1 Root:root:/ File:C:/Program Files/Epic Games/UE_4.27/FeaturePacks/FP_FirstPerson.upack)
[2026.07.29-23.50.15:650][  0]LogPakFile: OnPakFileMounted2Time == 0.000499
[2026.07.29-23.50.15:659][  0]LogPakFile: PakFile PrimaryIndexSize=189
[2026.07.29-23.50.15:659][  0]LogPakFile: PakFile PathHashIndexSize=101
[2026.07.29-23.50.15:659][  0]LogPakFile: PakFile FullDirectoryIndexSize=152
[2026.07.29-23.50.15:659][  0]LogShaderLibrary: Display: ShaderCodeLibraryPakFileMountedCallback: PakFile 'C:/Program Files/Epic Games/UE_4.27/FeaturePacks/FP_FirstPersonBP.upack' (chunk index -1, root 'root:/') mounted
[2026.07.29-23.50.15:659][  0]LogShaderLibrary: Display: ShaderCodeLibraryPakFileMountedCallback: pending pak file info (ChunkID:-1 Root:root:/ File:C:/Program Files/Epic Games/UE_4.27/FeaturePacks/FP_FirstPersonBP.upack)
[2026.07.29-23.50.15:659][  0]LogPakFile: OnPakFileMounted2Time == 0.000036
[2026.07.29-23.50.15:667][  0]LogPakFile: PakFile PrimaryIndexSize=191
[2026.07.29-23.50.15:667][  0]LogPakFile: PakFile PathHashIndexSize=101
[2026.07.29-23.50.15:667][  0]LogPakFile: PakFile FullDirectoryIndexSize=160
[2026.07.29-23.50.15:667][  0]LogShaderLibrary: Display: ShaderCodeLibraryPakFileMountedCallback: PakFile 'C:/Program Files/Epic Games/UE_4.27/FeaturePacks/MobileStarterContent.upack' (chunk index -1, root 'root:/') mounted
[2026.07.29-23.50.15:667][  0]LogShaderLibrary: Display: ShaderCodeLibraryPakFileMountedCallback: pending pak file info (ChunkID:-1 Root:root:/ File:C:/Program Files/Epic Games/UE_4.27/FeaturePacks/MobileStarterContent.upack)
[2026.07.29-23.50.15:667][  0]LogPakFile: OnPakFileMounted2Time == 0.000033
[2026.07.29-23.50.15:672][  0]LogPakFile: PakFile PrimaryIndexSize=185
[2026.07.29-23.50.15:672][  0]LogPakFile: PakFile PathHashIndexSize=101
[2026.07.29-23.50.15:672][  0]LogPakFile: PakFile FullDirectoryIndexSize=148
[2026.07.29-23.50.15:672][  0]LogShaderLibrary: Display: ShaderCodeLibraryPakFileMountedCallback: PakFile 'C:/Program Files/Epic Games/UE_4.27/FeaturePacks/StarterContent.upack' (chunk index -1, root 'root:/') mounted
[2026.07.29-23.50.15:672][  0]LogShaderLibrary: Display: ShaderCodeLibraryPakFileMountedCallback: pending pak file info (ChunkID:-1 Root:root:/ File:C:/Program Files/Epic Games/UE_4.27/FeaturePacks/StarterContent.upack)
[2026.07.29-23.50.15:672][  0]LogPakFile: OnPakFileMounted2Time == 0.000033
[2026.07.29-23.50.15:678][  0]LogPakFile: PakFile PrimaryIndexSize=190
[2026.07.29-23.50.15:678][  0]LogPakFile: PakFile PathHashIndexSize=101
[2026.07.29-23.50.15:678][  0]LogPakFile: PakFile FullDirectoryIndexSize=154
[2026.07.29-23.50.15:678][  0]LogShaderLibrary: Display: ShaderCodeLibraryPakFileMountedCallback: PakFile 'C:/Program Files/Epic Games/UE_4.27/FeaturePacks/TP_2DSideScroller.upack' (chunk index -1, root 'root:/') mounted
[2026.07.29-23.50.15:678][  0]LogShaderLibrary: Display: ShaderCodeLibraryPakFileMountedCallback: pending pak file info (ChunkID:-1 Root:root:/ File:C:/Program Files/Epic Games/UE_4.27/FeaturePacks/TP_2DSideScroller.upack)
[2026.07.29-23.50.15:678][  0]LogPakFile: OnPakFileMounted2Time == 0.000030
[2026.07.29-23.50.15:686][  0]LogPakFile: PakFile PrimaryIndexSize=192
[2026.07.29-23.50.15:686][  0]LogPakFile: PakFile PathHashIndexSize=101
[2026.07.29-23.50.15:686][  0]LogPakFile: PakFile FullDirectoryIndexSize=158
[2026.07.29-23.50.15:686][  0]LogShaderLibrary: Display: ShaderCodeLibraryPakFileMountedCallback: PakFile 'C:/Program Files/Epic Games/UE_4.27/FeaturePacks/TP_2DSideScrollerBP.upack' (chunk index -1, root 'root:/') mounted
[2026.07.29-23.50.15:686][  0]LogShaderLibrary: Display: ShaderCodeLibraryPakFileMountedCallback: pending pak file info (ChunkID:-1 Root:root:/ File:C:/Program Files/Epic Games/UE_4.27/FeaturePacks/TP_2DSideScrollerBP.upack)
[2026.07.29-23.50.15:686][  0]LogPakFile: OnPakFileMounted2Time == 0.000029
[2026.07.29-23.50.15:692][  0]LogPakFile: PakFile PrimaryIndexSize=182
[2026.07.29-23.50.15:692][  0]LogPakFile: PakFile PathHashIndexSize=101
[2026.07.29-23.50.15:692][  0]LogPakFile: PakFile FullDirectoryIndexSize=138
[2026.07.29-23.50.15:692][  0]LogShaderLibrary: Display: ShaderCodeLibraryPakFileMountedCallback: PakFile 'C:/Program Files/Epic Games/UE_4.27/FeaturePacks/TP_Flying.upack' (chunk index -1, root 'root:/') mounted
[2026.07.29-23.50.15:692][  0]LogShaderLibrary: Display: ShaderCodeLibraryPakFileMountedCallback: pending pak file info (ChunkID:-1 Root:root:/ File:C:/Program Files/Epic Games/UE_4.27/FeaturePacks/TP_Flying.upack)
[2026.07.29-23.50.15:692][  0]LogPakFile: OnPakFileMounted2Time == 0.000030
[2026.07.29-23.50.15:697][  0]LogPakFile: PakFile PrimaryIndexSize=184
[2026.07.29-23.50.15:697][  0]LogPakFile: PakFile PathHashIndexSize=101
[2026.07.29-23.50.15:697][  0]LogPakFile: PakFile FullDirectoryIndexSize=142
[2026.07.29-23.50.15:697][  0]LogShaderLibrary: Display: ShaderCodeLibraryPakFileMountedCallback: PakFile 'C:/Program Files/Epic Games/UE_4.27/FeaturePacks/TP_FlyingBP.upack' (chunk index -1, root 'root:/') mounted
[2026.07.29-23.50.15:698][  0]LogShaderLibrary: Display: ShaderCodeLibraryPakFileMountedCallback: pending pak file info (ChunkID:-1 Root:root:/ File:C:/Program Files/Epic Games/UE_4.27/FeaturePacks/TP_FlyingBP.upack)
[2026.07.29-23.50.15:698][  0]LogPakFile: OnPakFileMounted2Time == 0.000043
[2026.07.29-23.50.15:702][  0]LogPakFile: PakFile PrimaryIndexSize=188
[2026.07.29-23.50.15:702][  0]LogPakFile: PakFile PathHashIndexSize=101
[2026.07.29-23.50.15:702][  0]LogPakFile: PakFile FullDirectoryIndexSize=150
[2026.07.29-23.50.15:702][  0]LogShaderLibrary: Display: ShaderCodeLibraryPakFileMountedCallback: PakFile 'C:/Program Files/Epic Games/UE_4.27/FeaturePacks/TP_HandheldARBP.upack' (chunk index -1, root 'root:/') mounted
[2026.07.29-23.50.15:702][  0]LogShaderLibrary: Display: ShaderCodeLibraryPakFileMountedCallback: pending pak file info (ChunkID:-1 Root:root:/ File:C:/Program Files/Epic Games/UE_4.27/FeaturePacks/TP_HandheldARBP.upack)
[2026.07.29-23.50.15:702][  0]LogPakFile: OnPakFileMounted2Time == 0.000031
[2026.07.29-23.50.15:708][  0]LogPakFile: PakFile PrimaryIndexSize=182
[2026.07.29-23.50.15:708][  0]LogPakFile: PakFile PathHashIndexSize=101
[2026.07.29-23.50.15:708][  0]LogPakFile: PakFile FullDirectoryIndexSize=138
[2026.07.29-23.50.15:708][  0]LogShaderLibrary: Display: ShaderCodeLibraryPakFileMountedCallback: PakFile 'C:/Program Files/Epic Games/UE_4.27/FeaturePacks/TP_Puzzle.upack' (chunk index -1, root 'root:/') mounted
[2026.07.29-23.50.15:708][  0]LogShaderLibrary: Display: ShaderCodeLibraryPakFileMountedCallback: pending pak file info (ChunkID:-1 Root:root:/ File:C:/Program Files/Epic Games/UE_4.27/FeaturePacks/TP_Puzzle.upack)
[2026.07.29-23.50.15:708][  0]LogPakFile: OnPakFileMounted2Time == 0.000040
[2026.07.29-23.50.15:714][  0]LogPakFile: PakFile PrimaryIndexSize=184
[2026.07.29-23.50.15:714][  0]LogPakFile: PakFile PathHashIndexSize=101
[2026.07.29-23.50.15:714][  0]LogPakFile: PakFile FullDirectoryIndexSize=142
[2026.07.29-23.50.15:714][  0]LogShaderLibrary: Display: ShaderCodeLibraryPakFileMountedCallback: PakFile 'C:/Program Files/Epic Games/UE_4.27/FeaturePacks/TP_PuzzleBP.upack' (chunk index -1, root 'root:/') mounted
[2026.07.29-23.50.15:715][  0]LogShaderLibrary: Display: ShaderCodeLibraryPakFileMountedCallback: pending pak file info (ChunkID:-1 Root:root:/ File:C:/Program Files/Epic Games/UE_4.27/FeaturePacks/TP_PuzzleBP.upack)
[2026.07.29-23.50.15:715][  0]LogPakFile: OnPakFileMounted2Time == 0.000039
[2026.07.29-23.50.15:720][  0]LogPakFile: PakFile PrimaryIndexSize=183
[2026.07.29-23.50.15:720][  0]LogPakFile: PakFile PathHashIndexSize=101
[2026.07.29-23.50.15:720][  0]LogPakFile: PakFile FullDirectoryIndexSize=140
[2026.07.29-23.50.15:720][  0]LogShaderLibrary: Display: ShaderCodeLibraryPakFileMountedCallback: PakFile 'C:/Program Files/Epic Games/UE_4.27/FeaturePacks/TP_Rolling.upack' (chunk index -1, root 'root:/') mounted
[2026.07.29-23.50.15:720][  0]LogShaderLibrary: Display: ShaderCodeLibraryPakFileMountedCallback: pending pak file info (ChunkID:-1 Root:root:/ File:C:/Program Files/Epic Games/UE_4.27/FeaturePacks/TP_Rolling.upack)
[2026.07.29-23.50.15:720][  0]LogPakFile: OnPakFileMounted2Time == 0.000033
[2026.07.29-23.50.15:726][  0]LogPakFile: PakFile PrimaryIndexSize=185
[2026.07.29-23.50.15:726][  0]LogPakFile: PakFile PathHashIndexSize=101
[2026.07.29-23.50.15:726][  0]LogPakFile: PakFile FullDirectoryIndexSize=144
[2026.07.29-23.50.15:726][  0]LogShaderLibrary: Display: ShaderCodeLibraryPakFileMountedCallback: PakFile 'C:/Program Files/Epic Games/UE_4.27/FeaturePacks/TP_RollingBP.upack' (chunk index -1, root 'root:/') mounted
[2026.07.29-23.50.15:726][  0]LogShaderLibrary: Display: ShaderCodeLibraryPakFileMountedCallback: pending pak file info (ChunkID:-1 Root:root:/ File:C:/Program Files/Epic Games/UE_4.27/FeaturePacks/TP_RollingBP.upack)
[2026.07.29-23.50.15:726][  0]LogPakFile: OnPakFileMounted2Time == 0.000030
[2026.07.29-23.50.15:731][  0]LogPakFile: PakFile PrimaryIndexSize=188
[2026.07.29-23.50.15:731][  0]LogPakFile: PakFile PathHashIndexSize=101
[2026.07.29-23.50.15:731][  0]LogPakFile: PakFile FullDirectoryIndexSize=150
[2026.07.29-23.50.15:731][  0]LogShaderLibrary: Display: ShaderCodeLibraryPakFileMountedCallback: PakFile 'C:/Program Files/Epic Games/UE_4.27/FeaturePacks/TP_SideScroller.upack' (chunk index -1, root 'root:/') mounted
[2026.07.29-23.50.15:731][  0]LogShaderLibrary: Display: ShaderCodeLibraryPakFileMountedCallback: pending pak file info (ChunkID:-1 Root:root:/ File:C:/Program Files/Epic Games/UE_4.27/FeaturePacks/TP_SideScroller.upack)
[2026.07.29-23.50.15:731][  0]LogPakFile: OnPakFileMounted2Time == 0.000032
[2026.07.29-23.50.15:737][  0]LogPakFile: PakFile PrimaryIndexSize=190
[2026.07.29-23.50.15:737][  0]LogPakFile: PakFile PathHashIndexSize=101
[2026.07.29-23.50.15:737][  0]LogPakFile: PakFile FullDirectoryIndexSize=154
[2026.07.29-23.50.15:737][  0]LogShaderLibrary: Display: ShaderCodeLibraryPakFileMountedCallback: PakFile 'C:/Program Files/Epic Games/UE_4.27/FeaturePacks/TP_SideScrollerBP.upack' (chunk index -1, root 'root:/') mounted
[2026.07.29-23.50.15:737][  0]LogShaderLibrary: Display: ShaderCodeLibraryPakFileMountedCallback: pending pak file info (ChunkID:-1 Root:root:/ File:C:/Program Files/Epic Games/UE_4.27/FeaturePacks/TP_SideScrollerBP.upack)
[2026.07.29-23.50.15:737][  0]LogPakFile: OnPakFileMounted2Time == 0.000030
[2026.07.29-23.50.15:744][  0]LogPakFile: PakFile PrimaryIndexSize=187
[2026.07.29-23.50.15:744][  0]LogPakFile: PakFile PathHashIndexSize=101
[2026.07.29-23.50.15:744][  0]LogPakFile: PakFile FullDirectoryIndexSize=148
[2026.07.29-23.50.15:744][  0]LogShaderLibrary: Display: ShaderCodeLibraryPakFileMountedCallback: PakFile 'C:/Program Files/Epic Games/UE_4.27/FeaturePacks/TP_ThirdPerson.upack' (chunk index -1, root 'root:/') mounted
[2026.07.29-23.50.15:744][  0]LogShaderLibrary: Display: ShaderCodeLibraryPakFileMountedCallback: pending pak file info (ChunkID:-1 Root:root:/ File:C:/Program Files/Epic Games/UE_4.27/FeaturePacks/TP_ThirdPerson.upack)
[2026.07.29-23.50.15:744][  0]LogPakFile: OnPakFileMounted2Time == 0.000030
[2026.07.29-23.50.15:749][  0]LogPakFile: PakFile PrimaryIndexSize=189
[2026.07.29-23.50.15:749][  0]LogPakFile: PakFile PathHashIndexSize=101
[2026.07.29-23.50.15:749][  0]LogPakFile: PakFile FullDirectoryIndexSize=152
[2026.07.29-23.50.15:749][  0]LogShaderLibrary: Display: ShaderCodeLibraryPakFileMountedCallback: PakFile 'C:/Program Files/Epic Games/UE_4.27/FeaturePacks/TP_ThirdPersonBP.upack' (chunk index -1, root 'root:/') mounted
[2026.07.29-23.50.15:749][  0]LogShaderLibrary: Display: ShaderCodeLibraryPakFileMountedCallback: pending pak file info (ChunkID:-1 Root:root:/ File:C:/Program Files/Epic Games/UE_4.27/FeaturePacks/TP_ThirdPersonBP.upack)
[2026.07.29-23.50.15:749][  0]LogPakFile: OnPakFileMounted2Time == 0.000034
[2026.07.29-23.50.15:756][  0]LogPakFile: PakFile PrimaryIndexSize=183
[2026.07.29-23.50.15:756][  0]LogPakFile: PakFile PathHashIndexSize=101
[2026.07.29-23.50.15:756][  0]LogPakFile: PakFile FullDirectoryIndexSize=140
[2026.07.29-23.50.15:756][  0]LogShaderLibrary: Display: ShaderCodeLibraryPakFileMountedCallback: PakFile 'C:/Program Files/Epic Games/UE_4.27/FeaturePacks/TP_TopDown.upack' (chunk index -1, root 'root:/') mounted
[2026.07.29-23.50.15:756][  0]LogShaderLibrary: Display: ShaderCodeLibraryPakFileMountedCallback: pending pak file info (ChunkID:-1 Root:root:/ File:C:/Program Files/Epic Games/UE_4.27/FeaturePacks/TP_TopDown.upack)
[2026.07.29-23.50.15:756][  0]LogPakFile: OnPakFileMounted2Time == 0.000037
[2026.07.29-23.50.15:761][  0]LogPakFile: PakFile PrimaryIndexSize=185
[2026.07.29-23.50.15:761][  0]LogPakFile: PakFile PathHashIndexSize=101
[2026.07.29-23.50.15:761][  0]LogPakFile: PakFile FullDirectoryIndexSize=144
[2026.07.29-23.50.15:761][  0]LogShaderLibrary: Display: ShaderCodeLibraryPakFileMountedCallback: PakFile 'C:/Program Files/Epic Games/UE_4.27/FeaturePacks/TP_TopDownBP.upack' (chunk index -1, root 'root:/') mounted
[2026.07.29-23.50.15:761][  0]LogShaderLibrary: Display: ShaderCodeLibraryPakFileMountedCallback: pending pak file info (ChunkID:-1 Root:root:/ File:C:/Program Files/Epic Games/UE_4.27/FeaturePacks/TP_TopDownBP.upack)
[2026.07.29-23.50.15:761][  0]LogPakFile: OnPakFileMounted2Time == 0.000030
[2026.07.29-23.50.15:770][  0]LogPakFile: PakFile PrimaryIndexSize=185
[2026.07.29-23.50.15:770][  0]LogPakFile: PakFile PathHashIndexSize=101
[2026.07.29-23.50.15:770][  0]LogPakFile: PakFile FullDirectoryIndexSize=144
[2026.07.29-23.50.15:770][  0]LogShaderLibrary: Display: ShaderCodeLibraryPakFileMountedCallback: PakFile 'C:/Program Files/Epic Games/UE_4.27/FeaturePacks/TP_TwinStick.upack' (chunk index -1, root 'root:/') mounted
[2026.07.29-23.50.15:770][  0]LogShaderLibrary: Display: ShaderCodeLibraryPakFileMountedCallback: pending pak file info (ChunkID:-1 Root:root:/ File:C:/Program Files/Epic Games/UE_4.27/FeaturePacks/TP_TwinStick.upack)
[2026.07.29-23.50.15:770][  0]LogPakFile: OnPakFileMounted2Time == 0.000039
[2026.07.29-23.50.15:776][  0]LogPakFile: PakFile PrimaryIndexSize=187
[2026.07.29-23.50.15:776][  0]LogPakFile: PakFile PathHashIndexSize=101
[2026.07.29-23.50.15:776][  0]LogPakFile: PakFile FullDirectoryIndexSize=148
[2026.07.29-23.50.15:776][  0]LogShaderLibrary: Display: ShaderCodeLibraryPakFileMountedCallback: PakFile 'C:/Program Files/Epic Games/UE_4.27/FeaturePacks/TP_TwinStickBP.upack' (chunk index -1, root 'root:/') mounted
[2026.07.29-23.50.15:776][  0]LogShaderLibrary: Display: ShaderCodeLibraryPakFileMountedCallback: pending pak file info (ChunkID:-1 Root:root:/ File:C:/Program Files/Epic Games/UE_4.27/FeaturePacks/TP_TwinStickBP.upack)
[2026.07.29-23.50.15:776][  0]LogPakFile: OnPakFileMounted2Time == 0.000032
[2026.07.29-23.50.15:781][  0]LogPakFile: PakFile PrimaryIndexSize=183
[2026.07.29-23.50.15:781][  0]LogPakFile: PakFile PathHashIndexSize=101
[2026.07.29-23.50.15:781][  0]LogPakFile: PakFile FullDirectoryIndexSize=140
[2026.07.29-23.50.15:781][  0]LogShaderLibrary: Display: ShaderCodeLibraryPakFileMountedCallback: PakFile 'C:/Program Files/Epic Games/UE_4.27/FeaturePacks/TP_Vehicle.upack' (chunk index -1, root 'root:/') mounted
[2026.07.29-23.50.15:781][  0]LogShaderLibrary: Display: ShaderCodeLibraryPakFileMountedCallback: pending pak file info (ChunkID:-1 Root:root:/ File:C:/Program Files/Epic Games/UE_4.27/FeaturePacks/TP_Vehicle.upack)
[2026.07.29-23.50.15:781][  0]LogPakFile: OnPakFileMounted2Time == 0.000031
[2026.07.29-23.50.15:789][  0]LogPakFile: PakFile PrimaryIndexSize=186
[2026.07.29-23.50.15:789][  0]LogPakFile: PakFile PathHashIndexSize=101
[2026.07.29-23.50.15:789][  0]LogPakFile: PakFile FullDirectoryIndexSize=146
[2026.07.29-23.50.15:789][  0]LogShaderLibrary: Display: ShaderCodeLibraryPakFileMountedCallback: PakFile 'C:/Program Files/Epic Games/UE_4.27/FeaturePacks/TP_VehicleAdv.upack' (chunk index -1, root 'root:/') mounted
[2026.07.29-23.50.15:789][  0]LogShaderLibrary: Display: ShaderCodeLibraryPakFileMountedCallback: pending pak file info (ChunkID:-1 Root:root:/ File:C:/Program Files/Epic Games/UE_4.27/FeaturePacks/TP_VehicleAdv.upack)
[2026.07.29-23.50.15:789][  0]LogPakFile: OnPakFileMounted2Time == 0.000036
[2026.07.29-23.50.15:794][  0]LogPakFile: PakFile PrimaryIndexSize=188
[2026.07.29-23.50.15:794][  0]LogPakFile: PakFile PathHashIndexSize=101
[2026.07.29-23.50.15:794][  0]LogPakFile: PakFile FullDirectoryIndexSize=150
[2026.07.29-23.50.15:794][  0]LogShaderLibrary: Display: ShaderCodeLibraryPakFileMountedCallback: PakFile 'C:/Program Files/Epic Games/UE_4.27/FeaturePacks/TP_VehicleAdvBP.upack' (chunk index -1, root 'root:/') mounted
[2026.07.29-23.50.15:794][  0]LogShaderLibrary: Display: ShaderCodeLibraryPakFileMountedCallback: pending pak file info (ChunkID:-1 Root:root:/ File:C:/Program Files/Epic Games/UE_4.27/FeaturePacks/TP_VehicleAdvBP.upack)
[2026.07.29-23.50.15:794][  0]LogPakFile: OnPakFileMounted2Time == 0.000033
[2026.07.29-23.50.15:799][  0]LogPakFile: PakFile PrimaryIndexSize=185
[2026.07.29-23.50.15:799][  0]LogPakFile: PakFile PathHashIndexSize=101
[2026.07.29-23.50.15:799][  0]LogPakFile: PakFile FullDirectoryIndexSize=144
[2026.07.29-23.50.15:799][  0]LogShaderLibrary: Display: ShaderCodeLibraryPakFileMountedCallback: PakFile 'C:/Program Files/Epic Games/UE_4.27/FeaturePacks/TP_VehicleBP.upack' (chunk index -1, root 'root:/') mounted
[2026.07.29-23.50.15:799][  0]LogShaderLibrary: Display: ShaderCodeLibraryPakFileMountedCallback: pending pak file info (ChunkID:-1 Root:root:/ File:C:/Program Files/Epic Games/UE_4.27/FeaturePacks/TP_VehicleBP.upack)
[2026.07.29-23.50.15:799][  0]LogPakFile: OnPakFileMounted2Time == 0.000032
[2026.07.29-23.50.15:805][  0]LogPakFile: PakFile PrimaryIndexSize=192
[2026.07.29-23.50.15:805][  0]LogPakFile: PakFile PathHashIndexSize=101
[2026.07.29-23.50.15:805][  0]LogPakFile: PakFile FullDirectoryIndexSize=158
[2026.07.29-23.50.15:805][  0]LogShaderLibrary: Display: ShaderCodeLibraryPakFileMountedCallback: PakFile 'C:/Program Files/Epic Games/UE_4.27/FeaturePacks/TP_VirtualRealityBP.upack' (chunk index -1, root 'root:/') mounted
[2026.07.29-23.50.15:805][  0]LogShaderLibrary: Display: ShaderCodeLibraryPakFileMountedCallback: pending pak file info (ChunkID:-1 Root:root:/ File:C:/Program Files/Epic Games/UE_4.27/FeaturePacks/TP_VirtualRealityBP.upack)
[2026.07.29-23.50.15:805][  0]LogPakFile: OnPakFileMounted2Time == 0.000039
[2026.07.29-23.50.15:979][  0]LogNativeClassHierarchy: Verbose: Native class hierarchy updated for 'AddContentDialog' in 0.0002 seconds. Added 0 classes and 0 folders.
[2026.07.29-23.50.15:987][  0]LogNativeClassHierarchy: Verbose: Native class hierarchy updated for 'SceneOutliner' in 0.0002 seconds. Added 2 classes and 0 folders.
[2026.07.29-23.50.16:098][  0]LogSlate: Took 0.006712 seconds to synchronously load lazily loaded font '../../../Engine/Content/Slate/Fonts/Roboto-Regular.ttf' (155K)
[2026.07.29-23.50.16:106][  0]LogSlate: Took 0.005719 seconds to synchronously load lazily loaded font '../../../Engine/Content/Editor/Slate/Fonts/FontAwesome.ttf' (139K)
[2026.07.29-23.50.16:112][  0]LogSlate: Took 0.005267 seconds to synchronously load lazily loaded font '../../../Engine/Content/Slate/Fonts/Roboto-Bold.ttf' (160K)
[2026.07.29-23.50.16:264][  0]LogRenderer: Reallocating scene render targets to support 1208x568 Format 10 NumSamples 1 (Frame:1).
[2026.07.29-23.50.16:372][  0]LogNativeClassHierarchy: Verbose: Native class hierarchy updated for 'HierarchicalLODOutliner' in 0.0002 seconds. Added 0 classes and 0 folders.
[2026.07.29-23.50.16:372][  0]LogInput: Warning: Action Jump uses invalid key OculusGo_Left_Trigger_Click.
[2026.07.29-23.50.16:372][  0]LogInput: Warning: Action ResetVR uses invalid key OculusGo_Left_Trackpad_Click.
[2026.07.29-23.50.16:372][  0]LogInput: Warning: Use -RemoveInvalidKeys to remove instances of these keys from the action mapping.
[2026.07.29-23.50.16:372][  0]LogLoad: (Engine Initialization) Total time: 17.10 seconds
[2026.07.29-23.50.16:372][  0]LogLoad: (Engine Initialization) Total Blueprint compile time: 0.00 seconds
[2026.07.29-23.50.16:416][  0]LogAssetRegistry: Asset discovery search completed in 7.6003 seconds
[2026.07.29-23.50.16:451][  0]LogCollectionManager: Fixed up redirectors for 0 collections in 0.000135 seconds (updated 0 objects)
[2026.07.29-23.50.16:458][  0]LogContentStreaming: Texture pool size now 1000 MB
[2026.07.29-23.50.17:082][  2]LogSlate: Took 0.006729 seconds to synchronously load lazily loaded font '../../../Engine/Content/Slate/Fonts/Roboto-Light.ttf' (167K)
[2026.07.29-23.50.17:740][  4]LogSlate: Took 0.000206 seconds to synchronously load lazily loaded font '../../../Engine/Content/Slate/Fonts/Roboto-Light.ttf' (167K)
[2026.07.29-23.59.17:327][904]LogSlate: Took 0.006686 seconds to synchronously load lazily loaded font '../../../Engine/Content/Slate/Fonts/DroidSansMono.ttf' (77K)
[2026.07.29-23.59.32:461][714]LogEditorViewport: Clicking on Actor (LMB): StaticMeshActor (Floor)
[2026.07.30-00.01.15:151][ 82]LogEditorViewport: Clicking on Actor (context menu): StaticMeshActor (Wall7)
[2026.07.30-00.01.16:117][191]LogEditorViewport: Clicking on Actor (LMB): StaticMeshActor (Floor)
[2026.07.30-00.01.16:958][290]LogEditorViewport: Clicking on Actor (LMB): StaticMeshActor (LeftArm_StaticMesh)
[2026.07.30-00.01.18:408][462]LogEditorViewport: Clicking on Actor (LMB): StaticMeshActor (Wall7)
[2026.07.30-00.01.19:291][566]LogEditorViewport: Clicking on Actor (LMB): StaticMeshActor (Floor)
[2026.07.30-01.01.10:094][572]LogUdpMessaging: Warning: UDP messaging encountered an error. Auto repair routine started for reinitialization
[2026.07.30-03.55.49:598][936]LogAudioMixer: Warning: Changing default audio render device to new device: {0.0.0.00000000}.{5e2b3661-3924-40f5-8413-c9ad5b89d2bc}.
[2026.07.30-03.55.49:598][936]LogAudioMixer: Resetting audio stream to device id 
[2026.07.30-03.55.49:609][936]LogAudioMixer: Display: 0: FrontLeft
[2026.07.30-03.55.49:609][936]LogAudioMixer: Display: 1: FrontRight
[2026.07.30-04.15.35:921][763]LogAudioMixer: Warning: Changing default audio render device to new device: {0.0.0.00000000}.{7f336b12-0b53-4c1c-9c6b-d2172fd1a3c4}.
[2026.07.30-04.15.35:921][763]LogAudioMixer: Resetting audio stream to device id 
[2026.07.30-04.15.35:976][763]LogAudioMixer: Display: 0: FrontLeft
[2026.07.30-04.15.35:976][763]LogAudioMixer: Display: 1: FrontRight
[2026.07.30-04.15.41:040][778]LogAudioMixer: Warning: Changing default audio render device to new device: {0.0.0.00000000}.{5e2b3661-3924-40f5-8413-c9ad5b89d2bc}.
[2026.07.30-04.15.41:040][778]LogAudioMixer: Resetting audio stream to device id 
[2026.07.30-04.15.41:091][778]LogAudioMixer: Display: 0: FrontLeft
[2026.07.30-04.15.41:091][778]LogAudioMixer: Display: 1: FrontRight
[2026.07.30-04.30.40:499][459]LogAudioMixer: Warning: Changing default audio render device to new device: {0.0.0.00000000}.{7f336b12-0b53-4c1c-9c6b-d2172fd1a3c4}.
[2026.07.30-04.30.40:499][459]LogAudioMixer: Resetting audio stream to device id 
[2026.07.30-04.30.40:523][459]LogAudioMixer: Display: 0: FrontLeft
[2026.07.30-04.30.40:523][459]LogAudioMixer: Display: 1: FrontRight
[2026.07.30-05.56.03:220][730]LogUdpMessaging: Warning: UDP messaging encountered an error. Auto repair routine started for reinitialization
[2026.07.30-05.56.05:021][736]FUdpSocketBuilder: Failed to subscribe UdpMessageMulticastSocket to multicast group 230.0.0.1 on interface 0.0.0.0
[2026.07.30-05.56.05:021][736]FUdpSocketBuilder: Failed to create and initialize socket UdpMessageMulticastSocket (last error: 0)
[2026.07.30-05.56.05:021][736]LogUdpMessaging: Warning: StartTransport failed to create multicast socket on 0.0.0.0:0, joined to 230.0.0.1:6666 with TTL 1
[2026.07.30-05.56.05:231][736]LogUdpMessaging: Warning: UDP messaging encountered an error. Auto repair routine started for reinitialization
[2026.07.30-07.08.28:609][680]LogUObjectHash: Compacting FUObjectHashTables data took  14.80ms
[2026.07.30-07.08.28:717][680]LogSlate: Window 'UMGLearn - Unreal Editor' being destroyed
[2026.07.30-07.08.28:942][681]Cmd: QUIT_EDITOR
[2026.07.30-07.08.28:942][681]LogCore: Engine exit requested (reason: UUnrealEdEngine::CloseEditor())
[2026.07.30-07.08.28:948][681]LogCore: Engine exit requested (reason: EngineExit() was called; note: exit was already requested)
[2026.07.30-07.08.28:960][681]LogAudio: Display: Beginning Audio Device Manager Shutdown (Module: AudioMixerXAudio2)...
[2026.07.30-07.08.28:960][681]LogAudio: Display: Destroying 1 Remaining Audio Device(s)...
[2026.07.30-07.08.28:960][681]LogAudio: Display: Audio Device unregistered from world 'ThirdPersonExampleMap'.
[2026.07.30-07.08.28:963][681]LogAudioMixer: FMixerPlatformXAudio2::StopAudioStream() called
[2026.07.30-07.08.28:969][681]LogAudioMixer: FMixerPlatformXAudio2::StopAudioStream() called
[2026.07.30-07.08.29:004][681]LogAudio: Display: Audio Device Manager Shutdown
[2026.07.30-07.08.29:014][681]LogWindowsTextInputMethodSystem: Display: IME system activated using TSF (搜狗拼音输入法).
[2026.07.30-07.08.29:025][681]LogExit: Preparing to exit.
[2026.07.30-07.08.30:020][681]LogUObjectHash: Compacting FUObjectHashTables data took   0.95ms
[2026.07.30-07.08.30:271][681]LogWorld: UWorld::CleanupWorld for World_0, bSessionEnded=true, bCleanupResources=true
[2026.07.30-07.08.30:273][681]LogWorld: UWorld::CleanupWorld for World_2, bSessionEnded=true, bCleanupResources=true
[2026.07.30-07.08.30:273][681]LogWorld: UWorld::CleanupWorld for World_1, bSessionEnded=true, bCleanupResources=true
[2026.07.30-07.08.30:328][681]LogDemo: Cleaned up 0 splitscreen connections with owner deletion
[2026.07.30-07.08.30:366][681]LogExit: Editor shut down
[2026.07.30-07.08.30:369][681]LogExit: Transaction tracking system shut down
[2026.07.30-07.08.30:702][681]LogExit: Object subsystem successfully closed.
[2026.07.30-07.08.30:744][681]LogShaderCompilers: Display: === FShaderJobCache stats ===
[2026.07.30-07.08.30:744][681]LogShaderCompilers: Display: Total job queries 0, among them cache hits 0 (0.00%)
[2026.07.30-07.08.30:744][681]LogShaderCompilers: Display: Tracking 0 distinct input hashes that result in 0 distinct outputs (0.00%)
[2026.07.30-07.08.30:744][681]LogShaderCompilers: Display: RAM used: 0.00 MB (0.00 GB) of 716.80 MB (0.70 GB) budget. Usage: 0.00%
[2026.07.30-07.08.30:744][681]LogShaderCompilers: Display: ================================================
[2026.07.30-07.08.30:762][681]LogShaderCompilers: Display: Shaders left to compile 0
[2026.07.30-07.08.30:846][681]LogModuleManager: Shutting down and abandoning module HierarchicalLODOutliner (886)
[2026.07.30-07.08.30:846][681]LogModuleManager: Shutting down and abandoning module SceneOutliner (884)
[2026.07.30-07.08.30:847][681]LogModuleManager: Shutting down and abandoning module AddContentDialog (882)
[2026.07.30-07.08.30:855][681]LogModuleManager: Shutting down and abandoning module WidgetCarousel (881)
[2026.07.30-07.08.30:855][681]LogModuleManager: Shutting down and abandoning module EditorWidgets (878)
[2026.07.30-07.08.30:855][681]LogModuleManager: Shutting down and abandoning module StatsViewer (876)
[2026.07.30-07.08.30:855][681]LogModuleManager: Shutting down and abandoning module PIEPreviewDeviceProfileSelector (874)
[2026.07.30-07.08.30:855][681]LogModuleManager: Shutting down and abandoning module SequenceRecorderSections (872)
[2026.07.30-07.08.30:855][681]LogModuleManager: Shutting down and abandoning module AutomationWorker (870)
[2026.07.30-07.08.30:856][681]LogModuleManager: Shutting down and abandoning module SteamVREditor (868)
[2026.07.30-07.08.30:856][681]LogModuleManager: Shutting down and abandoning module OculusMR (866)
[2026.07.30-07.08.30:856][681]LogModuleManager: Shutting down and abandoning module RiderLC (864)
[2026.07.30-07.08.30:856][681]LogModuleManager: Shutting down and abandoning module RiderShaderInfo (862)
[2026.07.30-07.08.30:856][681]LogModuleManager: Shutting down and abandoning module TakeRecorderSources (860)
[2026.07.30-07.08.30:858][681]LogModuleManager: Shutting down and abandoning module TakeRecorder (859)
[2026.07.30-07.08.30:858][681]LogModuleManager: Shutting down and abandoning module TakeTrackRecorders (856)
[2026.07.30-07.08.30:859][681]LogModuleManager: Shutting down and abandoning module TakesCore (854)
[2026.07.30-07.08.30:859][681]LogModuleManager: Shutting down and abandoning module OpenXRInput (852)
[2026.07.30-07.08.30:859][681]LogModuleManager: Shutting down and abandoning module TextureAlignMode (850)
[2026.07.30-07.08.30:859][681]LogModuleManager: Shutting down and abandoning module BspMode (848)
[2026.07.30-07.08.30:859][681]LogModuleManager: Shutting down and abandoning module GeometryMode (846)
[2026.07.30-07.08.30:859][681]LogModuleManager: Shutting down and abandoning module GooglePADEditor (844)
[2026.07.30-07.08.30:859][681]LogModuleManager: Shutting down and abandoning module AudioCaptureEditor (842)
[2026.07.30-07.08.30:859][681]LogModuleManager: Shutting down and abandoning module LevelSequenceEditor (840)
[2026.07.30-07.08.30:860][681]LogModuleManager: Shutting down and abandoning module TemplateSequenceEditor (838)
[2026.07.30-07.08.30:860][681]LogModuleManager: Shutting down and abandoning module MatineeToLevelSequence (836)
[2026.07.30-07.08.30:860][681]LogModuleManager: Shutting down and abandoning module ActorSequenceEditor (834)
[2026.07.30-07.08.30:861][681]LogModuleManager: Shutting down and abandoning module WmfMediaFactory (832)
[2026.07.30-07.08.30:861][681]LogModuleManager: Shutting down and abandoning module WmfMediaEditor (830)
[2026.07.30-07.08.30:861][681]LogModuleManager: Shutting down and abandoning module WebMMediaFactory (828)
[2026.07.30-07.08.30:861][681]LogModuleManager: Shutting down and abandoning module WebMMediaEditor (826)
[2026.07.30-07.08.30:861][681]LogModuleManager: Shutting down and abandoning module WebMMedia (824)
[2026.07.30-07.08.30:861][681]LogModuleManager: Shutting down and abandoning module MediaCompositingEditor (822)
[2026.07.30-07.08.30:861][681]LogModuleManager: Shutting down and abandoning module SequenceRecorder (821)
[2026.07.30-07.08.30:862][681]LogModuleManager: Shutting down and abandoning module MediaPlayerEditor (818)
[2026.07.30-07.08.30:862][681]LogModuleManager: Shutting down and abandoning module OpenExrWrapper (816)
[2026.07.30-07.08.30:862][681]LogModuleManager: Shutting down and abandoning module ImgMediaFactory (814)
[2026.07.30-07.08.30:862][681]LogModuleManager: Shutting down and abandoning module ImgMediaEditor (812)
[2026.07.30-07.08.30:862][681]LogModuleManager: Shutting down and abandoning module AvfMediaFactory (810)
[2026.07.30-07.08.30:862][681]LogModuleManager: Shutting down and abandoning module AvfMediaEditor (808)
[2026.07.30-07.08.30:862][681]LogModuleManager: Shutting down and abandoning module AndroidMediaFactory (806)
[2026.07.30-07.08.30:862][681]LogModuleManager: Shutting down and abandoning module AndroidMediaEditor (804)
[2026.07.30-07.08.30:862][681]LogModuleManager: Shutting down and abandoning module MagicLeapMediaCodecFactory (802)
[2026.07.30-07.08.30:862][681]LogModuleManager: Shutting down and abandoning module MagicLeapMediaFactory (800)
[2026.07.30-07.08.30:862][681]LogModuleManager: Shutting down and abandoning module MagicLeapMediaEditor (798)
[2026.07.30-07.08.30:862][681]LogModuleManager: Shutting down and abandoning module PlanarCut (796)
[2026.07.30-07.08.30:862][681]LogModuleManager: Shutting down and abandoning module CharacterAI (794)
[2026.07.30-07.08.30:862][681]LogModuleManager: Shutting down and abandoning module CameraShakePreviewer (792)
[2026.07.30-07.08.30:862][681]LogModuleManager: Shutting down and abandoning module SmartSnapping (790)
[2026.07.30-07.08.30:862][681]LogModuleManager: Shutting down and abandoning module SessionServices (788)
[2026.07.30-07.08.30:863][681]LogModuleManager: Shutting down and abandoning module MeshPaint (786)
[2026.07.30-07.08.30:863][681]LogModuleManager: Shutting down and abandoning module VirtualTexturingEditor (784)
[2026.07.30-07.08.30:863][681]LogModuleManager: Shutting down and abandoning module FoliageEdit (782)
[2026.07.30-07.08.30:864][681]LogModuleManager: Shutting down and abandoning module LandscapeEditor (780)
[2026.07.30-07.08.30:865][681]LogModuleManager: Shutting down and abandoning module MeshPaintMode (778)
[2026.07.30-07.08.30:865][681]LogModuleManager: Shutting down and abandoning module SceneDepthPickerMode (776)
[2026.07.30-07.08.30:865][681]LogModuleManager: Shutting down and abandoning module ActorPickerMode (774)
[2026.07.30-07.08.30:865][681]LogModuleManager: Shutting down and abandoning module PlacementMode (772)
[2026.07.30-07.08.30:865][681]LogModuleManager: Shutting down and abandoning module ViewportSnapping (770)
[2026.07.30-07.08.30:865][681]LogModuleManager: Shutting down and abandoning module ViewportInteraction (768)
[2026.07.30-07.08.30:865][681]LogModuleManager: Shutting down and abandoning module ClothPainter (766)
[2026.07.30-07.08.30:866][681]LogModuleManager: Shutting down and abandoning module SkeletalMeshEditor (765)
[2026.07.30-07.08.30:867][681]LogModuleManager: Shutting down and abandoning module LogVisualizer (762)
[2026.07.30-07.08.30:867][681]LogModuleManager: Shutting down and abandoning module IntroTutorials (760)
[2026.07.30-07.08.30:868][681]LogModuleManager: Shutting down and abandoning module GameProjectGeneration (759)
[2026.07.30-07.08.30:868][681]LogModuleManager: Shutting down and abandoning module LuminPlatformEditor (756)
[2026.07.30-07.08.30:868][681]LogModuleManager: Shutting down and abandoning module IOSPlatformEditor (754)
[2026.07.30-07.08.30:868][681]LogModuleManager: Shutting down and abandoning module AndroidPlatformEditor (752)
[2026.07.30-07.08.30:868][681]LogModuleManager: Shutting down and abandoning module AndroidDeviceDetection (751)
[2026.07.30-07.08.31:051][681]LogModuleManager: Shutting down and abandoning module WindowsPlatformEditor (748)
[2026.07.30-07.08.31:051][681]LogModuleManager: Shutting down and abandoning module LuminRuntimeSettings (746)
[2026.07.30-07.08.31:051][681]LogModuleManager: Shutting down and abandoning module IOSRuntimeSettings (744)
[2026.07.30-07.08.31:051][681]LogModuleManager: Shutting down and abandoning module AndroidRuntimeSettings (742)
[2026.07.30-07.08.31:051][681]LogModuleManager: Shutting down and abandoning module TraceInsights (740)
[2026.07.30-07.08.31:055][681]MemoryProfiler: Shutdown
[2026.07.30-07.08.31:056][681]NetworkingProfiler: Shutdown
[2026.07.30-07.08.31:056][681]LoadingProfiler: Shutdown
[2026.07.30-07.08.31:056][681]TimingProfiler: Shutdown
[2026.07.30-07.08.31:058][681]LogModuleManager: Shutting down and abandoning module TraceServices (739)
[2026.07.30-07.08.31:059][681]LogModuleManager: Shutting down and abandoning module EditorInteractiveToolsFramework (736)
[2026.07.30-07.08.31:059][681]LogModuleManager: Shutting down and abandoning module TimeManagementEditor (734)
[2026.07.30-07.08.31:059][681]LogModuleManager: Shutting down and abandoning module InputBindingEditor (732)
[2026.07.30-07.08.31:059][681]LogModuleManager: Shutting down and abandoning module MergeActors (730)
[2026.07.30-07.08.31:060][681]LogModuleManager: Shutting down and abandoning module LocalizationDashboard (728)
[2026.07.30-07.08.31:061][681]LogModuleManager: Shutting down and abandoning module LocalizationService (727)
[2026.07.30-07.08.31:061][681]LogModuleManager: Shutting down and abandoning module HardwareTargeting (724)
[2026.07.30-07.08.31:061][681]LogModuleManager: Shutting down and abandoning module DeviceProfileEditor (722)
[2026.07.30-07.08.31:061][681]LogModuleManager: Shutting down and abandoning module UndoHistory (720)
[2026.07.30-07.08.31:062][681]LogModuleManager: Shutting down and abandoning module XmlParser (718)
[2026.07.30-07.08.31:062][681]LogModuleManager: Shutting down and abandoning module Blutility (716)
[2026.07.30-07.08.31:062][681]LogModuleManager: Shutting down and abandoning module ProjectSettingsViewer (714)
[2026.07.30-07.08.31:062][681]LogModuleManager: Shutting down and abandoning module ProjectTargetPlatformEditor (713)
[2026.07.30-07.08.31:063][681]LogModuleManager: Shutting down and abandoning module EditorSettingsViewer (710)
[2026.07.30-07.08.31:063][681]LogModuleManager: Shutting down and abandoning module InternationalizationSettings (709)
[2026.07.30-07.08.31:063][681]LogModuleManager: Shutting down and abandoning module SettingsEditor (706)
[2026.07.30-07.08.31:064][681]LogModuleManager: Shutting down and abandoning module ProjectLauncher (704)
[2026.07.30-07.08.31:064][681]LogModuleManager: Shutting down and abandoning module SessionFrontend (702)
[2026.07.30-07.08.31:064][681]LogModuleManager: Shutting down and abandoning module ProfilerClient (700)
[2026.07.30-07.08.31:064][681]LogModuleManager: Shutting down and abandoning module DeviceManager (698)
[2026.07.30-07.08.31:065][681]LogModuleManager: Shutting down and abandoning module TargetDeviceServices (697)
[2026.07.30-07.08.31:099][681]LogModuleManager: Shutting down and abandoning module AutomationController (694)
[2026.07.30-07.08.31:099][681]LogModuleManager: Shutting down and abandoning module AutomationWindow (692)
[2026.07.30-07.08.31:100][681]LogModuleManager: Shutting down and abandoning module Layers (690)
[2026.07.30-07.08.31:101][681]LogModuleManager: Shutting down and abandoning module ComponentVisualizers (688)
[2026.07.30-07.08.31:101][681]LogModuleManager: Shutting down and abandoning module DetailCustomizations (686)
[2026.07.30-07.08.31:101][681]LogModuleManager: Shutting down and abandoning module PackagesDialog (684)
[2026.07.30-07.08.31:102][681]LogModuleManager: Shutting down and abandoning module AnimationBlueprintEditor (682)
[2026.07.30-07.08.31:103][681]LogModuleManager: Shutting down and abandoning module Persona (680)
[2026.07.30-07.08.31:105][681]LogModuleManager: Shutting down and abandoning module AdvancedPreviewScene (679)
[2026.07.30-07.08.31:105][681]LogModuleManager: Shutting down and abandoning module AnimGraph (677)
[2026.07.30-07.08.31:105][681]LogModuleManager: Shutting down and abandoning module Kismet (674)
[2026.07.30-07.08.31:107][681]LogModuleManager: Shutting down and abandoning module KismetWidgets (673)
[2026.07.30-07.08.31:107][681]LogModuleManager: Shutting down and abandoning module GraphEditor (670)
[2026.07.30-07.08.31:109][681]LogModuleManager: Shutting down and abandoning module StructViewer (668)
[2026.07.30-07.08.31:109][681]LogModuleManager: Shutting down and abandoning module ClassViewer (666)
[2026.07.30-07.08.31:109][681]LogModuleManager: Shutting down and abandoning module Toolbox (664)
[2026.07.30-07.08.31:109][681]LogModuleManager: Shutting down and abandoning module ModuleUI (662)
[2026.07.30-07.08.31:109][681]LogModuleManager: Shutting down and abandoning module OutputLog (660)
[2026.07.30-07.08.31:109][681]LogModuleManager: Shutting down and abandoning module GammaUI (658)
[2026.07.30-07.08.31:110][681]LogModuleManager: Shutting down and abandoning module Documentation (656)
[2026.07.30-07.08.31:110][681]LogModuleManager: Shutting down and abandoning module LiveCoding (654)
[2026.07.30-07.08.31:110][681]LogModuleManager: Shutting down and abandoning module LevelSequence (652)
[2026.07.30-07.08.31:110][681]LogModuleManager: Shutting down and abandoning module MovieSceneTracks (650)
[2026.07.30-07.08.31:110][681]LogModuleManager: Shutting down and abandoning module MovieScene (648)
[2026.07.30-07.08.31:111][681]LogModuleManager: Shutting down and abandoning module StreamingPauseRendering (646)
[2026.07.30-07.08.31:111][681]LogModuleManager: Shutting down and abandoning module LauncherPlatform (644)
[2026.07.30-07.08.31:111][681]LogModuleManager: Shutting down and abandoning module AnalyticsET (642)
[2026.07.30-07.08.31:111][681]LogModuleManager: Shutting down and abandoning module PortalServices (640)
[2026.07.30-07.08.31:111][681]LogModuleManager: Shutting down and abandoning module PortalRpc (638)
[2026.07.30-07.08.31:111][681]LogModuleManager: Shutting down and abandoning module MessagingRpc (636)
[2026.07.30-07.08.31:111][681]LogModuleManager: Shutting down and abandoning module AudioMixerXAudio2 (634)
[2026.07.30-07.08.31:111][681]LogModuleManager: Shutting down and abandoning module AudioMixerCore (633)
[2026.07.30-07.08.31:111][681]LogModuleManager: Shutting down and abandoning module AIModule (630)
[2026.07.30-07.08.31:112][681]LogModuleManager: Shutting down and abandoning module GameplayDebugger (629)
[2026.07.30-07.08.31:112][681]LogModuleManager: Shutting down and abandoning module AITestSuite (627)
[2026.07.30-07.08.31:112][681]LogModuleManager: Shutting down and abandoning module NavigationSystem (625)
[2026.07.30-07.08.31:112][681]LogModuleManager: Shutting down and abandoning module ImageWriteQueue (622)
[2026.07.30-07.08.31:123][681]LogModuleManager: Shutting down and abandoning module ProfilerService (620)
[2026.07.30-07.08.31:195][681]LogModuleManager: Shutting down and abandoning module TaskGraph (618)
[2026.07.30-07.08.31:195][681]LogModuleManager: Shutting down and abandoning module AudioSynesthesiaEditor (616)
[2026.07.30-07.08.31:195][681]LogModuleManager: Shutting down and abandoning module OculusEditor (614)
[2026.07.30-07.08.31:197][681]LogModuleManager: Shutting down and abandoning module OculusInput (612)
[2026.07.30-07.08.31:197][681]LogModuleManager: Shutting down and abandoning module ContentBrowserFileDataSource (610)
[2026.07.30-07.08.31:197][681]LogModuleManager: Shutting down and abandoning module ContentBrowserClassDataSource (608)
[2026.07.30-07.08.31:198][681]LogModuleManager: Shutting down and abandoning module ContentBrowserAssetDataSource (606)
[2026.07.30-07.08.31:198][681]LogModuleManager: Shutting down and abandoning module CollectionManager (605)
[2026.07.30-07.08.31:198][681]LogModuleManager: Shutting down and abandoning module RiderGameControl (602)
[2026.07.30-07.08.31:198][681]LogModuleManager: Shutting down and abandoning module RiderBlueprint (600)
[2026.07.30-07.08.31:198][681]LogModuleManager: Shutting down and abandoning module TakeSequencer (598)
[2026.07.30-07.08.31:198][681]LogModuleManager: Shutting down and abandoning module TakeMovieScene (596)
[2026.07.30-07.08.31:198][681]LogModuleManager: Shutting down and abandoning module SynthesisEditor (594)
[2026.07.30-07.08.31:198][681]LogModuleManager: Shutting down and abandoning module Synthesis (592)
[2026.07.30-07.08.31:199][681]LogModuleManager: Shutting down and abandoning module ScreenshotTools (590)
[2026.07.30-07.08.31:199][681]LogModuleManager: Shutting down and abandoning module ProceduralMeshComponentEditor (588)
[2026.07.30-07.08.31:199][681]LogModuleManager: Shutting down and abandoning module ProceduralMeshComponent (586)
[2026.07.30-07.08.31:199][681]LogModuleManager: Shutting down and abandoning module OpenXREditor (584)
[2026.07.30-07.08.31:199][681]LogModuleManager: Shutting down and abandoning module MobilePatchingUtils (582)
[2026.07.30-07.08.31:199][681]LogModuleManager: Shutting down and abandoning module SpeedTreeImporter (580)
[2026.07.30-07.08.31:199][681]LogModuleManager: Shutting down and abandoning module GooglePAD (578)
[2026.07.30-07.08.31:199][681]LogModuleManager: Shutting down and abandoning module EditableMesh (576)
[2026.07.30-07.08.31:199][681]LogModuleManager: Shutting down and abandoning module CustomMeshComponent (574)
[2026.07.30-07.08.31:199][681]LogModuleManager: Shutting down and abandoning module ArchVisCharacter (572)
[2026.07.30-07.08.31:199][681]LogModuleManager: Shutting down and abandoning module CableComponent (570)
[2026.07.30-07.08.31:199][681]LogModuleManager: Shutting down and abandoning module MobileLauncherProfileWizard (568)
[2026.07.30-07.08.31:199][681]LogModuleManager: Shutting down and abandoning module CryptoKeysOpenSSL (566)
[2026.07.30-07.08.31:199][681]LogModuleManager: Shutting down and abandoning module CryptoKeys (564)
[2026.07.30-07.08.31:199][681]LogModuleManager: Shutting down and abandoning module AudioCapture (562)
[2026.07.30-07.08.31:199][681]LogModuleManager: Shutting down and abandoning module AudioCaptureRtAudio (561)
[2026.07.30-07.08.31:200][681]LogModuleManager: Shutting down and abandoning module MaterialAnalyzer (558)
[2026.07.30-07.08.31:200][681]LogModuleManager: Shutting down and abandoning module AssetTags (556)
[2026.07.30-07.08.31:200][681]LogModuleManager: Shutting down and abandoning module AppleImageUtilsBlueprintSupport (554)
[2026.07.30-07.08.31:200][681]LogModuleManager: Shutting down and abandoning module AppleImageUtils (552)
[2026.07.30-07.08.31:200][681]LogModuleManager: Shutting down and abandoning module AndroidPermission (550)
[2026.07.30-07.08.31:200][681]LogModuleManager: Shutting down and abandoning module ActorLayerUtilitiesEditor (548)
[2026.07.30-07.08.31:200][681]LogModuleManager: Shutting down and abandoning module ActorLayerUtilities (546)
[2026.07.30-07.08.31:200][681]LogModuleManager: Shutting down and abandoning module PluginBrowser (544)
[2026.07.30-07.08.31:201][681]LogModuleManager: Shutting down and abandoning module CurveEditorTools (542)
[2026.07.30-07.08.31:201][681]LogModuleManager: Shutting down and abandoning module TemplateSequence (540)
[2026.07.30-07.08.31:201][681]LogModuleManager: Shutting down and abandoning module MediaCompositing (538)
[2026.07.30-07.08.31:201][681]LogModuleManager: Shutting down and abandoning module SubversionSourceControl (536)
[2026.07.30-07.08.31:202][681]LogModuleManager: Shutting down and abandoning module ImgMedia (534)
[2026.07.30-07.08.31:202][681]LogModuleManager: Shutting down and abandoning module PlasticSourceControl (532)
[2026.07.30-07.08.31:203][681]LogModuleManager: Shutting down and abandoning module RiderSourceCodeAccess (530)
[2026.07.30-07.08.31:203][681]LogModuleManager: Shutting down and abandoning module GitSourceControl (528)
[2026.07.30-07.08.31:204][681]LogModuleManager: Shutting down and abandoning module UObjectPlugin (526)
[2026.07.30-07.08.31:204][681]LogModuleManager: Shutting down and abandoning module CLionSourceCodeAccess (524)
[2026.07.30-07.08.31:204][681]LogModuleManager: Shutting down and abandoning module VisualStudioCodeSourceCodeAccess (522)
[2026.07.30-07.08.31:204][681]LogModuleManager: Shutting down and abandoning module VisualStudioSourceCodeAccess (520)
[2026.07.30-07.08.31:204][681]LogModuleManager: Shutting down and abandoning module PluginUtils (518)
[2026.07.30-07.08.31:204][681]LogModuleManager: Shutting down and abandoning module AnimationSharingEd (516)
[2026.07.30-07.08.31:204][681]LogModuleManager: Shutting down and abandoning module PerforceSourceControl (514)
[2026.07.30-07.08.31:205][681]LogModuleManager: Shutting down and abandoning module SourceControl (513)
[2026.07.30-07.08.31:205][681]LogModuleManager: Shutting down and abandoning module OpenImageDenoise (510)
[2026.07.30-07.08.31:205][681]LogOpenImageDenoise: OIDN shutting down
[2026.07.30-07.08.31:205][681]LogModuleManager: Shutting down and abandoning module MagicLeapSharedWorld (508)
[2026.07.30-07.08.31:205][681]LogModuleManager: Shutting down and abandoning module MagicLeapLightEstimation (506)
[2026.07.30-07.08.31:205][681]LogModuleManager: Shutting down and abandoning module MeshConversion (504)
[2026.07.30-07.08.31:205][681]LogModuleManager: Shutting down and abandoning module DynamicMesh (502)
[2026.07.30-07.08.31:205][681]LogModuleManager: Shutting down and abandoning module GeometryAlgorithms (500)
[2026.07.30-07.08.31:206][681]LogModuleManager: Shutting down and abandoning module GeometricObjects (498)
[2026.07.30-07.08.31:206][681]LogModuleManager: Shutting down and abandoning module MotoSynthEditor (496)
[2026.07.30-07.08.31:206][681]LogModuleManager: Shutting down and abandoning module MotoSynth (494)
[2026.07.30-07.08.31:206][681]LogModuleManager: Shutting down and abandoning module ChaosClothEditor (492)
[2026.07.30-07.08.31:206][681]LogModuleManager: Shutting down and abandoning module ChaosSolverEditor (490)
[2026.07.30-07.08.31:206][681]LogModuleManager: Shutting down and abandoning module MagicLeapHelperVulkan (488)
[2026.07.30-07.08.31:206][681]LogModuleManager: Shutting down and abandoning module MagicLeapHelperOpenGL (486)
[2026.07.30-07.08.31:206][681]LogModuleManager: Shutting down and abandoning module MagicLeapAudio (484)
[2026.07.30-07.08.31:206][681]LogModuleManager: Shutting down and abandoning module FractureEditor (482)
[2026.07.30-07.08.31:206][681]LogModuleManager: Shutting down and abandoning module GeometryCollectionTracks (480)
[2026.07.30-07.08.31:206][681]LogModuleManager: Shutting down and abandoning module GeometryCollectionSequencer (479)
[2026.07.30-07.08.31:206][681]LogModuleManager: Shutting down and abandoning module GeometryCollectionEditor (476)
[2026.07.30-07.08.31:206][681]LogModuleManager: Shutting down and abandoning module GeometryCacheTracks (474)
[2026.07.30-07.08.31:206][681]LogModuleManager: Shutting down and abandoning module GeometryCacheStreamer (472)
[2026.07.30-07.08.31:206][681]LogModuleManager: Shutting down and abandoning module GeometryCacheSequencer (470)
[2026.07.30-07.08.31:206][681]LogModuleManager: Shutting down and abandoning module ChaosNiagara (468)
[2026.07.30-07.08.31:207][681]LogModuleManager: Shutting down and abandoning module FieldSystemEngine (467)
[2026.07.30-07.08.31:207][681]LogModuleManager: Shutting down and abandoning module AlembicImporter (464)
[2026.07.30-07.08.31:207][681]LogModuleManager: Shutting down and abandoning module AlembicLibrary (463)
[2026.07.30-07.08.31:207][681]LogModuleManager: Shutting down and abandoning module GeometryCache (462)
[2026.07.30-07.08.31:207][681]LogModuleManager: Shutting down and abandoning module GeometryCacheEd (461)
[2026.07.30-07.08.31:207][681]LogModuleManager: Shutting down and abandoning module AutomationUtilsEditor (456)
[2026.07.30-07.08.31:207][681]LogModuleManager: Shutting down and abandoning module AutomationUtils (454)
[2026.07.30-07.08.31:207][681]LogModuleManager: Shutting down and abandoning module BackChannel (452)
[2026.07.30-07.08.31:207][681]LogModuleManager: Shutting down and abandoning module NiagaraEditorWidgets (450)
[2026.07.30-07.08.31:208][681]LogModuleManager: Shutting down and abandoning module OodleNetworkHandlerComponent (448)
[2026.07.30-07.08.31:208][681]LogModuleManager: Shutting down and abandoning module VariantManagerContentEditor (446)
[2026.07.30-07.08.31:208][681]LogModuleManager: Shutting down and abandoning module DatasmithContentEditor (444)
[2026.07.30-07.08.31:208][681]LogModuleManager: Shutting down and abandoning module LightPropagationVolumeEditor (442)
[2026.07.30-07.08.31:208][681]LogModuleManager: Shutting down and abandoning module LiveLinkSequencer (440)
[2026.07.30-07.08.31:208][681]LogModuleManager: Shutting down and abandoning module LiveLinkMovieScene (438)
[2026.07.30-07.08.31:208][681]LogModuleManager: Shutting down and abandoning module LiveLinkGraphNode (436)
[2026.07.30-07.08.31:208][681]LogModuleManager: Shutting down and abandoning module LiveLinkEditor (434)
[2026.07.30-07.08.31:209][681]LogModuleManager: Shutting down and abandoning module LiveLinkComponents (432)
[2026.07.30-07.08.31:209][681]LogModuleManager: Shutting down and abandoning module LiveLink (430)
[2026.07.30-07.08.31:927][681]LogModuleManager: Shutting down and abandoning module PaperTiledImporter (428)
[2026.07.30-07.08.31:927][681]LogModuleManager: Shutting down and abandoning module PaperSpriteSheetImporter (426)
[2026.07.30-07.08.31:936][681]LogModuleManager: Shutting down and abandoning module Paper2DEditor (424)
[2026.07.30-07.08.31:938][681]LogModuleManager: Shutting down and abandoning module MeshPaintingToolset (422)
[2026.07.30-07.08.31:938][681]LogModuleManager: Shutting down and abandoning module MeshPaintEditorMode (420)
[2026.07.30-07.08.31:939][681]LogModuleManager: Shutting down and abandoning module RiderDebuggerSupport (418)
[2026.07.30-07.08.31:939][681]LogModuleManager: Shutting down and abandoning module RiderLogging (416)
[2026.07.30-07.08.31:941][681]LogModuleManager: Shutting down and abandoning module RiderLink (414)
[2026.07.30-07.08.31:948][681]LogModuleManager: Shutting down and abandoning module RD (412)
[2026.07.30-07.08.31:948][681]LogModuleManager: Shutting down and abandoning module SignificanceManager (410)
[2026.07.30-07.08.31:948][681]LogModuleManager: Shutting down and abandoning module RuntimePhysXCooking (408)
[2026.07.30-07.08.31:948][681]LogModuleManager: Shutting down and abandoning module PropertyAccessEditor (406)
[2026.07.30-07.08.31:949][681]LogModuleManager: Shutting down and abandoning module SoundFields (404)
[2026.07.30-07.08.31:949][681]LogModuleManager: Shutting down and abandoning module PhysXVehiclesEditor (402)
[2026.07.30-07.08.31:949][681]LogModuleManager: Shutting down and abandoning module LocationServicesBPLibrary (398)
[2026.07.30-07.08.31:949][681]LogModuleManager: Shutting down and abandoning module GameplayTagsEditor (396)
[2026.07.30-07.08.31:949][681]LogModuleManager: Shutting down and abandoning module DataValidation (394)
[2026.07.30-07.08.31:949][681]LogModuleManager: Shutting down and abandoning module AudioSynesthesia (392)
[2026.07.30-07.08.31:950][681]LogModuleManager: Shutting down and abandoning module AudioSynesthesiaCore (390)
[2026.07.30-07.08.31:950][681]LogModuleManager: Shutting down and abandoning module FacialAnimationEditor (388)
[2026.07.30-07.08.31:950][681]LogModuleManager: Shutting down and abandoning module FacialAnimation (386)
[2026.07.30-07.08.31:950][681]LogModuleManager: Shutting down and abandoning module AssetManagerEditor (384)
[2026.07.30-07.08.31:950][681]LogModuleManager: Shutting down and abandoning module LevelEditor (383)
[2026.07.30-07.08.31:954][681]LogModuleManager: Shutting down and abandoning module PixelInspectorModule (382)
[2026.07.30-07.08.31:954][681]LogModuleManager: Shutting down and abandoning module CommonMenuExtensions (380)
[2026.07.30-07.08.31:954][681]LogModuleManager: Shutting down and abandoning module MainFrame (378)
[2026.07.30-07.08.31:954][681]LogModuleManager: Shutting down and abandoning module HotReload (377)
[2026.07.30-07.08.31:955][681]LogModuleManager: Shutting down and abandoning module ToolMenus (373)
[2026.07.30-07.08.31:955][681]LogModuleManager: Shutting down and abandoning module TreeMap (371)
[2026.07.30-07.08.31:956][681]LogModuleManager: Shutting down and abandoning module ActorSequence (368)
[2026.07.30-07.08.31:956][681]LogModuleManager: Shutting down and abandoning module UdpMessaging (366)
[2026.07.30-07.08.32:057][681]LogModuleManager: Shutting down and abandoning module TcpMessaging (364)
[2026.07.30-07.08.32:158][681]LogModuleManager: Shutting down and abandoning module ImgMediaEngine (362)
[2026.07.30-07.08.32:158][681]LogModuleManager: Shutting down and abandoning module PropertyAccessNode (360)
[2026.07.30-07.08.32:158][681]LogModuleManager: Shutting down and abandoning module AnimationSharing (358)
[2026.07.30-07.08.32:158][681]LogModuleManager: Shutting down and abandoning module MagicLeapARPin (356)
[2026.07.30-07.08.32:158][681]LogModuleManager: Shutting down and abandoning module PythonScriptPlugin (354)
[2026.07.30-07.08.32:158][681]LogModuleManager: Shutting down and abandoning module MagicLeapHandMeshing (352)
[2026.07.30-07.08.32:158][681]LogModuleManager: Shutting down and abandoning module MagicLeapSecureStorage (350)
[2026.07.30-07.08.32:158][681]LogModuleManager: Shutting down and abandoning module MagicLeapPrivileges (348)
[2026.07.30-07.08.32:158][681]LogModuleManager: Shutting down and abandoning module MagicLeapPlanes (346)
[2026.07.30-07.08.32:159][681]LogMagicLeapPlanes: Planes tracker already destroyed.
[2026.07.30-07.08.32:159][681]LogModuleManager: Shutting down and abandoning module MagicLeapImageTracker (344)
[2026.07.30-07.08.32:159][681]LogModuleManager: Shutting down and abandoning module MagicLeapIdentity (342)
[2026.07.30-07.08.32:159][681]LogModuleManager: Shutting down and abandoning module MagicLeapHandTracking (340)
[2026.07.30-07.08.32:160][681]LogModuleManager: Shutting down and abandoning module MagicLeapEyeTracker (338)
[2026.07.30-07.08.32:160][681]LogModuleManager: Shutting down and abandoning module MagicLeapController (336)
[2026.07.30-07.08.32:160][681]LogModuleManager: Shutting down and abandoning module MagicLeapARPinImpl (334)
[2026.07.30-07.08.32:160][681]LogModuleManager: Shutting down and abandoning module MagicLeapAR (332)
[2026.07.30-07.08.32:160][681]LogModuleManager: Shutting down and abandoning module NiagaraAnimNotifies (330)
[2026.07.30-07.08.32:160][681]LogModuleManager: Shutting down and abandoning module Niagara (328)
[2026.07.30-07.08.32:161][681]LogModuleManager: Shutting down and abandoning module SignalProcessing (327)
[2026.07.30-07.08.32:161][681]LogModuleManager: Shutting down and abandoning module NiagaraEditor (325)
[2026.07.30-07.08.32:163][681]LogModuleManager: Shutting down and abandoning module ContentBrowser (324)
[2026.07.30-07.08.32:163][681]LogModuleManager: Shutting down and abandoning module ContentBrowserData (323)
[2026.07.30-07.08.32:163][681]LogModuleManager: Shutting down and abandoning module NiagaraCore (318)
[2026.07.30-07.08.32:163][681]LogModuleManager: Shutting down and abandoning module GameplayCameras (316)
[2026.07.30-07.08.32:163][681]LogModuleManager: Shutting down and abandoning module LightPropagationVolumeRuntime (314)
[2026.07.30-07.08.32:163][681]LogModuleManager: Shutting down and abandoning module EnvironmentQueryEditor (312)
[2026.07.30-07.08.32:164][681]LogModuleManager: Shutting down and abandoning module Paper2D (310)
[2026.07.30-07.08.32:164][681]LogModuleManager: Shutting down and abandoning module WindowsMoviePlayer (308)
[2026.07.30-07.08.32:180][681]LogModuleManager: Shutting down and abandoning module WebMMoviePlayer (306)
[2026.07.30-07.08.32:180][681]LogModuleManager: Shutting down and abandoning module NetworkReplayStreaming (304)
[2026.07.30-07.08.32:180][681]LogModuleManager: Shutting down and abandoning module PacketHandler (302)
[2026.07.30-07.08.32:180][681]LogModuleManager: Shutting down and abandoning module ClothingSystemEditor (300)
[2026.07.30-07.08.32:180][681]LogModuleManager: Shutting down and abandoning module ClothingSystemRuntimeNv (298)
[2026.07.30-07.08.32:181][681]LogModuleManager: Shutting down and abandoning module MediaAssets (296)
[2026.07.30-07.08.32:181][681]LogModuleManager: Shutting down and abandoning module Overlay (294)
[2026.07.30-07.08.32:181][681]LogModuleManager: Shutting down and abandoning module OverlayEditor (293)
[2026.07.30-07.08.32:181][681]LogModuleManager: Shutting down and abandoning module VREditor (290)
[2026.07.30-07.08.32:182][681]LogModuleManager: Shutting down and abandoning module StringTableEditor (288)
[2026.07.30-07.08.32:182][681]LogModuleManager: Shutting down and abandoning module GameplayTasksEditor (286)
[2026.07.30-07.08.32:183][681]LogModuleManager: Shutting down and abandoning module BehaviorTreeEditor (284)
[2026.07.30-07.08.32:184][681]LogModuleManager: Shutting down and abandoning module FunctionalTesting (282)
[2026.07.30-07.08.32:184][681]LogModuleManager: Shutting down and abandoning module CollisionAnalyzer (280)
[2026.07.30-07.08.32:186][681]LogModuleManager: Shutting down and abandoning module WorkspaceMenuStructure (279)
[2026.07.30-07.08.32:187][681]LogModuleManager: Shutting down and abandoning module UMG (276)
[2026.07.30-07.08.32:187][681]LogModuleManager: Shutting down and abandoning module UMGEditor (275)
[2026.07.30-07.08.32:187][681]LogModuleManager: Shutting down and abandoning module MessageLog (273)
[2026.07.30-07.08.32:187][681]LogModuleManager: Shutting down and abandoning module SlateReflector (268)
[2026.07.30-07.08.32:190][681]LogModuleManager: Shutting down and abandoning module Slate (266)
[2026.07.30-07.08.32:190][681]LogModuleManager: Shutting down and abandoning module SlateCore (264)
[2026.07.30-07.08.32:192][681]LogModuleManager: Shutting down and abandoning module LandscapeEditorUtilities (262)
[2026.07.30-07.08.32:192][681]LogModuleManager: Shutting down and abandoning module UnrealEd (260)
[2026.07.30-07.08.32:192][681]LogModuleManager: Shutting down and abandoning module MRMesh (258)
[2026.07.30-07.08.32:192][681]LogModuleManager: Shutting down and abandoning module SourceCodeAccess (256)
[2026.07.30-07.08.32:192][681]LogModuleManager: Shutting down and abandoning module HeadMountedDisplay (254)
[2026.07.30-07.08.32:192][681]LogModuleManager: Shutting down and abandoning module XAudio2 (252)
[2026.07.30-07.08.32:192][681]LogModuleManager: Shutting down and abandoning module Networking (250)
[2026.07.30-07.08.32:192][681]LogModuleManager: Shutting down and abandoning module Core (248)
[2026.07.30-07.08.32:192][681]LogModuleManager: Shutting down and abandoning module MaterialEditor (246)
[2026.07.30-07.08.32:193][681]LogModuleManager: Shutting down and abandoning module MovieSceneTools (244)
[2026.07.30-07.08.32:194][681]LogModuleManager: Shutting down and abandoning module CurveEditor (243)
[2026.07.30-07.08.32:195][681]LogModuleManager: Shutting down and abandoning module Sequencer (241)
[2026.07.30-07.08.32:196][681]LogModuleManager: Shutting down and abandoning module EditorStyle (240)
[2026.07.30-07.08.32:198][681]LogModuleManager: Shutting down and abandoning module KismetCompiler (236)
[2026.07.30-07.08.32:198][681]LogModuleManager: Shutting down and abandoning module MeshBuilder (234)
[2026.07.30-07.08.32:198][681]LogModuleManager: Shutting down and abandoning module MeshUtilities (232)
[2026.07.30-07.08.32:199][681]LogModuleManager: Shutting down and abandoning module MeshMergeUtilities (231)
[2026.07.30-07.08.32:200][681]LogModuleManager: Shutting down and abandoning module MeshReductionInterface (230)
[2026.07.30-07.08.32:200][681]LogModuleManager: Shutting down and abandoning module MeshBoneReduction (229)
[2026.07.30-07.08.32:200][681]LogModuleManager: Shutting down and abandoning module SkeletalMeshReduction (227)
[2026.07.30-07.08.32:200][681]LogModuleManager: Shutting down and abandoning module ProxyLODMeshReduction (225)
[2026.07.30-07.08.32:201][681]LogModuleManager: Shutting down and abandoning module QuadricMeshReduction (223)
[2026.07.30-07.08.32:202][681]LogModuleManager: Shutting down and abandoning module MaterialBaking (219)
[2026.07.30-07.08.32:202][681]LogModuleManager: Shutting down and abandoning module NullInstallBundleManager (214)
[2026.07.30-07.08.32:202][681]LogModuleManager: Shutting down and abandoning module DerivedDataCache (212)
[2026.07.30-07.08.32:202][681]LogModuleManager: Shutting down and abandoning module TargetPlatform (210)
[2026.07.30-07.08.32:203][681]LogModuleManager: Shutting down and abandoning module VulkanShaderFormat (209)
[2026.07.30-07.08.32:205][681]LogModuleManager: Shutting down and abandoning module ShaderFormatVectorVM (207)
[2026.07.30-07.08.32:206][681]LogModuleManager: Shutting down and abandoning module ShaderFormatOpenGL (205)
[2026.07.30-07.08.32:206][681]LogModuleManager: Shutting down and abandoning module ShaderFormatD3D (203)
[2026.07.30-07.08.32:206][681]LogModuleManager: Shutting down and abandoning module MetalShaderFormat (201)
[2026.07.30-07.08.32:207][681]LogModuleManager: Shutting down and abandoning module TextureFormatOodle (199)
[2026.07.30-07.08.32:207][681]LogModuleManager: Shutting down and abandoning module TextureFormatUncompressed (197)
[2026.07.30-07.08.32:207][681]LogModuleManager: Shutting down and abandoning module TextureFormatPVR (195)
[2026.07.30-07.08.32:207][681]LogModuleManager: Shutting down and abandoning module TextureFormatETC2 (193)
[2026.07.30-07.08.32:207][681]LogModuleManager: Shutting down and abandoning module TextureFormatDXT (191)
[2026.07.30-07.08.32:207][681]LogModuleManager: Shutting down and abandoning module TextureFormatIntelISPCTexComp (189)
[2026.07.30-07.08.32:208][681]LogModuleManager: Shutting down and abandoning module TextureFormatASTC (187)
[2026.07.30-07.08.32:208][681]LogModuleManager: Shutting down and abandoning module ImageWrapper (186)
[2026.07.30-07.08.32:208][681]LogModuleManager: Shutting down and abandoning module AudioFormatOpus (183)
[2026.07.30-07.08.32:209][681]LogModuleManager: Shutting down and abandoning module AudioFormatOgg (181)
[2026.07.30-07.08.32:209][681]LogModuleManager: Shutting down and abandoning module AudioFormatADPCM (179)
[2026.07.30-07.08.32:209][681]LogModuleManager: Shutting down and abandoning module WindowsServerTargetPlatform (177)
[2026.07.30-07.08.32:209][681]LogModuleManager: Shutting down and abandoning module WindowsClientTargetPlatform (175)
[2026.07.30-07.08.32:209][681]LogModuleManager: Shutting down and abandoning module WindowsTargetPlatform (173)
[2026.07.30-07.08.32:209][681]LogModuleManager: Shutting down and abandoning module WindowsNoEditorTargetPlatform (171)
[2026.07.30-07.08.32:209][681]LogModuleManager: Shutting down and abandoning module TVOSTargetPlatform (169)
[2026.07.30-07.08.32:222][681]LogModuleManager: Shutting down and abandoning module MacServerTargetPlatform (167)
[2026.07.30-07.08.32:222][681]LogModuleManager: Shutting down and abandoning module MacClientTargetPlatform (165)
[2026.07.30-07.08.32:222][681]LogModuleManager: Shutting down and abandoning module MacTargetPlatform (163)
[2026.07.30-07.08.32:222][681]LogModuleManager: Shutting down and abandoning module MacNoEditorTargetPlatform (161)
[2026.07.30-07.08.32:222][681]LogModuleManager: Shutting down and abandoning module LuminTargetPlatform (159)
[2026.07.30-07.08.32:234][681]LogModuleManager: Shutting down and abandoning module LinuxAArch64ServerTargetPlatform (157)
[2026.07.30-07.08.32:234][681]LogModuleManager: Shutting down and abandoning module LinuxAArch64ClientTargetPlatform (155)
[2026.07.30-07.08.32:234][681]LogModuleManager: Shutting down and abandoning module LinuxAArch64NoEditorTargetPlatform (153)
[2026.07.30-07.08.32:234][681]LogModuleManager: Shutting down and abandoning module LinuxServerTargetPlatform (151)
[2026.07.30-07.08.32:235][681]LogModuleManager: Shutting down and abandoning module LinuxClientTargetPlatform (149)
[2026.07.30-07.08.32:236][681]LogModuleManager: Shutting down and abandoning module LinuxNoEditorTargetPlatform (147)
[2026.07.30-07.08.32:236][681]LogModuleManager: Shutting down and abandoning module LinuxTargetPlatform (145)
[2026.07.30-07.08.32:236][681]LogModuleManager: Shutting down and abandoning module Messaging (143)
[2026.07.30-07.08.32:236][681]LogModuleManager: Shutting down and abandoning module IOSTargetPlatform (141)
[2026.07.30-07.08.32:240][681]LogModuleManager: Shutting down and abandoning module AndroidTargetPlatform (139)
[2026.07.30-07.08.32:255][681]LogModuleManager: Shutting down and abandoning module AllDesktopTargetPlatform (137)
[2026.07.30-07.08.32:255][681]LogModuleManager: Shutting down and abandoning module D3D11RHI (134)
[2026.07.30-07.08.32:255][681]LogModuleManager: Shutting down and abandoning module InputCore (132)
[2026.07.30-07.08.32:255][681]LogModuleManager: Shutting down and abandoning module Settings (130)
[2026.07.30-07.08.32:255][681]LogModuleManager: Shutting down and abandoning module DirectoryWatcher (128)
[2026.07.30-07.08.32:256][681]LogModuleManager: Shutting down and abandoning module PhysXCooking (126)
[2026.07.30-07.08.32:256][681]LogModuleManager: Shutting down and abandoning module Chaos (124)
[2026.07.30-07.08.32:257][681]LogModuleManager: Shutting down and abandoning module WindowsPlatformFeatures (122)
[2026.07.30-07.08.32:257][681]LogModuleManager: Shutting down and abandoning module GameplayMediaEncoder (121)
[2026.07.30-07.08.32:257][681]LogModuleManager: Shutting down and abandoning module AVEncoder (120)
[2026.07.30-07.08.32:257][681]LogModuleManager: Shutting down and abandoning module SteamVRInputDevice (116)
[2026.07.30-07.08.32:258][681]LogModuleManager: Shutting down and abandoning module SteamVRInput (114)
[2026.07.30-07.08.32:258][681]LogModuleManager: Shutting down and abandoning module SteamVR (112)
[2026.07.30-07.08.32:258][681]LogHMD: Freeing OpenVRDLLHandle.
[2026.07.30-07.08.32:258][681]LogModuleManager: Shutting down and abandoning module OculusHMD (110)
[2026.07.30-07.08.32:258][681]LogModuleManager: Shutting down and abandoning module OpenXRAR (108)
[2026.07.30-07.08.32:258][681]LogModuleManager: Shutting down and abandoning module AugmentedReality (107)
[2026.07.30-07.08.32:258][681]LogModuleManager: Shutting down and abandoning module OpenXREyeTracker (104)
[2026.07.30-07.08.32:258][681]LogModuleManager: Shutting down and abandoning module OpenXRHandTracking (102)
[2026.07.30-07.08.32:259][681]LogSlate: Slate User Destroyed.  User Index 0, Is Virtual User: 0
[2026.07.30-07.08.32:259][681]LogModuleManager: Shutting down and abandoning module OpenXRHMD (101)
[2026.07.30-07.08.32:261][681]LogModuleManager: Shutting down and abandoning module ChunkDownloader (98)
[2026.07.30-07.08.32:261][681]LogModuleManager: Shutting down and abandoning module ExampleDeviceProfileSelector (96)
[2026.07.30-07.08.32:261][681]LogModuleManager: Shutting down and abandoning module LauncherChunkInstaller (94)
[2026.07.30-07.08.32:261][681]LogModuleManager: Shutting down and abandoning module OnlineBlueprintSupport (92)
[2026.07.30-07.08.32:261][681]LogModuleManager: Shutting down and abandoning module OnlineSubsystem (88)
[2026.07.30-07.08.32:264][681]LogModuleManager: Shutting down and abandoning module XMPP (83)
[2026.07.30-07.08.32:265][681]LogModuleManager: Shutting down and abandoning module WebSockets (82)
[2026.07.30-07.08.32:280][681]LogModuleManager: Shutting down and abandoning module HTTP (79)
[2026.07.30-07.08.32:280][681]LogHttp: Display: Http module shutting down, but needs to wait on 1 outstanding Http requests:
[2026.07.30-07.08.32:280][681]LogHttp: Display: 	verb=[POST] url=[https://datarouter.ol.epicgames.com/datarouter/api/v1/public/data?SessionID=%7B398892BC-4C51-62DF-52D5-DE92DDBF9091%7D&AppID=UEEditor.Rocket.Release&AppVersion=4.27.2-18319896%2B%2B%2BUE4%2BRelease-4.27&UserID=55c73c474e92d0c37f07ab8febe04a38%7C81d32e9996224e89b0dfec987a357124%7Cdc1b3db0-7ab3-4480-bd05-cd7efc218524&AppEnvironment=datacollector-binary&UploadType=eteventstream] refs=[1] status=Processing
[2026.07.30-07.08.32:280][681]LogHttp: Display: cleaning up 1 outstanding Http requests.
[2026.07.30-07.08.32:289][681]LogModuleManager: Shutting down and abandoning module SSL (78)
[2026.07.30-07.08.32:291][681]LogModuleManager: Shutting down and abandoning module WmfMedia (74)
[2026.07.30-07.08.32:294][681]LogModuleManager: Shutting down and abandoning module Media (73)
[2026.07.30-07.08.32:294][681]LogModuleManager: Shutting down and abandoning module MediaInfo (72)
[2026.07.30-07.08.32:294][681]LogModuleManager: Shutting down and abandoning module ExrReaderGpu (68)
[2026.07.30-07.08.32:294][681]LogModuleManager: Shutting down and abandoning module PixWinPlugin (66)
[2026.07.30-07.08.32:294][681]LogModuleManager: Shutting down and abandoning module MLSDK (64)
[2026.07.30-07.08.32:295][681]LogModuleManager: Shutting down and abandoning module MagicLeap (62)
[2026.07.30-07.08.32:295][681]LogModuleManager: Shutting down and abandoning module ChaosCloth (60)
[2026.07.30-07.08.32:295][681]LogModuleManager: Shutting down and abandoning module NiagaraVertexFactories (58)
[2026.07.30-07.08.32:295][681]LogModuleManager: Shutting down and abandoning module NiagaraShader (56)
[2026.07.30-07.08.32:295][681]LogModuleManager: Shutting down and abandoning module VariantManagerContent (54)
[2026.07.30-07.08.32:295][681]LogModuleManager: Shutting down and abandoning module DatasmithContent (52)
[2026.07.30-07.08.32:295][681]LogModuleManager: Shutting down and abandoning module AISupportModule (50)
[2026.07.30-07.08.32:295][681]LogModuleManager: Shutting down and abandoning module DesktopPlatform (48)
[2026.07.30-07.08.32:295][681]LogModuleManager: Shutting down and abandoning module PythonScriptPluginPreload (46)
[2026.07.30-07.08.32:295][681]LogModuleManager: Shutting down and abandoning module PlatformCryptoOpenSSL (44)
[2026.07.30-07.08.32:296][681]LogModuleManager: Shutting down and abandoning module PlatformCryptoTypes (42)
[2026.07.30-07.08.32:296][681]LogModuleManager: Shutting down and abandoning module PlatformCrypto (40)
[2026.07.30-07.08.32:296][681]LogModuleManager: Shutting down and abandoning module OodleDataCompressionFormat (38)
[2026.07.30-07.08.32:296][681]LogModuleManager: Shutting down and abandoning module XGEController (36)
[2026.07.30-07.08.32:296][681]LogXGEController: Cleaning working directory: C:/Users/LiamChen/AppData/Local/Temp/UnrealXGEWorkingDir/
[2026.07.30-07.08.32:296][681]LogModuleManager: Shutting down and abandoning module AnimationModifiers (34)
[2026.07.30-07.08.32:296][681]LogModuleManager: Shutting down and abandoning module AudioEditor (32)
[2026.07.30-07.08.32:297][681]LogModuleManager: Shutting down and abandoning module PropertyEditor (31)
[2026.07.30-07.08.32:298][681]LogModuleManager: Shutting down and abandoning module TextureCompressor (28)
[2026.07.30-07.08.32:298][681]LogModuleManager: Shutting down and abandoning module RenderCore (26)
[2026.07.30-07.08.32:298][681]LogModuleManager: Shutting down and abandoning module Landscape (24)
[2026.07.30-07.08.32:298][681]LogModuleManager: Shutting down and abandoning module SlateRHIRenderer (22)
[2026.07.30-07.08.32:299][681]LogModuleManager: Shutting down and abandoning module AnimGraphRuntime (20)
[2026.07.30-07.08.32:300][681]LogModuleManager: Shutting down and abandoning module Renderer (18)
[2026.07.30-07.08.32:300][681]LogModuleManager: Shutting down and abandoning module Engine (16)
[2026.07.30-07.08.32:300][681]LogModuleManager: Shutting down and abandoning module CoreUObject (14)
[2026.07.30-07.08.32:300][681]LogModuleManager: Shutting down and abandoning module NetworkFile (12)
[2026.07.30-07.08.32:300][681]LogModuleManager: Shutting down and abandoning module CookedIterativeFile (10)
[2026.07.30-07.08.32:300][681]LogModuleManager: Shutting down and abandoning module StreamingFile (8)
[2026.07.30-07.08.32:301][681]LogModuleManager: Shutting down and abandoning module SandboxFile (6)
[2026.07.30-07.08.32:301][681]LogModuleManager: Shutting down and abandoning module PakFile (4)
[2026.07.30-07.08.32:301][681]LogModuleManager: Shutting down and abandoning module RSA (3)
[2026.07.30-07.08.32:301][681]LogContentStreaming: Display: There are 1 unreleased StreamingManagers
[2026.07.30-07.08.32:330][681]LogD3D11RHI: Shutdown
[2026.07.30-07.08.32:330][681]LogD3D11RHI: CleanupD3DDevice
[2026.07.30-07.08.32:345][681]LogExit: Exiting.
[2026.07.30-07.08.32:352][681]Log file closed, 07/30/26 16:08:32
