Log file open, 07/18/26 09:27:26
LogWindows: Failed to load 'aqProf.dll' (GetLastError=126)
LogWindows: File 'aqProf.dll' does not exist
LogWindows: Failed to load 'VtuneApi.dll' (GetLastError=126)
LogWindows: File 'VtuneApi.dll' does not exist
LogWindows: Failed to load 'VtuneApi32e.dll' (GetLastError=126)
LogWindows: File 'VtuneApi32e.dll' does not exist
LogConsoleResponse: Display: Failed to find resolution value strings in scalability ini. Falling back to default.
LogConsoleResponse: Display: Failed to find resolution value strings in scalability ini. Falling back to default.
LogInit: Display: Running engine for game: UMGLearn
LogPlatformFile: Not using cached read wrapper
LogTaskGraph: Started task graph with 5 named threads and 35 total threads with 3 sets of task threads.
LogStats: Stats thread started at 0.327705
LogICUInternationalization: ICU TimeZone Detection - Raw Offset: +9:00, Platform Override: ''
LogInit: Display: Loading text-based GConfig....
LogPluginManager: Mounting plugin MeshPainting
LogPluginManager: Mounting plugin XGEController
LogPluginManager: Mounting plugin LiveLink
LogPluginManager: Mounting plugin LightPropagationVolume
LogPluginManager: Mounting plugin Paper2D
LogPluginManager: Mounting plugin CameraShakePreviewer
LogPluginManager: Mounting plugin GameplayCameras
LogPluginManager: Mounting plugin DatasmithContent
LogPluginManager: Mounting plugin VariantManagerContent
LogPluginManager: Mounting plugin AssetManagerEditor
LogPluginManager: Mounting plugin CurveEditorTools
LogPluginManager: Mounting plugin CryptoKeys
LogPluginManager: Mounting plugin FacialAnimation
LogPluginManager: Mounting plugin MacGraphicsSwitching
LogPluginManager: Mounting plugin MaterialAnalyzer
LogPluginManager: Mounting plugin GameplayTagsEditor
LogPluginManager: Mounting plugin GeometryMode
LogPluginManager: Mounting plugin DataValidation
LogPluginManager: Mounting plugin MobileLauncherProfileWizard
LogPluginManager: Mounting plugin PluginBrowser
LogPluginManager: Mounting plugin SpeedTreeImporter
LogPluginManager: Mounting plugin AnimationSharing
LogPluginManager: Mounting plugin CLionSourceCodeAccess
LogPluginManager: Mounting plugin CodeLiteSourceCodeAccess
LogPluginManager: Mounting plugin GitSourceControl
LogPluginManager: Mounting plugin KDevelopSourceCodeAccess
LogPluginManager: Mounting plugin NullSourceCodeAccess
LogPluginManager: Mounting plugin PixWinPlugin
LogPluginManager: Mounting plugin PluginUtils
LogPluginManager: Mounting plugin PlasticSourceControl
LogPluginManager: Mounting plugin PropertyAccessNode
LogPluginManager: Mounting plugin PerforceSourceControl
LogPluginManager: Mounting plugin RiderSourceCodeAccess
LogPluginManager: Mounting plugin SubversionSourceControl
LogPluginManager: Mounting plugin XCodeSourceCodeAccess
LogPluginManager: Mounting plugin VisualStudioCodeSourceCodeAccess
LogPluginManager: Mounting plugin TextureFormatOodle
LogPluginManager: Mounting plugin MagicLeap
LogPluginManager: Mounting plugin LuminPlatformFeatures
LogPluginManager: Mounting plugin UObjectPlugin
LogPluginManager: Mounting plugin VisualStudioSourceCodeAccess
LogPluginManager: Mounting plugin MagicLeapLightEstimation
LogPluginManager: Mounting plugin MagicLeapPassableWorld
LogPluginManager: Mounting plugin MLSDK
LogPluginManager: Mounting plugin Niagara
LogPluginManager: Mounting plugin AlembicImporter
LogPluginManager: Mounting plugin MagicLeapMedia
LogPluginManager: Mounting plugin BackChannel
LogPluginManager: Mounting plugin ChaosCloth
LogPluginManager: Mounting plugin AutomationUtils
LogPluginManager: Mounting plugin ChaosSolverPlugin
LogPluginManager: Mounting plugin ChaosEditor
LogPluginManager: Mounting plugin ChaosNiagara
LogPluginManager: Mounting plugin CharacterAI
LogPluginManager: Mounting plugin GeometryCache
LogPluginManager: Mounting plugin ChaosClothEditor
LogPluginManager: Mounting plugin GeometryCollectionPlugin
LogPluginManager: Mounting plugin AndroidMedia
LogPluginManager: Mounting plugin AvfMedia
LogPluginManager: Mounting plugin ImgMedia
LogPluginManager: Mounting plugin MediaCompositing
LogPluginManager: Mounting plugin WebMMedia
LogPluginManager: Mounting plugin MediaPlayerEditor
LogPluginManager: Mounting plugin GeometryProcessing
LogPluginManager: Mounting plugin WmfMedia
LogPluginManager: Mounting plugin MotoSynth
LogPluginManager: Mounting plugin OpenImageDenoise
LogPluginManager: Mounting plugin PlanarCut
LogPluginManager: Mounting plugin PlatformCrypto
LogPluginManager: Mounting plugin ProxyLODPlugin
LogPluginManager: Mounting plugin PythonScriptPlugin
LogPluginManager: Mounting plugin SkeletalReduction
LogPluginManager: Mounting plugin UdpMessaging
LogPluginManager: Mounting plugin TcpMessaging
LogPluginManager: Mounting plugin ActorSequence
LogPluginManager: Mounting plugin MatineeToLevelSequence
LogPluginManager: Mounting plugin TemplateSequence
LogPluginManager: Mounting plugin LevelSequenceEditor
LogPluginManager: Mounting plugin LauncherChunkInstaller
LogPluginManager: Mounting plugin OnlineSubsystem
LogPluginManager: Mounting plugin OnlineSubsystemNull
LogPluginManager: Mounting plugin OnlineSubsystemUtils
LogPluginManager: Mounting plugin ActorLayerUtilities
LogPluginManager: Mounting plugin AndroidMoviePlayer
LogPluginManager: Mounting plugin AndroidPermission
LogPluginManager: Mounting plugin AndroidDeviceProfileSelector
LogPluginManager: Mounting plugin AppleImageUtils
LogPluginManager: Mounting plugin AppleMoviePlayer
LogPluginManager: Mounting plugin ArchVisCharacter
LogPluginManager: Mounting plugin AssetTags
LogPluginManager: Mounting plugin AudioCapture
LogPluginManager: Mounting plugin AudioSynesthesia
LogPluginManager: Mounting plugin CableComponent
LogPluginManager: Mounting plugin ChunkDownloader
LogPluginManager: Mounting plugin CustomMeshComponent
LogPluginManager: Mounting plugin EditableMesh
LogPluginManager: Mounting plugin ExampleDeviceProfileSelector
LogPluginManager: Mounting plugin GoogleCloudMessaging
LogPluginManager: Mounting plugin GooglePAD
LogPluginManager: Mounting plugin IOSDeviceProfileSelector
LogPluginManager: Mounting plugin LinuxDeviceProfileSelector
LogPluginManager: Mounting plugin ScreenshotTools
LogPluginManager: Mounting plugin LocationServicesBPLibrary
LogPluginManager: Mounting plugin MobilePatchingUtils
LogPluginManager: Mounting plugin OpenXR
LogPluginManager: Mounting plugin OpenXRHandTracking
LogPluginManager: Mounting plugin OpenXREyeTracker
LogPluginManager: Mounting plugin PhysXVehicles
LogPluginManager: Mounting plugin Takes
LogPluginManager: Mounting plugin PostSplashScreen
LogPluginManager: Mounting plugin ProceduralMeshComponent
LogPluginManager: Mounting plugin PropertyAccessEditor
LogPluginManager: Mounting plugin RuntimePhysXCooking
LogPluginManager: Mounting plugin SignificanceManager
LogPluginManager: Mounting plugin SoundFields
LogPluginManager: Mounting plugin Synthesis
LogPluginManager: Mounting plugin WindowsMoviePlayer
LogPluginManager: Mounting plugin AISupport
LogPluginManager: Mounting plugin EnvironmentQueryEditor
LogPluginManager: Mounting plugin WebMMoviePlayer
LogPluginManager: Mounting plugin OodleNetwork
LogPluginManager: Mounting plugin OodleData
LogPluginManager: Mounting plugin ContentBrowserAssetDataSource
LogPluginManager: Mounting plugin ContentBrowserClassDataSource
LogPluginManager: Mounting plugin ContentBrowserFileDataSource
LogPluginManager: Mounting plugin RiderLink
LogPluginManager: Mounting plugin OnlineSubsystemIOS
LogPluginManager: Mounting plugin OnlineSubsystemGooglePlay
LogPluginManager: Mounting plugin OculusVR
LogPluginManager: Mounting plugin SteamVR
PixWinPlugin: PIX capture plugin failed to initialize! Check that the process is launched from PIX.
LogLuminAPIImpl: Warning: MLSDK not found.  This likely means the MLSDK environment variable is not set.
LogInit: Using libcurl 7.55.1-DEV
LogInit:  - built for x86_64-pc-win32
LogInit:  - supports SSL with OpenSSL/1.1.1
LogInit:  - supports HTTP deflate (compression) using libz 1.2.8
LogInit:  - other features:
LogInit:      CURL_VERSION_SSL
LogInit:      CURL_VERSION_LIBZ
LogInit:      CURL_VERSION_IPV6
LogInit:      CURL_VERSION_ASYNCHDNS
LogInit:      CURL_VERSION_LARGEFILE
LogInit:      CURL_VERSION_IDN
LogInit:  CurlRequestOptions (configurable via config and command line):
LogInit:  - bVerifyPeer = true  - Libcurl will verify peer certificate
LogInit:  - bUseHttpProxy = false  - Libcurl will NOT use HTTP proxy
LogInit:  - bDontReuseConnections = false  - Libcurl will reuse connections
LogInit:  - MaxHostConnections = 16  - Libcurl will limit the number of connections to a host
LogInit:  - LocalHostAddr = Default
LogInit:  - BufferSize = 65536
LogOnline: OSS: Creating online subsystem instance for: NULL
LogInit: WinSock: version 1.1 (2.2), MaxSocks=32767, MaxUdp=65467
LogOnline: OSS: TryLoadSubsystemAndSetDefault: Loaded subsystem for module [NULL]
LogOculusPluginWrapper: OculusPlugin initialized successfully
LogHMD: Failed initializing OVRPlugin 1.59.0
LogInit: Build: ++UE4+Release-4.27-CL-18319896
LogInit: Engine Version: 4.27.2-18319896+++UE4+Release-4.27
LogInit: Compatible Engine Version: 4.27.0-17155196+++UE4+Release-4.27
LogInit: Net CL: 17155196
LogInit: OS: Windows 10 (Release 2009) (), CPU: 12th Gen Intel(R) Core(TM) i5-12490F, GPU: NVIDIA GeForce RTX 3060 Ti
LogInit: Compiled (64-bit): Nov 30 2021 07:12:08
LogInit: Compiled with Visual C++: 19.24.28315.00
LogInit: Build Configuration: Development
LogInit: Branch Name: ++UE4+Release-4.27
LogInit: Command Line:  -AUTH_LOGIN=unused -AUTH_PASSWORD=2faa3c5ed7f04e77a37bf03ae247110e -AUTH_TYPE=exchangecode -epicapp=UE_4.27 -epicenv=Prod -EpicPortal -epicusername=夜空の星屑テレパス -epicuserid=81d32e9996224e89b0dfec987a357124 -epiclocale=zh-Hans -epicsandboxid=ue
LogInit: Base Directory: C:/Program Files/Epic Games/UE_4.27/Engine/Binaries/Win64/
LogInit: Allocator: TBB
LogInit: Installed Engine Build: 1
LogDevObjectVersion: Number of dev versions registered: 29
LogDevObjectVersion:   Dev-Blueprints (B0D832E4-1F89-4F0D-ACCF-7EB736FD4AA2): 10
LogDevObjectVersion:   Dev-Build (E1C64328-A22C-4D53-A36C-8E866417BD8C): 0
LogDevObjectVersion:   Dev-Core (375EC13C-06E4-48FB-B500-84F0262A717E): 4
LogDevObjectVersion:   Dev-Editor (E4B068ED-F494-42E9-A231-DA0B2E46BB41): 40
LogDevObjectVersion:   Dev-Framework (CFFC743F-43B0-4480-9391-14DF171D2073): 37
LogDevObjectVersion:   Dev-Mobile (B02B49B5-BB20-44E9-A304-32B752E40360): 3
LogDevObjectVersion:   Dev-Networking (A4E4105C-59A1-49B5-A7C5-40C4547EDFEE): 0
LogDevObjectVersion:   Dev-Online (39C831C9-5AE6-47DC-9A44-9C173E1C8E7C): 0
LogDevObjectVersion:   Dev-Physics (78F01B33-EBEA-4F98-B9B4-84EACCB95AA2): 14
LogDevObjectVersion:   Dev-Platform (6631380F-2D4D-43E0-8009-CF276956A95A): 0
LogDevObjectVersion:   Dev-Rendering (12F88B9F-8875-4AFC-A67C-D90C383ABD29): 45
LogDevObjectVersion:   Dev-Sequencer (7B5AE74C-D270-4C10-A958-57980B212A5A): 13
LogDevObjectVersion:   Dev-VR (D7296918-1DD6-4BDD-9DE2-64A83CC13884): 3
LogDevObjectVersion:   Dev-LoadTimes (C2A15278-BFE7-4AFE-6C17-90FF531DF755): 1
LogDevObjectVersion:   Private-Geometry (6EACA3D4-40EC-4CC1-B786-8BED09428FC5): 3
LogDevObjectVersion:   Dev-AnimPhys (29E575DD-E0A3-4627-9D10-D276232CDCEA): 17
LogDevObjectVersion:   Dev-Anim (AF43A65D-7FD3-4947-9873-3E8ED9C1BB05): 15
LogDevObjectVersion:   Dev-ReflectionCapture (6B266CEC-1EC7-4B8F-A30B-E4D90942FC07): 1
LogDevObjectVersion:   Dev-Automation (0DF73D61-A23F-47EA-B727-89E90C41499A): 1
LogDevObjectVersion:   FortniteMain (601D1886-AC64-4F84-AA16-D3DE0DEAC7D6): 47
LogDevObjectVersion:   FortniteRelease (E7086368-6B23-4C58-8439-1B7016265E91): 1
LogDevObjectVersion:   Dev-Enterprise (9DFFBCD6-494F-0158-E221-12823C92A888): 10
LogDevObjectVersion:   Dev-Niagara (F2AED0AC-9AFE-416F-8664-AA7FFA26D6FC): 1
LogDevObjectVersion:   Dev-Destruction (174F1F0B-B4C6-45A5-B13F-2EE8D0FB917D): 10
LogDevObjectVersion:   Dev-Physics-Ext (35F94A83-E258-406C-A318-09F59610247C): 41
LogDevObjectVersion:   Dev-PhysicsMaterial-Chaos (B68FC16E-8B1B-42E2-B453-215C058844FE): 1
LogDevObjectVersion:   Dev-CineCamera (B2E18506-4273-CFC2-A54E-F4BB758BBA07): 1
LogDevObjectVersion:   Dev-VirtualProduction (64F58936-FD1B-42BA-BA96-7289D5D0FA4E): 1
LogDevObjectVersion:   Dev-MediaFramework (6F0ED827-A609-4895-9C91-998D90180EA4): 2
LogInit: Presizing for max 25165824 objects, including 0 objects not considered by GC, pre-allocating 0 bytes for permanent pool.
LogConfig: Applying CVar settings from Section [/Script/Engine.StreamingSettings] File [D:/LearnData/UnrealProject/UnrealLearn/UMGLearn/Saved/Config/Windows/Engine.ini]
LogConfig: Setting CVar [[s.MinBulkDataSizeForAsyncLoading:131072]]
LogConfig: Setting CVar [[s.AsyncLoadingThreadEnabled:0]]
LogConfig: Setting CVar [[s.EventDrivenLoaderEnabled:1]]
LogConfig: Setting CVar [[s.WarnIfTimeLimitExceeded:0]]
LogConfig: Setting CVar [[s.TimeLimitExceededMultiplier:1.5]]
LogConfig: Setting CVar [[s.TimeLimitExceededMinTime:0.005]]
LogConfig: Setting CVar [[s.UseBackgroundLevelStreaming:1]]
LogConfig: Setting CVar [[s.PriorityAsyncLoadingExtraTime:15.0]]
LogConfig: Setting CVar [[s.LevelStreamingActorsUpdateTimeLimit:5.0]]
LogConfig: Setting CVar [[s.PriorityLevelStreamingActorsUpdateExtraTime:5.0]]
LogConfig: Setting CVar [[s.LevelStreamingComponentsRegistrationGranularity:10]]
LogConfig: Setting CVar [[s.UnregisterComponentsTimeLimit:1.0]]
LogConfig: Setting CVar [[s.LevelStreamingComponentsUnregistrationGranularity:5]]
LogConfig: Setting CVar [[s.FlushStreamingOnExit:1]]
LogInit: Object subsystem initialized
LogConfig: Setting CVar [[con.DebugEarlyDefault:1]]
LogConfig: Setting CVar [[r.setres:1280x720]]
[2026.07.18-00.27.27:561][  0]LogConfig: Setting CVar [[r.VSync:0]]
[2026.07.18-00.27.27:561][  0]LogConfig: Setting CVar [[r.RHICmdBypass:0]]
[2026.07.18-00.27.27:561][  0]LogConfig: Applying CVar settings from Section [/Script/Engine.RendererSettings] File [D:/LearnData/UnrealProject/UnrealLearn/UMGLearn/Saved/Config/Windows/Engine.ini]
[2026.07.18-00.27.27:561][  0]LogConfig: Setting CVar [[r.GPUCrashDebugging:0]]
[2026.07.18-00.27.27:561][  0]LogConfig: Applying CVar settings from Section [/Script/Engine.RendererOverrideSettings] File [D:/LearnData/UnrealProject/UnrealLearn/UMGLearn/Saved/Config/Windows/Engine.ini]
[2026.07.18-00.27.27:561][  0]LogConfig: Applying CVar settings from Section [/Script/Engine.StreamingSettings] File [D:/LearnData/UnrealProject/UnrealLearn/UMGLearn/Saved/Config/Windows/Engine.ini]
[2026.07.18-00.27.27:561][  0]LogConfig: Setting CVar [[s.MinBulkDataSizeForAsyncLoading:131072]]
[2026.07.18-00.27.27:561][  0]LogConfig: Setting CVar [[s.AsyncLoadingThreadEnabled:0]]
[2026.07.18-00.27.27:561][  0]LogConfig: Setting CVar [[s.EventDrivenLoaderEnabled:1]]
[2026.07.18-00.27.27:561][  0]LogConfig: Setting CVar [[s.WarnIfTimeLimitExceeded:0]]
[2026.07.18-00.27.27:561][  0]LogConfig: Setting CVar [[s.TimeLimitExceededMultiplier:1.5]]
[2026.07.18-00.27.27:561][  0]LogConfig: Setting CVar [[s.TimeLimitExceededMinTime:0.005]]
[2026.07.18-00.27.27:561][  0]LogConfig: Setting CVar [[s.UseBackgroundLevelStreaming:1]]
[2026.07.18-00.27.27:561][  0]LogConfig: Setting CVar [[s.PriorityAsyncLoadingExtraTime:15.0]]
[2026.07.18-00.27.27:561][  0]LogConfig: Setting CVar [[s.LevelStreamingActorsUpdateTimeLimit:5.0]]
[2026.07.18-00.27.27:561][  0]LogConfig: Setting CVar [[s.PriorityLevelStreamingActorsUpdateExtraTime:5.0]]
[2026.07.18-00.27.27:561][  0]LogConfig: Setting CVar [[s.LevelStreamingComponentsRegistrationGranularity:10]]
[2026.07.18-00.27.27:561][  0]LogConfig: Setting CVar [[s.UnregisterComponentsTimeLimit:1.0]]
[2026.07.18-00.27.27:561][  0]LogConfig: Setting CVar [[s.LevelStreamingComponentsUnregistrationGranularity:5]]
[2026.07.18-00.27.27:561][  0]LogConfig: Setting CVar [[s.FlushStreamingOnExit:1]]
[2026.07.18-00.27.27:561][  0]LogConfig: Applying CVar settings from Section [/Script/Engine.GarbageCollectionSettings] File [D:/LearnData/UnrealProject/UnrealLearn/UMGLearn/Saved/Config/Windows/Engine.ini]
[2026.07.18-00.27.27:561][  0]LogConfig: Setting CVar [[gc.MaxObjectsNotConsideredByGC:1]]
[2026.07.18-00.27.27:561][  0]LogConfig: Setting CVar [[gc.SizeOfPermanentObjectPool:0]]
[2026.07.18-00.27.27:561][  0]LogConfig: Setting CVar [[gc.FlushStreamingOnGC:0]]
[2026.07.18-00.27.27:561][  0]LogConfig: Setting CVar [[gc.NumRetriesBeforeForcingGC:10]]
[2026.07.18-00.27.27:561][  0]LogConfig: Setting CVar [[gc.AllowParallelGC:1]]
[2026.07.18-00.27.27:561][  0]LogConfig: Setting CVar [[gc.TimeBetweenPurgingPendingKillObjects:61.1]]
[2026.07.18-00.27.27:561][  0]LogConfig: Setting CVar [[gc.MaxObjectsInEditor:25165824]]
[2026.07.18-00.27.27:561][  0]LogConfig: Setting CVar [[gc.IncrementalBeginDestroyEnabled:1]]
[2026.07.18-00.27.27:561][  0]LogConfig: Setting CVar [[gc.CreateGCClusters:1]]
[2026.07.18-00.27.27:561][  0]LogConfig: Setting CVar [[gc.MinGCClusterSize:5]]
[2026.07.18-00.27.27:561][  0]LogConfig: Setting CVar [[gc.ActorClusteringEnabled:0]]
[2026.07.18-00.27.27:561][  0]LogConfig: Setting CVar [[gc.BlueprintClusteringEnabled:0]]
[2026.07.18-00.27.27:561][  0]LogConfig: Setting CVar [[gc.UseDisregardForGCOnDedicatedServers:0]]
[2026.07.18-00.27.27:561][  0]LogConfig: Setting CVar [[gc.MultithreadedDestructionEnabled:1]]
[2026.07.18-00.27.27:561][  0]LogConfig: Applying CVar settings from Section [/Script/Engine.NetworkSettings] File [D:/LearnData/UnrealProject/UnrealLearn/UMGLearn/Saved/Config/Windows/Engine.ini]
[2026.07.18-00.27.27:561][  0]LogConfig: Applying CVar settings from Section [/Script/UnrealEd.CookerSettings] File [D:/LearnData/UnrealProject/UnrealLearn/UMGLearn/Saved/Config/Windows/Engine.ini]
[2026.07.18-00.27.27:598][  0]LogConfig: Applying CVar settings from Section [ViewDistanceQuality@3] File [D:/LearnData/UnrealProject/UnrealLearn/UMGLearn/Saved/Config/Windows/Scalability.ini]
[2026.07.18-00.27.27:598][  0]LogConfig: Setting CVar [[r.SkeletalMeshLODBias:0]]
[2026.07.18-00.27.27:598][  0]LogConfig: Setting CVar [[r.ViewDistanceScale:1.0]]
[2026.07.18-00.27.27:598][  0]LogConfig: Applying CVar settings from Section [AntiAliasingQuality@3] File [D:/LearnData/UnrealProject/UnrealLearn/UMGLearn/Saved/Config/Windows/Scalability.ini]
[2026.07.18-00.27.27:598][  0]LogConfig: Setting CVar [[r.PostProcessAAQuality:4]]
[2026.07.18-00.27.27:598][  0]LogConfig: Applying CVar settings from Section [ShadowQuality@3] File [D:/LearnData/UnrealProject/UnrealLearn/UMGLearn/Saved/Config/Windows/Scalability.ini]
[2026.07.18-00.27.27:598][  0]LogConfig: Setting CVar [[r.LightFunctionQuality:1]]
[2026.07.18-00.27.27:598][  0]LogConfig: Setting CVar [[r.ShadowQuality:5]]
[2026.07.18-00.27.27:598][  0]LogConfig: Setting CVar [[r.Shadow.CSM.MaxCascades:10]]
[2026.07.18-00.27.27:598][  0]LogConfig: Setting CVar [[r.Shadow.MaxResolution:2048]]
[2026.07.18-00.27.27:598][  0]LogConfig: Setting CVar [[r.Shadow.MaxCSMResolution:2048]]
[2026.07.18-00.27.27:598][  0]LogConfig: Setting CVar [[r.Shadow.RadiusThreshold:0.01]]
[2026.07.18-00.27.27:598][  0]LogConfig: Setting CVar [[r.Shadow.DistanceScale:1.0]]
[2026.07.18-00.27.27:598][  0]LogConfig: Setting CVar [[r.Shadow.CSM.TransitionScale:1.0]]
[2026.07.18-00.27.27:598][  0]LogConfig: Setting CVar [[r.Shadow.PreShadowResolutionFactor:1.0]]
[2026.07.18-00.27.27:598][  0]LogConfig: Setting CVar [[r.DistanceFieldShadowing:1]]
[2026.07.18-00.27.27:598][  0]LogConfig: Setting CVar [[r.DistanceFieldAO:1]]
[2026.07.18-00.27.27:598][  0]LogConfig: Setting CVar [[r.AOQuality:2]]
[2026.07.18-00.27.27:598][  0]LogConfig: Setting CVar [[r.VolumetricFog:1]]
[2026.07.18-00.27.27:598][  0]LogConfig: Setting CVar [[r.VolumetricFog.GridPixelSize:8]]
[2026.07.18-00.27.27:598][  0]LogConfig: Setting CVar [[r.VolumetricFog.GridSizeZ:128]]
[2026.07.18-00.27.27:598][  0]LogConfig: Setting CVar [[r.VolumetricFog.HistoryMissSupersampleCount:4]]
[2026.07.18-00.27.27:598][  0]LogConfig: Setting CVar [[r.LightMaxDrawDistanceScale:1]]
[2026.07.18-00.27.27:598][  0]LogConfig: Setting CVar [[r.CapsuleShadows:1]]
[2026.07.18-00.27.27:598][  0]LogConfig: Applying CVar settings from Section [PostProcessQuality@3] File [D:/LearnData/UnrealProject/UnrealLearn/UMGLearn/Saved/Config/Windows/Scalability.ini]
[2026.07.18-00.27.27:598][  0]LogConfig: Setting CVar [[r.MotionBlurQuality:4]]
[2026.07.18-00.27.27:598][  0]LogConfig: Setting CVar [[r.AmbientOcclusionMipLevelFactor:0.4]]
[2026.07.18-00.27.27:598][  0]LogConfig: Setting CVar [[r.AmbientOcclusionMaxQuality:100]]
[2026.07.18-00.27.27:598][  0]LogConfig: Setting CVar [[r.AmbientOcclusionLevels:-1]]
[2026.07.18-00.27.27:598][  0]LogConfig: Setting CVar [[r.AmbientOcclusionRadiusScale:1.0]]
[2026.07.18-00.27.27:598][  0]LogConfig: Setting CVar [[r.DepthOfFieldQuality:2]]
[2026.07.18-00.27.27:598][  0]LogConfig: Setting CVar [[r.RenderTargetPoolMin:400]]
[2026.07.18-00.27.27:598][  0]LogConfig: Setting CVar [[r.LensFlareQuality:2]]
[2026.07.18-00.27.27:598][  0]LogConfig: Setting CVar [[r.SceneColorFringeQuality:1]]
[2026.07.18-00.27.27:598][  0]LogConfig: Setting CVar [[r.EyeAdaptationQuality:2]]
[2026.07.18-00.27.27:598][  0]LogConfig: Setting CVar [[r.BloomQuality:5]]
[2026.07.18-00.27.27:598][  0]LogConfig: Setting CVar [[r.FastBlurThreshold:100]]
[2026.07.18-00.27.27:598][  0]LogConfig: Setting CVar [[r.Upscale.Quality:3]]
[2026.07.18-00.27.27:598][  0]LogConfig: Setting CVar [[r.Tonemapper.GrainQuantization:1]]
[2026.07.18-00.27.27:598][  0]LogConfig: Setting CVar [[r.LightShaftQuality:1]]
[2026.07.18-00.27.27:598][  0]LogConfig: Setting CVar [[r.Filter.SizeScale:1]]
[2026.07.18-00.27.27:598][  0]LogConfig: Setting CVar [[r.Tonemapper.Quality:5]]
[2026.07.18-00.27.27:598][  0]LogConfig: Setting CVar [[r.DOF.Gather.AccumulatorQuality:1        ; higher gathering accumulator quality]]
[2026.07.18-00.27.27:598][  0]LogConfig: Setting CVar [[r.DOF.Gather.PostfilterMethod:1          ; Median3x3 postfilering method]]
[2026.07.18-00.27.27:598][  0]LogConfig: Setting CVar [[r.DOF.Gather.EnableBokehSettings:0       ; no bokeh simulation when gathering]]
[2026.07.18-00.27.27:598][  0]LogConfig: Setting CVar [[r.DOF.Gather.RingCount:4                 ; medium number of samples when gathering]]
[2026.07.18-00.27.27:598][  0]LogConfig: Setting CVar [[r.DOF.Scatter.ForegroundCompositing:1    ; additive foreground scattering]]
[2026.07.18-00.27.27:598][  0]LogConfig: Setting CVar [[r.DOF.Scatter.BackgroundCompositing:2    ; additive background scattering]]
[2026.07.18-00.27.27:598][  0]LogConfig: Setting CVar [[r.DOF.Scatter.EnableBokehSettings:1      ; bokeh simulation when scattering]]
[2026.07.18-00.27.27:598][  0]LogConfig: Setting CVar [[r.DOF.Scatter.MaxSpriteRatio:0.1         ; only a maximum of 10% of scattered bokeh]]
[2026.07.18-00.27.27:598][  0]LogConfig: Setting CVar [[r.DOF.Recombine.Quality:1                ; cheap slight out of focus]]
[2026.07.18-00.27.27:598][  0]LogConfig: Setting CVar [[r.DOF.Recombine.EnableBokehSettings:0    ; no bokeh simulation on slight out of focus]]
[2026.07.18-00.27.27:598][  0]LogConfig: Setting CVar [[r.DOF.TemporalAAQuality:1                ; more stable temporal accumulation]]
[2026.07.18-00.27.27:598][  0]LogConfig: Setting CVar [[r.DOF.Kernel.MaxForegroundRadius:0.025]]
[2026.07.18-00.27.27:598][  0]LogConfig: Setting CVar [[r.DOF.Kernel.MaxBackgroundRadius:0.025]]
[2026.07.18-00.27.27:598][  0]LogConfig: Applying CVar settings from Section [TextureQuality@3] File [D:/LearnData/UnrealProject/UnrealLearn/UMGLearn/Saved/Config/Windows/Scalability.ini]
[2026.07.18-00.27.27:598][  0]LogConfig: Setting CVar [[r.Streaming.MipBias:0]]
[2026.07.18-00.27.27:598][  0]LogConfig: Setting CVar [[r.Streaming.AmortizeCPUToGPUCopy:0]]
[2026.07.18-00.27.27:598][  0]LogConfig: Setting CVar [[r.Streaming.MaxNumTexturesToStreamPerFrame:0]]
[2026.07.18-00.27.27:598][  0]LogConfig: Setting CVar [[r.Streaming.Boost:1]]
[2026.07.18-00.27.27:598][  0]LogConfig: Setting CVar [[r.MaxAnisotropy:8]]
[2026.07.18-00.27.27:598][  0]LogConfig: Setting CVar [[r.VT.MaxAnisotropy:8]]
[2026.07.18-00.27.27:598][  0]LogConfig: Setting CVar [[r.Streaming.LimitPoolSizeToVRAM:0]]
[2026.07.18-00.27.27:598][  0]LogConfig: Setting CVar [[r.Streaming.PoolSize:1000]]
[2026.07.18-00.27.27:598][  0]LogConfig: Setting CVar [[r.Streaming.MaxEffectiveScreenSize:0]]
[2026.07.18-00.27.27:598][  0]LogConfig: Applying CVar settings from Section [EffectsQuality@3] File [D:/LearnData/UnrealProject/UnrealLearn/UMGLearn/Saved/Config/Windows/Scalability.ini]
[2026.07.18-00.27.27:598][  0]LogConfig: Setting CVar [[r.TranslucencyLightingVolumeDim:64]]
[2026.07.18-00.27.27:598][  0]LogConfig: Setting CVar [[r.RefractionQuality:2]]
[2026.07.18-00.27.27:598][  0]LogConfig: Setting CVar [[r.SSR.Quality:3]]
[2026.07.18-00.27.27:598][  0]LogConfig: Setting CVar [[r.SSR.HalfResSceneColor:0]]
[2026.07.18-00.27.27:598][  0]LogConfig: Setting CVar [[r.SceneColorFormat:4]]
[2026.07.18-00.27.27:598][  0]LogConfig: Setting CVar [[r.DetailMode:2]]
[2026.07.18-00.27.27:598][  0]LogConfig: Setting CVar [[r.TranslucencyVolumeBlur:1]]
[2026.07.18-00.27.27:598][  0]LogConfig: Setting CVar [[r.MaterialQualityLevel:1 ; High quality]]
[2026.07.18-00.27.27:598][  0]LogConfig: Setting CVar [[r.AnisotropicMaterials:1]]
[2026.07.18-00.27.27:598][  0]LogConfig: Setting CVar [[r.SSS.Scale:1]]
[2026.07.18-00.27.27:598][  0]LogConfig: Setting CVar [[r.SSS.SampleSet:2]]
[2026.07.18-00.27.27:598][  0]LogConfig: Setting CVar [[r.SSS.Quality:1]]
[2026.07.18-00.27.27:598][  0]LogConfig: Setting CVar [[r.SSS.HalfRes:0]]
[2026.07.18-00.27.27:598][  0]LogConfig: Setting CVar [[r.SSGI.Quality:3]]
[2026.07.18-00.27.27:598][  0]LogConfig: Setting CVar [[r.EmitterSpawnRateScale:1.0]]
[2026.07.18-00.27.27:598][  0]LogConfig: Setting CVar [[r.ParticleLightQuality:2]]
[2026.07.18-00.27.27:598][  0]LogConfig: Setting CVar [[r.SkyAtmosphere.AerialPerspectiveLUT.FastApplyOnOpaque:1 ; Always have FastSkyLUT 1 in this case to avoid wrong sky]]
[2026.07.18-00.27.27:598][  0]LogConfig: Setting CVar [[r.SkyAtmosphere.AerialPerspectiveLUT.SampleCountMaxPerSlice:4]]
[2026.07.18-00.27.27:598][  0]LogConfig: Setting CVar [[r.SkyAtmosphere.AerialPerspectiveLUT.DepthResolution:16.0]]
[2026.07.18-00.27.27:599][  0]LogConfig: Setting CVar [[r.SkyAtmosphere.FastSkyLUT:1]]
[2026.07.18-00.27.27:599][  0]LogConfig: Setting CVar [[r.SkyAtmosphere.FastSkyLUT.SampleCountMin:4.0]]
[2026.07.18-00.27.27:599][  0]LogConfig: Setting CVar [[r.SkyAtmosphere.FastSkyLUT.SampleCountMax:128.0]]
[2026.07.18-00.27.27:599][  0]LogConfig: Setting CVar [[r.SkyAtmosphere.SampleCountMin:4.0]]
[2026.07.18-00.27.27:599][  0]LogConfig: Setting CVar [[r.SkyAtmosphere.SampleCountMax:128.0]]
[2026.07.18-00.27.27:599][  0]LogConfig: Setting CVar [[r.SkyAtmosphere.TransmittanceLUT.UseSmallFormat:0]]
[2026.07.18-00.27.27:599][  0]LogConfig: Setting CVar [[r.SkyAtmosphere.TransmittanceLUT.SampleCount:10.0]]
[2026.07.18-00.27.27:599][  0]LogConfig: Setting CVar [[r.SkyAtmosphere.MultiScatteringLUT.SampleCount:15.0]]
[2026.07.18-00.27.27:599][  0]LogConfig: Setting CVar [[r.SkyLight.RealTimeReflectionCapture:1]]
[2026.07.18-00.27.27:599][  0]LogConfig: Applying CVar settings from Section [FoliageQuality@3] File [D:/LearnData/UnrealProject/UnrealLearn/UMGLearn/Saved/Config/Windows/Scalability.ini]
[2026.07.18-00.27.27:599][  0]LogConfig: Setting CVar [[foliage.DensityScale:1.0]]
[2026.07.18-00.27.27:599][  0]LogConfig: Setting CVar [[grass.DensityScale:1.0]]
[2026.07.18-00.27.27:599][  0]LogConfig: Applying CVar settings from Section [ShadingQuality@3] File [D:/LearnData/UnrealProject/UnrealLearn/UMGLearn/Saved/Config/Windows/Scalability.ini]
[2026.07.18-00.27.27:599][  0]LogConfig: Setting CVar [[r.HairStrands.SkyLighting.IntegrationType:2]]
[2026.07.18-00.27.27:599][  0]LogConfig: Setting CVar [[r.HairStrands.SkyAO.SampleCount:4]]
[2026.07.18-00.27.27:599][  0]LogConfig: Setting CVar [[r.HairStrands.Visibility.MSAA.SamplePerPixel:4]]
[2026.07.18-00.27.27:599][  0]LogInit: Selected Device Profile: [Windows]
[2026.07.18-00.27.27:599][  0]LogInit: Applying CVar settings loaded from the selected device profile: [Windows]
[2026.07.18-00.27.27:599][  0]LogHAL: Display: Platform has ~ 32 GB [34164101120 / 34359738368 / 32], which maps to Largest [LargestMinGB=32, LargerMinGB=12, DefaultMinGB=8, SmallerMinGB=6, SmallestMinGB=0)
[2026.07.18-00.27.27:599][  0]LogInit: Going up to parent DeviceProfile []
[2026.07.18-00.27.27:599][  0]LogConfig: Applying CVar settings from Section [ViewDistanceQuality@3] File [D:/LearnData/UnrealProject/UnrealLearn/UMGLearn/Saved/Config/Windows/Scalability.ini]
[2026.07.18-00.27.27:599][  0]LogConfig: Setting CVar [[r.SkeletalMeshLODBias:0]]
[2026.07.18-00.27.27:599][  0]LogConfig: Setting CVar [[r.ViewDistanceScale:1.0]]
[2026.07.18-00.27.27:599][  0]LogConfig: Applying CVar settings from Section [AntiAliasingQuality@3] File [D:/LearnData/UnrealProject/UnrealLearn/UMGLearn/Saved/Config/Windows/Scalability.ini]
[2026.07.18-00.27.27:599][  0]LogConfig: Setting CVar [[r.PostProcessAAQuality:4]]
[2026.07.18-00.27.27:599][  0]LogConfig: Applying CVar settings from Section [ShadowQuality@3] File [D:/LearnData/UnrealProject/UnrealLearn/UMGLearn/Saved/Config/Windows/Scalability.ini]
[2026.07.18-00.27.27:599][  0]LogConfig: Setting CVar [[r.LightFunctionQuality:1]]
[2026.07.18-00.27.27:599][  0]LogConfig: Setting CVar [[r.ShadowQuality:5]]
[2026.07.18-00.27.27:599][  0]LogConfig: Setting CVar [[r.Shadow.CSM.MaxCascades:10]]
[2026.07.18-00.27.27:599][  0]LogConfig: Setting CVar [[r.Shadow.MaxResolution:2048]]
[2026.07.18-00.27.27:599][  0]LogConfig: Setting CVar [[r.Shadow.MaxCSMResolution:2048]]
[2026.07.18-00.27.27:599][  0]LogConfig: Setting CVar [[r.Shadow.RadiusThreshold:0.01]]
[2026.07.18-00.27.27:599][  0]LogConfig: Setting CVar [[r.Shadow.DistanceScale:1.0]]
[2026.07.18-00.27.27:599][  0]LogConfig: Setting CVar [[r.Shadow.CSM.TransitionScale:1.0]]
[2026.07.18-00.27.27:599][  0]LogConfig: Setting CVar [[r.Shadow.PreShadowResolutionFactor:1.0]]
[2026.07.18-00.27.27:599][  0]LogConfig: Setting CVar [[r.DistanceFieldShadowing:1]]
[2026.07.18-00.27.27:599][  0]LogConfig: Setting CVar [[r.DistanceFieldAO:1]]
[2026.07.18-00.27.27:599][  0]LogConfig: Setting CVar [[r.AOQuality:2]]
[2026.07.18-00.27.27:599][  0]LogConfig: Setting CVar [[r.VolumetricFog:1]]
[2026.07.18-00.27.27:599][  0]LogConfig: Setting CVar [[r.VolumetricFog.GridPixelSize:8]]
[2026.07.18-00.27.27:599][  0]LogConfig: Setting CVar [[r.VolumetricFog.GridSizeZ:128]]
[2026.07.18-00.27.27:599][  0]LogConfig: Setting CVar [[r.VolumetricFog.HistoryMissSupersampleCount:4]]
[2026.07.18-00.27.27:599][  0]LogConfig: Setting CVar [[r.LightMaxDrawDistanceScale:1]]
[2026.07.18-00.27.27:599][  0]LogConfig: Setting CVar [[r.CapsuleShadows:1]]
[2026.07.18-00.27.27:599][  0]LogConfig: Applying CVar settings from Section [PostProcessQuality@3] File [D:/LearnData/UnrealProject/UnrealLearn/UMGLearn/Saved/Config/Windows/Scalability.ini]
[2026.07.18-00.27.27:599][  0]LogConfig: Setting CVar [[r.MotionBlurQuality:4]]
[2026.07.18-00.27.27:599][  0]LogConfig: Setting CVar [[r.AmbientOcclusionMipLevelFactor:0.4]]
[2026.07.18-00.27.27:599][  0]LogConfig: Setting CVar [[r.AmbientOcclusionMaxQuality:100]]
[2026.07.18-00.27.27:599][  0]LogConfig: Setting CVar [[r.AmbientOcclusionLevels:-1]]
[2026.07.18-00.27.27:599][  0]LogConfig: Setting CVar [[r.AmbientOcclusionRadiusScale:1.0]]
[2026.07.18-00.27.27:599][  0]LogConfig: Setting CVar [[r.DepthOfFieldQuality:2]]
[2026.07.18-00.27.27:599][  0]LogConfig: Setting CVar [[r.RenderTargetPoolMin:400]]
[2026.07.18-00.27.27:599][  0]LogConfig: Setting CVar [[r.LensFlareQuality:2]]
[2026.07.18-00.27.27:599][  0]LogConfig: Setting CVar [[r.SceneColorFringeQuality:1]]
[2026.07.18-00.27.27:599][  0]LogConfig: Setting CVar [[r.EyeAdaptationQuality:2]]
[2026.07.18-00.27.27:599][  0]LogConfig: Setting CVar [[r.BloomQuality:5]]
[2026.07.18-00.27.27:599][  0]LogConfig: Setting CVar [[r.FastBlurThreshold:100]]
[2026.07.18-00.27.27:599][  0]LogConfig: Setting CVar [[r.Upscale.Quality:3]]
[2026.07.18-00.27.27:599][  0]LogConfig: Setting CVar [[r.Tonemapper.GrainQuantization:1]]
[2026.07.18-00.27.27:599][  0]LogConfig: Setting CVar [[r.LightShaftQuality:1]]
[2026.07.18-00.27.27:599][  0]LogConfig: Setting CVar [[r.Filter.SizeScale:1]]
[2026.07.18-00.27.27:599][  0]LogConfig: Setting CVar [[r.Tonemapper.Quality:5]]
[2026.07.18-00.27.27:599][  0]LogConfig: Setting CVar [[r.DOF.Gather.AccumulatorQuality:1        ; higher gathering accumulator quality]]
[2026.07.18-00.27.27:599][  0]LogConfig: Setting CVar [[r.DOF.Gather.PostfilterMethod:1          ; Median3x3 postfilering method]]
[2026.07.18-00.27.27:599][  0]LogConfig: Setting CVar [[r.DOF.Gather.EnableBokehSettings:0       ; no bokeh simulation when gathering]]
[2026.07.18-00.27.27:599][  0]LogConfig: Setting CVar [[r.DOF.Gather.RingCount:4                 ; medium number of samples when gathering]]
[2026.07.18-00.27.27:599][  0]LogConfig: Setting CVar [[r.DOF.Scatter.ForegroundCompositing:1    ; additive foreground scattering]]
[2026.07.18-00.27.27:599][  0]LogConfig: Setting CVar [[r.DOF.Scatter.BackgroundCompositing:2    ; additive background scattering]]
[2026.07.18-00.27.27:599][  0]LogConfig: Setting CVar [[r.DOF.Scatter.EnableBokehSettings:1      ; bokeh simulation when scattering]]
[2026.07.18-00.27.27:599][  0]LogConfig: Setting CVar [[r.DOF.Scatter.MaxSpriteRatio:0.1         ; only a maximum of 10% of scattered bokeh]]
[2026.07.18-00.27.27:599][  0]LogConfig: Setting CVar [[r.DOF.Recombine.Quality:1                ; cheap slight out of focus]]
[2026.07.18-00.27.27:599][  0]LogConfig: Setting CVar [[r.DOF.Recombine.EnableBokehSettings:0    ; no bokeh simulation on slight out of focus]]
[2026.07.18-00.27.27:599][  0]LogConfig: Setting CVar [[r.DOF.TemporalAAQuality:1                ; more stable temporal accumulation]]
[2026.07.18-00.27.27:599][  0]LogConfig: Setting CVar [[r.DOF.Kernel.MaxForegroundRadius:0.025]]
[2026.07.18-00.27.27:599][  0]LogConfig: Setting CVar [[r.DOF.Kernel.MaxBackgroundRadius:0.025]]
[2026.07.18-00.27.27:599][  0]LogConfig: Applying CVar settings from Section [TextureQuality@3] File [D:/LearnData/UnrealProject/UnrealLearn/UMGLearn/Saved/Config/Windows/Scalability.ini]
[2026.07.18-00.27.27:599][  0]LogConfig: Setting CVar [[r.Streaming.MipBias:0]]
[2026.07.18-00.27.27:599][  0]LogConfig: Setting CVar [[r.Streaming.AmortizeCPUToGPUCopy:0]]
[2026.07.18-00.27.27:599][  0]LogConfig: Setting CVar [[r.Streaming.MaxNumTexturesToStreamPerFrame:0]]
[2026.07.18-00.27.27:599][  0]LogConfig: Setting CVar [[r.Streaming.Boost:1]]
[2026.07.18-00.27.27:599][  0]LogConfig: Setting CVar [[r.MaxAnisotropy:8]]
[2026.07.18-00.27.27:599][  0]LogConfig: Setting CVar [[r.VT.MaxAnisotropy:8]]
[2026.07.18-00.27.27:599][  0]LogConfig: Setting CVar [[r.Streaming.LimitPoolSizeToVRAM:0]]
[2026.07.18-00.27.27:599][  0]LogConfig: Setting CVar [[r.Streaming.PoolSize:1000]]
[2026.07.18-00.27.27:599][  0]LogConfig: Setting CVar [[r.Streaming.MaxEffectiveScreenSize:0]]
[2026.07.18-00.27.27:599][  0]LogConfig: Applying CVar settings from Section [EffectsQuality@3] File [D:/LearnData/UnrealProject/UnrealLearn/UMGLearn/Saved/Config/Windows/Scalability.ini]
[2026.07.18-00.27.27:599][  0]LogConfig: Setting CVar [[r.TranslucencyLightingVolumeDim:64]]
[2026.07.18-00.27.27:599][  0]LogConfig: Setting CVar [[r.RefractionQuality:2]]
[2026.07.18-00.27.27:599][  0]LogConfig: Setting CVar [[r.SSR.Quality:3]]
[2026.07.18-00.27.27:601][  0]LogConfig: Setting CVar [[r.SSR.HalfResSceneColor:0]]
[2026.07.18-00.27.27:601][  0]LogConfig: Setting CVar [[r.SceneColorFormat:4]]
[2026.07.18-00.27.27:601][  0]LogConfig: Setting CVar [[r.DetailMode:2]]
[2026.07.18-00.27.27:601][  0]LogConfig: Setting CVar [[r.TranslucencyVolumeBlur:1]]
[2026.07.18-00.27.27:601][  0]LogConfig: Setting CVar [[r.MaterialQualityLevel:1 ; High quality]]
[2026.07.18-00.27.27:601][  0]LogConfig: Setting CVar [[r.AnisotropicMaterials:1]]
[2026.07.18-00.27.27:601][  0]LogConfig: Setting CVar [[r.SSS.Scale:1]]
[2026.07.18-00.27.27:601][  0]LogConfig: Setting CVar [[r.SSS.SampleSet:2]]
[2026.07.18-00.27.27:601][  0]LogConfig: Setting CVar [[r.SSS.Quality:1]]
[2026.07.18-00.27.27:601][  0]LogConfig: Setting CVar [[r.SSS.HalfRes:0]]
[2026.07.18-00.27.27:601][  0]LogConfig: Setting CVar [[r.SSGI.Quality:3]]
[2026.07.18-00.27.27:601][  0]LogConfig: Setting CVar [[r.EmitterSpawnRateScale:1.0]]
[2026.07.18-00.27.27:601][  0]LogConfig: Setting CVar [[r.ParticleLightQuality:2]]
[2026.07.18-00.27.27:601][  0]LogConfig: Setting CVar [[r.SkyAtmosphere.AerialPerspectiveLUT.FastApplyOnOpaque:1 ; Always have FastSkyLUT 1 in this case to avoid wrong sky]]
[2026.07.18-00.27.27:601][  0]LogConfig: Setting CVar [[r.SkyAtmosphere.AerialPerspectiveLUT.SampleCountMaxPerSlice:4]]
[2026.07.18-00.27.27:601][  0]LogConfig: Setting CVar [[r.SkyAtmosphere.AerialPerspectiveLUT.DepthResolution:16.0]]
[2026.07.18-00.27.27:601][  0]LogConfig: Setting CVar [[r.SkyAtmosphere.FastSkyLUT:1]]
[2026.07.18-00.27.27:601][  0]LogConfig: Setting CVar [[r.SkyAtmosphere.FastSkyLUT.SampleCountMin:4.0]]
[2026.07.18-00.27.27:601][  0]LogConfig: Setting CVar [[r.SkyAtmosphere.FastSkyLUT.SampleCountMax:128.0]]
[2026.07.18-00.27.27:601][  0]LogConfig: Setting CVar [[r.SkyAtmosphere.SampleCountMin:4.0]]
[2026.07.18-00.27.27:601][  0]LogConfig: Setting CVar [[r.SkyAtmosphere.SampleCountMax:128.0]]
[2026.07.18-00.27.27:601][  0]LogConfig: Setting CVar [[r.SkyAtmosphere.TransmittanceLUT.UseSmallFormat:0]]
[2026.07.18-00.27.27:601][  0]LogConfig: Setting CVar [[r.SkyAtmosphere.TransmittanceLUT.SampleCount:10.0]]
[2026.07.18-00.27.27:601][  0]LogConfig: Setting CVar [[r.SkyAtmosphere.MultiScatteringLUT.SampleCount:15.0]]
[2026.07.18-00.27.27:601][  0]LogConfig: Setting CVar [[r.SkyLight.RealTimeReflectionCapture:1]]
[2026.07.18-00.27.27:601][  0]LogConfig: Applying CVar settings from Section [FoliageQuality@3] File [D:/LearnData/UnrealProject/UnrealLearn/UMGLearn/Saved/Config/Windows/Scalability.ini]
[2026.07.18-00.27.27:601][  0]LogConfig: Setting CVar [[foliage.DensityScale:1.0]]
[2026.07.18-00.27.27:601][  0]LogConfig: Setting CVar [[grass.DensityScale:1.0]]
[2026.07.18-00.27.27:601][  0]LogConfig: Applying CVar settings from Section [ShadingQuality@3] File [D:/LearnData/UnrealProject/UnrealLearn/UMGLearn/Saved/Config/Windows/Scalability.ini]
[2026.07.18-00.27.27:601][  0]LogConfig: Setting CVar [[r.HairStrands.SkyLighting.IntegrationType:2]]
[2026.07.18-00.27.27:601][  0]LogConfig: Setting CVar [[r.HairStrands.SkyAO.SampleCount:4]]
[2026.07.18-00.27.27:601][  0]LogConfig: Setting CVar [[r.HairStrands.Visibility.MSAA.SamplePerPixel:4]]
[2026.07.18-00.27.27:601][  0]LogConfig: Applying CVar settings from Section [Startup] File [../../../Engine/Config/ConsoleVariables.ini]
[2026.07.18-00.27.27:601][  0]LogConfig: Setting CVar [[net.UseAdaptiveNetUpdateFrequency:0]]
[2026.07.18-00.27.27:601][  0]LogConfig: Setting CVar [[p.chaos.AllowCreatePhysxBodies:1]]
[2026.07.18-00.27.27:601][  0]LogConfig: Setting CVar [[fx.SkipVectorVMBackendOptimizations:1]]
[2026.07.18-00.27.27:601][  0]LogConfig: Applying CVar settings from Section [ConsoleVariables] File [D:/LearnData/UnrealProject/UnrealLearn/UMGLearn/Saved/Config/Windows/Engine.ini]
[2026.07.18-00.27.27:601][  0]LogConfig: Applying CVar settings from Section [ConsoleVariables] File [D:/LearnData/UnrealProject/UnrealLearn/UMGLearn/Saved/Config/Windows/Editor.ini]
[2026.07.18-00.27.27:601][  0]LogInit: Computer: MIU
[2026.07.18-00.27.27:601][  0]LogInit: User: 23932
[2026.07.18-00.27.27:601][  0]LogInit: CPU Page size=4096, Cores=6
[2026.07.18-00.27.27:601][  0]LogInit: High frequency timer resolution =10.000000 MHz
[2026.07.18-00.27.27:601][  0]LogMemory: Memory total: Physical=31.8GB (32GB approx)
[2026.07.18-00.27.27:601][  0]LogMemory: Platform Memory Stats for Windows
[2026.07.18-00.27.27:601][  0]LogMemory: Process Physical Memory: 156.82 MB used, 156.82 MB peak
[2026.07.18-00.27.27:601][  0]LogMemory: Process Virtual Memory: 132.32 MB used, 132.32 MB peak
[2026.07.18-00.27.27:601][  0]LogMemory: Physical Memory: 12042.36 MB used,  20539.06 MB free, 32581.43 MB total
[2026.07.18-00.27.27:601][  0]LogMemory: Virtual Memory: 134167568.00 MB used,  50157.05 MB free, 134217728.00 MB total
[2026.07.18-00.27.27:609][  0]LogWindows: WindowsPlatformFeatures enabled
[2026.07.18-00.27.27:671][  0]LogInit: Physics initialised using underlying interface: PhysX
[2026.07.18-00.27.27:672][  0]LogInit: Overriding language with editor language configuration option (en).
[2026.07.18-00.27.27:672][  0]LogInit: Overriding language with editor locale configuration option (en).
[2026.07.18-00.27.27:895][  0]LogInit: Setting process to per monitor DPI aware
[2026.07.18-00.27.28:009][  0]LogWindowsTextInputMethodSystem: Display: IME system deactivated.
[2026.07.18-00.27.28:024][  0]LogSlate: New Slate User Created.  User Index 0, Is Virtual User: 0
[2026.07.18-00.27.28:024][  0]LogSlate: Slate User Registered.  User Index 0, Is Virtual User: 0
[2026.07.18-00.27.28:137][  0]LogD3D11RHI: Loaded GFSDK_Aftermath_Lib.x64.dll
[2026.07.18-00.27.28:156][  0]LogHMD: Failed to initialize OpenVR with code 110
[2026.07.18-00.27.28:156][  0]LogD3D11RHI: D3D11 min allowed feature level: 11_0
[2026.07.18-00.27.28:156][  0]LogD3D11RHI: D3D11 max allowed feature level: 11_0
[2026.07.18-00.27.28:156][  0]LogD3D11RHI: D3D11 adapters:
[2026.07.18-00.27.28:403][  0]LogD3D11RHI:    0. 'NVIDIA GeForce RTX 3060 Ti' (Feature Level 11_0)
[2026.07.18-00.27.28:403][  0]LogD3D11RHI:       8024/0/16290 MB DedicatedVideo/DedicatedSystem/SharedSystem, Outputs:1, VendorId:0x10de
[2026.07.18-00.27.28:409][  0]LogD3D11RHI:    1. 'Microsoft Basic Render Driver' (Feature Level 11_0)
[2026.07.18-00.27.28:409][  0]LogD3D11RHI:       0/0/16290 MB DedicatedVideo/DedicatedSystem/SharedSystem, Outputs:0, VendorId:0x1414
[2026.07.18-00.27.28:409][  0]LogD3D11RHI: Chosen D3D11 Adapter:
[2026.07.18-00.27.28:409][  0]LogD3D11RHI:     Description : NVIDIA GeForce RTX 3060 Ti
[2026.07.18-00.27.28:409][  0]LogD3D11RHI:     VendorId    : 10de
[2026.07.18-00.27.28:409][  0]LogD3D11RHI:     DeviceId    : 2489
[2026.07.18-00.27.28:409][  0]LogD3D11RHI:     SubSysId    : 39031462
[2026.07.18-00.27.28:409][  0]LogD3D11RHI:     Revision    : 00a1
[2026.07.18-00.27.28:409][  0]LogD3D11RHI:     DedicatedVideoMemory : 8413773824 bytes
[2026.07.18-00.27.28:409][  0]LogD3D11RHI:     DedicatedSystemMemory : 0 bytes
[2026.07.18-00.27.28:409][  0]LogD3D11RHI:     SharedSystemMemory : 17082050560 bytes
[2026.07.18-00.27.28:409][  0]LogD3D11RHI:     AdapterLuid : 0 69241
[2026.07.18-00.27.28:417][  0]LogD3D11RHI: Creating new Direct3DDevice
[2026.07.18-00.27.28:417][  0]LogD3D11RHI:     GPU DeviceId: 0x2489 (for the marketing name, search the web for "GPU Device Id")
[2026.07.18-00.27.28:417][  0]LogWindows: EnumDisplayDevices:
[2026.07.18-00.27.28:418][  0]LogWindows:    0. 'NVIDIA GeForce RTX 3060 Ti' (P:1 D:1)
[2026.07.18-00.27.28:418][  0]LogWindows:    1. 'NVIDIA GeForce RTX 3060 Ti' (P:0 D:0)
[2026.07.18-00.27.28:418][  0]LogWindows:    2. 'NVIDIA GeForce RTX 3060 Ti' (P:0 D:0)
[2026.07.18-00.27.28:419][  0]LogWindows:    3. 'NVIDIA GeForce RTX 3060 Ti' (P:0 D:0)
[2026.07.18-00.27.28:419][  0]LogWindows: DebugString: FoundDriverCount:4 
[2026.07.18-00.27.28:419][  0]LogD3D11RHI:     Adapter Name: NVIDIA GeForce RTX 3060 Ti
[2026.07.18-00.27.28:419][  0]LogD3D11RHI:   Driver Version: 595.97 (internal:32.0.15.9597, unified:595.97)
[2026.07.18-00.27.28:419][  0]LogD3D11RHI:      Driver Date: 3-17-2026
[2026.07.18-00.27.28:419][  0]LogRHI: Texture pool is 5616 MB (70% of 8024 MB)
[2026.07.18-00.27.28:419][  0]LogD3D11RHI: Creating D3DDevice using adapter:
[2026.07.18-00.27.28:419][  0]LogD3D11RHI:     Description : NVIDIA GeForce RTX 3060 Ti
[2026.07.18-00.27.28:419][  0]LogD3D11RHI:     VendorId    : 10de
[2026.07.18-00.27.28:419][  0]LogD3D11RHI:     DeviceId    : 2489
[2026.07.18-00.27.28:419][  0]LogD3D11RHI:     SubSysId    : 39031462
[2026.07.18-00.27.28:419][  0]LogD3D11RHI:     Revision    : 00a1
[2026.07.18-00.27.28:419][  0]LogD3D11RHI:     DedicatedVideoMemory : 8413773824 bytes
[2026.07.18-00.27.28:419][  0]LogD3D11RHI:     DedicatedSystemMemory : 0 bytes
[2026.07.18-00.27.28:419][  0]LogD3D11RHI:     SharedSystemMemory : 17082050560 bytes
[2026.07.18-00.27.28:419][  0]LogD3D11RHI:     AdapterLuid : 0 69241
[2026.07.18-00.27.28:607][  0]LogD3D11RHI: RHI has support for 64 bit atomics
[2026.07.18-00.27.28:607][  0]LogD3D11RHI: Async texture creation enabled
[2026.07.18-00.27.28:607][  0]LogD3D11RHI: Array index from any shader is supported
[2026.07.18-00.27.28:609][  0]LogD3D11RHI: HDR output is supported on display 0 (NvId: 0x80061080).
[2026.07.18-00.27.28:628][  0]LogD3D11RHI: GPU Timing Frequency: 1000.000000 (Debug: 2 2)
[2026.07.18-00.27.28:671][  0]LogRHI: GeForceNow SDK initialized: 1
[2026.07.18-00.27.29:091][  0]LogTargetPlatformManager: Display: Loaded TargetPlatform 'AllDesktop'
[2026.07.18-00.27.29:118][  0]LogTargetPlatformManager: Display: Loaded TargetPlatform 'Android'
[2026.07.18-00.27.29:118][  0]LogTargetPlatformManager: Display: Loaded TargetPlatform 'Android_ASTC'
[2026.07.18-00.27.29:118][  0]LogTargetPlatformManager: Display: Loaded TargetPlatform 'Android_DXT'
[2026.07.18-00.27.29:118][  0]LogTargetPlatformManager: Display: Loaded TargetPlatform 'Android_ETC2'
[2026.07.18-00.27.29:118][  0]LogTargetPlatformManager: Display: Loaded TargetPlatform 'AndroidClient'
[2026.07.18-00.27.29:118][  0]LogTargetPlatformManager: Display: Loaded TargetPlatform 'Android_ASTCClient'
[2026.07.18-00.27.29:118][  0]LogTargetPlatformManager: Display: Loaded TargetPlatform 'Android_DXTClient'
[2026.07.18-00.27.29:118][  0]LogTargetPlatformManager: Display: Loaded TargetPlatform 'Android_ETC2Client'
[2026.07.18-00.27.29:118][  0]LogTargetPlatformManager: Display: Loaded TargetPlatform 'Android_Multi'
[2026.07.18-00.27.29:118][  0]LogTargetPlatformManager: Display: Loaded TargetPlatform 'Android_MultiClient'
[2026.07.18-00.27.29:145][  0]LogTargetPlatformManager: Display: Loaded TargetPlatform 'IOSClient'
[2026.07.18-00.27.29:145][  0]LogTargetPlatformManager: Display: Loaded TargetPlatform 'IOS'
[2026.07.18-00.27.29:158][  0]LogTargetPlatformManager: Display: Loaded TargetPlatform 'Linux'
[2026.07.18-00.27.29:163][  0]LogTargetPlatformManager: Display: Loaded TargetPlatform 'LinuxNoEditor'
[2026.07.18-00.27.29:169][  0]LogTargetPlatformManager: Display: Loaded TargetPlatform 'LinuxClient'
[2026.07.18-00.27.29:176][  0]LogTargetPlatformManager: Display: Loaded TargetPlatform 'LinuxServer'
[2026.07.18-00.27.29:185][  0]LogTargetPlatformManager: Display: Loaded TargetPlatform 'LinuxAArch64NoEditor'
[2026.07.18-00.27.29:193][  0]LogTargetPlatformManager: Display: Loaded TargetPlatform 'LinuxAArch64Client'
[2026.07.18-00.27.29:201][  0]LogTargetPlatformManager: Display: Loaded TargetPlatform 'LinuxAArch64Server'
[2026.07.18-00.27.29:228][  0]LogTargetPlatformManager: Display: Loaded TargetPlatform 'Lumin'
[2026.07.18-00.27.29:229][  0]LogTargetPlatformManager: Display: Loaded TargetPlatform 'LuminClient'
[2026.07.18-00.27.29:240][  0]LogTargetPlatformManager: Display: Loaded TargetPlatform 'MacNoEditor'
[2026.07.18-00.27.29:246][  0]LogTargetPlatformManager: Display: Loaded TargetPlatform 'Mac'
[2026.07.18-00.27.29:254][  0]LogTargetPlatformManager: Display: Loaded TargetPlatform 'MacClient'
[2026.07.18-00.27.29:262][  0]LogTargetPlatformManager: Display: Loaded TargetPlatform 'MacServer'
[2026.07.18-00.27.29:276][  0]LogTargetPlatformManager: Display: Loaded TargetPlatform 'TVOSClient'
[2026.07.18-00.27.29:276][  0]LogTargetPlatformManager: Display: Loaded TargetPlatform 'TVOS'
[2026.07.18-00.27.29:286][  0]LogTargetPlatformManager: Display: Loaded TargetPlatform 'WindowsNoEditor'
[2026.07.18-00.27.29:295][  0]LogTargetPlatformManager: Display: Loaded TargetPlatform 'Windows'
[2026.07.18-00.27.29:301][  0]LogTargetPlatformManager: Display: Loaded TargetPlatform 'WindowsClient'
[2026.07.18-00.27.29:307][  0]LogTargetPlatformManager: Display: Loaded TargetPlatform 'WindowsServer'
[2026.07.18-00.27.29:307][  0]LogTargetPlatformManager: Display: Building Assets For Windows
[2026.07.18-00.27.29:317][  0]LogAudioDebug: Display: Lib vorbis DLL was dynamically loaded.
[2026.07.18-00.27.29:363][  0]LogTextureFormatOodle: Display: Oodle Texture 2.9.0 init RDO Off
[2026.07.18-00.27.29:413][  0]LogRendererCore: Ray tracing is disabled. Reason: r.RayTracing=0.
[2026.07.18-00.27.29:413][  0]LogShaderCompilers: Guid format shader working directory is -2 characters bigger than the processId version (D:/LearnData/UnrealProject/UnrealLearn/UMGLearn/Intermediate/Shaders/WorkingDirectory/22536/).
[2026.07.18-00.27.29:413][  0]LogShaderCompilers: Cleaned the shader compiler working directory 'C:/Users/23932/AppData/Local/Temp/UnrealShaderWorkingDir/8D824B0847A2C1AA6F37078634463B45/'.
[2026.07.18-00.27.29:413][  0]LogXGEController: Cannot use XGE Controller as Incredibuild is not installed on this machine.
[2026.07.18-00.27.29:413][  0]LogShaderCompilers: Cannot use XGE Shader Compiler as Incredibuild is not installed on this machine.
[2026.07.18-00.27.29:413][  0]LogShaderCompilers: Display: Using Local Shader Compiler.
[2026.07.18-00.27.30:343][  0]LogDerivedDataCache: Display: Max Cache Size: 512 MB
[2026.07.18-00.27.30:414][  0]LogDerivedDataCache: Loaded boot cache 0.07s 94MB C:/Users/23932/AppData/Local/UnrealEngine/4.27/DerivedDataCache/Boot.ddc.
[2026.07.18-00.27.30:414][  0]LogDerivedDataCache: Display: Loaded Boot cache: C:/Users/23932/AppData/Local/UnrealEngine/4.27/DerivedDataCache/Boot.ddc
[2026.07.18-00.27.30:414][  0]LogDerivedDataCache: FDerivedDataBackendGraph:  Pak pak cache file D:/LearnData/UnrealProject/UnrealLearn/UMGLearn/DerivedDataCache/DDC.ddp not found, will not use a pak cache.
[2026.07.18-00.27.30:414][  0]LogDerivedDataCache: Unable to find inner node Pak for hierarchical cache Hierarchy.
[2026.07.18-00.27.30:414][  0]LogDerivedDataCache: FDerivedDataBackendGraph:  CompressedPak pak cache file D:/LearnData/UnrealProject/UnrealLearn/UMGLearn/DerivedDataCache/Compressed.ddp not found, will not use a pak cache.
[2026.07.18-00.27.30:414][  0]LogDerivedDataCache: Unable to find inner node CompressedPak for hierarchical cache Hierarchy.
[2026.07.18-00.27.30:433][  0]LogDerivedDataCache: Display: Pak cache opened for reading ../../../Engine/DerivedDataCache/Compressed.ddp.
[2026.07.18-00.27.30:433][  0]LogDerivedDataCache: FDerivedDataBackendGraph:  EnterprisePak pak cache file ../../../Enterprise/DerivedDataCache/Compressed.ddp not found, will not use a pak cache.
[2026.07.18-00.27.30:433][  0]LogDerivedDataCache: Unable to find inner node EnterprisePak for hierarchical cache Hierarchy.
[2026.07.18-00.27.30:447][  0]LogDerivedDataCache: Speed tests for C:/Users/23932/AppData/Local/UnrealEngine/Common/DerivedDataCache took 0.01 seconds
[2026.07.18-00.27.30:447][  0]LogDerivedDataCache: Display: Performance to C:/Users/23932/AppData/Local/UnrealEngine/Common/DerivedDataCache: Latency=0.03ms. RandomReadSpeed=1296.82MBs, RandomWriteSpeed=72.15MBs. Assigned SpeedClass 'Local'
[2026.07.18-00.27.30:449][  0]LogDerivedDataCache: Using Local data cache path C:/Users/23932/AppData/Local/UnrealEngine/Common/DerivedDataCache: Writable
[2026.07.18-00.27.30:449][  0]LogDerivedDataCache: Shared data cache path not found in *engine.ini, will not use an Shared cache.
[2026.07.18-00.27.30:449][  0]LogDerivedDataCache: Unable to find inner node Shared for hierarchical cache Hierarchy.
[2026.07.18-00.27.30:505][  0]LogSlate: Using FreeType 2.10.0
[2026.07.18-00.27.30:505][  0]LogSlate: SlateFontServices - WITH_FREETYPE: 1, WITH_HARFBUZZ: 1
[2026.07.18-00.27.30:536][  0]LogAssetRegistry: FAssetRegistry took 0.0030 seconds to start up
[2026.07.18-00.27.30:829][  0]LogInit: Selected Device Profile: [Windows]
[2026.07.18-00.27.30:829][  0]LogInit: Active device profile: [00000294525F0B00][000002944FC7E600 49] Windows
[2026.07.18-00.27.30:829][  0]LogInit: Profiles: [00000294525F0B00][000002944FC7E600 49] Windows, [00000294525BA100][000002944FB88740 49] WindowsNoEditor, [00000294525F1900][000002944FC88880 49] WindowsServer, [00000294525BAE00][000002944FC8C9C0 49] WindowsClient, [00000294525F3C00][000002944FDA0B40 49] IOS, [00000294525B8F00][000002944FDA4CC0 49] iPadAir, [00000294525F3E00][000002944FDA8E40 49] iPadAir2, [0000029452570C00][000002944FDB7100 49] IPadPro, [0000029452570D00][000002944FDAD140 49] iPadAir3, [00000294525BBB00][000002944FDC12C0 49] iPadAir4, [0000029452573600][000002944FDC5440 49] iPadMini2, [00000294525BB200][000002944FDC95C0 49] iPadMini3, [0000029452573800][000002944FDCD740 49] iPadMini4, [00000294525BB800][000002944FDD18C0 49] iPadMini5, [000002945257C600][000002944FDD9B80 49] iPhone6, [000002945257C700][000002944FDD5BC0 49] iPodTouch6, [00000294525F2900][000002944FDE0300 49] iPhone7, [00000294525F2800][000002944FDDC340 49] iPodTouch7, [000002945257C100][000002944FDE44C0 49] iPhone5S, [0000029452570700][000002944FDE8640 49] iPhone6Plus, [000002945257E500][000002944FD9C780 49] iPhone6S, [0000029452571300][000002944FDEC8C0 49] iPhone6SPlus, [000002945257FB00][000002944FDF0A00 49] iPhone7Plus, [0000029452573500][000002944FDF4B40 49] iPhoneSE, [00000294525F2600][000002944FDFCCC0 49] iPhone8, [0000029452570600][000002944FE00E40 49] iPhone8Plus, [00000294525F2200][000002944FE04FC0 49] iPhoneX, [0000029452573300][0000029450F6D140 49] iPhoneXS, [00000294525F3400][0000029450F712C0 49] iPhoneXSMax, [0000029452572D00][0000029450F75440 49] iPhoneXR, [00000294525F0200][0000029450F795C0 49] iPhone11, [0000029452571E00][0000029450F7D740 49] iPhone11Pro, [00000294525F2A00][0000029450F818C0 49] iPhone11ProMax, [0000029452573700][0000029450F85A40 49] iPhoneSE2, [00000294525F0D00][0000029450F89BC0 49] iPhone12Mini, [0000029452571F00][0000029450F8C1C0 49] iPhone12, [00000294525F0700][0000029450F90340 49] iPhone12Pro, [0000029452571400][0000029450F944C0 49] iPhone12ProMax, [00000294525F0C00][0000029450F98640 49] iPadPro105, [0000029452571700][0000029450F9C7C0 49] iPadPro129, [00000294525F0100][0000029450FA0940 49] iPadPro97, [0000029452573C00][000002944FDF8A80 49] iPadPro2_129, [00000294525F0800][0000029450FA4BC0 49] iPad5, [0000029452573100][0000029450FA8D00 49] iPad6, [00000294525F0500][0000029450FB0E80 49] iPad7, [0000029452572800][0000029450FB5000 49] iPad8, [00000294525F1500][0000029450FB9180 49] iPadPro11, [0000029452571500][0000029450FBD300 49] iPadPro2_11, [00000294525F0F00][0000029450FC1480 49] iPadPro3_129, [0000029452572C00][0000029450FC5600 49] iPadPro4_129, [00000294525F2500][0000029450FC9780 49] AppleTV, [0000029452571100][0000029450FCD900 49] AppleTV4K, [00000294525F0400][0000029450FD1A80 49] TVOS, [0000029452572600][0000029450FD5C00 49] Mac, [00000294525F3D00][0000029450FD8200 49] MacClient, [0000029452571800][0000029450FDC380 49] MacNoEditor, [00000294525F3100][0000029450FE0500 49] MacServer, [0000029452573900][0000029450FE4680 49] Linux, [00000294525F0900][00000294516B6800 49] LinuxAArch64, [0000029452573F00][00000294516BA980 49] LinuxNoEditor, [00000294525F1B00][00000294516BEB00 49] LinuxAArch64NoEditor, [0000029452573400][0000029450FACC40 49] LinuxClient, [00000294525F1C00][00000294516C2D80 49] LinuxAArch64Client, [0000029452571D00][00000294516C6EC0 49] LinuxServer, [00000294525F2F00][00000294516CF040 49] LinuxAArch64Server, [0000029452570500][00000294516D31C0 49] Android, [00000294525F1E00][00000294516D7340 49] Android_Low, [0000029452573000][00000294516DB4C0 49] Android_Mid, [00000294525F2400][00000294516DF640 49] Android_High, [0000029452570800][00000294516E37C0 49] Android_Default, [00000294525F3200][00000294516E7940 49] Android_Adreno4xx, [00000294525BA400][00000294516EBAC0 49] Android_Adreno5xx_Low, [000002945257DC00][00000294516EE0C0 49] Android_Adreno5xx, [00000294525BBD00][00000294516F2240 49] Android_Adreno6xx, [000002945257EB00][00000294516F63C0 49] Android_Adreno6xx_Vulkan, [00000294525BBE00][00000294516FA540 49] Android_Mali_T6xx, [000002945257CF00][00000294516FE6C0 49] Android_Mali_T7xx, [00000294525B9300][0000029451702840 49] Android_Mali_T8xx, [000002945257DF00][00000294517069C0 49] Android_Mali_G71, [00000294525B9C00][000002945170AB40 49] Android_Mali_G72, [000002945257E400][000002945170ECC0 49] Android_Mali_G72_Vulkan, [00000294525BB600][00000294516CAE00 49] Android_Mali_G76, [000002945257E100][0000029451712F40 49] Android_Mali_G76_Vulkan, [00000294525B9B00][0000029451717080 49] Android_Mali_G77, [000002945257CA00][000002945171B1C0 49] Android_Mali_G77_Vulkan, [00000294525BB400][0000029451723340 49] Android_Mali_G78, [000002945257D300][00000294517274C0 49] Android_Mali_G78_Vulkan, [00000294525BA900][000002945172B640 49] Android_Mali_G710, [000002945257FD00][000002945172F7C0 49] Android_Mali_G710_Vulkan, [00000294525B9E00][0000029451733940 49] Android_Vulkan_SM5, [000002945257C900][0000029451737AC0 49] Android_PowerVR_G6xxx, [00000294525B9F00][000002945173A0C0 49] Android_PowerVR_GT7xxx, [000002945257E700][000002945173E240 49] Android_PowerVR_GE8xxx, [00000294525BA300][00000294517423C0 49] Android_PowerVR_GM9xxx, [000002945257F200][0000029451746540 49] Android_PowerVR_GM9xxx_Vulkan, [00000294525BB000][000002945174A6C0 49] Android_TegraK1, [000002945257D700][0000029452926840 49] Android_Unknown_Vulkan, [00000294525BB700][000002945292A9C0 49] Lumin, [000002945257C200][000002945292EB40 49] Lumin_Desktop, [00000294525BA200][0000029452932CC0 49] HoloLens, 
[2026.07.18-00.27.30:998][  0]LogMeshReduction: Using QuadricMeshReduction for automatic static mesh reduction
[2026.07.18-00.27.30:998][  0]LogMeshReduction: Using SimplygonMeshReduction for automatic skeletal mesh reduction
[2026.07.18-00.27.30:998][  0]LogMeshReduction: Using ProxyLODMeshReduction for automatic mesh merging
[2026.07.18-00.27.30:998][  0]LogMeshReduction: No distributed automatic mesh merging module available
[2026.07.18-00.27.30:998][  0]LogMeshMerging: No distributed automatic mesh merging module available
[2026.07.18-00.27.31:018][  0]LogNetVersion: UMGLearn 1.0.0, NetCL: 17155196, EngineNetVer: 17, GameNetVer: 0 (Checksum: 3831741988)
[2026.07.18-00.27.31:521][  0]LogTexture: Default maximum texture size for cubemaps generated from long-lat sources has been changed from 512 to unlimited. In order to preserve old behaiour for '/Engine/MapTemplates/Sky/DaylightAmbientCubemap.DaylightAmbientCubemap', its maximum texture size has been explicitly set to 512.
[2026.07.18-00.27.31:590][  0]LogHMD: PokeAHoleMaterial loaded successfully
[2026.07.18-00.27.31:596][  0]LogUObjectArray: 17178 objects as part of root set at end of initial load.
[2026.07.18-00.27.31:596][  0]LogUObjectAllocator: 4302048 out of 0 bytes used by permanent object pool.
[2026.07.18-00.27.31:596][  0]LogUObjectArray: CloseDisregardForGC: 0/0 objects in disregard for GC pool
[2026.07.18-00.27.32:113][  0]LogNiagaraDebuggerClient: Niagara Debugger Client Initialized | Session: BD9FD6B44884667D6E8DEDA83321679D | Instance: 6D41C92D41759C1B5D2DF1AA6BD684B1 (MIU-22536).
[2026.07.18-00.27.32:164][  0]LogPython: Using Python 3.7.7
[2026.07.18-00.27.32:693][  0]LogUdpMessaging: Initializing bridge on interface 0.0.0.0:0 to multicast group 230.0.0.1:6666.
[2026.07.18-00.27.32:701][  0]LogTcpMessaging: Initializing TcpMessaging bridge
[2026.07.18-00.27.33:009][  0]SourceControl: Source control is disabled
[2026.07.18-00.27.33:009][  0]SourceControl: Source control is disabled
[2026.07.18-00.27.33:013][  0]SourceControl: Source control is disabled
[2026.07.18-00.27.33:018][  0]SourceControl: Source control is disabled
[2026.07.18-00.27.33:030][  0]SourceControl: Source control is disabled
[2026.07.18-00.27.33:035][  0]LogUProjectInfo: Found projects:
[2026.07.18-00.27.33:279][  0]LogOpenImageDenoise: OIDN starting up
[2026.07.18-00.27.33:298][  0]LogAndroidPermission: UAndroidPermissionCallbackProxy::GetInstance
[2026.07.18-00.27.33:331][  0]LogAudioCaptureCore: Display: No Audio Capture implementations found. Audio input will be silent.
[2026.07.18-00.27.33:332][  0]LogAudioCaptureCore: Display: No Audio Capture implementations found. Audio input will be silent.
[2026.07.18-00.27.33:483][  0]LogCollectionManager: Loaded 0 collections in 0.001583 seconds
[2026.07.18-00.27.33:522][  0]LogFileCache: Scanning file cache for directory 'D:/LearnData/UnrealProject/UnrealLearn/UMGLearn/Saved/Collections/' took 0.00s
[2026.07.18-00.27.33:522][  0]LogFileCache: Scanning file cache for directory 'D:/LearnData/UnrealProject/UnrealLearn/UMGLearn/Content/Developers/23932/Collections/' took 0.00s
[2026.07.18-00.27.33:522][  0]LogFileCache: Scanning file cache for directory 'D:/LearnData/UnrealProject/UnrealLearn/UMGLearn/Content/Collections/' took 0.00s
[2026.07.18-00.27.33:522][  0]LogOcInput: OculusInput pre-init called
[2026.07.18-00.27.33:817][  0]LogEngine: Initializing Engine...
[2026.07.18-00.27.33:820][  0]LogHMD: Failed to enumerate extensions. Please check that you have a valid OpenXR runtime installed.
[2026.07.18-00.27.33:820][  0]LogHMD: Failed to initialize OpenVR with code 110
[2026.07.18-00.27.33:820][  0]LogMagicLeap: Warning: VR disabled because ZI is not enabled.  To enable, in the editor, Edit -> Project Settings -> Plugins -> Magic Leap Plugin -> Enable Zero Iteration
[2026.07.18-00.27.33:821][  0]LogStats: UGameplayTagsManager::InitializeManager -  0.000 s
[2026.07.18-00.27.33:954][  0]LogInit: Initializing FReadOnlyCVARCache
[2026.07.18-00.27.33:965][  0]LogAIModule: Creating AISystem for world Untitled
[2026.07.18-00.27.33:966][  0]LogAudio: Display: Initializing Audio Device Manager...
[2026.07.18-00.27.33:970][  0]LogAudio: Display: Loading Default Audio Settings Objects...
[2026.07.18-00.27.33:971][  0]LogAudio: Display: No default SoundConcurrencyObject specified (or failed to load).
[2026.07.18-00.27.33:971][  0]LogAudio: Display: Audio Device Manager Initialized
[2026.07.18-00.27.33:971][  0]LogAudio: Display: Creating Audio Device:                 Id: 1, Scope: Shared, Realtime: True
[2026.07.18-00.27.33:972][  0]LogAudioMixer: Display: Audio Mixer Platform Settings:
[2026.07.18-00.27.33:972][  0]LogAudioMixer: Display: 	Sample Rate:						  48000
[2026.07.18-00.27.33:972][  0]LogAudioMixer: Display: 	Callback Buffer Frame Size Requested: 1024
[2026.07.18-00.27.33:972][  0]LogAudioMixer: Display: 	Callback Buffer Frame Size To Use:	  1024
[2026.07.18-00.27.33:972][  0]LogAudioMixer: Display: 	Number of buffers to queue:			  2
[2026.07.18-00.27.33:972][  0]LogAudioMixer: Display: 	Max Channels (voices):				  32
[2026.07.18-00.27.33:972][  0]LogAudioMixer: Display: 	Number of Async Source Workers:		  0
[2026.07.18-00.27.33:972][  0]LogAudio: Display: AudioDevice MaxSources: 32
[2026.07.18-00.27.33:972][  0]LogAudio: Display: Audio Spatialization Plugin: None (built-in).
[2026.07.18-00.27.33:972][  0]LogAudio: Display: Audio Reverb Plugin: None (built-in).
[2026.07.18-00.27.33:972][  0]LogAudio: Display: Audio Occlusion Plugin: None (built-in).
[2026.07.18-00.27.33:972][  0]LogAudioMixer: Display: Initializing audio mixer.
[2026.07.18-00.27.33:988][  0]LogAudioMixer: Display: 0: FrontLeft
[2026.07.18-00.27.33:988][  0]LogAudioMixer: Display: 1: FrontRight
[2026.07.18-00.27.34:012][  0]LogAudioMixer: Display: Using Audio Device 扬声器 (HECATE G1500)
[2026.07.18-00.27.34:017][  0]LogAudioMixer: Display: Initializing Sound Submixes...
[2026.07.18-00.27.34:021][  0]LogAudioMixer: Display: Creating Master Submix 'MasterSubmixDefault'
[2026.07.18-00.27.34:021][  0]LogAudioMixer: Display: Creating Master Submix 'MasterReverbSubmixDefault'
[2026.07.18-00.27.34:022][  0]LogAudioMixer: Display: Creating Master Submix 'MasterEQSubmixDefault'
[2026.07.18-00.27.34:022][  0]LogAudioMixer: FMixerPlatformXAudio2::StartAudioStream() called
[2026.07.18-00.27.34:022][  0]LogAudioMixer: Display: Output buffers initialized: Frames=1024, Channels=2, Samples=2048
[2026.07.18-00.27.34:023][  0]LogAudioMixer: Display: Starting AudioMixerPlatformInterface::RunInternal()
[2026.07.18-00.27.34:023][  0]LogAudioMixer: Display: FMixerPlatformXAudio2::SubmitBuffer() called for the first time
[2026.07.18-00.27.34:023][  0]LogInit: FAudioDevice initialized.
[2026.07.18-00.27.34:023][  0]LogAudio: Display: Audio Device (ID: 1) registered with world 'Untitled'.
[2026.07.18-00.27.34:023][  0]LogNetVersion: Set ProjectVersion to 1.0.0.0. Version Checksum will be recalculated on next use.
[2026.07.18-00.27.34:087][  0]LogDerivedDataCache: Saved boot cache 0.06s 94MB C:/Users/23932/AppData/Local/UnrealEngine/4.27/DerivedDataCache/Boot.ddc.
[2026.07.18-00.27.34:088][  0]LogInit: Texture streaming: Enabled
[2026.07.18-00.27.34:108][  0]LogAnalytics: Display: [UEEditor.Rocket.Release] APIServer = https://datarouter.ol.epicgames.com/. AppVersion = 4.27.2-18319896+++UE4+Release-4.27
[2026.07.18-00.27.34:115][  0]LogEngineSessionManager: EngineSessionManager initialized
[2026.07.18-00.27.34:115][  0]LogEditorSessionSummary: Verbose: Initializing EditorSessionSummaryWriter for editor session tracking
[2026.07.18-00.27.34:119][  0]LogEditorSessionSummary: EditorSessionSummaryWriter initialized
[2026.07.18-00.27.34:149][  0]LogInit: Transaction tracking system initialized
[2026.07.18-00.27.34:183][  0]BlueprintLog: New page: Editor Load
[2026.07.18-00.27.34:289][  0]LocalizationService: Localization service is disabled
[2026.07.18-00.27.34:323][  0]TimingProfiler: Initialize
[2026.07.18-00.27.34:323][  0]TimingProfiler: OnSessionChanged
[2026.07.18-00.27.34:323][  0]LoadingProfiler: Initialize
[2026.07.18-00.27.34:323][  0]LoadingProfiler: OnSessionChanged
[2026.07.18-00.27.34:323][  0]NetworkingProfiler: Initialize
[2026.07.18-00.27.34:323][  0]NetworkingProfiler: OnSessionChanged
[2026.07.18-00.27.34:323][  0]MemoryProfiler: Initialize
[2026.07.18-00.27.34:324][  0]MemoryProfiler: OnSessionChanged
[2026.07.18-00.27.34:535][  0]LogCook: Display: CookSettings for Memory: MemoryMaxUsedVirtual 0MiB, MemoryMaxUsedPhysical 16384MiB, MemoryMinFreeVirtual 0MiB, MemoryMinFreePhysical 1024MiB
[2026.07.18-00.27.34:535][  0]LogCook: Display: Mobile HDR setting 1
[2026.07.18-00.27.34:792][  0]LogFileCache: Scanning file cache for directory 'D:/LearnData/UnrealProject/UnrealLearn/UMGLearn/Content/' took 0.00s
[2026.07.18-00.27.35:022][  0]LogInit: Display: Engine is initialized. Leaving FEngineLoop::Init()
[2026.07.18-00.27.35:027][  0]SourceControl: Source control is disabled
[2026.07.18-00.27.35:027][  0]LogUnrealEdMisc: Loading editor; pre map load, took 8.879
[2026.07.18-00.27.35:030][  0]LogFactory: FactoryCreateFile: PackFactory with PackFactory (0 0 C:/Program Files/Epic Games/UE_4.27/FeaturePacks/StarterContent.upack)
[2026.07.18-00.27.35:030][  0]LogPakFile: PakFile PrimaryIndexSize=185
[2026.07.18-00.27.35:030][  0]LogPakFile: PakFile PathHashIndexSize=101
[2026.07.18-00.27.35:030][  0]LogPakFile: PakFile FullDirectoryIndexSize=148
[2026.07.18-00.27.35:053][  0]LogPackFactory: Finished extracting 8 files (including 0 errors).
[2026.07.18-00.27.35:055][  0]LogPackFactory: Copied "../../../Samples/StarterContent/Content/StarterContent/Architecture/Floor_400x400.uasset" to "D:/LearnData/UnrealProject/UnrealLearn/UMGLearn/Content/StarterContent/Architecture/Floor_400x400.uasset"
[2026.07.18-00.27.35:057][  0]LogPackFactory: Copied "../../../Samples/StarterContent/Content/StarterContent/Architecture/Pillar_50x500.uasset" to "D:/LearnData/UnrealProject/UnrealLearn/UMGLearn/Content/StarterContent/Architecture/Pillar_50x500.uasset"
[2026.07.18-00.27.35:059][  0]LogPackFactory: Copied "../../../Samples/StarterContent/Content/StarterContent/Architecture/SM_AssetPlatform.uasset" to "D:/LearnData/UnrealProject/UnrealLearn/UMGLearn/Content/StarterContent/Architecture/SM_AssetPlatform.uasset"
[2026.07.18-00.27.35:060][  0]LogPackFactory: Copied "../../../Samples/StarterContent/Content/StarterContent/Architecture/Wall_400x200.uasset" to "D:/LearnData/UnrealProject/UnrealLearn/UMGLearn/Content/StarterContent/Architecture/Wall_400x200.uasset"
[2026.07.18-00.27.35:061][  0]LogPackFactory: Copied "../../../Samples/StarterContent/Content/StarterContent/Architecture/Wall_400x300.uasset" to "D:/LearnData/UnrealProject/UnrealLearn/UMGLearn/Content/StarterContent/Architecture/Wall_400x300.uasset"
[2026.07.18-00.27.35:066][  0]LogPackFactory: Copied "../../../Samples/StarterContent/Content/StarterContent/Architecture/Wall_400x400.uasset" to "D:/LearnData/UnrealProject/UnrealLearn/UMGLearn/Content/StarterContent/Architecture/Wall_400x400.uasset"
[2026.07.18-00.27.35:068][  0]LogPackFactory: Copied "../../../Samples/StarterContent/Content/StarterContent/Architecture/Wall_500x500.uasset" to "D:/LearnData/UnrealProject/UnrealLearn/UMGLearn/Content/StarterContent/Architecture/Wall_500x500.uasset"
[2026.07.18-00.27.35:069][  0]LogPackFactory: Copied "../../../Samples/StarterContent/Content/StarterContent/Architecture/Wall_Door_400x300.uasset" to "D:/LearnData/UnrealProject/UnrealLearn/UMGLearn/Content/StarterContent/Architecture/Wall_Door_400x300.uasset"
[2026.07.18-00.27.35:070][  0]LogPackFactory: Copied "../../../Samples/StarterContent/Content/StarterContent/Architecture/Wall_Door_400x400.uasset" to "D:/LearnData/UnrealProject/UnrealLearn/UMGLearn/Content/StarterContent/Architecture/Wall_Door_400x400.uasset"
[2026.07.18-00.27.35:071][  0]LogPackFactory: Copied "../../../Samples/StarterContent/Content/StarterContent/Architecture/Wall_Window_400x300.uasset" to "D:/LearnData/UnrealProject/UnrealLearn/UMGLearn/Content/StarterContent/Architecture/Wall_Window_400x300.uasset"
[2026.07.18-00.27.35:072][  0]LogPackFactory: Copied "../../../Samples/StarterContent/Content/StarterContent/Architecture/Wall_Window_400x400.uasset" to "D:/LearnData/UnrealProject/UnrealLearn/UMGLearn/Content/StarterContent/Architecture/Wall_Window_400x400.uasset"
[2026.07.18-00.27.35:074][  0]LogPackFactory: Copied "../../../Samples/StarterContent/Content/StarterContent/Audio/Collapse01.uasset" to "D:/LearnData/UnrealProject/UnrealLearn/UMGLearn/Content/StarterContent/Audio/Collapse01.uasset"
[2026.07.18-00.27.35:076][  0]LogPackFactory: Copied "../../../Samples/StarterContent/Content/StarterContent/Audio/Collapse02.uasset" to "D:/LearnData/UnrealProject/UnrealLearn/UMGLearn/Content/StarterContent/Audio/Collapse02.uasset"
[2026.07.18-00.27.35:077][  0]LogPackFactory: Copied "../../../Samples/StarterContent/Content/StarterContent/Audio/Collapse_Cue.uasset" to "D:/LearnData/UnrealProject/UnrealLearn/UMGLearn/Content/StarterContent/Audio/Collapse_Cue.uasset"
[2026.07.18-00.27.35:079][  0]LogPackFactory: Copied "../../../Samples/StarterContent/Content/StarterContent/Audio/Explosion01.uasset" to "D:/LearnData/UnrealProject/UnrealLearn/UMGLearn/Content/StarterContent/Audio/Explosion01.uasset"
[2026.07.18-00.27.35:080][  0]LogPackFactory: Copied "../../../Samples/StarterContent/Content/StarterContent/Audio/Explosion02.uasset" to "D:/LearnData/UnrealProject/UnrealLearn/UMGLearn/Content/StarterContent/Audio/Explosion02.uasset"
[2026.07.18-00.27.35:102][  0]LogPackFactory: Copied "../../../Samples/StarterContent/Content/StarterContent/Audio/Explosion_Cue.uasset" to "D:/LearnData/UnrealProject/UnrealLearn/UMGLearn/Content/StarterContent/Audio/Explosion_Cue.uasset"
[2026.07.18-00.27.35:103][  0]LogPackFactory: Copied "../../../Samples/StarterContent/Content/StarterContent/Audio/Fire01.uasset" to "D:/LearnData/UnrealProject/UnrealLearn/UMGLearn/Content/StarterContent/Audio/Fire01.uasset"
[2026.07.18-00.27.35:104][  0]LogPackFactory: Copied "../../../Samples/StarterContent/Content/StarterContent/Audio/Fire01_Cue.uasset" to "D:/LearnData/UnrealProject/UnrealLearn/UMGLearn/Content/StarterContent/Audio/Fire01_Cue.uasset"
[2026.07.18-00.27.35:108][  0]LogPackFactory: Copied "../../../Samples/StarterContent/Content/StarterContent/Audio/Fire_Sparks01.uasset" to "D:/LearnData/UnrealProject/UnrealLearn/UMGLearn/Content/StarterContent/Audio/Fire_Sparks01.uasset"
[2026.07.18-00.27.35:109][  0]LogPackFactory: Copied "../../../Samples/StarterContent/Content/StarterContent/Audio/Fire_Sparks01_Cue.uasset" to "D:/LearnData/UnrealProject/UnrealLearn/UMGLearn/Content/StarterContent/Audio/Fire_Sparks01_Cue.uasset"
[2026.07.18-00.27.35:111][  0]LogPackFactory: Copied "../../../Samples/StarterContent/Content/StarterContent/Audio/Light01.uasset" to "D:/LearnData/UnrealProject/UnrealLearn/UMGLearn/Content/StarterContent/Audio/Light01.uasset"
[2026.07.18-00.27.35:112][  0]LogPackFactory: Copied "../../../Samples/StarterContent/Content/StarterContent/Audio/Light01_Cue.uasset" to "D:/LearnData/UnrealProject/UnrealLearn/UMGLearn/Content/StarterContent/Audio/Light01_Cue.uasset"
[2026.07.18-00.27.35:114][  0]LogPackFactory: Copied "../../../Samples/StarterContent/Content/StarterContent/Audio/Light02.uasset" to "D:/LearnData/UnrealProject/UnrealLearn/UMGLearn/Content/StarterContent/Audio/Light02.uasset"
[2026.07.18-00.27.35:114][  0]LogPackFactory: Copied "../../../Samples/StarterContent/Content/StarterContent/Audio/Light02_Cue.uasset" to "D:/LearnData/UnrealProject/UnrealLearn/UMGLearn/Content/StarterContent/Audio/Light02_Cue.uasset"
[2026.07.18-00.27.35:117][  0]LogPackFactory: Copied "../../../Samples/StarterContent/Content/StarterContent/Audio/Smoke01.uasset" to "D:/LearnData/UnrealProject/UnrealLearn/UMGLearn/Content/StarterContent/Audio/Smoke01.uasset"
[2026.07.18-00.27.35:118][  0]LogPackFactory: Copied "../../../Samples/StarterContent/Content/StarterContent/Audio/Smoke01_Cue.uasset" to "D:/LearnData/UnrealProject/UnrealLearn/UMGLearn/Content/StarterContent/Audio/Smoke01_Cue.uasset"
[2026.07.18-00.27.35:119][  0]LogPackFactory: Copied "../../../Samples/StarterContent/Content/StarterContent/Audio/Starter_Background_Cue.uasset" to "D:/LearnData/UnrealProject/UnrealLearn/UMGLearn/Content/StarterContent/Audio/Starter_Background_Cue.uasset"
[2026.07.18-00.27.35:131][  0]LogPackFactory: Copied "../../../Samples/StarterContent/Content/StarterContent/Audio/Starter_Birds01.uasset" to "D:/LearnData/UnrealProject/UnrealLearn/UMGLearn/Content/StarterContent/Audio/Starter_Birds01.uasset"
[2026.07.18-00.27.35:151][  0]LogPackFactory: Copied "../../../Samples/StarterContent/Content/StarterContent/Audio/Starter_Music01.uasset" to "D:/LearnData/UnrealProject/UnrealLearn/UMGLearn/Content/StarterContent/Audio/Starter_Music01.uasset"
[2026.07.18-00.27.35:152][  0]LogPackFactory: Copied "../../../Samples/StarterContent/Content/StarterContent/Audio/Starter_Music_Cue.uasset" to "D:/LearnData/UnrealProject/UnrealLearn/UMGLearn/Content/StarterContent/Audio/Starter_Music_Cue.uasset"
[2026.07.18-00.27.35:157][  0]LogPackFactory: Copied "../../../Samples/StarterContent/Content/StarterContent/Audio/Starter_Wind05.uasset" to "D:/LearnData/UnrealProject/UnrealLearn/UMGLearn/Content/StarterContent/Audio/Starter_Wind05.uasset"
[2026.07.18-00.27.35:164][  0]LogPackFactory: Copied "../../../Samples/StarterContent/Content/StarterContent/Audio/Starter_Wind06.uasset" to "D:/LearnData/UnrealProject/UnrealLearn/UMGLearn/Content/StarterContent/Audio/Starter_Wind06.uasset"
[2026.07.18-00.27.35:167][  0]LogPackFactory: Copied "../../../Samples/StarterContent/Content/StarterContent/Audio/Steam01.uasset" to "D:/LearnData/UnrealProject/UnrealLearn/UMGLearn/Content/StarterContent/Audio/Steam01.uasset"
[2026.07.18-00.27.35:168][  0]LogPackFactory: Copied "../../../Samples/StarterContent/Content/StarterContent/Audio/Steam01_Cue.uasset" to "D:/LearnData/UnrealProject/UnrealLearn/UMGLearn/Content/StarterContent/Audio/Steam01_Cue.uasset"
[2026.07.18-00.27.35:170][  0]LogPackFactory: Copied "../../../Samples/StarterContent/Content/StarterContent/Blueprints/Blueprint_CeilingLight.uasset" to "D:/LearnData/UnrealProject/UnrealLearn/UMGLearn/Content/StarterContent/Blueprints/Blueprint_CeilingLight.uasset"
[2026.07.18-00.27.35:171][  0]LogPackFactory: Copied "../../../Samples/StarterContent/Content/StarterContent/Blueprints/Blueprint_Effect_Explosion.uasset" to "D:/LearnData/UnrealProject/UnrealLearn/UMGLearn/Content/StarterContent/Blueprints/Blueprint_Effect_Explosion.uasset"
[2026.07.18-00.27.35:172][  0]LogPackFactory: Copied "../../../Samples/StarterContent/Content/StarterContent/Blueprints/Blueprint_Effect_Fire.uasset" to "D:/LearnData/UnrealProject/UnrealLearn/UMGLearn/Content/StarterContent/Blueprints/Blueprint_Effect_Fire.uasset"
[2026.07.18-00.27.35:173][  0]LogPackFactory: Copied "../../../Samples/StarterContent/Content/StarterContent/Blueprints/Blueprint_Effect_Smoke.uasset" to "D:/LearnData/UnrealProject/UnrealLearn/UMGLearn/Content/StarterContent/Blueprints/Blueprint_Effect_Smoke.uasset"
[2026.07.18-00.27.35:175][  0]LogPackFactory: Copied "../../../Samples/StarterContent/Content/StarterContent/Blueprints/Blueprint_Effect_Sparks.uasset" to "D:/LearnData/UnrealProject/UnrealLearn/UMGLearn/Content/StarterContent/Blueprints/Blueprint_Effect_Sparks.uasset"
[2026.07.18-00.27.35:176][  0]LogPackFactory: Copied "../../../Samples/StarterContent/Content/StarterContent/Blueprints/Blueprint_Effect_Steam.uasset" to "D:/LearnData/UnrealProject/UnrealLearn/UMGLearn/Content/StarterContent/Blueprints/Blueprint_Effect_Steam.uasset"
[2026.07.18-00.27.35:176][  0]LogPackFactory: Copied "../../../Samples/StarterContent/Content/StarterContent/Blueprints/Blueprint_WallSconce.uasset" to "D:/LearnData/UnrealProject/UnrealLearn/UMGLearn/Content/StarterContent/Blueprints/Blueprint_WallSconce.uasset"
[2026.07.18-00.27.35:187][  0]LogPackFactory: Copied "../../../Samples/StarterContent/Content/StarterContent/Blueprints/BP_LightStudio.uasset" to "D:/LearnData/UnrealProject/UnrealLearn/UMGLearn/Content/StarterContent/Blueprints/BP_LightStudio.uasset"
[2026.07.18-00.27.35:188][  0]LogPackFactory: Copied "../../../Samples/StarterContent/Content/StarterContent/Blueprints/Assets/FogBrightnessLUT.uasset" to "D:/LearnData/UnrealProject/UnrealLearn/UMGLearn/Content/StarterContent/Blueprints/Assets/FogBrightnessLUT.uasset"
[2026.07.18-00.27.35:190][  0]LogPackFactory: Copied "../../../Samples/StarterContent/Content/StarterContent/Blueprints/Assets/M_LightStage_Arrows.uasset" to "D:/LearnData/UnrealProject/UnrealLearn/UMGLearn/Content/StarterContent/Blueprints/Assets/M_LightStage_Arrows.uasset"
[2026.07.18-00.27.35:191][  0]LogPackFactory: Copied "../../../Samples/StarterContent/Content/StarterContent/Blueprints/Assets/M_LightStage_Skybox_Black.uasset" to "D:/LearnData/UnrealProject/UnrealLearn/UMGLearn/Content/StarterContent/Blueprints/Assets/M_LightStage_Skybox_Black.uasset"
[2026.07.18-00.27.35:193][  0]LogPackFactory: Copied "../../../Samples/StarterContent/Content/StarterContent/Blueprints/Assets/M_LightStage_Skybox_HDRI.uasset" to "D:/LearnData/UnrealProject/UnrealLearn/UMGLearn/Content/StarterContent/Blueprints/Assets/M_LightStage_Skybox_HDRI.uasset"
[2026.07.18-00.27.35:194][  0]LogPackFactory: Copied "../../../Samples/StarterContent/Content/StarterContent/Blueprints/Assets/M_LightStage_Skybox_Master.uasset" to "D:/LearnData/UnrealProject/UnrealLearn/UMGLearn/Content/StarterContent/Blueprints/Assets/M_LightStage_Skybox_Master.uasset"
[2026.07.18-00.27.35:195][  0]LogPackFactory: Copied "../../../Samples/StarterContent/Content/StarterContent/Blueprints/Assets/Skybox.uasset" to "D:/LearnData/UnrealProject/UnrealLearn/UMGLearn/Content/StarterContent/Blueprints/Assets/Skybox.uasset"
[2026.07.18-00.27.35:197][  0]LogPackFactory: Copied "../../../Samples/StarterContent/Content/StarterContent/Blueprints/Assets/SM_Arrows.uasset" to "D:/LearnData/UnrealProject/UnrealLearn/UMGLearn/Content/StarterContent/Blueprints/Assets/SM_Arrows.uasset"
[2026.07.18-00.27.35:198][  0]LogPackFactory: Copied "../../../Samples/StarterContent/Content/StarterContent/Blueprints/Assets/SunlightColorLUT.uasset" to "D:/LearnData/UnrealProject/UnrealLearn/UMGLearn/Content/StarterContent/Blueprints/Assets/SunlightColorLUT.uasset"
[2026.07.18-00.27.35:284][  0]LogPackFactory: Copied "../../../Samples/StarterContent/Content/StarterContent/HDRI/HDRI_Epic_Courtyard_Daylight.uasset" to "D:/LearnData/UnrealProject/UnrealLearn/UMGLearn/Content/StarterContent/HDRI/HDRI_Epic_Courtyard_Daylight.uasset"
[2026.07.18-00.27.35:285][  0]LogPackFactory: Copied "../../../Samples/StarterContent/Content/StarterContent/Maps/Advanced_Lighting.umap" to "D:/LearnData/UnrealProject/UnrealLearn/UMGLearn/Content/StarterContent/Maps/Advanced_Lighting.umap"
[2026.07.18-00.27.35:289][  0]LogPackFactory: Copied "../../../Samples/StarterContent/Content/StarterContent/Maps/Advanced_Lighting_BuiltData.uasset" to "D:/LearnData/UnrealProject/UnrealLearn/UMGLearn/Content/StarterContent/Maps/Advanced_Lighting_BuiltData.uasset"
[2026.07.18-00.27.35:291][  0]LogPackFactory: Copied "../../../Samples/StarterContent/Content/StarterContent/Maps/Minimal_Default.umap" to "D:/LearnData/UnrealProject/UnrealLearn/UMGLearn/Content/StarterContent/Maps/Minimal_Default.umap"
[2026.07.18-00.27.35:295][  0]LogPackFactory: Copied "../../../Samples/StarterContent/Content/StarterContent/Maps/Minimal_Default_BuiltData.uasset" to "D:/LearnData/UnrealProject/UnrealLearn/UMGLearn/Content/StarterContent/Maps/Minimal_Default_BuiltData.uasset"
[2026.07.18-00.27.35:298][  0]LogPackFactory: Copied "../../../Samples/StarterContent/Content/StarterContent/Maps/StarterMap.umap" to "D:/LearnData/UnrealProject/UnrealLearn/UMGLearn/Content/StarterContent/Maps/StarterMap.umap"
[2026.07.18-00.27.35:330][  0]LogPackFactory: Copied "../../../Samples/StarterContent/Content/StarterContent/Maps/StarterMap_BuiltData.uasset" to "D:/LearnData/UnrealProject/UnrealLearn/UMGLearn/Content/StarterContent/Maps/StarterMap_BuiltData.uasset"
[2026.07.18-00.27.35:332][  0]LogPackFactory: Copied "../../../Samples/StarterContent/Content/StarterContent/Materials/M_AssetPlatform.uasset" to "D:/LearnData/UnrealProject/UnrealLearn/UMGLearn/Content/StarterContent/Materials/M_AssetPlatform.uasset"
[2026.07.18-00.27.35:333][  0]LogPackFactory: Copied "../../../Samples/StarterContent/Content/StarterContent/Materials/M_Basic_Floor.uasset" to "D:/LearnData/UnrealProject/UnrealLearn/UMGLearn/Content/StarterContent/Materials/M_Basic_Floor.uasset"
[2026.07.18-00.27.35:335][  0]LogPackFactory: Copied "../../../Samples/StarterContent/Content/StarterContent/Materials/M_Basic_Wall.uasset" to "D:/LearnData/UnrealProject/UnrealLearn/UMGLearn/Content/StarterContent/Materials/M_Basic_Wall.uasset"
[2026.07.18-00.27.35:336][  0]LogPackFactory: Copied "../../../Samples/StarterContent/Content/StarterContent/Materials/M_Brick_Clay_Beveled.uasset" to "D:/LearnData/UnrealProject/UnrealLearn/UMGLearn/Content/StarterContent/Materials/M_Brick_Clay_Beveled.uasset"
[2026.07.18-00.27.35:338][  0]LogPackFactory: Copied "../../../Samples/StarterContent/Content/StarterContent/Materials/M_Brick_Clay_New.uasset" to "D:/LearnData/UnrealProject/UnrealLearn/UMGLearn/Content/StarterContent/Materials/M_Brick_Clay_New.uasset"
[2026.07.18-00.27.35:356][  0]LogPackFactory: Copied "../../../Samples/StarterContent/Content/StarterContent/Materials/M_Brick_Clay_Old.uasset" to "D:/LearnData/UnrealProject/UnrealLearn/UMGLearn/Content/StarterContent/Materials/M_Brick_Clay_Old.uasset"
[2026.07.18-00.27.35:357][  0]LogPackFactory: Copied "../../../Samples/StarterContent/Content/StarterContent/Materials/M_Brick_Cut_Stone.uasset" to "D:/LearnData/UnrealProject/UnrealLearn/UMGLearn/Content/StarterContent/Materials/M_Brick_Cut_Stone.uasset"
[2026.07.18-00.27.35:358][  0]LogPackFactory: Copied "../../../Samples/StarterContent/Content/StarterContent/Materials/M_Brick_Hewn_Stone.uasset" to "D:/LearnData/UnrealProject/UnrealLearn/UMGLearn/Content/StarterContent/Materials/M_Brick_Hewn_Stone.uasset"
[2026.07.18-00.27.35:361][  0]LogPackFactory: Copied "../../../Samples/StarterContent/Content/StarterContent/Materials/M_Ceramic_Tile_Checker.uasset" to "D:/LearnData/UnrealProject/UnrealLearn/UMGLearn/Content/StarterContent/Materials/M_Ceramic_Tile_Checker.uasset"
[2026.07.18-00.27.35:363][  0]LogPackFactory: Copied "../../../Samples/StarterContent/Content/StarterContent/Materials/M_CobbleStone_Pebble.uasset" to "D:/LearnData/UnrealProject/UnrealLearn/UMGLearn/Content/StarterContent/Materials/M_CobbleStone_Pebble.uasset"
[2026.07.18-00.27.35:364][  0]LogPackFactory: Copied "../../../Samples/StarterContent/Content/StarterContent/Materials/M_CobbleStone_Rough.uasset" to "D:/LearnData/UnrealProject/UnrealLearn/UMGLearn/Content/StarterContent/Materials/M_CobbleStone_Rough.uasset"
[2026.07.18-00.27.35:365][  0]LogPackFactory: Copied "../../../Samples/StarterContent/Content/StarterContent/Materials/M_CobbleStone_Smooth.uasset" to "D:/LearnData/UnrealProject/UnrealLearn/UMGLearn/Content/StarterContent/Materials/M_CobbleStone_Smooth.uasset"
[2026.07.18-00.27.35:366][  0]LogPackFactory: Copied "../../../Samples/StarterContent/Content/StarterContent/Materials/M_ColorGrid_LowSpec.uasset" to "D:/LearnData/UnrealProject/UnrealLearn/UMGLearn/Content/StarterContent/Materials/M_ColorGrid_LowSpec.uasset"
[2026.07.18-00.27.35:368][  0]LogPackFactory: Copied "../../../Samples/StarterContent/Content/StarterContent/Materials/M_Concrete_Grime.uasset" to "D:/LearnData/UnrealProject/UnrealLearn/UMGLearn/Content/StarterContent/Materials/M_Concrete_Grime.uasset"
[2026.07.18-00.27.35:370][  0]LogPackFactory: Copied "../../../Samples/StarterContent/Content/StarterContent/Materials/M_Concrete_Panels.uasset" to "D:/LearnData/UnrealProject/UnrealLearn/UMGLearn/Content/StarterContent/Materials/M_Concrete_Panels.uasset"
[2026.07.18-00.27.35:371][  0]LogPackFactory: Copied "../../../Samples/StarterContent/Content/StarterContent/Materials/M_Concrete_Poured.uasset" to "D:/LearnData/UnrealProject/UnrealLearn/UMGLearn/Content/StarterContent/Materials/M_Concrete_Poured.uasset"
[2026.07.18-00.27.35:373][  0]LogPackFactory: Copied "../../../Samples/StarterContent/Content/StarterContent/Materials/M_Concrete_Tiles.uasset" to "D:/LearnData/UnrealProject/UnrealLearn/UMGLearn/Content/StarterContent/Materials/M_Concrete_Tiles.uasset"
[2026.07.18-00.27.35:374][  0]LogPackFactory: Copied "../../../Samples/StarterContent/Content/StarterContent/Materials/M_Glass.uasset" to "D:/LearnData/UnrealProject/UnrealLearn/UMGLearn/Content/StarterContent/Materials/M_Glass.uasset"
[2026.07.18-00.27.35:375][  0]LogPackFactory: Copied "../../../Samples/StarterContent/Content/StarterContent/Materials/M_Ground_Grass.uasset" to "D:/LearnData/UnrealProject/UnrealLearn/UMGLearn/Content/StarterContent/Materials/M_Ground_Grass.uasset"
[2026.07.18-00.27.35:376][  0]LogPackFactory: Copied "../../../Samples/StarterContent/Content/StarterContent/Materials/M_Ground_Gravel.uasset" to "D:/LearnData/UnrealProject/UnrealLearn/UMGLearn/Content/StarterContent/Materials/M_Ground_Gravel.uasset"
[2026.07.18-00.27.35:378][  0]LogPackFactory: Copied "../../../Samples/StarterContent/Content/StarterContent/Materials/M_Ground_Moss.uasset" to "D:/LearnData/UnrealProject/UnrealLearn/UMGLearn/Content/StarterContent/Materials/M_Ground_Moss.uasset"
[2026.07.18-00.27.35:379][  0]LogPackFactory: Copied "../../../Samples/StarterContent/Content/StarterContent/Materials/M_Metal_Brushed_Nickel.uasset" to "D:/LearnData/UnrealProject/UnrealLearn/UMGLearn/Content/StarterContent/Materials/M_Metal_Brushed_Nickel.uasset"
[2026.07.18-00.27.35:380][  0]LogPackFactory: Copied "../../../Samples/StarterContent/Content/StarterContent/Materials/M_Metal_Burnished_Steel.uasset" to "D:/LearnData/UnrealProject/UnrealLearn/UMGLearn/Content/StarterContent/Materials/M_Metal_Burnished_Steel.uasset"
[2026.07.18-00.27.35:382][  0]LogPackFactory: Copied "../../../Samples/StarterContent/Content/StarterContent/Materials/M_Metal_Chrome.uasset" to "D:/LearnData/UnrealProject/UnrealLearn/UMGLearn/Content/StarterContent/Materials/M_Metal_Chrome.uasset"
[2026.07.18-00.27.35:383][  0]LogPackFactory: Copied "../../../Samples/StarterContent/Content/StarterContent/Materials/M_Metal_Copper.uasset" to "D:/LearnData/UnrealProject/UnrealLearn/UMGLearn/Content/StarterContent/Materials/M_Metal_Copper.uasset"
[2026.07.18-00.27.35:384][  0]LogPackFactory: Copied "../../../Samples/StarterContent/Content/StarterContent/Materials/M_Metal_Gold.uasset" to "D:/LearnData/UnrealProject/UnrealLearn/UMGLearn/Content/StarterContent/Materials/M_Metal_Gold.uasset"
[2026.07.18-00.27.35:387][  0]LogPackFactory: Copied "../../../Samples/StarterContent/Content/StarterContent/Materials/M_Metal_Rust.uasset" to "D:/LearnData/UnrealProject/UnrealLearn/UMGLearn/Content/StarterContent/Materials/M_Metal_Rust.uasset"
[2026.07.18-00.27.35:388][  0]LogPackFactory: Copied "../../../Samples/StarterContent/Content/StarterContent/Materials/M_Metal_Steel.uasset" to "D:/LearnData/UnrealProject/UnrealLearn/UMGLearn/Content/StarterContent/Materials/M_Metal_Steel.uasset"
[2026.07.18-00.27.35:390][  0]LogPackFactory: Copied "../../../Samples/StarterContent/Content/StarterContent/Materials/M_Rock_Basalt.uasset" to "D:/LearnData/UnrealProject/UnrealLearn/UMGLearn/Content/StarterContent/Materials/M_Rock_Basalt.uasset"
[2026.07.18-00.27.35:391][  0]LogPackFactory: Copied "../../../Samples/StarterContent/Content/StarterContent/Materials/M_Rock_Marble_Polished.uasset" to "D:/LearnData/UnrealProject/UnrealLearn/UMGLearn/Content/StarterContent/Materials/M_Rock_Marble_Polished.uasset"
[2026.07.18-00.27.35:398][  0]LogPackFactory: Copied "../../../Samples/StarterContent/Content/StarterContent/Materials/M_Rock_Sandstone.uasset" to "D:/LearnData/UnrealProject/UnrealLearn/UMGLearn/Content/StarterContent/Materials/M_Rock_Sandstone.uasset"
[2026.07.18-00.27.35:401][  0]LogPackFactory: Copied "../../../Samples/StarterContent/Content/StarterContent/Materials/M_Rock_Slate.uasset" to "D:/LearnData/UnrealProject/UnrealLearn/UMGLearn/Content/StarterContent/Materials/M_Rock_Slate.uasset"
[2026.07.18-00.27.35:402][  0]LogPackFactory: Copied "../../../Samples/StarterContent/Content/StarterContent/Materials/M_Tech_Checker_Dot.uasset" to "D:/LearnData/UnrealProject/UnrealLearn/UMGLearn/Content/StarterContent/Materials/M_Tech_Checker_Dot.uasset"
[2026.07.18-00.27.35:404][  0]LogPackFactory: Copied "../../../Samples/StarterContent/Content/StarterContent/Materials/M_Tech_Hex_Tile.uasset" to "D:/LearnData/UnrealProject/UnrealLearn/UMGLearn/Content/StarterContent/Materials/M_Tech_Hex_Tile.uasset"
[2026.07.18-00.27.35:405][  0]LogPackFactory: Copied "../../../Samples/StarterContent/Content/StarterContent/Materials/M_Tech_Hex_Tile_Pulse.uasset" to "D:/LearnData/UnrealProject/UnrealLearn/UMGLearn/Content/StarterContent/Materials/M_Tech_Hex_Tile_Pulse.uasset"
[2026.07.18-00.27.35:406][  0]LogPackFactory: Copied "../../../Samples/StarterContent/Content/StarterContent/Materials/M_Tech_Panel.uasset" to "D:/LearnData/UnrealProject/UnrealLearn/UMGLearn/Content/StarterContent/Materials/M_Tech_Panel.uasset"
[2026.07.18-00.27.35:408][  0]LogPackFactory: Copied "../../../Samples/StarterContent/Content/StarterContent/Materials/M_Water_Lake.uasset" to "D:/LearnData/UnrealProject/UnrealLearn/UMGLearn/Content/StarterContent/Materials/M_Water_Lake.uasset"
[2026.07.18-00.27.35:409][  0]LogPackFactory: Copied "../../../Samples/StarterContent/Content/StarterContent/Materials/M_Water_Ocean.uasset" to "D:/LearnData/UnrealProject/UnrealLearn/UMGLearn/Content/StarterContent/Materials/M_Water_Ocean.uasset"
[2026.07.18-00.27.35:410][  0]LogPackFactory: Copied "../../../Samples/StarterContent/Content/StarterContent/Materials/M_Wood_Floor_Walnut_Polished.uasset" to "D:/LearnData/UnrealProject/UnrealLearn/UMGLearn/Content/StarterContent/Materials/M_Wood_Floor_Walnut_Polished.uasset"
[2026.07.18-00.27.35:411][  0]LogPackFactory: Copied "../../../Samples/StarterContent/Content/StarterContent/Materials/M_Wood_Floor_Walnut_Worn.uasset" to "D:/LearnData/UnrealProject/UnrealLearn/UMGLearn/Content/StarterContent/Materials/M_Wood_Floor_Walnut_Worn.uasset"
[2026.07.18-00.27.35:414][  0]LogPackFactory: Copied "../../../Samples/StarterContent/Content/StarterContent/Materials/M_Wood_Oak.uasset" to "D:/LearnData/UnrealProject/UnrealLearn/UMGLearn/Content/StarterContent/Materials/M_Wood_Oak.uasset"
[2026.07.18-00.27.35:415][  0]LogPackFactory: Copied "../../../Samples/StarterContent/Content/StarterContent/Materials/M_Wood_Pine.uasset" to "D:/LearnData/UnrealProject/UnrealLearn/UMGLearn/Content/StarterContent/Materials/M_Wood_Pine.uasset"
[2026.07.18-00.27.35:416][  0]LogPackFactory: Copied "../../../Samples/StarterContent/Content/StarterContent/Materials/M_Wood_Walnut.uasset" to "D:/LearnData/UnrealProject/UnrealLearn/UMGLearn/Content/StarterContent/Materials/M_Wood_Walnut.uasset"
[2026.07.18-00.27.35:422][  0]LogPackFactory: Copied "../../../Samples/StarterContent/Content/StarterContent/Particles/P_Ambient_Dust.uasset" to "D:/LearnData/UnrealProject/UnrealLearn/UMGLearn/Content/StarterContent/Particles/P_Ambient_Dust.uasset"
[2026.07.18-00.27.35:424][  0]LogPackFactory: Copied "../../../Samples/StarterContent/Content/StarterContent/Particles/P_Explosion.uasset" to "D:/LearnData/UnrealProject/UnrealLearn/UMGLearn/Content/StarterContent/Particles/P_Explosion.uasset"
[2026.07.18-00.27.35:426][  0]LogPackFactory: Copied "../../../Samples/StarterContent/Content/StarterContent/Particles/P_Fire.uasset" to "D:/LearnData/UnrealProject/UnrealLearn/UMGLearn/Content/StarterContent/Particles/P_Fire.uasset"
[2026.07.18-00.27.35:427][  0]LogPackFactory: Copied "../../../Samples/StarterContent/Content/StarterContent/Particles/P_Smoke.uasset" to "D:/LearnData/UnrealProject/UnrealLearn/UMGLearn/Content/StarterContent/Particles/P_Smoke.uasset"
[2026.07.18-00.27.35:428][  0]LogPackFactory: Copied "../../../Samples/StarterContent/Content/StarterContent/Particles/P_Sparks.uasset" to "D:/LearnData/UnrealProject/UnrealLearn/UMGLearn/Content/StarterContent/Particles/P_Sparks.uasset"
[2026.07.18-00.27.35:429][  0]LogPackFactory: Copied "../../../Samples/StarterContent/Content/StarterContent/Particles/P_Steam_Lit.uasset" to "D:/LearnData/UnrealProject/UnrealLearn/UMGLearn/Content/StarterContent/Particles/P_Steam_Lit.uasset"
[2026.07.18-00.27.35:431][  0]LogPackFactory: Copied "../../../Samples/StarterContent/Content/StarterContent/Particles/Materials/M_Burst.uasset" to "D:/LearnData/UnrealProject/UnrealLearn/UMGLearn/Content/StarterContent/Particles/Materials/M_Burst.uasset"
[2026.07.18-00.27.35:432][  0]LogPackFactory: Copied "../../../Samples/StarterContent/Content/StarterContent/Particles/Materials/M_Dust_Particle.uasset" to "D:/LearnData/UnrealProject/UnrealLearn/UMGLearn/Content/StarterContent/Particles/Materials/M_Dust_Particle.uasset"
[2026.07.18-00.27.35:433][  0]LogPackFactory: Copied "../../../Samples/StarterContent/Content/StarterContent/Particles/Materials/M_explosion_subUV.uasset" to "D:/LearnData/UnrealProject/UnrealLearn/UMGLearn/Content/StarterContent/Particles/Materials/M_explosion_subUV.uasset"
[2026.07.18-00.27.35:434][  0]LogPackFactory: Copied "../../../Samples/StarterContent/Content/StarterContent/Particles/Materials/M_Fire_SubUV.uasset" to "D:/LearnData/UnrealProject/UnrealLearn/UMGLearn/Content/StarterContent/Particles/Materials/M_Fire_SubUV.uasset"
[2026.07.18-00.27.35:435][  0]LogPackFactory: Copied "../../../Samples/StarterContent/Content/StarterContent/Particles/Materials/m_flare_01.uasset" to "D:/LearnData/UnrealProject/UnrealLearn/UMGLearn/Content/StarterContent/Particles/Materials/m_flare_01.uasset"
[2026.07.18-00.27.35:437][  0]LogPackFactory: Copied "../../../Samples/StarterContent/Content/StarterContent/Particles/Materials/M_Heat_Distortion.uasset" to "D:/LearnData/UnrealProject/UnrealLearn/UMGLearn/Content/StarterContent/Particles/Materials/M_Heat_Distortion.uasset"
[2026.07.18-00.27.35:437][  0]LogPackFactory: Copied "../../../Samples/StarterContent/Content/StarterContent/Particles/Materials/M_Radial_Gradient.uasset" to "D:/LearnData/UnrealProject/UnrealLearn/UMGLearn/Content/StarterContent/Particles/Materials/M_Radial_Gradient.uasset"
[2026.07.18-00.27.35:439][  0]LogPackFactory: Copied "../../../Samples/StarterContent/Content/StarterContent/Particles/Materials/M_radial_ramp.uasset" to "D:/LearnData/UnrealProject/UnrealLearn/UMGLearn/Content/StarterContent/Particles/Materials/M_radial_ramp.uasset"
[2026.07.18-00.27.35:440][  0]LogPackFactory: Copied "../../../Samples/StarterContent/Content/StarterContent/Particles/Materials/M_smoke_subUV.uasset" to "D:/LearnData/UnrealProject/UnrealLearn/UMGLearn/Content/StarterContent/Particles/Materials/M_smoke_subUV.uasset"
[2026.07.18-00.27.35:442][  0]LogPackFactory: Copied "../../../Samples/StarterContent/Content/StarterContent/Particles/Materials/M_Spark.uasset" to "D:/LearnData/UnrealProject/UnrealLearn/UMGLearn/Content/StarterContent/Particles/Materials/M_Spark.uasset"
[2026.07.18-00.27.35:443][  0]LogPackFactory: Copied "../../../Samples/StarterContent/Content/StarterContent/Props/MaterialSphere.uasset" to "D:/LearnData/UnrealProject/UnrealLearn/UMGLearn/Content/StarterContent/Props/MaterialSphere.uasset"
[2026.07.18-00.27.35:444][  0]LogPackFactory: Copied "../../../Samples/StarterContent/Content/StarterContent/Props/SM_Bush.uasset" to "D:/LearnData/UnrealProject/UnrealLearn/UMGLearn/Content/StarterContent/Props/SM_Bush.uasset"
[2026.07.18-00.27.35:446][  0]LogPackFactory: Copied "../../../Samples/StarterContent/Content/StarterContent/Props/SM_Chair.uasset" to "D:/LearnData/UnrealProject/UnrealLearn/UMGLearn/Content/StarterContent/Props/SM_Chair.uasset"
[2026.07.18-00.27.35:447][  0]LogPackFactory: Copied "../../../Samples/StarterContent/Content/StarterContent/Props/SM_CornerFrame.uasset" to "D:/LearnData/UnrealProject/UnrealLearn/UMGLearn/Content/StarterContent/Props/SM_CornerFrame.uasset"
[2026.07.18-00.27.35:448][  0]LogPackFactory: Copied "../../../Samples/StarterContent/Content/StarterContent/Props/SM_Couch.uasset" to "D:/LearnData/UnrealProject/UnrealLearn/UMGLearn/Content/StarterContent/Props/SM_Couch.uasset"
[2026.07.18-00.27.35:450][  0]LogPackFactory: Copied "../../../Samples/StarterContent/Content/StarterContent/Props/SM_Door.uasset" to "D:/LearnData/UnrealProject/UnrealLearn/UMGLearn/Content/StarterContent/Props/SM_Door.uasset"
[2026.07.18-00.27.35:451][  0]LogPackFactory: Copied "../../../Samples/StarterContent/Content/StarterContent/Props/SM_DoorFrame.uasset" to "D:/LearnData/UnrealProject/UnrealLearn/UMGLearn/Content/StarterContent/Props/SM_DoorFrame.uasset"
[2026.07.18-00.27.35:453][  0]LogPackFactory: Copied "../../../Samples/StarterContent/Content/StarterContent/Props/SM_GlassWindow.uasset" to "D:/LearnData/UnrealProject/UnrealLearn/UMGLearn/Content/StarterContent/Props/SM_GlassWindow.uasset"
[2026.07.18-00.27.35:454][  0]LogPackFactory: Copied "../../../Samples/StarterContent/Content/StarterContent/Props/SM_Lamp_Ceiling.uasset" to "D:/LearnData/UnrealProject/UnrealLearn/UMGLearn/Content/StarterContent/Props/SM_Lamp_Ceiling.uasset"
[2026.07.18-00.27.35:455][  0]LogPackFactory: Copied "../../../Samples/StarterContent/Content/StarterContent/Props/SM_Lamp_Wall.uasset" to "D:/LearnData/UnrealProject/UnrealLearn/UMGLearn/Content/StarterContent/Props/SM_Lamp_Wall.uasset"
[2026.07.18-00.27.35:460][  0]LogPackFactory: Copied "../../../Samples/StarterContent/Content/StarterContent/Props/SM_MatPreviewMesh_02.uasset" to "D:/LearnData/UnrealProject/UnrealLearn/UMGLearn/Content/StarterContent/Props/SM_MatPreviewMesh_02.uasset"
[2026.07.18-00.27.35:461][  0]LogPackFactory: Copied "../../../Samples/StarterContent/Content/StarterContent/Props/SM_PillarFrame.uasset" to "D:/LearnData/UnrealProject/UnrealLearn/UMGLearn/Content/StarterContent/Props/SM_PillarFrame.uasset"
[2026.07.18-00.27.35:462][  0]LogPackFactory: Copied "../../../Samples/StarterContent/Content/StarterContent/Props/SM_PillarFrame300.uasset" to "D:/LearnData/UnrealProject/UnrealLearn/UMGLearn/Content/StarterContent/Props/SM_PillarFrame300.uasset"
[2026.07.18-00.27.35:463][  0]LogPackFactory: Copied "../../../Samples/StarterContent/Content/StarterContent/Props/SM_Rock.uasset" to "D:/LearnData/UnrealProject/UnrealLearn/UMGLearn/Content/StarterContent/Props/SM_Rock.uasset"
[2026.07.18-00.27.35:464][  0]LogPackFactory: Copied "../../../Samples/StarterContent/Content/StarterContent/Props/SM_Shelf.uasset" to "D:/LearnData/UnrealProject/UnrealLearn/UMGLearn/Content/StarterContent/Props/SM_Shelf.uasset"
[2026.07.18-00.27.35:465][  0]LogPackFactory: Copied "../../../Samples/StarterContent/Content/StarterContent/Props/SM_Stairs.uasset" to "D:/LearnData/UnrealProject/UnrealLearn/UMGLearn/Content/StarterContent/Props/SM_Stairs.uasset"
[2026.07.18-00.27.35:468][  0]LogPackFactory: Copied "../../../Samples/StarterContent/Content/StarterContent/Props/SM_Statue.uasset" to "D:/LearnData/UnrealProject/UnrealLearn/UMGLearn/Content/StarterContent/Props/SM_Statue.uasset"
[2026.07.18-00.27.35:469][  0]LogPackFactory: Copied "../../../Samples/StarterContent/Content/StarterContent/Props/SM_TableRound.uasset" to "D:/LearnData/UnrealProject/UnrealLearn/UMGLearn/Content/StarterContent/Props/SM_TableRound.uasset"
[2026.07.18-00.27.35:470][  0]LogPackFactory: Copied "../../../Samples/StarterContent/Content/StarterContent/Props/SM_WindowFrame.uasset" to "D:/LearnData/UnrealProject/UnrealLearn/UMGLearn/Content/StarterContent/Props/SM_WindowFrame.uasset"
[2026.07.18-00.27.35:472][  0]LogPackFactory: Copied "../../../Samples/StarterContent/Content/StarterContent/Props/Materials/M_Bush.uasset" to "D:/LearnData/UnrealProject/UnrealLearn/UMGLearn/Content/StarterContent/Props/Materials/M_Bush.uasset"
[2026.07.18-00.27.35:473][  0]LogPackFactory: Copied "../../../Samples/StarterContent/Content/StarterContent/Props/Materials/M_Chair.uasset" to "D:/LearnData/UnrealProject/UnrealLearn/UMGLearn/Content/StarterContent/Props/Materials/M_Chair.uasset"
[2026.07.18-00.27.35:474][  0]LogPackFactory: Copied "../../../Samples/StarterContent/Content/StarterContent/Props/Materials/M_Door.uasset" to "D:/LearnData/UnrealProject/UnrealLearn/UMGLearn/Content/StarterContent/Props/Materials/M_Door.uasset"
[2026.07.18-00.27.35:475][  0]LogPackFactory: Copied "../../../Samples/StarterContent/Content/StarterContent/Props/Materials/M_Frame.uasset" to "D:/LearnData/UnrealProject/UnrealLearn/UMGLearn/Content/StarterContent/Props/Materials/M_Frame.uasset"
[2026.07.18-00.27.35:476][  0]LogPackFactory: Copied "../../../Samples/StarterContent/Content/StarterContent/Props/Materials/M_Lamp.uasset" to "D:/LearnData/UnrealProject/UnrealLearn/UMGLearn/Content/StarterContent/Props/Materials/M_Lamp.uasset"
[2026.07.18-00.27.35:478][  0]LogPackFactory: Copied "../../../Samples/StarterContent/Content/StarterContent/Props/Materials/M_MaterialSphere.uasset" to "D:/LearnData/UnrealProject/UnrealLearn/UMGLearn/Content/StarterContent/Props/Materials/M_MaterialSphere.uasset"
[2026.07.18-00.27.35:479][  0]LogPackFactory: Copied "../../../Samples/StarterContent/Content/StarterContent/Props/Materials/M_MaterialSphere_Plain.uasset" to "D:/LearnData/UnrealProject/UnrealLearn/UMGLearn/Content/StarterContent/Props/Materials/M_MaterialSphere_Plain.uasset"
[2026.07.18-00.27.35:480][  0]LogPackFactory: Copied "../../../Samples/StarterContent/Content/StarterContent/Props/Materials/M_Rock.uasset" to "D:/LearnData/UnrealProject/UnrealLearn/UMGLearn/Content/StarterContent/Props/Materials/M_Rock.uasset"
[2026.07.18-00.27.35:481][  0]LogPackFactory: Copied "../../../Samples/StarterContent/Content/StarterContent/Props/Materials/M_Shelf.uasset" to "D:/LearnData/UnrealProject/UnrealLearn/UMGLearn/Content/StarterContent/Props/Materials/M_Shelf.uasset"
[2026.07.18-00.27.35:483][  0]LogPackFactory: Copied "../../../Samples/StarterContent/Content/StarterContent/Props/Materials/M_Statue.uasset" to "D:/LearnData/UnrealProject/UnrealLearn/UMGLearn/Content/StarterContent/Props/Materials/M_Statue.uasset"
[2026.07.18-00.27.35:484][  0]LogPackFactory: Copied "../../../Samples/StarterContent/Content/StarterContent/Props/Materials/M_StatueGlass.uasset" to "D:/LearnData/UnrealProject/UnrealLearn/UMGLearn/Content/StarterContent/Props/Materials/M_StatueGlass.uasset"
[2026.07.18-00.27.35:485][  0]LogPackFactory: Copied "../../../Samples/StarterContent/Content/StarterContent/Props/Materials/M_TableRound.uasset" to "D:/LearnData/UnrealProject/UnrealLearn/UMGLearn/Content/StarterContent/Props/Materials/M_TableRound.uasset"
[2026.07.18-00.27.35:486][  0]LogPackFactory: Copied "../../../Samples/StarterContent/Content/StarterContent/Shapes/Shape_Cone.uasset" to "D:/LearnData/UnrealProject/UnrealLearn/UMGLearn/Content/StarterContent/Shapes/Shape_Cone.uasset"
[2026.07.18-00.27.35:488][  0]LogPackFactory: Copied "../../../Samples/StarterContent/Content/StarterContent/Shapes/Shape_Cube.uasset" to "D:/LearnData/UnrealProject/UnrealLearn/UMGLearn/Content/StarterContent/Shapes/Shape_Cube.uasset"
[2026.07.18-00.27.35:489][  0]LogPackFactory: Copied "../../../Samples/StarterContent/Content/StarterContent/Shapes/Shape_Cylinder.uasset" to "D:/LearnData/UnrealProject/UnrealLearn/UMGLearn/Content/StarterContent/Shapes/Shape_Cylinder.uasset"
[2026.07.18-00.27.35:491][  0]LogPackFactory: Copied "../../../Samples/StarterContent/Content/StarterContent/Shapes/Shape_NarrowCapsule.uasset" to "D:/LearnData/UnrealProject/UnrealLearn/UMGLearn/Content/StarterContent/Shapes/Shape_NarrowCapsule.uasset"
[2026.07.18-00.27.35:491][  0]LogPackFactory: Copied "../../../Samples/StarterContent/Content/StarterContent/Shapes/Shape_Pipe.uasset" to "D:/LearnData/UnrealProject/UnrealLearn/UMGLearn/Content/StarterContent/Shapes/Shape_Pipe.uasset"
[2026.07.18-00.27.35:493][  0]LogPackFactory: Copied "../../../Samples/StarterContent/Content/StarterContent/Shapes/Shape_Pipe_180.uasset" to "D:/LearnData/UnrealProject/UnrealLearn/UMGLearn/Content/StarterContent/Shapes/Shape_Pipe_180.uasset"
[2026.07.18-00.27.35:494][  0]LogPackFactory: Copied "../../../Samples/StarterContent/Content/StarterContent/Shapes/Shape_Pipe_90.uasset" to "D:/LearnData/UnrealProject/UnrealLearn/UMGLearn/Content/StarterContent/Shapes/Shape_Pipe_90.uasset"
[2026.07.18-00.27.35:495][  0]LogPackFactory: Copied "../../../Samples/StarterContent/Content/StarterContent/Shapes/Shape_Plane.uasset" to "D:/LearnData/UnrealProject/UnrealLearn/UMGLearn/Content/StarterContent/Shapes/Shape_Plane.uasset"
[2026.07.18-00.27.35:497][  0]LogPackFactory: Copied "../../../Samples/StarterContent/Content/StarterContent/Shapes/Shape_QuadPyramid.uasset" to "D:/LearnData/UnrealProject/UnrealLearn/UMGLearn/Content/StarterContent/Shapes/Shape_QuadPyramid.uasset"
[2026.07.18-00.27.35:499][  0]LogPackFactory: Copied "../../../Samples/StarterContent/Content/StarterContent/Shapes/Shape_Sphere.uasset" to "D:/LearnData/UnrealProject/UnrealLearn/UMGLearn/Content/StarterContent/Shapes/Shape_Sphere.uasset"
[2026.07.18-00.27.35:501][  0]LogPackFactory: Copied "../../../Samples/StarterContent/Content/StarterContent/Shapes/Shape_Torus.uasset" to "D:/LearnData/UnrealProject/UnrealLearn/UMGLearn/Content/StarterContent/Shapes/Shape_Torus.uasset"
[2026.07.18-00.27.35:502][  0]LogPackFactory: Copied "../../../Samples/StarterContent/Content/StarterContent/Shapes/Shape_Trim.uasset" to "D:/LearnData/UnrealProject/UnrealLearn/UMGLearn/Content/StarterContent/Shapes/Shape_Trim.uasset"
[2026.07.18-00.27.35:503][  0]LogPackFactory: Copied "../../../Samples/StarterContent/Content/StarterContent/Shapes/Shape_Trim_90_In.uasset" to "D:/LearnData/UnrealProject/UnrealLearn/UMGLearn/Content/StarterContent/Shapes/Shape_Trim_90_In.uasset"
[2026.07.18-00.27.35:504][  0]LogPackFactory: Copied "../../../Samples/StarterContent/Content/StarterContent/Shapes/Shape_Trim_90_Out.uasset" to "D:/LearnData/UnrealProject/UnrealLearn/UMGLearn/Content/StarterContent/Shapes/Shape_Trim_90_Out.uasset"
[2026.07.18-00.27.35:505][  0]LogPackFactory: Copied "../../../Samples/StarterContent/Content/StarterContent/Shapes/Shape_TriPyramid.uasset" to "D:/LearnData/UnrealProject/UnrealLearn/UMGLearn/Content/StarterContent/Shapes/Shape_TriPyramid.uasset"
[2026.07.18-00.27.35:507][  0]LogPackFactory: Copied "../../../Samples/StarterContent/Content/StarterContent/Shapes/Shape_Tube.uasset" to "D:/LearnData/UnrealProject/UnrealLearn/UMGLearn/Content/StarterContent/Shapes/Shape_Tube.uasset"
[2026.07.18-00.27.35:508][  0]LogPackFactory: Copied "../../../Samples/StarterContent/Content/StarterContent/Shapes/Shape_Wedge_A.uasset" to "D:/LearnData/UnrealProject/UnrealLearn/UMGLearn/Content/StarterContent/Shapes/Shape_Wedge_A.uasset"
[2026.07.18-00.27.35:510][  0]LogPackFactory: Copied "../../../Samples/StarterContent/Content/StarterContent/Shapes/Shape_Wedge_B.uasset" to "D:/LearnData/UnrealProject/UnrealLearn/UMGLearn/Content/StarterContent/Shapes/Shape_Wedge_B.uasset"
[2026.07.18-00.27.35:511][  0]LogPackFactory: Copied "../../../Samples/StarterContent/Content/StarterContent/Shapes/Shape_WideCapsule.uasset" to "D:/LearnData/UnrealProject/UnrealLearn/UMGLearn/Content/StarterContent/Shapes/Shape_WideCapsule.uasset"
[2026.07.18-00.27.35:518][  0]LogPackFactory: Copied "../../../Samples/StarterContent/Content/StarterContent/Textures/T_Brick_Clay_Beveled_D.uasset" to "D:/LearnData/UnrealProject/UnrealLearn/UMGLearn/Content/StarterContent/Textures/T_Brick_Clay_Beveled_D.uasset"
[2026.07.18-00.27.35:540][  0]LogPackFactory: Copied "../../../Samples/StarterContent/Content/StarterContent/Textures/T_Brick_Clay_Beveled_M.uasset" to "D:/LearnData/UnrealProject/UnrealLearn/UMGLearn/Content/StarterContent/Textures/T_Brick_Clay_Beveled_M.uasset"
[2026.07.18-00.27.35:550][  0]LogPackFactory: Copied "../../../Samples/StarterContent/Content/StarterContent/Textures/T_Brick_Clay_Beveled_N.uasset" to "D:/LearnData/UnrealProject/UnrealLearn/UMGLearn/Content/StarterContent/Textures/T_Brick_Clay_Beveled_N.uasset"
[2026.07.18-00.27.35:558][  0]LogPackFactory: Copied "../../../Samples/StarterContent/Content/StarterContent/Textures/T_Brick_Clay_New_D.uasset" to "D:/LearnData/UnrealProject/UnrealLearn/UMGLearn/Content/StarterContent/Textures/T_Brick_Clay_New_D.uasset"
[2026.07.18-00.27.35:606][  0]LogPackFactory: Copied "../../../Samples/StarterContent/Content/StarterContent/Textures/T_Brick_Clay_New_M.uasset" to "D:/LearnData/UnrealProject/UnrealLearn/UMGLearn/Content/StarterContent/Textures/T_Brick_Clay_New_M.uasset"
[2026.07.18-00.27.35:615][  0]LogPackFactory: Copied "../../../Samples/StarterContent/Content/StarterContent/Textures/T_Brick_Clay_New_N.uasset" to "D:/LearnData/UnrealProject/UnrealLearn/UMGLearn/Content/StarterContent/Textures/T_Brick_Clay_New_N.uasset"
[2026.07.18-00.27.35:634][  0]LogPackFactory: Copied "../../../Samples/StarterContent/Content/StarterContent/Textures/T_Brick_Clay_Old_D.uasset" to "D:/LearnData/UnrealProject/UnrealLearn/UMGLearn/Content/StarterContent/Textures/T_Brick_Clay_Old_D.uasset"
[2026.07.18-00.27.35:642][  0]LogPackFactory: Copied "../../../Samples/StarterContent/Content/StarterContent/Textures/T_Brick_Clay_Old_N.uasset" to "D:/LearnData/UnrealProject/UnrealLearn/UMGLearn/Content/StarterContent/Textures/T_Brick_Clay_Old_N.uasset"
[2026.07.18-00.27.35:659][  0]LogPackFactory: Copied "../../../Samples/StarterContent/Content/StarterContent/Textures/T_Brick_Cut_Stone_D.uasset" to "D:/LearnData/UnrealProject/UnrealLearn/UMGLearn/Content/StarterContent/Textures/T_Brick_Cut_Stone_D.uasset"
[2026.07.18-00.27.35:667][  0]LogPackFactory: Copied "../../../Samples/StarterContent/Content/StarterContent/Textures/T_Brick_Cut_Stone_N.uasset" to "D:/LearnData/UnrealProject/UnrealLearn/UMGLearn/Content/StarterContent/Textures/T_Brick_Cut_Stone_N.uasset"
[2026.07.18-00.27.35:680][  0]LogPackFactory: Copied "../../../Samples/StarterContent/Content/StarterContent/Textures/T_Brick_Hewn_Stone_D.uasset" to "D:/LearnData/UnrealProject/UnrealLearn/UMGLearn/Content/StarterContent/Textures/T_Brick_Hewn_Stone_D.uasset"
[2026.07.18-00.27.35:688][  0]LogPackFactory: Copied "../../../Samples/StarterContent/Content/StarterContent/Textures/T_Brick_Hewn_Stone_M.uasset" to "D:/LearnData/UnrealProject/UnrealLearn/UMGLearn/Content/StarterContent/Textures/T_Brick_Hewn_Stone_M.uasset"
[2026.07.18-00.27.35:698][  0]LogPackFactory: Copied "../../../Samples/StarterContent/Content/StarterContent/Textures/T_Brick_Hewn_Stone_N.uasset" to "D:/LearnData/UnrealProject/UnrealLearn/UMGLearn/Content/StarterContent/Textures/T_Brick_Hewn_Stone_N.uasset"
[2026.07.18-00.27.35:699][  0]LogPackFactory: Copied "../../../Samples/StarterContent/Content/StarterContent/Textures/T_Burst_M.uasset" to "D:/LearnData/UnrealProject/UnrealLearn/UMGLearn/Content/StarterContent/Textures/T_Burst_M.uasset"
[2026.07.18-00.27.35:701][  0]LogPackFactory: Copied "../../../Samples/StarterContent/Content/StarterContent/Textures/T_Bush_D.uasset" to "D:/LearnData/UnrealProject/UnrealLearn/UMGLearn/Content/StarterContent/Textures/T_Bush_D.uasset"
[2026.07.18-00.27.35:703][  0]LogPackFactory: Copied "../../../Samples/StarterContent/Content/StarterContent/Textures/T_Bush_N.uasset" to "D:/LearnData/UnrealProject/UnrealLearn/UMGLearn/Content/StarterContent/Textures/T_Bush_N.uasset"
[2026.07.18-00.27.35:705][  0]LogPackFactory: Copied "../../../Samples/StarterContent/Content/StarterContent/Textures/T_Ceramic_Tile_M.uasset" to "D:/LearnData/UnrealProject/UnrealLearn/UMGLearn/Content/StarterContent/Textures/T_Ceramic_Tile_M.uasset"
[2026.07.18-00.27.35:707][  0]LogPackFactory: Copied "../../../Samples/StarterContent/Content/StarterContent/Textures/T_Ceramic_Tile_N.uasset" to "D:/LearnData/UnrealProject/UnrealLearn/UMGLearn/Content/StarterContent/Textures/T_Ceramic_Tile_N.uasset"
[2026.07.18-00.27.35:708][  0]LogPackFactory: Copied "../../../Samples/StarterContent/Content/StarterContent/Textures/T_Chair_M.uasset" to "D:/LearnData/UnrealProject/UnrealLearn/UMGLearn/Content/StarterContent/Textures/T_Chair_M.uasset"
[2026.07.18-00.27.35:711][  0]LogPackFactory: Copied "../../../Samples/StarterContent/Content/StarterContent/Textures/T_Chair_N.uasset" to "D:/LearnData/UnrealProject/UnrealLearn/UMGLearn/Content/StarterContent/Textures/T_Chair_N.uasset"
[2026.07.18-00.27.35:712][  0]LogPackFactory: Copied "../../../Samples/StarterContent/Content/StarterContent/Textures/T_Checker_Noise_M.uasset" to "D:/LearnData/UnrealProject/UnrealLearn/UMGLearn/Content/StarterContent/Textures/T_Checker_Noise_M.uasset"
[2026.07.18-00.27.35:722][  0]LogPackFactory: Copied "../../../Samples/StarterContent/Content/StarterContent/Textures/T_CobbleStone_Pebble_D.uasset" to "D:/LearnData/UnrealProject/UnrealLearn/UMGLearn/Content/StarterContent/Textures/T_CobbleStone_Pebble_D.uasset"
[2026.07.18-00.27.35:726][  0]LogPackFactory: Copied "../../../Samples/StarterContent/Content/StarterContent/Textures/T_CobbleStone_Pebble_M.uasset" to "D:/LearnData/UnrealProject/UnrealLearn/UMGLearn/Content/StarterContent/Textures/T_CobbleStone_Pebble_M.uasset"
[2026.07.18-00.27.35:739][  0]LogPackFactory: Copied "../../../Samples/StarterContent/Content/StarterContent/Textures/T_CobbleStone_Pebble_N.uasset" to "D:/LearnData/UnrealProject/UnrealLearn/UMGLearn/Content/StarterContent/Textures/T_CobbleStone_Pebble_N.uasset"
[2026.07.18-00.27.35:749][  0]LogPackFactory: Copied "../../../Samples/StarterContent/Content/StarterContent/Textures/T_CobbleStone_Rough_D.uasset" to "D:/LearnData/UnrealProject/UnrealLearn/UMGLearn/Content/StarterContent/Textures/T_CobbleStone_Rough_D.uasset"
[2026.07.18-00.27.35:753][  0]LogPackFactory: Copied "../../../Samples/StarterContent/Content/StarterContent/Textures/T_CobbleStone_Rough_N.uasset" to "D:/LearnData/UnrealProject/UnrealLearn/UMGLearn/Content/StarterContent/Textures/T_CobbleStone_Rough_N.uasset"
[2026.07.18-00.27.35:767][  0]LogPackFactory: Copied "../../../Samples/StarterContent/Content/StarterContent/Textures/T_CobbleStone_Smooth_D.uasset" to "D:/LearnData/UnrealProject/UnrealLearn/UMGLearn/Content/StarterContent/Textures/T_CobbleStone_Smooth_D.uasset"
[2026.07.18-00.27.35:782][  0]LogPackFactory: Copied "../../../Samples/StarterContent/Content/StarterContent/Textures/T_CobbleStone_Smooth_M.uasset" to "D:/LearnData/UnrealProject/UnrealLearn/UMGLearn/Content/StarterContent/Textures/T_CobbleStone_Smooth_M.uasset"
[2026.07.18-00.27.35:791][  0]LogPackFactory: Copied "../../../Samples/StarterContent/Content/StarterContent/Textures/T_CobbleStone_Smooth_N.uasset" to "D:/LearnData/UnrealProject/UnrealLearn/UMGLearn/Content/StarterContent/Textures/T_CobbleStone_Smooth_N.uasset"
[2026.07.18-00.27.35:804][  0]LogPackFactory: Copied "../../../Samples/StarterContent/Content/StarterContent/Textures/T_Concrete_Grime_D.uasset" to "D:/LearnData/UnrealProject/UnrealLearn/UMGLearn/Content/StarterContent/Textures/T_Concrete_Grime_D.uasset"
[2026.07.18-00.27.35:847][  0]LogPackFactory: Copied "../../../Samples/StarterContent/Content/StarterContent/Textures/T_Concrete_Panels_D.uasset" to "D:/LearnData/UnrealProject/UnrealLearn/UMGLearn/Content/StarterContent/Textures/T_Concrete_Panels_D.uasset"
[2026.07.18-00.27.35:854][  0]LogPackFactory: Copied "../../../Samples/StarterContent/Content/StarterContent/Textures/T_Concrete_Panels_N.uasset" to "D:/LearnData/UnrealProject/UnrealLearn/UMGLearn/Content/StarterContent/Textures/T_Concrete_Panels_N.uasset"
[2026.07.18-00.27.35:867][  0]LogPackFactory: Copied "../../../Samples/StarterContent/Content/StarterContent/Textures/T_Concrete_Poured_D.uasset" to "D:/LearnData/UnrealProject/UnrealLearn/UMGLearn/Content/StarterContent/Textures/T_Concrete_Poured_D.uasset"
[2026.07.18-00.27.35:876][  0]LogPackFactory: Copied "../../../Samples/StarterContent/Content/StarterContent/Textures/T_Concrete_Poured_N.uasset" to "D:/LearnData/UnrealProject/UnrealLearn/UMGLearn/Content/StarterContent/Textures/T_Concrete_Poured_N.uasset"
[2026.07.18-00.27.35:897][  0]LogPackFactory: Copied "../../../Samples/StarterContent/Content/StarterContent/Textures/T_Concrete_Tiles_D.uasset" to "D:/LearnData/UnrealProject/UnrealLearn/UMGLearn/Content/StarterContent/Textures/T_Concrete_Tiles_D.uasset"
[2026.07.18-00.27.35:905][  0]LogPackFactory: Copied "../../../Samples/StarterContent/Content/StarterContent/Textures/T_Concrete_Tiles_M.uasset" to "D:/LearnData/UnrealProject/UnrealLearn/UMGLearn/Content/StarterContent/Textures/T_Concrete_Tiles_M.uasset"
[2026.07.18-00.27.35:913][  0]LogPackFactory: Copied "../../../Samples/StarterContent/Content/StarterContent/Textures/T_Concrete_Tiles_N.uasset" to "D:/LearnData/UnrealProject/UnrealLearn/UMGLearn/Content/StarterContent/Textures/T_Concrete_Tiles_N.uasset"
[2026.07.18-00.27.35:914][  0]LogPackFactory: Copied "../../../Samples/StarterContent/Content/StarterContent/Textures/T_Concrete_Tiles_Variation_M.uasset" to "D:/LearnData/UnrealProject/UnrealLearn/UMGLearn/Content/StarterContent/Textures/T_Concrete_Tiles_Variation_M.uasset"
[2026.07.18-00.27.35:918][  0]LogPackFactory: Copied "../../../Samples/StarterContent/Content/StarterContent/Textures/T_Detail_Rocky_N.uasset" to "D:/LearnData/UnrealProject/UnrealLearn/UMGLearn/Content/StarterContent/Textures/T_Detail_Rocky_N.uasset"
[2026.07.18-00.27.35:921][  0]LogPackFactory: Copied "../../../Samples/StarterContent/Content/StarterContent/Textures/T_Door_M.uasset" to "D:/LearnData/UnrealProject/UnrealLearn/UMGLearn/Content/StarterContent/Textures/T_Door_M.uasset"
[2026.07.18-00.27.35:924][  0]LogPackFactory: Copied "../../../Samples/StarterContent/Content/StarterContent/Textures/T_Door_N.uasset" to "D:/LearnData/UnrealProject/UnrealLearn/UMGLearn/Content/StarterContent/Textures/T_Door_N.uasset"
[2026.07.18-00.27.35:925][  0]LogPackFactory: Copied "../../../Samples/StarterContent/Content/StarterContent/Textures/T_Dust_Particle_D.uasset" to "D:/LearnData/UnrealProject/UnrealLearn/UMGLearn/Content/StarterContent/Textures/T_Dust_Particle_D.uasset"
[2026.07.18-00.27.35:931][  0]LogPackFactory: Copied "../../../Samples/StarterContent/Content/StarterContent/Textures/T_Explosion_SubUV.uasset" to "D:/LearnData/UnrealProject/UnrealLearn/UMGLearn/Content/StarterContent/Textures/T_Explosion_SubUV.uasset"
[2026.07.18-00.27.35:933][  0]LogPackFactory: Copied "../../../Samples/StarterContent/Content/StarterContent/Textures/T_Fire_SubUV.uasset" to "D:/LearnData/UnrealProject/UnrealLearn/UMGLearn/Content/StarterContent/Textures/T_Fire_SubUV.uasset"
[2026.07.18-00.27.35:934][  0]LogPackFactory: Copied "../../../Samples/StarterContent/Content/StarterContent/Textures/T_Fire_Tiled_D.uasset" to "D:/LearnData/UnrealProject/UnrealLearn/UMGLearn/Content/StarterContent/Textures/T_Fire_Tiled_D.uasset"
[2026.07.18-00.27.35:936][  0]LogPackFactory: Copied "../../../Samples/StarterContent/Content/StarterContent/Textures/T_Frame_M.uasset" to "D:/LearnData/UnrealProject/UnrealLearn/UMGLearn/Content/StarterContent/Textures/T_Frame_M.uasset"
[2026.07.18-00.27.35:938][  0]LogPackFactory: Copied "../../../Samples/StarterContent/Content/StarterContent/Textures/T_Frame_N.uasset" to "D:/LearnData/UnrealProject/UnrealLearn/UMGLearn/Content/StarterContent/Textures/T_Frame_N.uasset"
[2026.07.18-00.27.35:939][  0]LogPackFactory: Copied "../../../Samples/StarterContent/Content/StarterContent/Textures/T_Gradinet_01.uasset" to "D:/LearnData/UnrealProject/UnrealLearn/UMGLearn/Content/StarterContent/Textures/T_Gradinet_01.uasset"
[2026.07.18-00.27.35:951][  0]LogPackFactory: Copied "../../../Samples/StarterContent/Content/StarterContent/Textures/T_Ground_Grass_D.uasset" to "D:/LearnData/UnrealProject/UnrealLearn/UMGLearn/Content/StarterContent/Textures/T_Ground_Grass_D.uasset"
[2026.07.18-00.27.35:964][  0]LogPackFactory: Copied "../../../Samples/StarterContent/Content/StarterContent/Textures/T_Ground_Grass_N.uasset" to "D:/LearnData/UnrealProject/UnrealLearn/UMGLearn/Content/StarterContent/Textures/T_Ground_Grass_N.uasset"
[2026.07.18-00.27.35:975][  0]LogPackFactory: Copied "../../../Samples/StarterContent/Content/StarterContent/Textures/T_Ground_Gravel_D.uasset" to "D:/LearnData/UnrealProject/UnrealLearn/UMGLearn/Content/StarterContent/Textures/T_Ground_Gravel_D.uasset"
[2026.07.18-00.27.35:991][  0]LogPackFactory: Copied "../../../Samples/StarterContent/Content/StarterContent/Textures/T_Ground_Gravel_N.uasset" to "D:/LearnData/UnrealProject/UnrealLearn/UMGLearn/Content/StarterContent/Textures/T_Ground_Gravel_N.uasset"
[2026.07.18-00.27.36:005][  0]LogPackFactory: Copied "../../../Samples/StarterContent/Content/StarterContent/Textures/T_ground_Moss_D.uasset" to "D:/LearnData/UnrealProject/UnrealLearn/UMGLearn/Content/StarterContent/Textures/T_ground_Moss_D.uasset"
[2026.07.18-00.27.36:017][  0]LogPackFactory: Copied "../../../Samples/StarterContent/Content/StarterContent/Textures/T_Ground_Moss_N.uasset" to "D:/LearnData/UnrealProject/UnrealLearn/UMGLearn/Content/StarterContent/Textures/T_Ground_Moss_N.uasset"
[2026.07.18-00.27.36:019][  0]LogPackFactory: Copied "../../../Samples/StarterContent/Content/StarterContent/Textures/T_Lamp_M.uasset" to "D:/LearnData/UnrealProject/UnrealLearn/UMGLearn/Content/StarterContent/Textures/T_Lamp_M.uasset"
[2026.07.18-00.27.36:022][  0]LogPackFactory: Copied "../../../Samples/StarterContent/Content/StarterContent/Textures/T_Lamp_N.uasset" to "D:/LearnData/UnrealProject/UnrealLearn/UMGLearn/Content/StarterContent/Textures/T_Lamp_N.uasset"
[2026.07.18-00.27.36:037][  0]LogPackFactory: Copied "../../../Samples/StarterContent/Content/StarterContent/Textures/T_MacroVariation.uasset" to "D:/LearnData/UnrealProject/UnrealLearn/UMGLearn/Content/StarterContent/Textures/T_MacroVariation.uasset"
[2026.07.18-00.27.36:092][  0]LogPackFactory: Copied "../../../Samples/StarterContent/Content/StarterContent/Textures/T_Metal_Aluminum_D.uasset" to "D:/LearnData/UnrealProject/UnrealLearn/UMGLearn/Content/StarterContent/Textures/T_Metal_Aluminum_D.uasset"
[2026.07.18-00.27.36:111][  0]LogPackFactory: Copied "../../../Samples/StarterContent/Content/StarterContent/Textures/T_Metal_Copper_D.uasset" to "D:/LearnData/UnrealProject/UnrealLearn/UMGLearn/Content/StarterContent/Textures/T_Metal_Copper_D.uasset"
[2026.07.18-00.27.36:131][  0]LogPackFactory: Copied "../../../Samples/StarterContent/Content/StarterContent/Textures/T_Metal_Gold_D.uasset" to "D:/LearnData/UnrealProject/UnrealLearn/UMGLearn/Content/StarterContent/Textures/T_Metal_Gold_D.uasset"
[2026.07.18-00.27.36:141][  0]LogPackFactory: Copied "../../../Samples/StarterContent/Content/StarterContent/Textures/T_Metal_Gold_N.uasset" to "D:/LearnData/UnrealProject/UnrealLearn/UMGLearn/Content/StarterContent/Textures/T_Metal_Gold_N.uasset"
[2026.07.18-00.27.36:154][  0]LogPackFactory: Copied "../../../Samples/StarterContent/Content/StarterContent/Textures/T_Metal_Rust_D.uasset" to "D:/LearnData/UnrealProject/UnrealLearn/UMGLearn/Content/StarterContent/Textures/T_Metal_Rust_D.uasset"
[2026.07.18-00.27.36:165][  0]LogPackFactory: Copied "../../../Samples/StarterContent/Content/StarterContent/Textures/T_Metal_Rust_N.uasset" to "D:/LearnData/UnrealProject/UnrealLearn/UMGLearn/Content/StarterContent/Textures/T_Metal_Rust_N.uasset"
[2026.07.18-00.27.36:171][  0]LogPackFactory: Copied "../../../Samples/StarterContent/Content/StarterContent/Textures/T_Metal_Steel_D.uasset" to "D:/LearnData/UnrealProject/UnrealLearn/UMGLearn/Content/StarterContent/Textures/T_Metal_Steel_D.uasset"
[2026.07.18-00.27.36:178][  0]LogPackFactory: Copied "../../../Samples/StarterContent/Content/StarterContent/Textures/T_Metal_Steel_N.uasset" to "D:/LearnData/UnrealProject/UnrealLearn/UMGLearn/Content/StarterContent/Textures/T_Metal_Steel_N.uasset"
[2026.07.18-00.27.36:188][  0]LogPackFactory: Copied "../../../Samples/StarterContent/Content/StarterContent/Textures/T_Perlin_Noise_M.uasset" to "D:/LearnData/UnrealProject/UnrealLearn/UMGLearn/Content/StarterContent/Textures/T_Perlin_Noise_M.uasset"
[2026.07.18-00.27.36:193][  0]LogPackFactory: Copied "../../../Samples/StarterContent/Content/StarterContent/Textures/T_RockMesh_M.uasset" to "D:/LearnData/UnrealProject/UnrealLearn/UMGLearn/Content/StarterContent/Textures/T_RockMesh_M.uasset"
[2026.07.18-00.27.36:199][  0]LogPackFactory: Copied "../../../Samples/StarterContent/Content/StarterContent/Textures/T_RockMesh_N.uasset" to "D:/LearnData/UnrealProject/UnrealLearn/UMGLearn/Content/StarterContent/Textures/T_RockMesh_N.uasset"
[2026.07.18-00.27.36:211][  0]LogPackFactory: Copied "../../../Samples/StarterContent/Content/StarterContent/Textures/T_Rock_Basalt_D.uasset" to "D:/LearnData/UnrealProject/UnrealLearn/UMGLearn/Content/StarterContent/Textures/T_Rock_Basalt_D.uasset"
[2026.07.18-00.27.36:221][  0]LogPackFactory: Copied "../../../Samples/StarterContent/Content/StarterContent/Textures/T_Rock_Basalt_N.uasset" to "D:/LearnData/UnrealProject/UnrealLearn/UMGLearn/Content/StarterContent/Textures/T_Rock_Basalt_N.uasset"
[2026.07.18-00.27.36:228][  0]LogPackFactory: Copied "../../../Samples/StarterContent/Content/StarterContent/Textures/T_Rock_Marble_Polished_D.uasset" to "D:/LearnData/UnrealProject/UnrealLearn/UMGLearn/Content/StarterContent/Textures/T_Rock_Marble_Polished_D.uasset"
[2026.07.18-00.27.36:238][  0]LogPackFactory: Copied "../../../Samples/StarterContent/Content/StarterContent/Textures/T_Rock_Sandstone_D.uasset" to "D:/LearnData/UnrealProject/UnrealLearn/UMGLearn/Content/StarterContent/Textures/T_Rock_Sandstone_D.uasset"
[2026.07.18-00.27.36:260][  0]LogPackFactory: Copied "../../../Samples/StarterContent/Content/StarterContent/Textures/T_Rock_Sandstone_N.uasset" to "D:/LearnData/UnrealProject/UnrealLearn/UMGLearn/Content/StarterContent/Textures/T_Rock_Sandstone_N.uasset"
[2026.07.18-00.27.36:275][  0]LogPackFactory: Copied "../../../Samples/StarterContent/Content/StarterContent/Textures/T_Rock_Slate_D.uasset" to "D:/LearnData/UnrealProject/UnrealLearn/UMGLearn/Content/StarterContent/Textures/T_Rock_Slate_D.uasset"
[2026.07.18-00.27.36:314][  0]LogPackFactory: Copied "../../../Samples/StarterContent/Content/StarterContent/Textures/T_Rock_Slate_N.uasset" to "D:/LearnData/UnrealProject/UnrealLearn/UMGLearn/Content/StarterContent/Textures/T_Rock_Slate_N.uasset"
[2026.07.18-00.27.36:324][  0]LogPackFactory: Copied "../../../Samples/StarterContent/Content/StarterContent/Textures/T_Rock_Smooth_Granite_D.uasset" to "D:/LearnData/UnrealProject/UnrealLearn/UMGLearn/Content/StarterContent/Textures/T_Rock_Smooth_Granite_D.uasset"
[2026.07.18-00.27.36:326][  0]LogPackFactory: Copied "../../../Samples/StarterContent/Content/StarterContent/Textures/T_Shelf_M.uasset" to "D:/LearnData/UnrealProject/UnrealLearn/UMGLearn/Content/StarterContent/Textures/T_Shelf_M.uasset"
[2026.07.18-00.27.36:330][  0]LogPackFactory: Copied "../../../Samples/StarterContent/Content/StarterContent/Textures/T_Shelf_N.uasset" to "D:/LearnData/UnrealProject/UnrealLearn/UMGLearn/Content/StarterContent/Textures/T_Shelf_N.uasset"
[2026.07.18-00.27.36:332][  0]LogPackFactory: Copied "../../../Samples/StarterContent/Content/StarterContent/Textures/T_Single_Tile_N.uasset" to "D:/LearnData/UnrealProject/UnrealLearn/UMGLearn/Content/StarterContent/Textures/T_Single_Tile_N.uasset"
[2026.07.18-00.27.36:335][  0]LogPackFactory: Copied "../../../Samples/StarterContent/Content/StarterContent/Textures/T_Smoke_SubUV.uasset" to "D:/LearnData/UnrealProject/UnrealLearn/UMGLearn/Content/StarterContent/Textures/T_Smoke_SubUV.uasset"
[2026.07.18-00.27.36:337][  0]LogPackFactory: Copied "../../../Samples/StarterContent/Content/StarterContent/Textures/T_Smoke_Tiled_D.uasset" to "D:/LearnData/UnrealProject/UnrealLearn/UMGLearn/Content/StarterContent/Textures/T_Smoke_Tiled_D.uasset"
[2026.07.18-00.27.36:339][  0]LogPackFactory: Copied "../../../Samples/StarterContent/Content/StarterContent/Textures/T_Spark_Core.uasset" to "D:/LearnData/UnrealProject/UnrealLearn/UMGLearn/Content/StarterContent/Textures/T_Spark_Core.uasset"
[2026.07.18-00.27.36:340][  0]LogPackFactory: Copied "../../../Samples/StarterContent/Content/StarterContent/Textures/T_Statue_M.uasset" to "D:/LearnData/UnrealProject/UnrealLearn/UMGLearn/Content/StarterContent/Textures/T_Statue_M.uasset"
[2026.07.18-00.27.36:342][  0]LogPackFactory: Copied "../../../Samples/StarterContent/Content/StarterContent/Textures/T_Statue_N.uasset" to "D:/LearnData/UnrealProject/UnrealLearn/UMGLearn/Content/StarterContent/Textures/T_Statue_N.uasset"
[2026.07.18-00.27.36:345][  0]LogPackFactory: Copied "../../../Samples/StarterContent/Content/StarterContent/Textures/T_TableRound_M.uasset" to "D:/LearnData/UnrealProject/UnrealLearn/UMGLearn/Content/StarterContent/Textures/T_TableRound_M.uasset"
[2026.07.18-00.27.36:348][  0]LogPackFactory: Copied "../../../Samples/StarterContent/Content/StarterContent/Textures/T_TableRound_N.uasset" to "D:/LearnData/UnrealProject/UnrealLearn/UMGLearn/Content/StarterContent/Textures/T_TableRound_N.uasset"
[2026.07.18-00.27.36:350][  0]LogPackFactory: Copied "../../../Samples/StarterContent/Content/StarterContent/Textures/T_Tech_Dot_M.uasset" to "D:/LearnData/UnrealProject/UnrealLearn/UMGLearn/Content/StarterContent/Textures/T_Tech_Dot_M.uasset"
[2026.07.18-00.27.36:352][  0]LogPackFactory: Copied "../../../Samples/StarterContent/Content/StarterContent/Textures/T_Tech_Dot_N.uasset" to "D:/LearnData/UnrealProject/UnrealLearn/UMGLearn/Content/StarterContent/Textures/T_Tech_Dot_N.uasset"
[2026.07.18-00.27.36:354][  0]LogPackFactory: Copied "../../../Samples/StarterContent/Content/StarterContent/Textures/T_Tech_Hex_Tile_M.uasset" to "D:/LearnData/UnrealProject/UnrealLearn/UMGLearn/Content/StarterContent/Textures/T_Tech_Hex_Tile_M.uasset"
[2026.07.18-00.27.36:355][  0]LogPackFactory: Copied "../../../Samples/StarterContent/Content/StarterContent/Textures/T_Tech_Hex_Tile_N.uasset" to "D:/LearnData/UnrealProject/UnrealLearn/UMGLearn/Content/StarterContent/Textures/T_Tech_Hex_Tile_N.uasset"
[2026.07.18-00.27.36:357][  0]LogPackFactory: Copied "../../../Samples/StarterContent/Content/StarterContent/Textures/T_Tech_Panel_M.uasset" to "D:/LearnData/UnrealProject/UnrealLearn/UMGLearn/Content/StarterContent/Textures/T_Tech_Panel_M.uasset"
[2026.07.18-00.27.36:361][  0]LogPackFactory: Copied "../../../Samples/StarterContent/Content/StarterContent/Textures/T_Tech_Panel_N.uasset" to "D:/LearnData/UnrealProject/UnrealLearn/UMGLearn/Content/StarterContent/Textures/T_Tech_Panel_N.uasset"
[2026.07.18-00.27.36:364][  0]LogPackFactory: Copied "../../../Samples/StarterContent/Content/StarterContent/Textures/T_Water_M.uasset" to "D:/LearnData/UnrealProject/UnrealLearn/UMGLearn/Content/StarterContent/Textures/T_Water_M.uasset"
[2026.07.18-00.27.36:369][  0]LogPackFactory: Copied "../../../Samples/StarterContent/Content/StarterContent/Textures/T_Water_N.uasset" to "D:/LearnData/UnrealProject/UnrealLearn/UMGLearn/Content/StarterContent/Textures/T_Water_N.uasset"
[2026.07.18-00.27.36:376][  0]LogPackFactory: Copied "../../../Samples/StarterContent/Content/StarterContent/Textures/T_Wood_Floor_Walnut_D.uasset" to "D:/LearnData/UnrealProject/UnrealLearn/UMGLearn/Content/StarterContent/Textures/T_Wood_Floor_Walnut_D.uasset"
[2026.07.18-00.27.36:381][  0]LogPackFactory: Copied "../../../Samples/StarterContent/Content/StarterContent/Textures/T_Wood_Floor_Walnut_M.uasset" to "D:/LearnData/UnrealProject/UnrealLearn/UMGLearn/Content/StarterContent/Textures/T_Wood_Floor_Walnut_M.uasset"
[2026.07.18-00.27.36:386][  0]LogPackFactory: Copied "../../../Samples/StarterContent/Content/StarterContent/Textures/T_Wood_Floor_Walnut_N.uasset" to "D:/LearnData/UnrealProject/UnrealLearn/UMGLearn/Content/StarterContent/Textures/T_Wood_Floor_Walnut_N.uasset"
[2026.07.18-00.27.36:394][  0]LogPackFactory: Copied "../../../Samples/StarterContent/Content/StarterContent/Textures/T_Wood_Oak_D.uasset" to "D:/LearnData/UnrealProject/UnrealLearn/UMGLearn/Content/StarterContent/Textures/T_Wood_Oak_D.uasset"
[2026.07.18-00.27.36:402][  0]LogPackFactory: Copied "../../../Samples/StarterContent/Content/StarterContent/Textures/T_Wood_Oak_N.uasset" to "D:/LearnData/UnrealProject/UnrealLearn/UMGLearn/Content/StarterContent/Textures/T_Wood_Oak_N.uasset"
[2026.07.18-00.27.36:416][  0]LogPackFactory: Copied "../../../Samples/StarterContent/Content/StarterContent/Textures/T_Wood_Pine_D.uasset" to "D:/LearnData/UnrealProject/UnrealLearn/UMGLearn/Content/StarterContent/Textures/T_Wood_Pine_D.uasset"
[2026.07.18-00.27.36:422][  0]LogPackFactory: Copied "../../../Samples/StarterContent/Content/StarterContent/Textures/T_Wood_Pine_N.uasset" to "D:/LearnData/UnrealProject/UnrealLearn/UMGLearn/Content/StarterContent/Textures/T_Wood_Pine_N.uasset"
[2026.07.18-00.27.36:430][  0]LogPackFactory: Copied "../../../Samples/StarterContent/Content/StarterContent/Textures/T_Wood_Walnut_D.uasset" to "D:/LearnData/UnrealProject/UnrealLearn/UMGLearn/Content/StarterContent/Textures/T_Wood_Walnut_D.uasset"
[2026.07.18-00.27.36:436][  0]LogPackFactory: Copied "../../../Samples/StarterContent/Content/StarterContent/Textures/T_Wood_Walnut_N.uasset" to "D:/LearnData/UnrealProject/UnrealLearn/UMGLearn/Content/StarterContent/Textures/T_Wood_Walnut_N.uasset"
[2026.07.18-00.27.36:444][  0]LogStaticMesh: Building static mesh Floor_400x400...
[2026.07.18-00.27.36:446][  0]LogStaticMesh: Built static mesh [0.00s] /Game/StarterContent/Architecture/Floor_400x400.Floor_400x400
[2026.07.18-00.27.36:484][  0]LogRenderer: Reallocating scene render targets to support 256x256 Format 10 NumSamples 1 (Frame:1).
[2026.07.18-00.27.36:514][  0]Cmd: OBJ SAVEPACKAGE PACKAGE="/Game/StarterContent/Architecture/Floor_400x400" FILE="D:/LearnData/UnrealProject/UnrealLearn/UMGLearn/Content/StarterContent/Architecture/Floor_400x400.uasset" SILENT=true
[2026.07.18-00.27.36:521][  0]LogSavePackage: Moving 'D:/LearnData/UnrealProject/UnrealLearn/UMGLearn/Saved/Floor_400x4000A332F6646FE0410BB1AA89E1A7955A3.tmp' to 'D:/LearnData/UnrealProject/UnrealLearn/UMGLearn/Content/StarterContent/Architecture/Floor_400x400.uasset'
[2026.07.18-00.27.36:522][  0]LogFeaturePack: Warning: Inserted 1 feature packs
[2026.07.18-00.27.36:523][  0]Cmd: MAP LOAD FILE="D:/LearnData/UnrealProject/UnrealLearn/UMGLearn/Content/ThirdPersonBP/Maps/ThirdPersonExampleMap.umap" TEMPLATE=0 SHOWPROGRESS=1 FEATURELEVEL=3
[2026.07.18-00.27.36:523][  0]LightingResults: New page: Lighting Build
[2026.07.18-00.27.36:524][  0]LogWorld: UWorld::CleanupWorld for Untitled, bSessionEnded=true, bCleanupResources=true
[2026.07.18-00.27.36:525][  0]LogSlate: InvalidateAllWidgets triggered.  All widgets were invalidated
[2026.07.18-00.27.36:525][  0]MapCheck: New page: Map Check
[2026.07.18-00.27.36:525][  0]LightingResults: New page: Lighting Build
[2026.07.18-00.27.36:529][  0]LogAudio: Display: Audio Device unregistered from world 'None'.
[2026.07.18-00.27.36:532][  0]LogUObjectHash: Compacting FUObjectHashTables data took   0.74ms
[2026.07.18-00.27.36:791][  0]LogAudio: Display: Audio Device (ID: 1) registered with world 'ThirdPersonExampleMap'.
[2026.07.18-00.27.36:792][  0]LogAIModule: Creating AISystem for world ThirdPersonExampleMap
[2026.07.18-00.27.36:800][  0]LogEditorServer: Finished looking for orphan Actors (0.000 secs)
[2026.07.18-00.27.36:808][  0]LogUObjectHash: Compacting FUObjectHashTables data took   1.10ms
[2026.07.18-00.27.36:810][  0]Cmd: MAP CHECKDEP NOCLEARLOG
[2026.07.18-00.27.36:811][  0]MapCheck: Map check complete: 0 Error(s), 0 Warning(s), took 0.163ms to complete.
[2026.07.18-00.27.36:811][  0]LogFileHelpers: Loading map 'ThirdPersonExampleMap' took 0.288
[2026.07.18-00.27.36:813][  0]LogUnrealEdMisc: Total Editor Startup Time, took 10.665
[2026.07.18-00.27.36:910][  0]LogSlate: Updating window title bar state: overlay mode, drag disabled, window buttons hidden, title bar hidden
[2026.07.18-00.27.36:914][  0]LogSlate: Updating window title bar state: overlay mode, drag disabled, window buttons hidden, title bar hidden
[2026.07.18-00.27.36:920][  0]LogSlate: Updating window title bar state: overlay mode, drag disabled, window buttons hidden, title bar hidden
[2026.07.18-00.27.36:927][  0]LogSlate: Updating window title bar state: overlay mode, drag disabled, window buttons hidden, title bar hidden
[2026.07.18-00.27.36:943][  0]LogNativeClassHierarchy: Verbose: Native class hierarchy populated in 0.0116 seconds. Added 3822 classes and 928 folders.
[2026.07.18-00.27.36:946][  0]LogNativeClassHierarchy: Verbose: Native class hierarchy updated for 'WidgetCarousel' in 0.0004 seconds. Added 0 classes and 0 folders.
[2026.07.18-00.27.36:947][  0]LogPakFile: PakFile PrimaryIndexSize=187
[2026.07.18-00.27.36:948][  0]LogPakFile: PakFile PathHashIndexSize=101
[2026.07.18-00.27.36:948][  0]LogPakFile: PakFile FullDirectoryIndexSize=148
[2026.07.18-00.27.36:948][  0]LogShaderLibrary: Display: ShaderCodeLibraryPakFileMountedCallback: PakFile 'C:/Program Files/Epic Games/UE_4.27/FeaturePacks/FP_FirstPerson.upack' (chunk index -1, root 'root:/') mounted
[2026.07.18-00.27.36:948][  0]LogShaderLibrary: Display: ShaderCodeLibraryPakFileMountedCallback: pending pak file info (ChunkID:-1 Root:root:/ File:C:/Program Files/Epic Games/UE_4.27/FeaturePacks/FP_FirstPerson.upack)
[2026.07.18-00.27.36:948][  0]LogPakFile: OnPakFileMounted2Time == 0.000068
[2026.07.18-00.27.36:948][  0]LogPakFile: PakFile PrimaryIndexSize=189
[2026.07.18-00.27.36:948][  0]LogPakFile: PakFile PathHashIndexSize=101
[2026.07.18-00.27.36:948][  0]LogPakFile: PakFile FullDirectoryIndexSize=152
[2026.07.18-00.27.36:948][  0]LogShaderLibrary: Display: ShaderCodeLibraryPakFileMountedCallback: PakFile 'C:/Program Files/Epic Games/UE_4.27/FeaturePacks/FP_FirstPersonBP.upack' (chunk index -1, root 'root:/') mounted
[2026.07.18-00.27.36:948][  0]LogShaderLibrary: Display: ShaderCodeLibraryPakFileMountedCallback: pending pak file info (ChunkID:-1 Root:root:/ File:C:/Program Files/Epic Games/UE_4.27/FeaturePacks/FP_FirstPersonBP.upack)
[2026.07.18-00.27.36:948][  0]LogPakFile: OnPakFileMounted2Time == 0.000059
[2026.07.18-00.27.36:949][  0]LogPakFile: PakFile PrimaryIndexSize=191
[2026.07.18-00.27.36:949][  0]LogPakFile: PakFile PathHashIndexSize=101
[2026.07.18-00.27.36:949][  0]LogPakFile: PakFile FullDirectoryIndexSize=160
[2026.07.18-00.27.36:949][  0]LogShaderLibrary: Display: ShaderCodeLibraryPakFileMountedCallback: PakFile 'C:/Program Files/Epic Games/UE_4.27/FeaturePacks/MobileStarterContent.upack' (chunk index -1, root 'root:/') mounted
[2026.07.18-00.27.36:949][  0]LogShaderLibrary: Display: ShaderCodeLibraryPakFileMountedCallback: pending pak file info (ChunkID:-1 Root:root:/ File:C:/Program Files/Epic Games/UE_4.27/FeaturePacks/MobileStarterContent.upack)
[2026.07.18-00.27.36:949][  0]LogPakFile: OnPakFileMounted2Time == 0.000054
[2026.07.18-00.27.36:950][  0]LogPakFile: PakFile PrimaryIndexSize=185
[2026.07.18-00.27.36:950][  0]LogPakFile: PakFile PathHashIndexSize=101
[2026.07.18-00.27.36:950][  0]LogPakFile: PakFile FullDirectoryIndexSize=148
[2026.07.18-00.27.36:950][  0]LogShaderLibrary: Display: ShaderCodeLibraryPakFileMountedCallback: PakFile 'C:/Program Files/Epic Games/UE_4.27/FeaturePacks/StarterContent.upack' (chunk index -1, root 'root:/') mounted
[2026.07.18-00.27.36:950][  0]LogShaderLibrary: Display: ShaderCodeLibraryPakFileMountedCallback: pending pak file info (ChunkID:-1 Root:root:/ File:C:/Program Files/Epic Games/UE_4.27/FeaturePacks/StarterContent.upack)
[2026.07.18-00.27.36:950][  0]LogPakFile: OnPakFileMounted2Time == 0.000046
[2026.07.18-00.27.36:950][  0]LogPakFile: PakFile PrimaryIndexSize=190
[2026.07.18-00.27.36:950][  0]LogPakFile: PakFile PathHashIndexSize=101
[2026.07.18-00.27.36:950][  0]LogPakFile: PakFile FullDirectoryIndexSize=154
[2026.07.18-00.27.36:950][  0]LogShaderLibrary: Display: ShaderCodeLibraryPakFileMountedCallback: PakFile 'C:/Program Files/Epic Games/UE_4.27/FeaturePacks/TP_2DSideScroller.upack' (chunk index -1, root 'root:/') mounted
[2026.07.18-00.27.36:950][  0]LogShaderLibrary: Display: ShaderCodeLibraryPakFileMountedCallback: pending pak file info (ChunkID:-1 Root:root:/ File:C:/Program Files/Epic Games/UE_4.27/FeaturePacks/TP_2DSideScroller.upack)
[2026.07.18-00.27.36:950][  0]LogPakFile: OnPakFileMounted2Time == 0.000044
[2026.07.18-00.27.36:951][  0]LogPakFile: PakFile PrimaryIndexSize=192
[2026.07.18-00.27.36:951][  0]LogPakFile: PakFile PathHashIndexSize=101
[2026.07.18-00.27.36:951][  0]LogPakFile: PakFile FullDirectoryIndexSize=158
[2026.07.18-00.27.36:951][  0]LogShaderLibrary: Display: ShaderCodeLibraryPakFileMountedCallback: PakFile 'C:/Program Files/Epic Games/UE_4.27/FeaturePacks/TP_2DSideScrollerBP.upack' (chunk index -1, root 'root:/') mounted
[2026.07.18-00.27.36:951][  0]LogShaderLibrary: Display: ShaderCodeLibraryPakFileMountedCallback: pending pak file info (ChunkID:-1 Root:root:/ File:C:/Program Files/Epic Games/UE_4.27/FeaturePacks/TP_2DSideScrollerBP.upack)
[2026.07.18-00.27.36:951][  0]LogPakFile: OnPakFileMounted2Time == 0.000061
[2026.07.18-00.27.36:952][  0]LogPakFile: PakFile PrimaryIndexSize=182
[2026.07.18-00.27.36:952][  0]LogPakFile: PakFile PathHashIndexSize=101
[2026.07.18-00.27.36:952][  0]LogPakFile: PakFile FullDirectoryIndexSize=138
[2026.07.18-00.27.36:952][  0]LogShaderLibrary: Display: ShaderCodeLibraryPakFileMountedCallback: PakFile 'C:/Program Files/Epic Games/UE_4.27/FeaturePacks/TP_Flying.upack' (chunk index -1, root 'root:/') mounted
[2026.07.18-00.27.36:952][  0]LogShaderLibrary: Display: ShaderCodeLibraryPakFileMountedCallback: pending pak file info (ChunkID:-1 Root:root:/ File:C:/Program Files/Epic Games/UE_4.27/FeaturePacks/TP_Flying.upack)
[2026.07.18-00.27.36:952][  0]LogPakFile: OnPakFileMounted2Time == 0.000059
[2026.07.18-00.27.36:953][  0]LogPakFile: PakFile PrimaryIndexSize=184
[2026.07.18-00.27.36:953][  0]LogPakFile: PakFile PathHashIndexSize=101
[2026.07.18-00.27.36:953][  0]LogPakFile: PakFile FullDirectoryIndexSize=142
[2026.07.18-00.27.36:953][  0]LogShaderLibrary: Display: ShaderCodeLibraryPakFileMountedCallback: PakFile 'C:/Program Files/Epic Games/UE_4.27/FeaturePacks/TP_FlyingBP.upack' (chunk index -1, root 'root:/') mounted
[2026.07.18-00.27.36:953][  0]LogShaderLibrary: Display: ShaderCodeLibraryPakFileMountedCallback: pending pak file info (ChunkID:-1 Root:root:/ File:C:/Program Files/Epic Games/UE_4.27/FeaturePacks/TP_FlyingBP.upack)
[2026.07.18-00.27.36:953][  0]LogPakFile: OnPakFileMounted2Time == 0.000044
[2026.07.18-00.27.36:953][  0]LogPakFile: PakFile PrimaryIndexSize=188
[2026.07.18-00.27.36:953][  0]LogPakFile: PakFile PathHashIndexSize=101
[2026.07.18-00.27.36:953][  0]LogPakFile: PakFile FullDirectoryIndexSize=150
[2026.07.18-00.27.36:953][  0]LogShaderLibrary: Display: ShaderCodeLibraryPakFileMountedCallback: PakFile 'C:/Program Files/Epic Games/UE_4.27/FeaturePacks/TP_HandheldARBP.upack' (chunk index -1, root 'root:/') mounted
[2026.07.18-00.27.36:953][  0]LogShaderLibrary: Display: ShaderCodeLibraryPakFileMountedCallback: pending pak file info (ChunkID:-1 Root:root:/ File:C:/Program Files/Epic Games/UE_4.27/FeaturePacks/TP_HandheldARBP.upack)
[2026.07.18-00.27.36:953][  0]LogPakFile: OnPakFileMounted2Time == 0.000046
[2026.07.18-00.27.36:954][  0]LogPakFile: PakFile PrimaryIndexSize=182
[2026.07.18-00.27.36:954][  0]LogPakFile: PakFile PathHashIndexSize=101
[2026.07.18-00.27.36:954][  0]LogPakFile: PakFile FullDirectoryIndexSize=138
[2026.07.18-00.27.36:954][  0]LogShaderLibrary: Display: ShaderCodeLibraryPakFileMountedCallback: PakFile 'C:/Program Files/Epic Games/UE_4.27/FeaturePacks/TP_Puzzle.upack' (chunk index -1, root 'root:/') mounted
[2026.07.18-00.27.36:954][  0]LogShaderLibrary: Display: ShaderCodeLibraryPakFileMountedCallback: pending pak file info (ChunkID:-1 Root:root:/ File:C:/Program Files/Epic Games/UE_4.27/FeaturePacks/TP_Puzzle.upack)
[2026.07.18-00.27.36:954][  0]LogPakFile: OnPakFileMounted2Time == 0.000044
[2026.07.18-00.27.36:954][  0]LogPakFile: PakFile PrimaryIndexSize=184
[2026.07.18-00.27.36:955][  0]LogPakFile: PakFile PathHashIndexSize=101
[2026.07.18-00.27.36:955][  0]LogPakFile: PakFile FullDirectoryIndexSize=142
[2026.07.18-00.27.36:955][  0]LogShaderLibrary: Display: ShaderCodeLibraryPakFileMountedCallback: PakFile 'C:/Program Files/Epic Games/UE_4.27/FeaturePacks/TP_PuzzleBP.upack' (chunk index -1, root 'root:/') mounted
[2026.07.18-00.27.36:955][  0]LogShaderLibrary: Display: ShaderCodeLibraryPakFileMountedCallback: pending pak file info (ChunkID:-1 Root:root:/ File:C:/Program Files/Epic Games/UE_4.27/FeaturePacks/TP_PuzzleBP.upack)
[2026.07.18-00.27.36:955][  0]LogPakFile: OnPakFileMounted2Time == 0.000043
[2026.07.18-00.27.36:956][  0]LogPakFile: PakFile PrimaryIndexSize=183
[2026.07.18-00.27.36:956][  0]LogPakFile: PakFile PathHashIndexSize=101
[2026.07.18-00.27.36:956][  0]LogPakFile: PakFile FullDirectoryIndexSize=140
[2026.07.18-00.27.36:956][  0]LogShaderLibrary: Display: ShaderCodeLibraryPakFileMountedCallback: PakFile 'C:/Program Files/Epic Games/UE_4.27/FeaturePacks/TP_Rolling.upack' (chunk index -1, root 'root:/') mounted
[2026.07.18-00.27.36:956][  0]LogShaderLibrary: Display: ShaderCodeLibraryPakFileMountedCallback: pending pak file info (ChunkID:-1 Root:root:/ File:C:/Program Files/Epic Games/UE_4.27/FeaturePacks/TP_Rolling.upack)
[2026.07.18-00.27.36:956][  0]LogPakFile: OnPakFileMounted2Time == 0.000043
[2026.07.18-00.27.36:956][  0]LogPakFile: PakFile PrimaryIndexSize=185
[2026.07.18-00.27.36:956][  0]LogPakFile: PakFile PathHashIndexSize=101
[2026.07.18-00.27.36:956][  0]LogPakFile: PakFile FullDirectoryIndexSize=144
[2026.07.18-00.27.36:956][  0]LogShaderLibrary: Display: ShaderCodeLibraryPakFileMountedCallback: PakFile 'C:/Program Files/Epic Games/UE_4.27/FeaturePacks/TP_RollingBP.upack' (chunk index -1, root 'root:/') mounted
[2026.07.18-00.27.36:956][  0]LogShaderLibrary: Display: ShaderCodeLibraryPakFileMountedCallback: pending pak file info (ChunkID:-1 Root:root:/ File:C:/Program Files/Epic Games/UE_4.27/FeaturePacks/TP_RollingBP.upack)
[2026.07.18-00.27.36:956][  0]LogPakFile: OnPakFileMounted2Time == 0.000047
[2026.07.18-00.27.36:957][  0]LogPakFile: PakFile PrimaryIndexSize=188
[2026.07.18-00.27.36:957][  0]LogPakFile: PakFile PathHashIndexSize=101
[2026.07.18-00.27.36:957][  0]LogPakFile: PakFile FullDirectoryIndexSize=150
[2026.07.18-00.27.36:957][  0]LogShaderLibrary: Display: ShaderCodeLibraryPakFileMountedCallback: PakFile 'C:/Program Files/Epic Games/UE_4.27/FeaturePacks/TP_SideScroller.upack' (chunk index -1, root 'root:/') mounted
[2026.07.18-00.27.36:957][  0]LogShaderLibrary: Display: ShaderCodeLibraryPakFileMountedCallback: pending pak file info (ChunkID:-1 Root:root:/ File:C:/Program Files/Epic Games/UE_4.27/FeaturePacks/TP_SideScroller.upack)
[2026.07.18-00.27.36:957][  0]LogPakFile: OnPakFileMounted2Time == 0.000060
[2026.07.18-00.27.36:957][  0]LogPakFile: PakFile PrimaryIndexSize=190
[2026.07.18-00.27.36:957][  0]LogPakFile: PakFile PathHashIndexSize=101
[2026.07.18-00.27.36:957][  0]LogPakFile: PakFile FullDirectoryIndexSize=154
[2026.07.18-00.27.36:957][  0]LogShaderLibrary: Display: ShaderCodeLibraryPakFileMountedCallback: PakFile 'C:/Program Files/Epic Games/UE_4.27/FeaturePacks/TP_SideScrollerBP.upack' (chunk index -1, root 'root:/') mounted
[2026.07.18-00.27.36:957][  0]LogShaderLibrary: Display: ShaderCodeLibraryPakFileMountedCallback: pending pak file info (ChunkID:-1 Root:root:/ File:C:/Program Files/Epic Games/UE_4.27/FeaturePacks/TP_SideScrollerBP.upack)
[2026.07.18-00.27.36:957][  0]LogPakFile: OnPakFileMounted2Time == 0.000055
[2026.07.18-00.27.36:958][  0]LogPakFile: PakFile PrimaryIndexSize=187
[2026.07.18-00.27.36:958][  0]LogPakFile: PakFile PathHashIndexSize=101
[2026.07.18-00.27.36:958][  0]LogPakFile: PakFile FullDirectoryIndexSize=148
[2026.07.18-00.27.36:958][  0]LogShaderLibrary: Display: ShaderCodeLibraryPakFileMountedCallback: PakFile 'C:/Program Files/Epic Games/UE_4.27/FeaturePacks/TP_ThirdPerson.upack' (chunk index -1, root 'root:/') mounted
[2026.07.18-00.27.36:958][  0]LogShaderLibrary: Display: ShaderCodeLibraryPakFileMountedCallback: pending pak file info (ChunkID:-1 Root:root:/ File:C:/Program Files/Epic Games/UE_4.27/FeaturePacks/TP_ThirdPerson.upack)
[2026.07.18-00.27.36:958][  0]LogPakFile: OnPakFileMounted2Time == 0.000045
[2026.07.18-00.27.36:959][  0]LogPakFile: PakFile PrimaryIndexSize=189
[2026.07.18-00.27.36:959][  0]LogPakFile: PakFile PathHashIndexSize=101
[2026.07.18-00.27.36:959][  0]LogPakFile: PakFile FullDirectoryIndexSize=152
[2026.07.18-00.27.36:959][  0]LogShaderLibrary: Display: ShaderCodeLibraryPakFileMountedCallback: PakFile 'C:/Program Files/Epic Games/UE_4.27/FeaturePacks/TP_ThirdPersonBP.upack' (chunk index -1, root 'root:/') mounted
[2026.07.18-00.27.36:959][  0]LogShaderLibrary: Display: ShaderCodeLibraryPakFileMountedCallback: pending pak file info (ChunkID:-1 Root:root:/ File:C:/Program Files/Epic Games/UE_4.27/FeaturePacks/TP_ThirdPersonBP.upack)
[2026.07.18-00.27.36:959][  0]LogPakFile: OnPakFileMounted2Time == 0.000043
[2026.07.18-00.27.36:959][  0]LogPakFile: PakFile PrimaryIndexSize=183
[2026.07.18-00.27.36:959][  0]LogPakFile: PakFile PathHashIndexSize=101
[2026.07.18-00.27.36:959][  0]LogPakFile: PakFile FullDirectoryIndexSize=140
[2026.07.18-00.27.36:959][  0]LogShaderLibrary: Display: ShaderCodeLibraryPakFileMountedCallback: PakFile 'C:/Program Files/Epic Games/UE_4.27/FeaturePacks/TP_TopDown.upack' (chunk index -1, root 'root:/') mounted
[2026.07.18-00.27.36:959][  0]LogShaderLibrary: Display: ShaderCodeLibraryPakFileMountedCallback: pending pak file info (ChunkID:-1 Root:root:/ File:C:/Program Files/Epic Games/UE_4.27/FeaturePacks/TP_TopDown.upack)
[2026.07.18-00.27.36:959][  0]LogPakFile: OnPakFileMounted2Time == 0.000047
[2026.07.18-00.27.36:960][  0]LogPakFile: PakFile PrimaryIndexSize=185
[2026.07.18-00.27.36:960][  0]LogPakFile: PakFile PathHashIndexSize=101
[2026.07.18-00.27.36:960][  0]LogPakFile: PakFile FullDirectoryIndexSize=144
[2026.07.18-00.27.36:960][  0]LogShaderLibrary: Display: ShaderCodeLibraryPakFileMountedCallback: PakFile 'C:/Program Files/Epic Games/UE_4.27/FeaturePacks/TP_TopDownBP.upack' (chunk index -1, root 'root:/') mounted
[2026.07.18-00.27.36:960][  0]LogShaderLibrary: Display: ShaderCodeLibraryPakFileMountedCallback: pending pak file info (ChunkID:-1 Root:root:/ File:C:/Program Files/Epic Games/UE_4.27/FeaturePacks/TP_TopDownBP.upack)
[2026.07.18-00.27.36:960][  0]LogPakFile: OnPakFileMounted2Time == 0.000052
[2026.07.18-00.27.36:960][  0]LogPakFile: PakFile PrimaryIndexSize=185
[2026.07.18-00.27.36:960][  0]LogPakFile: PakFile PathHashIndexSize=101
[2026.07.18-00.27.36:961][  0]LogPakFile: PakFile FullDirectoryIndexSize=144
[2026.07.18-00.27.36:961][  0]LogShaderLibrary: Display: ShaderCodeLibraryPakFileMountedCallback: PakFile 'C:/Program Files/Epic Games/UE_4.27/FeaturePacks/TP_TwinStick.upack' (chunk index -1, root 'root:/') mounted
[2026.07.18-00.27.36:961][  0]LogShaderLibrary: Display: ShaderCodeLibraryPakFileMountedCallback: pending pak file info (ChunkID:-1 Root:root:/ File:C:/Program Files/Epic Games/UE_4.27/FeaturePacks/TP_TwinStick.upack)
[2026.07.18-00.27.36:961][  0]LogPakFile: OnPakFileMounted2Time == 0.000048
[2026.07.18-00.27.36:961][  0]LogPakFile: PakFile PrimaryIndexSize=187
[2026.07.18-00.27.36:961][  0]LogPakFile: PakFile PathHashIndexSize=101
[2026.07.18-00.27.36:961][  0]LogPakFile: PakFile FullDirectoryIndexSize=148
[2026.07.18-00.27.36:961][  0]LogShaderLibrary: Display: ShaderCodeLibraryPakFileMountedCallback: PakFile 'C:/Program Files/Epic Games/UE_4.27/FeaturePacks/TP_TwinStickBP.upack' (chunk index -1, root 'root:/') mounted
[2026.07.18-00.27.36:961][  0]LogShaderLibrary: Display: ShaderCodeLibraryPakFileMountedCallback: pending pak file info (ChunkID:-1 Root:root:/ File:C:/Program Files/Epic Games/UE_4.27/FeaturePacks/TP_TwinStickBP.upack)
[2026.07.18-00.27.36:961][  0]LogPakFile: OnPakFileMounted2Time == 0.000053
[2026.07.18-00.27.36:962][  0]LogPakFile: PakFile PrimaryIndexSize=183
[2026.07.18-00.27.36:962][  0]LogPakFile: PakFile PathHashIndexSize=101
[2026.07.18-00.27.36:962][  0]LogPakFile: PakFile FullDirectoryIndexSize=140
[2026.07.18-00.27.36:962][  0]LogShaderLibrary: Display: ShaderCodeLibraryPakFileMountedCallback: PakFile 'C:/Program Files/Epic Games/UE_4.27/FeaturePacks/TP_Vehicle.upack' (chunk index -1, root 'root:/') mounted
[2026.07.18-00.27.36:962][  0]LogShaderLibrary: Display: ShaderCodeLibraryPakFileMountedCallback: pending pak file info (ChunkID:-1 Root:root:/ File:C:/Program Files/Epic Games/UE_4.27/FeaturePacks/TP_Vehicle.upack)
[2026.07.18-00.27.36:962][  0]LogPakFile: OnPakFileMounted2Time == 0.000045
[2026.07.18-00.27.36:962][  0]LogPakFile: PakFile PrimaryIndexSize=186
[2026.07.18-00.27.36:962][  0]LogPakFile: PakFile PathHashIndexSize=101
[2026.07.18-00.27.36:962][  0]LogPakFile: PakFile FullDirectoryIndexSize=146
[2026.07.18-00.27.36:962][  0]LogShaderLibrary: Display: ShaderCodeLibraryPakFileMountedCallback: PakFile 'C:/Program Files/Epic Games/UE_4.27/FeaturePacks/TP_VehicleAdv.upack' (chunk index -1, root 'root:/') mounted
[2026.07.18-00.27.36:962][  0]LogShaderLibrary: Display: ShaderCodeLibraryPakFileMountedCallback: pending pak file info (ChunkID:-1 Root:root:/ File:C:/Program Files/Epic Games/UE_4.27/FeaturePacks/TP_VehicleAdv.upack)
[2026.07.18-00.27.36:962][  0]LogPakFile: OnPakFileMounted2Time == 0.000043
[2026.07.18-00.27.36:963][  0]LogPakFile: PakFile PrimaryIndexSize=188
[2026.07.18-00.27.36:963][  0]LogPakFile: PakFile PathHashIndexSize=101
[2026.07.18-00.27.36:963][  0]LogPakFile: PakFile FullDirectoryIndexSize=150
[2026.07.18-00.27.36:963][  0]LogShaderLibrary: Display: ShaderCodeLibraryPakFileMountedCallback: PakFile 'C:/Program Files/Epic Games/UE_4.27/FeaturePacks/TP_VehicleAdvBP.upack' (chunk index -1, root 'root:/') mounted
[2026.07.18-00.27.36:963][  0]LogShaderLibrary: Display: ShaderCodeLibraryPakFileMountedCallback: pending pak file info (ChunkID:-1 Root:root:/ File:C:/Program Files/Epic Games/UE_4.27/FeaturePacks/TP_VehicleAdvBP.upack)
[2026.07.18-00.27.36:963][  0]LogPakFile: OnPakFileMounted2Time == 0.000046
[2026.07.18-00.27.36:963][  0]LogPakFile: PakFile PrimaryIndexSize=185
[2026.07.18-00.27.36:963][  0]LogPakFile: PakFile PathHashIndexSize=101
[2026.07.18-00.27.36:963][  0]LogPakFile: PakFile FullDirectoryIndexSize=144
[2026.07.18-00.27.36:963][  0]LogShaderLibrary: Display: ShaderCodeLibraryPakFileMountedCallback: PakFile 'C:/Program Files/Epic Games/UE_4.27/FeaturePacks/TP_VehicleBP.upack' (chunk index -1, root 'root:/') mounted
[2026.07.18-00.27.36:963][  0]LogShaderLibrary: Display: ShaderCodeLibraryPakFileMountedCallback: pending pak file info (ChunkID:-1 Root:root:/ File:C:/Program Files/Epic Games/UE_4.27/FeaturePacks/TP_VehicleBP.upack)
[2026.07.18-00.27.36:963][  0]LogPakFile: OnPakFileMounted2Time == 0.000044
[2026.07.18-00.27.36:964][  0]LogPakFile: PakFile PrimaryIndexSize=192
[2026.07.18-00.27.36:964][  0]LogPakFile: PakFile PathHashIndexSize=101
[2026.07.18-00.27.36:964][  0]LogPakFile: PakFile FullDirectoryIndexSize=158
[2026.07.18-00.27.36:964][  0]LogShaderLibrary: Display: ShaderCodeLibraryPakFileMountedCallback: PakFile 'C:/Program Files/Epic Games/UE_4.27/FeaturePacks/TP_VirtualRealityBP.upack' (chunk index -1, root 'root:/') mounted
[2026.07.18-00.27.36:964][  0]LogShaderLibrary: Display: ShaderCodeLibraryPakFileMountedCallback: pending pak file info (ChunkID:-1 Root:root:/ File:C:/Program Files/Epic Games/UE_4.27/FeaturePacks/TP_VirtualRealityBP.upack)
[2026.07.18-00.27.36:964][  0]LogPakFile: OnPakFileMounted2Time == 0.000043
[2026.07.18-00.27.37:009][  0]LogNativeClassHierarchy: Verbose: Native class hierarchy updated for 'AddContentDialog' in 0.0002 seconds. Added 0 classes and 0 folders.
[2026.07.18-00.27.37:012][  0]LogNativeClassHierarchy: Verbose: Native class hierarchy updated for 'SceneOutliner' in 0.0002 seconds. Added 2 classes and 0 folders.
[2026.07.18-00.27.37:038][  0]LogSlate: Took 0.000205 seconds to synchronously load lazily loaded font '../../../Engine/Content/Slate/Fonts/Roboto-Regular.ttf' (155K)
[2026.07.18-00.27.37:039][  0]LogSlate: Took 0.000142 seconds to synchronously load lazily loaded font '../../../Engine/Content/Editor/Slate/Fonts/FontAwesome.ttf' (139K)
[2026.07.18-00.27.37:040][  0]LogSlate: Took 0.000134 seconds to synchronously load lazily loaded font '../../../Engine/Content/Slate/Fonts/Roboto-Bold.ttf' (160K)
[2026.07.18-00.27.37:093][  0]LogRenderer: Reallocating scene render targets to support 1288x572 Format 10 NumSamples 1 (Frame:1).
[2026.07.18-00.27.37:182][  0]LogNativeClassHierarchy: Verbose: Native class hierarchy updated for 'HierarchicalLODOutliner' in 0.0004 seconds. Added 0 classes and 0 folders.
[2026.07.18-00.27.37:182][  0]LogInput: Warning: Action Jump uses invalid key OculusGo_Left_Trigger_Click.
[2026.07.18-00.27.37:182][  0]LogInput: Warning: Action ResetVR uses invalid key OculusGo_Left_Trackpad_Click.
[2026.07.18-00.27.37:182][  0]LogInput: Warning: Use -RemoveInvalidKeys to remove instances of these keys from the action mapping.
[2026.07.18-00.27.37:182][  0]LogLoad: (Engine Initialization) Total time: 11.03 seconds
[2026.07.18-00.27.37:182][  0]LogLoad: (Engine Initialization) Total Blueprint compile time: 0.00 seconds
[2026.07.18-00.27.37:202][  0]AssetCheck: New page: Asset Save: Floor_400x400
[2026.07.18-00.27.37:202][  0]LogContentValidation: Display: Validating StaticMesh /Game/StarterContent/Architecture/Floor_400x400.Floor_400x400
[2026.07.18-00.27.37:229][  0]LogAssetRegistry: Asset discovery search completed in 6.6941 seconds
[2026.07.18-00.27.37:235][  0]LogCollectionManager: Fixed up redirectors for 0 collections in 0.000004 seconds (updated 0 objects)
[2026.07.18-00.27.37:235][  0]LogContentStreaming: Texture pool size now 1000 MB
[2026.07.18-00.27.49:487][830]LogContentBrowser: Deferred new asset folder creation: NewFolder
[2026.07.18-00.27.49:509][830]LogContentBrowser: Creating deferred item: NewFolder
[2026.07.18-00.27.51:161][ 20]LogContentBrowser: Attempting asset rename: NewFolder -> UMG
[2026.07.18-00.27.51:162][ 20]LogContentBrowser: End creating deferred item NewFolder
[2026.07.18-00.27.59:251][536]LogContentBrowser: Deferred new asset file creation: NewWidgetBlueprint
[2026.07.18-00.27.59:259][536]LogContentBrowser: Creating deferred item: NewWidgetBlueprint
[2026.07.18-00.27.59:809][601]LogContentBrowser: Attempting asset rename: NewWidgetBlueprint -> NewWidgetBlueprint
[2026.07.18-00.27.59:810][601]LogContentBrowser: End creating deferred item NewWidgetBlueprint
[2026.07.18-00.28.02:621][914]LogContentBrowser: Attempting asset rename: NewWidgetBlueprint -> NewWidgetBlueprint
[2026.07.18-00.28.08:424][394]LogContentBrowser: Attempting asset rename: NewWidgetBlueprint -> ListViewWidget
[2026.07.18-00.28.08:432][394]LogSlate: Took 0.000216 seconds to synchronously load lazily loaded font '../../../Engine/Content/Slate/Fonts/Roboto-Light.ttf' (167K)
[2026.07.18-00.28.08:450][394]LogMetaData: Removing '/Game/UMG/ListViewWidget.SKEL_ListViewWidget_C' ref from Metadata '/Game/UMG/NewWidgetBlueprint.PackageMetaData'
[2026.07.18-00.28.08:450][394]LogMetaData: Removing '/Game/UMG/ListViewWidget.ListViewWidget_C' ref from Metadata '/Game/UMG/NewWidgetBlueprint.PackageMetaData'
[2026.07.18-00.28.08:450][394]LogMetaData: Removing '/Game/UMG/ListViewWidget.ListViewWidget:EventGraph.K2Node_Event_0' ref from Metadata '/Game/UMG/NewWidgetBlueprint.PackageMetaData'
[2026.07.18-00.28.08:450][394]LogMetaData: Removing '/Game/UMG/ListViewWidget.ListViewWidget:EventGraph.K2Node_Event_1' ref from Metadata '/Game/UMG/NewWidgetBlueprint.PackageMetaData'
[2026.07.18-00.28.08:450][394]LogMetaData: Removing '/Game/UMG/ListViewWidget.ListViewWidget:EventGraph.K2Node_Event_2' ref from Metadata '/Game/UMG/NewWidgetBlueprint.PackageMetaData'
[2026.07.18-00.28.08:478][394]Cmd: OBJ SAVEPACKAGE PACKAGE="/Game/UMG/ListViewWidget" FILE="D:/LearnData/UnrealProject/UnrealLearn/UMGLearn/Content/UMG/ListViewWidget.uasset" SILENT=true
[2026.07.18-00.28.08:481][394]LogSavePackage: Moving 'D:/LearnData/UnrealProject/UnrealLearn/UMGLearn/Saved/ListViewWidgetE5915F6442CC661A6C7C3F9694FC17FD.tmp' to 'D:/LearnData/UnrealProject/UnrealLearn/UMGLearn/Content/UMG/ListViewWidget.uasset'
[2026.07.18-00.28.08:546][394]LogUObjectHash: Compacting FUObjectHashTables data took   0.57ms
[2026.07.18-00.28.08:562][394]LogUObjectHash: Compacting FUObjectHashTables data took   0.62ms
[2026.07.18-00.28.08:567][394]LogUObjectHash: Compacting FUObjectHashTables data took   0.25ms
[2026.07.18-00.28.08:589][394]AssetCheck: New page: Asset Save: ListViewWidget
[2026.07.18-00.28.08:589][394]LogContentValidation: Display: Validating WidgetBlueprint /Game/UMG/ListViewWidget.ListViewWidget
[2026.07.18-00.28.10:833][650]LogContentBrowser: Deferred new asset file creation: NewWidgetBlueprint
[2026.07.18-00.28.10:841][650]LogContentBrowser: Creating deferred item: NewWidgetBlueprint
[2026.07.18-00.28.17:385][749]LogContentBrowser: Attempting asset rename: NewWidgetBlueprint -> NewWidgetBlueprint
[2026.07.18-00.28.17:386][749]LogContentBrowser: End creating deferred item NewWidgetBlueprint
[2026.07.18-00.28.19:382][952]LogContentBrowser: Attempting asset rename: NewWidgetBlueprint -> EntryWidget
[2026.07.18-00.28.19:400][952]LogMetaData: Removing '/Game/UMG/EntryWidget.SKEL_EntryWidget_C' ref from Metadata '/Game/UMG/NewWidgetBlueprint.PackageMetaData'
[2026.07.18-00.28.19:400][952]LogMetaData: Removing '/Game/UMG/EntryWidget.EntryWidget_C' ref from Metadata '/Game/UMG/NewWidgetBlueprint.PackageMetaData'
[2026.07.18-00.28.19:400][952]LogMetaData: Removing '/Game/UMG/EntryWidget.EntryWidget:EventGraph.K2Node_Event_0' ref from Metadata '/Game/UMG/NewWidgetBlueprint.PackageMetaData'
[2026.07.18-00.28.19:400][952]LogMetaData: Removing '/Game/UMG/EntryWidget.EntryWidget:EventGraph.K2Node_Event_1' ref from Metadata '/Game/UMG/NewWidgetBlueprint.PackageMetaData'
[2026.07.18-00.28.19:400][952]LogMetaData: Removing '/Game/UMG/EntryWidget.EntryWidget:EventGraph.K2Node_Event_2' ref from Metadata '/Game/UMG/NewWidgetBlueprint.PackageMetaData'
[2026.07.18-00.28.19:426][952]Cmd: OBJ SAVEPACKAGE PACKAGE="/Game/UMG/EntryWidget" FILE="D:/LearnData/UnrealProject/UnrealLearn/UMGLearn/Content/UMG/EntryWidget.uasset" SILENT=true
[2026.07.18-00.28.19:430][952]LogSavePackage: Moving 'D:/LearnData/UnrealProject/UnrealLearn/UMGLearn/Saved/EntryWidget8AEC0308410AC9BD78D6F888329F4645.tmp' to 'D:/LearnData/UnrealProject/UnrealLearn/UMGLearn/Content/UMG/EntryWidget.uasset'
[2026.07.18-00.28.19:497][952]LogUObjectHash: Compacting FUObjectHashTables data took   0.67ms
[2026.07.18-00.28.19:509][952]LogUObjectHash: Compacting FUObjectHashTables data took   0.62ms
[2026.07.18-00.28.19:514][952]LogUObjectHash: Compacting FUObjectHashTables data took   0.26ms
[2026.07.18-00.28.19:535][952]AssetCheck: New page: Asset Save: EntryWidget
[2026.07.18-00.28.19:535][952]LogContentValidation: Display: Validating WidgetBlueprint /Game/UMG/EntryWidget.EntryWidget
[2026.07.18-00.28.30:251][524]LogTemp: Repeating last play command: Selected Viewport
[2026.07.18-00.28.30:256][524]LogPlayLevel: PlayLevel: No blueprints needed recompiling
[2026.07.18-00.28.30:257][524]PIE: New page: PIE session: ThirdPersonExampleMap (Jul 18, 2026, 6:28:30 PM)
[2026.07.18-00.28.30:259][524]LogOnline: OSS: Creating online subsystem instance for: NULL
[2026.07.18-00.28.30:261][524]LogOnline: OSS: TryLoadSubsystemAndSetDefault: Loaded subsystem for module [NULL]
[2026.07.18-00.28.30:261][524]LogPlayLevel: Creating play world package: /Game/ThirdPersonBP/Maps/UEDPIE_0_ThirdPersonExampleMap
[2026.07.18-00.28.30:273][524]LogPlayLevel: PIE: StaticDuplicateObject took: (0.012728s)
[2026.07.18-00.28.30:274][524]LogAIModule: Creating AISystem for world ThirdPersonExampleMap
[2026.07.18-00.28.30:274][524]LogPlayLevel: PIE: World Init took: (0.001158s)
[2026.07.18-00.28.30:274][524]LogPlayLevel: PIE: Created PIE world by copying editor world from /Game/ThirdPersonBP/Maps/ThirdPersonExampleMap.ThirdPersonExampleMap to /Game/ThirdPersonBP/Maps/UEDPIE_0_ThirdPersonExampleMap.ThirdPersonExampleMap (0.014065s)
[2026.07.18-00.28.30:281][524]LogUObjectHash: Compacting FUObjectHashTables data took   0.96ms
[2026.07.18-00.28.30:282][524]LogAudio: Display: Creating Audio Device:                 Id: 2, Scope: Unique, Realtime: True
[2026.07.18-00.28.30:282][524]LogAudioMixer: Display: Audio Mixer Platform Settings:
[2026.07.18-00.28.30:282][524]LogAudioMixer: Display: 	Sample Rate:						  48000
[2026.07.18-00.28.30:282][524]LogAudioMixer: Display: 	Callback Buffer Frame Size Requested: 1024
[2026.07.18-00.28.30:282][524]LogAudioMixer: Display: 	Callback Buffer Frame Size To Use:	  1024
[2026.07.18-00.28.30:282][524]LogAudioMixer: Display: 	Number of buffers to queue:			  2
[2026.07.18-00.28.30:282][524]LogAudioMixer: Display: 	Max Channels (voices):				  32
[2026.07.18-00.28.30:282][524]LogAudioMixer: Display: 	Number of Async Source Workers:		  0
[2026.07.18-00.28.30:282][524]LogAudio: Display: AudioDevice MaxSources: 32
[2026.07.18-00.28.30:282][524]LogAudio: Display: Audio Spatialization Plugin: None (built-in).
[2026.07.18-00.28.30:282][524]LogAudio: Display: Audio Reverb Plugin: None (built-in).
[2026.07.18-00.28.30:282][524]LogAudio: Display: Audio Occlusion Plugin: None (built-in).
[2026.07.18-00.28.30:282][524]LogAudioMixer: Display: Initializing audio mixer.
[2026.07.18-00.28.30:292][524]LogAudioMixer: Display: 0: FrontLeft
[2026.07.18-00.28.30:292][524]LogAudioMixer: Display: 1: FrontRight
[2026.07.18-00.28.30:303][524]LogAudioMixer: Display: Using Audio Device 扬声器 (HECATE G1500)
[2026.07.18-00.28.30:305][524]LogAudioMixer: Display: Initializing Sound Submixes...
[2026.07.18-00.28.30:305][524]LogAudioMixer: Display: Creating Master Submix 'MasterSubmixDefault'
[2026.07.18-00.28.30:305][524]LogAudioMixer: Display: Creating Master Submix 'MasterReverbSubmixDefault'
[2026.07.18-00.28.30:305][524]LogAudioMixer: Display: Creating Master Submix 'MasterEQSubmixDefault'
[2026.07.18-00.28.30:305][524]LogAudioMixer: FMixerPlatformXAudio2::StartAudioStream() called
[2026.07.18-00.28.30:305][524]LogAudioMixer: Display: Output buffers initialized: Frames=1024, Channels=2, Samples=2048
[2026.07.18-00.28.30:306][524]LogAudioMixer: Display: Starting AudioMixerPlatformInterface::RunInternal()
[2026.07.18-00.28.30:306][524]LogAudioMixer: Display: FMixerPlatformXAudio2::SubmitBuffer() called for the first time
[2026.07.18-00.28.30:306][524]LogInit: FAudioDevice initialized.
[2026.07.18-00.28.30:306][524]LogAudio: Display: Audio Device (ID: 2) registered with world 'ThirdPersonExampleMap'.
[2026.07.18-00.28.30:319][524]LogLoad: Game class is 'ThirdPersonGameMode_C'
[2026.07.18-00.28.30:322][524]LogWorld: Bringing World /Game/ThirdPersonBP/Maps/UEDPIE_0_ThirdPersonExampleMap.ThirdPersonExampleMap up for play (max tick rate 0) at 2026.07.18-09.28.30
[2026.07.18-00.28.30:322][524]LogWorld: Bringing up level for play took: 0.001379
[2026.07.18-00.28.30:322][524]LogOnline: OSS: Creating online subsystem instance for: :Context_2
[2026.07.18-00.28.30:326][524]LogNativeClassHierarchy: Verbose: Native class hierarchy updated for 'MovieSceneCapture' in 0.0003 seconds. Added 20 classes and 0 folders.
[2026.07.18-00.28.30:326][524]PIE: Server logged in
[2026.07.18-00.28.30:327][524]PIE: Play in editor total start time 0.073 seconds.
[2026.07.18-00.28.35:987][956]LogSlate: Updating window title bar state: overlay mode, drag disabled, window buttons hidden, title bar hidden
[2026.07.18-00.28.35:987][956]LogWorld: BeginTearingDown for /Game/ThirdPersonBP/Maps/UEDPIE_0_ThirdPersonExampleMap
[2026.07.18-00.28.35:987][956]LogWorld: UWorld::CleanupWorld for ThirdPersonExampleMap, bSessionEnded=true, bCleanupResources=true
[2026.07.18-00.28.35:987][956]LogSlate: InvalidateAllWidgets triggered.  All widgets were invalidated
[2026.07.18-00.28.35:993][956]LogPlayLevel: Display: Shutting down PIE online subsystems
[2026.07.18-00.28.35:995][956]LogSlate: InvalidateAllWidgets triggered.  All widgets were invalidated
[2026.07.18-00.28.35:999][956]LogAudio: Display: Audio Device unregistered from world 'None'.
[2026.07.18-00.28.35:999][956]LogAudioMixer: FMixerPlatformXAudio2::StopAudioStream() called
[2026.07.18-00.28.36:000][956]LogAudioMixer: FMixerPlatformXAudio2::StopAudioStream() called
[2026.07.18-00.28.36:002][956]LogSlate: Updating window title bar state: overlay mode, drag disabled, window buttons hidden, title bar hidden
[2026.07.18-00.28.36:005][956]LogUObjectHash: Compacting FUObjectHashTables data took   1.35ms
[2026.07.18-00.28.36:053][961]LogPlayLevel: Display: Destroying online subsystem :Context_2
[2026.07.18-00.28.40:479][475]LogAssetEditorSubsystem: Opening Asset editor for Blueprint /Game/ThirdPersonBP/Blueprints/ThirdPersonCharacter.ThirdPersonCharacter
[2026.07.18-00.28.40:644][475]LogNativeClassHierarchy: Verbose: Native class hierarchy updated for 'BlueprintGraph' in 0.0005 seconds. Added 126 classes and 0 folders.
[2026.07.18-00.28.41:441][475]LogSlate: Took 0.000227 seconds to synchronously load lazily loaded font '../../../Engine/Content/Slate/Fonts/Roboto-BoldCondensed.ttf' (158K)
[2026.07.18-00.28.43:506][690]LogSlate: Window 'ThirdPersonCharacter' being destroyed
[2026.07.18-00.28.43:520][691]LogRenderer: Reallocating scene render targets to support 1612x712 Format 10 NumSamples 1 (Frame:2625).
[2026.07.18-00.28.45:063][868]LogSlate: Took 0.001016 seconds to synchronously load lazily loaded font '../../../Engine/Content/Slate/Fonts/Roboto-Italic.ttf' (157K)
[2026.07.18-00.30.33:499][ 68]LogEditorClassViewer: Warning: Class /Engine/Tutorial/InWorldBlueprintEditing/TutorialAssets/IWBE_Blutility.IWBE_Blutility_C has parent /Script/Blutility.PlacedEditorUtilityBase, but this parent is not found. The Class will not be shown in ClassViewer.
[2026.07.18-00.30.47:910][462]LogSavePackage: Moving 'D:/LearnData/UnrealProject/UnrealLearn/UMGLearn/Saved/ThirdPersonCharacterDCBECC1F4D54CBFC5B3D8397CEABE127.tmp' to 'D:/LearnData/UnrealProject/UnrealLearn/UMGLearn/Content/ThirdPersonBP/Blueprints/ThirdPersonCharacter.uasset'
[2026.07.18-00.30.47:931][462]AssetCheck: New page: Asset Save: ThirdPersonCharacter
[2026.07.18-00.30.47:931][462]LogContentValidation: Display: Validating Blueprint /Game/ThirdPersonBP/Blueprints/ThirdPersonCharacter.ThirdPersonCharacter
[2026.07.18-00.31.29:387][874]LogSavePackage: Moving 'D:/LearnData/UnrealProject/UnrealLearn/UMGLearn/Saved/ThirdPersonCharacter78D2522440BDDF0EC3D900BB118D669C.tmp' to 'D:/LearnData/UnrealProject/UnrealLearn/UMGLearn/Content/ThirdPersonBP/Blueprints/ThirdPersonCharacter.uasset'
[2026.07.18-00.31.29:403][874]AssetCheck: New page: Asset Save: ThirdPersonCharacter
[2026.07.18-00.31.29:403][874]LogContentValidation: Display: Validating Blueprint /Game/ThirdPersonBP/Blueprints/ThirdPersonCharacter.ThirdPersonCharacter
[2026.07.18-00.31.36:295][569]LogSavePackage: Moving 'D:/LearnData/UnrealProject/UnrealLearn/UMGLearn/Saved/ThirdPersonCharacter34D0070E49A9EBB0E6E1E0B751B61D44.tmp' to 'D:/LearnData/UnrealProject/UnrealLearn/UMGLearn/Content/ThirdPersonBP/Blueprints/ThirdPersonCharacter.uasset'
[2026.07.18-00.31.36:311][569]AssetCheck: New page: Asset Save: ThirdPersonCharacter
[2026.07.18-00.31.36:311][569]LogContentValidation: Display: Validating Blueprint /Game/ThirdPersonBP/Blueprints/ThirdPersonCharacter.ThirdPersonCharacter
[2026.07.18-00.37.43:113][541]LogUObjectHash: Compacting FUObjectHashTables data took   2.53ms
[2026.07.18-00.37.43:147][541]LogSavePackage: Moving 'D:/LearnData/UnrealProject/UnrealLearn/UMGLearn/Saved/ThirdPersonExampleMap_Auto1EC5117D44B8910D8CB0BBF815D9B5CF4.tmp' to 'D:/LearnData/UnrealProject/UnrealLearn/UMGLearn/Saved/Autosaves/Game/ThirdPersonBP/Maps/ThirdPersonExampleMap_Auto1.umap'
[2026.07.18-00.37.43:149][541]LogFileHelpers: Editor autosave (incl. external actors) for '/Game/ThirdPersonBP/Maps/ThirdPersonExampleMap' took 0.058
[2026.07.18-00.37.43:149][541]LogFileHelpers: Editor autosave (incl. sublevels & external actors) for all levels took 0.058
[2026.07.18-00.39.59:037][838]LogSavePackage: Moving 'D:/LearnData/UnrealProject/UnrealLearn/UMGLearn/Saved/ThirdPersonCharacter9660BFFC47F3162A2DA453BB6459A941.tmp' to 'D:/LearnData/UnrealProject/UnrealLearn/UMGLearn/Content/ThirdPersonBP/Blueprints/ThirdPersonCharacter.uasset'
[2026.07.18-00.39.59:053][838]AssetCheck: New page: Asset Save: ThirdPersonCharacter
[2026.07.18-00.39.59:053][838]LogContentValidation: Display: Validating Blueprint /Game/ThirdPersonBP/Blueprints/ThirdPersonCharacter.ThirdPersonCharacter
[2026.07.18-00.40.29:714][545]LogSavePackage: Moving 'D:/LearnData/UnrealProject/UnrealLearn/UMGLearn/Saved/ThirdPersonCharacterE7377E2F49CD650953EAFC8BB26D9A9B.tmp' to 'D:/LearnData/UnrealProject/UnrealLearn/UMGLearn/Content/ThirdPersonBP/Blueprints/ThirdPersonCharacter.uasset'
[2026.07.18-00.40.29:729][545]AssetCheck: New page: Asset Save: ThirdPersonCharacter
[2026.07.18-00.40.29:729][545]LogContentValidation: Display: Validating Blueprint /Game/ThirdPersonBP/Blueprints/ThirdPersonCharacter.ThirdPersonCharacter
[2026.07.18-00.40.50:509][349]LogSavePackage: Moving 'D:/LearnData/UnrealProject/UnrealLearn/UMGLearn/Saved/ThirdPersonCharacterFAAA2565436F18A17275E1BC8E76538B.tmp' to 'D:/LearnData/UnrealProject/UnrealLearn/UMGLearn/Content/ThirdPersonBP/Blueprints/ThirdPersonCharacter.uasset'
[2026.07.18-00.40.50:525][349]AssetCheck: New page: Asset Save: ThirdPersonCharacter
[2026.07.18-00.40.50:525][349]LogContentValidation: Display: Validating Blueprint /Game/ThirdPersonBP/Blueprints/ThirdPersonCharacter.ThirdPersonCharacter
[2026.07.18-00.41.14:228][675]LogSavePackage: Moving 'D:/LearnData/UnrealProject/UnrealLearn/UMGLearn/Saved/ThirdPersonCharacterBCE9C6E844F524197ADE6D8AA884C339.tmp' to 'D:/LearnData/UnrealProject/UnrealLearn/UMGLearn/Content/ThirdPersonBP/Blueprints/ThirdPersonCharacter.uasset'
[2026.07.18-00.41.14:244][675]AssetCheck: New page: Asset Save: ThirdPersonCharacter
[2026.07.18-00.41.14:245][675]LogContentValidation: Display: Validating Blueprint /Game/ThirdPersonBP/Blueprints/ThirdPersonCharacter.ThirdPersonCharacter
[2026.07.18-00.41.22:325][604]LogSavePackage: Moving 'D:/LearnData/UnrealProject/UnrealLearn/UMGLearn/Saved/ThirdPersonCharacter9D39F90341F98534C80EE08A9472FEC5.tmp' to 'D:/LearnData/UnrealProject/UnrealLearn/UMGLearn/Content/ThirdPersonBP/Blueprints/ThirdPersonCharacter.uasset'
[2026.07.18-00.41.22:345][604]AssetCheck: New page: Asset Save: ThirdPersonCharacter
[2026.07.18-00.41.22:345][604]LogContentValidation: Display: Validating Blueprint /Game/ThirdPersonBP/Blueprints/ThirdPersonCharacter.ThirdPersonCharacter
[2026.07.18-00.41.22:474][618]BlueprintLog: New page: Compile ThirdPersonCharacter
[2026.07.18-00.41.22:516][618]LogUObjectHash: Compacting FUObjectHashTables data took   2.09ms
[2026.07.18-00.41.22:567][618]LogSlate: Took 0.001197 seconds to synchronously load lazily loaded font '../../../Engine/Content/Slate/Fonts/DroidSansMono.ttf' (77K)
[2026.07.18-00.41.34:638][ 15]LogSavePackage: Moving 'D:/LearnData/UnrealProject/UnrealLearn/UMGLearn/Saved/ThirdPersonCharacter893C3DEF46A11F833C8A259F6FD138F9.tmp' to 'D:/LearnData/UnrealProject/UnrealLearn/UMGLearn/Content/ThirdPersonBP/Blueprints/ThirdPersonCharacter.uasset'
[2026.07.18-00.41.34:658][ 15]AssetCheck: New page: Asset Save: ThirdPersonCharacter
[2026.07.18-00.41.34:658][ 15]LogContentValidation: Display: Validating Blueprint /Game/ThirdPersonBP/Blueprints/ThirdPersonCharacter.ThirdPersonCharacter
[2026.07.18-00.41.34:847][ 37]BlueprintLog: New page: Compile ThirdPersonCharacter
[2026.07.18-00.41.34:889][ 37]LogUObjectHash: Compacting FUObjectHashTables data took   2.13ms
[2026.07.18-00.41.51:231][156]LogSavePackage: Moving 'D:/LearnData/UnrealProject/UnrealLearn/UMGLearn/Saved/ThirdPersonCharacterC9F520804C516366BB1B30B606C76D8F.tmp' to 'D:/LearnData/UnrealProject/UnrealLearn/UMGLearn/Content/ThirdPersonBP/Blueprints/ThirdPersonCharacter.uasset'
[2026.07.18-00.41.51:253][156]AssetCheck: New page: Asset Save: ThirdPersonCharacter
[2026.07.18-00.41.51:253][156]LogContentValidation: Display: Validating Blueprint /Game/ThirdPersonBP/Blueprints/ThirdPersonCharacter.ThirdPersonCharacter
[2026.07.18-00.41.51:708][210]BlueprintLog: New page: Compile ThirdPersonCharacter
[2026.07.18-00.41.51:750][210]LogUObjectHash: Compacting FUObjectHashTables data took   2.07ms
[2026.07.18-00.42.11:977][962]LogAssetEditorSubsystem: Opening Asset editor for WidgetBlueprint /Game/UMG/EntryWidget.EntryWidget
[2026.07.18-00.42.23:189][749]Cmd: OBJ SAVEPACKAGE PACKAGE="/Game/UMG/EntryWidget" FILE="D:/LearnData/UnrealProject/UnrealLearn/UMGLearn/Content/UMG/EntryWidget.uasset" SILENT=true
[2026.07.18-00.42.23:192][749]LogSavePackage: Moving 'D:/LearnData/UnrealProject/UnrealLearn/UMGLearn/Saved/EntryWidget4D5947364B784F66BBDAF2949ED6E804.tmp' to 'D:/LearnData/UnrealProject/UnrealLearn/UMGLearn/Content/UMG/EntryWidget.uasset'
[2026.07.18-00.42.23:217][749]AssetCheck: New page: Asset Save: EntryWidget
[2026.07.18-00.42.23:217][749]LogContentValidation: Display: Validating WidgetBlueprint /Game/UMG/EntryWidget.EntryWidget
[2026.07.18-00.42.49:269][965]LogSlate: Window 'Color Picker' being destroyed
[2026.07.18-00.42.55:462][696]Cmd: OBJ SAVEPACKAGE PACKAGE="/Game/UMG/EntryWidget" FILE="D:/LearnData/UnrealProject/UnrealLearn/UMGLearn/Content/UMG/EntryWidget.uasset" SILENT=true
[2026.07.18-00.42.55:467][696]LogSavePackage: Moving 'D:/LearnData/UnrealProject/UnrealLearn/UMGLearn/Saved/EntryWidget34EFCFA442864E8BA2D89FAEB1CC6C9A.tmp' to 'D:/LearnData/UnrealProject/UnrealLearn/UMGLearn/Content/UMG/EntryWidget.uasset'
[2026.07.18-00.42.55:487][696]AssetCheck: New page: Asset Save: EntryWidget
[2026.07.18-00.42.55:487][696]LogContentValidation: Display: Validating WidgetBlueprint /Game/UMG/EntryWidget.EntryWidget
[2026.07.18-00.42.55:675][718]BlueprintLog: New page: Compile EntryWidget
[2026.07.18-00.42.55:730][718]LogUObjectHash: Compacting FUObjectHashTables data took   3.32ms
[2026.07.18-00.43.13:534][526]Cmd: OBJ SAVEPACKAGE PACKAGE="/Game/UMG/EntryWidget" FILE="D:/LearnData/UnrealProject/UnrealLearn/UMGLearn/Content/UMG/EntryWidget.uasset" SILENT=true
[2026.07.18-00.43.13:538][526]LogSavePackage: Moving 'D:/LearnData/UnrealProject/UnrealLearn/UMGLearn/Saved/EntryWidgetB0A7083B404F0A85B5EA80A0AC8794D8.tmp' to 'D:/LearnData/UnrealProject/UnrealLearn/UMGLearn/Content/UMG/EntryWidget.uasset'
[2026.07.18-00.43.13:566][526]AssetCheck: New page: Asset Save: EntryWidget
[2026.07.18-00.43.13:566][526]LogContentValidation: Display: Validating WidgetBlueprint /Game/UMG/EntryWidget.EntryWidget
[2026.07.18-00.43.13:784][550]Cmd: OBJ SAVEPACKAGE PACKAGE="/Game/UMG/EntryWidget" FILE="D:/LearnData/UnrealProject/UnrealLearn/UMGLearn/Content/UMG/EntryWidget.uasset" SILENT=true
[2026.07.18-00.43.13:798][550]LogSavePackage: Moving 'D:/LearnData/UnrealProject/UnrealLearn/UMGLearn/Saved/EntryWidgetEB9B204146B7307B157371ABAA220894.tmp' to 'D:/LearnData/UnrealProject/UnrealLearn/UMGLearn/Content/UMG/EntryWidget.uasset'
[2026.07.18-00.43.13:818][550]AssetCheck: New page: Asset Save: EntryWidget
[2026.07.18-00.43.13:818][550]LogContentValidation: Display: Validating WidgetBlueprint /Game/UMG/EntryWidget.EntryWidget
[2026.07.18-00.43.13:976][568]BlueprintLog: New page: Compile EntryWidget
[2026.07.18-00.43.14:014][568]LogUObjectHash: Compacting FUObjectHashTables data took   2.81ms
[2026.07.18-00.43.14:295][598]Cmd: OBJ SAVEPACKAGE PACKAGE="/Game/UMG/EntryWidget" FILE="D:/LearnData/UnrealProject/UnrealLearn/UMGLearn/Content/UMG/EntryWidget.uasset" SILENT=true
[2026.07.18-00.43.14:307][598]LogSavePackage: Moving 'D:/LearnData/UnrealProject/UnrealLearn/UMGLearn/Saved/EntryWidget06513E384E52A5B06E86F8BD9BBD4E8C.tmp' to 'D:/LearnData/UnrealProject/UnrealLearn/UMGLearn/Content/UMG/EntryWidget.uasset'
[2026.07.18-00.43.14:322][598]AssetCheck: New page: Asset Save: EntryWidget
[2026.07.18-00.43.14:322][598]LogContentValidation: Display: Validating WidgetBlueprint /Game/UMG/EntryWidget.EntryWidget
[2026.07.18-00.43.19:424][208]LogEditorTransaction: Undo Edit Specified Color
[2026.07.18-00.43.29:695][379]LogSlate: Window 'Color Picker' being destroyed
[2026.07.18-00.43.39:695][568]Cmd: OBJ SAVEPACKAGE PACKAGE="/Game/UMG/EntryWidget" FILE="D:/LearnData/UnrealProject/UnrealLearn/UMGLearn/Content/UMG/EntryWidget.uasset" SILENT=true
[2026.07.18-00.43.39:698][568]LogSavePackage: Moving 'D:/LearnData/UnrealProject/UnrealLearn/UMGLearn/Saved/EntryWidget8861044D4F884BE6B93CB0AA31E0FD23.tmp' to 'D:/LearnData/UnrealProject/UnrealLearn/UMGLearn/Content/UMG/EntryWidget.uasset'
[2026.07.18-00.43.39:713][568]AssetCheck: New page: Asset Save: EntryWidget
[2026.07.18-00.43.39:713][568]LogContentValidation: Display: Validating WidgetBlueprint /Game/UMG/EntryWidget.EntryWidget
[2026.07.18-00.43.50:158][817]Cmd: OBJ SAVEPACKAGE PACKAGE="/Game/UMG/EntryWidget" FILE="D:/LearnData/UnrealProject/UnrealLearn/UMGLearn/Content/UMG/EntryWidget.uasset" SILENT=true
[2026.07.18-00.43.50:162][817]LogSavePackage: Moving 'D:/LearnData/UnrealProject/UnrealLearn/UMGLearn/Saved/EntryWidgetEEB6F58349A0CEAF384B2F97C4991FC9.tmp' to 'D:/LearnData/UnrealProject/UnrealLearn/UMGLearn/Content/UMG/EntryWidget.uasset'
[2026.07.18-00.43.50:180][817]AssetCheck: New page: Asset Save: EntryWidget
[2026.07.18-00.43.50:180][817]LogContentValidation: Display: Validating WidgetBlueprint /Game/UMG/EntryWidget.EntryWidget
[2026.07.18-00.43.50:348][836]BlueprintLog: New page: Compile EntryWidget
[2026.07.18-00.43.50:390][836]LogUObjectHash: Compacting FUObjectHashTables data took   2.99ms
[2026.07.18-00.43.50:882][887]Cmd: OBJ SAVEPACKAGE PACKAGE="/Game/UMG/EntryWidget" FILE="D:/LearnData/UnrealProject/UnrealLearn/UMGLearn/Content/UMG/EntryWidget.uasset" SILENT=true
[2026.07.18-00.43.50:886][887]LogSavePackage: Moving 'D:/LearnData/UnrealProject/UnrealLearn/UMGLearn/Saved/EntryWidget6A35194D4D68F067485DAF92FBB53C54.tmp' to 'D:/LearnData/UnrealProject/UnrealLearn/UMGLearn/Content/UMG/EntryWidget.uasset'
[2026.07.18-00.43.50:910][887]AssetCheck: New page: Asset Save: EntryWidget
[2026.07.18-00.43.50:910][887]LogContentValidation: Display: Validating WidgetBlueprint /Game/UMG/EntryWidget.EntryWidget
[2026.07.18-00.44.12:256][225]LogSlate: Prevented a slow task dialog from being summoned while a context menu was open
[2026.07.18-00.44.12:275][225]LogEditorClassViewer: Warning: Class /Engine/Tutorial/InWorldBlueprintEditing/TutorialAssets/IWBE_Blutility.IWBE_Blutility_C has parent /Script/Blutility.PlacedEditorUtilityBase, but this parent is not found. The Class will not be shown in ClassViewer.
[2026.07.18-00.44.30:042][631]Cmd: OBJ SAVEPACKAGE PACKAGE="/Game/UMG/EntryWidget" FILE="D:/LearnData/UnrealProject/UnrealLearn/UMGLearn/Content/UMG/EntryWidget.uasset" SILENT=true
[2026.07.18-00.44.30:047][631]LogSavePackage: Moving 'D:/LearnData/UnrealProject/UnrealLearn/UMGLearn/Saved/EntryWidget2DB694064E39665A5D89C49D8CE14888.tmp' to 'D:/LearnData/UnrealProject/UnrealLearn/UMGLearn/Content/UMG/EntryWidget.uasset'
[2026.07.18-00.44.30:072][631]AssetCheck: New page: Asset Save: EntryWidget
[2026.07.18-00.44.30:074][631]LogContentValidation: Display: Validating WidgetBlueprint /Game/UMG/EntryWidget.EntryWidget
[2026.07.18-00.44.35:327][242]Cmd: OBJ SAVEPACKAGE PACKAGE="/Game/UMG/EntryWidget" FILE="D:/LearnData/UnrealProject/UnrealLearn/UMGLearn/Content/UMG/EntryWidget.uasset" SILENT=true
[2026.07.18-00.44.35:332][242]LogSavePackage: Moving 'D:/LearnData/UnrealProject/UnrealLearn/UMGLearn/Saved/EntryWidget010B8B524492EFE3DD28379686DC3B58.tmp' to 'D:/LearnData/UnrealProject/UnrealLearn/UMGLearn/Content/UMG/EntryWidget.uasset'
[2026.07.18-00.44.35:364][242]AssetCheck: New page: Asset Save: EntryWidget
[2026.07.18-00.44.35:364][242]LogContentValidation: Display: Validating WidgetBlueprint /Game/UMG/EntryWidget.EntryWidget
[2026.07.18-00.44.35:717][281]Cmd: OBJ SAVEPACKAGE PACKAGE="/Game/UMG/EntryWidget" FILE="D:/LearnData/UnrealProject/UnrealLearn/UMGLearn/Content/UMG/EntryWidget.uasset" SILENT=true
[2026.07.18-00.44.35:721][281]LogSavePackage: Moving 'D:/LearnData/UnrealProject/UnrealLearn/UMGLearn/Saved/EntryWidgetADE54B6A44BACB2496BB6FB0787E4CDD.tmp' to 'D:/LearnData/UnrealProject/UnrealLearn/UMGLearn/Content/UMG/EntryWidget.uasset'
[2026.07.18-00.44.35:742][281]AssetCheck: New page: Asset Save: EntryWidget
[2026.07.18-00.44.35:742][281]LogContentValidation: Display: Validating WidgetBlueprint /Game/UMG/EntryWidget.EntryWidget
[2026.07.18-00.44.35:946][305]BlueprintLog: New page: Compile EntryWidget
[2026.07.18-00.44.35:988][305]LogUObjectHash: Compacting FUObjectHashTables data took   2.73ms
[2026.07.18-00.44.36:243][327]Cmd: OBJ SAVEPACKAGE PACKAGE="/Game/UMG/EntryWidget" FILE="D:/LearnData/UnrealProject/UnrealLearn/UMGLearn/Content/UMG/EntryWidget.uasset" SILENT=true
[2026.07.18-00.44.36:247][327]LogSavePackage: Moving 'D:/LearnData/UnrealProject/UnrealLearn/UMGLearn/Saved/EntryWidget9100390141872F396E25718A489FBB41.tmp' to 'D:/LearnData/UnrealProject/UnrealLearn/UMGLearn/Content/UMG/EntryWidget.uasset'
[2026.07.18-00.44.36:273][327]AssetCheck: New page: Asset Save: EntryWidget
[2026.07.18-00.44.36:273][327]LogContentValidation: Display: Validating WidgetBlueprint /Game/UMG/EntryWidget.EntryWidget
[2026.07.18-00.47.43:620][966]LogUObjectHash: Compacting FUObjectHashTables data took   3.19ms
[2026.07.18-00.47.43:660][966]LogSavePackage: Moving 'D:/LearnData/UnrealProject/UnrealLearn/UMGLearn/Saved/ThirdPersonExampleMap_Auto26F7E70174FCD4D78C65D7483E63B5B9A.tmp' to 'D:/LearnData/UnrealProject/UnrealLearn/UMGLearn/Saved/Autosaves/Game/ThirdPersonBP/Maps/ThirdPersonExampleMap_Auto2.umap'
[2026.07.18-00.47.43:662][966]LogFileHelpers: Editor autosave (incl. external actors) for '/Game/ThirdPersonBP/Maps/ThirdPersonExampleMap' took 0.070
[2026.07.18-00.47.43:662][966]LogFileHelpers: Editor autosave (incl. sublevels & external actors) for all levels took 0.070
[2026.07.18-00.57.40:845][256]LogAssetEditorSubsystem: Opening Asset editor for WidgetBlueprint /Game/UMG/ListViewWidget.ListViewWidget
[2026.07.18-00.57.54:011][344]Cmd: OBJ SAVEPACKAGE PACKAGE="/Game/UMG/ListViewWidget" FILE="D:/LearnData/UnrealProject/UnrealLearn/UMGLearn/Content/UMG/ListViewWidget.uasset" SILENT=true
[2026.07.18-00.57.54:015][344]LogSavePackage: Moving 'D:/LearnData/UnrealProject/UnrealLearn/UMGLearn/Saved/ListViewWidget6DD7BF2B47C510F367F6F4BE7EFDE104.tmp' to 'D:/LearnData/UnrealProject/UnrealLearn/UMGLearn/Content/UMG/ListViewWidget.uasset'
[2026.07.18-00.57.54:041][344]AssetCheck: New page: Asset Save: ListViewWidget
[2026.07.18-00.57.54:041][344]LogContentValidation: Display: Validating WidgetBlueprint /Game/UMG/ListViewWidget.ListViewWidget
[2026.07.18-00.58.18:810][264]LogSlate: Prevented a slow task dialog from being summoned while a context menu was open
[2026.07.18-00.58.18:830][264]LogEditorClassViewer: Warning: Class /Engine/Tutorial/InWorldBlueprintEditing/TutorialAssets/IWBE_Blutility.IWBE_Blutility_C has parent /Script/Blutility.PlacedEditorUtilityBase, but this parent is not found. The Class will not be shown in ClassViewer.
[2026.07.18-00.58.55:595][744]Cmd: OBJ SAVEPACKAGE PACKAGE="/Game/UMG/ListViewWidget" FILE="D:/LearnData/UnrealProject/UnrealLearn/UMGLearn/Content/UMG/ListViewWidget.uasset" SILENT=true
[2026.07.18-00.58.55:598][744]LogSavePackage: Moving 'D:/LearnData/UnrealProject/UnrealLearn/UMGLearn/Saved/ListViewWidget34AC75084AB78D3BE3F7E6AE38288872.tmp' to 'D:/LearnData/UnrealProject/UnrealLearn/UMGLearn/Content/UMG/ListViewWidget.uasset'
[2026.07.18-00.58.55:618][744]AssetCheck: New page: Asset Save: ListViewWidget
[2026.07.18-00.58.55:618][744]LogContentValidation: Display: Validating WidgetBlueprint /Game/UMG/ListViewWidget.ListViewWidget
[2026.07.18-00.58.55:996][784]Cmd: OBJ SAVEPACKAGE PACKAGE="/Game/UMG/ListViewWidget" FILE="D:/LearnData/UnrealProject/UnrealLearn/UMGLearn/Content/UMG/ListViewWidget.uasset" SILENT=true
[2026.07.18-00.58.55:999][784]LogSavePackage: Moving 'D:/LearnData/UnrealProject/UnrealLearn/UMGLearn/Saved/ListViewWidget2DDC0D9D4B2CD1F3E4711A86854F9ADA.tmp' to 'D:/LearnData/UnrealProject/UnrealLearn/UMGLearn/Content/UMG/ListViewWidget.uasset'
[2026.07.18-00.58.56:028][784]AssetCheck: New page: Asset Save: ListViewWidget
[2026.07.18-00.58.56:028][784]LogContentValidation: Display: Validating WidgetBlueprint /Game/UMG/ListViewWidget.ListViewWidget
[2026.07.18-00.58.56:185][803]BlueprintLog: New page: Compile ListViewWidget
[2026.07.18-00.58.56:245][803]LogUObjectHash: Compacting FUObjectHashTables data took   3.24ms
[2026.07.18-00.58.56:465][824]Cmd: OBJ SAVEPACKAGE PACKAGE="/Game/UMG/ListViewWidget" FILE="D:/LearnData/UnrealProject/UnrealLearn/UMGLearn/Content/UMG/ListViewWidget.uasset" SILENT=true
[2026.07.18-00.58.56:469][824]LogSavePackage: Moving 'D:/LearnData/UnrealProject/UnrealLearn/UMGLearn/Saved/ListViewWidgetA0CFB6184E4ED98F19C888B3FA8757C8.tmp' to 'D:/LearnData/UnrealProject/UnrealLearn/UMGLearn/Content/UMG/ListViewWidget.uasset'
[2026.07.18-00.58.56:495][824]AssetCheck: New page: Asset Save: ListViewWidget
[2026.07.18-00.58.56:495][824]LogContentValidation: Display: Validating WidgetBlueprint /Game/UMG/ListViewWidget.ListViewWidget
[2026.07.18-00.59.20:922][936]LogUObjectHash: Compacting FUObjectHashTables data took   2.89ms
[2026.07.18-00.59.20:954][936]LogSavePackage: Moving 'D:/LearnData/UnrealProject/UnrealLearn/UMGLearn/Saved/ThirdPersonExampleMap_Auto3640915494CAEFBBE270CD1863D05911C.tmp' to 'D:/LearnData/UnrealProject/UnrealLearn/UMGLearn/Saved/Autosaves/Game/ThirdPersonBP/Maps/ThirdPersonExampleMap_Auto3.umap'
[2026.07.18-00.59.20:956][936]LogFileHelpers: Editor autosave (incl. external actors) for '/Game/ThirdPersonBP/Maps/ThirdPersonExampleMap' took 0.062
[2026.07.18-00.59.20:956][936]LogFileHelpers: Editor autosave (incl. sublevels & external actors) for all levels took 0.062
[2026.07.18-00.59.31:148][730]Cmd: OBJ SAVEPACKAGE PACKAGE="/Game/UMG/ListViewWidget" FILE="D:/LearnData/UnrealProject/UnrealLearn/UMGLearn/Content/UMG/ListViewWidget.uasset" SILENT=true
[2026.07.18-00.59.31:151][730]LogSavePackage: Moving 'D:/LearnData/UnrealProject/UnrealLearn/UMGLearn/Saved/ListViewWidget15F5E2714356381C7E06DCBECAC841F2.tmp' to 'D:/LearnData/UnrealProject/UnrealLearn/UMGLearn/Content/UMG/ListViewWidget.uasset'
[2026.07.18-00.59.31:166][730]AssetCheck: New page: Asset Save: ListViewWidget
[2026.07.18-00.59.31:166][730]LogContentValidation: Display: Validating WidgetBlueprint /Game/UMG/ListViewWidget.ListViewWidget
[2026.07.18-01.02.37:998][638]LogSlate: Took 0.007223 seconds to synchronously load lazily loaded font '../../../Engine/Content/Slate/Fonts/Roboto-BoldCondensedItalic.ttf' (160K)
[2026.07.18-01.02.48:120][818]Cmd: OBJ SAVEPACKAGE PACKAGE="/Game/UMG/EntryWidget" FILE="D:/LearnData/UnrealProject/UnrealLearn/UMGLearn/Content/UMG/EntryWidget.uasset" SILENT=true
[2026.07.18-01.02.48:125][818]LogSavePackage: Moving 'D:/LearnData/UnrealProject/UnrealLearn/UMGLearn/Saved/EntryWidget007F476A4D6BCF74EC3996A962FAA4E3.tmp' to 'D:/LearnData/UnrealProject/UnrealLearn/UMGLearn/Content/UMG/EntryWidget.uasset'
[2026.07.18-01.02.48:146][818]AssetCheck: New page: Asset Save: EntryWidget
[2026.07.18-01.02.48:146][818]LogContentValidation: Display: Validating WidgetBlueprint /Game/UMG/EntryWidget.EntryWidget
[2026.07.18-01.02.48:491][854]Cmd: OBJ SAVEPACKAGE PACKAGE="/Game/UMG/EntryWidget" FILE="D:/LearnData/UnrealProject/UnrealLearn/UMGLearn/Content/UMG/EntryWidget.uasset" SILENT=true
[2026.07.18-01.02.48:495][854]LogSavePackage: Moving 'D:/LearnData/UnrealProject/UnrealLearn/UMGLearn/Saved/EntryWidget3642D3504D3A86CE832781A4FCE12B09.tmp' to 'D:/LearnData/UnrealProject/UnrealLearn/UMGLearn/Content/UMG/EntryWidget.uasset'
[2026.07.18-01.02.48:524][854]AssetCheck: New page: Asset Save: EntryWidget
[2026.07.18-01.02.48:524][854]LogContentValidation: Display: Validating WidgetBlueprint /Game/UMG/EntryWidget.EntryWidget
[2026.07.18-01.02.48:693][874]BlueprintLog: New page: Compile EntryWidget
[2026.07.18-01.02.48:746][874]LogUObjectHash: Compacting FUObjectHashTables data took   2.92ms
[2026.07.18-01.02.54:208][322]LogSlate: Window 'Widget Reflector' being destroyed
[2026.07.18-01.02.54:217][322]LogSlate: Window 'Widget Reflector' being destroyed
[2026.07.18-01.03.45:390][813]LogSlate: Window 'Pick Parent Class' being destroyed
[2026.07.18-01.03.45:400][813]LogContentBrowser: Deferred new asset file creation: NewBlueprint
[2026.07.18-01.03.45:411][813]LogContentBrowser: Creating deferred item: NewBlueprint
[2026.07.18-01.03.46:213][909]LogContentBrowser: Attempting asset rename: NewBlueprint -> NewBlueprint
[2026.07.18-01.03.46:217][909]LogContentBrowser: End creating deferred item NewBlueprint
[2026.07.18-01.03.46:838][978]LogUObjectHash: Compacting FUObjectHashTables data took   2.99ms
[2026.07.18-01.03.47:660][978]LogSlate: Window 'Delete Assets' being destroyed
[2026.07.18-01.03.47:753][978]LogUObjectHash: Compacting FUObjectHashTables data took   1.99ms
[2026.07.18-01.03.52:015][199]LogEditorClassViewer: Warning: Class /Engine/Tutorial/InWorldBlueprintEditing/TutorialAssets/IWBE_Blutility.IWBE_Blutility_C has parent /Script/Blutility.PlacedEditorUtilityBase, but this parent is not found. The Class will not be shown in ClassViewer.
[2026.07.18-01.03.52:020][199]LogSlate: Warning: Slate: Had to block on waiting for a draw buffer
[2026.07.18-01.03.54:819][199]LogSlate: Window 'Pick Parent Class' being destroyed
[2026.07.18-01.03.54:831][199]LogContentBrowser: Deferred new asset file creation: NewBlueprint
[2026.07.18-01.03.54:843][199]LogContentBrowser: Creating deferred item: NewBlueprint
[2026.07.18-01.03.56:066][338]LogContentBrowser: Attempting asset rename: NewBlueprint -> ItemDataObject
[2026.07.18-01.03.56:069][338]LogContentBrowser: End creating deferred item NewBlueprint
[2026.07.18-01.03.57:068][451]LogAssetEditorSubsystem: Opening Asset editor for Blueprint /Game/UMG/ItemDataObject.ItemDataObject
[2026.07.18-01.03.59:447][703]Cmd: OBJ SAVEPACKAGE PACKAGE="/Game/UMG/ItemDataObject" FILE="D:/LearnData/UnrealProject/UnrealLearn/UMGLearn/Content/UMG/ItemDataObject.uasset" SILENT=true
[2026.07.18-01.03.59:449][703]LogSavePackage: Moving 'D:/LearnData/UnrealProject/UnrealLearn/UMGLearn/Saved/ItemDataObject00BBFEBA4308A6CB13C3B884B70E2A04.tmp' to 'D:/LearnData/UnrealProject/UnrealLearn/UMGLearn/Content/UMG/ItemDataObject.uasset'
[2026.07.18-01.03.59:465][703]AssetCheck: New page: Asset Save: ItemDataObject
[2026.07.18-01.03.59:465][703]LogContentValidation: Display: Validating Blueprint /Game/UMG/ItemDataObject.ItemDataObject
[2026.07.18-01.08.17:092][896]Cmd: OBJ SAVEPACKAGE PACKAGE="/Game/UMG/ItemDataObject" FILE="D:/LearnData/UnrealProject/UnrealLearn/UMGLearn/Content/UMG/ItemDataObject.uasset" SILENT=true
[2026.07.18-01.08.17:095][896]LogSavePackage: Moving 'D:/LearnData/UnrealProject/UnrealLearn/UMGLearn/Saved/ItemDataObjectB6BEFF4E4CBAC1394831288FD17DDEF5.tmp' to 'D:/LearnData/UnrealProject/UnrealLearn/UMGLearn/Content/UMG/ItemDataObject.uasset'
[2026.07.18-01.08.17:129][896]AssetCheck: New page: Asset Save: ItemDataObject
[2026.07.18-01.08.17:130][896]LogContentValidation: Display: Validating Blueprint /Game/UMG/ItemDataObject.ItemDataObject
[2026.07.18-01.08.17:908][979]Cmd: OBJ SAVEPACKAGE PACKAGE="/Game/UMG/ItemDataObject" FILE="D:/LearnData/UnrealProject/UnrealLearn/UMGLearn/Content/UMG/ItemDataObject.uasset" SILENT=true
[2026.07.18-01.08.17:910][979]LogSavePackage: Moving 'D:/LearnData/UnrealProject/UnrealLearn/UMGLearn/Saved/ItemDataObject7ABBD76D41804077CE9E54B195A6DDB0.tmp' to 'D:/LearnData/UnrealProject/UnrealLearn/UMGLearn/Content/UMG/ItemDataObject.uasset'
[2026.07.18-01.08.17:940][979]AssetCheck: New page: Asset Save: ItemDataObject
[2026.07.18-01.08.17:940][979]LogContentValidation: Display: Validating Blueprint /Game/UMG/ItemDataObject.ItemDataObject
[2026.07.18-01.08.18:392][ 31]BlueprintLog: New page: Compile ItemDataObject
[2026.07.18-01.08.18:427][ 31]LogUObjectHash: Compacting FUObjectHashTables data took   2.99ms
[2026.07.18-01.08.18:910][ 81]Cmd: OBJ SAVEPACKAGE PACKAGE="/Game/UMG/ItemDataObject" FILE="D:/LearnData/UnrealProject/UnrealLearn/UMGLearn/Content/UMG/ItemDataObject.uasset" SILENT=true
[2026.07.18-01.08.18:912][ 81]LogSavePackage: Moving 'D:/LearnData/UnrealProject/UnrealLearn/UMGLearn/Saved/ItemDataObjectC1369EA84633DD657400828A2492C5C1.tmp' to 'D:/LearnData/UnrealProject/UnrealLearn/UMGLearn/Content/UMG/ItemDataObject.uasset'
[2026.07.18-01.08.18:930][ 81]AssetCheck: New page: Asset Save: ItemDataObject
[2026.07.18-01.08.18:930][ 81]LogContentValidation: Display: Validating Blueprint /Game/UMG/ItemDataObject.ItemDataObject
[2026.07.18-01.08.19:352][129]Cmd: OBJ SAVEPACKAGE PACKAGE="/Game/UMG/ItemDataObject" FILE="D:/LearnData/UnrealProject/UnrealLearn/UMGLearn/Content/UMG/ItemDataObject.uasset" SILENT=true
[2026.07.18-01.08.19:354][129]LogSavePackage: Moving 'D:/LearnData/UnrealProject/UnrealLearn/UMGLearn/Saved/ItemDataObjectB48B6FA545224D1B214ABF8E406EBF2C.tmp' to 'D:/LearnData/UnrealProject/UnrealLearn/UMGLearn/Content/UMG/ItemDataObject.uasset'
[2026.07.18-01.08.19:376][129]AssetCheck: New page: Asset Save: ItemDataObject
[2026.07.18-01.08.19:376][129]LogContentValidation: Display: Validating Blueprint /Game/UMG/ItemDataObject.ItemDataObject
[2026.07.18-01.08.53:387][499]LogSlate: Prevented a slow task dialog from being summoned while a context menu was open
[2026.07.18-01.08.53:408][499]LogEditorClassViewer: Warning: Class /Engine/Tutorial/InWorldBlueprintEditing/TutorialAssets/IWBE_Blutility.IWBE_Blutility_C has parent /Script/Blutility.PlacedEditorUtilityBase, but this parent is not found. The Class will not be shown in ClassViewer.
[2026.07.18-01.08.59:050][168]Cmd: OBJ SAVEPACKAGE PACKAGE="/Game/UMG/ListViewWidget" FILE="D:/LearnData/UnrealProject/UnrealLearn/UMGLearn/Content/UMG/ListViewWidget.uasset" SILENT=true
[2026.07.18-01.08.59:055][168]LogSavePackage: Moving 'D:/LearnData/UnrealProject/UnrealLearn/UMGLearn/Saved/ListViewWidget4139F42343DC28E3A2E8A8A2375537D4.tmp' to 'D:/LearnData/UnrealProject/UnrealLearn/UMGLearn/Content/UMG/ListViewWidget.uasset'
[2026.07.18-01.08.59:075][168]AssetCheck: New page: Asset Save: ListViewWidget
[2026.07.18-01.08.59:075][168]LogContentValidation: Display: Validating WidgetBlueprint /Game/UMG/ListViewWidget.ListViewWidget
[2026.07.18-01.09.07:993][179]Cmd: OBJ SAVEPACKAGE PACKAGE="/Game/UMG/ListViewWidget" FILE="D:/LearnData/UnrealProject/UnrealLearn/UMGLearn/Content/UMG/ListViewWidget.uasset" SILENT=true
[2026.07.18-01.09.07:998][179]LogSavePackage: Moving 'D:/LearnData/UnrealProject/UnrealLearn/UMGLearn/Saved/ListViewWidgetDB89F26942897CE721D6F2A1548E9E74.tmp' to 'D:/LearnData/UnrealProject/UnrealLearn/UMGLearn/Content/UMG/ListViewWidget.uasset'
[2026.07.18-01.09.08:021][179]AssetCheck: New page: Asset Save: ListViewWidget
[2026.07.18-01.09.08:021][179]LogContentValidation: Display: Validating WidgetBlueprint /Game/UMG/ListViewWidget.ListViewWidget
[2026.07.18-01.09.08:797][267]Cmd: OBJ SAVEPACKAGE PACKAGE="/Game/UMG/ListViewWidget" FILE="D:/LearnData/UnrealProject/UnrealLearn/UMGLearn/Content/UMG/ListViewWidget.uasset" SILENT=true
[2026.07.18-01.09.08:801][267]LogSavePackage: Moving 'D:/LearnData/UnrealProject/UnrealLearn/UMGLearn/Saved/ListViewWidget5333B50240E00F8F64D8D49863C42DFA.tmp' to 'D:/LearnData/UnrealProject/UnrealLearn/UMGLearn/Content/UMG/ListViewWidget.uasset'
[2026.07.18-01.09.08:825][267]AssetCheck: New page: Asset Save: ListViewWidget
[2026.07.18-01.09.08:825][267]LogContentValidation: Display: Validating WidgetBlueprint /Game/UMG/ListViewWidget.ListViewWidget
[2026.07.18-01.09.08:983][285]BlueprintLog: New page: Compile ListViewWidget
[2026.07.18-01.09.08:991][285]LogBlueprint: Error: [AssetLog] D:\LearnData\UnrealProject\UnrealLearn\UMGLearn\Content\UMG\ListViewWidget.uasset: [Compiler] Outer object is required in  Construct Object from Class
[2026.07.18-01.09.09:035][285]LogUObjectHash: Compacting FUObjectHashTables data took   3.26ms
[2026.07.18-01.10.00:881][373]Cmd: OBJ SAVEPACKAGE PACKAGE="/Game/UMG/ListViewWidget" FILE="D:/LearnData/UnrealProject/UnrealLearn/UMGLearn/Content/UMG/ListViewWidget.uasset" SILENT=true
[2026.07.18-01.10.00:886][373]LogSavePackage: Moving 'D:/LearnData/UnrealProject/UnrealLearn/UMGLearn/Saved/ListViewWidget6301AF1C4512B1EBE14C8892AA64AD98.tmp' to 'D:/LearnData/UnrealProject/UnrealLearn/UMGLearn/Content/UMG/ListViewWidget.uasset'
[2026.07.18-01.10.00:913][373]AssetCheck: New page: Asset Save: ListViewWidget
[2026.07.18-01.10.00:913][373]LogContentValidation: Display: Validating WidgetBlueprint /Game/UMG/ListViewWidget.ListViewWidget
[2026.07.18-01.10.02:692][584]Cmd: OBJ SAVEPACKAGE PACKAGE="/Game/UMG/ListViewWidget" FILE="D:/LearnData/UnrealProject/UnrealLearn/UMGLearn/Content/UMG/ListViewWidget.uasset" SILENT=true
[2026.07.18-01.10.02:697][584]LogSavePackage: Moving 'D:/LearnData/UnrealProject/UnrealLearn/UMGLearn/Saved/ListViewWidget8E3B11234C34C2CCEE47FCBEB059A596.tmp' to 'D:/LearnData/UnrealProject/UnrealLearn/UMGLearn/Content/UMG/ListViewWidget.uasset'
[2026.07.18-01.10.02:720][584]AssetCheck: New page: Asset Save: ListViewWidget
[2026.07.18-01.10.02:720][584]LogContentValidation: Display: Validating WidgetBlueprint /Game/UMG/ListViewWidget.ListViewWidget
[2026.07.18-01.10.06:628][927]Cmd: OBJ SAVEPACKAGE PACKAGE="/Game/UMG/ListViewWidget" FILE="D:/LearnData/UnrealProject/UnrealLearn/UMGLearn/Content/UMG/ListViewWidget.uasset" SILENT=true
[2026.07.18-01.10.06:633][927]LogSavePackage: Moving 'D:/LearnData/UnrealProject/UnrealLearn/UMGLearn/Saved/ListViewWidgetAFDD49FD49B95975A911A5B959E4C262.tmp' to 'D:/LearnData/UnrealProject/UnrealLearn/UMGLearn/Content/UMG/ListViewWidget.uasset'
[2026.07.18-01.10.06:649][927]AssetCheck: New page: Asset Save: ListViewWidget
[2026.07.18-01.10.06:649][927]LogContentValidation: Display: Validating WidgetBlueprint /Game/UMG/ListViewWidget.ListViewWidget
[2026.07.18-01.10.09:829][146]Cmd: OBJ SAVEPACKAGE PACKAGE="/Game/UMG/ListViewWidget" FILE="D:/LearnData/UnrealProject/UnrealLearn/UMGLearn/Content/UMG/ListViewWidget.uasset" SILENT=true
[2026.07.18-01.10.09:835][146]LogSavePackage: Moving 'D:/LearnData/UnrealProject/UnrealLearn/UMGLearn/Saved/ListViewWidgetB8434D614B8FC0301D1EFA906F851F03.tmp' to 'D:/LearnData/UnrealProject/UnrealLearn/UMGLearn/Content/UMG/ListViewWidget.uasset'
[2026.07.18-01.10.09:855][146]AssetCheck: New page: Asset Save: ListViewWidget
[2026.07.18-01.10.09:855][146]LogContentValidation: Display: Validating WidgetBlueprint /Game/UMG/ListViewWidget.ListViewWidget
[2026.07.18-01.10.10:746][249]Cmd: OBJ SAVEPACKAGE PACKAGE="/Game/UMG/ListViewWidget" FILE="D:/LearnData/UnrealProject/UnrealLearn/UMGLearn/Content/UMG/ListViewWidget.uasset" SILENT=true
[2026.07.18-01.10.10:752][249]LogSavePackage: Moving 'D:/LearnData/UnrealProject/UnrealLearn/UMGLearn/Saved/ListViewWidget58F1B8794CDE1A359476F89DFC88AE08.tmp' to 'D:/LearnData/UnrealProject/UnrealLearn/UMGLearn/Content/UMG/ListViewWidget.uasset'
[2026.07.18-01.10.10:775][249]AssetCheck: New page: Asset Save: ListViewWidget
[2026.07.18-01.10.10:775][249]LogContentValidation: Display: Validating WidgetBlueprint /Game/UMG/ListViewWidget.ListViewWidget
[2026.07.18-01.10.11:043][281]BlueprintLog: New page: Compile ListViewWidget
[2026.07.18-01.10.11:089][281]LogUObjectHash: Compacting FUObjectHashTables data took   3.12ms
[2026.07.18-01.10.35:922][390]LogUObjectHash: Compacting FUObjectHashTables data took   2.97ms
[2026.07.18-01.10.35:939][390]LogSavePackage: Moving 'D:/LearnData/UnrealProject/UnrealLearn/UMGLearn/Saved/ThirdPersonExampleMap_Auto41B1930E74408DF4E57F028800B54B53C.tmp' to 'D:/LearnData/UnrealProject/UnrealLearn/UMGLearn/Saved/Autosaves/Game/ThirdPersonBP/Maps/ThirdPersonExampleMap_Auto4.umap'
[2026.07.18-01.10.35:940][390]LogFileHelpers: Editor autosave (incl. external actors) for '/Game/ThirdPersonBP/Maps/ThirdPersonExampleMap' took 0.046
[2026.07.18-01.10.35:940][390]LogFileHelpers: Editor autosave (incl. sublevels & external actors) for all levels took 0.046
[2026.07.18-01.10.35:940][390]OBJ SavePackage: Generating thumbnails for [0] asset(s) in package [/Game/UMG/EntryWidget] ([2] browsable assets)...
[2026.07.18-01.10.35:940][390]OBJ SavePackage: Finished generating thumbnails for package [/Game/UMG/EntryWidget]
[2026.07.18-01.10.35:940][390]Cmd: OBJ SAVEPACKAGE PACKAGE="/Game/UMG/EntryWidget" FILE="D:/LearnData/UnrealProject/UnrealLearn/UMGLearn/Saved/Autosaves/Game/UMG/EntryWidget_Auto4.uasset" SILENT=false AUTOSAVING=true
[2026.07.18-01.10.35:945][390]LogSavePackage: Moving 'D:/LearnData/UnrealProject/UnrealLearn/UMGLearn/Saved/EntryWidget_Auto44C4F88AD4697936850E9ECBB54CF440D.tmp' to 'D:/LearnData/UnrealProject/UnrealLearn/UMGLearn/Saved/Autosaves/Game/UMG/EntryWidget_Auto4.uasset'
[2026.07.18-01.10.35:946][390]LogFileHelpers: Auto-saving content packages took 0.006
[2026.07.18-01.16.17:751][602]Cmd: OBJ SAVEPACKAGE PACKAGE="/Game/UMG/EntryWidget" FILE="D:/LearnData/UnrealProject/UnrealLearn/UMGLearn/Content/UMG/EntryWidget.uasset" SILENT=true
[2026.07.18-01.16.17:758][602]LogSavePackage: Moving 'D:/LearnData/UnrealProject/UnrealLearn/UMGLearn/Saved/EntryWidgetF8F5F5D84EF8D89445A8BE8C210C7A35.tmp' to 'D:/LearnData/UnrealProject/UnrealLearn/UMGLearn/Content/UMG/EntryWidget.uasset'
[2026.07.18-01.16.17:780][602]AssetCheck: New page: Asset Save: EntryWidget
[2026.07.18-01.16.17:780][602]LogContentValidation: Display: Validating WidgetBlueprint /Game/UMG/EntryWidget.EntryWidget
[2026.07.18-01.16.39:514][576]LogEditorTransaction: Undo Add Node
[2026.07.18-01.17.10:964][ 86]Cmd: OBJ SAVEPACKAGE PACKAGE="/Game/UMG/EntryWidget" FILE="D:/LearnData/UnrealProject/UnrealLearn/UMGLearn/Content/UMG/EntryWidget.uasset" SILENT=true
[2026.07.18-01.17.10:969][ 86]LogSavePackage: Moving 'D:/LearnData/UnrealProject/UnrealLearn/UMGLearn/Saved/EntryWidget3F4AC975444767ACCCE1D48CC712ECCA.tmp' to 'D:/LearnData/UnrealProject/UnrealLearn/UMGLearn/Content/UMG/EntryWidget.uasset'
[2026.07.18-01.17.10:997][ 86]AssetCheck: New page: Asset Save: EntryWidget
[2026.07.18-01.17.10:997][ 86]LogContentValidation: Display: Validating WidgetBlueprint /Game/UMG/EntryWidget.EntryWidget
[2026.07.18-01.17.23:470][558]Cmd: OBJ SAVEPACKAGE PACKAGE="/Game/UMG/EntryWidget" FILE="D:/LearnData/UnrealProject/UnrealLearn/UMGLearn/Content/UMG/EntryWidget.uasset" SILENT=true
[2026.07.18-01.17.23:477][558]LogSavePackage: Moving 'D:/LearnData/UnrealProject/UnrealLearn/UMGLearn/Saved/EntryWidget290FA2424857695AAE91F28EC04ED53F.tmp' to 'D:/LearnData/UnrealProject/UnrealLearn/UMGLearn/Content/UMG/EntryWidget.uasset'
[2026.07.18-01.17.23:505][558]AssetCheck: New page: Asset Save: EntryWidget
[2026.07.18-01.17.23:505][558]LogContentValidation: Display: Validating WidgetBlueprint /Game/UMG/EntryWidget.EntryWidget
[2026.07.18-01.17.24:056][622]BlueprintLog: New page: Compile EntryWidget
[2026.07.18-01.17.24:114][622]LogUObjectHash: Compacting FUObjectHashTables data took   3.85ms
[2026.07.18-01.18.35:620][597]Cmd: OBJ SAVEPACKAGE PACKAGE="/Game/UMG/EntryWidget" FILE="D:/LearnData/UnrealProject/UnrealLearn/UMGLearn/Content/UMG/EntryWidget.uasset" SILENT=true
[2026.07.18-01.18.35:626][597]LogSavePackage: Moving 'D:/LearnData/UnrealProject/UnrealLearn/UMGLearn/Saved/EntryWidget6F77CE8F482DFC47CC9F67B51C1B86CA.tmp' to 'D:/LearnData/UnrealProject/UnrealLearn/UMGLearn/Content/UMG/EntryWidget.uasset'
[2026.07.18-01.18.35:649][597]AssetCheck: New page: Asset Save: EntryWidget
[2026.07.18-01.18.35:649][597]LogContentValidation: Display: Validating WidgetBlueprint /Game/UMG/EntryWidget.EntryWidget
[2026.07.18-01.18.35:794][614]BlueprintLog: New page: Compile EntryWidget
[2026.07.18-01.18.35:835][614]LogUObjectHash: Compacting FUObjectHashTables data took   3.07ms
[2026.07.18-01.19.37:029][518]Cmd: OBJ SAVEPACKAGE PACKAGE="/Game/UMG/EntryWidget" FILE="D:/LearnData/UnrealProject/UnrealLearn/UMGLearn/Content/UMG/EntryWidget.uasset" SILENT=true
[2026.07.18-01.19.37:035][518]LogSavePackage: Moving 'D:/LearnData/UnrealProject/UnrealLearn/UMGLearn/Saved/EntryWidget2D88DCA74ED53DCC9E62A29BA8B1C074.tmp' to 'D:/LearnData/UnrealProject/UnrealLearn/UMGLearn/Content/UMG/EntryWidget.uasset'
[2026.07.18-01.19.37:063][518]AssetCheck: New page: Asset Save: EntryWidget
[2026.07.18-01.19.37:063][518]LogContentValidation: Display: Validating WidgetBlueprint /Game/UMG/EntryWidget.EntryWidget
[2026.07.18-01.19.37:236][537]BlueprintLog: New page: Compile EntryWidget
[2026.07.18-01.19.37:281][537]LogUObjectHash: Compacting FUObjectHashTables data took   3.22ms
[2026.07.18-01.19.45:059][434]Cmd: OBJ SAVEPACKAGE PACKAGE="/Game/UMG/EntryWidget" FILE="D:/LearnData/UnrealProject/UnrealLearn/UMGLearn/Content/UMG/EntryWidget.uasset" SILENT=true
[2026.07.18-01.19.45:065][434]LogSavePackage: Moving 'D:/LearnData/UnrealProject/UnrealLearn/UMGLearn/Saved/EntryWidget624F06FB4FCB4EE0433D51A49A63815E.tmp' to 'D:/LearnData/UnrealProject/UnrealLearn/UMGLearn/Content/UMG/EntryWidget.uasset'
[2026.07.18-01.19.45:087][434]AssetCheck: New page: Asset Save: EntryWidget
[2026.07.18-01.19.45:087][434]LogContentValidation: Display: Validating WidgetBlueprint /Game/UMG/EntryWidget.EntryWidget
[2026.07.18-01.19.45:232][450]BlueprintLog: New page: Compile EntryWidget
[2026.07.18-01.19.45:279][450]LogUObjectHash: Compacting FUObjectHashTables data took   3.08ms
[2026.07.18-01.20.05:969][834]Cmd: OBJ SAVEPACKAGE PACKAGE="/Game/UMG/EntryWidget" FILE="D:/LearnData/UnrealProject/UnrealLearn/UMGLearn/Content/UMG/EntryWidget.uasset" SILENT=true
[2026.07.18-01.20.05:976][834]LogSavePackage: Moving 'D:/LearnData/UnrealProject/UnrealLearn/UMGLearn/Saved/EntryWidget3693A4EF4B362CCDC924839AA38F9ACE.tmp' to 'D:/LearnData/UnrealProject/UnrealLearn/UMGLearn/Content/UMG/EntryWidget.uasset'
[2026.07.18-01.20.06:001][834]AssetCheck: New page: Asset Save: EntryWidget
[2026.07.18-01.20.06:001][834]LogContentValidation: Display: Validating WidgetBlueprint /Game/UMG/EntryWidget.EntryWidget
[2026.07.18-01.20.06:139][849]BlueprintLog: New page: Compile EntryWidget
[2026.07.18-01.20.06:182][849]LogUObjectHash: Compacting FUObjectHashTables data took   3.31ms
[2026.07.18-01.20.08:567][112]LogTemp: Repeating last play command: Selected Viewport
[2026.07.18-01.20.08:574][112]LogPlayLevel: PlayLevel: No blueprints needed recompiling
[2026.07.18-01.20.08:574][112]PIE: New page: PIE session: ThirdPersonExampleMap (Jul 18, 2026, 7:20:08 PM)
[2026.07.18-01.20.08:574][112]LogPlayLevel: Creating play world package: /Game/ThirdPersonBP/Maps/UEDPIE_0_ThirdPersonExampleMap
[2026.07.18-01.20.08:584][112]LogPlayLevel: PIE: StaticDuplicateObject took: (0.010066s)
[2026.07.18-01.20.08:586][112]LogAIModule: Creating AISystem for world ThirdPersonExampleMap
[2026.07.18-01.20.08:586][112]LogPlayLevel: PIE: World Init took: (0.001364s)
[2026.07.18-01.20.08:586][112]LogPlayLevel: PIE: Created PIE world by copying editor world from /Game/ThirdPersonBP/Maps/ThirdPersonExampleMap.ThirdPersonExampleMap to /Game/ThirdPersonBP/Maps/UEDPIE_0_ThirdPersonExampleMap.ThirdPersonExampleMap (0.011605s)
[2026.07.18-01.20.08:614][112]LogUObjectHash: Compacting FUObjectHashTables data took   2.88ms
[2026.07.18-01.20.08:615][112]LogAudio: Display: Creating Audio Device:                 Id: 3, Scope: Unique, Realtime: True
[2026.07.18-01.20.08:615][112]LogAudioMixer: Display: Audio Mixer Platform Settings:
[2026.07.18-01.20.08:615][112]LogAudioMixer: Display: 	Sample Rate:						  48000
[2026.07.18-01.20.08:615][112]LogAudioMixer: Display: 	Callback Buffer Frame Size Requested: 1024
[2026.07.18-01.20.08:615][112]LogAudioMixer: Display: 	Callback Buffer Frame Size To Use:	  1024
[2026.07.18-01.20.08:615][112]LogAudioMixer: Display: 	Number of buffers to queue:			  2
[2026.07.18-01.20.08:615][112]LogAudioMixer: Display: 	Max Channels (voices):				  32
[2026.07.18-01.20.08:615][112]LogAudioMixer: Display: 	Number of Async Source Workers:		  0
[2026.07.18-01.20.08:615][112]LogAudio: Display: AudioDevice MaxSources: 32
[2026.07.18-01.20.08:615][112]LogAudio: Display: Audio Spatialization Plugin: None (built-in).
[2026.07.18-01.20.08:615][112]LogAudio: Display: Audio Reverb Plugin: None (built-in).
[2026.07.18-01.20.08:615][112]LogAudio: Display: Audio Occlusion Plugin: None (built-in).
[2026.07.18-01.20.08:615][112]LogAudioMixer: Display: Initializing audio mixer.
[2026.07.18-01.20.08:623][112]LogAudioMixer: Display: 0: FrontLeft
[2026.07.18-01.20.08:623][112]LogAudioMixer: Display: 1: FrontRight
[2026.07.18-01.20.08:637][112]LogAudioMixer: Display: Using Audio Device 扬声器 (HECATE G1500)
[2026.07.18-01.20.08:637][112]LogAudioMixer: Display: Initializing Sound Submixes...
[2026.07.18-01.20.08:637][112]LogAudioMixer: Display: Creating Master Submix 'MasterSubmixDefault'
[2026.07.18-01.20.08:637][112]LogAudioMixer: Display: Creating Master Submix 'MasterReverbSubmixDefault'
[2026.07.18-01.20.08:638][112]LogAudioMixer: Display: Creating Master Submix 'MasterEQSubmixDefault'
[2026.07.18-01.20.08:638][112]LogAudioMixer: FMixerPlatformXAudio2::StartAudioStream() called
[2026.07.18-01.20.08:638][112]LogAudioMixer: Display: Output buffers initialized: Frames=1024, Channels=2, Samples=2048
[2026.07.18-01.20.08:639][112]LogAudioMixer: Display: Starting AudioMixerPlatformInterface::RunInternal()
[2026.07.18-01.20.08:639][112]LogAudioMixer: Display: FMixerPlatformXAudio2::SubmitBuffer() called for the first time
[2026.07.18-01.20.08:639][112]LogInit: FAudioDevice initialized.
[2026.07.18-01.20.08:639][112]LogAudio: Display: Audio Device (ID: 3) registered with world 'ThirdPersonExampleMap'.
[2026.07.18-01.20.08:650][112]LogLoad: Game class is 'ThirdPersonGameMode_C'
[2026.07.18-01.20.08:651][112]LogWorld: Bringing World /Game/ThirdPersonBP/Maps/UEDPIE_0_ThirdPersonExampleMap.ThirdPersonExampleMap up for play (max tick rate 0) at 2026.07.18-10.20.08
[2026.07.18-01.20.08:652][112]LogWorld: Bringing up level for play took: 0.001570
[2026.07.18-01.20.08:652][112]LogOnline: OSS: Creating online subsystem instance for: :Context_11
[2026.07.18-01.20.08:654][112]PIE: Server logged in
[2026.07.18-01.20.08:655][112]PIE: Play in editor total start time 0.082 seconds.
[2026.07.18-01.20.09:241][179]LogViewport: Display: Viewport MouseLockMode Changed, LockOnCapture -> DoNotLock
[2026.07.18-01.20.09:241][179]LogViewport: Display: Viewport HideCursorDuringCapture Changed, False -> True
[2026.07.18-01.20.09:241][179]LogViewport: Display: Viewport MouseCaptureMode Changed, CapturePermanently_IncludingInitialMouseDown -> CaptureDuringMouseDown
[2026.07.18-01.20.10:191][293]LogSlate: Updating window title bar state: overlay mode, drag disabled, window buttons hidden, title bar hidden
[2026.07.18-01.20.10:191][293]LogViewport: Display: Viewport MouseLockMode Changed, DoNotLock -> LockOnCapture
[2026.07.18-01.20.10:191][293]LogViewport: Display: Viewport MouseCaptureMode Changed, CaptureDuringMouseDown -> CapturePermanently
[2026.07.18-01.20.10:549][336]LogViewport: Display: Viewport MouseLockMode Changed, LockOnCapture -> DoNotLock
[2026.07.18-01.20.10:549][336]LogViewport: Display: Viewport MouseCaptureMode Changed, CapturePermanently -> CaptureDuringMouseDown
[2026.07.18-01.20.10:816][368]LogSlate: Updating window title bar state: overlay mode, drag disabled, window buttons hidden, title bar hidden
[2026.07.18-01.20.10:816][368]LogViewport: Display: Viewport MouseLockMode Changed, DoNotLock -> LockOnCapture
[2026.07.18-01.20.10:816][368]LogViewport: Display: Viewport MouseCaptureMode Changed, CaptureDuringMouseDown -> CapturePermanently
[2026.07.18-01.20.10:999][390]LogViewport: Display: Viewport MouseLockMode Changed, LockOnCapture -> DoNotLock
[2026.07.18-01.20.10:999][390]LogViewport: Display: Viewport MouseCaptureMode Changed, CapturePermanently -> CaptureDuringMouseDown
[2026.07.18-01.20.11:225][417]LogSlate: Updating window title bar state: overlay mode, drag disabled, window buttons hidden, title bar hidden
[2026.07.18-01.20.11:225][417]LogViewport: Display: Viewport MouseLockMode Changed, DoNotLock -> LockOnCapture
[2026.07.18-01.20.11:225][417]LogViewport: Display: Viewport MouseCaptureMode Changed, CaptureDuringMouseDown -> CapturePermanently
[2026.07.18-01.20.11:424][441]LogViewport: Display: Viewport MouseLockMode Changed, LockOnCapture -> DoNotLock
[2026.07.18-01.20.11:424][441]LogViewport: Display: Viewport MouseCaptureMode Changed, CapturePermanently -> CaptureDuringMouseDown
[2026.07.18-01.20.11:698][474]LogSlate: Updating window title bar state: overlay mode, drag disabled, window buttons hidden, title bar hidden
[2026.07.18-01.20.11:699][474]LogViewport: Display: Viewport MouseLockMode Changed, DoNotLock -> LockOnCapture
[2026.07.18-01.20.11:699][474]LogViewport: Display: Viewport MouseCaptureMode Changed, CaptureDuringMouseDown -> CapturePermanently
[2026.07.18-01.20.11:966][506]LogViewport: Display: Viewport MouseLockMode Changed, LockOnCapture -> DoNotLock
[2026.07.18-01.20.11:966][506]LogViewport: Display: Viewport MouseCaptureMode Changed, CapturePermanently -> CaptureDuringMouseDown
[2026.07.18-01.20.12:349][552]LogSlate: Updating window title bar state: overlay mode, drag disabled, window buttons hidden, title bar hidden
[2026.07.18-01.20.12:349][552]LogViewport: Display: Viewport MouseLockMode Changed, DoNotLock -> LockOnCapture
[2026.07.18-01.20.12:349][552]LogViewport: Display: Viewport MouseCaptureMode Changed, CaptureDuringMouseDown -> CapturePermanently
[2026.07.18-01.20.12:733][593]LogSlate: Updating window title bar state: overlay mode, drag disabled, window buttons hidden, title bar hidden
[2026.07.18-01.20.12:733][593]LogWorld: BeginTearingDown for /Game/ThirdPersonBP/Maps/UEDPIE_0_ThirdPersonExampleMap
[2026.07.18-01.20.12:733][593]LogWorld: UWorld::CleanupWorld for ThirdPersonExampleMap, bSessionEnded=true, bCleanupResources=true
[2026.07.18-01.20.12:733][593]LogSlate: InvalidateAllWidgets triggered.  All widgets were invalidated
[2026.07.18-01.20.12:745][593]LogPlayLevel: Display: Shutting down PIE online subsystems
[2026.07.18-01.20.12:749][593]LogSlate: InvalidateAllWidgets triggered.  All widgets were invalidated
[2026.07.18-01.20.12:773][593]LogAudio: Display: Audio Device unregistered from world 'None'.
[2026.07.18-01.20.12:773][593]LogAudioMixer: FMixerPlatformXAudio2::StopAudioStream() called
[2026.07.18-01.20.12:774][593]LogAudioMixer: FMixerPlatformXAudio2::StopAudioStream() called
[2026.07.18-01.20.12:776][593]LogSlate: Updating window title bar state: overlay mode, drag disabled, window buttons hidden, title bar hidden
[2026.07.18-01.20.12:779][593]LogUObjectHash: Compacting FUObjectHashTables data took   2.34ms
[2026.07.18-01.20.12:798][594]LogPlayLevel: Display: Destroying online subsystem :Context_11
[2026.07.18-01.20.17:855][161]Cmd: OBJ SAVEPACKAGE PACKAGE="/Game/UMG/EntryWidget" FILE="D:/LearnData/UnrealProject/UnrealLearn/UMGLearn/Content/UMG/EntryWidget.uasset" SILENT=true
[2026.07.18-01.20.17:862][161]LogSavePackage: Moving 'D:/LearnData/UnrealProject/UnrealLearn/UMGLearn/Saved/EntryWidget0D004EF74B6BB91064814EA530ECD990.tmp' to 'D:/LearnData/UnrealProject/UnrealLearn/UMGLearn/Content/UMG/EntryWidget.uasset'
[2026.07.18-01.20.17:877][161]AssetCheck: New page: Asset Save: EntryWidget
[2026.07.18-01.20.17:877][161]LogContentValidation: Display: Validating WidgetBlueprint /Game/UMG/EntryWidget.EntryWidget
[2026.07.18-01.20.42:501][ 74]Cmd: OBJ SAVEPACKAGE PACKAGE="/Game/UMG/EntryWidget" FILE="D:/LearnData/UnrealProject/UnrealLearn/UMGLearn/Content/UMG/EntryWidget.uasset" SILENT=true
[2026.07.18-01.20.42:507][ 74]LogSavePackage: Moving 'D:/LearnData/UnrealProject/UnrealLearn/UMGLearn/Saved/EntryWidgetB6CA180146B684873061AD93CF3AD949.tmp' to 'D:/LearnData/UnrealProject/UnrealLearn/UMGLearn/Content/UMG/EntryWidget.uasset'
[2026.07.18-01.20.42:530][ 74]AssetCheck: New page: Asset Save: EntryWidget
[2026.07.18-01.20.42:530][ 74]LogContentValidation: Display: Validating WidgetBlueprint /Game/UMG/EntryWidget.EntryWidget
[2026.07.18-01.20.42:722][ 96]BlueprintLog: New page: Compile EntryWidget
[2026.07.18-01.20.42:770][ 96]LogUObjectHash: Compacting FUObjectHashTables data took   2.53ms
[2026.07.18-01.20.46:314][501]LogTemp: Repeating last play command: Selected Viewport
[2026.07.18-01.20.46:320][501]LogPlayLevel: PlayLevel: No blueprints needed recompiling
[2026.07.18-01.20.46:320][501]PIE: New page: PIE session: ThirdPersonExampleMap (Jul 18, 2026, 7:20:46 PM)
[2026.07.18-01.20.46:361][501]LogPlayLevel: Creating play world package: /Game/ThirdPersonBP/Maps/UEDPIE_0_ThirdPersonExampleMap
[2026.07.18-01.20.46:371][501]LogPlayLevel: PIE: StaticDuplicateObject took: (0.009632s)
[2026.07.18-01.20.46:372][501]LogAIModule: Creating AISystem for world ThirdPersonExampleMap
[2026.07.18-01.20.46:372][501]LogPlayLevel: PIE: World Init took: (0.001063s)
[2026.07.18-01.20.46:372][501]LogPlayLevel: PIE: Created PIE world by copying editor world from /Game/ThirdPersonBP/Maps/ThirdPersonExampleMap.ThirdPersonExampleMap to /Game/ThirdPersonBP/Maps/UEDPIE_0_ThirdPersonExampleMap.ThirdPersonExampleMap (0.010916s)
[2026.07.18-01.20.46:402][501]LogUObjectHash: Compacting FUObjectHashTables data took   2.82ms
[2026.07.18-01.20.46:402][501]LogAudio: Display: Creating Audio Device:                 Id: 4, Scope: Unique, Realtime: True
[2026.07.18-01.20.46:402][501]LogAudioMixer: Display: Audio Mixer Platform Settings:
[2026.07.18-01.20.46:402][501]LogAudioMixer: Display: 	Sample Rate:						  48000
[2026.07.18-01.20.46:402][501]LogAudioMixer: Display: 	Callback Buffer Frame Size Requested: 1024
[2026.07.18-01.20.46:402][501]LogAudioMixer: Display: 	Callback Buffer Frame Size To Use:	  1024
[2026.07.18-01.20.46:402][501]LogAudioMixer: Display: 	Number of buffers to queue:			  2
[2026.07.18-01.20.46:402][501]LogAudioMixer: Display: 	Max Channels (voices):				  32
[2026.07.18-01.20.46:402][501]LogAudioMixer: Display: 	Number of Async Source Workers:		  0
[2026.07.18-01.20.46:402][501]LogAudio: Display: AudioDevice MaxSources: 32
[2026.07.18-01.20.46:403][501]LogAudio: Display: Audio Spatialization Plugin: None (built-in).
[2026.07.18-01.20.46:403][501]LogAudio: Display: Audio Reverb Plugin: None (built-in).
[2026.07.18-01.20.46:403][501]LogAudio: Display: Audio Occlusion Plugin: None (built-in).
[2026.07.18-01.20.46:403][501]LogAudioMixer: Display: Initializing audio mixer.
[2026.07.18-01.20.46:409][501]LogAudioMixer: Display: 0: FrontLeft
[2026.07.18-01.20.46:409][501]LogAudioMixer: Display: 1: FrontRight
[2026.07.18-01.20.46:423][501]LogAudioMixer: Display: Using Audio Device 扬声器 (HECATE G1500)
[2026.07.18-01.20.46:423][501]LogAudioMixer: Display: Initializing Sound Submixes...
[2026.07.18-01.20.46:424][501]LogAudioMixer: Display: Creating Master Submix 'MasterSubmixDefault'
[2026.07.18-01.20.46:424][501]LogAudioMixer: Display: Creating Master Submix 'MasterReverbSubmixDefault'
[2026.07.18-01.20.46:424][501]LogAudioMixer: Display: Creating Master Submix 'MasterEQSubmixDefault'
[2026.07.18-01.20.46:424][501]LogAudioMixer: FMixerPlatformXAudio2::StartAudioStream() called
[2026.07.18-01.20.46:424][501]LogAudioMixer: Display: Output buffers initialized: Frames=1024, Channels=2, Samples=2048
[2026.07.18-01.20.46:425][501]LogAudioMixer: Display: Starting AudioMixerPlatformInterface::RunInternal()
[2026.07.18-01.20.46:425][501]LogAudioMixer: Display: FMixerPlatformXAudio2::SubmitBuffer() called for the first time
[2026.07.18-01.20.46:425][501]LogInit: FAudioDevice initialized.
[2026.07.18-01.20.46:425][501]LogAudio: Display: Audio Device (ID: 4) registered with world 'ThirdPersonExampleMap'.
[2026.07.18-01.20.46:435][501]LogLoad: Game class is 'ThirdPersonGameMode_C'
[2026.07.18-01.20.46:437][501]LogWorld: Bringing World /Game/ThirdPersonBP/Maps/UEDPIE_0_ThirdPersonExampleMap.ThirdPersonExampleMap up for play (max tick rate 0) at 2026.07.18-10.20.46
[2026.07.18-01.20.46:437][501]LogWorld: Bringing up level for play took: 0.001303
[2026.07.18-01.20.46:437][501]LogOnline: OSS: Creating online subsystem instance for: :Context_12
[2026.07.18-01.20.46:439][501]PIE: Server logged in
[2026.07.18-01.20.46:440][501]PIE: Play in editor total start time 0.122 seconds.
[2026.07.18-01.20.48:630][761]LogViewport: Display: Viewport MouseLockMode Changed, LockOnCapture -> DoNotLock
[2026.07.18-01.20.48:630][761]LogViewport: Display: Viewport HideCursorDuringCapture Changed, False -> True
[2026.07.18-01.20.48:630][761]LogViewport: Display: Viewport MouseCaptureMode Changed, CapturePermanently_IncludingInitialMouseDown -> CaptureDuringMouseDown
[2026.07.18-01.20.49:348][847]LogSlate: Updating window title bar state: overlay mode, drag disabled, window buttons hidden, title bar hidden
[2026.07.18-01.20.49:348][847]LogViewport: Display: Viewport MouseLockMode Changed, DoNotLock -> LockOnCapture
[2026.07.18-01.20.49:348][847]LogViewport: Display: Viewport MouseCaptureMode Changed, CaptureDuringMouseDown -> CapturePermanently
[2026.07.18-01.20.49:530][869]LogViewport: Display: Viewport MouseLockMode Changed, LockOnCapture -> DoNotLock
[2026.07.18-01.20.49:532][869]LogViewport: Display: Viewport MouseCaptureMode Changed, CapturePermanently -> CaptureDuringMouseDown
[2026.07.18-01.20.49:814][903]LogSlate: Updating window title bar state: overlay mode, drag disabled, window buttons hidden, title bar hidden
[2026.07.18-01.20.49:814][903]LogViewport: Display: Viewport MouseLockMode Changed, DoNotLock -> LockOnCapture
[2026.07.18-01.20.49:814][903]LogViewport: Display: Viewport MouseCaptureMode Changed, CaptureDuringMouseDown -> CapturePermanently
[2026.07.18-01.20.49:973][922]LogViewport: Display: Viewport MouseLockMode Changed, LockOnCapture -> DoNotLock
[2026.07.18-01.20.49:973][922]LogViewport: Display: Viewport MouseCaptureMode Changed, CapturePermanently -> CaptureDuringMouseDown
[2026.07.18-01.20.50:248][955]LogSlate: Updating window title bar state: overlay mode, drag disabled, window buttons hidden, title bar hidden
[2026.07.18-01.20.50:248][955]LogViewport: Display: Viewport MouseLockMode Changed, DoNotLock -> LockOnCapture
[2026.07.18-01.20.50:248][955]LogViewport: Display: Viewport MouseCaptureMode Changed, CaptureDuringMouseDown -> CapturePermanently
[2026.07.18-01.20.50:423][976]LogViewport: Display: Viewport MouseLockMode Changed, LockOnCapture -> DoNotLock
[2026.07.18-01.20.50:423][976]LogViewport: Display: Viewport MouseCaptureMode Changed, CapturePermanently -> CaptureDuringMouseDown
[2026.07.18-01.20.50:731][ 13]LogSlate: Updating window title bar state: overlay mode, drag disabled, window buttons hidden, title bar hidden
[2026.07.18-01.20.50:731][ 13]LogViewport: Display: Viewport MouseLockMode Changed, DoNotLock -> LockOnCapture
[2026.07.18-01.20.50:731][ 13]LogViewport: Display: Viewport MouseCaptureMode Changed, CaptureDuringMouseDown -> CapturePermanently
[2026.07.18-01.20.50:931][ 37]LogViewport: Display: Viewport MouseLockMode Changed, LockOnCapture -> DoNotLock
[2026.07.18-01.20.50:931][ 37]LogViewport: Display: Viewport MouseCaptureMode Changed, CapturePermanently -> CaptureDuringMouseDown
[2026.07.18-01.20.51:198][ 69]LogSlate: Updating window title bar state: overlay mode, drag disabled, window buttons hidden, title bar hidden
[2026.07.18-01.20.51:198][ 69]LogViewport: Display: Viewport MouseLockMode Changed, DoNotLock -> LockOnCapture
[2026.07.18-01.20.51:198][ 69]LogViewport: Display: Viewport MouseCaptureMode Changed, CaptureDuringMouseDown -> CapturePermanently
[2026.07.18-01.20.51:408][ 94]LogViewport: Display: Viewport MouseLockMode Changed, LockOnCapture -> DoNotLock
[2026.07.18-01.20.51:408][ 94]LogViewport: Display: Viewport MouseCaptureMode Changed, CapturePermanently -> CaptureDuringMouseDown
[2026.07.18-01.20.51:698][129]LogSlate: Updating window title bar state: overlay mode, drag disabled, window buttons hidden, title bar hidden
[2026.07.18-01.20.51:698][129]LogViewport: Display: Viewport MouseLockMode Changed, DoNotLock -> LockOnCapture
[2026.07.18-01.20.51:698][129]LogViewport: Display: Viewport MouseCaptureMode Changed, CaptureDuringMouseDown -> CapturePermanently
[2026.07.18-01.20.52:233][189]LogSlate: Updating window title bar state: overlay mode, drag disabled, window buttons hidden, title bar hidden
[2026.07.18-01.20.52:233][189]LogWorld: BeginTearingDown for /Game/ThirdPersonBP/Maps/UEDPIE_0_ThirdPersonExampleMap
[2026.07.18-01.20.52:233][189]LogWorld: UWorld::CleanupWorld for ThirdPersonExampleMap, bSessionEnded=true, bCleanupResources=true
[2026.07.18-01.20.52:233][189]LogSlate: InvalidateAllWidgets triggered.  All widgets were invalidated
[2026.07.18-01.20.52:243][189]LogPlayLevel: Display: Shutting down PIE online subsystems
[2026.07.18-01.20.52:247][189]LogSlate: InvalidateAllWidgets triggered.  All widgets were invalidated
[2026.07.18-01.20.52:270][189]LogAudio: Display: Audio Device unregistered from world 'None'.
[2026.07.18-01.20.52:270][189]LogAudioMixer: FMixerPlatformXAudio2::StopAudioStream() called
[2026.07.18-01.20.52:272][189]LogAudioMixer: FMixerPlatformXAudio2::StopAudioStream() called
[2026.07.18-01.20.52:274][189]LogSlate: Updating window title bar state: overlay mode, drag disabled, window buttons hidden, title bar hidden
[2026.07.18-01.20.52:277][189]LogUObjectHash: Compacting FUObjectHashTables data took   2.35ms
[2026.07.18-01.20.52:322][191]LogPlayLevel: Display: Destroying online subsystem :Context_12
[2026.07.18-01.20.55:852][599]LogSlate: FontCache flush requested. Reason: Font Atlases Full; 2/1 Pages; frames since last flush: 154599
[2026.07.18-01.20.55:853][599]LogSlate: InvalidateAllWidgets triggered.  All widgets were invalidated
[2026.07.18-01.20.55:860][600]LogSlate: Took 0.000228 seconds to synchronously load lazily loaded font '../../../Engine/Content/Slate/Fonts/Roboto-Regular.ttf' (155K)
[2026.07.18-01.20.55:861][600]LogSlate: Took 0.000179 seconds to synchronously load lazily loaded font '../../../Engine/Content/Slate/Fonts/Roboto-BoldCondensed.ttf' (158K)
[2026.07.18-01.20.55:865][600]LogSlate: Took 0.000204 seconds to synchronously load lazily loaded font '../../../Engine/Content/Slate/Fonts/Roboto-Light.ttf' (167K)
[2026.07.18-01.20.55:865][600]LogSlate: Took 0.000153 seconds to synchronously load lazily loaded font '../../../Engine/Content/Slate/Fonts/Roboto-Bold.ttf' (160K)
[2026.07.18-01.20.55:867][600]LogSlate: Took 0.000152 seconds to synchronously load lazily loaded font '../../../Engine/Content/Editor/Slate/Fonts/FontAwesome.ttf' (139K)
[2026.07.18-01.21.02:647][396]LogSlate: FontCache flush requested. Reason: Font Atlases Full; 2/1 Pages; frames since last flush: 797
[2026.07.18-01.21.02:648][396]LogSlate: InvalidateAllWidgets triggered.  All widgets were invalidated
[2026.07.18-01.21.02:654][397]LogSlate: Took 0.000254 seconds to synchronously load lazily loaded font '../../../Engine/Content/Slate/Fonts/Roboto-Regular.ttf' (155K)
[2026.07.18-01.21.02:655][397]LogSlate: Took 0.000222 seconds to synchronously load lazily loaded font '../../../Engine/Content/Slate/Fonts/Roboto-BoldCondensed.ttf' (158K)
[2026.07.18-01.21.02:659][397]LogSlate: Took 0.000204 seconds to synchronously load lazily loaded font '../../../Engine/Content/Slate/Fonts/Roboto-Light.ttf' (167K)
[2026.07.18-01.21.02:661][397]LogSlate: Took 0.000177 seconds to synchronously load lazily loaded font '../../../Engine/Content/Slate/Fonts/Roboto-Bold.ttf' (160K)
[2026.07.18-01.21.02:662][397]LogSlate: Took 0.000151 seconds to synchronously load lazily loaded font '../../../Engine/Content/Editor/Slate/Fonts/FontAwesome.ttf' (139K)
[2026.07.18-01.21.02:687][398]LogSlate: FontCache flush requested. Reason: Font Atlases Full; 2/1 Pages; frames since last flush: 2
[2026.07.18-01.21.02:688][398]LogSlate: InvalidateAllWidgets triggered.  All widgets were invalidated
[2026.07.18-01.21.02:693][399]LogSlate: Took 0.000224 seconds to synchronously load lazily loaded font '../../../Engine/Content/Slate/Fonts/Roboto-Regular.ttf' (155K)
[2026.07.18-01.21.02:694][399]LogSlate: Took 0.000167 seconds to synchronously load lazily loaded font '../../../Engine/Content/Slate/Fonts/Roboto-BoldCondensed.ttf' (158K)
[2026.07.18-01.21.02:698][399]LogSlate: Took 0.000193 seconds to synchronously load lazily loaded font '../../../Engine/Content/Slate/Fonts/Roboto-Light.ttf' (167K)
[2026.07.18-01.21.02:699][399]LogSlate: Took 0.000134 seconds to synchronously load lazily loaded font '../../../Engine/Content/Slate/Fonts/Roboto-Bold.ttf' (160K)
[2026.07.18-01.21.02:700][399]LogSlate: Took 0.000131 seconds to synchronously load lazily loaded font '../../../Engine/Content/Editor/Slate/Fonts/FontAwesome.ttf' (139K)
[2026.07.18-01.21.02:724][400]LogSlate: FontCache flush requested. Reason: Font Atlases Full; 2/1 Pages; frames since last flush: 2
[2026.07.18-01.21.02:726][400]LogSlate: InvalidateAllWidgets triggered.  All widgets were invalidated
[2026.07.18-01.21.02:729][401]LogSlate: Took 0.000210 seconds to synchronously load lazily loaded font '../../../Engine/Content/Slate/Fonts/Roboto-Regular.ttf' (155K)
[2026.07.18-01.21.02:731][401]LogSlate: Took 0.000152 seconds to synchronously load lazily loaded font '../../../Engine/Content/Slate/Fonts/Roboto-BoldCondensed.ttf' (158K)
[2026.07.18-01.21.02:735][401]LogSlate: Took 0.000219 seconds to synchronously load lazily loaded font '../../../Engine/Content/Slate/Fonts/Roboto-Light.ttf' (167K)
[2026.07.18-01.21.02:736][401]LogSlate: Took 0.000150 seconds to synchronously load lazily loaded font '../../../Engine/Content/Slate/Fonts/Roboto-Bold.ttf' (160K)
[2026.07.18-01.21.02:737][401]LogSlate: Took 0.000132 seconds to synchronously load lazily loaded font '../../../Engine/Content/Editor/Slate/Fonts/FontAwesome.ttf' (139K)
[2026.07.18-01.21.02:968][427]LogSlate: FontCache flush requested. Reason: Font Atlases Full; 2/1 Pages; frames since last flush: 27
[2026.07.18-01.21.02:970][427]LogSlate: InvalidateAllWidgets triggered.  All widgets were invalidated
[2026.07.18-01.21.02:976][428]LogSlate: Took 0.000224 seconds to synchronously load lazily loaded font '../../../Engine/Content/Slate/Fonts/Roboto-Regular.ttf' (155K)
[2026.07.18-01.21.02:977][428]LogSlate: Took 0.000168 seconds to synchronously load lazily loaded font '../../../Engine/Content/Slate/Fonts/Roboto-BoldCondensed.ttf' (158K)
[2026.07.18-01.21.02:980][428]LogSlate: Took 0.000168 seconds to synchronously load lazily loaded font '../../../Engine/Content/Slate/Fonts/Roboto-Light.ttf' (167K)
[2026.07.18-01.21.02:982][428]LogSlate: Took 0.000130 seconds to synchronously load lazily loaded font '../../../Engine/Content/Slate/Fonts/Roboto-Bold.ttf' (160K)
[2026.07.18-01.21.02:983][428]LogSlate: Took 0.000121 seconds to synchronously load lazily loaded font '../../../Engine/Content/Editor/Slate/Fonts/FontAwesome.ttf' (139K)
[2026.07.18-01.21.03:263][460]LogSlate: FontCache flush requested. Reason: Font Atlases Full; 2/1 Pages; frames since last flush: 33
[2026.07.18-01.21.03:264][460]LogSlate: InvalidateAllWidgets triggered.  All widgets were invalidated
[2026.07.18-01.21.03:270][461]LogSlate: Took 0.000216 seconds to synchronously load lazily loaded font '../../../Engine/Content/Slate/Fonts/Roboto-Regular.ttf' (155K)
[2026.07.18-01.21.03:270][461]LogSlate: Took 0.000147 seconds to synchronously load lazily loaded font '../../../Engine/Content/Slate/Fonts/Roboto-BoldCondensed.ttf' (158K)
[2026.07.18-01.21.03:275][461]LogSlate: Took 0.000176 seconds to synchronously load lazily loaded font '../../../Engine/Content/Slate/Fonts/Roboto-Light.ttf' (167K)
[2026.07.18-01.21.03:276][461]LogSlate: Took 0.000127 seconds to synchronously load lazily loaded font '../../../Engine/Content/Slate/Fonts/Roboto-Bold.ttf' (160K)
[2026.07.18-01.21.03:277][461]LogSlate: Took 0.000111 seconds to synchronously load lazily loaded font '../../../Engine/Content/Editor/Slate/Fonts/FontAwesome.ttf' (139K)
[2026.07.18-01.21.15:757][946]Cmd: OBJ SAVEPACKAGE PACKAGE="/Game/UMG/ListViewWidget" FILE="D:/LearnData/UnrealProject/UnrealLearn/UMGLearn/Content/UMG/ListViewWidget.uasset" SILENT=true
[2026.07.18-01.21.15:763][946]LogSavePackage: Moving 'D:/LearnData/UnrealProject/UnrealLearn/UMGLearn/Saved/ListViewWidget2BAB29294B1825A32B6735B8DDDF9D4A.tmp' to 'D:/LearnData/UnrealProject/UnrealLearn/UMGLearn/Content/UMG/ListViewWidget.uasset'
[2026.07.18-01.21.15:783][946]AssetCheck: New page: Asset Save: ListViewWidget
[2026.07.18-01.21.15:783][946]LogContentValidation: Display: Validating WidgetBlueprint /Game/UMG/ListViewWidget.ListViewWidget
[2026.07.18-01.21.15:981][968]BlueprintLog: New page: Compile ListViewWidget
[2026.07.18-01.21.16:035][968]LogUObjectHash: Compacting FUObjectHashTables data took   2.52ms
[2026.07.18-01.21.24:646][977]Cmd: OBJ SAVEPACKAGE PACKAGE="/Game/UMG/EntryWidget" FILE="D:/LearnData/UnrealProject/UnrealLearn/UMGLearn/Content/UMG/EntryWidget.uasset" SILENT=true
[2026.07.18-01.21.24:653][977]LogSavePackage: Moving 'D:/LearnData/UnrealProject/UnrealLearn/UMGLearn/Saved/EntryWidgetBD0F52EA42F2E127AF4F038C23D70741.tmp' to 'D:/LearnData/UnrealProject/UnrealLearn/UMGLearn/Content/UMG/EntryWidget.uasset'
[2026.07.18-01.21.24:673][977]AssetCheck: New page: Asset Save: EntryWidget
[2026.07.18-01.21.24:673][977]LogContentValidation: Display: Validating WidgetBlueprint /Game/UMG/EntryWidget.EntryWidget
[2026.07.18-01.21.25:090][ 23]Cmd: OBJ SAVEPACKAGE PACKAGE="/Game/UMG/EntryWidget" FILE="D:/LearnData/UnrealProject/UnrealLearn/UMGLearn/Content/UMG/EntryWidget.uasset" SILENT=true
[2026.07.18-01.21.25:096][ 23]LogSavePackage: Moving 'D:/LearnData/UnrealProject/UnrealLearn/UMGLearn/Saved/EntryWidget5920C6594529D517E4725380B9B9DC63.tmp' to 'D:/LearnData/UnrealProject/UnrealLearn/UMGLearn/Content/UMG/EntryWidget.uasset'
[2026.07.18-01.21.25:119][ 23]AssetCheck: New page: Asset Save: EntryWidget
[2026.07.18-01.21.25:119][ 23]LogContentValidation: Display: Validating WidgetBlueprint /Game/UMG/EntryWidget.EntryWidget
[2026.07.18-01.21.25:682][ 88]BlueprintLog: New page: Compile EntryWidget
[2026.07.18-01.21.25:737][ 88]LogUObjectHash: Compacting FUObjectHashTables data took   3.08ms
[2026.07.18-01.21.29:277][478]Cmd: OBJ SAVEPACKAGE PACKAGE="/Game/UMG/ListViewWidget" FILE="D:/LearnData/UnrealProject/UnrealLearn/UMGLearn/Content/UMG/ListViewWidget.uasset" SILENT=true
[2026.07.18-01.21.29:283][478]LogSavePackage: Moving 'D:/LearnData/UnrealProject/UnrealLearn/UMGLearn/Saved/ListViewWidget2AC4D4C344FC4146492BD7A530515113.tmp' to 'D:/LearnData/UnrealProject/UnrealLearn/UMGLearn/Content/UMG/ListViewWidget.uasset'
[2026.07.18-01.21.29:309][478]AssetCheck: New page: Asset Save: ListViewWidget
[2026.07.18-01.21.29:309][478]LogContentValidation: Display: Validating WidgetBlueprint /Game/UMG/ListViewWidget.ListViewWidget
[2026.07.18-01.21.29:793][535]BlueprintLog: New page: Compile ListViewWidget
[2026.07.18-01.21.29:835][535]LogUObjectHash: Compacting FUObjectHashTables data took   3.12ms
[2026.07.18-01.21.36:826][331]Cmd: OBJ SAVEPACKAGE PACKAGE="/Game/UMG/EntryWidget" FILE="D:/LearnData/UnrealProject/UnrealLearn/UMGLearn/Content/UMG/EntryWidget.uasset" SILENT=true
[2026.07.18-01.21.36:833][331]LogSavePackage: Moving 'D:/LearnData/UnrealProject/UnrealLearn/UMGLearn/Saved/EntryWidgetE5CA0465493A90F40182BAAA938B756A.tmp' to 'D:/LearnData/UnrealProject/UnrealLearn/UMGLearn/Content/UMG/EntryWidget.uasset'
[2026.07.18-01.21.36:850][331]AssetCheck: New page: Asset Save: EntryWidget
[2026.07.18-01.21.36:850][331]LogContentValidation: Display: Validating WidgetBlueprint /Game/UMG/EntryWidget.EntryWidget
[2026.07.18-01.21.37:031][352]BlueprintLog: New page: Compile EntryWidget
[2026.07.18-01.21.37:090][352]LogUObjectHash: Compacting FUObjectHashTables data took   3.09ms
[2026.07.18-01.21.40:429][728]LogTemp: Repeating last play command: Selected Viewport
[2026.07.18-01.21.40:435][728]LogPlayLevel: PlayLevel: No blueprints needed recompiling
[2026.07.18-01.21.40:435][728]PIE: New page: PIE session: ThirdPersonExampleMap (Jul 18, 2026, 7:21:40 PM)
[2026.07.18-01.21.40:461][728]LogPlayLevel: Creating play world package: /Game/ThirdPersonBP/Maps/UEDPIE_0_ThirdPersonExampleMap
[2026.07.18-01.21.40:471][728]LogPlayLevel: PIE: StaticDuplicateObject took: (0.009838s)
[2026.07.18-01.21.40:472][728]LogAIModule: Creating AISystem for world ThirdPersonExampleMap
[2026.07.18-01.21.40:473][728]LogPlayLevel: PIE: World Init took: (0.001495s)
[2026.07.18-01.21.40:473][728]LogPlayLevel: PIE: Created PIE world by copying editor world from /Game/ThirdPersonBP/Maps/ThirdPersonExampleMap.ThirdPersonExampleMap to /Game/ThirdPersonBP/Maps/UEDPIE_0_ThirdPersonExampleMap.ThirdPersonExampleMap (0.011586s)
[2026.07.18-01.21.40:499][728]LogUObjectHash: Compacting FUObjectHashTables data took   2.87ms
[2026.07.18-01.21.40:501][728]LogAudio: Display: Creating Audio Device:                 Id: 5, Scope: Unique, Realtime: True
[2026.07.18-01.21.40:501][728]LogAudioMixer: Display: Audio Mixer Platform Settings:
[2026.07.18-01.21.40:501][728]LogAudioMixer: Display: 	Sample Rate:						  48000
[2026.07.18-01.21.40:501][728]LogAudioMixer: Display: 	Callback Buffer Frame Size Requested: 1024
[2026.07.18-01.21.40:501][728]LogAudioMixer: Display: 	Callback Buffer Frame Size To Use:	  1024
[2026.07.18-01.21.40:501][728]LogAudioMixer: Display: 	Number of buffers to queue:			  2
[2026.07.18-01.21.40:501][728]LogAudioMixer: Display: 	Max Channels (voices):				  32
[2026.07.18-01.21.40:501][728]LogAudioMixer: Display: 	Number of Async Source Workers:		  0
[2026.07.18-01.21.40:501][728]LogAudio: Display: AudioDevice MaxSources: 32
[2026.07.18-01.21.40:502][728]LogAudio: Display: Audio Spatialization Plugin: None (built-in).
[2026.07.18-01.21.40:502][728]LogAudio: Display: Audio Reverb Plugin: None (built-in).
[2026.07.18-01.21.40:502][728]LogAudio: Display: Audio Occlusion Plugin: None (built-in).
[2026.07.18-01.21.40:502][728]LogAudioMixer: Display: Initializing audio mixer.
[2026.07.18-01.21.40:508][728]LogAudioMixer: Display: 0: FrontLeft
[2026.07.18-01.21.40:508][728]LogAudioMixer: Display: 1: FrontRight
[2026.07.18-01.21.40:520][728]LogAudioMixer: Display: Using Audio Device 扬声器 (HECATE G1500)
[2026.07.18-01.21.40:522][728]LogAudioMixer: Display: Initializing Sound Submixes...
[2026.07.18-01.21.40:522][728]LogAudioMixer: Display: Creating Master Submix 'MasterSubmixDefault'
[2026.07.18-01.21.40:522][728]LogAudioMixer: Display: Creating Master Submix 'MasterReverbSubmixDefault'
[2026.07.18-01.21.40:522][728]LogAudioMixer: Display: Creating Master Submix 'MasterEQSubmixDefault'
[2026.07.18-01.21.40:522][728]LogAudioMixer: FMixerPlatformXAudio2::StartAudioStream() called
[2026.07.18-01.21.40:522][728]LogAudioMixer: Display: Output buffers initialized: Frames=1024, Channels=2, Samples=2048
[2026.07.18-01.21.40:523][728]LogAudioMixer: Display: Starting AudioMixerPlatformInterface::RunInternal()
[2026.07.18-01.21.40:523][728]LogAudioMixer: Display: FMixerPlatformXAudio2::SubmitBuffer() called for the first time
[2026.07.18-01.21.40:523][728]LogInit: FAudioDevice initialized.
[2026.07.18-01.21.40:523][728]LogAudio: Display: Audio Device (ID: 5) registered with world 'ThirdPersonExampleMap'.
[2026.07.18-01.21.40:532][728]LogLoad: Game class is 'ThirdPersonGameMode_C'
[2026.07.18-01.21.40:534][728]LogWorld: Bringing World /Game/ThirdPersonBP/Maps/UEDPIE_0_ThirdPersonExampleMap.ThirdPersonExampleMap up for play (max tick rate 0) at 2026.07.18-10.21.40
[2026.07.18-01.21.40:534][728]LogWorld: Bringing up level for play took: 0.001315
[2026.07.18-01.21.40:534][728]LogOnline: OSS: Creating online subsystem instance for: :Context_13
[2026.07.18-01.21.40:536][728]PIE: Server logged in
[2026.07.18-01.21.40:539][728]PIE: Play in editor total start time 0.104 seconds.
[2026.07.18-01.21.41:412][829]LogViewport: Display: Viewport MouseLockMode Changed, LockOnCapture -> DoNotLock
[2026.07.18-01.21.41:412][829]LogViewport: Display: Viewport HideCursorDuringCapture Changed, False -> True
[2026.07.18-01.21.41:412][829]LogViewport: Display: Viewport MouseCaptureMode Changed, CapturePermanently_IncludingInitialMouseDown -> CaptureDuringMouseDown
[2026.07.18-01.21.44:712][220]LogSlate: Updating window title bar state: overlay mode, drag disabled, window buttons hidden, title bar hidden
[2026.07.18-01.21.44:712][220]LogWorld: BeginTearingDown for /Game/ThirdPersonBP/Maps/UEDPIE_0_ThirdPersonExampleMap
[2026.07.18-01.21.44:712][220]LogWorld: UWorld::CleanupWorld for ThirdPersonExampleMap, bSessionEnded=true, bCleanupResources=true
[2026.07.18-01.21.44:713][220]LogSlate: InvalidateAllWidgets triggered.  All widgets were invalidated
[2026.07.18-01.21.44:724][220]LogPlayLevel: Display: Shutting down PIE online subsystems
[2026.07.18-01.21.44:727][220]LogSlate: InvalidateAllWidgets triggered.  All widgets were invalidated
[2026.07.18-01.21.44:750][220]LogAudio: Display: Audio Device unregistered from world 'None'.
[2026.07.18-01.21.44:750][220]LogAudioMixer: FMixerPlatformXAudio2::StopAudioStream() called
[2026.07.18-01.21.44:751][220]LogAudioMixer: FMixerPlatformXAudio2::StopAudioStream() called
[2026.07.18-01.21.44:754][220]LogSlate: Updating window title bar state: overlay mode, drag disabled, window buttons hidden, title bar hidden
[2026.07.18-01.21.44:757][220]LogUObjectHash: Compacting FUObjectHashTables data took   2.32ms
[2026.07.18-01.21.44:780][222]LogPlayLevel: Display: Destroying online subsystem :Context_13
[2026.07.18-01.21.48:555][664]LogSlate: Took 0.000236 seconds to synchronously load lazily loaded font '../../../Engine/Content/Slate/Fonts/DroidSansMono.ttf' (77K)
[2026.07.18-01.21.48:563][665]LogSlate: Took 0.000226 seconds to synchronously load lazily loaded font '../../../Engine/Content/Slate/Fonts/Roboto-Italic.ttf' (157K)
[2026.07.18-01.22.20:705][687]LogUObjectHash: Compacting FUObjectHashTables data took   2.36ms
[2026.07.18-01.22.20:743][687]LogSavePackage: Moving 'D:/LearnData/UnrealProject/UnrealLearn/UMGLearn/Saved/ThirdPersonExampleMap_Auto5D5B600144E1CAEC679114BA753AED5EB.tmp' to 'D:/LearnData/UnrealProject/UnrealLearn/UMGLearn/Saved/Autosaves/Game/ThirdPersonBP/Maps/ThirdPersonExampleMap_Auto5.umap'
[2026.07.18-01.22.20:745][687]LogFileHelpers: Editor autosave (incl. external actors) for '/Game/ThirdPersonBP/Maps/ThirdPersonExampleMap' took 0.068
[2026.07.18-01.22.20:745][687]LogFileHelpers: Editor autosave (incl. sublevels & external actors) for all levels took 0.068
[2026.07.18-01.28.33:546][354]Cmd: OBJ SAVEPACKAGE PACKAGE="/Game/UMG/EntryWidget" FILE="D:/LearnData/UnrealProject/UnrealLearn/UMGLearn/Content/UMG/EntryWidget.uasset" SILENT=true
[2026.07.18-01.28.33:554][354]LogSavePackage: Moving 'D:/LearnData/UnrealProject/UnrealLearn/UMGLearn/Saved/EntryWidgetA761F474401B1C12D6F6A1B54EE0116F.tmp' to 'D:/LearnData/UnrealProject/UnrealLearn/UMGLearn/Content/UMG/EntryWidget.uasset'
[2026.07.18-01.28.33:577][354]AssetCheck: New page: Asset Save: EntryWidget
[2026.07.18-01.28.33:577][354]LogContentValidation: Display: Validating WidgetBlueprint /Game/UMG/EntryWidget.EntryWidget
[2026.07.18-01.28.33:906][386]Cmd: OBJ SAVEPACKAGE PACKAGE="/Game/UMG/EntryWidget" FILE="D:/LearnData/UnrealProject/UnrealLearn/UMGLearn/Content/UMG/EntryWidget.uasset" SILENT=true
[2026.07.18-01.28.33:914][386]LogSavePackage: Moving 'D:/LearnData/UnrealProject/UnrealLearn/UMGLearn/Saved/EntryWidgetEFAE81954CAE2D4D859B7EA3BC0B6D3D.tmp' to 'D:/LearnData/UnrealProject/UnrealLearn/UMGLearn/Content/UMG/EntryWidget.uasset'
[2026.07.18-01.28.33:940][386]AssetCheck: New page: Asset Save: EntryWidget
[2026.07.18-01.28.33:940][386]LogContentValidation: Display: Validating WidgetBlueprint /Game/UMG/EntryWidget.EntryWidget
[2026.07.18-01.28.34:116][406]BlueprintLog: New page: Compile EntryWidget
[2026.07.18-01.28.34:176][406]LogUObjectHash: Compacting FUObjectHashTables data took   3.77ms
[2026.07.18-01.28.34:503][439]Cmd: OBJ SAVEPACKAGE PACKAGE="/Game/UMG/EntryWidget" FILE="D:/LearnData/UnrealProject/UnrealLearn/UMGLearn/Content/UMG/EntryWidget.uasset" SILENT=true
[2026.07.18-01.28.34:520][439]LogSavePackage: Moving 'D:/LearnData/UnrealProject/UnrealLearn/UMGLearn/Saved/EntryWidgetCFF0B9CF4446D93ACB7BF081B558F273.tmp' to 'D:/LearnData/UnrealProject/UnrealLearn/UMGLearn/Content/UMG/EntryWidget.uasset'
[2026.07.18-01.28.34:541][439]AssetCheck: New page: Asset Save: EntryWidget
[2026.07.18-01.28.34:541][439]LogContentValidation: Display: Validating WidgetBlueprint /Game/UMG/EntryWidget.EntryWidget
[2026.07.18-01.28.41:937][850]Cmd: OBJ SAVEPACKAGE PACKAGE="/Game/UMG/EntryWidget" FILE="D:/LearnData/UnrealProject/UnrealLearn/UMGLearn/Content/UMG/EntryWidget.uasset" SILENT=true
[2026.07.18-01.28.41:945][850]LogSavePackage: Moving 'D:/LearnData/UnrealProject/UnrealLearn/UMGLearn/Saved/EntryWidgetC474E4404A0E21F52075B78C39B4171B.tmp' to 'D:/LearnData/UnrealProject/UnrealLearn/UMGLearn/Content/UMG/EntryWidget.uasset'
[2026.07.18-01.28.41:964][850]AssetCheck: New page: Asset Save: EntryWidget
[2026.07.18-01.28.41:964][850]LogContentValidation: Display: Validating WidgetBlueprint /Game/UMG/EntryWidget.EntryWidget
[2026.07.18-01.28.56:247][536]LogUObjectHash: Compacting FUObjectHashTables data took   2.83ms
[2026.07.18-01.28.57:381][536]LogSlate: Window 'Save Content' being destroyed
[2026.07.18-01.28.57:444][536]LogUObjectHash: Compacting FUObjectHashTables data took   0.64ms
[2026.07.18-01.28.57:476][536]LogSavePackage: Moving 'D:/LearnData/UnrealProject/UnrealLearn/UMGLearn/Saved/ThirdPersonExampleMapEDCF36F24D7E5777104CECAA90A56A50.tmp' to 'D:/LearnData/UnrealProject/UnrealLearn/UMGLearn/Content/ThirdPersonBP/Maps/ThirdPersonExampleMap.umap'
[2026.07.18-01.28.57:486][536]LogFileHelpers: Saving map 'ThirdPersonExampleMap' took 0.066
[2026.07.18-01.28.57:585][536]LogUObjectHash: Compacting FUObjectHashTables data took   2.59ms
[2026.07.18-01.28.57:622][536]LogUObjectHash: Compacting FUObjectHashTables data took   1.87ms
[2026.07.18-01.28.57:646][536]LogUObjectHash: Compacting FUObjectHashTables data took   0.70ms
[2026.07.18-01.28.57:663][536]LogWorld: UWorld::CleanupWorld for World_4, bSessionEnded=true, bCleanupResources=true
[2026.07.18-01.28.57:663][536]LogSlate: InvalidateAllWidgets triggered.  All widgets were invalidated
[2026.07.18-01.28.57:711][536]LogWorld: UWorld::CleanupWorld for World_7, bSessionEnded=true, bCleanupResources=true
[2026.07.18-01.28.57:711][536]LogSlate: InvalidateAllWidgets triggered.  All widgets were invalidated
[2026.07.18-01.28.57:717][536]LogWorld: UWorld::CleanupWorld for World_6, bSessionEnded=true, bCleanupResources=true
[2026.07.18-01.28.57:717][536]LogSlate: InvalidateAllWidgets triggered.  All widgets were invalidated
[2026.07.18-01.28.57:761][536]LogWorld: UWorld::CleanupWorld for World_21, bSessionEnded=true, bCleanupResources=true
[2026.07.18-01.28.57:761][536]LogSlate: InvalidateAllWidgets triggered.  All widgets were invalidated
[2026.07.18-01.28.57:766][536]LogWorld: UWorld::CleanupWorld for World_20, bSessionEnded=true, bCleanupResources=true
[2026.07.18-01.28.57:766][536]LogSlate: InvalidateAllWidgets triggered.  All widgets were invalidated
[2026.07.18-01.28.57:805][536]LogWorld: UWorld::CleanupWorld for World_29, bSessionEnded=true, bCleanupResources=true
[2026.07.18-01.28.57:805][536]LogSlate: InvalidateAllWidgets triggered.  All widgets were invalidated
[2026.07.18-01.28.57:847][536]LogSlate: Window 'UMGLearn - Unreal Editor' being destroyed
[2026.07.18-01.28.57:951][536]AssetCheck: New page: Asset Save: ThirdPersonExampleMap
[2026.07.18-01.28.57:953][536]LogContentValidation: Display: Validating World /Game/ThirdPersonBP/Maps/ThirdPersonExampleMap.ThirdPersonExampleMap
[2026.07.18-01.28.57:954][537]Cmd: QUIT_EDITOR
[2026.07.18-01.28.57:954][537]LogCore: Engine exit requested (reason: UUnrealEdEngine::CloseEditor())
[2026.07.18-01.28.57:958][537]LogCore: Engine exit requested (reason: EngineExit() was called; note: exit was already requested)
[2026.07.18-01.28.58:282][537]LogAudio: Display: Beginning Audio Device Manager Shutdown (Module: AudioMixerXAudio2)...
[2026.07.18-01.28.58:282][537]LogAudio: Display: Destroying 1 Remaining Audio Device(s)...
[2026.07.18-01.28.58:282][537]LogAudio: Display: Audio Device unregistered from world 'ThirdPersonExampleMap'.
[2026.07.18-01.28.58:282][537]LogAudioMixer: FMixerPlatformXAudio2::StopAudioStream() called
[2026.07.18-01.28.58:283][537]LogAudioMixer: FMixerPlatformXAudio2::StopAudioStream() called
[2026.07.18-01.28.58:286][537]LogAudio: Display: Audio Device Manager Shutdown
[2026.07.18-01.28.58:294][537]LogWindowsTextInputMethodSystem: Display: IME system activated using TSF (搜狗拼音输入法).
[2026.07.18-01.28.58:321][537]LogExit: Preparing to exit.
[2026.07.18-01.28.58:832][537]LogUObjectHash: Compacting FUObjectHashTables data took   2.55ms
[2026.07.18-01.28.59:003][537]LogWorld: UWorld::CleanupWorld for World_5, bSessionEnded=true, bCleanupResources=true
[2026.07.18-01.28.59:006][537]LogWorld: UWorld::CleanupWorld for World_3, bSessionEnded=true, bCleanupResources=true
[2026.07.18-01.28.59:008][537]LogWorld: UWorld::CleanupWorld for World_0, bSessionEnded=true, bCleanupResources=true
[2026.07.18-01.28.59:073][537]LogDemo: Cleaned up 0 splitscreen connections with owner deletion
[2026.07.18-01.28.59:080][537]LogWorld: UWorld::CleanupWorld for None, bSessionEnded=true, bCleanupResources=true
[2026.07.18-01.28.59:080][537]LogExit: Editor shut down
[2026.07.18-01.28.59:081][537]LogExit: Transaction tracking system shut down
[2026.07.18-01.28.59:327][537]LogExit: Object subsystem successfully closed.
[2026.07.18-01.28.59:350][537]LogShaderCompilers: Display: === FShaderJobCache stats ===
[2026.07.18-01.28.59:351][537]LogShaderCompilers: Display: Total job queries 0, among them cache hits 0 (0.00%)
[2026.07.18-01.28.59:351][537]LogShaderCompilers: Display: Tracking 0 distinct input hashes that result in 0 distinct outputs (0.00%)
[2026.07.18-01.28.59:351][537]LogShaderCompilers: Display: RAM used: 0.00 MB (0.00 GB) of 1638.40 MB (1.60 GB) budget. Usage: 0.00%
[2026.07.18-01.28.59:351][537]LogShaderCompilers: Display: ================================================
[2026.07.18-01.28.59:363][537]LogShaderCompilers: Display: Shaders left to compile 0
[2026.07.18-01.28.59:392][537]LogModuleManager: Shutting down and abandoning module SequencerWidgets (894)
[2026.07.18-01.28.59:392][537]LogModuleManager: Shutting down and abandoning module BlueprintGraph (892)
[2026.07.18-01.28.59:392][537]LogModuleManager: Shutting down and abandoning module MovieSceneCapture (890)
[2026.07.18-01.28.59:392][537]LogModuleManager: Shutting down and abandoning module Voice (888)
[2026.07.18-01.28.59:392][537]LogModuleManager: Shutting down and abandoning module HierarchicalLODOutliner (886)
[2026.07.18-01.28.59:392][537]LogModuleManager: Shutting down and abandoning module SceneOutliner (884)
[2026.07.18-01.28.59:392][537]LogModuleManager: Shutting down and abandoning module AddContentDialog (882)
[2026.07.18-01.28.59:393][537]LogModuleManager: Shutting down and abandoning module WidgetCarousel (881)
[2026.07.18-01.28.59:393][537]LogModuleManager: Shutting down and abandoning module EditorWidgets (878)
[2026.07.18-01.28.59:393][537]LogModuleManager: Shutting down and abandoning module StatsViewer (876)
[2026.07.18-01.28.59:393][537]LogModuleManager: Shutting down and abandoning module PIEPreviewDeviceProfileSelector (874)
[2026.07.18-01.28.59:393][537]LogModuleManager: Shutting down and abandoning module SequenceRecorderSections (872)
[2026.07.18-01.28.59:393][537]LogModuleManager: Shutting down and abandoning module AutomationWorker (870)
[2026.07.18-01.28.59:393][537]LogModuleManager: Shutting down and abandoning module SteamVREditor (868)
[2026.07.18-01.28.59:393][537]LogModuleManager: Shutting down and abandoning module OculusMR (866)
[2026.07.18-01.28.59:393][537]LogModuleManager: Shutting down and abandoning module RiderLC (864)
[2026.07.18-01.28.59:393][537]LogModuleManager: Shutting down and abandoning module RiderShaderInfo (862)
[2026.07.18-01.28.59:393][537]LogModuleManager: Shutting down and abandoning module TakeRecorderSources (860)
[2026.07.18-01.28.59:393][537]LogModuleManager: Shutting down and abandoning module TakeRecorder (859)
[2026.07.18-01.28.59:393][537]LogModuleManager: Shutting down and abandoning module TakeTrackRecorders (856)
[2026.07.18-01.28.59:393][537]LogModuleManager: Shutting down and abandoning module TakesCore (854)
[2026.07.18-01.28.59:393][537]LogModuleManager: Shutting down and abandoning module OpenXRInput (852)
[2026.07.18-01.28.59:393][537]LogModuleManager: Shutting down and abandoning module GooglePADEditor (850)
[2026.07.18-01.28.59:393][537]LogModuleManager: Shutting down and abandoning module AudioCaptureEditor (848)
[2026.07.18-01.28.59:393][537]LogModuleManager: Shutting down and abandoning module LevelSequenceEditor (846)
[2026.07.18-01.28.59:393][537]LogModuleManager: Shutting down and abandoning module TemplateSequenceEditor (844)
[2026.07.18-01.28.59:393][537]LogModuleManager: Shutting down and abandoning module MatineeToLevelSequence (842)
[2026.07.18-01.28.59:393][537]LogModuleManager: Shutting down and abandoning module ActorSequenceEditor (840)
[2026.07.18-01.28.59:393][537]LogModuleManager: Shutting down and abandoning module PlanarCut (838)
[2026.07.18-01.28.59:393][537]LogModuleManager: Shutting down and abandoning module WmfMediaFactory (836)
[2026.07.18-01.28.59:393][537]LogModuleManager: Shutting down and abandoning module WmfMediaEditor (834)
[2026.07.18-01.28.59:393][537]LogModuleManager: Shutting down and abandoning module MediaPlayerEditor (832)
[2026.07.18-01.28.59:393][537]LogModuleManager: Shutting down and abandoning module WebMMediaFactory (830)
[2026.07.18-01.28.59:393][537]LogModuleManager: Shutting down and abandoning module WebMMediaEditor (828)
[2026.07.18-01.28.59:393][537]LogModuleManager: Shutting down and abandoning module WebMMedia (826)
[2026.07.18-01.28.59:393][537]LogModuleManager: Shutting down and abandoning module MediaCompositingEditor (824)
[2026.07.18-01.28.59:393][537]LogModuleManager: Shutting down and abandoning module SequenceRecorder (823)
[2026.07.18-01.28.59:394][537]LogModuleManager: Shutting down and abandoning module OpenExrWrapper (820)
[2026.07.18-01.28.59:394][537]LogModuleManager: Shutting down and abandoning module ImgMediaFactory (818)
[2026.07.18-01.28.59:394][537]LogModuleManager: Shutting down and abandoning module ImgMediaEditor (816)
[2026.07.18-01.28.59:394][537]LogModuleManager: Shutting down and abandoning module AvfMediaFactory (814)
[2026.07.18-01.28.59:394][537]LogModuleManager: Shutting down and abandoning module AvfMediaEditor (812)
[2026.07.18-01.28.59:394][537]LogModuleManager: Shutting down and abandoning module AndroidMediaFactory (810)
[2026.07.18-01.28.59:394][537]LogModuleManager: Shutting down and abandoning module AndroidMediaEditor (808)
[2026.07.18-01.28.59:394][537]LogModuleManager: Shutting down and abandoning module CharacterAI (806)
[2026.07.18-01.28.59:394][537]LogModuleManager: Shutting down and abandoning module MagicLeapMediaCodecFactory (804)
[2026.07.18-01.28.59:394][537]LogModuleManager: Shutting down and abandoning module MagicLeapMediaFactory (802)
[2026.07.18-01.28.59:394][537]LogModuleManager: Shutting down and abandoning module MagicLeapMediaEditor (800)
[2026.07.18-01.28.59:394][537]LogModuleManager: Shutting down and abandoning module TextureAlignMode (798)
[2026.07.18-01.28.59:394][537]LogModuleManager: Shutting down and abandoning module BspMode (796)
[2026.07.18-01.28.59:394][537]LogModuleManager: Shutting down and abandoning module GeometryMode (794)
[2026.07.18-01.28.59:394][537]LogModuleManager: Shutting down and abandoning module CameraShakePreviewer (792)
[2026.07.18-01.28.59:394][537]LogModuleManager: Shutting down and abandoning module SmartSnapping (790)
[2026.07.18-01.28.59:394][537]LogModuleManager: Shutting down and abandoning module SessionServices (788)
[2026.07.18-01.28.59:394][537]LogModuleManager: Shutting down and abandoning module MeshPaint (786)
[2026.07.18-01.28.59:394][537]LogModuleManager: Shutting down and abandoning module VirtualTexturingEditor (784)
[2026.07.18-01.28.59:394][537]LogModuleManager: Shutting down and abandoning module FoliageEdit (782)
[2026.07.18-01.28.59:394][537]LogModuleManager: Shutting down and abandoning module LandscapeEditor (780)
[2026.07.18-01.28.59:394][537]LogModuleManager: Shutting down and abandoning module MeshPaintMode (778)
[2026.07.18-01.28.59:394][537]LogModuleManager: Shutting down and abandoning module SceneDepthPickerMode (776)
[2026.07.18-01.28.59:394][537]LogModuleManager: Shutting down and abandoning module ActorPickerMode (774)
[2026.07.18-01.28.59:394][537]LogModuleManager: Shutting down and abandoning module PlacementMode (772)
[2026.07.18-01.28.59:394][537]LogModuleManager: Shutting down and abandoning module ViewportSnapping (770)
[2026.07.18-01.28.59:394][537]LogModuleManager: Shutting down and abandoning module ViewportInteraction (768)
[2026.07.18-01.28.59:394][537]LogModuleManager: Shutting down and abandoning module ClothPainter (766)
[2026.07.18-01.28.59:394][537]LogModuleManager: Shutting down and abandoning module SkeletalMeshEditor (765)
[2026.07.18-01.28.59:394][537]LogModuleManager: Shutting down and abandoning module LogVisualizer (762)
[2026.07.18-01.28.59:394][537]LogModuleManager: Shutting down and abandoning module IntroTutorials (760)
[2026.07.18-01.28.59:395][537]LogModuleManager: Shutting down and abandoning module GameProjectGeneration (759)
[2026.07.18-01.28.59:395][537]LogModuleManager: Shutting down and abandoning module LuminPlatformEditor (756)
[2026.07.18-01.28.59:395][537]LogModuleManager: Shutting down and abandoning module IOSPlatformEditor (754)
[2026.07.18-01.28.59:395][537]LogModuleManager: Shutting down and abandoning module AndroidPlatformEditor (752)
[2026.07.18-01.28.59:395][537]LogModuleManager: Shutting down and abandoning module AndroidDeviceDetection (751)
[2026.07.18-01.28.59:496][537]LogModuleManager: Shutting down and abandoning module WindowsPlatformEditor (748)
[2026.07.18-01.28.59:496][537]LogModuleManager: Shutting down and abandoning module LuminRuntimeSettings (746)
[2026.07.18-01.28.59:496][537]LogModuleManager: Shutting down and abandoning module IOSRuntimeSettings (744)
[2026.07.18-01.28.59:496][537]LogModuleManager: Shutting down and abandoning module AndroidRuntimeSettings (742)
[2026.07.18-01.28.59:496][537]LogModuleManager: Shutting down and abandoning module TraceInsights (740)
[2026.07.18-01.28.59:497][537]MemoryProfiler: Shutdown
[2026.07.18-01.28.59:497][537]NetworkingProfiler: Shutdown
[2026.07.18-01.28.59:497][537]LoadingProfiler: Shutdown
[2026.07.18-01.28.59:497][537]TimingProfiler: Shutdown
[2026.07.18-01.28.59:498][537]LogModuleManager: Shutting down and abandoning module TraceServices (739)
[2026.07.18-01.28.59:498][537]LogModuleManager: Shutting down and abandoning module EditorInteractiveToolsFramework (736)
[2026.07.18-01.28.59:498][537]LogModuleManager: Shutting down and abandoning module TimeManagementEditor (734)
[2026.07.18-01.28.59:498][537]LogModuleManager: Shutting down and abandoning module InputBindingEditor (732)
[2026.07.18-01.28.59:498][537]LogModuleManager: Shutting down and abandoning module MergeActors (730)
[2026.07.18-01.28.59:498][537]LogModuleManager: Shutting down and abandoning module LocalizationDashboard (728)
[2026.07.18-01.28.59:498][537]LogModuleManager: Shutting down and abandoning module LocalizationService (727)
[2026.07.18-01.28.59:498][537]LogModuleManager: Shutting down and abandoning module HardwareTargeting (724)
[2026.07.18-01.28.59:498][537]LogModuleManager: Shutting down and abandoning module DeviceProfileEditor (722)
[2026.07.18-01.28.59:498][537]LogModuleManager: Shutting down and abandoning module UndoHistory (720)
[2026.07.18-01.28.59:498][537]LogModuleManager: Shutting down and abandoning module XmlParser (718)
[2026.07.18-01.28.59:498][537]LogModuleManager: Shutting down and abandoning module Blutility (716)
[2026.07.18-01.28.59:498][537]LogModuleManager: Shutting down and abandoning module ProjectSettingsViewer (714)
[2026.07.18-01.28.59:498][537]LogModuleManager: Shutting down and abandoning module ProjectTargetPlatformEditor (713)
[2026.07.18-01.28.59:498][537]LogModuleManager: Shutting down and abandoning module EditorSettingsViewer (710)
[2026.07.18-01.28.59:498][537]LogModuleManager: Shutting down and abandoning module InternationalizationSettings (709)
[2026.07.18-01.28.59:498][537]LogModuleManager: Shutting down and abandoning module SettingsEditor (706)
[2026.07.18-01.28.59:498][537]LogModuleManager: Shutting down and abandoning module ProjectLauncher (704)
[2026.07.18-01.28.59:498][537]LogModuleManager: Shutting down and abandoning module SessionFrontend (702)
[2026.07.18-01.28.59:498][537]LogModuleManager: Shutting down and abandoning module ProfilerClient (700)
[2026.07.18-01.28.59:498][537]LogModuleManager: Shutting down and abandoning module DeviceManager (698)
[2026.07.18-01.28.59:498][537]LogModuleManager: Shutting down and abandoning module TargetDeviceServices (697)
[2026.07.18-01.28.59:530][537]LogModuleManager: Shutting down and abandoning module AutomationController (694)
[2026.07.18-01.28.59:530][537]LogModuleManager: Shutting down and abandoning module AutomationWindow (692)
[2026.07.18-01.28.59:530][537]LogModuleManager: Shutting down and abandoning module Layers (690)
[2026.07.18-01.28.59:530][537]LogModuleManager: Shutting down and abandoning module ComponentVisualizers (688)
[2026.07.18-01.28.59:530][537]LogModuleManager: Shutting down and abandoning module DetailCustomizations (686)
[2026.07.18-01.28.59:530][537]LogModuleManager: Shutting down and abandoning module PackagesDialog (684)
[2026.07.18-01.28.59:530][537]LogModuleManager: Shutting down and abandoning module AnimationBlueprintEditor (682)
[2026.07.18-01.28.59:530][537]LogModuleManager: Shutting down and abandoning module Persona (680)
[2026.07.18-01.28.59:530][537]LogModuleManager: Shutting down and abandoning module AdvancedPreviewScene (679)
[2026.07.18-01.28.59:530][537]LogModuleManager: Shutting down and abandoning module AnimGraph (677)
[2026.07.18-01.28.59:530][537]LogModuleManager: Shutting down and abandoning module Kismet (674)
[2026.07.18-01.28.59:539][537]LogModuleManager: Shutting down and abandoning module KismetWidgets (673)
[2026.07.18-01.28.59:539][537]LogModuleManager: Shutting down and abandoning module GraphEditor (670)
[2026.07.18-01.28.59:539][537]LogModuleManager: Shutting down and abandoning module StructViewer (668)
[2026.07.18-01.28.59:540][537]LogModuleManager: Shutting down and abandoning module ClassViewer (666)
[2026.07.18-01.28.59:543][537]LogModuleManager: Shutting down and abandoning module Toolbox (664)
[2026.07.18-01.28.59:543][537]LogModuleManager: Shutting down and abandoning module ModuleUI (662)
[2026.07.18-01.28.59:543][537]LogModuleManager: Shutting down and abandoning module OutputLog (660)
[2026.07.18-01.28.59:544][537]LogModuleManager: Shutting down and abandoning module GammaUI (658)
[2026.07.18-01.28.59:544][537]LogModuleManager: Shutting down and abandoning module Documentation (656)
[2026.07.18-01.28.59:544][537]LogModuleManager: Shutting down and abandoning module LiveCoding (654)
[2026.07.18-01.28.59:545][537]LogModuleManager: Shutting down and abandoning module LevelSequence (652)
[2026.07.18-01.28.59:545][537]LogModuleManager: Shutting down and abandoning module MovieSceneTracks (650)
[2026.07.18-01.28.59:545][537]LogModuleManager: Shutting down and abandoning module MovieScene (648)
[2026.07.18-01.28.59:545][537]LogModuleManager: Shutting down and abandoning module StreamingPauseRendering (646)
[2026.07.18-01.28.59:545][537]LogModuleManager: Shutting down and abandoning module LauncherPlatform (644)
[2026.07.18-01.28.59:545][537]LogModuleManager: Shutting down and abandoning module AnalyticsET (642)
[2026.07.18-01.28.59:545][537]LogModuleManager: Shutting down and abandoning module PortalServices (640)
[2026.07.18-01.28.59:545][537]LogModuleManager: Shutting down and abandoning module PortalRpc (638)
[2026.07.18-01.28.59:545][537]LogModuleManager: Shutting down and abandoning module MessagingRpc (636)
[2026.07.18-01.28.59:545][537]LogModuleManager: Shutting down and abandoning module AudioMixerXAudio2 (634)
[2026.07.18-01.28.59:545][537]LogModuleManager: Shutting down and abandoning module AudioMixerCore (633)
[2026.07.18-01.28.59:545][537]LogModuleManager: Shutting down and abandoning module AIModule (630)
[2026.07.18-01.28.59:545][537]LogModuleManager: Shutting down and abandoning module GameplayDebugger (629)
[2026.07.18-01.28.59:545][537]LogModuleManager: Shutting down and abandoning module AITestSuite (627)
[2026.07.18-01.28.59:545][537]LogModuleManager: Shutting down and abandoning module NavigationSystem (625)
[2026.07.18-01.28.59:545][537]LogModuleManager: Shutting down and abandoning module ImageWriteQueue (622)
[2026.07.18-01.28.59:551][537]LogModuleManager: Shutting down and abandoning module ProfilerService (620)
[2026.07.18-01.28.59:584][537]LogModuleManager: Shutting down and abandoning module TaskGraph (618)
[2026.07.18-01.28.59:584][537]LogModuleManager: Shutting down and abandoning module AudioSynesthesiaEditor (616)
[2026.07.18-01.28.59:584][537]LogModuleManager: Shutting down and abandoning module OculusEditor (614)
[2026.07.18-01.28.59:584][537]LogModuleManager: Shutting down and abandoning module OculusInput (612)
[2026.07.18-01.28.59:584][537]LogModuleManager: Shutting down and abandoning module RiderGameControl (610)
[2026.07.18-01.28.59:584][537]LogModuleManager: Shutting down and abandoning module RiderBlueprint (608)
[2026.07.18-01.28.59:584][537]LogModuleManager: Shutting down and abandoning module ContentBrowserFileDataSource (606)
[2026.07.18-01.28.59:584][537]LogModuleManager: Shutting down and abandoning module ContentBrowserClassDataSource (604)
[2026.07.18-01.28.59:584][537]LogModuleManager: Shutting down and abandoning module ContentBrowserAssetDataSource (602)
[2026.07.18-01.28.59:584][537]LogModuleManager: Shutting down and abandoning module CollectionManager (601)
[2026.07.18-01.28.59:584][537]LogModuleManager: Shutting down and abandoning module OodleNetworkHandlerComponent (598)
[2026.07.18-01.28.59:584][537]LogModuleManager: Shutting down and abandoning module SynthesisEditor (596)
[2026.07.18-01.28.59:584][537]LogModuleManager: Shutting down and abandoning module Synthesis (594)
[2026.07.18-01.28.59:585][537]LogModuleManager: Shutting down and abandoning module ProceduralMeshComponentEditor (592)
[2026.07.18-01.28.59:585][537]LogModuleManager: Shutting down and abandoning module ProceduralMeshComponent (590)
[2026.07.18-01.28.59:585][537]LogModuleManager: Shutting down and abandoning module TakeSequencer (588)
[2026.07.18-01.28.59:585][537]LogModuleManager: Shutting down and abandoning module TakeMovieScene (586)
[2026.07.18-01.28.59:585][537]LogModuleManager: Shutting down and abandoning module OpenXREditor (584)
[2026.07.18-01.28.59:585][537]LogModuleManager: Shutting down and abandoning module MobilePatchingUtils (582)
[2026.07.18-01.28.59:585][537]LogModuleManager: Shutting down and abandoning module ScreenshotTools (580)
[2026.07.18-01.28.59:585][537]LogModuleManager: Shutting down and abandoning module GooglePAD (578)
[2026.07.18-01.28.59:585][537]LogModuleManager: Shutting down and abandoning module EditableMesh (576)
[2026.07.18-01.28.59:585][537]LogModuleManager: Shutting down and abandoning module CustomMeshComponent (574)
[2026.07.18-01.28.59:585][537]LogModuleManager: Shutting down and abandoning module CableComponent (572)
[2026.07.18-01.28.59:585][537]LogModuleManager: Shutting down and abandoning module AudioCapture (570)
[2026.07.18-01.28.59:585][537]LogModuleManager: Shutting down and abandoning module AudioCaptureRtAudio (569)
[2026.07.18-01.28.59:585][537]LogModuleManager: Shutting down and abandoning module AssetTags (566)
[2026.07.18-01.28.59:585][537]LogModuleManager: Shutting down and abandoning module ArchVisCharacter (564)
[2026.07.18-01.28.59:585][537]LogModuleManager: Shutting down and abandoning module AppleImageUtilsBlueprintSupport (562)
[2026.07.18-01.28.59:585][537]LogModuleManager: Shutting down and abandoning module AppleImageUtils (560)
[2026.07.18-01.28.59:585][537]LogModuleManager: Shutting down and abandoning module AndroidPermission (558)
[2026.07.18-01.28.59:585][537]LogModuleManager: Shutting down and abandoning module ActorLayerUtilitiesEditor (556)
[2026.07.18-01.28.59:585][537]LogModuleManager: Shutting down and abandoning module ActorLayerUtilities (554)
[2026.07.18-01.28.59:585][537]LogModuleManager: Shutting down and abandoning module TemplateSequence (552)
[2026.07.18-01.28.59:585][537]LogModuleManager: Shutting down and abandoning module OpenImageDenoise (550)
[2026.07.18-01.28.59:585][537]LogOpenImageDenoise: OIDN shutting down
[2026.07.18-01.28.59:585][537]LogModuleManager: Shutting down and abandoning module MotoSynthEditor (548)
[2026.07.18-01.28.59:585][537]LogModuleManager: Shutting down and abandoning module MotoSynth (546)
[2026.07.18-01.28.59:585][537]LogModuleManager: Shutting down and abandoning module MeshConversion (544)
[2026.07.18-01.28.59:585][537]LogModuleManager: Shutting down and abandoning module DynamicMesh (542)
[2026.07.18-01.28.59:585][537]LogModuleManager: Shutting down and abandoning module GeometryAlgorithms (540)
[2026.07.18-01.28.59:585][537]LogModuleManager: Shutting down and abandoning module GeometricObjects (538)
[2026.07.18-01.28.59:585][537]LogModuleManager: Shutting down and abandoning module MediaCompositing (536)
[2026.07.18-01.28.59:585][537]LogModuleManager: Shutting down and abandoning module ImgMedia (534)
[2026.07.18-01.28.59:585][537]LogModuleManager: Shutting down and abandoning module GeometryCollectionTracks (532)
[2026.07.18-01.28.59:585][537]LogModuleManager: Shutting down and abandoning module GeometryCollectionSequencer (531)
[2026.07.18-01.28.59:585][537]LogModuleManager: Shutting down and abandoning module GeometryCollectionEditor (528)
[2026.07.18-01.28.59:585][537]LogModuleManager: Shutting down and abandoning module ChaosClothEditor (526)
[2026.07.18-01.28.59:585][537]LogModuleManager: Shutting down and abandoning module GeometryCacheTracks (524)
[2026.07.18-01.28.59:585][537]LogModuleManager: Shutting down and abandoning module GeometryCacheStreamer (522)
[2026.07.18-01.28.59:585][537]LogModuleManager: Shutting down and abandoning module GeometryCacheSequencer (520)
[2026.07.18-01.28.59:585][537]LogModuleManager: Shutting down and abandoning module ChaosNiagara (518)
[2026.07.18-01.28.59:585][537]LogModuleManager: Shutting down and abandoning module FractureEditor (516)
[2026.07.18-01.28.59:585][537]LogModuleManager: Shutting down and abandoning module ChaosSolverEditor (514)
[2026.07.18-01.28.59:585][537]LogModuleManager: Shutting down and abandoning module FieldSystemEngine (513)
[2026.07.18-01.28.59:585][537]LogModuleManager: Shutting down and abandoning module AutomationUtilsEditor (510)
[2026.07.18-01.28.59:585][537]LogModuleManager: Shutting down and abandoning module AutomationUtils (508)
[2026.07.18-01.28.59:585][537]LogModuleManager: Shutting down and abandoning module BackChannel (506)
[2026.07.18-01.28.59:585][537]LogModuleManager: Shutting down and abandoning module AlembicImporter (504)
[2026.07.18-01.28.59:585][537]LogModuleManager: Shutting down and abandoning module AlembicLibrary (503)
[2026.07.18-01.28.59:585][537]LogModuleManager: Shutting down and abandoning module GeometryCache (502)
[2026.07.18-01.28.59:585][537]LogModuleManager: Shutting down and abandoning module GeometryCacheEd (501)
[2026.07.18-01.28.59:585][537]LogModuleManager: Shutting down and abandoning module NiagaraEditorWidgets (496)
[2026.07.18-01.28.59:585][537]LogModuleManager: Shutting down and abandoning module MagicLeapSharedWorld (494)
[2026.07.18-01.28.59:585][537]LogModuleManager: Shutting down and abandoning module MagicLeapLightEstimation (492)
[2026.07.18-01.28.59:585][537]LogModuleManager: Shutting down and abandoning module VisualStudioSourceCodeAccess (490)
[2026.07.18-01.28.59:586][537]LogModuleManager: Shutting down and abandoning module UObjectPlugin (488)
[2026.07.18-01.28.59:586][537]LogModuleManager: Shutting down and abandoning module MagicLeapHelperVulkan (486)
[2026.07.18-01.28.59:586][537]LogModuleManager: Shutting down and abandoning module MagicLeapHelperOpenGL (484)
[2026.07.18-01.28.59:586][537]LogModuleManager: Shutting down and abandoning module MagicLeapAudio (482)
[2026.07.18-01.28.59:586][537]LogModuleManager: Shutting down and abandoning module VisualStudioCodeSourceCodeAccess (480)
[2026.07.18-01.28.59:586][537]LogModuleManager: Shutting down and abandoning module SubversionSourceControl (478)
[2026.07.18-01.28.59:586][537]LogModuleManager: Shutting down and abandoning module RiderSourceCodeAccess (476)
[2026.07.18-01.28.59:586][537]LogModuleManager: Shutting down and abandoning module PerforceSourceControl (474)
[2026.07.18-01.28.59:586][537]LogModuleManager: Shutting down and abandoning module PlasticSourceControl (472)
[2026.07.18-01.28.59:586][537]LogModuleManager: Shutting down and abandoning module PluginUtils (470)
[2026.07.18-01.28.59:586][537]LogModuleManager: Shutting down and abandoning module GitSourceControl (468)
[2026.07.18-01.28.59:586][537]LogModuleManager: Shutting down and abandoning module SourceControl (467)
[2026.07.18-01.28.59:586][537]LogModuleManager: Shutting down and abandoning module CLionSourceCodeAccess (464)
[2026.07.18-01.28.59:586][537]LogModuleManager: Shutting down and abandoning module AnimationSharingEd (462)
[2026.07.18-01.28.59:586][537]LogModuleManager: Shutting down and abandoning module SpeedTreeImporter (460)
[2026.07.18-01.28.59:586][537]LogModuleManager: Shutting down and abandoning module PluginBrowser (458)
[2026.07.18-01.28.59:586][537]LogModuleManager: Shutting down and abandoning module MobileLauncherProfileWizard (456)
[2026.07.18-01.28.59:586][537]LogModuleManager: Shutting down and abandoning module MaterialAnalyzer (454)
[2026.07.18-01.28.59:586][537]LogModuleManager: Shutting down and abandoning module CryptoKeysOpenSSL (452)
[2026.07.18-01.28.59:586][537]LogModuleManager: Shutting down and abandoning module CryptoKeys (450)
[2026.07.18-01.28.59:586][537]LogModuleManager: Shutting down and abandoning module CurveEditorTools (448)
[2026.07.18-01.28.59:586][537]LogModuleManager: Shutting down and abandoning module VariantManagerContentEditor (446)
[2026.07.18-01.28.59:586][537]LogModuleManager: Shutting down and abandoning module DatasmithContentEditor (444)
[2026.07.18-01.28.59:586][537]LogModuleManager: Shutting down and abandoning module PaperTiledImporter (442)
[2026.07.18-01.28.59:586][537]LogModuleManager: Shutting down and abandoning module PaperSpriteSheetImporter (440)
[2026.07.18-01.28.59:586][537]LogModuleManager: Shutting down and abandoning module Paper2DEditor (438)
[2026.07.18-01.28.59:586][537]LogModuleManager: Shutting down and abandoning module LightPropagationVolumeEditor (436)
[2026.07.18-01.28.59:586][537]LogModuleManager: Shutting down and abandoning module LiveLinkSequencer (434)
[2026.07.18-01.28.59:586][537]LogModuleManager: Shutting down and abandoning module LiveLinkMovieScene (432)
[2026.07.18-01.28.59:586][537]LogModuleManager: Shutting down and abandoning module LiveLinkGraphNode (430)
[2026.07.18-01.28.59:586][537]LogModuleManager: Shutting down and abandoning module LiveLinkEditor (428)
[2026.07.18-01.28.59:586][537]LogModuleManager: Shutting down and abandoning module LiveLinkComponents (426)
[2026.07.18-01.28.59:586][537]LogModuleManager: Shutting down and abandoning module LiveLink (424)
[2026.07.18-01.28.59:942][537]LogModuleManager: Shutting down and abandoning module MeshPaintingToolset (422)
[2026.07.18-01.28.59:942][537]LogModuleManager: Shutting down and abandoning module MeshPaintEditorMode (420)
[2026.07.18-01.28.59:942][537]LogModuleManager: Shutting down and abandoning module RiderDebuggerSupport (418)
[2026.07.18-01.28.59:942][537]LogModuleManager: Shutting down and abandoning module RiderLogging (416)
[2026.07.18-01.28.59:942][537]LogModuleManager: Shutting down and abandoning module RiderLink (414)
[2026.07.18-01.28.59:945][537]LogModuleManager: Shutting down and abandoning module RD (412)
[2026.07.18-01.28.59:945][537]LogModuleManager: Shutting down and abandoning module EnvironmentQueryEditor (410)
[2026.07.18-01.28.59:945][537]LogModuleManager: Shutting down and abandoning module SoundFields (408)
[2026.07.18-01.28.59:945][537]LogModuleManager: Shutting down and abandoning module SignificanceManager (406)
[2026.07.18-01.28.59:945][537]LogModuleManager: Shutting down and abandoning module RuntimePhysXCooking (404)
[2026.07.18-01.28.59:945][537]LogModuleManager: Shutting down and abandoning module PropertyAccessEditor (402)
[2026.07.18-01.28.59:945][537]LogModuleManager: Shutting down and abandoning module PhysXVehiclesEditor (400)
[2026.07.18-01.28.59:945][537]LogModuleManager: Shutting down and abandoning module LocationServicesBPLibrary (396)
[2026.07.18-01.28.59:945][537]LogModuleManager: Shutting down and abandoning module AudioSynesthesia (394)
[2026.07.18-01.28.59:945][537]LogModuleManager: Shutting down and abandoning module AudioSynesthesiaCore (392)
[2026.07.18-01.28.59:945][537]LogModuleManager: Shutting down and abandoning module ActorSequence (390)
[2026.07.18-01.28.59:945][537]LogModuleManager: Shutting down and abandoning module TcpMessaging (388)
[2026.07.18-01.29.00:046][537]LogModuleManager: Shutting down and abandoning module UdpMessaging (386)
[2026.07.18-01.29.00:147][537]LogModuleManager: Shutting down and abandoning module PythonScriptPlugin (384)
[2026.07.18-01.29.00:147][537]LogModuleManager: Shutting down and abandoning module ImgMediaEngine (382)
[2026.07.18-01.29.00:147][537]LogModuleManager: Shutting down and abandoning module NiagaraAnimNotifies (380)
[2026.07.18-01.29.00:147][537]LogModuleManager: Shutting down and abandoning module Niagara (378)
[2026.07.18-01.29.00:147][537]LogModuleManager: Shutting down and abandoning module SignalProcessing (377)
[2026.07.18-01.29.00:147][537]LogModuleManager: Shutting down and abandoning module NiagaraEditor (375)
[2026.07.18-01.29.00:147][537]LogModuleManager: Shutting down and abandoning module NiagaraCore (372)
[2026.07.18-01.29.00:147][537]LogModuleManager: Shutting down and abandoning module MagicLeapARPin (370)
[2026.07.18-01.29.00:147][537]LogModuleManager: Shutting down and abandoning module MagicLeapHandMeshing (368)
[2026.07.18-01.29.00:147][537]LogModuleManager: Shutting down and abandoning module MagicLeapSecureStorage (366)
[2026.07.18-01.29.00:147][537]LogModuleManager: Shutting down and abandoning module MagicLeapPrivileges (364)
[2026.07.18-01.29.00:147][537]LogModuleManager: Shutting down and abandoning module MagicLeapPlanes (362)
[2026.07.18-01.29.00:147][537]LogMagicLeapPlanes: Planes tracker already destroyed.
[2026.07.18-01.29.00:147][537]LogModuleManager: Shutting down and abandoning module MagicLeapImageTracker (360)
[2026.07.18-01.29.00:147][537]LogModuleManager: Shutting down and abandoning module MagicLeapIdentity (358)
[2026.07.18-01.29.00:147][537]LogModuleManager: Shutting down and abandoning module MagicLeapHandTracking (356)
[2026.07.18-01.29.00:147][537]LogModuleManager: Shutting down and abandoning module MagicLeapEyeTracker (354)
[2026.07.18-01.29.00:147][537]LogModuleManager: Shutting down and abandoning module MagicLeapController (352)
[2026.07.18-01.29.00:147][537]LogModuleManager: Shutting down and abandoning module MagicLeapARPinImpl (350)
[2026.07.18-01.29.00:147][537]LogModuleManager: Shutting down and abandoning module MagicLeapAR (348)
[2026.07.18-01.29.00:147][537]LogModuleManager: Shutting down and abandoning module PropertyAccessNode (346)
[2026.07.18-01.29.00:147][537]LogModuleManager: Shutting down and abandoning module AnimationSharing (344)
[2026.07.18-01.29.00:147][537]LogModuleManager: Shutting down and abandoning module DataValidation (342)
[2026.07.18-01.29.00:147][537]LogModuleManager: Shutting down and abandoning module GameplayTagsEditor (340)
[2026.07.18-01.29.00:147][537]LogModuleManager: Shutting down and abandoning module FacialAnimationEditor (338)
[2026.07.18-01.29.00:147][537]LogModuleManager: Shutting down and abandoning module FacialAnimation (336)
[2026.07.18-01.29.00:147][537]LogModuleManager: Shutting down and abandoning module AssetManagerEditor (334)
[2026.07.18-01.29.00:147][537]LogModuleManager: Shutting down and abandoning module LevelEditor (333)
[2026.07.18-01.29.00:148][537]LogModuleManager: Shutting down and abandoning module PixelInspectorModule (332)
[2026.07.18-01.29.00:148][537]LogModuleManager: Shutting down and abandoning module CommonMenuExtensions (330)
[2026.07.18-01.29.00:148][537]LogModuleManager: Shutting down and abandoning module MainFrame (328)
[2026.07.18-01.29.00:148][537]LogModuleManager: Shutting down and abandoning module HotReload (327)
[2026.07.18-01.29.00:149][537]LogModuleManager: Shutting down and abandoning module ToolMenus (323)
[2026.07.18-01.29.00:149][537]LogModuleManager: Shutting down and abandoning module ContentBrowser (321)
[2026.07.18-01.29.00:149][537]LogModuleManager: Shutting down and abandoning module ContentBrowserData (320)
[2026.07.18-01.29.00:149][537]LogModuleManager: Shutting down and abandoning module TreeMap (317)
[2026.07.18-01.29.00:149][537]LogModuleManager: Shutting down and abandoning module GameplayCameras (314)
[2026.07.18-01.29.00:149][537]LogModuleManager: Shutting down and abandoning module Paper2D (312)
[2026.07.18-01.29.00:149][537]LogModuleManager: Shutting down and abandoning module LightPropagationVolumeRuntime (310)
[2026.07.18-01.29.00:149][537]LogModuleManager: Shutting down and abandoning module WebMMoviePlayer (308)
[2026.07.18-01.29.00:149][537]LogModuleManager: Shutting down and abandoning module WindowsMoviePlayer (306)
[2026.07.18-01.29.00:150][537]LogModuleManager: Shutting down and abandoning module NetworkReplayStreaming (304)
[2026.07.18-01.29.00:150][537]LogModuleManager: Shutting down and abandoning module PacketHandler (302)
[2026.07.18-01.29.00:150][537]LogModuleManager: Shutting down and abandoning module ClothingSystemEditor (300)
[2026.07.18-01.29.00:150][537]LogModuleManager: Shutting down and abandoning module ClothingSystemRuntimeNv (298)
[2026.07.18-01.29.00:150][537]LogModuleManager: Shutting down and abandoning module MediaAssets (296)
[2026.07.18-01.29.00:150][537]LogModuleManager: Shutting down and abandoning module Overlay (294)
[2026.07.18-01.29.00:150][537]LogModuleManager: Shutting down and abandoning module OverlayEditor (293)
[2026.07.18-01.29.00:150][537]LogModuleManager: Shutting down and abandoning module VREditor (290)
[2026.07.18-01.29.00:150][537]LogModuleManager: Shutting down and abandoning module StringTableEditor (288)
[2026.07.18-01.29.00:150][537]LogModuleManager: Shutting down and abandoning module GameplayTasksEditor (286)
[2026.07.18-01.29.00:150][537]LogModuleManager: Shutting down and abandoning module BehaviorTreeEditor (284)
[2026.07.18-01.29.00:150][537]LogModuleManager: Shutting down and abandoning module FunctionalTesting (282)
[2026.07.18-01.29.00:150][537]LogModuleManager: Shutting down and abandoning module CollisionAnalyzer (280)
[2026.07.18-01.29.00:150][537]LogModuleManager: Shutting down and abandoning module WorkspaceMenuStructure (279)
[2026.07.18-01.29.00:150][537]LogModuleManager: Shutting down and abandoning module UMG (276)
[2026.07.18-01.29.00:150][537]LogModuleManager: Shutting down and abandoning module UMGEditor (275)
[2026.07.18-01.29.00:150][537]LogModuleManager: Shutting down and abandoning module MessageLog (273)
[2026.07.18-01.29.00:150][537]LogModuleManager: Shutting down and abandoning module SlateReflector (268)
[2026.07.18-01.29.00:150][537]LogModuleManager: Shutting down and abandoning module Slate (266)
[2026.07.18-01.29.00:150][537]LogModuleManager: Shutting down and abandoning module SlateCore (264)
[2026.07.18-01.29.00:151][537]LogModuleManager: Shutting down and abandoning module LandscapeEditorUtilities (262)
[2026.07.18-01.29.00:151][537]LogModuleManager: Shutting down and abandoning module UnrealEd (260)
[2026.07.18-01.29.00:151][537]LogModuleManager: Shutting down and abandoning module MRMesh (258)
[2026.07.18-01.29.00:151][537]LogModuleManager: Shutting down and abandoning module SourceCodeAccess (256)
[2026.07.18-01.29.00:151][537]LogModuleManager: Shutting down and abandoning module HeadMountedDisplay (254)
[2026.07.18-01.29.00:151][537]LogModuleManager: Shutting down and abandoning module XAudio2 (252)
[2026.07.18-01.29.00:151][537]LogModuleManager: Shutting down and abandoning module Networking (250)
[2026.07.18-01.29.00:151][537]LogModuleManager: Shutting down and abandoning module Core (248)
[2026.07.18-01.29.00:151][537]LogModuleManager: Shutting down and abandoning module MaterialEditor (246)
[2026.07.18-01.29.00:151][537]LogModuleManager: Shutting down and abandoning module MovieSceneTools (244)
[2026.07.18-01.29.00:151][537]LogModuleManager: Shutting down and abandoning module CurveEditor (243)
[2026.07.18-01.29.00:151][537]LogModuleManager: Shutting down and abandoning module Sequencer (241)
[2026.07.18-01.29.00:151][537]LogModuleManager: Shutting down and abandoning module EditorStyle (240)
[2026.07.18-01.29.00:152][537]LogModuleManager: Shutting down and abandoning module KismetCompiler (236)
[2026.07.18-01.29.00:152][537]LogModuleManager: Shutting down and abandoning module MeshBuilder (234)
[2026.07.18-01.29.00:152][537]LogModuleManager: Shutting down and abandoning module MeshUtilities (232)
[2026.07.18-01.29.00:152][537]LogModuleManager: Shutting down and abandoning module MeshMergeUtilities (231)
[2026.07.18-01.29.00:152][537]LogModuleManager: Shutting down and abandoning module MeshReductionInterface (230)
[2026.07.18-01.29.00:152][537]LogModuleManager: Shutting down and abandoning module MeshBoneReduction (229)
[2026.07.18-01.29.00:152][537]LogModuleManager: Shutting down and abandoning module SkeletalMeshReduction (227)
[2026.07.18-01.29.00:153][537]LogModuleManager: Shutting down and abandoning module ProxyLODMeshReduction (225)
[2026.07.18-01.29.00:153][537]LogModuleManager: Shutting down and abandoning module QuadricMeshReduction (223)
[2026.07.18-01.29.00:153][537]LogModuleManager: Shutting down and abandoning module MaterialBaking (219)
[2026.07.18-01.29.00:153][537]LogModuleManager: Shutting down and abandoning module NullInstallBundleManager (214)
[2026.07.18-01.29.00:153][537]LogModuleManager: Shutting down and abandoning module DerivedDataCache (212)
[2026.07.18-01.29.00:153][537]LogModuleManager: Shutting down and abandoning module TargetPlatform (210)
[2026.07.18-01.29.00:153][537]LogModuleManager: Shutting down and abandoning module VulkanShaderFormat (209)
[2026.07.18-01.29.00:153][537]LogModuleManager: Shutting down and abandoning module ShaderFormatVectorVM (207)
[2026.07.18-01.29.00:153][537]LogModuleManager: Shutting down and abandoning module ShaderFormatOpenGL (205)
[2026.07.18-01.29.00:153][537]LogModuleManager: Shutting down and abandoning module ShaderFormatD3D (203)
[2026.07.18-01.29.00:153][537]LogModuleManager: Shutting down and abandoning module MetalShaderFormat (201)
[2026.07.18-01.29.00:153][537]LogModuleManager: Shutting down and abandoning module TextureFormatOodle (199)
[2026.07.18-01.29.00:153][537]LogModuleManager: Shutting down and abandoning module TextureFormatUncompressed (197)
[2026.07.18-01.29.00:153][537]LogModuleManager: Shutting down and abandoning module TextureFormatPVR (195)
[2026.07.18-01.29.00:153][537]LogModuleManager: Shutting down and abandoning module TextureFormatETC2 (193)
[2026.07.18-01.29.00:153][537]LogModuleManager: Shutting down and abandoning module TextureFormatDXT (191)
[2026.07.18-01.29.00:153][537]LogModuleManager: Shutting down and abandoning module TextureFormatIntelISPCTexComp (189)
[2026.07.18-01.29.00:153][537]LogModuleManager: Shutting down and abandoning module TextureFormatASTC (187)
[2026.07.18-01.29.00:153][537]LogModuleManager: Shutting down and abandoning module ImageWrapper (186)
[2026.07.18-01.29.00:153][537]LogModuleManager: Shutting down and abandoning module AudioFormatOpus (183)
[2026.07.18-01.29.00:153][537]LogModuleManager: Shutting down and abandoning module AudioFormatOgg (181)
[2026.07.18-01.29.00:153][537]LogModuleManager: Shutting down and abandoning module AudioFormatADPCM (179)
[2026.07.18-01.29.00:153][537]LogModuleManager: Shutting down and abandoning module WindowsServerTargetPlatform (177)
[2026.07.18-01.29.00:153][537]LogModuleManager: Shutting down and abandoning module WindowsClientTargetPlatform (175)
[2026.07.18-01.29.00:153][537]LogModuleManager: Shutting down and abandoning module WindowsTargetPlatform (173)
[2026.07.18-01.29.00:153][537]LogModuleManager: Shutting down and abandoning module WindowsNoEditorTargetPlatform (171)
[2026.07.18-01.29.00:153][537]LogModuleManager: Shutting down and abandoning module TVOSTargetPlatform (169)
[2026.07.18-01.29.00:155][537]LogModuleManager: Shutting down and abandoning module MacServerTargetPlatform (167)
[2026.07.18-01.29.00:155][537]LogModuleManager: Shutting down and abandoning module MacClientTargetPlatform (165)
[2026.07.18-01.29.00:155][537]LogModuleManager: Shutting down and abandoning module MacTargetPlatform (163)
[2026.07.18-01.29.00:155][537]LogModuleManager: Shutting down and abandoning module MacNoEditorTargetPlatform (161)
[2026.07.18-01.29.00:155][537]LogModuleManager: Shutting down and abandoning module LuminTargetPlatform (159)
[2026.07.18-01.29.00:155][537]LogModuleManager: Shutting down and abandoning module LinuxAArch64ServerTargetPlatform (157)
[2026.07.18-01.29.00:156][537]LogModuleManager: Shutting down and abandoning module LinuxAArch64ClientTargetPlatform (155)
[2026.07.18-01.29.00:156][537]LogModuleManager: Shutting down and abandoning module LinuxAArch64NoEditorTargetPlatform (153)
[2026.07.18-01.29.00:156][537]LogModuleManager: Shutting down and abandoning module LinuxServerTargetPlatform (151)
[2026.07.18-01.29.00:156][537]LogModuleManager: Shutting down and abandoning module LinuxClientTargetPlatform (149)
[2026.07.18-01.29.00:156][537]LogModuleManager: Shutting down and abandoning module LinuxNoEditorTargetPlatform (147)
[2026.07.18-01.29.00:156][537]LogModuleManager: Shutting down and abandoning module LinuxTargetPlatform (145)
[2026.07.18-01.29.00:156][537]LogModuleManager: Shutting down and abandoning module Messaging (143)
[2026.07.18-01.29.00:156][537]LogModuleManager: Shutting down and abandoning module IOSTargetPlatform (141)
[2026.07.18-01.29.00:156][537]LogModuleManager: Shutting down and abandoning module AndroidTargetPlatform (139)
[2026.07.18-01.29.00:159][537]LogModuleManager: Shutting down and abandoning module AllDesktopTargetPlatform (137)
[2026.07.18-01.29.00:159][537]LogModuleManager: Shutting down and abandoning module D3D11RHI (134)
[2026.07.18-01.29.00:159][537]LogModuleManager: Shutting down and abandoning module InputCore (132)
[2026.07.18-01.29.00:159][537]LogModuleManager: Shutting down and abandoning module Settings (130)
[2026.07.18-01.29.00:159][537]LogModuleManager: Shutting down and abandoning module DirectoryWatcher (128)
[2026.07.18-01.29.00:159][537]LogModuleManager: Shutting down and abandoning module PhysXCooking (126)
[2026.07.18-01.29.00:159][537]LogModuleManager: Shutting down and abandoning module Chaos (124)
[2026.07.18-01.29.00:159][537]LogModuleManager: Shutting down and abandoning module WindowsPlatformFeatures (122)
[2026.07.18-01.29.00:159][537]LogModuleManager: Shutting down and abandoning module GameplayMediaEncoder (121)
[2026.07.18-01.29.00:159][537]LogModuleManager: Shutting down and abandoning module AVEncoder (120)
[2026.07.18-01.29.00:159][537]LogModuleManager: Shutting down and abandoning module SteamVRInputDevice (116)
[2026.07.18-01.29.00:159][537]LogModuleManager: Shutting down and abandoning module SteamVRInput (114)
[2026.07.18-01.29.00:159][537]LogModuleManager: Shutting down and abandoning module SteamVR (112)
[2026.07.18-01.29.00:159][537]LogHMD: Freeing OpenVRDLLHandle.
[2026.07.18-01.29.00:159][537]LogModuleManager: Shutting down and abandoning module OculusHMD (110)
[2026.07.18-01.29.00:159][537]LogModuleManager: Shutting down and abandoning module AISupportModule (108)
[2026.07.18-01.29.00:159][537]LogModuleManager: Shutting down and abandoning module OpenXREyeTracker (106)
[2026.07.18-01.29.00:159][537]LogModuleManager: Shutting down and abandoning module OpenXRHandTracking (104)
[2026.07.18-01.29.00:160][537]LogSlate: Slate User Destroyed.  User Index 0, Is Virtual User: 0
[2026.07.18-01.29.00:160][537]LogModuleManager: Shutting down and abandoning module OpenXRAR (102)
[2026.07.18-01.29.00:160][537]LogModuleManager: Shutting down and abandoning module AugmentedReality (101)
[2026.07.18-01.29.00:160][537]LogModuleManager: Shutting down and abandoning module OpenXRHMD (98)
[2026.07.18-01.29.00:160][537]LogModuleManager: Shutting down and abandoning module ExampleDeviceProfileSelector (96)
[2026.07.18-01.29.00:160][537]LogModuleManager: Shutting down and abandoning module ChunkDownloader (94)
[2026.07.18-01.29.00:160][537]LogModuleManager: Shutting down and abandoning module OnlineBlueprintSupport (92)
[2026.07.18-01.29.00:160][537]LogModuleManager: Shutting down and abandoning module OnlineSubsystem (88)
[2026.07.18-01.29.00:161][537]LogModuleManager: Shutting down and abandoning module XMPP (83)
[2026.07.18-01.29.00:161][537]LogModuleManager: Shutting down and abandoning module WebSockets (82)
[2026.07.18-01.29.00:195][537]LogModuleManager: Shutting down and abandoning module HTTP (79)
[2026.07.18-01.29.00:195][537]LogHttp: Display: Http module shutting down, but needs to wait on 1 outstanding Http requests:
[2026.07.18-01.29.00:195][537]LogHttp: Display: 	verb=[POST] url=[https://datarouter.ol.epicgames.com/datarouter/api/v1/public/data?SessionID=%7B92E23C8E-493A-7DBF-F060-54959C0CC35D%7D&AppID=UEEditor.Rocket.Release&AppVersion=4.27.2-18319896%2B%2B%2BUE4%2BRelease-4.27&UserID=b8cc06d04e871ffdffca32b47f909cff%7C81d32e9996224e89b0dfec987a357124%7C72bd2619-d333-4b0c-85ec-0f2529c0ddb7&AppEnvironment=datacollector-binary&UploadType=eteventstream] refs=[1] status=Processing
[2026.07.18-01.29.00:195][537]LogHttp: Display: cleaning up 1 outstanding Http requests.
[2026.07.18-01.29.00:222][537]LogModuleManager: Shutting down and abandoning module SSL (78)
[2026.07.18-01.29.00:224][537]LogModuleManager: Shutting down and abandoning module LauncherChunkInstaller (74)
[2026.07.18-01.29.00:224][537]LogModuleManager: Shutting down and abandoning module WmfMedia (72)
[2026.07.18-01.29.00:225][537]LogModuleManager: Shutting down and abandoning module Media (71)
[2026.07.18-01.29.00:227][537]LogModuleManager: Shutting down and abandoning module MediaInfo (70)
[2026.07.18-01.29.00:227][537]LogModuleManager: Shutting down and abandoning module ExrReaderGpu (66)
[2026.07.18-01.29.00:227][537]LogModuleManager: Shutting down and abandoning module ChaosCloth (64)
[2026.07.18-01.29.00:227][537]LogModuleManager: Shutting down and abandoning module NiagaraVertexFactories (62)
[2026.07.18-01.29.00:227][537]LogModuleManager: Shutting down and abandoning module NiagaraShader (60)
[2026.07.18-01.29.00:227][537]LogModuleManager: Shutting down and abandoning module MLSDK (58)
[2026.07.18-01.29.00:227][537]LogModuleManager: Shutting down and abandoning module MagicLeap (56)
[2026.07.18-01.29.00:227][537]LogModuleManager: Shutting down and abandoning module PixWinPlugin (54)
[2026.07.18-01.29.00:227][537]LogModuleManager: Shutting down and abandoning module VariantManagerContent (52)
[2026.07.18-01.29.00:227][537]LogModuleManager: Shutting down and abandoning module DatasmithContent (50)
[2026.07.18-01.29.00:227][537]LogModuleManager: Shutting down and abandoning module DesktopPlatform (48)
[2026.07.18-01.29.00:227][537]LogModuleManager: Shutting down and abandoning module OodleDataCompressionFormat (46)
[2026.07.18-01.29.00:227][537]LogModuleManager: Shutting down and abandoning module PythonScriptPluginPreload (44)
[2026.07.18-01.29.00:227][537]LogModuleManager: Shutting down and abandoning module PlatformCryptoOpenSSL (42)
[2026.07.18-01.29.00:227][537]LogModuleManager: Shutting down and abandoning module PlatformCryptoTypes (40)
[2026.07.18-01.29.00:227][537]LogModuleManager: Shutting down and abandoning module PlatformCrypto (38)
[2026.07.18-01.29.00:227][537]LogModuleManager: Shutting down and abandoning module XGEController (36)
[2026.07.18-01.29.00:227][537]LogModuleManager: Shutting down and abandoning module AnimationModifiers (34)
[2026.07.18-01.29.00:227][537]LogModuleManager: Shutting down and abandoning module AudioEditor (32)
[2026.07.18-01.29.00:227][537]LogModuleManager: Shutting down and abandoning module PropertyEditor (31)
[2026.07.18-01.29.00:227][537]LogModuleManager: Shutting down and abandoning module TextureCompressor (28)
[2026.07.18-01.29.00:227][537]LogModuleManager: Shutting down and abandoning module RenderCore (26)
[2026.07.18-01.29.00:227][537]LogModuleManager: Shutting down and abandoning module Landscape (24)
[2026.07.18-01.29.00:227][537]LogModuleManager: Shutting down and abandoning module SlateRHIRenderer (22)
[2026.07.18-01.29.00:228][537]LogModuleManager: Shutting down and abandoning module AnimGraphRuntime (20)
[2026.07.18-01.29.00:228][537]LogModuleManager: Shutting down and abandoning module Renderer (18)
[2026.07.18-01.29.00:228][537]LogModuleManager: Shutting down and abandoning module Engine (16)
[2026.07.18-01.29.00:228][537]LogModuleManager: Shutting down and abandoning module CoreUObject (14)
[2026.07.18-01.29.00:228][537]LogModuleManager: Shutting down and abandoning module NetworkFile (12)
[2026.07.18-01.29.00:228][537]LogModuleManager: Shutting down and abandoning module CookedIterativeFile (10)
[2026.07.18-01.29.00:228][537]LogModuleManager: Shutting down and abandoning module StreamingFile (8)
[2026.07.18-01.29.00:228][537]LogModuleManager: Shutting down and abandoning module SandboxFile (6)
[2026.07.18-01.29.00:228][537]LogModuleManager: Shutting down and abandoning module PakFile (4)
[2026.07.18-01.29.00:228][537]LogModuleManager: Shutting down and abandoning module RSA (3)
[2026.07.18-01.29.00:229][537]LogContentStreaming: Display: There are 1 unreleased StreamingManagers
[2026.07.18-01.29.00:252][537]LogD3D11RHI: Shutdown
[2026.07.18-01.29.00:252][537]LogD3D11RHI: CleanupD3DDevice
[2026.07.18-01.29.00:254][537]LogExit: Exiting.
[2026.07.18-01.29.00:284][537]Log file closed, 07/18/26 10:29:00
