Log file open, 10/05/25 10:30:41
LogWindows: Failed to load 'aqProf.dll' (GetLastError=126)
LogWindows: File 'aqProf.dll' does not exist
LogWindows: Failed to load 'VtuneApi.dll' (GetLastError=126)
LogWindows: File 'VtuneApi.dll' does not exist
LogWindows: Failed to load 'VtuneApi32e.dll' (GetLastError=126)
LogWindows: File 'VtuneApi32e.dll' does not exist
LogConsoleResponse: Display: Failed to find resolution value strings in scalability ini. Falling back to default.
LogConsoleResponse: Display: Failed to find resolution value strings in scalability ini. Falling back to default.
LogInit: Display: Running engine for game: CPlusTutorial
LogPlatformFile: Not using cached read wrapper
LogTaskGraph: Started task graph with 5 named threads and 35 total threads with 3 sets of task threads.
LogStats: Stats thread started at 0.310828
LogICUInternationalization: ICU TimeZone Detection - Raw Offset: +9:00, Platform Override: ''
LogInit: Display: Loading text-based GConfig....
LogPluginManager: Mounting plugin MeshPainting
LogPluginManager: Mounting plugin XGEController
LogPluginManager: Mounting plugin AISupport
LogPluginManager: Mounting plugin Paper2D
LogPluginManager: Mounting plugin EnvironmentQueryEditor
LogPluginManager: Mounting plugin LiveLink
LogPluginManager: Mounting plugin CameraShakePreviewer
LogPluginManager: Mounting plugin GameplayCameras
LogPluginManager: Mounting plugin LightPropagationVolume
LogPluginManager: Mounting plugin OodleData
LogPluginManager: Mounting plugin OodleNetwork
LogPluginManager: Mounting plugin AnimationSharing
LogPluginManager: Mounting plugin CLionSourceCodeAccess
LogPluginManager: Mounting plugin CodeLiteSourceCodeAccess
LogPluginManager: Mounting plugin GitSourceControl
LogPluginManager: Mounting plugin NullSourceCodeAccess
LogPluginManager: Mounting plugin KDevelopSourceCodeAccess
LogPluginManager: Mounting plugin PerforceSourceControl
LogPluginManager: Mounting plugin PixWinPlugin
LogPluginManager: Mounting plugin PluginUtils
LogPluginManager: Mounting plugin PropertyAccessNode
LogPluginManager: Mounting plugin PlasticSourceControl
LogPluginManager: Mounting plugin RiderSourceCodeAccess
LogPluginManager: Mounting plugin SubversionSourceControl
LogPluginManager: Mounting plugin UObjectPlugin
LogPluginManager: Mounting plugin TextureFormatOodle
LogPluginManager: Mounting plugin VisualStudioCodeSourceCodeAccess
LogPluginManager: Mounting plugin XCodeSourceCodeAccess
LogPluginManager: Mounting plugin VisualStudioSourceCodeAccess
LogPluginManager: Mounting plugin DatasmithContent
LogPluginManager: Mounting plugin VariantManagerContent
LogPluginManager: Mounting plugin Niagara
LogPluginManager: Mounting plugin AlembicImporter
LogPluginManager: Mounting plugin BackChannel
LogPluginManager: Mounting plugin AutomationUtils
LogPluginManager: Mounting plugin ChaosClothEditor
LogPluginManager: Mounting plugin ChaosCloth
LogPluginManager: Mounting plugin ChaosEditor
LogPluginManager: Mounting plugin ChaosNiagara
LogPluginManager: Mounting plugin ChaosSolverPlugin
LogPluginManager: Mounting plugin CharacterAI
LogPluginManager: Mounting plugin GeometryCache
LogPluginManager: Mounting plugin GeometryCollectionPlugin
LogPluginManager: Mounting plugin AssetManagerEditor
LogPluginManager: Mounting plugin CryptoKeys
LogPluginManager: Mounting plugin DataValidation
LogPluginManager: Mounting plugin CurveEditorTools
LogPluginManager: Mounting plugin FacialAnimation
LogPluginManager: Mounting plugin GameplayTagsEditor
LogPluginManager: Mounting plugin GeometryMode
LogPluginManager: Mounting plugin MacGraphicsSwitching
LogPluginManager: Mounting plugin MaterialAnalyzer
LogPluginManager: Mounting plugin MobileLauncherProfileWizard
LogPluginManager: Mounting plugin PluginBrowser
LogPluginManager: Mounting plugin GeometryProcessing
LogPluginManager: Mounting plugin MotoSynth
LogPluginManager: Mounting plugin OpenImageDenoise
LogPluginManager: Mounting plugin PlanarCut
LogPluginManager: Mounting plugin PlatformCrypto
LogPluginManager: Mounting plugin SpeedTreeImporter
LogPluginManager: Mounting plugin ProxyLODPlugin
LogPluginManager: Mounting plugin PythonScriptPlugin
LogPluginManager: Mounting plugin AndroidMedia
LogPluginManager: Mounting plugin AvfMedia
LogPluginManager: Mounting plugin SkeletalReduction
LogPluginManager: Mounting plugin ImgMedia
LogPluginManager: Mounting plugin MediaCompositing
LogPluginManager: Mounting plugin MediaPlayerEditor
LogPluginManager: Mounting plugin WebMMedia
LogPluginManager: Mounting plugin WmfMedia
LogPluginManager: Mounting plugin TcpMessaging
LogPluginManager: Mounting plugin UdpMessaging
LogPluginManager: Mounting plugin LuminPlatformFeatures
LogPluginManager: Mounting plugin MagicLeap
LogPluginManager: Mounting plugin LevelSequenceEditor
LogPluginManager: Mounting plugin MatineeToLevelSequence
LogPluginManager: Mounting plugin ActorSequence
LogPluginManager: Mounting plugin MagicLeapLightEstimation
LogPluginManager: Mounting plugin MagicLeapMedia
LogPluginManager: Mounting plugin MagicLeapPassableWorld
LogPluginManager: Mounting plugin MLSDK
LogPluginManager: Mounting plugin TemplateSequence
LogPluginManager: Mounting plugin OnlineSubsystem
LogPluginManager: Mounting plugin OnlineSubsystemNull
LogPluginManager: Mounting plugin OnlineSubsystemUtils
LogPluginManager: Mounting plugin LauncherChunkInstaller
LogPluginManager: Mounting plugin ActorLayerUtilities
LogPluginManager: Mounting plugin AndroidDeviceProfileSelector
LogPluginManager: Mounting plugin AndroidMoviePlayer
LogPluginManager: Mounting plugin AndroidPermission
LogPluginManager: Mounting plugin AppleImageUtils
LogPluginManager: Mounting plugin AppleMoviePlayer
LogPluginManager: Mounting plugin ArchVisCharacter
LogPluginManager: Mounting plugin AssetTags
LogPluginManager: Mounting plugin AudioCapture
LogPluginManager: Mounting plugin AudioSynesthesia
LogPluginManager: Mounting plugin ChunkDownloader
LogPluginManager: Mounting plugin CableComponent
LogPluginManager: Mounting plugin CustomMeshComponent
LogPluginManager: Mounting plugin ExampleDeviceProfileSelector
LogPluginManager: Mounting plugin EditableMesh
LogPluginManager: Mounting plugin GoogleCloudMessaging
LogPluginManager: Mounting plugin GooglePAD
LogPluginManager: Mounting plugin IOSDeviceProfileSelector
LogPluginManager: Mounting plugin LinuxDeviceProfileSelector
LogPluginManager: Mounting plugin LocationServicesBPLibrary
LogPluginManager: Mounting plugin MobilePatchingUtils
LogPluginManager: Mounting plugin OpenXR
LogPluginManager: Mounting plugin OpenXREyeTracker
LogPluginManager: Mounting plugin OpenXRHandTracking
LogPluginManager: Mounting plugin PostSplashScreen
LogPluginManager: Mounting plugin PhysXVehicles
LogPluginManager: Mounting plugin ProceduralMeshComponent
LogPluginManager: Mounting plugin PropertyAccessEditor
LogPluginManager: Mounting plugin RuntimePhysXCooking
LogPluginManager: Mounting plugin SignificanceManager
LogPluginManager: Mounting plugin SoundFields
LogPluginManager: Mounting plugin Synthesis
LogPluginManager: Mounting plugin WebMMoviePlayer
LogPluginManager: Mounting plugin WindowsMoviePlayer
LogPluginManager: Mounting plugin ScreenshotTools
LogPluginManager: Mounting plugin Takes
LogPluginManager: Mounting plugin ContentBrowserAssetDataSource
LogPluginManager: Mounting plugin ContentBrowserClassDataSource
LogPluginManager: Mounting plugin ContentBrowserFileDataSource
LogPluginManager: Mounting plugin OnlineSubsystemGooglePlay
LogPluginManager: Mounting plugin OnlineSubsystemIOS
LogPluginManager: Mounting plugin OculusVR
LogPluginManager: Mounting plugin SteamVR
PixWinPlugin: PIX capture plugin failed to initialize! Check that the process is launched from PIX.
LogInit: Using libcurl 7.55.1-DEV
LogInit:  - built for x86_64-pc-win32
LogInit:  - supports SSL with OpenSSL/1.1.1
LogInit:  - supports HTTP deflate (compression) using libz 1.2.8
LogInit:  - other features:
LogInit:      CURL_VERSION_SSL
LogInit:      CURL_VERSION_LIBZ
LogInit:      CURL_VERSION_IPV6
LogInit:      CURL_VERSION_ASYNCHDNS
LogInit:      CURL_VERSION_LARGEFILE
LogInit:      CURL_VERSION_IDN
LogInit:  CurlRequestOptions (configurable via config and command line):
LogInit:  - bVerifyPeer = true  - Libcurl will verify peer certificate
LogInit:  - bUseHttpProxy = false  - Libcurl will NOT use HTTP proxy
LogInit:  - bDontReuseConnections = false  - Libcurl will reuse connections
LogInit:  - MaxHostConnections = 16  - Libcurl will limit the number of connections to a host
LogInit:  - LocalHostAddr = Default
LogInit:  - BufferSize = 65536
LogOnline: OSS: Creating online subsystem instance for: NULL
LogInit: WinSock: version 1.1 (2.2), MaxSocks=32767, MaxUdp=65467
LogOnline: OSS: TryLoadSubsystemAndSetDefault: Loaded subsystem for module [NULL]
LogOculusPluginWrapper: OculusPlugin initialized successfully
LogHMD: Failed initializing OVRPlugin 1.59.0
LogInit: Build: ++UE4+Release-4.27-CL-18319896
LogInit: Engine Version: 4.27.2-18319896+++UE4+Release-4.27
LogInit: Compatible Engine Version: 4.27.0-17155196+++UE4+Release-4.27
LogInit: Net CL: 17155196
LogInit: OS: Windows 10 (Release 2009) (), CPU: 12th Gen Intel(R) Core(TM) i5-12490F, GPU: NVIDIA GeForce RTX 3060 Ti
LogInit: Compiled (64-bit): Nov 30 2021 07:12:08
LogInit: Compiled with Visual C++: 19.24.28315.00
LogInit: Build Configuration: Development
LogInit: Branch Name: ++UE4+Release-4.27
LogInit: Command Line: 
LogInit: Base Directory: C:/Program Files/Epic Games/UE_4.27/Engine/Binaries/Win64/
LogInit: Allocator: TBB
LogInit: Installed Engine Build: 1
LogDevObjectVersion: Number of dev versions registered: 29
LogDevObjectVersion:   Dev-Blueprints (B0D832E4-1F89-4F0D-ACCF-7EB736FD4AA2): 10
LogDevObjectVersion:   Dev-Build (E1C64328-A22C-4D53-A36C-8E866417BD8C): 0
LogDevObjectVersion:   Dev-Core (375EC13C-06E4-48FB-B500-84F0262A717E): 4
LogDevObjectVersion:   Dev-Editor (E4B068ED-F494-42E9-A231-DA0B2E46BB41): 40
LogDevObjectVersion:   Dev-Framework (CFFC743F-43B0-4480-9391-14DF171D2073): 37
LogDevObjectVersion:   Dev-Mobile (B02B49B5-BB20-44E9-A304-32B752E40360): 3
LogDevObjectVersion:   Dev-Networking (A4E4105C-59A1-49B5-A7C5-40C4547EDFEE): 0
LogDevObjectVersion:   Dev-Online (39C831C9-5AE6-47DC-9A44-9C173E1C8E7C): 0
LogDevObjectVersion:   Dev-Physics (78F01B33-EBEA-4F98-B9B4-84EACCB95AA2): 14
LogDevObjectVersion:   Dev-Platform (6631380F-2D4D-43E0-8009-CF276956A95A): 0
LogDevObjectVersion:   Dev-Rendering (12F88B9F-8875-4AFC-A67C-D90C383ABD29): 45
LogDevObjectVersion:   Dev-Sequencer (7B5AE74C-D270-4C10-A958-57980B212A5A): 13
LogDevObjectVersion:   Dev-VR (D7296918-1DD6-4BDD-9DE2-64A83CC13884): 3
LogDevObjectVersion:   Dev-LoadTimes (C2A15278-BFE7-4AFE-6C17-90FF531DF755): 1
LogDevObjectVersion:   Private-Geometry (6EACA3D4-40EC-4CC1-B786-8BED09428FC5): 3
LogDevObjectVersion:   Dev-AnimPhys (29E575DD-E0A3-4627-9D10-D276232CDCEA): 17
LogDevObjectVersion:   Dev-Anim (AF43A65D-7FD3-4947-9873-3E8ED9C1BB05): 15
LogDevObjectVersion:   Dev-ReflectionCapture (6B266CEC-1EC7-4B8F-A30B-E4D90942FC07): 1
LogDevObjectVersion:   Dev-Automation (0DF73D61-A23F-47EA-B727-89E90C41499A): 1
LogDevObjectVersion:   FortniteMain (601D1886-AC64-4F84-AA16-D3DE0DEAC7D6): 47
LogDevObjectVersion:   FortniteRelease (E7086368-6B23-4C58-8439-1B7016265E91): 1
LogDevObjectVersion:   Dev-Enterprise (9DFFBCD6-494F-0158-E221-12823C92A888): 10
LogDevObjectVersion:   Dev-Niagara (F2AED0AC-9AFE-416F-8664-AA7FFA26D6FC): 1
LogDevObjectVersion:   Dev-Destruction (174F1F0B-B4C6-45A5-B13F-2EE8D0FB917D): 10
LogDevObjectVersion:   Dev-Physics-Ext (35F94A83-E258-406C-A318-09F59610247C): 41
LogDevObjectVersion:   Dev-PhysicsMaterial-Chaos (B68FC16E-8B1B-42E2-B453-215C058844FE): 1
LogDevObjectVersion:   Dev-CineCamera (B2E18506-4273-CFC2-A54E-F4BB758BBA07): 1
LogDevObjectVersion:   Dev-VirtualProduction (64F58936-FD1B-42BA-BA96-7289D5D0FA4E): 1
LogDevObjectVersion:   Dev-MediaFramework (6F0ED827-A609-4895-9C91-998D90180EA4): 2
LogInit: Presizing for max 25165824 objects, including 0 objects not considered by GC, pre-allocating 0 bytes for permanent pool.
LogConfig: Applying CVar settings from Section [/Script/Engine.StreamingSettings] File [D:/LearnData/UnrealProject/UnrealLearn/CPlusTutorial/Saved/Config/Windows/Engine.ini]
LogConfig: Setting CVar [[s.MinBulkDataSizeForAsyncLoading:131072]]
LogConfig: Setting CVar [[s.AsyncLoadingThreadEnabled:0]]
LogConfig: Setting CVar [[s.EventDrivenLoaderEnabled:1]]
LogConfig: Setting CVar [[s.WarnIfTimeLimitExceeded:0]]
LogConfig: Setting CVar [[s.TimeLimitExceededMultiplier:1.5]]
LogConfig: Setting CVar [[s.TimeLimitExceededMinTime:0.005]]
LogConfig: Setting CVar [[s.UseBackgroundLevelStreaming:1]]
LogConfig: Setting CVar [[s.PriorityAsyncLoadingExtraTime:15.0]]
LogConfig: Setting CVar [[s.LevelStreamingActorsUpdateTimeLimit:5.0]]
LogConfig: Setting CVar [[s.PriorityLevelStreamingActorsUpdateExtraTime:5.0]]
LogConfig: Setting CVar [[s.LevelStreamingComponentsRegistrationGranularity:10]]
LogConfig: Setting CVar [[s.UnregisterComponentsTimeLimit:1.0]]
LogConfig: Setting CVar [[s.LevelStreamingComponentsUnregistrationGranularity:5]]
LogConfig: Setting CVar [[s.FlushStreamingOnExit:1]]
LogInit: Object subsystem initialized
LogConfig: Setting CVar [[con.DebugEarlyDefault:1]]
LogConfig: Setting CVar [[r.setres:1280x720]]
[2025.10.05-01.30.42:530][  0]LogConfig: Setting CVar [[r.VSync:0]]
[2025.10.05-01.30.42:530][  0]LogConfig: Setting CVar [[r.RHICmdBypass:0]]
[2025.10.05-01.30.42:530][  0]LogConfig: Applying CVar settings from Section [/Script/Engine.RendererSettings] File [D:/LearnData/UnrealProject/UnrealLearn/CPlusTutorial/Saved/Config/Windows/Engine.ini]
[2025.10.05-01.30.42:530][  0]LogConfig: Setting CVar [[r.GPUCrashDebugging:0]]
[2025.10.05-01.30.42:530][  0]LogConfig: Applying CVar settings from Section [/Script/Engine.RendererOverrideSettings] File [D:/LearnData/UnrealProject/UnrealLearn/CPlusTutorial/Saved/Config/Windows/Engine.ini]
[2025.10.05-01.30.42:530][  0]LogConfig: Applying CVar settings from Section [/Script/Engine.StreamingSettings] File [D:/LearnData/UnrealProject/UnrealLearn/CPlusTutorial/Saved/Config/Windows/Engine.ini]
[2025.10.05-01.30.42:530][  0]LogConfig: Setting CVar [[s.MinBulkDataSizeForAsyncLoading:131072]]
[2025.10.05-01.30.42:530][  0]LogConfig: Setting CVar [[s.AsyncLoadingThreadEnabled:0]]
[2025.10.05-01.30.42:530][  0]LogConfig: Setting CVar [[s.EventDrivenLoaderEnabled:1]]
[2025.10.05-01.30.42:530][  0]LogConfig: Setting CVar [[s.WarnIfTimeLimitExceeded:0]]
[2025.10.05-01.30.42:530][  0]LogConfig: Setting CVar [[s.TimeLimitExceededMultiplier:1.5]]
[2025.10.05-01.30.42:530][  0]LogConfig: Setting CVar [[s.TimeLimitExceededMinTime:0.005]]
[2025.10.05-01.30.42:530][  0]LogConfig: Setting CVar [[s.UseBackgroundLevelStreaming:1]]
[2025.10.05-01.30.42:530][  0]LogConfig: Setting CVar [[s.PriorityAsyncLoadingExtraTime:15.0]]
[2025.10.05-01.30.42:530][  0]LogConfig: Setting CVar [[s.LevelStreamingActorsUpdateTimeLimit:5.0]]
[2025.10.05-01.30.42:530][  0]LogConfig: Setting CVar [[s.PriorityLevelStreamingActorsUpdateExtraTime:5.0]]
[2025.10.05-01.30.42:530][  0]LogConfig: Setting CVar [[s.LevelStreamingComponentsRegistrationGranularity:10]]
[2025.10.05-01.30.42:530][  0]LogConfig: Setting CVar [[s.UnregisterComponentsTimeLimit:1.0]]
[2025.10.05-01.30.42:530][  0]LogConfig: Setting CVar [[s.LevelStreamingComponentsUnregistrationGranularity:5]]
[2025.10.05-01.30.42:530][  0]LogConfig: Setting CVar [[s.FlushStreamingOnExit:1]]
[2025.10.05-01.30.42:530][  0]LogConfig: Applying CVar settings from Section [/Script/Engine.GarbageCollectionSettings] File [D:/LearnData/UnrealProject/UnrealLearn/CPlusTutorial/Saved/Config/Windows/Engine.ini]
[2025.10.05-01.30.42:530][  0]LogConfig: Setting CVar [[gc.MaxObjectsNotConsideredByGC:1]]
[2025.10.05-01.30.42:530][  0]LogConfig: Setting CVar [[gc.SizeOfPermanentObjectPool:0]]
[2025.10.05-01.30.42:530][  0]LogConfig: Setting CVar [[gc.FlushStreamingOnGC:0]]
[2025.10.05-01.30.42:530][  0]LogConfig: Setting CVar [[gc.NumRetriesBeforeForcingGC:10]]
[2025.10.05-01.30.42:530][  0]LogConfig: Setting CVar [[gc.AllowParallelGC:1]]
[2025.10.05-01.30.42:530][  0]LogConfig: Setting CVar [[gc.TimeBetweenPurgingPendingKillObjects:61.1]]
[2025.10.05-01.30.42:530][  0]LogConfig: Setting CVar [[gc.MaxObjectsInEditor:25165824]]
[2025.10.05-01.30.42:530][  0]LogConfig: Setting CVar [[gc.IncrementalBeginDestroyEnabled:1]]
[2025.10.05-01.30.42:530][  0]LogConfig: Setting CVar [[gc.CreateGCClusters:1]]
[2025.10.05-01.30.42:530][  0]LogConfig: Setting CVar [[gc.MinGCClusterSize:5]]
[2025.10.05-01.30.42:530][  0]LogConfig: Setting CVar [[gc.ActorClusteringEnabled:0]]
[2025.10.05-01.30.42:530][  0]LogConfig: Setting CVar [[gc.BlueprintClusteringEnabled:0]]
[2025.10.05-01.30.42:530][  0]LogConfig: Setting CVar [[gc.UseDisregardForGCOnDedicatedServers:0]]
[2025.10.05-01.30.42:530][  0]LogConfig: Setting CVar [[gc.MultithreadedDestructionEnabled:1]]
[2025.10.05-01.30.42:530][  0]LogConfig: Applying CVar settings from Section [/Script/Engine.NetworkSettings] File [D:/LearnData/UnrealProject/UnrealLearn/CPlusTutorial/Saved/Config/Windows/Engine.ini]
[2025.10.05-01.30.42:530][  0]LogConfig: Applying CVar settings from Section [/Script/UnrealEd.CookerSettings] File [D:/LearnData/UnrealProject/UnrealLearn/CPlusTutorial/Saved/Config/Windows/Engine.ini]
[2025.10.05-01.30.42:564][  0]LogConfig: Applying CVar settings from Section [ViewDistanceQuality@3] File [D:/LearnData/UnrealProject/UnrealLearn/CPlusTutorial/Saved/Config/Windows/Scalability.ini]
[2025.10.05-01.30.42:564][  0]LogConfig: Setting CVar [[r.SkeletalMeshLODBias:0]]
[2025.10.05-01.30.42:564][  0]LogConfig: Setting CVar [[r.ViewDistanceScale:1.0]]
[2025.10.05-01.30.42:564][  0]LogConfig: Applying CVar settings from Section [AntiAliasingQuality@3] File [D:/LearnData/UnrealProject/UnrealLearn/CPlusTutorial/Saved/Config/Windows/Scalability.ini]
[2025.10.05-01.30.42:564][  0]LogConfig: Setting CVar [[r.PostProcessAAQuality:4]]
[2025.10.05-01.30.42:564][  0]LogConfig: Applying CVar settings from Section [ShadowQuality@3] File [D:/LearnData/UnrealProject/UnrealLearn/CPlusTutorial/Saved/Config/Windows/Scalability.ini]
[2025.10.05-01.30.42:564][  0]LogConfig: Setting CVar [[r.LightFunctionQuality:1]]
[2025.10.05-01.30.42:564][  0]LogConfig: Setting CVar [[r.ShadowQuality:5]]
[2025.10.05-01.30.42:564][  0]LogConfig: Setting CVar [[r.Shadow.CSM.MaxCascades:10]]
[2025.10.05-01.30.42:564][  0]LogConfig: Setting CVar [[r.Shadow.MaxResolution:2048]]
[2025.10.05-01.30.42:564][  0]LogConfig: Setting CVar [[r.Shadow.MaxCSMResolution:2048]]
[2025.10.05-01.30.42:564][  0]LogConfig: Setting CVar [[r.Shadow.RadiusThreshold:0.01]]
[2025.10.05-01.30.42:564][  0]LogConfig: Setting CVar [[r.Shadow.DistanceScale:1.0]]
[2025.10.05-01.30.42:564][  0]LogConfig: Setting CVar [[r.Shadow.CSM.TransitionScale:1.0]]
[2025.10.05-01.30.42:564][  0]LogConfig: Setting CVar [[r.Shadow.PreShadowResolutionFactor:1.0]]
[2025.10.05-01.30.42:564][  0]LogConfig: Setting CVar [[r.DistanceFieldShadowing:1]]
[2025.10.05-01.30.42:564][  0]LogConfig: Setting CVar [[r.DistanceFieldAO:1]]
[2025.10.05-01.30.42:564][  0]LogConfig: Setting CVar [[r.AOQuality:2]]
[2025.10.05-01.30.42:564][  0]LogConfig: Setting CVar [[r.VolumetricFog:1]]
[2025.10.05-01.30.42:564][  0]LogConfig: Setting CVar [[r.VolumetricFog.GridPixelSize:8]]
[2025.10.05-01.30.42:564][  0]LogConfig: Setting CVar [[r.VolumetricFog.GridSizeZ:128]]
[2025.10.05-01.30.42:564][  0]LogConfig: Setting CVar [[r.VolumetricFog.HistoryMissSupersampleCount:4]]
[2025.10.05-01.30.42:564][  0]LogConfig: Setting CVar [[r.LightMaxDrawDistanceScale:1]]
[2025.10.05-01.30.42:564][  0]LogConfig: Setting CVar [[r.CapsuleShadows:1]]
[2025.10.05-01.30.42:564][  0]LogConfig: Applying CVar settings from Section [PostProcessQuality@3] File [D:/LearnData/UnrealProject/UnrealLearn/CPlusTutorial/Saved/Config/Windows/Scalability.ini]
[2025.10.05-01.30.42:564][  0]LogConfig: Setting CVar [[r.MotionBlurQuality:4]]
[2025.10.05-01.30.42:564][  0]LogConfig: Setting CVar [[r.AmbientOcclusionMipLevelFactor:0.4]]
[2025.10.05-01.30.42:564][  0]LogConfig: Setting CVar [[r.AmbientOcclusionMaxQuality:100]]
[2025.10.05-01.30.42:564][  0]LogConfig: Setting CVar [[r.AmbientOcclusionLevels:-1]]
[2025.10.05-01.30.42:564][  0]LogConfig: Setting CVar [[r.AmbientOcclusionRadiusScale:1.0]]
[2025.10.05-01.30.42:564][  0]LogConfig: Setting CVar [[r.DepthOfFieldQuality:2]]
[2025.10.05-01.30.42:564][  0]LogConfig: Setting CVar [[r.RenderTargetPoolMin:400]]
[2025.10.05-01.30.42:564][  0]LogConfig: Setting CVar [[r.LensFlareQuality:2]]
[2025.10.05-01.30.42:564][  0]LogConfig: Setting CVar [[r.SceneColorFringeQuality:1]]
[2025.10.05-01.30.42:564][  0]LogConfig: Setting CVar [[r.EyeAdaptationQuality:2]]
[2025.10.05-01.30.42:564][  0]LogConfig: Setting CVar [[r.BloomQuality:5]]
[2025.10.05-01.30.42:564][  0]LogConfig: Setting CVar [[r.FastBlurThreshold:100]]
[2025.10.05-01.30.42:564][  0]LogConfig: Setting CVar [[r.Upscale.Quality:3]]
[2025.10.05-01.30.42:564][  0]LogConfig: Setting CVar [[r.Tonemapper.GrainQuantization:1]]
[2025.10.05-01.30.42:564][  0]LogConfig: Setting CVar [[r.LightShaftQuality:1]]
[2025.10.05-01.30.42:564][  0]LogConfig: Setting CVar [[r.Filter.SizeScale:1]]
[2025.10.05-01.30.42:564][  0]LogConfig: Setting CVar [[r.Tonemapper.Quality:5]]
[2025.10.05-01.30.42:564][  0]LogConfig: Setting CVar [[r.DOF.Gather.AccumulatorQuality:1        ; higher gathering accumulator quality]]
[2025.10.05-01.30.42:564][  0]LogConfig: Setting CVar [[r.DOF.Gather.PostfilterMethod:1          ; Median3x3 postfilering method]]
[2025.10.05-01.30.42:564][  0]LogConfig: Setting CVar [[r.DOF.Gather.EnableBokehSettings:0       ; no bokeh simulation when gathering]]
[2025.10.05-01.30.42:564][  0]LogConfig: Setting CVar [[r.DOF.Gather.RingCount:4                 ; medium number of samples when gathering]]
[2025.10.05-01.30.42:564][  0]LogConfig: Setting CVar [[r.DOF.Scatter.ForegroundCompositing:1    ; additive foreground scattering]]
[2025.10.05-01.30.42:564][  0]LogConfig: Setting CVar [[r.DOF.Scatter.BackgroundCompositing:2    ; additive background scattering]]
[2025.10.05-01.30.42:564][  0]LogConfig: Setting CVar [[r.DOF.Scatter.EnableBokehSettings:1      ; bokeh simulation when scattering]]
[2025.10.05-01.30.42:564][  0]LogConfig: Setting CVar [[r.DOF.Scatter.MaxSpriteRatio:0.1         ; only a maximum of 10% of scattered bokeh]]
[2025.10.05-01.30.42:564][  0]LogConfig: Setting CVar [[r.DOF.Recombine.Quality:1                ; cheap slight out of focus]]
[2025.10.05-01.30.42:564][  0]LogConfig: Setting CVar [[r.DOF.Recombine.EnableBokehSettings:0    ; no bokeh simulation on slight out of focus]]
[2025.10.05-01.30.42:564][  0]LogConfig: Setting CVar [[r.DOF.TemporalAAQuality:1                ; more stable temporal accumulation]]
[2025.10.05-01.30.42:564][  0]LogConfig: Setting CVar [[r.DOF.Kernel.MaxForegroundRadius:0.025]]
[2025.10.05-01.30.42:564][  0]LogConfig: Setting CVar [[r.DOF.Kernel.MaxBackgroundRadius:0.025]]
[2025.10.05-01.30.42:564][  0]LogConfig: Applying CVar settings from Section [TextureQuality@3] File [D:/LearnData/UnrealProject/UnrealLearn/CPlusTutorial/Saved/Config/Windows/Scalability.ini]
[2025.10.05-01.30.42:564][  0]LogConfig: Setting CVar [[r.Streaming.MipBias:0]]
[2025.10.05-01.30.42:564][  0]LogConfig: Setting CVar [[r.Streaming.AmortizeCPUToGPUCopy:0]]
[2025.10.05-01.30.42:564][  0]LogConfig: Setting CVar [[r.Streaming.MaxNumTexturesToStreamPerFrame:0]]
[2025.10.05-01.30.42:564][  0]LogConfig: Setting CVar [[r.Streaming.Boost:1]]
[2025.10.05-01.30.42:564][  0]LogConfig: Setting CVar [[r.MaxAnisotropy:8]]
[2025.10.05-01.30.42:564][  0]LogConfig: Setting CVar [[r.VT.MaxAnisotropy:8]]
[2025.10.05-01.30.42:564][  0]LogConfig: Setting CVar [[r.Streaming.LimitPoolSizeToVRAM:0]]
[2025.10.05-01.30.42:564][  0]LogConfig: Setting CVar [[r.Streaming.PoolSize:1000]]
[2025.10.05-01.30.42:564][  0]LogConfig: Setting CVar [[r.Streaming.MaxEffectiveScreenSize:0]]
[2025.10.05-01.30.42:564][  0]LogConfig: Applying CVar settings from Section [EffectsQuality@3] File [D:/LearnData/UnrealProject/UnrealLearn/CPlusTutorial/Saved/Config/Windows/Scalability.ini]
[2025.10.05-01.30.42:564][  0]LogConfig: Setting CVar [[r.TranslucencyLightingVolumeDim:64]]
[2025.10.05-01.30.42:564][  0]LogConfig: Setting CVar [[r.RefractionQuality:2]]
[2025.10.05-01.30.42:564][  0]LogConfig: Setting CVar [[r.SSR.Quality:3]]
[2025.10.05-01.30.42:564][  0]LogConfig: Setting CVar [[r.SSR.HalfResSceneColor:0]]
[2025.10.05-01.30.42:564][  0]LogConfig: Setting CVar [[r.SceneColorFormat:4]]
[2025.10.05-01.30.42:564][  0]LogConfig: Setting CVar [[r.DetailMode:2]]
[2025.10.05-01.30.42:564][  0]LogConfig: Setting CVar [[r.TranslucencyVolumeBlur:1]]
[2025.10.05-01.30.42:564][  0]LogConfig: Setting CVar [[r.MaterialQualityLevel:1 ; High quality]]
[2025.10.05-01.30.42:564][  0]LogConfig: Setting CVar [[r.AnisotropicMaterials:1]]
[2025.10.05-01.30.42:564][  0]LogConfig: Setting CVar [[r.SSS.Scale:1]]
[2025.10.05-01.30.42:564][  0]LogConfig: Setting CVar [[r.SSS.SampleSet:2]]
[2025.10.05-01.30.42:564][  0]LogConfig: Setting CVar [[r.SSS.Quality:1]]
[2025.10.05-01.30.42:564][  0]LogConfig: Setting CVar [[r.SSS.HalfRes:0]]
[2025.10.05-01.30.42:564][  0]LogConfig: Setting CVar [[r.SSGI.Quality:3]]
[2025.10.05-01.30.42:564][  0]LogConfig: Setting CVar [[r.EmitterSpawnRateScale:1.0]]
[2025.10.05-01.30.42:564][  0]LogConfig: Setting CVar [[r.ParticleLightQuality:2]]
[2025.10.05-01.30.42:564][  0]LogConfig: Setting CVar [[r.SkyAtmosphere.AerialPerspectiveLUT.FastApplyOnOpaque:1 ; Always have FastSkyLUT 1 in this case to avoid wrong sky]]
[2025.10.05-01.30.42:564][  0]LogConfig: Setting CVar [[r.SkyAtmosphere.AerialPerspectiveLUT.SampleCountMaxPerSlice:4]]
[2025.10.05-01.30.42:564][  0]LogConfig: Setting CVar [[r.SkyAtmosphere.AerialPerspectiveLUT.DepthResolution:16.0]]
[2025.10.05-01.30.42:565][  0]LogConfig: Setting CVar [[r.SkyAtmosphere.FastSkyLUT:1]]
[2025.10.05-01.30.42:565][  0]LogConfig: Setting CVar [[r.SkyAtmosphere.FastSkyLUT.SampleCountMin:4.0]]
[2025.10.05-01.30.42:565][  0]LogConfig: Setting CVar [[r.SkyAtmosphere.FastSkyLUT.SampleCountMax:128.0]]
[2025.10.05-01.30.42:565][  0]LogConfig: Setting CVar [[r.SkyAtmosphere.SampleCountMin:4.0]]
[2025.10.05-01.30.42:565][  0]LogConfig: Setting CVar [[r.SkyAtmosphere.SampleCountMax:128.0]]
[2025.10.05-01.30.42:565][  0]LogConfig: Setting CVar [[r.SkyAtmosphere.TransmittanceLUT.UseSmallFormat:0]]
[2025.10.05-01.30.42:565][  0]LogConfig: Setting CVar [[r.SkyAtmosphere.TransmittanceLUT.SampleCount:10.0]]
[2025.10.05-01.30.42:565][  0]LogConfig: Setting CVar [[r.SkyAtmosphere.MultiScatteringLUT.SampleCount:15.0]]
[2025.10.05-01.30.42:565][  0]LogConfig: Setting CVar [[r.SkyLight.RealTimeReflectionCapture:1]]
[2025.10.05-01.30.42:565][  0]LogConfig: Applying CVar settings from Section [FoliageQuality@3] File [D:/LearnData/UnrealProject/UnrealLearn/CPlusTutorial/Saved/Config/Windows/Scalability.ini]
[2025.10.05-01.30.42:565][  0]LogConfig: Setting CVar [[foliage.DensityScale:1.0]]
[2025.10.05-01.30.42:565][  0]LogConfig: Setting CVar [[grass.DensityScale:1.0]]
[2025.10.05-01.30.42:565][  0]LogConfig: Applying CVar settings from Section [ShadingQuality@3] File [D:/LearnData/UnrealProject/UnrealLearn/CPlusTutorial/Saved/Config/Windows/Scalability.ini]
[2025.10.05-01.30.42:565][  0]LogConfig: Setting CVar [[r.HairStrands.SkyLighting.IntegrationType:2]]
[2025.10.05-01.30.42:565][  0]LogConfig: Setting CVar [[r.HairStrands.SkyAO.SampleCount:4]]
[2025.10.05-01.30.42:565][  0]LogConfig: Setting CVar [[r.HairStrands.Visibility.MSAA.SamplePerPixel:4]]
[2025.10.05-01.30.42:565][  0]LogInit: Selected Device Profile: [Windows]
[2025.10.05-01.30.42:565][  0]LogInit: Applying CVar settings loaded from the selected device profile: [Windows]
[2025.10.05-01.30.42:565][  0]LogHAL: Display: Platform has ~ 32 GB [34164101120 / 34359738368 / 32], which maps to Largest [LargestMinGB=32, LargerMinGB=12, DefaultMinGB=8, SmallerMinGB=6, SmallestMinGB=0)
[2025.10.05-01.30.42:565][  0]LogInit: Going up to parent DeviceProfile []
[2025.10.05-01.30.42:565][  0]LogConfig: Applying CVar settings from Section [ViewDistanceQuality@3] File [D:/LearnData/UnrealProject/UnrealLearn/CPlusTutorial/Saved/Config/Windows/Scalability.ini]
[2025.10.05-01.30.42:565][  0]LogConfig: Setting CVar [[r.SkeletalMeshLODBias:0]]
[2025.10.05-01.30.42:565][  0]LogConfig: Setting CVar [[r.ViewDistanceScale:1.0]]
[2025.10.05-01.30.42:565][  0]LogConfig: Applying CVar settings from Section [AntiAliasingQuality@3] File [D:/LearnData/UnrealProject/UnrealLearn/CPlusTutorial/Saved/Config/Windows/Scalability.ini]
[2025.10.05-01.30.42:565][  0]LogConfig: Setting CVar [[r.PostProcessAAQuality:4]]
[2025.10.05-01.30.42:565][  0]LogConfig: Applying CVar settings from Section [ShadowQuality@3] File [D:/LearnData/UnrealProject/UnrealLearn/CPlusTutorial/Saved/Config/Windows/Scalability.ini]
[2025.10.05-01.30.42:565][  0]LogConfig: Setting CVar [[r.LightFunctionQuality:1]]
[2025.10.05-01.30.42:565][  0]LogConfig: Setting CVar [[r.ShadowQuality:5]]
[2025.10.05-01.30.42:565][  0]LogConfig: Setting CVar [[r.Shadow.CSM.MaxCascades:10]]
[2025.10.05-01.30.42:565][  0]LogConfig: Setting CVar [[r.Shadow.MaxResolution:2048]]
[2025.10.05-01.30.42:565][  0]LogConfig: Setting CVar [[r.Shadow.MaxCSMResolution:2048]]
[2025.10.05-01.30.42:565][  0]LogConfig: Setting CVar [[r.Shadow.RadiusThreshold:0.01]]
[2025.10.05-01.30.42:565][  0]LogConfig: Setting CVar [[r.Shadow.DistanceScale:1.0]]
[2025.10.05-01.30.42:565][  0]LogConfig: Setting CVar [[r.Shadow.CSM.TransitionScale:1.0]]
[2025.10.05-01.30.42:565][  0]LogConfig: Setting CVar [[r.Shadow.PreShadowResolutionFactor:1.0]]
[2025.10.05-01.30.42:565][  0]LogConfig: Setting CVar [[r.DistanceFieldShadowing:1]]
[2025.10.05-01.30.42:565][  0]LogConfig: Setting CVar [[r.DistanceFieldAO:1]]
[2025.10.05-01.30.42:565][  0]LogConfig: Setting CVar [[r.AOQuality:2]]
[2025.10.05-01.30.42:565][  0]LogConfig: Setting CVar [[r.VolumetricFog:1]]
[2025.10.05-01.30.42:565][  0]LogConfig: Setting CVar [[r.VolumetricFog.GridPixelSize:8]]
[2025.10.05-01.30.42:565][  0]LogConfig: Setting CVar [[r.VolumetricFog.GridSizeZ:128]]
[2025.10.05-01.30.42:565][  0]LogConfig: Setting CVar [[r.VolumetricFog.HistoryMissSupersampleCount:4]]
[2025.10.05-01.30.42:565][  0]LogConfig: Setting CVar [[r.LightMaxDrawDistanceScale:1]]
[2025.10.05-01.30.42:565][  0]LogConfig: Setting CVar [[r.CapsuleShadows:1]]
[2025.10.05-01.30.42:565][  0]LogConfig: Applying CVar settings from Section [PostProcessQuality@3] File [D:/LearnData/UnrealProject/UnrealLearn/CPlusTutorial/Saved/Config/Windows/Scalability.ini]
[2025.10.05-01.30.42:565][  0]LogConfig: Setting CVar [[r.MotionBlurQuality:4]]
[2025.10.05-01.30.42:565][  0]LogConfig: Setting CVar [[r.AmbientOcclusionMipLevelFactor:0.4]]
[2025.10.05-01.30.42:565][  0]LogConfig: Setting CVar [[r.AmbientOcclusionMaxQuality:100]]
[2025.10.05-01.30.42:565][  0]LogConfig: Setting CVar [[r.AmbientOcclusionLevels:-1]]
[2025.10.05-01.30.42:565][  0]LogConfig: Setting CVar [[r.AmbientOcclusionRadiusScale:1.0]]
[2025.10.05-01.30.42:565][  0]LogConfig: Setting CVar [[r.DepthOfFieldQuality:2]]
[2025.10.05-01.30.42:565][  0]LogConfig: Setting CVar [[r.RenderTargetPoolMin:400]]
[2025.10.05-01.30.42:565][  0]LogConfig: Setting CVar [[r.LensFlareQuality:2]]
[2025.10.05-01.30.42:565][  0]LogConfig: Setting CVar [[r.SceneColorFringeQuality:1]]
[2025.10.05-01.30.42:565][  0]LogConfig: Setting CVar [[r.EyeAdaptationQuality:2]]
[2025.10.05-01.30.42:565][  0]LogConfig: Setting CVar [[r.BloomQuality:5]]
[2025.10.05-01.30.42:565][  0]LogConfig: Setting CVar [[r.FastBlurThreshold:100]]
[2025.10.05-01.30.42:565][  0]LogConfig: Setting CVar [[r.Upscale.Quality:3]]
[2025.10.05-01.30.42:565][  0]LogConfig: Setting CVar [[r.Tonemapper.GrainQuantization:1]]
[2025.10.05-01.30.42:565][  0]LogConfig: Setting CVar [[r.LightShaftQuality:1]]
[2025.10.05-01.30.42:565][  0]LogConfig: Setting CVar [[r.Filter.SizeScale:1]]
[2025.10.05-01.30.42:565][  0]LogConfig: Setting CVar [[r.Tonemapper.Quality:5]]
[2025.10.05-01.30.42:565][  0]LogConfig: Setting CVar [[r.DOF.Gather.AccumulatorQuality:1        ; higher gathering accumulator quality]]
[2025.10.05-01.30.42:565][  0]LogConfig: Setting CVar [[r.DOF.Gather.PostfilterMethod:1          ; Median3x3 postfilering method]]
[2025.10.05-01.30.42:565][  0]LogConfig: Setting CVar [[r.DOF.Gather.EnableBokehSettings:0       ; no bokeh simulation when gathering]]
[2025.10.05-01.30.42:565][  0]LogConfig: Setting CVar [[r.DOF.Gather.RingCount:4                 ; medium number of samples when gathering]]
[2025.10.05-01.30.42:565][  0]LogConfig: Setting CVar [[r.DOF.Scatter.ForegroundCompositing:1    ; additive foreground scattering]]
[2025.10.05-01.30.42:565][  0]LogConfig: Setting CVar [[r.DOF.Scatter.BackgroundCompositing:2    ; additive background scattering]]
[2025.10.05-01.30.42:565][  0]LogConfig: Setting CVar [[r.DOF.Scatter.EnableBokehSettings:1      ; bokeh simulation when scattering]]
[2025.10.05-01.30.42:565][  0]LogConfig: Setting CVar [[r.DOF.Scatter.MaxSpriteRatio:0.1         ; only a maximum of 10% of scattered bokeh]]
[2025.10.05-01.30.42:565][  0]LogConfig: Setting CVar [[r.DOF.Recombine.Quality:1                ; cheap slight out of focus]]
[2025.10.05-01.30.42:565][  0]LogConfig: Setting CVar [[r.DOF.Recombine.EnableBokehSettings:0    ; no bokeh simulation on slight out of focus]]
[2025.10.05-01.30.42:565][  0]LogConfig: Setting CVar [[r.DOF.TemporalAAQuality:1                ; more stable temporal accumulation]]
[2025.10.05-01.30.42:565][  0]LogConfig: Setting CVar [[r.DOF.Kernel.MaxForegroundRadius:0.025]]
[2025.10.05-01.30.42:565][  0]LogConfig: Setting CVar [[r.DOF.Kernel.MaxBackgroundRadius:0.025]]
[2025.10.05-01.30.42:565][  0]LogConfig: Applying CVar settings from Section [TextureQuality@3] File [D:/LearnData/UnrealProject/UnrealLearn/CPlusTutorial/Saved/Config/Windows/Scalability.ini]
[2025.10.05-01.30.42:565][  0]LogConfig: Setting CVar [[r.Streaming.MipBias:0]]
[2025.10.05-01.30.42:565][  0]LogConfig: Setting CVar [[r.Streaming.AmortizeCPUToGPUCopy:0]]
[2025.10.05-01.30.42:565][  0]LogConfig: Setting CVar [[r.Streaming.MaxNumTexturesToStreamPerFrame:0]]
[2025.10.05-01.30.42:565][  0]LogConfig: Setting CVar [[r.Streaming.Boost:1]]
[2025.10.05-01.30.42:565][  0]LogConfig: Setting CVar [[r.MaxAnisotropy:8]]
[2025.10.05-01.30.42:565][  0]LogConfig: Setting CVar [[r.VT.MaxAnisotropy:8]]
[2025.10.05-01.30.42:565][  0]LogConfig: Setting CVar [[r.Streaming.LimitPoolSizeToVRAM:0]]
[2025.10.05-01.30.42:565][  0]LogConfig: Setting CVar [[r.Streaming.PoolSize:1000]]
[2025.10.05-01.30.42:565][  0]LogConfig: Setting CVar [[r.Streaming.MaxEffectiveScreenSize:0]]
[2025.10.05-01.30.42:565][  0]LogConfig: Applying CVar settings from Section [EffectsQuality@3] File [D:/LearnData/UnrealProject/UnrealLearn/CPlusTutorial/Saved/Config/Windows/Scalability.ini]
[2025.10.05-01.30.42:565][  0]LogConfig: Setting CVar [[r.TranslucencyLightingVolumeDim:64]]
[2025.10.05-01.30.42:565][  0]LogConfig: Setting CVar [[r.RefractionQuality:2]]
[2025.10.05-01.30.42:565][  0]LogConfig: Setting CVar [[r.SSR.Quality:3]]
[2025.10.05-01.30.42:565][  0]LogConfig: Setting CVar [[r.SSR.HalfResSceneColor:0]]
[2025.10.05-01.30.42:565][  0]LogConfig: Setting CVar [[r.SceneColorFormat:4]]
[2025.10.05-01.30.42:565][  0]LogConfig: Setting CVar [[r.DetailMode:2]]
[2025.10.05-01.30.42:565][  0]LogConfig: Setting CVar [[r.TranslucencyVolumeBlur:1]]
[2025.10.05-01.30.42:565][  0]LogConfig: Setting CVar [[r.MaterialQualityLevel:1 ; High quality]]
[2025.10.05-01.30.42:565][  0]LogConfig: Setting CVar [[r.AnisotropicMaterials:1]]
[2025.10.05-01.30.42:565][  0]LogConfig: Setting CVar [[r.SSS.Scale:1]]
[2025.10.05-01.30.42:565][  0]LogConfig: Setting CVar [[r.SSS.SampleSet:2]]
[2025.10.05-01.30.42:565][  0]LogConfig: Setting CVar [[r.SSS.Quality:1]]
[2025.10.05-01.30.42:565][  0]LogConfig: Setting CVar [[r.SSS.HalfRes:0]]
[2025.10.05-01.30.42:565][  0]LogConfig: Setting CVar [[r.SSGI.Quality:3]]
[2025.10.05-01.30.42:565][  0]LogConfig: Setting CVar [[r.EmitterSpawnRateScale:1.0]]
[2025.10.05-01.30.42:565][  0]LogConfig: Setting CVar [[r.ParticleLightQuality:2]]
[2025.10.05-01.30.42:565][  0]LogConfig: Setting CVar [[r.SkyAtmosphere.AerialPerspectiveLUT.FastApplyOnOpaque:1 ; Always have FastSkyLUT 1 in this case to avoid wrong sky]]
[2025.10.05-01.30.42:565][  0]LogConfig: Setting CVar [[r.SkyAtmosphere.AerialPerspectiveLUT.SampleCountMaxPerSlice:4]]
[2025.10.05-01.30.42:565][  0]LogConfig: Setting CVar [[r.SkyAtmosphere.AerialPerspectiveLUT.DepthResolution:16.0]]
[2025.10.05-01.30.42:565][  0]LogConfig: Setting CVar [[r.SkyAtmosphere.FastSkyLUT:1]]
[2025.10.05-01.30.42:565][  0]LogConfig: Setting CVar [[r.SkyAtmosphere.FastSkyLUT.SampleCountMin:4.0]]
[2025.10.05-01.30.42:565][  0]LogConfig: Setting CVar [[r.SkyAtmosphere.FastSkyLUT.SampleCountMax:128.0]]
[2025.10.05-01.30.42:565][  0]LogConfig: Setting CVar [[r.SkyAtmosphere.SampleCountMin:4.0]]
[2025.10.05-01.30.42:565][  0]LogConfig: Setting CVar [[r.SkyAtmosphere.SampleCountMax:128.0]]
[2025.10.05-01.30.42:566][  0]LogConfig: Setting CVar [[r.SkyAtmosphere.TransmittanceLUT.UseSmallFormat:0]]
[2025.10.05-01.30.42:566][  0]LogConfig: Setting CVar [[r.SkyAtmosphere.TransmittanceLUT.SampleCount:10.0]]
[2025.10.05-01.30.42:566][  0]LogConfig: Setting CVar [[r.SkyAtmosphere.MultiScatteringLUT.SampleCount:15.0]]
[2025.10.05-01.30.42:566][  0]LogConfig: Setting CVar [[r.SkyLight.RealTimeReflectionCapture:1]]
[2025.10.05-01.30.42:566][  0]LogConfig: Applying CVar settings from Section [FoliageQuality@3] File [D:/LearnData/UnrealProject/UnrealLearn/CPlusTutorial/Saved/Config/Windows/Scalability.ini]
[2025.10.05-01.30.42:566][  0]LogConfig: Setting CVar [[foliage.DensityScale:1.0]]
[2025.10.05-01.30.42:566][  0]LogConfig: Setting CVar [[grass.DensityScale:1.0]]
[2025.10.05-01.30.42:566][  0]LogConfig: Applying CVar settings from Section [ShadingQuality@3] File [D:/LearnData/UnrealProject/UnrealLearn/CPlusTutorial/Saved/Config/Windows/Scalability.ini]
[2025.10.05-01.30.42:566][  0]LogConfig: Setting CVar [[r.HairStrands.SkyLighting.IntegrationType:2]]
[2025.10.05-01.30.42:566][  0]LogConfig: Setting CVar [[r.HairStrands.SkyAO.SampleCount:4]]
[2025.10.05-01.30.42:566][  0]LogConfig: Setting CVar [[r.HairStrands.Visibility.MSAA.SamplePerPixel:4]]
[2025.10.05-01.30.42:566][  0]LogConfig: Applying CVar settings from Section [Startup] File [../../../Engine/Config/ConsoleVariables.ini]
[2025.10.05-01.30.42:566][  0]LogConfig: Setting CVar [[net.UseAdaptiveNetUpdateFrequency:0]]
[2025.10.05-01.30.42:566][  0]LogConfig: Setting CVar [[p.chaos.AllowCreatePhysxBodies:1]]
[2025.10.05-01.30.42:566][  0]LogConfig: Setting CVar [[fx.SkipVectorVMBackendOptimizations:1]]
[2025.10.05-01.30.42:566][  0]LogConfig: Applying CVar settings from Section [ConsoleVariables] File [D:/LearnData/UnrealProject/UnrealLearn/CPlusTutorial/Saved/Config/Windows/Engine.ini]
[2025.10.05-01.30.42:566][  0]LogConfig: Applying CVar settings from Section [ConsoleVariables] File [D:/LearnData/UnrealProject/UnrealLearn/CPlusTutorial/Saved/Config/Windows/Editor.ini]
[2025.10.05-01.30.42:566][  0]LogInit: Computer: MIU
[2025.10.05-01.30.42:566][  0]LogInit: User: 23932
[2025.10.05-01.30.42:566][  0]LogInit: CPU Page size=4096, Cores=6
[2025.10.05-01.30.42:566][  0]LogInit: High frequency timer resolution =10.000000 MHz
[2025.10.05-01.30.42:566][  0]LogMemory: Memory total: Physical=31.8GB (32GB approx)
[2025.10.05-01.30.42:566][  0]LogMemory: Platform Memory Stats for Windows
[2025.10.05-01.30.42:566][  0]LogMemory: Process Physical Memory: 150.60 MB used, 150.60 MB peak
[2025.10.05-01.30.42:566][  0]LogMemory: Process Virtual Memory: 122.26 MB used, 122.26 MB peak
[2025.10.05-01.30.42:566][  0]LogMemory: Physical Memory: 13874.45 MB used,  18706.98 MB free, 32581.43 MB total
[2025.10.05-01.30.42:566][  0]LogMemory: Virtual Memory: 134197904.00 MB used,  19824.75 MB free, 134217728.00 MB total
[2025.10.05-01.30.42:575][  0]LogWindows: WindowsPlatformFeatures enabled
[2025.10.05-01.30.42:638][  0]LogInit: Physics initialised using underlying interface: PhysX
[2025.10.05-01.30.42:639][  0]LogInit: Using OS detected language (ja-JP).
[2025.10.05-01.30.42:639][  0]LogInit: Using OS detected locale (ja-JP).
[2025.10.05-01.30.42:646][  0]LogTextLocalizationManager: No specific localization for 'ja-JP' exists, so the 'ja' localization will be used.
[2025.10.05-01.30.42:764][  0]LogInit: Setting process to per monitor DPI aware
[2025.10.05-01.30.42:866][  0]LogWindowsTextInputMethodSystem: Display: IME system deactivated.
[2025.10.05-01.30.42:887][  0]LogSlate: New Slate User Created.  User Index 0, Is Virtual User: 0
[2025.10.05-01.30.42:887][  0]LogSlate: Slate User Registered.  User Index 0, Is Virtual User: 0
[2025.10.05-01.30.43:003][  0]LogD3D11RHI: Loaded GFSDK_Aftermath_Lib.x64.dll
[2025.10.05-01.30.43:020][  0]LogHMD: Failed to initialize OpenVR with code 110
[2025.10.05-01.30.43:020][  0]LogD3D11RHI: D3D11 min allowed feature level: 11_0
[2025.10.05-01.30.43:020][  0]LogD3D11RHI: D3D11 max allowed feature level: 11_0
[2025.10.05-01.30.43:020][  0]LogD3D11RHI: D3D11 adapters:
[2025.10.05-01.30.43:256][  0]LogD3D11RHI:    0. 'NVIDIA GeForce RTX 3060 Ti' (Feature Level 11_0)
[2025.10.05-01.30.43:256][  0]LogD3D11RHI:       8024/0/16290 MB DedicatedVideo/DedicatedSystem/SharedSystem, Outputs:1, VendorId:0x10de
[2025.10.05-01.30.43:262][  0]LogD3D11RHI:    1. 'Microsoft Basic Render Driver' (Feature Level 11_0)
[2025.10.05-01.30.43:262][  0]LogD3D11RHI:       0/0/16290 MB DedicatedVideo/DedicatedSystem/SharedSystem, Outputs:0, VendorId:0x1414
[2025.10.05-01.30.43:262][  0]LogD3D11RHI: Chosen D3D11 Adapter:
[2025.10.05-01.30.43:262][  0]LogD3D11RHI:     Description : NVIDIA GeForce RTX 3060 Ti
[2025.10.05-01.30.43:262][  0]LogD3D11RHI:     VendorId    : 10de
[2025.10.05-01.30.43:262][  0]LogD3D11RHI:     DeviceId    : 2489
[2025.10.05-01.30.43:262][  0]LogD3D11RHI:     SubSysId    : 39031462
[2025.10.05-01.30.43:262][  0]LogD3D11RHI:     Revision    : 00a1
[2025.10.05-01.30.43:262][  0]LogD3D11RHI:     DedicatedVideoMemory : 8413773824 bytes
[2025.10.05-01.30.43:262][  0]LogD3D11RHI:     DedicatedSystemMemory : 0 bytes
[2025.10.05-01.30.43:262][  0]LogD3D11RHI:     SharedSystemMemory : 17082050560 bytes
[2025.10.05-01.30.43:262][  0]LogD3D11RHI:     AdapterLuid : 0 66052
[2025.10.05-01.30.43:268][  0]LogD3D11RHI: Creating new Direct3DDevice
[2025.10.05-01.30.43:268][  0]LogD3D11RHI:     GPU DeviceId: 0x2489 (for the marketing name, search the web for "GPU Device Id")
[2025.10.05-01.30.43:268][  0]LogWindows: EnumDisplayDevices:
[2025.10.05-01.30.43:269][  0]LogWindows:    0. 'NVIDIA GeForce RTX 3060 Ti' (P:1 D:1)
[2025.10.05-01.30.43:269][  0]LogWindows:    1. 'NVIDIA GeForce RTX 3060 Ti' (P:0 D:0)
[2025.10.05-01.30.43:269][  0]LogWindows:    2. 'NVIDIA GeForce RTX 3060 Ti' (P:0 D:0)
[2025.10.05-01.30.43:269][  0]LogWindows:    3. 'NVIDIA GeForce RTX 3060 Ti' (P:0 D:0)
[2025.10.05-01.30.43:269][  0]LogWindows: DebugString: FoundDriverCount:4 
[2025.10.05-01.30.43:269][  0]LogD3D11RHI:     Adapter Name: NVIDIA GeForce RTX 3060 Ti
[2025.10.05-01.30.43:269][  0]LogD3D11RHI:   Driver Version: 580.88 (internal:32.0.15.8088, unified:580.88)
[2025.10.05-01.30.43:270][  0]LogD3D11RHI:      Driver Date: 7-27-2025
[2025.10.05-01.30.43:270][  0]LogRHI: Texture pool is 5616 MB (70% of 8024 MB)
[2025.10.05-01.30.43:270][  0]LogD3D11RHI: Creating D3DDevice using adapter:
[2025.10.05-01.30.43:270][  0]LogD3D11RHI:     Description : NVIDIA GeForce RTX 3060 Ti
[2025.10.05-01.30.43:270][  0]LogD3D11RHI:     VendorId    : 10de
[2025.10.05-01.30.43:270][  0]LogD3D11RHI:     DeviceId    : 2489
[2025.10.05-01.30.43:270][  0]LogD3D11RHI:     SubSysId    : 39031462
[2025.10.05-01.30.43:270][  0]LogD3D11RHI:     Revision    : 00a1
[2025.10.05-01.30.43:270][  0]LogD3D11RHI:     DedicatedVideoMemory : 8413773824 bytes
[2025.10.05-01.30.43:270][  0]LogD3D11RHI:     DedicatedSystemMemory : 0 bytes
[2025.10.05-01.30.43:270][  0]LogD3D11RHI:     SharedSystemMemory : 17082050560 bytes
[2025.10.05-01.30.43:270][  0]LogD3D11RHI:     AdapterLuid : 0 66052
[2025.10.05-01.30.43:447][  0]LogD3D11RHI: RHI has support for 64 bit atomics
[2025.10.05-01.30.43:447][  0]LogD3D11RHI: Async texture creation enabled
[2025.10.05-01.30.43:447][  0]LogD3D11RHI: Array index from any shader is supported
[2025.10.05-01.30.43:449][  0]LogD3D11RHI: HDR output is supported on display 0 (NvId: 0x80061080).
[2025.10.05-01.30.43:466][  0]LogD3D11RHI: GPU Timing Frequency: 1000.000000 (Debug: 2 1)
[2025.10.05-01.30.43:514][  0]LogRHI: GeForceNow SDK initialized: 1
[2025.10.05-01.30.43:897][  0]LogTargetPlatformManager: Display: Loaded TargetPlatform 'AllDesktop'
[2025.10.05-01.30.43:918][  0]LogTargetPlatformManager: Display: Loaded TargetPlatform 'Android'
[2025.10.05-01.30.43:918][  0]LogTargetPlatformManager: Display: Loaded TargetPlatform 'Android_ASTC'
[2025.10.05-01.30.43:918][  0]LogTargetPlatformManager: Display: Loaded TargetPlatform 'Android_DXT'
[2025.10.05-01.30.43:918][  0]LogTargetPlatformManager: Display: Loaded TargetPlatform 'Android_ETC2'
[2025.10.05-01.30.43:918][  0]LogTargetPlatformManager: Display: Loaded TargetPlatform 'AndroidClient'
[2025.10.05-01.30.43:918][  0]LogTargetPlatformManager: Display: Loaded TargetPlatform 'Android_ASTCClient'
[2025.10.05-01.30.43:918][  0]LogTargetPlatformManager: Display: Loaded TargetPlatform 'Android_DXTClient'
[2025.10.05-01.30.43:918][  0]LogTargetPlatformManager: Display: Loaded TargetPlatform 'Android_ETC2Client'
[2025.10.05-01.30.43:918][  0]LogTargetPlatformManager: Display: Loaded TargetPlatform 'Android_Multi'
[2025.10.05-01.30.43:918][  0]LogTargetPlatformManager: Display: Loaded TargetPlatform 'Android_MultiClient'
[2025.10.05-01.30.43:942][  0]LogTargetPlatformManager: Display: Loaded TargetPlatform 'IOSClient'
[2025.10.05-01.30.43:942][  0]LogTargetPlatformManager: Display: Loaded TargetPlatform 'IOS'
[2025.10.05-01.30.43:953][  0]LogTargetPlatformManager: Display: Loaded TargetPlatform 'Linux'
[2025.10.05-01.30.43:959][  0]LogTargetPlatformManager: Display: Loaded TargetPlatform 'LinuxNoEditor'
[2025.10.05-01.30.43:965][  0]LogTargetPlatformManager: Display: Loaded TargetPlatform 'LinuxClient'
[2025.10.05-01.30.43:973][  0]LogTargetPlatformManager: Display: Loaded TargetPlatform 'LinuxServer'
[2025.10.05-01.30.43:985][  0]LogTargetPlatformManager: Display: Loaded TargetPlatform 'LinuxAArch64NoEditor'
[2025.10.05-01.30.43:992][  0]LogTargetPlatformManager: Display: Loaded TargetPlatform 'LinuxAArch64Client'
[2025.10.05-01.30.43:999][  0]LogTargetPlatformManager: Display: Loaded TargetPlatform 'LinuxAArch64Server'
[2025.10.05-01.30.44:025][  0]LogTargetPlatformManager: Display: Loaded TargetPlatform 'Lumin'
[2025.10.05-01.30.44:025][  0]LogTargetPlatformManager: Display: Loaded TargetPlatform 'LuminClient'
[2025.10.05-01.30.44:036][  0]LogTargetPlatformManager: Display: Loaded TargetPlatform 'MacNoEditor'
[2025.10.05-01.30.44:042][  0]LogTargetPlatformManager: Display: Loaded TargetPlatform 'Mac'
[2025.10.05-01.30.44:048][  0]LogTargetPlatformManager: Display: Loaded TargetPlatform 'MacClient'
[2025.10.05-01.30.44:053][  0]LogTargetPlatformManager: Display: Loaded TargetPlatform 'MacServer'
[2025.10.05-01.30.44:065][  0]LogTargetPlatformManager: Display: Loaded TargetPlatform 'TVOSClient'
[2025.10.05-01.30.44:065][  0]LogTargetPlatformManager: Display: Loaded TargetPlatform 'TVOS'
[2025.10.05-01.30.44:075][  0]LogTargetPlatformManager: Display: Loaded TargetPlatform 'WindowsNoEditor'
[2025.10.05-01.30.44:081][  0]LogTargetPlatformManager: Display: Loaded TargetPlatform 'Windows'
[2025.10.05-01.30.44:087][  0]LogTargetPlatformManager: Display: Loaded TargetPlatform 'WindowsClient'
[2025.10.05-01.30.44:093][  0]LogTargetPlatformManager: Display: Loaded TargetPlatform 'WindowsServer'
[2025.10.05-01.30.44:095][  0]LogTargetPlatformManager: Display: Building Assets For Windows
[2025.10.05-01.30.44:108][  0]LogAudioDebug: Display: Lib vorbis DLL was dynamically loaded.
[2025.10.05-01.30.44:160][  0]LogTextureFormatOodle: Display: Oodle Texture 2.9.0 init RDO Off
[2025.10.05-01.30.44:209][  0]LogRendererCore: Ray tracing is disabled. Reason: r.RayTracing=0.
[2025.10.05-01.30.44:209][  0]LogShaderCompilers: Guid format shader working directory is -5 characters bigger than the processId version (D:/LearnData/UnrealProject/UnrealLearn/CPlusTutorial/Intermediate/Shaders/WorkingDirectory/996/).
[2025.10.05-01.30.44:209][  0]LogShaderCompilers: Cleaned the shader compiler working directory 'C:/Users/23932/AppData/Local/Temp/UnrealShaderWorkingDir/C0CAB90B45E74845E50C94A195ACB4F6/'.
[2025.10.05-01.30.44:209][  0]LogXGEController: Cannot use XGE Controller as Incredibuild is not installed on this machine.
[2025.10.05-01.30.44:209][  0]LogShaderCompilers: Cannot use XGE Shader Compiler as Incredibuild is not installed on this machine.
[2025.10.05-01.30.44:209][  0]LogShaderCompilers: Display: Using Local Shader Compiler.
[2025.10.05-01.30.45:125][  0]LogDerivedDataCache: Display: Max Cache Size: 512 MB
[2025.10.05-01.30.45:195][  0]LogDerivedDataCache: Loaded boot cache 0.07s 99MB C:/Users/23932/AppData/Local/UnrealEngine/4.27/DerivedDataCache/Boot.ddc.
[2025.10.05-01.30.45:195][  0]LogDerivedDataCache: Display: Loaded Boot cache: C:/Users/23932/AppData/Local/UnrealEngine/4.27/DerivedDataCache/Boot.ddc
[2025.10.05-01.30.45:195][  0]LogDerivedDataCache: FDerivedDataBackendGraph:  Pak pak cache file D:/LearnData/UnrealProject/UnrealLearn/CPlusTutorial/DerivedDataCache/DDC.ddp not found, will not use a pak cache.
[2025.10.05-01.30.45:195][  0]LogDerivedDataCache: Unable to find inner node Pak for hierarchical cache Hierarchy.
[2025.10.05-01.30.45:195][  0]LogDerivedDataCache: FDerivedDataBackendGraph:  CompressedPak pak cache file D:/LearnData/UnrealProject/UnrealLearn/CPlusTutorial/DerivedDataCache/Compressed.ddp not found, will not use a pak cache.
[2025.10.05-01.30.45:195][  0]LogDerivedDataCache: Unable to find inner node CompressedPak for hierarchical cache Hierarchy.
[2025.10.05-01.30.45:214][  0]LogDerivedDataCache: Display: Pak cache opened for reading ../../../Engine/DerivedDataCache/Compressed.ddp.
[2025.10.05-01.30.45:214][  0]LogDerivedDataCache: FDerivedDataBackendGraph:  EnterprisePak pak cache file ../../../Enterprise/DerivedDataCache/Compressed.ddp not found, will not use a pak cache.
[2025.10.05-01.30.45:214][  0]LogDerivedDataCache: Unable to find inner node EnterprisePak for hierarchical cache Hierarchy.
[2025.10.05-01.30.45:226][  0]LogDerivedDataCache: Speed tests for C:/Users/23932/AppData/Local/UnrealEngine/Common/DerivedDataCache took 0.01 seconds
[2025.10.05-01.30.45:226][  0]LogDerivedDataCache: Display: Performance to C:/Users/23932/AppData/Local/UnrealEngine/Common/DerivedDataCache: Latency=0.03ms. RandomReadSpeed=1063.23MBs, RandomWriteSpeed=90.27MBs. Assigned SpeedClass 'Local'
[2025.10.05-01.30.45:227][  0]LogDerivedDataCache: Using Local data cache path C:/Users/23932/AppData/Local/UnrealEngine/Common/DerivedDataCache: Writable
[2025.10.05-01.30.45:227][  0]LogDerivedDataCache: Shared data cache path not found in *engine.ini, will not use an Shared cache.
[2025.10.05-01.30.45:227][  0]LogDerivedDataCache: Unable to find inner node Shared for hierarchical cache Hierarchy.
[2025.10.05-01.30.45:276][  0]LogSlate: Using FreeType 2.10.0
[2025.10.05-01.30.45:277][  0]LogSlate: SlateFontServices - WITH_FREETYPE: 1, WITH_HARFBUZZ: 1
[2025.10.05-01.30.45:305][  0]LogAssetRegistry: FAssetRegistry took 0.0038 seconds to start up
[2025.10.05-01.30.45:547][  0]LogInit: Selected Device Profile: [Windows]
[2025.10.05-01.30.45:547][  0]LogInit: Active device profile: [0000026F824BF400][0000026F81F30300 49] Windows
[2025.10.05-01.30.45:547][  0]LogInit: Profiles: [0000026F824BF400][0000026F81F30300 49] Windows, [0000026F82480E00][0000026F83268480 49] WindowsNoEditor, [0000026F824BCE00][0000026FFF8145C0 49] WindowsServer, [0000026F82482900][0000026F83276700 49] WindowsClient, [0000026F824BE900][0000026F8327A840 49] IOS, [0000026F82483300][0000026F8327E980 49] iPadAir, [0000026F824BF200][0000026F83286B00 49] iPadAir2, [0000026F84037500][0000026F837B6DC0 49] IPadPro, [0000026F84037600][0000026F8328AE00 49] iPadAir3, [0000026F824BC300][0000026F837BAF80 49] iPadAir4, [0000026F84035300][0000026F837BF100 49] iPadMini2, [0000026F824BDA00][0000026F832FF280 49] iPadMini3, [0000026F84034B00][0000026F837D7400 49] iPadMini4, [0000026F824BC700][0000026F83817580 49] iPadMini5, [0000026F8245A700][0000026F83929840 49] iPhone6, [0000026F8245A800][0000026F8381B880 49] iPodTouch6, [0000026F84036100][0000026F83971B40 49] iPhone7, [0000026F84036200][0000026F8392DB80 49] iPodTouch7, [0000026F82459200][0000026F83974180 49] iPhone5S, [0000026F84035D00][0000026F83978300 49] iPhone6Plus, [0000026F8245A500][0000026F83BCA480 49] iPhone6S, [0000026F84037800][0000026FFABD6600 49] iPhone6SPlus, [0000026F8245B800][0000026F83282740 49] iPhone7Plus, [0000026F84035200][0000026FFABDA880 49] iPhoneSE, [0000026F82458300][0000026FFABDE9C0 49] iPhone8, [0000026F84037A00][0000026FFABE2B00 49] iPhone8Plus, [0000026F82458100][0000026FFABEAC80 49] iPhoneX, [0000026F84036300][0000026F839A8E00 49] iPhoneXS, [0000026F82458A00][0000026F83930F80 49] iPhoneXSMax, [0000026F84034F00][0000026FFABEF100 49] iPhoneXR, [0000026F8245B700][0000026FFABF3280 49] iPhone11, [0000026F84036D00][0000026F83BF1400 49] iPhone11Pro, [0000026F8245A900][0000026F83BF5580 49] iPhone11ProMax, [0000026F84037700][0000026F83BF9700 49] iPhoneSE2, [0000026F8245AD00][0000026F83BFD880 49] iPhone12Mini, [0000026F84037D00][0000026F83C01A00 49] iPhone12, [0000026F82459900][0000026F83C05B80 49] iPhone12Pro, [0000026F84035000][0000026F83C08180 49] iPhone12ProMax, [0000026F8245BF00][0000026F83C0C300 49] iPadPro105, [0000026F84036400][0000026F83C10480 49] iPadPro129, [0000026F82459D00][0000026F81FFA600 49] iPadPro97, [0000026F84035A00][0000026FFA88C780 49] iPadPro2_129, [0000026F82459C00][0000026F833FE900 49] iPad5, [0000026F84034800][0000026FFABE6A40 49] iPad6, [0000026F8245B900][0000026F83C14B80 49] iPad7, [0000026F84034E00][0000026F83C18CC0 49] iPad8, [0000026F8245B600][0000026F83C20E40 49] iPadPro11, [0000026F84035B00][0000026F83C24FC0 49] iPadPro2_11, [0000026F82458700][0000026F83C29140 49] iPadPro3_129, [0000026F84036E00][0000026F83C2D2C0 49] iPadPro4_129, [0000026F8245AC00][0000026F81D5F440 49] AppleTV, [0000026F84037000][0000026F81D635C0 49] AppleTV4K, [0000026F82480100][0000026F81D67740 49] TVOS, [0000026F82518800][0000026F81D6B8C0 49] Mac, [0000026F82481600][0000026F81D6FA40 49] MacClient, [0000026F82518C00][0000026F81D73BC0 49] MacNoEditor, [0000026F82480C00][0000026F81D761C0 49] MacServer, [0000026F82519C00][0000026F81D7A340 49] Linux, [0000026F82480500][0000026F81D7E4C0 49] LinuxAArch64, [0000026F82519000][0000026F81D82640 49] LinuxNoEditor, [0000026F82480700][0000026F8328E7C0 49] LinuxAArch64NoEditor, [0000026F82518200][0000026F83292940 49] LinuxClient, [0000026F82483000][0000026F83296AC0 49] LinuxAArch64Client, [0000026F82519700][0000026F83C1CC00 49] LinuxServer, [0000026F82482500][0000026F8329AD40 49] LinuxAArch64Server, [0000026F82519B00][0000026F8329EE80 49] Android, [0000026F82481500][0000026F832A2FC0 49] Android_Low, [0000026F82519E00][0000026F832AB140 49] Android_Mid, [0000026F82480900][0000026F832AF2C0 49] Android_High, [0000026F82518A00][0000026F832B3440 49] Android_Default, [0000026F82482F00][0000026F832B75C0 49] Android_Adreno4xx, [0000026F82518400][0000026F832BB740 49] Android_Adreno5xx_Low, [0000026F82480A00][0000026F832BF8C0 49] Android_Adreno5xx, [0000026F82519100][0000026F832C3A40 49] Android_Adreno6xx, [0000026F84035900][0000026F832C7BC0 49] Android_Adreno6xx_Vulkan, [0000026F82458500][0000026F832CA1C0 49] Android_Mali_T6xx, [0000026F84035E00][0000026F832CE340 49] Android_Mali_T7xx, [0000026F82459300][0000026F832D24C0 49] Android_Mali_T8xx, [0000026F84034D00][0000026F832D6640 49] Android_Mali_G71, [0000026F82519D00][0000026F832DA7C0 49] Android_Mali_G72, [0000026F84034300][0000026F832DE940 49] Android_Mali_G72_Vulkan, [0000026F8251A400][0000026F832E2AC0 49] Android_Mali_G76, [0000026F84036F00][0000026F832E6C40 49] Android_Mali_G76_Vulkan, [0000026F8251A600][0000026F832A6D80 49] Android_Mali_G77, [0000026F84035500][0000026F832EAEC0 49] Android_Mali_G77_Vulkan, [0000026F8251A500][0000026F832EF000 49] Android_Mali_G78, [0000026F84035700][0000026F832F3140 49] Android_Mali_G78_Vulkan, [0000026F82519900][0000026F832FB2C0 49] Android_Mali_G710, [0000026F84037400][0000026F8304D440 49] Android_Mali_G710_Vulkan, [0000026F82518600][0000026F830515C0 49] Android_Vulkan_SM5, [0000026F84034200][0000026F83055740 49] Android_PowerVR_G6xxx, [0000026F8251A300][0000026F830598C0 49] Android_PowerVR_GT7xxx, [0000026F84034100][0000026F8305DA40 49] Android_PowerVR_GE8xxx, [0000026F82518E00][0000026F83061BC0 49] Android_PowerVR_GM9xxx, [0000026F84036C00][0000026F830641C0 49] Android_PowerVR_GM9xxx_Vulkan, [0000026F82519200][0000026F83068340 49] Android_TegraK1, [0000026F84034C00][0000026F8306C4C0 49] Android_Unknown_Vulkan, [0000026F8251A100][0000026F83070640 49] Lumin, [0000026F84036000][0000026F830747C0 49] Lumin_Desktop, [0000026F8245A600][0000026F83078940 49] HoloLens, 
[2025.10.05-01.30.45:692][  0]LogMeshReduction: Using QuadricMeshReduction for automatic static mesh reduction
[2025.10.05-01.30.45:692][  0]LogMeshReduction: Using SimplygonMeshReduction for automatic skeletal mesh reduction
[2025.10.05-01.30.45:692][  0]LogMeshReduction: Using ProxyLODMeshReduction for automatic mesh merging
[2025.10.05-01.30.45:692][  0]LogMeshReduction: No distributed automatic mesh merging module available
[2025.10.05-01.30.45:692][  0]LogMeshMerging: No distributed automatic mesh merging module available
[2025.10.05-01.30.45:710][  0]LogNetVersion: CPlusTutorial 1.0.0, NetCL: 17155196, EngineNetVer: 17, GameNetVer: 0 (Checksum: 88783510)
[2025.10.05-01.30.46:217][  0]LogTexture: Default maximum texture size for cubemaps generated from long-lat sources has been changed from 512 to unlimited. In order to preserve old behaiour for '/Engine/MapTemplates/Sky/DaylightAmbientCubemap.DaylightAmbientCubemap', its maximum texture size has been explicitly set to 512.
[2025.10.05-01.30.46:288][  0]LogHMD: PokeAHoleMaterial loaded successfully
[2025.10.05-01.30.46:293][  0]LogUObjectArray: 17178 objects as part of root set at end of initial load.
[2025.10.05-01.30.46:293][  0]LogUObjectAllocator: 4302048 out of 0 bytes used by permanent object pool.
[2025.10.05-01.30.46:293][  0]LogUObjectArray: CloseDisregardForGC: 0/0 objects in disregard for GC pool
[2025.10.05-01.30.46:518][  0]LogNiagaraDebuggerClient: Niagara Debugger Client Initialized | Session: 206E7B5B4421F1DA2405399A7433A83E | Instance: E8A046174AF2D25592844788285A9239 (MIU-996).
[2025.10.05-01.30.46:682][  0]LogPython: Using Python 3.7.7
[2025.10.05-01.30.47:210][  0]LogTcpMessaging: Initializing TcpMessaging bridge
[2025.10.05-01.30.47:217][  0]LogUdpMessaging: Initializing bridge on interface 0.0.0.0:0 to multicast group 230.0.0.1:6666.
[2025.10.05-01.30.47:694][  0]SourceControl: ソースコントロールは無効です
[2025.10.05-01.30.47:694][  0]SourceControl: ソースコントロールは無効です
[2025.10.05-01.30.47:702][  0]SourceControl: ソースコントロールは無効です
[2025.10.05-01.30.47:710][  0]SourceControl: ソースコントロールは無効です
[2025.10.05-01.30.47:723][  0]SourceControl: ソースコントロールは無効です
[2025.10.05-01.30.47:732][  0]LogUProjectInfo: Found projects:
[2025.10.05-01.30.47:988][  0]LogOpenImageDenoise: OIDN starting up
[2025.10.05-01.30.48:074][  0]LogAndroidPermission: UAndroidPermissionCallbackProxy::GetInstance
[2025.10.05-01.30.48:106][  0]LogAudioCaptureCore: Display: No Audio Capture implementations found. Audio input will be silent.
[2025.10.05-01.30.48:106][  0]LogAudioCaptureCore: Display: No Audio Capture implementations found. Audio input will be silent.
[2025.10.05-01.30.48:244][  0]LogCollectionManager: Loaded 0 collections in 0.001531 seconds
[2025.10.05-01.30.48:273][  0]LogFileCache: Scanning file cache for directory 'D:/LearnData/UnrealProject/UnrealLearn/CPlusTutorial/Saved/Collections/' took 0.00s
[2025.10.05-01.30.48:273][  0]LogFileCache: Scanning file cache for directory 'D:/LearnData/UnrealProject/UnrealLearn/CPlusTutorial/Content/Developers/23932/Collections/' took 0.00s
[2025.10.05-01.30.48:273][  0]LogFileCache: Scanning file cache for directory 'D:/LearnData/UnrealProject/UnrealLearn/CPlusTutorial/Content/Collections/' took 0.00s
[2025.10.05-01.30.48:273][  0]LogOcInput: OculusInput pre-init called
[2025.10.05-01.30.48:552][  0]LogEngine: Initializing Engine...
[2025.10.05-01.30.48:556][  0]LogHMD: Failed to enumerate extensions. Please check that you have a valid OpenXR runtime installed.
[2025.10.05-01.30.48:556][  0]LogHMD: Failed to initialize OpenVR with code 110
[2025.10.05-01.30.48:557][  0]LogMagicLeap: Warning: VR disabled because ZI is not enabled.  To enable, in the editor, Edit -> Project Settings -> Plugins -> Magic Leap Plugin -> Enable Zero Iteration
[2025.10.05-01.30.48:557][  0]LogStats: UGameplayTagsManager::InitializeManager -  0.000 s
[2025.10.05-01.30.48:706][  0]LogInit: Initializing FReadOnlyCVARCache
[2025.10.05-01.30.48:721][  0]LogAIModule: Creating AISystem for world Untitled
[2025.10.05-01.30.48:722][  0]LogAudio: Display: Initializing Audio Device Manager...
[2025.10.05-01.30.48:727][  0]LogAudio: Display: Loading Default Audio Settings Objects...
[2025.10.05-01.30.48:727][  0]LogAudio: Display: No default SoundConcurrencyObject specified (or failed to load).
[2025.10.05-01.30.48:727][  0]LogAudio: Display: Audio Device Manager Initialized
[2025.10.05-01.30.48:727][  0]LogAudio: Display: Creating Audio Device:                 Id: 1, Scope: Shared, Realtime: True
[2025.10.05-01.30.48:728][  0]LogAudioMixer: Display: Audio Mixer Platform Settings:
[2025.10.05-01.30.48:728][  0]LogAudioMixer: Display: 	Sample Rate:						  48000
[2025.10.05-01.30.48:728][  0]LogAudioMixer: Display: 	Callback Buffer Frame Size Requested: 1024
[2025.10.05-01.30.48:728][  0]LogAudioMixer: Display: 	Callback Buffer Frame Size To Use:	  1024
[2025.10.05-01.30.48:728][  0]LogAudioMixer: Display: 	Number of buffers to queue:			  2
[2025.10.05-01.30.48:728][  0]LogAudioMixer: Display: 	Max Channels (voices):				  32
[2025.10.05-01.30.48:728][  0]LogAudioMixer: Display: 	Number of Async Source Workers:		  0
[2025.10.05-01.30.48:728][  0]LogAudio: Display: AudioDevice MaxSources: 32
[2025.10.05-01.30.48:728][  0]LogAudio: Display: Audio Spatialization Plugin: None (built-in).
[2025.10.05-01.30.48:728][  0]LogAudio: Display: Audio Reverb Plugin: None (built-in).
[2025.10.05-01.30.48:728][  0]LogAudio: Display: Audio Occlusion Plugin: None (built-in).
[2025.10.05-01.30.48:728][  0]LogAudioMixer: Display: Initializing audio mixer.
[2025.10.05-01.30.48:745][  0]LogAudioMixer: Display: 0: FrontLeft
[2025.10.05-01.30.48:745][  0]LogAudioMixer: Display: 1: FrontRight
[2025.10.05-01.30.48:776][  0]LogAudioMixer: Display: Using Audio Device 扬声器 (HECATE G1500 GAMING SPEAKERS)
[2025.10.05-01.30.48:777][  0]LogAudioMixer: Display: Initializing Sound Submixes...
[2025.10.05-01.30.48:778][  0]LogAudioMixer: Display: Creating Master Submix 'MasterSubmixDefault'
[2025.10.05-01.30.48:779][  0]LogAudioMixer: Display: Creating Master Submix 'MasterReverbSubmixDefault'
[2025.10.05-01.30.48:780][  0]LogAudioMixer: Display: Creating Master Submix 'MasterEQSubmixDefault'
[2025.10.05-01.30.48:780][  0]LogAudioMixer: FMixerPlatformXAudio2::StartAudioStream() called
[2025.10.05-01.30.48:780][  0]LogAudioMixer: Display: Output buffers initialized: Frames=1024, Channels=2, Samples=2048
[2025.10.05-01.30.48:781][  0]LogAudioMixer: Display: Starting AudioMixerPlatformInterface::RunInternal()
[2025.10.05-01.30.48:781][  0]LogAudioMixer: Display: FMixerPlatformXAudio2::SubmitBuffer() called for the first time
[2025.10.05-01.30.48:781][  0]LogInit: FAudioDevice initialized.
[2025.10.05-01.30.48:782][  0]LogAudio: Display: Audio Device (ID: 1) registered with world 'Untitled'.
[2025.10.05-01.30.48:782][  0]LogNetVersion: Set ProjectVersion to 1.0.0.0. Version Checksum will be recalculated on next use.
[2025.10.05-01.30.48:841][  0]LogDerivedDataCache: Saved boot cache 0.06s 99MB C:/Users/23932/AppData/Local/UnrealEngine/4.27/DerivedDataCache/Boot.ddc.
[2025.10.05-01.30.48:842][  0]LogInit: Texture streaming: Enabled
[2025.10.05-01.30.48:856][  0]LogAnalytics: Display: [UEEditor.Rocket.Release] APIServer = https://datarouter.ol.epicgames.com/. AppVersion = 4.27.2-18319896+++UE4+Release-4.27
[2025.10.05-01.30.48:862][  0]LogEngineSessionManager: EngineSessionManager initialized
[2025.10.05-01.30.48:862][  0]LogEditorSessionSummary: Verbose: Initializing EditorSessionSummaryWriter for editor session tracking
[2025.10.05-01.30.48:864][  0]LogEditorSessionSummary: EditorSessionSummaryWriter initialized
[2025.10.05-01.30.48:895][  0]LogInit: Transaction tracking system initialized
[2025.10.05-01.30.48:930][  0]BlueprintLog: New page: エディタの読み込み
[2025.10.05-01.30.49:006][  0]LocalizationService: ローカライズのサービスが無効になりました
[2025.10.05-01.30.49:073][  0]TimingProfiler: Initialize
[2025.10.05-01.30.49:073][  0]TimingProfiler: OnSessionChanged
[2025.10.05-01.30.49:073][  0]LoadingProfiler: Initialize
[2025.10.05-01.30.49:073][  0]LoadingProfiler: OnSessionChanged
[2025.10.05-01.30.49:073][  0]NetworkingProfiler: Initialize
[2025.10.05-01.30.49:073][  0]NetworkingProfiler: OnSessionChanged
[2025.10.05-01.30.49:073][  0]MemoryProfiler: Initialize
[2025.10.05-01.30.49:074][  0]MemoryProfiler: OnSessionChanged
[2025.10.05-01.30.49:251][  0]LogCook: Display: CookSettings for Memory: MemoryMaxUsedVirtual 0MiB, MemoryMaxUsedPhysical 16384MiB, MemoryMinFreeVirtual 0MiB, MemoryMinFreePhysical 1024MiB
[2025.10.05-01.30.49:251][  0]LogCook: Display: Mobile HDR setting 1
[2025.10.05-01.30.49:497][  0]LogFileCache: Scanning file cache for directory 'D:/LearnData/UnrealProject/UnrealLearn/CPlusTutorial/Content/' took 0.01s
[2025.10.05-01.30.49:706][  0]LogInit: Display: Engine is initialized. Leaving FEngineLoop::Init()
[2025.10.05-01.30.49:709][  0]SourceControl: ソースコントロールは無効です
[2025.10.05-01.30.49:709][  0]LogUnrealEdMisc: Loading editor; pre map load, took 8.856
[2025.10.05-01.30.49:709][  0]Cmd: MAP LOAD FILE="D:/LearnData/UnrealProject/UnrealLearn/CPlusTutorial/Content/FirstPersonCPP/Maps/FirstPersonExampleMap.umap" TEMPLATE=0 SHOWPROGRESS=1 FEATURELEVEL=3
[2025.10.05-01.30.49:711][  0]LightingResults: New page: ライティングのビルド
[2025.10.05-01.30.49:712][  0]LogWorld: UWorld::CleanupWorld for Untitled, bSessionEnded=true, bCleanupResources=true
[2025.10.05-01.30.49:712][  0]LogSlate: InvalidateAllWidgets triggered.  All widgets were invalidated
[2025.10.05-01.30.49:712][  0]MapCheck: New page: マップをチェック
[2025.10.05-01.30.49:712][  0]LightingResults: New page: <何も選択されていません>
[2025.10.05-01.30.49:716][  0]LogAudio: Display: Audio Device unregistered from world 'None'.
[2025.10.05-01.30.49:720][  0]LogUObjectHash: Compacting FUObjectHashTables data took   0.87ms
[2025.10.05-01.30.49:747][  0]LogLinker: Warning: [AssetLog] D:\LearnData\UnrealProject\UnrealLearn\CPlusTutorial\Content\FirstPersonCPP\Maps\FirstPersonExampleMap.umap:  '/Game/FirstPersonCPP/Maps/FirstPersonExampleMap_BuiltData' のロードに失敗しました: ファイルが見つかりません
[2025.10.05-01.30.49:747][  0]LogLinker: Warning: [AssetLog] D:\LearnData\UnrealProject\UnrealLearn\CPlusTutorial\Content\FirstPersonCPP\Maps\FirstPersonExampleMap.umap:  '/Game/FirstPersonCPP/Maps/FirstPersonExampleMap_BuiltData' のロードに失敗しました: ファイルが見つかりません
[2025.10.05-01.30.49:748][  0]LogLinker: Warning: [AssetLog] D:\LearnData\UnrealProject\UnrealLearn\CPlusTutorial\Content\FirstPersonCPP\Maps\FirstPersonExampleMap.umap:  '/Game/FirstPersonCPP/Maps/FirstPersonExampleMap_BuiltData' のロードに失敗しました: ファイルが見つかりません
[2025.10.05-01.30.49:755][  0]LogLinker: Warning:  '/Game/FirstPersonCPP/Maps/FirstPersonExampleMap_BuiltData' のロードに失敗しました: ファイルが見つかりません
[2025.10.05-01.30.49:755][  0]LogLinker: Warning:  '/Game/FirstPersonCPP/Maps/FirstPersonExampleMap_BuiltData' のロードに失敗しました: ファイルが見つかりません
[2025.10.05-01.30.49:760][  0]LogLinker: Warning: [AssetLog] D:\LearnData\UnrealProject\UnrealLearn\CPlusTutorial\Content\FirstPersonCPP\Maps\FirstPersonExampleMap.umap:  '/Game/FirstPersonCPP/Maps/FirstPersonExampleMap_BuiltData' のロードに失敗しました: ファイルが見つかりません
[2025.10.05-01.30.49:761][  0]LoadErrors: ロードに失敗しました /Game/FirstPersonCPP/Maps/FirstPersonExampleMap_BuiltData.FirstPersonExampleMap_BuiltData 参照元 PersistentLevel
[2025.10.05-01.30.49:783][  0]LogAudio: Display: Audio Device (ID: 1) registered with world 'FirstPersonExampleMap'.
[2025.10.05-01.30.49:783][  0]LogAIModule: Creating AISystem for world FirstPersonExampleMap
[2025.10.05-01.30.49:790][  0]LogEditorServer: Finished looking for orphan Actors (0.000 secs)
[2025.10.05-01.30.49:797][  0]LogUObjectHash: Compacting FUObjectHashTables data took   0.94ms
[2025.10.05-01.30.49:797][  0]Cmd: MAP CHECKDEP NOCLEARLOG
[2025.10.05-01.30.49:797][  0]MapCheck: マップチェックが完了: 0 エラー、 0 警告、完了に 0.152ミリ秒かかりました。
[2025.10.05-01.30.49:797][  0]LogFileHelpers: Loading map 'FirstPersonExampleMap' took 0.087
[2025.10.05-01.30.49:799][  0]LogUnrealEdMisc: Total Editor Startup Time, took 8.946
[2025.10.05-01.30.49:898][  0]LogSlate: Updating window title bar state: overlay mode, drag disabled, window buttons hidden, title bar hidden
[2025.10.05-01.30.49:904][  0]LogSlate: Updating window title bar state: overlay mode, drag disabled, window buttons hidden, title bar hidden
[2025.10.05-01.30.49:909][  0]LogSlate: Updating window title bar state: overlay mode, drag disabled, window buttons hidden, title bar hidden
[2025.10.05-01.30.49:915][  0]LogSlate: Updating window title bar state: overlay mode, drag disabled, window buttons hidden, title bar hidden
[2025.10.05-01.30.49:929][  0]LogNativeClassHierarchy: Verbose: Native class hierarchy populated in 0.0092 seconds. Added 3828 classes and 930 folders.
[2025.10.05-01.30.49:931][  0]LogNativeClassHierarchy: Verbose: Native class hierarchy updated for 'WidgetCarousel' in 0.0002 seconds. Added 0 classes and 0 folders.
[2025.10.05-01.30.49:933][  0]LogPakFile: PakFile PrimaryIndexSize=187
[2025.10.05-01.30.49:933][  0]LogPakFile: PakFile PathHashIndexSize=101
[2025.10.05-01.30.49:933][  0]LogPakFile: PakFile FullDirectoryIndexSize=148
[2025.10.05-01.30.49:933][  0]LogShaderLibrary: Display: ShaderCodeLibraryPakFileMountedCallback: PakFile 'C:/Program Files/Epic Games/UE_4.27/FeaturePacks/FP_FirstPerson.upack' (chunk index -1, root 'root:/') mounted
[2025.10.05-01.30.49:933][  0]LogShaderLibrary: Display: ShaderCodeLibraryPakFileMountedCallback: pending pak file info (ChunkID:-1 Root:root:/ File:C:/Program Files/Epic Games/UE_4.27/FeaturePacks/FP_FirstPerson.upack)
[2025.10.05-01.30.49:933][  0]LogPakFile: OnPakFileMounted2Time == 0.000055
[2025.10.05-01.30.49:933][  0]LogPakFile: PakFile PrimaryIndexSize=189
[2025.10.05-01.30.49:933][  0]LogPakFile: PakFile PathHashIndexSize=101
[2025.10.05-01.30.49:933][  0]LogPakFile: PakFile FullDirectoryIndexSize=152
[2025.10.05-01.30.49:933][  0]LogShaderLibrary: Display: ShaderCodeLibraryPakFileMountedCallback: PakFile 'C:/Program Files/Epic Games/UE_4.27/FeaturePacks/FP_FirstPersonBP.upack' (chunk index -1, root 'root:/') mounted
[2025.10.05-01.30.49:933][  0]LogShaderLibrary: Display: ShaderCodeLibraryPakFileMountedCallback: pending pak file info (ChunkID:-1 Root:root:/ File:C:/Program Files/Epic Games/UE_4.27/FeaturePacks/FP_FirstPersonBP.upack)
[2025.10.05-01.30.49:933][  0]LogPakFile: OnPakFileMounted2Time == 0.000043
[2025.10.05-01.30.49:935][  0]LogPakFile: PakFile PrimaryIndexSize=191
[2025.10.05-01.30.49:935][  0]LogPakFile: PakFile PathHashIndexSize=101
[2025.10.05-01.30.49:935][  0]LogPakFile: PakFile FullDirectoryIndexSize=160
[2025.10.05-01.30.49:935][  0]LogShaderLibrary: Display: ShaderCodeLibraryPakFileMountedCallback: PakFile 'C:/Program Files/Epic Games/UE_4.27/FeaturePacks/MobileStarterContent.upack' (chunk index -1, root 'root:/') mounted
[2025.10.05-01.30.49:935][  0]LogShaderLibrary: Display: ShaderCodeLibraryPakFileMountedCallback: pending pak file info (ChunkID:-1 Root:root:/ File:C:/Program Files/Epic Games/UE_4.27/FeaturePacks/MobileStarterContent.upack)
[2025.10.05-01.30.49:935][  0]LogPakFile: OnPakFileMounted2Time == 0.000032
[2025.10.05-01.30.49:935][  0]LogPakFile: PakFile PrimaryIndexSize=185
[2025.10.05-01.30.49:935][  0]LogPakFile: PakFile PathHashIndexSize=101
[2025.10.05-01.30.49:935][  0]LogPakFile: PakFile FullDirectoryIndexSize=148
[2025.10.05-01.30.49:935][  0]LogShaderLibrary: Display: ShaderCodeLibraryPakFileMountedCallback: PakFile 'C:/Program Files/Epic Games/UE_4.27/FeaturePacks/StarterContent.upack' (chunk index -1, root 'root:/') mounted
[2025.10.05-01.30.49:935][  0]LogShaderLibrary: Display: ShaderCodeLibraryPakFileMountedCallback: pending pak file info (ChunkID:-1 Root:root:/ File:C:/Program Files/Epic Games/UE_4.27/FeaturePacks/StarterContent.upack)
[2025.10.05-01.30.49:935][  0]LogPakFile: OnPakFileMounted2Time == 0.000036
[2025.10.05-01.30.49:936][  0]LogPakFile: PakFile PrimaryIndexSize=190
[2025.10.05-01.30.49:936][  0]LogPakFile: PakFile PathHashIndexSize=101
[2025.10.05-01.30.49:936][  0]LogPakFile: PakFile FullDirectoryIndexSize=154
[2025.10.05-01.30.49:936][  0]LogShaderLibrary: Display: ShaderCodeLibraryPakFileMountedCallback: PakFile 'C:/Program Files/Epic Games/UE_4.27/FeaturePacks/TP_2DSideScroller.upack' (chunk index -1, root 'root:/') mounted
[2025.10.05-01.30.49:936][  0]LogShaderLibrary: Display: ShaderCodeLibraryPakFileMountedCallback: pending pak file info (ChunkID:-1 Root:root:/ File:C:/Program Files/Epic Games/UE_4.27/FeaturePacks/TP_2DSideScroller.upack)
[2025.10.05-01.30.49:936][  0]LogPakFile: OnPakFileMounted2Time == 0.000032
[2025.10.05-01.30.49:936][  0]LogPakFile: PakFile PrimaryIndexSize=192
[2025.10.05-01.30.49:936][  0]LogPakFile: PakFile PathHashIndexSize=101
[2025.10.05-01.30.49:936][  0]LogPakFile: PakFile FullDirectoryIndexSize=158
[2025.10.05-01.30.49:936][  0]LogShaderLibrary: Display: ShaderCodeLibraryPakFileMountedCallback: PakFile 'C:/Program Files/Epic Games/UE_4.27/FeaturePacks/TP_2DSideScrollerBP.upack' (chunk index -1, root 'root:/') mounted
[2025.10.05-01.30.49:936][  0]LogShaderLibrary: Display: ShaderCodeLibraryPakFileMountedCallback: pending pak file info (ChunkID:-1 Root:root:/ File:C:/Program Files/Epic Games/UE_4.27/FeaturePacks/TP_2DSideScrollerBP.upack)
[2025.10.05-01.30.49:936][  0]LogPakFile: OnPakFileMounted2Time == 0.000030
[2025.10.05-01.30.49:937][  0]LogPakFile: PakFile PrimaryIndexSize=182
[2025.10.05-01.30.49:937][  0]LogPakFile: PakFile PathHashIndexSize=101
[2025.10.05-01.30.49:937][  0]LogPakFile: PakFile FullDirectoryIndexSize=138
[2025.10.05-01.30.49:937][  0]LogShaderLibrary: Display: ShaderCodeLibraryPakFileMountedCallback: PakFile 'C:/Program Files/Epic Games/UE_4.27/FeaturePacks/TP_Flying.upack' (chunk index -1, root 'root:/') mounted
[2025.10.05-01.30.49:937][  0]LogShaderLibrary: Display: ShaderCodeLibraryPakFileMountedCallback: pending pak file info (ChunkID:-1 Root:root:/ File:C:/Program Files/Epic Games/UE_4.27/FeaturePacks/TP_Flying.upack)
[2025.10.05-01.30.49:937][  0]LogPakFile: OnPakFileMounted2Time == 0.000030
[2025.10.05-01.30.49:937][  0]LogPakFile: PakFile PrimaryIndexSize=184
[2025.10.05-01.30.49:937][  0]LogPakFile: PakFile PathHashIndexSize=101
[2025.10.05-01.30.49:937][  0]LogPakFile: PakFile FullDirectoryIndexSize=142
[2025.10.05-01.30.49:937][  0]LogShaderLibrary: Display: ShaderCodeLibraryPakFileMountedCallback: PakFile 'C:/Program Files/Epic Games/UE_4.27/FeaturePacks/TP_FlyingBP.upack' (chunk index -1, root 'root:/') mounted
[2025.10.05-01.30.49:937][  0]LogShaderLibrary: Display: ShaderCodeLibraryPakFileMountedCallback: pending pak file info (ChunkID:-1 Root:root:/ File:C:/Program Files/Epic Games/UE_4.27/FeaturePacks/TP_FlyingBP.upack)
[2025.10.05-01.30.49:937][  0]LogPakFile: OnPakFileMounted2Time == 0.000029
[2025.10.05-01.30.49:938][  0]LogPakFile: PakFile PrimaryIndexSize=188
[2025.10.05-01.30.49:938][  0]LogPakFile: PakFile PathHashIndexSize=101
[2025.10.05-01.30.49:938][  0]LogPakFile: PakFile FullDirectoryIndexSize=150
[2025.10.05-01.30.49:938][  0]LogShaderLibrary: Display: ShaderCodeLibraryPakFileMountedCallback: PakFile 'C:/Program Files/Epic Games/UE_4.27/FeaturePacks/TP_HandheldARBP.upack' (chunk index -1, root 'root:/') mounted
[2025.10.05-01.30.49:938][  0]LogShaderLibrary: Display: ShaderCodeLibraryPakFileMountedCallback: pending pak file info (ChunkID:-1 Root:root:/ File:C:/Program Files/Epic Games/UE_4.27/FeaturePacks/TP_HandheldARBP.upack)
[2025.10.05-01.30.49:938][  0]LogPakFile: OnPakFileMounted2Time == 0.000030
[2025.10.05-01.30.49:938][  0]LogPakFile: PakFile PrimaryIndexSize=182
[2025.10.05-01.30.49:938][  0]LogPakFile: PakFile PathHashIndexSize=101
[2025.10.05-01.30.49:938][  0]LogPakFile: PakFile FullDirectoryIndexSize=138
[2025.10.05-01.30.49:938][  0]LogShaderLibrary: Display: ShaderCodeLibraryPakFileMountedCallback: PakFile 'C:/Program Files/Epic Games/UE_4.27/FeaturePacks/TP_Puzzle.upack' (chunk index -1, root 'root:/') mounted
[2025.10.05-01.30.49:938][  0]LogShaderLibrary: Display: ShaderCodeLibraryPakFileMountedCallback: pending pak file info (ChunkID:-1 Root:root:/ File:C:/Program Files/Epic Games/UE_4.27/FeaturePacks/TP_Puzzle.upack)
[2025.10.05-01.30.49:938][  0]LogPakFile: OnPakFileMounted2Time == 0.000030
[2025.10.05-01.30.49:938][  0]LogPakFile: PakFile PrimaryIndexSize=184
[2025.10.05-01.30.49:938][  0]LogPakFile: PakFile PathHashIndexSize=101
[2025.10.05-01.30.49:938][  0]LogPakFile: PakFile FullDirectoryIndexSize=142
[2025.10.05-01.30.49:938][  0]LogShaderLibrary: Display: ShaderCodeLibraryPakFileMountedCallback: PakFile 'C:/Program Files/Epic Games/UE_4.27/FeaturePacks/TP_PuzzleBP.upack' (chunk index -1, root 'root:/') mounted
[2025.10.05-01.30.49:938][  0]LogShaderLibrary: Display: ShaderCodeLibraryPakFileMountedCallback: pending pak file info (ChunkID:-1 Root:root:/ File:C:/Program Files/Epic Games/UE_4.27/FeaturePacks/TP_PuzzleBP.upack)
[2025.10.05-01.30.49:938][  0]LogPakFile: OnPakFileMounted2Time == 0.000029
[2025.10.05-01.30.49:939][  0]LogPakFile: PakFile PrimaryIndexSize=183
[2025.10.05-01.30.49:939][  0]LogPakFile: PakFile PathHashIndexSize=101
[2025.10.05-01.30.49:939][  0]LogPakFile: PakFile FullDirectoryIndexSize=140
[2025.10.05-01.30.49:939][  0]LogShaderLibrary: Display: ShaderCodeLibraryPakFileMountedCallback: PakFile 'C:/Program Files/Epic Games/UE_4.27/FeaturePacks/TP_Rolling.upack' (chunk index -1, root 'root:/') mounted
[2025.10.05-01.30.49:939][  0]LogShaderLibrary: Display: ShaderCodeLibraryPakFileMountedCallback: pending pak file info (ChunkID:-1 Root:root:/ File:C:/Program Files/Epic Games/UE_4.27/FeaturePacks/TP_Rolling.upack)
[2025.10.05-01.30.49:939][  0]LogPakFile: OnPakFileMounted2Time == 0.000039
[2025.10.05-01.30.49:939][  0]LogPakFile: PakFile PrimaryIndexSize=185
[2025.10.05-01.30.49:939][  0]LogPakFile: PakFile PathHashIndexSize=101
[2025.10.05-01.30.49:939][  0]LogPakFile: PakFile FullDirectoryIndexSize=144
[2025.10.05-01.30.49:939][  0]LogShaderLibrary: Display: ShaderCodeLibraryPakFileMountedCallback: PakFile 'C:/Program Files/Epic Games/UE_4.27/FeaturePacks/TP_RollingBP.upack' (chunk index -1, root 'root:/') mounted
[2025.10.05-01.30.49:939][  0]LogShaderLibrary: Display: ShaderCodeLibraryPakFileMountedCallback: pending pak file info (ChunkID:-1 Root:root:/ File:C:/Program Files/Epic Games/UE_4.27/FeaturePacks/TP_RollingBP.upack)
[2025.10.05-01.30.49:939][  0]LogPakFile: OnPakFileMounted2Time == 0.000030
[2025.10.05-01.30.49:940][  0]LogPakFile: PakFile PrimaryIndexSize=188
[2025.10.05-01.30.49:940][  0]LogPakFile: PakFile PathHashIndexSize=101
[2025.10.05-01.30.49:940][  0]LogPakFile: PakFile FullDirectoryIndexSize=150
[2025.10.05-01.30.49:940][  0]LogShaderLibrary: Display: ShaderCodeLibraryPakFileMountedCallback: PakFile 'C:/Program Files/Epic Games/UE_4.27/FeaturePacks/TP_SideScroller.upack' (chunk index -1, root 'root:/') mounted
[2025.10.05-01.30.49:940][  0]LogShaderLibrary: Display: ShaderCodeLibraryPakFileMountedCallback: pending pak file info (ChunkID:-1 Root:root:/ File:C:/Program Files/Epic Games/UE_4.27/FeaturePacks/TP_SideScroller.upack)
[2025.10.05-01.30.49:940][  0]LogPakFile: OnPakFileMounted2Time == 0.000031
[2025.10.05-01.30.49:940][  0]LogPakFile: PakFile PrimaryIndexSize=190
[2025.10.05-01.30.49:940][  0]LogPakFile: PakFile PathHashIndexSize=101
[2025.10.05-01.30.49:940][  0]LogPakFile: PakFile FullDirectoryIndexSize=154
[2025.10.05-01.30.49:940][  0]LogShaderLibrary: Display: ShaderCodeLibraryPakFileMountedCallback: PakFile 'C:/Program Files/Epic Games/UE_4.27/FeaturePacks/TP_SideScrollerBP.upack' (chunk index -1, root 'root:/') mounted
[2025.10.05-01.30.49:940][  0]LogShaderLibrary: Display: ShaderCodeLibraryPakFileMountedCallback: pending pak file info (ChunkID:-1 Root:root:/ File:C:/Program Files/Epic Games/UE_4.27/FeaturePacks/TP_SideScrollerBP.upack)
[2025.10.05-01.30.49:940][  0]LogPakFile: OnPakFileMounted2Time == 0.000031
[2025.10.05-01.30.49:941][  0]LogPakFile: PakFile PrimaryIndexSize=187
[2025.10.05-01.30.49:941][  0]LogPakFile: PakFile PathHashIndexSize=101
[2025.10.05-01.30.49:941][  0]LogPakFile: PakFile FullDirectoryIndexSize=148
[2025.10.05-01.30.49:941][  0]LogShaderLibrary: Display: ShaderCodeLibraryPakFileMountedCallback: PakFile 'C:/Program Files/Epic Games/UE_4.27/FeaturePacks/TP_ThirdPerson.upack' (chunk index -1, root 'root:/') mounted
[2025.10.05-01.30.49:941][  0]LogShaderLibrary: Display: ShaderCodeLibraryPakFileMountedCallback: pending pak file info (ChunkID:-1 Root:root:/ File:C:/Program Files/Epic Games/UE_4.27/FeaturePacks/TP_ThirdPerson.upack)
[2025.10.05-01.30.49:941][  0]LogPakFile: OnPakFileMounted2Time == 0.000030
[2025.10.05-01.30.49:941][  0]LogPakFile: PakFile PrimaryIndexSize=189
[2025.10.05-01.30.49:941][  0]LogPakFile: PakFile PathHashIndexSize=101
[2025.10.05-01.30.49:941][  0]LogPakFile: PakFile FullDirectoryIndexSize=152
[2025.10.05-01.30.49:941][  0]LogShaderLibrary: Display: ShaderCodeLibraryPakFileMountedCallback: PakFile 'C:/Program Files/Epic Games/UE_4.27/FeaturePacks/TP_ThirdPersonBP.upack' (chunk index -1, root 'root:/') mounted
[2025.10.05-01.30.49:941][  0]LogShaderLibrary: Display: ShaderCodeLibraryPakFileMountedCallback: pending pak file info (ChunkID:-1 Root:root:/ File:C:/Program Files/Epic Games/UE_4.27/FeaturePacks/TP_ThirdPersonBP.upack)
[2025.10.05-01.30.49:941][  0]LogPakFile: OnPakFileMounted2Time == 0.000030
[2025.10.05-01.30.49:941][  0]LogPakFile: PakFile PrimaryIndexSize=183
[2025.10.05-01.30.49:941][  0]LogPakFile: PakFile PathHashIndexSize=101
[2025.10.05-01.30.49:941][  0]LogPakFile: PakFile FullDirectoryIndexSize=140
[2025.10.05-01.30.49:942][  0]LogShaderLibrary: Display: ShaderCodeLibraryPakFileMountedCallback: PakFile 'C:/Program Files/Epic Games/UE_4.27/FeaturePacks/TP_TopDown.upack' (chunk index -1, root 'root:/') mounted
[2025.10.05-01.30.49:942][  0]LogShaderLibrary: Display: ShaderCodeLibraryPakFileMountedCallback: pending pak file info (ChunkID:-1 Root:root:/ File:C:/Program Files/Epic Games/UE_4.27/FeaturePacks/TP_TopDown.upack)
[2025.10.05-01.30.49:942][  0]LogPakFile: OnPakFileMounted2Time == 0.000037
[2025.10.05-01.30.49:942][  0]LogPakFile: PakFile PrimaryIndexSize=185
[2025.10.05-01.30.49:942][  0]LogPakFile: PakFile PathHashIndexSize=101
[2025.10.05-01.30.49:942][  0]LogPakFile: PakFile FullDirectoryIndexSize=144
[2025.10.05-01.30.49:942][  0]LogShaderLibrary: Display: ShaderCodeLibraryPakFileMountedCallback: PakFile 'C:/Program Files/Epic Games/UE_4.27/FeaturePacks/TP_TopDownBP.upack' (chunk index -1, root 'root:/') mounted
[2025.10.05-01.30.49:942][  0]LogShaderLibrary: Display: ShaderCodeLibraryPakFileMountedCallback: pending pak file info (ChunkID:-1 Root:root:/ File:C:/Program Files/Epic Games/UE_4.27/FeaturePacks/TP_TopDownBP.upack)
[2025.10.05-01.30.49:942][  0]LogPakFile: OnPakFileMounted2Time == 0.000029
[2025.10.05-01.30.49:942][  0]LogPakFile: PakFile PrimaryIndexSize=185
[2025.10.05-01.30.49:942][  0]LogPakFile: PakFile PathHashIndexSize=101
[2025.10.05-01.30.49:942][  0]LogPakFile: PakFile FullDirectoryIndexSize=144
[2025.10.05-01.30.49:942][  0]LogShaderLibrary: Display: ShaderCodeLibraryPakFileMountedCallback: PakFile 'C:/Program Files/Epic Games/UE_4.27/FeaturePacks/TP_TwinStick.upack' (chunk index -1, root 'root:/') mounted
[2025.10.05-01.30.49:942][  0]LogShaderLibrary: Display: ShaderCodeLibraryPakFileMountedCallback: pending pak file info (ChunkID:-1 Root:root:/ File:C:/Program Files/Epic Games/UE_4.27/FeaturePacks/TP_TwinStick.upack)
[2025.10.05-01.30.49:942][  0]LogPakFile: OnPakFileMounted2Time == 0.000035
[2025.10.05-01.30.49:943][  0]LogPakFile: PakFile PrimaryIndexSize=187
[2025.10.05-01.30.49:943][  0]LogPakFile: PakFile PathHashIndexSize=101
[2025.10.05-01.30.49:943][  0]LogPakFile: PakFile FullDirectoryIndexSize=148
[2025.10.05-01.30.49:943][  0]LogShaderLibrary: Display: ShaderCodeLibraryPakFileMountedCallback: PakFile 'C:/Program Files/Epic Games/UE_4.27/FeaturePacks/TP_TwinStickBP.upack' (chunk index -1, root 'root:/') mounted
[2025.10.05-01.30.49:943][  0]LogShaderLibrary: Display: ShaderCodeLibraryPakFileMountedCallback: pending pak file info (ChunkID:-1 Root:root:/ File:C:/Program Files/Epic Games/UE_4.27/FeaturePacks/TP_TwinStickBP.upack)
[2025.10.05-01.30.49:943][  0]LogPakFile: OnPakFileMounted2Time == 0.000034
[2025.10.05-01.30.49:943][  0]LogPakFile: PakFile PrimaryIndexSize=183
[2025.10.05-01.30.49:943][  0]LogPakFile: PakFile PathHashIndexSize=101
[2025.10.05-01.30.49:943][  0]LogPakFile: PakFile FullDirectoryIndexSize=140
[2025.10.05-01.30.49:943][  0]LogShaderLibrary: Display: ShaderCodeLibraryPakFileMountedCallback: PakFile 'C:/Program Files/Epic Games/UE_4.27/FeaturePacks/TP_Vehicle.upack' (chunk index -1, root 'root:/') mounted
[2025.10.05-01.30.49:943][  0]LogShaderLibrary: Display: ShaderCodeLibraryPakFileMountedCallback: pending pak file info (ChunkID:-1 Root:root:/ File:C:/Program Files/Epic Games/UE_4.27/FeaturePacks/TP_Vehicle.upack)
[2025.10.05-01.30.49:943][  0]LogPakFile: OnPakFileMounted2Time == 0.000029
[2025.10.05-01.30.49:944][  0]LogPakFile: PakFile PrimaryIndexSize=186
[2025.10.05-01.30.49:944][  0]LogPakFile: PakFile PathHashIndexSize=101
[2025.10.05-01.30.49:944][  0]LogPakFile: PakFile FullDirectoryIndexSize=146
[2025.10.05-01.30.49:944][  0]LogShaderLibrary: Display: ShaderCodeLibraryPakFileMountedCallback: PakFile 'C:/Program Files/Epic Games/UE_4.27/FeaturePacks/TP_VehicleAdv.upack' (chunk index -1, root 'root:/') mounted
[2025.10.05-01.30.49:944][  0]LogShaderLibrary: Display: ShaderCodeLibraryPakFileMountedCallback: pending pak file info (ChunkID:-1 Root:root:/ File:C:/Program Files/Epic Games/UE_4.27/FeaturePacks/TP_VehicleAdv.upack)
[2025.10.05-01.30.49:944][  0]LogPakFile: OnPakFileMounted2Time == 0.000030
[2025.10.05-01.30.49:944][  0]LogPakFile: PakFile PrimaryIndexSize=188
[2025.10.05-01.30.49:944][  0]LogPakFile: PakFile PathHashIndexSize=101
[2025.10.05-01.30.49:944][  0]LogPakFile: PakFile FullDirectoryIndexSize=150
[2025.10.05-01.30.49:944][  0]LogShaderLibrary: Display: ShaderCodeLibraryPakFileMountedCallback: PakFile 'C:/Program Files/Epic Games/UE_4.27/FeaturePacks/TP_VehicleAdvBP.upack' (chunk index -1, root 'root:/') mounted
[2025.10.05-01.30.49:944][  0]LogShaderLibrary: Display: ShaderCodeLibraryPakFileMountedCallback: pending pak file info (ChunkID:-1 Root:root:/ File:C:/Program Files/Epic Games/UE_4.27/FeaturePacks/TP_VehicleAdvBP.upack)
[2025.10.05-01.30.49:944][  0]LogPakFile: OnPakFileMounted2Time == 0.000031
[2025.10.05-01.30.49:945][  0]LogPakFile: PakFile PrimaryIndexSize=185
[2025.10.05-01.30.49:945][  0]LogPakFile: PakFile PathHashIndexSize=101
[2025.10.05-01.30.49:945][  0]LogPakFile: PakFile FullDirectoryIndexSize=144
[2025.10.05-01.30.49:945][  0]LogShaderLibrary: Display: ShaderCodeLibraryPakFileMountedCallback: PakFile 'C:/Program Files/Epic Games/UE_4.27/FeaturePacks/TP_VehicleBP.upack' (chunk index -1, root 'root:/') mounted
[2025.10.05-01.30.49:945][  0]LogShaderLibrary: Display: ShaderCodeLibraryPakFileMountedCallback: pending pak file info (ChunkID:-1 Root:root:/ File:C:/Program Files/Epic Games/UE_4.27/FeaturePacks/TP_VehicleBP.upack)
[2025.10.05-01.30.49:945][  0]LogPakFile: OnPakFileMounted2Time == 0.000029
[2025.10.05-01.30.49:945][  0]LogPakFile: PakFile PrimaryIndexSize=192
[2025.10.05-01.30.49:945][  0]LogPakFile: PakFile PathHashIndexSize=101
[2025.10.05-01.30.49:945][  0]LogPakFile: PakFile FullDirectoryIndexSize=158
[2025.10.05-01.30.49:945][  0]LogShaderLibrary: Display: ShaderCodeLibraryPakFileMountedCallback: PakFile 'C:/Program Files/Epic Games/UE_4.27/FeaturePacks/TP_VirtualRealityBP.upack' (chunk index -1, root 'root:/') mounted
[2025.10.05-01.30.49:945][  0]LogShaderLibrary: Display: ShaderCodeLibraryPakFileMountedCallback: pending pak file info (ChunkID:-1 Root:root:/ File:C:/Program Files/Epic Games/UE_4.27/FeaturePacks/TP_VirtualRealityBP.upack)
[2025.10.05-01.30.49:945][  0]LogPakFile: OnPakFileMounted2Time == 0.000031
[2025.10.05-01.30.50:011][  0]LogNativeClassHierarchy: Verbose: Native class hierarchy updated for 'AddContentDialog' in 0.0003 seconds. Added 0 classes and 0 folders.
[2025.10.05-01.30.50:013][  0]LogNativeClassHierarchy: Verbose: Native class hierarchy updated for 'SceneOutliner' in 0.0002 seconds. Added 2 classes and 0 folders.
[2025.10.05-01.30.50:054][  0]LogNativeClassHierarchy: Verbose: Native class hierarchy updated for 'HierarchicalLODOutliner' in 0.0003 seconds. Added 0 classes and 0 folders.
[2025.10.05-01.30.50:054][  0]LogLoad: (Engine Initialization) Total time: 9.20 seconds
[2025.10.05-01.30.50:055][  0]LogLoad: (Engine Initialization) Total Blueprint compile time: 0.00 seconds
[2025.10.05-01.30.50:114][  0]LogAssetRegistry: Asset discovery search completed in 4.8109 seconds
[2025.10.05-01.30.50:120][  0]LogCollectionManager: Fixed up redirectors for 0 collections in 0.000004 seconds (updated 0 objects)
[2025.10.05-01.30.50:121][  0]LogContentStreaming: Texture pool size now 1000 MB
[2025.10.05-01.30.50:151][  0]LogSlate: Took 0.000236 seconds to synchronously load lazily loaded font '../../../Engine/Content/Slate/Fonts/Roboto-Regular.ttf' (155K)
[2025.10.05-01.30.50:152][  0]LogSlate: Took 0.000211 seconds to synchronously load lazily loaded font '../../../Engine/Content/Editor/Slate/Fonts/FontAwesome.ttf' (139K)
[2025.10.05-01.30.50:153][  0]LogSlate: Took 0.000302 seconds to synchronously load lazily loaded font '../../../Engine/Content/Editor/Slate/Fonts/GenEiGothicPro-Regular.otf' (707K)
[2025.10.05-01.30.50:153][  0]LogSlate: Took 0.000275 seconds to synchronously load lazily loaded font '../../../Engine/Content/Editor/Slate/Fonts/GenEiGothicPro-Bold.otf' (698K)
[2025.10.05-01.30.50:154][  0]LogSlate: Took 0.000168 seconds to synchronously load lazily loaded font '../../../Engine/Content/Slate/Fonts/Roboto-Bold.ttf' (160K)
[2025.10.05-01.30.50:251][  0]LogRenderer: Reallocating scene render targets to support 804x360 Format 10 NumSamples 1 (Frame:1).
[2025.10.05-01.30.50:251][  0]LogSlate: Took 0.000194 seconds to synchronously load lazily loaded font '../../../Engine/Content/Slate/Fonts/DroidSansMono.ttf' (77K)
[2025.10.05-01.30.50:251][  0]LogSlate: Took 0.000265 seconds to synchronously load lazily loaded font '../../../Engine/Content/Editor/Slate/Fonts/GenEiGothicPro-SemiBold.otf' (703K)
[2025.10.05-01.30.50:252][  0]LogSlate: Took 0.000305 seconds to synchronously load lazily loaded font '../../../Engine/Content/Editor/Slate/Fonts/GenEiGothicPro-Heavy.otf' (704K)
[2025.10.05-01.30.50:252][  0]LogSlate: Took 0.000311 seconds to synchronously load lazily loaded font '../../../Engine/Content/Editor/Slate/Fonts/GenEiGothicPro-Light.otf' (713K)
[2025.10.05-01.32.25:445][443]LogRenderer: Reallocating scene render targets to support 1288x616 Format 10 NumSamples 1 (Frame:167).
[2025.10.05-01.32.30:630][935]LogSlate: Only BGRA pngs, bmps or icos are supported in by External Image Picker
[2025.10.05-01.32.31:510][ 12]LogSlate: Window 'プロジェクト設定' being destroyed
[2025.10.05-01.32.31:517][ 12]LogSlate: Window 'プロジェクト設定' being destroyed
[2025.10.05-01.32.37:613][651]LogSlate: Took 0.003745 seconds to synchronously load lazily loaded font '../../../Engine/Content/Slate/Fonts/DroidSansFallback.ttf' (3848K)
[2025.10.05-01.32.47:119][758]LogPackageLocalizationCache: Processed 27 localized package path(s) for 2 prioritized culture(s) in 0.107736 seconds
[2025.10.05-01.32.47:119][758]LogSlate: FontCache flush requested. Reason: Culture for localization was changed
[2025.10.05-01.32.47:119][758]LogSlate: FontCache flush requested. Reason: Culture for localization was changed
[2025.10.05-01.32.47:484][758]LogTextLocalizationResource: LocRes '../../../Engine/Content/Localization/Editor/zh/Editor.locres' could not be opened for reading!
[2025.10.05-01.32.47:484][758]LogTextLocalizationResource: LocRes '../../../Engine/Content/Localization/EditorTutorials/zh/EditorTutorials.locres' could not be opened for reading!
[2025.10.05-01.32.47:485][758]LogTextLocalizationResource: LocRes '../../../Engine/Content/Localization/Keywords/zh/Keywords.locres' could not be opened for reading!
[2025.10.05-01.32.47:485][758]LogTextLocalizationResource: LocRes '../../../Engine/Content/Localization/Category/zh/Category.locres' could not be opened for reading!
[2025.10.05-01.32.47:485][758]LogTextLocalizationResource: LocRes '../../../Engine/Content/Localization/ToolTips/zh/ToolTips.locres' could not be opened for reading!
[2025.10.05-01.32.47:485][758]LogTextLocalizationResource: LocRes '../../../Engine/Content/Localization/PropertyNames/zh/PropertyNames.locres' could not be opened for reading!
[2025.10.05-01.32.47:485][758]LogTextLocalizationResource: LocRes '../../../Engine/Content/Localization/Engine/zh/Engine.locres' could not be opened for reading!
[2025.10.05-01.32.47:485][758]LogTextLocalizationResource: LocRes '../../../Engine/Plugins/Online/OnlineSubsystem/Content/Localization/OnlineSubsystem/zh/OnlineSubsystem.locres' could not be opened for reading!
[2025.10.05-01.32.47:485][758]LogTextLocalizationResource: LocRes '../../../Engine/Plugins/Online/OnlineSubsystemUtils/Content/Localization/OnlineSubsystemUtils/zh/OnlineSubsystemUtils.locres' could not be opened for reading!
[2025.10.05-01.32.47:485][758]LogTextLocalizationResource: LocRes '../../../Engine/Plugins/Online/Android/OnlineSubsystemGooglePlay/Content/Localization/OnlineSubsystemGooglePlay/zh/OnlineSubsystemGooglePlay.locres' could not be opened for reading!
[2025.10.05-01.32.47:485][758]LogTextLocalizationResource: LocRes '../../../Engine/Plugins/Online/IOS/OnlineSubsystemIOS/Content/Localization/OnlineSubsystemIOS/zh/OnlineSubsystemIOS.locres' could not be opened for reading!
[2025.10.05-01.32.47:607][758]LogSlate: InvalidateAllWidgets triggered.  All widgets were invalidated
[2025.10.05-01.32.47:615][759]LogSlate: Took 0.000196 seconds to synchronously load lazily loaded font '../../../Engine/Content/Slate/Fonts/Roboto-Regular.ttf' (155K)
[2025.10.05-01.32.47:617][759]LogSlate: Took 0.000144 seconds to synchronously load lazily loaded font '../../../Engine/Content/Editor/Slate/Fonts/FontAwesome.ttf' (139K)
[2025.10.05-01.32.47:618][759]LogSlate: Took 0.000843 seconds to synchronously load lazily loaded font '../../../Engine/Content/Slate/Fonts/DroidSansFallback.ttf' (3848K)
[2025.10.05-01.32.47:618][759]LogSlate: Took 0.000126 seconds to synchronously load lazily loaded font '../../../Engine/Content/Slate/Fonts/Roboto-Bold.ttf' (160K)
[2025.10.05-01.32.48:794][891]LogSlate: Took 0.000892 seconds to synchronously load lazily loaded font '../../../Engine/Content/Slate/Fonts/NotoNaskhArabicUI-Regular.ttf' (144K)
[2025.10.05-01.32.48:798][891]LogSlate: Last resort fallback font was requested. Font: '../../../Engine/Content/Slate/Fonts/DroidSansFallback.ttf', Character: 'հ (U+0570)'
[2025.10.05-01.32.48:804][891]LogSlate: Took 0.004698 seconds to synchronously load lazily loaded font '../../../Engine/Content/SlateDebug/Fonts/LastResort.ttf' (5269K)
[2025.10.05-01.32.50:337][ 68]LogPackageLocalizationCache: Processed 27 localized package path(s) for 2 prioritized culture(s) in 0.047427 seconds
[2025.10.05-01.32.50:337][ 68]LogSlate: FontCache flush requested. Reason: Culture for localization was changed
[2025.10.05-01.32.50:579][ 68]LogTextLocalizationResource: LocRes '../../../Engine/Content/Localization/Editor/zh/Editor.locres' could not be opened for reading!
[2025.10.05-01.32.50:579][ 68]LogTextLocalizationResource: LocRes '../../../Engine/Content/Localization/EditorTutorials/zh/EditorTutorials.locres' could not be opened for reading!
[2025.10.05-01.32.50:579][ 68]LogTextLocalizationResource: LocRes '../../../Engine/Content/Localization/Keywords/zh/Keywords.locres' could not be opened for reading!
[2025.10.05-01.32.50:579][ 68]LogTextLocalizationResource: LocRes '../../../Engine/Content/Localization/Category/zh/Category.locres' could not be opened for reading!
[2025.10.05-01.32.50:579][ 68]LogTextLocalizationResource: LocRes '../../../Engine/Content/Localization/ToolTips/zh/ToolTips.locres' could not be opened for reading!
[2025.10.05-01.32.50:579][ 68]LogTextLocalizationResource: LocRes '../../../Engine/Content/Localization/PropertyNames/zh/PropertyNames.locres' could not be opened for reading!
[2025.10.05-01.32.50:579][ 68]LogTextLocalizationResource: LocRes '../../../Engine/Content/Localization/Engine/zh/Engine.locres' could not be opened for reading!
[2025.10.05-01.32.50:579][ 68]LogTextLocalizationResource: LocRes '../../../Engine/Plugins/Online/OnlineSubsystem/Content/Localization/OnlineSubsystem/zh/OnlineSubsystem.locres' could not be opened for reading!
[2025.10.05-01.32.50:580][ 68]LogTextLocalizationResource: LocRes '../../../Engine/Plugins/Online/OnlineSubsystemUtils/Content/Localization/OnlineSubsystemUtils/zh/OnlineSubsystemUtils.locres' could not be opened for reading!
[2025.10.05-01.32.50:580][ 68]LogTextLocalizationResource: LocRes '../../../Engine/Plugins/Online/Android/OnlineSubsystemGooglePlay/Content/Localization/OnlineSubsystemGooglePlay/zh/OnlineSubsystemGooglePlay.locres' could not be opened for reading!
[2025.10.05-01.32.50:580][ 68]LogTextLocalizationResource: LocRes '../../../Engine/Plugins/Online/IOS/OnlineSubsystemIOS/Content/Localization/OnlineSubsystemIOS/zh/OnlineSubsystemIOS.locres' could not be opened for reading!
[2025.10.05-01.32.50:676][ 68]LogSlate: InvalidateAllWidgets triggered.  All widgets were invalidated
[2025.10.05-01.32.50:680][ 69]LogSlate: Took 0.000203 seconds to synchronously load lazily loaded font '../../../Engine/Content/Slate/Fonts/Roboto-Regular.ttf' (155K)
[2025.10.05-01.32.50:682][ 69]LogSlate: Took 0.000163 seconds to synchronously load lazily loaded font '../../../Engine/Content/Editor/Slate/Fonts/FontAwesome.ttf' (139K)
[2025.10.05-01.32.50:684][ 69]LogSlate: Took 0.000852 seconds to synchronously load lazily loaded font '../../../Engine/Content/Slate/Fonts/DroidSansFallback.ttf' (3848K)
[2025.10.05-01.32.50:684][ 69]LogSlate: Took 0.000126 seconds to synchronously load lazily loaded font '../../../Engine/Content/Slate/Fonts/Roboto-Bold.ttf' (160K)
[2025.10.05-01.32.59:620][130]LogSlate: Window '编辑器偏好设置' being destroyed
[2025.10.05-01.32.59:627][130]LogSlate: Window '编辑器偏好设置' being destroyed
[2025.10.05-01.35.35:065][868]LogSlate: Took 0.001151 seconds to synchronously load lazily loaded font '../../../Engine/Content/Slate/Fonts/Roboto-Light.ttf' (167K)
[2025.10.05-01.35.36:593][ 20]LogSlate: Window '编辑器偏好设置' being destroyed
[2025.10.05-01.35.36:604][ 20]LogSlate: Window '编辑器偏好设置' being destroyed
[2025.10.05-01.35.37:623][124]Cmd: CLOSE_SLATE_MAINFRAME
[2025.10.05-01.35.37:629][124]LogUObjectHash: Compacting FUObjectHashTables data took   0.79ms
[2025.10.05-01.35.37:641][124]LogSlate: Window '消息日志' being destroyed
[2025.10.05-01.35.37:651][124]LogSlate: Window 'CPlusTutorial - 虚幻编辑器' being destroyed
[2025.10.05-01.35.37:956][125]Cmd: QUIT_EDITOR
[2025.10.05-01.35.37:956][125]LogCore: Engine exit requested (reason: UUnrealEdEngine::CloseEditor())
[2025.10.05-01.35.37:971][125]LogCore: Engine exit requested (reason: EngineExit() was called; note: exit was already requested)
[2025.10.05-01.35.37:974][125]LogAudio: Display: Beginning Audio Device Manager Shutdown (Module: AudioMixerXAudio2)...
[2025.10.05-01.35.37:974][125]LogAudio: Display: Destroying 1 Remaining Audio Device(s)...
[2025.10.05-01.35.37:974][125]LogAudio: Display: Audio Device unregistered from world 'FirstPersonExampleMap'.
[2025.10.05-01.35.37:975][125]LogAudioMixer: FMixerPlatformXAudio2::StopAudioStream() called
[2025.10.05-01.35.37:976][125]LogAudioMixer: FMixerPlatformXAudio2::StopAudioStream() called
[2025.10.05-01.35.37:979][125]LogAudio: Display: Audio Device Manager Shutdown
[2025.10.05-01.35.37:989][125]LogWindowsTextInputMethodSystem: Display: IME system activated using TSF (搜狗拼音输入法).
[2025.10.05-01.35.37:995][125]LogExit: Preparing to exit.
[2025.10.05-01.35.38:399][125]LogUObjectHash: Compacting FUObjectHashTables data took   0.77ms
[2025.10.05-01.35.38:723][125]LogWorld: UWorld::CleanupWorld for World_0, bSessionEnded=true, bCleanupResources=true
[2025.10.05-01.35.38:816][125]LogDemo: Cleaned up 0 splitscreen connections with owner deletion
[2025.10.05-01.35.38:864][125]LogWorld: UWorld::CleanupWorld for None, bSessionEnded=true, bCleanupResources=true
[2025.10.05-01.35.38:864][125]LogExit: Editor shut down
[2025.10.05-01.35.38:866][125]LogExit: Transaction tracking system shut down
[2025.10.05-01.35.39:118][125]LogExit: Object subsystem successfully closed.
[2025.10.05-01.35.39:147][125]LogShaderCompilers: Display: === FShaderJobCache stats ===
[2025.10.05-01.35.39:147][125]LogShaderCompilers: Display: Total job queries 0, among them cache hits 0 (0.00%)
[2025.10.05-01.35.39:147][125]LogShaderCompilers: Display: Tracking 0 distinct input hashes that result in 0 distinct outputs (0.00%)
[2025.10.05-01.35.39:147][125]LogShaderCompilers: Display: RAM used: 0.00 MB (0.00 GB) of 1638.40 MB (1.60 GB) budget. Usage: 0.00%
[2025.10.05-01.35.39:147][125]LogShaderCompilers: Display: ================================================
[2025.10.05-01.35.39:150][125]LogShaderCompilers: Display: Shaders left to compile 0
[2025.10.05-01.35.39:189][125]LogModuleManager: Shutting down and abandoning module ExternalImagePicker (874)
[2025.10.05-01.35.39:189][125]LogModuleManager: Shutting down and abandoning module HierarchicalLODOutliner (872)
[2025.10.05-01.35.39:189][125]LogModuleManager: Shutting down and abandoning module SceneOutliner (870)
[2025.10.05-01.35.39:189][125]LogModuleManager: Shutting down and abandoning module AddContentDialog (868)
[2025.10.05-01.35.39:189][125]LogModuleManager: Shutting down and abandoning module WidgetCarousel (867)
[2025.10.05-01.35.39:189][125]LogModuleManager: Shutting down and abandoning module EditorWidgets (864)
[2025.10.05-01.35.39:189][125]LogModuleManager: Shutting down and abandoning module StatsViewer (862)
[2025.10.05-01.35.39:189][125]LogModuleManager: Shutting down and abandoning module PIEPreviewDeviceProfileSelector (860)
[2025.10.05-01.35.39:189][125]LogModuleManager: Shutting down and abandoning module SequenceRecorderSections (858)
[2025.10.05-01.35.39:189][125]LogModuleManager: Shutting down and abandoning module AutomationWorker (856)
[2025.10.05-01.35.39:189][125]LogModuleManager: Shutting down and abandoning module SteamVREditor (854)
[2025.10.05-01.35.39:189][125]LogModuleManager: Shutting down and abandoning module OculusMR (852)
[2025.10.05-01.35.39:189][125]LogModuleManager: Shutting down and abandoning module TakeRecorderSources (850)
[2025.10.05-01.35.39:189][125]LogModuleManager: Shutting down and abandoning module TakeRecorder (849)
[2025.10.05-01.35.39:189][125]LogModuleManager: Shutting down and abandoning module TakeTrackRecorders (846)
[2025.10.05-01.35.39:189][125]LogModuleManager: Shutting down and abandoning module TakesCore (844)
[2025.10.05-01.35.39:189][125]LogModuleManager: Shutting down and abandoning module OpenXRInput (842)
[2025.10.05-01.35.39:189][125]LogModuleManager: Shutting down and abandoning module GooglePADEditor (840)
[2025.10.05-01.35.39:189][125]LogModuleManager: Shutting down and abandoning module AudioCaptureEditor (838)
[2025.10.05-01.35.39:189][125]LogModuleManager: Shutting down and abandoning module TemplateSequenceEditor (836)
[2025.10.05-01.35.39:189][125]LogModuleManager: Shutting down and abandoning module MagicLeapMediaCodecFactory (834)
[2025.10.05-01.35.39:189][125]LogModuleManager: Shutting down and abandoning module MagicLeapMediaFactory (832)
[2025.10.05-01.35.39:189][125]LogModuleManager: Shutting down and abandoning module MagicLeapMediaEditor (830)
[2025.10.05-01.35.39:190][125]LogModuleManager: Shutting down and abandoning module ActorSequenceEditor (828)
[2025.10.05-01.35.39:190][125]LogModuleManager: Shutting down and abandoning module MatineeToLevelSequence (826)
[2025.10.05-01.35.39:190][125]LogModuleManager: Shutting down and abandoning module LevelSequenceEditor (824)
[2025.10.05-01.35.39:190][125]LogModuleManager: Shutting down and abandoning module WmfMediaFactory (822)
[2025.10.05-01.35.39:190][125]LogModuleManager: Shutting down and abandoning module WmfMediaEditor (820)
[2025.10.05-01.35.39:190][125]LogModuleManager: Shutting down and abandoning module WebMMediaFactory (818)
[2025.10.05-01.35.39:190][125]LogModuleManager: Shutting down and abandoning module WebMMediaEditor (816)
[2025.10.05-01.35.39:190][125]LogModuleManager: Shutting down and abandoning module WebMMedia (814)
[2025.10.05-01.35.39:190][125]LogModuleManager: Shutting down and abandoning module MediaPlayerEditor (812)
[2025.10.05-01.35.39:190][125]LogModuleManager: Shutting down and abandoning module MediaCompositingEditor (810)
[2025.10.05-01.35.39:190][125]LogModuleManager: Shutting down and abandoning module SequenceRecorder (809)
[2025.10.05-01.35.39:190][125]LogModuleManager: Shutting down and abandoning module OpenExrWrapper (806)
[2025.10.05-01.35.39:190][125]LogModuleManager: Shutting down and abandoning module ImgMediaFactory (804)
[2025.10.05-01.35.39:190][125]LogModuleManager: Shutting down and abandoning module ImgMediaEditor (802)
[2025.10.05-01.35.39:190][125]LogModuleManager: Shutting down and abandoning module AvfMediaFactory (800)
[2025.10.05-01.35.39:190][125]LogModuleManager: Shutting down and abandoning module AvfMediaEditor (798)
[2025.10.05-01.35.39:190][125]LogModuleManager: Shutting down and abandoning module AndroidMediaFactory (796)
[2025.10.05-01.35.39:190][125]LogModuleManager: Shutting down and abandoning module AndroidMediaEditor (794)
[2025.10.05-01.35.39:190][125]LogModuleManager: Shutting down and abandoning module PlanarCut (792)
[2025.10.05-01.35.39:190][125]LogModuleManager: Shutting down and abandoning module TextureAlignMode (790)
[2025.10.05-01.35.39:190][125]LogModuleManager: Shutting down and abandoning module BspMode (788)
[2025.10.05-01.35.39:190][125]LogModuleManager: Shutting down and abandoning module GeometryMode (786)
[2025.10.05-01.35.39:190][125]LogModuleManager: Shutting down and abandoning module CharacterAI (784)
[2025.10.05-01.35.39:190][125]LogModuleManager: Shutting down and abandoning module CameraShakePreviewer (782)
[2025.10.05-01.35.39:190][125]LogModuleManager: Shutting down and abandoning module SmartSnapping (780)
[2025.10.05-01.35.39:190][125]LogModuleManager: Shutting down and abandoning module SessionServices (778)
[2025.10.05-01.35.39:190][125]LogModuleManager: Shutting down and abandoning module MeshPaint (776)
[2025.10.05-01.35.39:190][125]LogModuleManager: Shutting down and abandoning module VirtualTexturingEditor (774)
[2025.10.05-01.35.39:190][125]LogModuleManager: Shutting down and abandoning module FoliageEdit (772)
[2025.10.05-01.35.39:190][125]LogModuleManager: Shutting down and abandoning module LandscapeEditor (770)
[2025.10.05-01.35.39:190][125]LogModuleManager: Shutting down and abandoning module MeshPaintMode (768)
[2025.10.05-01.35.39:190][125]LogModuleManager: Shutting down and abandoning module SceneDepthPickerMode (766)
[2025.10.05-01.35.39:190][125]LogModuleManager: Shutting down and abandoning module ActorPickerMode (764)
[2025.10.05-01.35.39:190][125]LogModuleManager: Shutting down and abandoning module PlacementMode (762)
[2025.10.05-01.35.39:190][125]LogModuleManager: Shutting down and abandoning module ViewportSnapping (760)
[2025.10.05-01.35.39:190][125]LogModuleManager: Shutting down and abandoning module ViewportInteraction (758)
[2025.10.05-01.35.39:190][125]LogModuleManager: Shutting down and abandoning module ClothPainter (756)
[2025.10.05-01.35.39:190][125]LogModuleManager: Shutting down and abandoning module SkeletalMeshEditor (755)
[2025.10.05-01.35.39:190][125]LogModuleManager: Shutting down and abandoning module LogVisualizer (752)
[2025.10.05-01.35.39:190][125]LogModuleManager: Shutting down and abandoning module IntroTutorials (750)
[2025.10.05-01.35.39:190][125]LogModuleManager: Shutting down and abandoning module GameProjectGeneration (749)
[2025.10.05-01.35.39:190][125]LogModuleManager: Shutting down and abandoning module LuminPlatformEditor (746)
[2025.10.05-01.35.39:190][125]LogModuleManager: Shutting down and abandoning module IOSPlatformEditor (744)
[2025.10.05-01.35.39:190][125]LogModuleManager: Shutting down and abandoning module AndroidPlatformEditor (742)
[2025.10.05-01.35.39:190][125]LogModuleManager: Shutting down and abandoning module AndroidDeviceDetection (741)
[2025.10.05-01.35.39:289][125]LogModuleManager: Shutting down and abandoning module WindowsPlatformEditor (738)
[2025.10.05-01.35.39:289][125]LogModuleManager: Shutting down and abandoning module LuminRuntimeSettings (736)
[2025.10.05-01.35.39:289][125]LogModuleManager: Shutting down and abandoning module IOSRuntimeSettings (734)
[2025.10.05-01.35.39:289][125]LogModuleManager: Shutting down and abandoning module AndroidRuntimeSettings (732)
[2025.10.05-01.35.39:289][125]LogModuleManager: Shutting down and abandoning module TraceInsights (730)
[2025.10.05-01.35.39:289][125]MemoryProfiler: Shutdown
[2025.10.05-01.35.39:289][125]NetworkingProfiler: Shutdown
[2025.10.05-01.35.39:289][125]LoadingProfiler: Shutdown
[2025.10.05-01.35.39:289][125]TimingProfiler: Shutdown
[2025.10.05-01.35.39:289][125]LogModuleManager: Shutting down and abandoning module TraceServices (729)
[2025.10.05-01.35.39:289][125]LogModuleManager: Shutting down and abandoning module EditorInteractiveToolsFramework (726)
[2025.10.05-01.35.39:289][125]LogModuleManager: Shutting down and abandoning module TimeManagementEditor (724)
[2025.10.05-01.35.39:289][125]LogModuleManager: Shutting down and abandoning module InputBindingEditor (722)
[2025.10.05-01.35.39:289][125]LogModuleManager: Shutting down and abandoning module MergeActors (720)
[2025.10.05-01.35.39:289][125]LogModuleManager: Shutting down and abandoning module LocalizationDashboard (718)
[2025.10.05-01.35.39:289][125]LogModuleManager: Shutting down and abandoning module LocalizationService (717)
[2025.10.05-01.35.39:289][125]LogModuleManager: Shutting down and abandoning module HardwareTargeting (714)
[2025.10.05-01.35.39:289][125]LogModuleManager: Shutting down and abandoning module DeviceProfileEditor (712)
[2025.10.05-01.35.39:289][125]LogModuleManager: Shutting down and abandoning module UndoHistory (710)
[2025.10.05-01.35.39:289][125]LogModuleManager: Shutting down and abandoning module XmlParser (708)
[2025.10.05-01.35.39:289][125]LogModuleManager: Shutting down and abandoning module Blutility (706)
[2025.10.05-01.35.39:289][125]LogModuleManager: Shutting down and abandoning module ProjectSettingsViewer (704)
[2025.10.05-01.35.39:289][125]LogModuleManager: Shutting down and abandoning module ProjectTargetPlatformEditor (703)
[2025.10.05-01.35.39:289][125]LogModuleManager: Shutting down and abandoning module EditorSettingsViewer (700)
[2025.10.05-01.35.39:289][125]LogModuleManager: Shutting down and abandoning module InternationalizationSettings (699)
[2025.10.05-01.35.39:289][125]LogModuleManager: Shutting down and abandoning module SettingsEditor (696)
[2025.10.05-01.35.39:289][125]LogModuleManager: Shutting down and abandoning module ProjectLauncher (694)
[2025.10.05-01.35.39:289][125]LogModuleManager: Shutting down and abandoning module SessionFrontend (692)
[2025.10.05-01.35.39:289][125]LogModuleManager: Shutting down and abandoning module ProfilerClient (690)
[2025.10.05-01.35.39:289][125]LogModuleManager: Shutting down and abandoning module DeviceManager (688)
[2025.10.05-01.35.39:289][125]LogModuleManager: Shutting down and abandoning module TargetDeviceServices (687)
[2025.10.05-01.35.39:322][125]LogModuleManager: Shutting down and abandoning module AutomationController (684)
[2025.10.05-01.35.39:322][125]LogModuleManager: Shutting down and abandoning module AutomationWindow (682)
[2025.10.05-01.35.39:322][125]LogModuleManager: Shutting down and abandoning module Layers (680)
[2025.10.05-01.35.39:322][125]LogModuleManager: Shutting down and abandoning module ComponentVisualizers (678)
[2025.10.05-01.35.39:322][125]LogModuleManager: Shutting down and abandoning module DetailCustomizations (676)
[2025.10.05-01.35.39:322][125]LogModuleManager: Shutting down and abandoning module PackagesDialog (674)
[2025.10.05-01.35.39:322][125]LogModuleManager: Shutting down and abandoning module AnimationBlueprintEditor (672)
[2025.10.05-01.35.39:322][125]LogModuleManager: Shutting down and abandoning module Persona (670)
[2025.10.05-01.35.39:322][125]LogModuleManager: Shutting down and abandoning module AdvancedPreviewScene (669)
[2025.10.05-01.35.39:322][125]LogModuleManager: Shutting down and abandoning module Kismet (666)
[2025.10.05-01.35.39:322][125]LogModuleManager: Shutting down and abandoning module KismetWidgets (665)
[2025.10.05-01.35.39:322][125]LogModuleManager: Shutting down and abandoning module GraphEditor (662)
[2025.10.05-01.35.39:322][125]LogModuleManager: Shutting down and abandoning module StructViewer (660)
[2025.10.05-01.35.39:322][125]LogModuleManager: Shutting down and abandoning module ClassViewer (658)
[2025.10.05-01.35.39:322][125]LogModuleManager: Shutting down and abandoning module Toolbox (656)
[2025.10.05-01.35.39:322][125]LogModuleManager: Shutting down and abandoning module ModuleUI (654)
[2025.10.05-01.35.39:322][125]LogModuleManager: Shutting down and abandoning module OutputLog (652)
[2025.10.05-01.35.39:322][125]LogModuleManager: Shutting down and abandoning module GammaUI (650)
[2025.10.05-01.35.39:322][125]LogModuleManager: Shutting down and abandoning module Documentation (648)
[2025.10.05-01.35.39:323][125]LogModuleManager: Shutting down and abandoning module LiveCoding (646)
[2025.10.05-01.35.39:323][125]LogModuleManager: Shutting down and abandoning module LevelSequence (644)
[2025.10.05-01.35.39:323][125]LogModuleManager: Shutting down and abandoning module MovieSceneTracks (642)
[2025.10.05-01.35.39:323][125]LogModuleManager: Shutting down and abandoning module MovieScene (640)
[2025.10.05-01.35.39:323][125]LogModuleManager: Shutting down and abandoning module StreamingPauseRendering (638)
[2025.10.05-01.35.39:323][125]LogModuleManager: Shutting down and abandoning module LauncherPlatform (636)
[2025.10.05-01.35.39:323][125]LogModuleManager: Shutting down and abandoning module AnalyticsET (634)
[2025.10.05-01.35.39:323][125]LogModuleManager: Shutting down and abandoning module PortalServices (632)
[2025.10.05-01.35.39:323][125]LogModuleManager: Shutting down and abandoning module PortalRpc (630)
[2025.10.05-01.35.39:323][125]LogModuleManager: Shutting down and abandoning module MessagingRpc (628)
[2025.10.05-01.35.39:323][125]LogModuleManager: Shutting down and abandoning module AudioMixerXAudio2 (626)
[2025.10.05-01.35.39:323][125]LogModuleManager: Shutting down and abandoning module AudioMixerCore (625)
[2025.10.05-01.35.39:323][125]LogModuleManager: Shutting down and abandoning module AIModule (622)
[2025.10.05-01.35.39:323][125]LogModuleManager: Shutting down and abandoning module GameplayDebugger (621)
[2025.10.05-01.35.39:323][125]LogModuleManager: Shutting down and abandoning module AITestSuite (619)
[2025.10.05-01.35.39:323][125]LogModuleManager: Shutting down and abandoning module NavigationSystem (617)
[2025.10.05-01.35.39:323][125]LogModuleManager: Shutting down and abandoning module ImageWriteQueue (614)
[2025.10.05-01.35.39:328][125]LogModuleManager: Shutting down and abandoning module ProfilerService (612)
[2025.10.05-01.35.39:467][125]LogModuleManager: Shutting down and abandoning module TaskGraph (610)
[2025.10.05-01.35.39:467][125]LogModuleManager: Shutting down and abandoning module AudioSynesthesiaEditor (608)
[2025.10.05-01.35.39:467][125]LogModuleManager: Shutting down and abandoning module OculusEditor (606)
[2025.10.05-01.35.39:467][125]LogModuleManager: Shutting down and abandoning module OculusInput (604)
[2025.10.05-01.35.39:467][125]LogModuleManager: Shutting down and abandoning module ContentBrowserFileDataSource (602)
[2025.10.05-01.35.39:467][125]LogModuleManager: Shutting down and abandoning module ContentBrowserClassDataSource (600)
[2025.10.05-01.35.39:467][125]LogModuleManager: Shutting down and abandoning module ContentBrowserAssetDataSource (598)
[2025.10.05-01.35.39:467][125]LogModuleManager: Shutting down and abandoning module CollectionManager (597)
[2025.10.05-01.35.39:468][125]LogModuleManager: Shutting down and abandoning module TakeSequencer (594)
[2025.10.05-01.35.39:468][125]LogModuleManager: Shutting down and abandoning module TakeMovieScene (592)
[2025.10.05-01.35.39:468][125]LogModuleManager: Shutting down and abandoning module ScreenshotTools (590)
[2025.10.05-01.35.39:468][125]LogModuleManager: Shutting down and abandoning module SynthesisEditor (588)
[2025.10.05-01.35.39:468][125]LogModuleManager: Shutting down and abandoning module Synthesis (586)
[2025.10.05-01.35.39:468][125]LogModuleManager: Shutting down and abandoning module ProceduralMeshComponentEditor (584)
[2025.10.05-01.35.39:468][125]LogModuleManager: Shutting down and abandoning module ProceduralMeshComponent (582)
[2025.10.05-01.35.39:468][125]LogModuleManager: Shutting down and abandoning module OpenXREditor (580)
[2025.10.05-01.35.39:468][125]LogModuleManager: Shutting down and abandoning module MobilePatchingUtils (578)
[2025.10.05-01.35.39:468][125]LogModuleManager: Shutting down and abandoning module GooglePAD (576)
[2025.10.05-01.35.39:468][125]LogModuleManager: Shutting down and abandoning module EditableMesh (574)
[2025.10.05-01.35.39:468][125]LogModuleManager: Shutting down and abandoning module CustomMeshComponent (572)
[2025.10.05-01.35.39:468][125]LogModuleManager: Shutting down and abandoning module CableComponent (570)
[2025.10.05-01.35.39:468][125]LogModuleManager: Shutting down and abandoning module AudioCapture (568)
[2025.10.05-01.35.39:468][125]LogModuleManager: Shutting down and abandoning module AudioCaptureRtAudio (567)
[2025.10.05-01.35.39:468][125]LogModuleManager: Shutting down and abandoning module AssetTags (564)
[2025.10.05-01.35.39:468][125]LogModuleManager: Shutting down and abandoning module ArchVisCharacter (562)
[2025.10.05-01.35.39:468][125]LogModuleManager: Shutting down and abandoning module AppleImageUtilsBlueprintSupport (560)
[2025.10.05-01.35.39:468][125]LogModuleManager: Shutting down and abandoning module AppleImageUtils (558)
[2025.10.05-01.35.39:468][125]LogModuleManager: Shutting down and abandoning module AndroidPermission (556)
[2025.10.05-01.35.39:468][125]LogModuleManager: Shutting down and abandoning module ActorLayerUtilitiesEditor (554)
[2025.10.05-01.35.39:468][125]LogModuleManager: Shutting down and abandoning module ActorLayerUtilities (552)
[2025.10.05-01.35.39:468][125]LogModuleManager: Shutting down and abandoning module TemplateSequence (550)
[2025.10.05-01.35.39:468][125]LogModuleManager: Shutting down and abandoning module MagicLeapSharedWorld (548)
[2025.10.05-01.35.39:468][125]LogModuleManager: Shutting down and abandoning module MagicLeapLightEstimation (546)
[2025.10.05-01.35.39:468][125]LogModuleManager: Shutting down and abandoning module MagicLeapHelperVulkan (544)
[2025.10.05-01.35.39:468][125]LogModuleManager: Shutting down and abandoning module MagicLeapHelperOpenGL (542)
[2025.10.05-01.35.39:468][125]LogModuleManager: Shutting down and abandoning module MagicLeapAudio (540)
[2025.10.05-01.35.39:468][125]LogModuleManager: Shutting down and abandoning module MediaCompositing (538)
[2025.10.05-01.35.39:468][125]LogModuleManager: Shutting down and abandoning module ImgMedia (536)
[2025.10.05-01.35.39:468][125]LogModuleManager: Shutting down and abandoning module SpeedTreeImporter (534)
[2025.10.05-01.35.39:468][125]LogModuleManager: Shutting down and abandoning module OpenImageDenoise (532)
[2025.10.05-01.35.39:468][125]LogOpenImageDenoise: OIDN shutting down
[2025.10.05-01.35.39:468][125]LogModuleManager: Shutting down and abandoning module MotoSynthEditor (530)
[2025.10.05-01.35.39:468][125]LogModuleManager: Shutting down and abandoning module MotoSynth (528)
[2025.10.05-01.35.39:468][125]LogModuleManager: Shutting down and abandoning module MeshConversion (526)
[2025.10.05-01.35.39:468][125]LogModuleManager: Shutting down and abandoning module DynamicMesh (524)
[2025.10.05-01.35.39:468][125]LogModuleManager: Shutting down and abandoning module GeometryAlgorithms (522)
[2025.10.05-01.35.39:468][125]LogModuleManager: Shutting down and abandoning module GeometricObjects (520)
[2025.10.05-01.35.39:468][125]LogModuleManager: Shutting down and abandoning module PluginBrowser (518)
[2025.10.05-01.35.39:470][125]LogModuleManager: Shutting down and abandoning module MobileLauncherProfileWizard (516)
[2025.10.05-01.35.39:470][125]LogModuleManager: Shutting down and abandoning module MaterialAnalyzer (514)
[2025.10.05-01.35.39:470][125]LogModuleManager: Shutting down and abandoning module CurveEditorTools (512)
[2025.10.05-01.35.39:470][125]LogModuleManager: Shutting down and abandoning module CryptoKeysOpenSSL (510)
[2025.10.05-01.35.39:470][125]LogModuleManager: Shutting down and abandoning module CryptoKeys (508)
[2025.10.05-01.35.39:470][125]LogModuleManager: Shutting down and abandoning module GeometryCollectionTracks (506)
[2025.10.05-01.35.39:470][125]LogModuleManager: Shutting down and abandoning module GeometryCollectionSequencer (505)
[2025.10.05-01.35.39:470][125]LogModuleManager: Shutting down and abandoning module GeometryCollectionEditor (502)
[2025.10.05-01.35.39:470][125]LogModuleManager: Shutting down and abandoning module GeometryCacheTracks (500)
[2025.10.05-01.35.39:470][125]LogModuleManager: Shutting down and abandoning module GeometryCacheStreamer (498)
[2025.10.05-01.35.39:470][125]LogModuleManager: Shutting down and abandoning module GeometryCacheSequencer (496)
[2025.10.05-01.35.39:470][125]LogModuleManager: Shutting down and abandoning module ChaosSolverEditor (494)
[2025.10.05-01.35.39:470][125]LogModuleManager: Shutting down and abandoning module ChaosNiagara (492)
[2025.10.05-01.35.39:470][125]LogModuleManager: Shutting down and abandoning module FractureEditor (490)
[2025.10.05-01.35.39:470][125]LogModuleManager: Shutting down and abandoning module FieldSystemEngine (489)
[2025.10.05-01.35.39:470][125]LogModuleManager: Shutting down and abandoning module ChaosClothEditor (486)
[2025.10.05-01.35.39:470][125]LogModuleManager: Shutting down and abandoning module AutomationUtilsEditor (484)
[2025.10.05-01.35.39:470][125]LogModuleManager: Shutting down and abandoning module AutomationUtils (482)
[2025.10.05-01.35.39:470][125]LogModuleManager: Shutting down and abandoning module BackChannel (480)
[2025.10.05-01.35.39:470][125]LogModuleManager: Shutting down and abandoning module AlembicImporter (478)
[2025.10.05-01.35.39:471][125]LogModuleManager: Shutting down and abandoning module AlembicLibrary (477)
[2025.10.05-01.35.39:471][125]LogModuleManager: Shutting down and abandoning module GeometryCache (476)
[2025.10.05-01.35.39:471][125]LogModuleManager: Shutting down and abandoning module GeometryCacheEd (475)
[2025.10.05-01.35.39:471][125]LogModuleManager: Shutting down and abandoning module NiagaraEditorWidgets (470)
[2025.10.05-01.35.39:471][125]LogModuleManager: Shutting down and abandoning module VariantManagerContentEditor (468)
[2025.10.05-01.35.39:471][125]LogModuleManager: Shutting down and abandoning module DatasmithContentEditor (466)
[2025.10.05-01.35.39:471][125]LogModuleManager: Shutting down and abandoning module VisualStudioSourceCodeAccess (464)
[2025.10.05-01.35.39:471][125]LogModuleManager: Shutting down and abandoning module VisualStudioCodeSourceCodeAccess (462)
[2025.10.05-01.35.39:471][125]LogModuleManager: Shutting down and abandoning module UObjectPlugin (460)
[2025.10.05-01.35.39:471][125]LogModuleManager: Shutting down and abandoning module SubversionSourceControl (458)
[2025.10.05-01.35.39:471][125]LogModuleManager: Shutting down and abandoning module RiderSourceCodeAccess (456)
[2025.10.05-01.35.39:471][125]LogModuleManager: Shutting down and abandoning module PlasticSourceControl (454)
[2025.10.05-01.35.39:471][125]LogModuleManager: Shutting down and abandoning module PluginUtils (452)
[2025.10.05-01.35.39:471][125]LogModuleManager: Shutting down and abandoning module PerforceSourceControl (450)
[2025.10.05-01.35.39:471][125]LogModuleManager: Shutting down and abandoning module GitSourceControl (448)
[2025.10.05-01.35.39:471][125]LogModuleManager: Shutting down and abandoning module SourceControl (447)
[2025.10.05-01.35.39:471][125]LogModuleManager: Shutting down and abandoning module CLionSourceCodeAccess (444)
[2025.10.05-01.35.39:471][125]LogModuleManager: Shutting down and abandoning module AnimationSharingEd (442)
[2025.10.05-01.35.39:471][125]LogModuleManager: Shutting down and abandoning module OodleNetworkHandlerComponent (440)
[2025.10.05-01.35.39:471][125]LogModuleManager: Shutting down and abandoning module LightPropagationVolumeEditor (438)
[2025.10.05-01.35.39:471][125]LogModuleManager: Shutting down and abandoning module LiveLinkSequencer (436)
[2025.10.05-01.35.39:471][125]LogModuleManager: Shutting down and abandoning module LiveLinkMovieScene (434)
[2025.10.05-01.35.39:471][125]LogModuleManager: Shutting down and abandoning module LiveLinkGraphNode (432)
[2025.10.05-01.35.39:471][125]LogModuleManager: Shutting down and abandoning module LiveLinkEditor (430)
[2025.10.05-01.35.39:471][125]LogModuleManager: Shutting down and abandoning module LiveLinkComponents (428)
[2025.10.05-01.35.39:471][125]LogModuleManager: Shutting down and abandoning module LiveLink (426)
[2025.10.05-01.35.39:757][125]LogModuleManager: Shutting down and abandoning module PaperTiledImporter (424)
[2025.10.05-01.35.39:757][125]LogModuleManager: Shutting down and abandoning module PaperSpriteSheetImporter (422)
[2025.10.05-01.35.39:757][125]LogModuleManager: Shutting down and abandoning module Paper2DEditor (420)
[2025.10.05-01.35.39:757][125]LogModuleManager: Shutting down and abandoning module MeshPaintingToolset (418)
[2025.10.05-01.35.39:757][125]LogModuleManager: Shutting down and abandoning module MeshPaintEditorMode (416)
[2025.10.05-01.35.39:757][125]LogModuleManager: Shutting down and abandoning module CPlusTutorial (414)
[2025.10.05-01.35.39:757][125]LogModuleManager: Shutting down and abandoning module AnimGraph (413)
[2025.10.05-01.35.39:757][125]LogModuleManager: Shutting down and abandoning module SoundFields (410)
[2025.10.05-01.35.39:757][125]LogModuleManager: Shutting down and abandoning module SignificanceManager (408)
[2025.10.05-01.35.39:757][125]LogModuleManager: Shutting down and abandoning module RuntimePhysXCooking (406)
[2025.10.05-01.35.39:757][125]LogModuleManager: Shutting down and abandoning module PropertyAccessEditor (404)
[2025.10.05-01.35.39:757][125]LogModuleManager: Shutting down and abandoning module PhysXVehiclesEditor (402)
[2025.10.05-01.35.39:757][125]LogModuleManager: Shutting down and abandoning module LocationServicesBPLibrary (398)
[2025.10.05-01.35.39:757][125]LogModuleManager: Shutting down and abandoning module AudioSynesthesia (396)
[2025.10.05-01.35.39:757][125]LogModuleManager: Shutting down and abandoning module AudioSynesthesiaCore (394)
[2025.10.05-01.35.39:757][125]LogModuleManager: Shutting down and abandoning module MagicLeapARPin (392)
[2025.10.05-01.35.39:757][125]LogModuleManager: Shutting down and abandoning module ActorSequence (390)
[2025.10.05-01.35.39:757][125]LogModuleManager: Shutting down and abandoning module MagicLeapHandMeshing (388)
[2025.10.05-01.35.39:757][125]LogModuleManager: Shutting down and abandoning module MagicLeapSecureStorage (386)
[2025.10.05-01.35.39:757][125]LogModuleManager: Shutting down and abandoning module MagicLeapPrivileges (384)
[2025.10.05-01.35.39:757][125]LogModuleManager: Shutting down and abandoning module MagicLeapPlanes (382)
[2025.10.05-01.35.39:757][125]LogMagicLeapPlanes: Planes tracker already destroyed.
[2025.10.05-01.35.39:757][125]LogModuleManager: Shutting down and abandoning module MagicLeapImageTracker (380)
[2025.10.05-01.35.39:758][125]LogModuleManager: Shutting down and abandoning module MagicLeapIdentity (378)
[2025.10.05-01.35.39:758][125]LogModuleManager: Shutting down and abandoning module MagicLeapHandTracking (376)
[2025.10.05-01.35.39:758][125]LogModuleManager: Shutting down and abandoning module MagicLeapEyeTracker (374)
[2025.10.05-01.35.39:758][125]LogModuleManager: Shutting down and abandoning module MagicLeapController (372)
[2025.10.05-01.35.39:758][125]LogModuleManager: Shutting down and abandoning module MagicLeapARPinImpl (370)
[2025.10.05-01.35.39:758][125]LogModuleManager: Shutting down and abandoning module MagicLeapAR (368)
[2025.10.05-01.35.39:758][125]LogModuleManager: Shutting down and abandoning module UdpMessaging (366)
[2025.10.05-01.35.39:858][125]LogModuleManager: Shutting down and abandoning module TcpMessaging (364)
[2025.10.05-01.35.39:959][125]LogModuleManager: Shutting down and abandoning module ImgMediaEngine (362)
[2025.10.05-01.35.39:959][125]LogModuleManager: Shutting down and abandoning module PythonScriptPlugin (360)
[2025.10.05-01.35.39:959][125]LogModuleManager: Shutting down and abandoning module GameplayTagsEditor (358)
[2025.10.05-01.35.39:959][125]LogModuleManager: Shutting down and abandoning module FacialAnimationEditor (356)
[2025.10.05-01.35.39:959][125]LogModuleManager: Shutting down and abandoning module FacialAnimation (354)
[2025.10.05-01.35.39:959][125]LogModuleManager: Shutting down and abandoning module DataValidation (352)
[2025.10.05-01.35.39:959][125]LogModuleManager: Shutting down and abandoning module AssetManagerEditor (350)
[2025.10.05-01.35.39:959][125]LogModuleManager: Shutting down and abandoning module LevelEditor (349)
[2025.10.05-01.35.39:961][125]LogModuleManager: Shutting down and abandoning module PixelInspectorModule (348)
[2025.10.05-01.35.39:961][125]LogModuleManager: Shutting down and abandoning module CommonMenuExtensions (346)
[2025.10.05-01.35.39:961][125]LogModuleManager: Shutting down and abandoning module MainFrame (344)
[2025.10.05-01.35.39:961][125]LogModuleManager: Shutting down and abandoning module HotReload (343)
[2025.10.05-01.35.39:962][125]LogModuleManager: Shutting down and abandoning module ToolMenus (339)
[2025.10.05-01.35.39:962][125]LogModuleManager: Shutting down and abandoning module TreeMap (337)
[2025.10.05-01.35.39:962][125]LogModuleManager: Shutting down and abandoning module NiagaraAnimNotifies (334)
[2025.10.05-01.35.39:962][125]LogModuleManager: Shutting down and abandoning module Niagara (332)
[2025.10.05-01.35.39:962][125]LogModuleManager: Shutting down and abandoning module SignalProcessing (331)
[2025.10.05-01.35.39:962][125]LogModuleManager: Shutting down and abandoning module NiagaraEditor (329)
[2025.10.05-01.35.39:962][125]LogModuleManager: Shutting down and abandoning module ContentBrowser (328)
[2025.10.05-01.35.39:962][125]LogModuleManager: Shutting down and abandoning module ContentBrowserData (327)
[2025.10.05-01.35.39:962][125]LogModuleManager: Shutting down and abandoning module NiagaraCore (322)
[2025.10.05-01.35.39:962][125]LogModuleManager: Shutting down and abandoning module PropertyAccessNode (320)
[2025.10.05-01.35.39:962][125]LogModuleManager: Shutting down and abandoning module AnimationSharing (318)
[2025.10.05-01.35.39:962][125]LogModuleManager: Shutting down and abandoning module LightPropagationVolumeRuntime (316)
[2025.10.05-01.35.39:962][125]LogModuleManager: Shutting down and abandoning module GameplayCameras (314)
[2025.10.05-01.35.39:962][125]LogModuleManager: Shutting down and abandoning module EnvironmentQueryEditor (312)
[2025.10.05-01.35.39:962][125]LogModuleManager: Shutting down and abandoning module Paper2D (310)
[2025.10.05-01.35.39:962][125]LogModuleManager: Shutting down and abandoning module WindowsMoviePlayer (308)
[2025.10.05-01.35.39:963][125]LogModuleManager: Shutting down and abandoning module WebMMoviePlayer (306)
[2025.10.05-01.35.39:963][125]LogModuleManager: Shutting down and abandoning module NetworkReplayStreaming (304)
[2025.10.05-01.35.39:963][125]LogModuleManager: Shutting down and abandoning module PacketHandler (302)
[2025.10.05-01.35.39:963][125]LogModuleManager: Shutting down and abandoning module ClothingSystemEditor (300)
[2025.10.05-01.35.39:963][125]LogModuleManager: Shutting down and abandoning module ClothingSystemRuntimeNv (298)
[2025.10.05-01.35.39:963][125]LogModuleManager: Shutting down and abandoning module MediaAssets (296)
[2025.10.05-01.35.39:963][125]LogModuleManager: Shutting down and abandoning module Overlay (294)
[2025.10.05-01.35.39:963][125]LogModuleManager: Shutting down and abandoning module OverlayEditor (293)
[2025.10.05-01.35.39:963][125]LogModuleManager: Shutting down and abandoning module VREditor (290)
[2025.10.05-01.35.39:963][125]LogModuleManager: Shutting down and abandoning module StringTableEditor (288)
[2025.10.05-01.35.39:963][125]LogModuleManager: Shutting down and abandoning module GameplayTasksEditor (286)
[2025.10.05-01.35.39:963][125]LogModuleManager: Shutting down and abandoning module BehaviorTreeEditor (284)
[2025.10.05-01.35.39:963][125]LogModuleManager: Shutting down and abandoning module FunctionalTesting (282)
[2025.10.05-01.35.39:963][125]LogModuleManager: Shutting down and abandoning module CollisionAnalyzer (280)
[2025.10.05-01.35.39:963][125]LogModuleManager: Shutting down and abandoning module WorkspaceMenuStructure (279)
[2025.10.05-01.35.39:963][125]LogModuleManager: Shutting down and abandoning module UMG (276)
[2025.10.05-01.35.39:963][125]LogModuleManager: Shutting down and abandoning module UMGEditor (275)
[2025.10.05-01.35.39:964][125]LogModuleManager: Shutting down and abandoning module MessageLog (273)
[2025.10.05-01.35.39:964][125]LogModuleManager: Shutting down and abandoning module SlateReflector (268)
[2025.10.05-01.35.39:964][125]LogModuleManager: Shutting down and abandoning module Slate (266)
[2025.10.05-01.35.39:964][125]LogModuleManager: Shutting down and abandoning module SlateCore (264)
[2025.10.05-01.35.39:965][125]LogModuleManager: Shutting down and abandoning module LandscapeEditorUtilities (262)
[2025.10.05-01.35.39:965][125]LogModuleManager: Shutting down and abandoning module UnrealEd (260)
[2025.10.05-01.35.39:965][125]LogModuleManager: Shutting down and abandoning module MRMesh (258)
[2025.10.05-01.35.39:965][125]LogModuleManager: Shutting down and abandoning module SourceCodeAccess (256)
[2025.10.05-01.35.39:965][125]LogModuleManager: Shutting down and abandoning module HeadMountedDisplay (254)
[2025.10.05-01.35.39:965][125]LogModuleManager: Shutting down and abandoning module XAudio2 (252)
[2025.10.05-01.35.39:965][125]LogModuleManager: Shutting down and abandoning module Networking (250)
[2025.10.05-01.35.39:965][125]LogModuleManager: Shutting down and abandoning module Core (248)
[2025.10.05-01.35.39:965][125]LogModuleManager: Shutting down and abandoning module MaterialEditor (246)
[2025.10.05-01.35.39:965][125]LogModuleManager: Shutting down and abandoning module MovieSceneTools (244)
[2025.10.05-01.35.39:965][125]LogModuleManager: Shutting down and abandoning module CurveEditor (243)
[2025.10.05-01.35.39:965][125]LogModuleManager: Shutting down and abandoning module Sequencer (241)
[2025.10.05-01.35.39:965][125]LogModuleManager: Shutting down and abandoning module EditorStyle (240)
[2025.10.05-01.35.39:966][125]LogModuleManager: Shutting down and abandoning module KismetCompiler (236)
[2025.10.05-01.35.39:966][125]LogModuleManager: Shutting down and abandoning module MeshBuilder (234)
[2025.10.05-01.35.39:966][125]LogModuleManager: Shutting down and abandoning module MeshUtilities (232)
[2025.10.05-01.35.39:966][125]LogModuleManager: Shutting down and abandoning module MeshMergeUtilities (231)
[2025.10.05-01.35.39:966][125]LogModuleManager: Shutting down and abandoning module MeshReductionInterface (230)
[2025.10.05-01.35.39:966][125]LogModuleManager: Shutting down and abandoning module MeshBoneReduction (229)
[2025.10.05-01.35.39:966][125]LogModuleManager: Shutting down and abandoning module SkeletalMeshReduction (227)
[2025.10.05-01.35.39:966][125]LogModuleManager: Shutting down and abandoning module ProxyLODMeshReduction (225)
[2025.10.05-01.35.39:966][125]LogModuleManager: Shutting down and abandoning module QuadricMeshReduction (223)
[2025.10.05-01.35.39:966][125]LogModuleManager: Shutting down and abandoning module MaterialBaking (219)
[2025.10.05-01.35.39:966][125]LogModuleManager: Shutting down and abandoning module NullInstallBundleManager (214)
[2025.10.05-01.35.39:966][125]LogModuleManager: Shutting down and abandoning module DerivedDataCache (212)
[2025.10.05-01.35.39:966][125]LogModuleManager: Shutting down and abandoning module TargetPlatform (210)
[2025.10.05-01.35.39:966][125]LogModuleManager: Shutting down and abandoning module VulkanShaderFormat (209)
[2025.10.05-01.35.39:966][125]LogModuleManager: Shutting down and abandoning module ShaderFormatVectorVM (207)
[2025.10.05-01.35.39:966][125]LogModuleManager: Shutting down and abandoning module ShaderFormatOpenGL (205)
[2025.10.05-01.35.39:966][125]LogModuleManager: Shutting down and abandoning module ShaderFormatD3D (203)
[2025.10.05-01.35.39:966][125]LogModuleManager: Shutting down and abandoning module MetalShaderFormat (201)
[2025.10.05-01.35.39:966][125]LogModuleManager: Shutting down and abandoning module TextureFormatOodle (199)
[2025.10.05-01.35.39:966][125]LogModuleManager: Shutting down and abandoning module TextureFormatUncompressed (197)
[2025.10.05-01.35.39:966][125]LogModuleManager: Shutting down and abandoning module TextureFormatPVR (195)
[2025.10.05-01.35.39:966][125]LogModuleManager: Shutting down and abandoning module TextureFormatETC2 (193)
[2025.10.05-01.35.39:966][125]LogModuleManager: Shutting down and abandoning module TextureFormatDXT (191)
[2025.10.05-01.35.39:966][125]LogModuleManager: Shutting down and abandoning module TextureFormatIntelISPCTexComp (189)
[2025.10.05-01.35.39:966][125]LogModuleManager: Shutting down and abandoning module TextureFormatASTC (187)
[2025.10.05-01.35.39:967][125]LogModuleManager: Shutting down and abandoning module ImageWrapper (186)
[2025.10.05-01.35.39:967][125]LogModuleManager: Shutting down and abandoning module AudioFormatOpus (183)
[2025.10.05-01.35.39:967][125]LogModuleManager: Shutting down and abandoning module AudioFormatOgg (181)
[2025.10.05-01.35.39:967][125]LogModuleManager: Shutting down and abandoning module AudioFormatADPCM (179)
[2025.10.05-01.35.39:967][125]LogModuleManager: Shutting down and abandoning module WindowsServerTargetPlatform (177)
[2025.10.05-01.35.39:967][125]LogModuleManager: Shutting down and abandoning module WindowsClientTargetPlatform (175)
[2025.10.05-01.35.39:967][125]LogModuleManager: Shutting down and abandoning module WindowsTargetPlatform (173)
[2025.10.05-01.35.39:967][125]LogModuleManager: Shutting down and abandoning module WindowsNoEditorTargetPlatform (171)
[2025.10.05-01.35.39:967][125]LogModuleManager: Shutting down and abandoning module TVOSTargetPlatform (169)
[2025.10.05-01.35.39:968][125]LogModuleManager: Shutting down and abandoning module MacServerTargetPlatform (167)
[2025.10.05-01.35.39:968][125]LogModuleManager: Shutting down and abandoning module MacClientTargetPlatform (165)
[2025.10.05-01.35.39:968][125]LogModuleManager: Shutting down and abandoning module MacTargetPlatform (163)
[2025.10.05-01.35.39:968][125]LogModuleManager: Shutting down and abandoning module MacNoEditorTargetPlatform (161)
[2025.10.05-01.35.39:968][125]LogModuleManager: Shutting down and abandoning module LuminTargetPlatform (159)
[2025.10.05-01.35.39:968][125]LogModuleManager: Shutting down and abandoning module LinuxAArch64ServerTargetPlatform (157)
[2025.10.05-01.35.39:968][125]LogModuleManager: Shutting down and abandoning module LinuxAArch64ClientTargetPlatform (155)
[2025.10.05-01.35.39:968][125]LogModuleManager: Shutting down and abandoning module LinuxAArch64NoEditorTargetPlatform (153)
[2025.10.05-01.35.39:968][125]LogModuleManager: Shutting down and abandoning module LinuxServerTargetPlatform (151)
[2025.10.05-01.35.39:968][125]LogModuleManager: Shutting down and abandoning module LinuxClientTargetPlatform (149)
[2025.10.05-01.35.39:968][125]LogModuleManager: Shutting down and abandoning module LinuxNoEditorTargetPlatform (147)
[2025.10.05-01.35.39:968][125]LogModuleManager: Shutting down and abandoning module LinuxTargetPlatform (145)
[2025.10.05-01.35.39:968][125]LogModuleManager: Shutting down and abandoning module Messaging (143)
[2025.10.05-01.35.39:968][125]LogModuleManager: Shutting down and abandoning module IOSTargetPlatform (141)
[2025.10.05-01.35.39:968][125]LogModuleManager: Shutting down and abandoning module AndroidTargetPlatform (139)
[2025.10.05-01.35.39:972][125]LogModuleManager: Shutting down and abandoning module AllDesktopTargetPlatform (137)
[2025.10.05-01.35.39:972][125]LogModuleManager: Shutting down and abandoning module D3D11RHI (134)
[2025.10.05-01.35.39:972][125]LogModuleManager: Shutting down and abandoning module InputCore (132)
[2025.10.05-01.35.39:972][125]LogModuleManager: Shutting down and abandoning module Settings (130)
[2025.10.05-01.35.39:972][125]LogModuleManager: Shutting down and abandoning module DirectoryWatcher (128)
[2025.10.05-01.35.39:972][125]LogModuleManager: Shutting down and abandoning module PhysXCooking (126)
[2025.10.05-01.35.39:972][125]LogModuleManager: Shutting down and abandoning module Chaos (124)
[2025.10.05-01.35.39:972][125]LogModuleManager: Shutting down and abandoning module WindowsPlatformFeatures (122)
[2025.10.05-01.35.39:972][125]LogModuleManager: Shutting down and abandoning module GameplayMediaEncoder (121)
[2025.10.05-01.35.39:972][125]LogModuleManager: Shutting down and abandoning module AVEncoder (120)
[2025.10.05-01.35.39:972][125]LogModuleManager: Shutting down and abandoning module SteamVRInputDevice (116)
[2025.10.05-01.35.39:972][125]LogModuleManager: Shutting down and abandoning module SteamVRInput (114)
[2025.10.05-01.35.39:972][125]LogModuleManager: Shutting down and abandoning module SteamVR (112)
[2025.10.05-01.35.39:972][125]LogHMD: Freeing OpenVRDLLHandle.
[2025.10.05-01.35.39:972][125]LogModuleManager: Shutting down and abandoning module OculusHMD (110)
[2025.10.05-01.35.39:972][125]LogModuleManager: Shutting down and abandoning module OpenXRHandTracking (108)
[2025.10.05-01.35.39:972][125]LogSlate: Slate User Destroyed.  User Index 0, Is Virtual User: 0
[2025.10.05-01.35.39:972][125]LogModuleManager: Shutting down and abandoning module OpenXREyeTracker (106)
[2025.10.05-01.35.39:972][125]LogModuleManager: Shutting down and abandoning module OpenXRAR (104)
[2025.10.05-01.35.39:972][125]LogModuleManager: Shutting down and abandoning module AugmentedReality (103)
[2025.10.05-01.35.39:972][125]LogModuleManager: Shutting down and abandoning module OpenXRHMD (100)
[2025.10.05-01.35.39:972][125]LogModuleManager: Shutting down and abandoning module ExampleDeviceProfileSelector (98)
[2025.10.05-01.35.39:972][125]LogModuleManager: Shutting down and abandoning module ChunkDownloader (96)
[2025.10.05-01.35.39:972][125]LogModuleManager: Shutting down and abandoning module LauncherChunkInstaller (94)
[2025.10.05-01.35.39:972][125]LogModuleManager: Shutting down and abandoning module OnlineBlueprintSupport (92)
[2025.10.05-01.35.39:972][125]LogModuleManager: Shutting down and abandoning module OnlineSubsystem (88)
[2025.10.05-01.35.39:974][125]LogModuleManager: Shutting down and abandoning module XMPP (83)
[2025.10.05-01.35.39:974][125]LogModuleManager: Shutting down and abandoning module WebSockets (82)
[2025.10.05-01.35.40:000][125]LogModuleManager: Shutting down and abandoning module HTTP (79)
[2025.10.05-01.35.40:000][125]LogHttp: Display: Http module shutting down, but needs to wait on 1 outstanding Http requests:
[2025.10.05-01.35.40:000][125]LogHttp: Display: 	verb=[POST] url=[https://datarouter.ol.epicgames.com/datarouter/api/v1/public/data?SessionID=%7B07CFF2A3-42C0-2938-B750-19AA221F8B3F%7D&AppID=UEEditor.Rocket.Release&AppVersion=4.27.2-18319896%2B%2B%2BUE4%2BRelease-4.27&UserID=b8cc06d04e871ffdffca32b47f909cff%7C81d32e9996224e89b0dfec987a357124%7C72bd2619-d333-4b0c-85ec-0f2529c0ddb7&AppEnvironment=datacollector-binary&UploadType=eteventstream] refs=[1] status=Processing
[2025.10.05-01.35.40:000][125]LogHttp: Display: cleaning up 1 outstanding Http requests.
[2025.10.05-01.35.40:009][125]LogModuleManager: Shutting down and abandoning module SSL (78)
[2025.10.05-01.35.40:010][125]LogModuleManager: Shutting down and abandoning module MLSDK (74)
[2025.10.05-01.35.40:010][125]LogModuleManager: Shutting down and abandoning module MagicLeap (72)
[2025.10.05-01.35.40:010][125]LogModuleManager: Shutting down and abandoning module WmfMedia (70)
[2025.10.05-01.35.40:012][125]LogModuleManager: Shutting down and abandoning module Media (69)
[2025.10.05-01.35.40:014][125]LogModuleManager: Shutting down and abandoning module MediaInfo (68)
[2025.10.05-01.35.40:014][125]LogModuleManager: Shutting down and abandoning module ExrReaderGpu (64)
[2025.10.05-01.35.40:014][125]LogModuleManager: Shutting down and abandoning module ChaosCloth (62)
[2025.10.05-01.35.40:014][125]LogModuleManager: Shutting down and abandoning module NiagaraVertexFactories (60)
[2025.10.05-01.35.40:014][125]LogModuleManager: Shutting down and abandoning module NiagaraShader (58)
[2025.10.05-01.35.40:014][125]LogModuleManager: Shutting down and abandoning module VariantManagerContent (56)
[2025.10.05-01.35.40:014][125]LogModuleManager: Shutting down and abandoning module DatasmithContent (54)
[2025.10.05-01.35.40:016][125]LogModuleManager: Shutting down and abandoning module PixWinPlugin (52)
[2025.10.05-01.35.40:016][125]LogModuleManager: Shutting down and abandoning module AISupportModule (50)
[2025.10.05-01.35.40:016][125]LogModuleManager: Shutting down and abandoning module DesktopPlatform (48)
[2025.10.05-01.35.40:016][125]LogModuleManager: Shutting down and abandoning module PythonScriptPluginPreload (46)
[2025.10.05-01.35.40:016][125]LogModuleManager: Shutting down and abandoning module PlatformCryptoOpenSSL (44)
[2025.10.05-01.35.40:016][125]LogModuleManager: Shutting down and abandoning module PlatformCryptoTypes (42)
[2025.10.05-01.35.40:016][125]LogModuleManager: Shutting down and abandoning module PlatformCrypto (40)
[2025.10.05-01.35.40:016][125]LogModuleManager: Shutting down and abandoning module OodleDataCompressionFormat (38)
[2025.10.05-01.35.40:016][125]LogModuleManager: Shutting down and abandoning module XGEController (36)
[2025.10.05-01.35.40:016][125]LogXGEController: Cleaning working directory: C:/Users/23932/AppData/Local/Temp/UnrealXGEWorkingDir/
[2025.10.05-01.35.40:016][125]LogModuleManager: Shutting down and abandoning module AnimationModifiers (34)
[2025.10.05-01.35.40:016][125]LogModuleManager: Shutting down and abandoning module AudioEditor (32)
[2025.10.05-01.35.40:016][125]LogModuleManager: Shutting down and abandoning module PropertyEditor (31)
[2025.10.05-01.35.40:016][125]LogModuleManager: Shutting down and abandoning module TextureCompressor (28)
[2025.10.05-01.35.40:016][125]LogModuleManager: Shutting down and abandoning module RenderCore (26)
[2025.10.05-01.35.40:016][125]LogModuleManager: Shutting down and abandoning module Landscape (24)
[2025.10.05-01.35.40:016][125]LogModuleManager: Shutting down and abandoning module SlateRHIRenderer (22)
[2025.10.05-01.35.40:017][125]LogModuleManager: Shutting down and abandoning module AnimGraphRuntime (20)
[2025.10.05-01.35.40:017][125]LogModuleManager: Shutting down and abandoning module Renderer (18)
[2025.10.05-01.35.40:017][125]LogModuleManager: Shutting down and abandoning module Engine (16)
[2025.10.05-01.35.40:017][125]LogModuleManager: Shutting down and abandoning module CoreUObject (14)
[2025.10.05-01.35.40:017][125]LogModuleManager: Shutting down and abandoning module NetworkFile (12)
[2025.10.05-01.35.40:017][125]LogModuleManager: Shutting down and abandoning module CookedIterativeFile (10)
[2025.10.05-01.35.40:017][125]LogModuleManager: Shutting down and abandoning module StreamingFile (8)
[2025.10.05-01.35.40:017][125]LogModuleManager: Shutting down and abandoning module SandboxFile (6)
[2025.10.05-01.35.40:017][125]LogModuleManager: Shutting down and abandoning module PakFile (4)
[2025.10.05-01.35.40:017][125]LogModuleManager: Shutting down and abandoning module RSA (3)
[2025.10.05-01.35.40:018][125]LogContentStreaming: Display: There are 1 unreleased StreamingManagers
[2025.10.05-01.35.40:051][125]LogD3D11RHI: Shutdown
[2025.10.05-01.35.40:051][125]LogD3D11RHI: CleanupD3DDevice
[2025.10.05-01.35.40:053][125]LogExit: Exiting.
[2025.10.05-01.35.40:067][125]Log file closed, 10/05/25 10:35:40
