Log file open, 10/05/25 08:56:43
LogWindows: Failed to load 'aqProf.dll' (GetLastError=126)
LogWindows: File 'aqProf.dll' does not exist
LogWindows: Failed to load 'VtuneApi.dll' (GetLastError=126)
LogWindows: File 'VtuneApi.dll' does not exist
LogWindows: Failed to load 'VtuneApi32e.dll' (GetLastError=126)
LogWindows: File 'VtuneApi32e.dll' does not exist
LogConsoleResponse: Display: Failed to find resolution value strings in scalability ini. Falling back to default.
LogConsoleResponse: Display: Failed to find resolution value strings in scalability ini. Falling back to default.
LogInit: Display: Running engine for game: CPlusTutorial
LogPlatformFile: Not using cached read wrapper
LogTaskGraph: Started task graph with 5 named threads and 35 total threads with 3 sets of task threads.
LogStats: Stats thread started at 0.719741
LogICUInternationalization: ICU TimeZone Detection - Raw Offset: +9:00, Platform Override: ''
LogInit: Display: Loading text-based GConfig....
LogPluginManager: Mounting plugin MeshPainting
LogPluginManager: Mounting plugin XGEController
LogPluginManager: Mounting plugin Paper2D
LogPluginManager: Mounting plugin AISupport
LogPluginManager: Mounting plugin EnvironmentQueryEditor
LogPluginManager: Mounting plugin LightPropagationVolume
LogPluginManager: Mounting plugin CameraShakePreviewer
LogPluginManager: Mounting plugin GameplayCameras
LogPluginManager: Mounting plugin OodleData
LogPluginManager: Mounting plugin OodleNetwork
LogPluginManager: Mounting plugin DatasmithContent
LogPluginManager: Mounting plugin VariantManagerContent
LogPluginManager: Mounting plugin CodeLiteSourceCodeAccess
LogPluginManager: Mounting plugin AnimationSharing
LogPluginManager: Mounting plugin CLionSourceCodeAccess
LogPluginManager: Mounting plugin GitSourceControl
LogPluginManager: Mounting plugin KDevelopSourceCodeAccess
LogPluginManager: Mounting plugin NullSourceCodeAccess
LogPluginManager: Mounting plugin PixWinPlugin
LogPluginManager: Mounting plugin PerforceSourceControl
LogPluginManager: Mounting plugin PlasticSourceControl
LogPluginManager: Mounting plugin PluginUtils
LogPluginManager: Mounting plugin PropertyAccessNode
LogPluginManager: Mounting plugin RiderSourceCodeAccess
LogPluginManager: Mounting plugin SubversionSourceControl
LogPluginManager: Mounting plugin TextureFormatOodle
LogPluginManager: Mounting plugin UObjectPlugin
LogPluginManager: Mounting plugin VisualStudioCodeSourceCodeAccess
LogPluginManager: Mounting plugin XCodeSourceCodeAccess
LogPluginManager: Mounting plugin VisualStudioSourceCodeAccess
LogPluginManager: Mounting plugin AssetManagerEditor
LogPluginManager: Mounting plugin CryptoKeys
LogPluginManager: Mounting plugin CurveEditorTools
LogPluginManager: Mounting plugin DataValidation
LogPluginManager: Mounting plugin FacialAnimation
LogPluginManager: Mounting plugin GameplayTagsEditor
LogPluginManager: Mounting plugin GeometryMode
LogPluginManager: Mounting plugin MacGraphicsSwitching
LogPluginManager: Mounting plugin MaterialAnalyzer
LogPluginManager: Mounting plugin MobileLauncherProfileWizard
LogPluginManager: Mounting plugin PluginBrowser
LogPluginManager: Mounting plugin SpeedTreeImporter
LogPluginManager: Mounting plugin Niagara
LogPluginManager: Mounting plugin AlembicImporter
LogPluginManager: Mounting plugin AutomationUtils
LogPluginManager: Mounting plugin BackChannel
LogPluginManager: Mounting plugin ChaosCloth
LogPluginManager: Mounting plugin ChaosClothEditor
LogPluginManager: Mounting plugin ChaosEditor
LogPluginManager: Mounting plugin ChaosNiagara
LogPluginManager: Mounting plugin ChaosSolverPlugin
LogPluginManager: Mounting plugin CharacterAI
LogPluginManager: Mounting plugin GeometryCache
LogPluginManager: Mounting plugin GeometryCollectionPlugin
LogPluginManager: Mounting plugin GeometryProcessing
LogPluginManager: Mounting plugin MotoSynth
LogPluginManager: Mounting plugin OpenImageDenoise
LogPluginManager: Mounting plugin PlanarCut
LogPluginManager: Mounting plugin PlatformCrypto
LogPluginManager: Mounting plugin ProxyLODPlugin
LogPluginManager: Mounting plugin PythonScriptPlugin
LogPluginManager: Mounting plugin LuminPlatformFeatures
LogPluginManager: Mounting plugin MagicLeap
LogPluginManager: Mounting plugin SkeletalReduction
LogPluginManager: Mounting plugin MagicLeapLightEstimation
LogPluginManager: Mounting plugin MagicLeapMedia
LogPluginManager: Mounting plugin MagicLeapPassableWorld
LogPluginManager: Mounting plugin MLSDK
LogPluginManager: Mounting plugin AndroidMedia
LogPluginManager: Mounting plugin AvfMedia
LogPluginManager: Mounting plugin ImgMedia
LogPluginManager: Mounting plugin MediaCompositing
LogPluginManager: Mounting plugin MediaPlayerEditor
LogPluginManager: Mounting plugin WebMMedia
LogPluginManager: Mounting plugin WmfMedia
LogPluginManager: Mounting plugin TcpMessaging
LogPluginManager: Mounting plugin UdpMessaging
LogPluginManager: Mounting plugin OnlineSubsystem
LogPluginManager: Mounting plugin OnlineSubsystemNull
LogPluginManager: Mounting plugin OnlineSubsystemUtils
LogPluginManager: Mounting plugin ActorSequence
LogPluginManager: Mounting plugin LauncherChunkInstaller
LogPluginManager: Mounting plugin LevelSequenceEditor
LogPluginManager: Mounting plugin MatineeToLevelSequence
LogPluginManager: Mounting plugin TemplateSequence
LogPluginManager: Mounting plugin ActorLayerUtilities
LogPluginManager: Mounting plugin AndroidMoviePlayer
LogPluginManager: Mounting plugin AndroidPermission
LogPluginManager: Mounting plugin AppleImageUtils
LogPluginManager: Mounting plugin AndroidDeviceProfileSelector
LogPluginManager: Mounting plugin AppleMoviePlayer
LogPluginManager: Mounting plugin ArchVisCharacter
LogPluginManager: Mounting plugin AssetTags
LogPluginManager: Mounting plugin AudioCapture
LogPluginManager: Mounting plugin AudioSynesthesia
LogPluginManager: Mounting plugin CableComponent
LogPluginManager: Mounting plugin ChunkDownloader
LogPluginManager: Mounting plugin CustomMeshComponent
LogPluginManager: Mounting plugin EditableMesh
LogPluginManager: Mounting plugin ExampleDeviceProfileSelector
LogPluginManager: Mounting plugin GoogleCloudMessaging
LogPluginManager: Mounting plugin GooglePAD
LogPluginManager: Mounting plugin IOSDeviceProfileSelector
LogPluginManager: Mounting plugin LinuxDeviceProfileSelector
LogPluginManager: Mounting plugin LocationServicesBPLibrary
LogPluginManager: Mounting plugin MobilePatchingUtils
LogPluginManager: Mounting plugin OpenXR
LogPluginManager: Mounting plugin OpenXREyeTracker
LogPluginManager: Mounting plugin OpenXRHandTracking
LogPluginManager: Mounting plugin PostSplashScreen
LogPluginManager: Mounting plugin ProceduralMeshComponent
LogPluginManager: Mounting plugin PropertyAccessEditor
LogPluginManager: Mounting plugin PhysXVehicles
LogPluginManager: Mounting plugin SignificanceManager
LogPluginManager: Mounting plugin RuntimePhysXCooking
LogPluginManager: Mounting plugin SoundFields
LogPluginManager: Mounting plugin Synthesis
LogPluginManager: Mounting plugin WebMMoviePlayer
LogPluginManager: Mounting plugin WindowsMoviePlayer
LogPluginManager: Mounting plugin ScreenshotTools
LogPluginManager: Mounting plugin Takes
LogPluginManager: Mounting plugin LiveLink
LogPluginManager: Mounting plugin ContentBrowserAssetDataSource
LogPluginManager: Mounting plugin ContentBrowserClassDataSource
LogPluginManager: Mounting plugin ContentBrowserFileDataSource
LogPluginManager: Mounting plugin OnlineSubsystemGooglePlay
LogPluginManager: Mounting plugin OnlineSubsystemIOS
LogPluginManager: Mounting plugin OculusVR
LogPluginManager: Mounting plugin SteamVR
LogInit: Warning: Incompatible or missing module: CPlusTutorial
Running C:/Program Files/Epic Games/UE_4.27/Engine/Binaries/DotNET/UnrealBuildTool.exe Development Win64 -Project="D:/LearnData/UnrealProject/UnrealLearn/CPlusTutorial/CPlusTutorial.uproject" -TargetType=Editor -Progress -NoEngineChanges -NoHotReloadFromIDE
Using 'git status' to determine working set for adaptive non-unity build (D:\LearnData\UnrealProject\UnrealLearn).
Creating makefile for CPlusTutorialEditor (no existing makefile)
@progress push 5%
Parsing headers for CPlusTutorialEditor
  Running UnrealHeaderTool "D:\LearnData\UnrealProject\UnrealLearn\CPlusTutorial\CPlusTutorial.uproject" "D:\LearnData\UnrealProject\UnrealLearn\CPlusTutorial\Intermediate\Build\Win64\CPlusTutorialEditor\Development\CPlusTutorialEditor.uhtmanifest" -LogCmds="loginit warning, logexit warning, logdatabase error" -Unattended -WarningsAsErrors -abslog="C:\Users\23932\AppData\Local\UnrealBuildTool\Log_UHT.txt" -installed
LogInit: Display: Loading text-based GConfig....
Reflection code generated for CPlusTutorialEditor in 5.4962599 seconds
@progress pop
Building CPlusTutorialEditor...
Using Visual Studio 2019 14.29.30159 toolchain (C:\Program Files (x86)\Microsoft Visual Studio\2019\Community\VC\Tools\MSVC\14.29.30133) and Windows 10.0.22621.0 SDK (C:\Program Files (x86)\Windows Kits\10).
Building 19 actions with 12 processes...
  @progress 'Compiling C++ source code...' 0%
  @progress 'Compiling C++ source code...' 5%
  [1/19] Default.rc2
  @progress 'Compiling C++ source code...' 11%
  [2/19] SharedPCH.Engine.ShadowErrors.cpp
  @progress 'Compiling C++ source code...' 16%
  [3/19] CPlusTutorialGameMode.cpp
  @progress 'Compiling C++ source code...' 21%
  [4/19] MyActor.gen.cpp
  @progress 'Compiling C++ source code...' 26%
  [5/19] CPlusTutorial.cpp
  @progress 'Compiling C++ source code...' 32%
  [6/19] CPlusTutorial.init.gen.cpp
  @progress 'Compiling C++ source code...' 37%
  [7/19] MyActor.cpp
  @progress 'Compiling C++ source code...' 42%
  [8/19] CPlusTutorialProjectile.gen.cpp
  @progress 'Compiling C++ source code...' 47%
  [9/19] CPlusTutorialProjectile.cpp
  @progress 'Compiling C++ source code...' 53%
  [10/19] FinishLine.gen.cpp
  @progress 'Compiling C++ source code...' 58%
  [11/19] CPlusTutorialHUD.gen.cpp
  @progress 'Compiling C++ source code...' 63%
  [12/19] CPlusTutorialCharacter.cpp
  @progress 'Compiling C++ source code...' 68%
  [13/19] CPlusTutorialHUD.cpp
  @progress 'Compiling C++ source code...' 74%
  [14/19] FinishLine.cpp
  @progress 'Compiling C++ source code...' 79%
  [15/19] CPlusTutorialGameMode.gen.cpp
  @progress 'Compiling C++ source code...' 84%
  [16/19] CPlusTutorialCharacter.gen.cpp
  @progress 'Compiling C++ source code...' 89%
  [17/19] UE4Editor-CPlusTutorial.lib
    ???ڴ????? D:\LearnData\UnrealProject\UnrealLearn\CPlusTutorial\Intermediate\Build\Win64\UE4Editor\Development\CPlusTutorial\UE4Editor-CPlusTutorial.lib ?Ͷ??? D:\LearnData\UnrealProject\UnrealLearn\CPlusTutorial\Intermediate\Build\Win64\UE4Editor\Development\CPlusTutorial\UE4Editor-CPlusTutorial.exp
  @progress 'Compiling C++ source code...' 95%
  [18/19] UE4Editor-CPlusTutorial.dll
    ???ڴ????? D:\LearnData\UnrealProject\UnrealLearn\CPlusTutorial\Intermediate\Build\Win64\UE4Editor\Development\CPlusTutorial\UE4Editor-CPlusTutorial.suppressed.lib ?Ͷ??? D:\LearnData\UnrealProject\UnrealLearn\CPlusTutorial\Intermediate\Build\Win64\UE4Editor\Development\CPlusTutorial\UE4Editor-CPlusTutorial.suppressed.exp
  @progress 'Compiling C++ source code...' 100%
  [19/19] CPlusTutorialEditor.target
Total time in Parallel executor: 39.94 seconds
Total execution time: 50.14 seconds
PixWinPlugin: PIX capture plugin failed to initialize! Check that the process is launched from PIX.
LogLuminAPIImpl: Warning: MLSDK not found.  This likely means the MLSDK environment variable is not set.
LogInit: Using libcurl 7.55.1-DEV
LogInit:  - built for x86_64-pc-win32
LogInit:  - supports SSL with OpenSSL/1.1.1
LogInit:  - supports HTTP deflate (compression) using libz 1.2.8
LogInit:  - other features:
LogInit:      CURL_VERSION_SSL
LogInit:      CURL_VERSION_LIBZ
LogInit:      CURL_VERSION_IPV6
LogInit:      CURL_VERSION_ASYNCHDNS
LogInit:      CURL_VERSION_LARGEFILE
LogInit:      CURL_VERSION_IDN
LogInit:  CurlRequestOptions (configurable via config and command line):
LogInit:  - bVerifyPeer = true  - Libcurl will verify peer certificate
LogInit:  - bUseHttpProxy = false  - Libcurl will NOT use HTTP proxy
LogInit:  - bDontReuseConnections = false  - Libcurl will reuse connections
LogInit:  - MaxHostConnections = 16  - Libcurl will limit the number of connections to a host
LogInit:  - LocalHostAddr = Default
LogInit:  - BufferSize = 65536
LogOnline: OSS: Creating online subsystem instance for: NULL
LogInit: WinSock: version 1.1 (2.2), MaxSocks=32767, MaxUdp=65467
LogOnline: OSS: TryLoadSubsystemAndSetDefault: Loaded subsystem for module [NULL]
LogOculusPluginWrapper: OculusPlugin initialized successfully
LogHMD: Failed initializing OVRPlugin 1.59.0
LogInit: Build: ++UE4+Release-4.27-CL-18319896
LogInit: Engine Version: 4.27.2-18319896+++UE4+Release-4.27
LogInit: Compatible Engine Version: 4.27.0-17155196+++UE4+Release-4.27
LogInit: Net CL: 17155196
LogInit: OS: Windows 10 (Release 2009) (), CPU: 12th Gen Intel(R) Core(TM) i5-12490F, GPU: NVIDIA GeForce RTX 3060 Ti
LogInit: Compiled (64-bit): Nov 30 2021 07:12:08
LogInit: Compiled with Visual C++: 19.24.28315.00
LogInit: Build Configuration: Development
LogInit: Branch Name: ++UE4+Release-4.27
LogInit: Command Line: 
LogInit: Base Directory: C:/Program Files/Epic Games/UE_4.27/Engine/Binaries/Win64/
LogInit: Allocator: TBB
LogInit: Installed Engine Build: 1
LogDevObjectVersion: Number of dev versions registered: 29
LogDevObjectVersion:   Dev-Blueprints (B0D832E4-1F89-4F0D-ACCF-7EB736FD4AA2): 10
LogDevObjectVersion:   Dev-Build (E1C64328-A22C-4D53-A36C-8E866417BD8C): 0
LogDevObjectVersion:   Dev-Core (375EC13C-06E4-48FB-B500-84F0262A717E): 4
LogDevObjectVersion:   Dev-Editor (E4B068ED-F494-42E9-A231-DA0B2E46BB41): 40
LogDevObjectVersion:   Dev-Framework (CFFC743F-43B0-4480-9391-14DF171D2073): 37
LogDevObjectVersion:   Dev-Mobile (B02B49B5-BB20-44E9-A304-32B752E40360): 3
LogDevObjectVersion:   Dev-Networking (A4E4105C-59A1-49B5-A7C5-40C4547EDFEE): 0
LogDevObjectVersion:   Dev-Online (39C831C9-5AE6-47DC-9A44-9C173E1C8E7C): 0
LogDevObjectVersion:   Dev-Physics (78F01B33-EBEA-4F98-B9B4-84EACCB95AA2): 14
LogDevObjectVersion:   Dev-Platform (6631380F-2D4D-43E0-8009-CF276956A95A): 0
LogDevObjectVersion:   Dev-Rendering (12F88B9F-8875-4AFC-A67C-D90C383ABD29): 45
LogDevObjectVersion:   Dev-Sequencer (7B5AE74C-D270-4C10-A958-57980B212A5A): 13
LogDevObjectVersion:   Dev-VR (D7296918-1DD6-4BDD-9DE2-64A83CC13884): 3
LogDevObjectVersion:   Dev-LoadTimes (C2A15278-BFE7-4AFE-6C17-90FF531DF755): 1
LogDevObjectVersion:   Private-Geometry (6EACA3D4-40EC-4CC1-B786-8BED09428FC5): 3
LogDevObjectVersion:   Dev-AnimPhys (29E575DD-E0A3-4627-9D10-D276232CDCEA): 17
LogDevObjectVersion:   Dev-Anim (AF43A65D-7FD3-4947-9873-3E8ED9C1BB05): 15
LogDevObjectVersion:   Dev-ReflectionCapture (6B266CEC-1EC7-4B8F-A30B-E4D90942FC07): 1
LogDevObjectVersion:   Dev-Automation (0DF73D61-A23F-47EA-B727-89E90C41499A): 1
LogDevObjectVersion:   FortniteMain (601D1886-AC64-4F84-AA16-D3DE0DEAC7D6): 47
LogDevObjectVersion:   FortniteRelease (E7086368-6B23-4C58-8439-1B7016265E91): 1
LogDevObjectVersion:   Dev-Enterprise (9DFFBCD6-494F-0158-E221-12823C92A888): 10
LogDevObjectVersion:   Dev-Niagara (F2AED0AC-9AFE-416F-8664-AA7FFA26D6FC): 1
LogDevObjectVersion:   Dev-Destruction (174F1F0B-B4C6-45A5-B13F-2EE8D0FB917D): 10
LogDevObjectVersion:   Dev-Physics-Ext (35F94A83-E258-406C-A318-09F59610247C): 41
LogDevObjectVersion:   Dev-PhysicsMaterial-Chaos (B68FC16E-8B1B-42E2-B453-215C058844FE): 1
LogDevObjectVersion:   Dev-CineCamera (B2E18506-4273-CFC2-A54E-F4BB758BBA07): 1
LogDevObjectVersion:   Dev-VirtualProduction (64F58936-FD1B-42BA-BA96-7289D5D0FA4E): 1
LogDevObjectVersion:   Dev-MediaFramework (6F0ED827-A609-4895-9C91-998D90180EA4): 2
LogInit: Presizing for max 25165824 objects, including 0 objects not considered by GC, pre-allocating 0 bytes for permanent pool.
LogConfig: Applying CVar settings from Section [/Script/Engine.StreamingSettings] File [D:/LearnData/UnrealProject/UnrealLearn/CPlusTutorial/Saved/Config/Windows/Engine.ini]
LogConfig: Setting CVar [[s.MinBulkDataSizeForAsyncLoading:131072]]
LogConfig: Setting CVar [[s.AsyncLoadingThreadEnabled:0]]
LogConfig: Setting CVar [[s.EventDrivenLoaderEnabled:1]]
LogConfig: Setting CVar [[s.WarnIfTimeLimitExceeded:0]]
LogConfig: Setting CVar [[s.TimeLimitExceededMultiplier:1.5]]
LogConfig: Setting CVar [[s.TimeLimitExceededMinTime:0.005]]
LogConfig: Setting CVar [[s.UseBackgroundLevelStreaming:1]]
LogConfig: Setting CVar [[s.PriorityAsyncLoadingExtraTime:15.0]]
LogConfig: Setting CVar [[s.LevelStreamingActorsUpdateTimeLimit:5.0]]
LogConfig: Setting CVar [[s.PriorityLevelStreamingActorsUpdateExtraTime:5.0]]
LogConfig: Setting CVar [[s.LevelStreamingComponentsRegistrationGranularity:10]]
LogConfig: Setting CVar [[s.UnregisterComponentsTimeLimit:1.0]]
LogConfig: Setting CVar [[s.LevelStreamingComponentsUnregistrationGranularity:5]]
LogConfig: Setting CVar [[s.FlushStreamingOnExit:1]]
LogInit: Object subsystem initialized
LogConfig: Setting CVar [[con.DebugEarlyDefault:1]]
LogConfig: Setting CVar [[r.setres:1280x720]]
[2025.10.04-23.57.38:532][  0]LogConfig: Setting CVar [[r.VSync:0]]
[2025.10.04-23.57.38:532][  0]LogConfig: Setting CVar [[r.RHICmdBypass:0]]
[2025.10.04-23.57.38:532][  0]LogConfig: Applying CVar settings from Section [/Script/Engine.RendererSettings] File [D:/LearnData/UnrealProject/UnrealLearn/CPlusTutorial/Saved/Config/Windows/Engine.ini]
[2025.10.04-23.57.38:532][  0]LogConfig: Setting CVar [[r.GPUCrashDebugging:0]]
[2025.10.04-23.57.38:532][  0]LogConfig: Applying CVar settings from Section [/Script/Engine.RendererOverrideSettings] File [D:/LearnData/UnrealProject/UnrealLearn/CPlusTutorial/Saved/Config/Windows/Engine.ini]
[2025.10.04-23.57.38:532][  0]LogConfig: Applying CVar settings from Section [/Script/Engine.StreamingSettings] File [D:/LearnData/UnrealProject/UnrealLearn/CPlusTutorial/Saved/Config/Windows/Engine.ini]
[2025.10.04-23.57.38:532][  0]LogConfig: Setting CVar [[s.MinBulkDataSizeForAsyncLoading:131072]]
[2025.10.04-23.57.38:532][  0]LogConfig: Setting CVar [[s.AsyncLoadingThreadEnabled:0]]
[2025.10.04-23.57.38:532][  0]LogConfig: Setting CVar [[s.EventDrivenLoaderEnabled:1]]
[2025.10.04-23.57.38:532][  0]LogConfig: Setting CVar [[s.WarnIfTimeLimitExceeded:0]]
[2025.10.04-23.57.38:532][  0]LogConfig: Setting CVar [[s.TimeLimitExceededMultiplier:1.5]]
[2025.10.04-23.57.38:532][  0]LogConfig: Setting CVar [[s.TimeLimitExceededMinTime:0.005]]
[2025.10.04-23.57.38:532][  0]LogConfig: Setting CVar [[s.UseBackgroundLevelStreaming:1]]
[2025.10.04-23.57.38:532][  0]LogConfig: Setting CVar [[s.PriorityAsyncLoadingExtraTime:15.0]]
[2025.10.04-23.57.38:532][  0]LogConfig: Setting CVar [[s.LevelStreamingActorsUpdateTimeLimit:5.0]]
[2025.10.04-23.57.38:532][  0]LogConfig: Setting CVar [[s.PriorityLevelStreamingActorsUpdateExtraTime:5.0]]
[2025.10.04-23.57.38:532][  0]LogConfig: Setting CVar [[s.LevelStreamingComponentsRegistrationGranularity:10]]
[2025.10.04-23.57.38:532][  0]LogConfig: Setting CVar [[s.UnregisterComponentsTimeLimit:1.0]]
[2025.10.04-23.57.38:533][  0]LogConfig: Setting CVar [[s.LevelStreamingComponentsUnregistrationGranularity:5]]
[2025.10.04-23.57.38:533][  0]LogConfig: Setting CVar [[s.FlushStreamingOnExit:1]]
[2025.10.04-23.57.38:533][  0]LogConfig: Applying CVar settings from Section [/Script/Engine.GarbageCollectionSettings] File [D:/LearnData/UnrealProject/UnrealLearn/CPlusTutorial/Saved/Config/Windows/Engine.ini]
[2025.10.04-23.57.38:533][  0]LogConfig: Setting CVar [[gc.MaxObjectsNotConsideredByGC:1]]
[2025.10.04-23.57.38:533][  0]LogConfig: Setting CVar [[gc.SizeOfPermanentObjectPool:0]]
[2025.10.04-23.57.38:533][  0]LogConfig: Setting CVar [[gc.FlushStreamingOnGC:0]]
[2025.10.04-23.57.38:533][  0]LogConfig: Setting CVar [[gc.NumRetriesBeforeForcingGC:10]]
[2025.10.04-23.57.38:533][  0]LogConfig: Setting CVar [[gc.AllowParallelGC:1]]
[2025.10.04-23.57.38:533][  0]LogConfig: Setting CVar [[gc.TimeBetweenPurgingPendingKillObjects:61.1]]
[2025.10.04-23.57.38:533][  0]LogConfig: Setting CVar [[gc.MaxObjectsInEditor:25165824]]
[2025.10.04-23.57.38:533][  0]LogConfig: Setting CVar [[gc.IncrementalBeginDestroyEnabled:1]]
[2025.10.04-23.57.38:533][  0]LogConfig: Setting CVar [[gc.CreateGCClusters:1]]
[2025.10.04-23.57.38:533][  0]LogConfig: Setting CVar [[gc.MinGCClusterSize:5]]
[2025.10.04-23.57.38:533][  0]LogConfig: Setting CVar [[gc.ActorClusteringEnabled:0]]
[2025.10.04-23.57.38:533][  0]LogConfig: Setting CVar [[gc.BlueprintClusteringEnabled:0]]
[2025.10.04-23.57.38:533][  0]LogConfig: Setting CVar [[gc.UseDisregardForGCOnDedicatedServers:0]]
[2025.10.04-23.57.38:533][  0]LogConfig: Setting CVar [[gc.MultithreadedDestructionEnabled:1]]
[2025.10.04-23.57.38:533][  0]LogConfig: Applying CVar settings from Section [/Script/Engine.NetworkSettings] File [D:/LearnData/UnrealProject/UnrealLearn/CPlusTutorial/Saved/Config/Windows/Engine.ini]
[2025.10.04-23.57.38:533][  0]LogConfig: Applying CVar settings from Section [/Script/UnrealEd.CookerSettings] File [D:/LearnData/UnrealProject/UnrealLearn/CPlusTutorial/Saved/Config/Windows/Engine.ini]
[2025.10.04-23.57.38:564][  0]LogConfig: Applying CVar settings from Section [ViewDistanceQuality@3] File [D:/LearnData/UnrealProject/UnrealLearn/CPlusTutorial/Saved/Config/Windows/Scalability.ini]
[2025.10.04-23.57.38:564][  0]LogConfig: Setting CVar [[r.SkeletalMeshLODBias:0]]
[2025.10.04-23.57.38:564][  0]LogConfig: Setting CVar [[r.ViewDistanceScale:1.0]]
[2025.10.04-23.57.38:564][  0]LogConfig: Applying CVar settings from Section [AntiAliasingQuality@3] File [D:/LearnData/UnrealProject/UnrealLearn/CPlusTutorial/Saved/Config/Windows/Scalability.ini]
[2025.10.04-23.57.38:564][  0]LogConfig: Setting CVar [[r.PostProcessAAQuality:4]]
[2025.10.04-23.57.38:564][  0]LogConfig: Applying CVar settings from Section [ShadowQuality@3] File [D:/LearnData/UnrealProject/UnrealLearn/CPlusTutorial/Saved/Config/Windows/Scalability.ini]
[2025.10.04-23.57.38:564][  0]LogConfig: Setting CVar [[r.LightFunctionQuality:1]]
[2025.10.04-23.57.38:564][  0]LogConfig: Setting CVar [[r.ShadowQuality:5]]
[2025.10.04-23.57.38:564][  0]LogConfig: Setting CVar [[r.Shadow.CSM.MaxCascades:10]]
[2025.10.04-23.57.38:564][  0]LogConfig: Setting CVar [[r.Shadow.MaxResolution:2048]]
[2025.10.04-23.57.38:564][  0]LogConfig: Setting CVar [[r.Shadow.MaxCSMResolution:2048]]
[2025.10.04-23.57.38:564][  0]LogConfig: Setting CVar [[r.Shadow.RadiusThreshold:0.01]]
[2025.10.04-23.57.38:564][  0]LogConfig: Setting CVar [[r.Shadow.DistanceScale:1.0]]
[2025.10.04-23.57.38:564][  0]LogConfig: Setting CVar [[r.Shadow.CSM.TransitionScale:1.0]]
[2025.10.04-23.57.38:564][  0]LogConfig: Setting CVar [[r.Shadow.PreShadowResolutionFactor:1.0]]
[2025.10.04-23.57.38:564][  0]LogConfig: Setting CVar [[r.DistanceFieldShadowing:1]]
[2025.10.04-23.57.38:564][  0]LogConfig: Setting CVar [[r.DistanceFieldAO:1]]
[2025.10.04-23.57.38:564][  0]LogConfig: Setting CVar [[r.AOQuality:2]]
[2025.10.04-23.57.38:564][  0]LogConfig: Setting CVar [[r.VolumetricFog:1]]
[2025.10.04-23.57.38:564][  0]LogConfig: Setting CVar [[r.VolumetricFog.GridPixelSize:8]]
[2025.10.04-23.57.38:564][  0]LogConfig: Setting CVar [[r.VolumetricFog.GridSizeZ:128]]
[2025.10.04-23.57.38:564][  0]LogConfig: Setting CVar [[r.VolumetricFog.HistoryMissSupersampleCount:4]]
[2025.10.04-23.57.38:564][  0]LogConfig: Setting CVar [[r.LightMaxDrawDistanceScale:1]]
[2025.10.04-23.57.38:564][  0]LogConfig: Setting CVar [[r.CapsuleShadows:1]]
[2025.10.04-23.57.38:564][  0]LogConfig: Applying CVar settings from Section [PostProcessQuality@3] File [D:/LearnData/UnrealProject/UnrealLearn/CPlusTutorial/Saved/Config/Windows/Scalability.ini]
[2025.10.04-23.57.38:564][  0]LogConfig: Setting CVar [[r.MotionBlurQuality:4]]
[2025.10.04-23.57.38:564][  0]LogConfig: Setting CVar [[r.AmbientOcclusionMipLevelFactor:0.4]]
[2025.10.04-23.57.38:564][  0]LogConfig: Setting CVar [[r.AmbientOcclusionMaxQuality:100]]
[2025.10.04-23.57.38:564][  0]LogConfig: Setting CVar [[r.AmbientOcclusionLevels:-1]]
[2025.10.04-23.57.38:564][  0]LogConfig: Setting CVar [[r.AmbientOcclusionRadiusScale:1.0]]
[2025.10.04-23.57.38:564][  0]LogConfig: Setting CVar [[r.DepthOfFieldQuality:2]]
[2025.10.04-23.57.38:564][  0]LogConfig: Setting CVar [[r.RenderTargetPoolMin:400]]
[2025.10.04-23.57.38:564][  0]LogConfig: Setting CVar [[r.LensFlareQuality:2]]
[2025.10.04-23.57.38:564][  0]LogConfig: Setting CVar [[r.SceneColorFringeQuality:1]]
[2025.10.04-23.57.38:564][  0]LogConfig: Setting CVar [[r.EyeAdaptationQuality:2]]
[2025.10.04-23.57.38:564][  0]LogConfig: Setting CVar [[r.BloomQuality:5]]
[2025.10.04-23.57.38:564][  0]LogConfig: Setting CVar [[r.FastBlurThreshold:100]]
[2025.10.04-23.57.38:564][  0]LogConfig: Setting CVar [[r.Upscale.Quality:3]]
[2025.10.04-23.57.38:564][  0]LogConfig: Setting CVar [[r.Tonemapper.GrainQuantization:1]]
[2025.10.04-23.57.38:564][  0]LogConfig: Setting CVar [[r.LightShaftQuality:1]]
[2025.10.04-23.57.38:564][  0]LogConfig: Setting CVar [[r.Filter.SizeScale:1]]
[2025.10.04-23.57.38:564][  0]LogConfig: Setting CVar [[r.Tonemapper.Quality:5]]
[2025.10.04-23.57.38:564][  0]LogConfig: Setting CVar [[r.DOF.Gather.AccumulatorQuality:1        ; higher gathering accumulator quality]]
[2025.10.04-23.57.38:564][  0]LogConfig: Setting CVar [[r.DOF.Gather.PostfilterMethod:1          ; Median3x3 postfilering method]]
[2025.10.04-23.57.38:564][  0]LogConfig: Setting CVar [[r.DOF.Gather.EnableBokehSettings:0       ; no bokeh simulation when gathering]]
[2025.10.04-23.57.38:564][  0]LogConfig: Setting CVar [[r.DOF.Gather.RingCount:4                 ; medium number of samples when gathering]]
[2025.10.04-23.57.38:564][  0]LogConfig: Setting CVar [[r.DOF.Scatter.ForegroundCompositing:1    ; additive foreground scattering]]
[2025.10.04-23.57.38:564][  0]LogConfig: Setting CVar [[r.DOF.Scatter.BackgroundCompositing:2    ; additive background scattering]]
[2025.10.04-23.57.38:564][  0]LogConfig: Setting CVar [[r.DOF.Scatter.EnableBokehSettings:1      ; bokeh simulation when scattering]]
[2025.10.04-23.57.38:564][  0]LogConfig: Setting CVar [[r.DOF.Scatter.MaxSpriteRatio:0.1         ; only a maximum of 10% of scattered bokeh]]
[2025.10.04-23.57.38:564][  0]LogConfig: Setting CVar [[r.DOF.Recombine.Quality:1                ; cheap slight out of focus]]
[2025.10.04-23.57.38:564][  0]LogConfig: Setting CVar [[r.DOF.Recombine.EnableBokehSettings:0    ; no bokeh simulation on slight out of focus]]
[2025.10.04-23.57.38:565][  0]LogConfig: Setting CVar [[r.DOF.TemporalAAQuality:1                ; more stable temporal accumulation]]
[2025.10.04-23.57.38:565][  0]LogConfig: Setting CVar [[r.DOF.Kernel.MaxForegroundRadius:0.025]]
[2025.10.04-23.57.38:565][  0]LogConfig: Setting CVar [[r.DOF.Kernel.MaxBackgroundRadius:0.025]]
[2025.10.04-23.57.38:565][  0]LogConfig: Applying CVar settings from Section [TextureQuality@3] File [D:/LearnData/UnrealProject/UnrealLearn/CPlusTutorial/Saved/Config/Windows/Scalability.ini]
[2025.10.04-23.57.38:565][  0]LogConfig: Setting CVar [[r.Streaming.MipBias:0]]
[2025.10.04-23.57.38:565][  0]LogConfig: Setting CVar [[r.Streaming.AmortizeCPUToGPUCopy:0]]
[2025.10.04-23.57.38:565][  0]LogConfig: Setting CVar [[r.Streaming.MaxNumTexturesToStreamPerFrame:0]]
[2025.10.04-23.57.38:565][  0]LogConfig: Setting CVar [[r.Streaming.Boost:1]]
[2025.10.04-23.57.38:565][  0]LogConfig: Setting CVar [[r.MaxAnisotropy:8]]
[2025.10.04-23.57.38:565][  0]LogConfig: Setting CVar [[r.VT.MaxAnisotropy:8]]
[2025.10.04-23.57.38:565][  0]LogConfig: Setting CVar [[r.Streaming.LimitPoolSizeToVRAM:0]]
[2025.10.04-23.57.38:565][  0]LogConfig: Setting CVar [[r.Streaming.PoolSize:1000]]
[2025.10.04-23.57.38:565][  0]LogConfig: Setting CVar [[r.Streaming.MaxEffectiveScreenSize:0]]
[2025.10.04-23.57.38:565][  0]LogConfig: Applying CVar settings from Section [EffectsQuality@3] File [D:/LearnData/UnrealProject/UnrealLearn/CPlusTutorial/Saved/Config/Windows/Scalability.ini]
[2025.10.04-23.57.38:565][  0]LogConfig: Setting CVar [[r.TranslucencyLightingVolumeDim:64]]
[2025.10.04-23.57.38:565][  0]LogConfig: Setting CVar [[r.RefractionQuality:2]]
[2025.10.04-23.57.38:565][  0]LogConfig: Setting CVar [[r.SSR.Quality:3]]
[2025.10.04-23.57.38:565][  0]LogConfig: Setting CVar [[r.SSR.HalfResSceneColor:0]]
[2025.10.04-23.57.38:565][  0]LogConfig: Setting CVar [[r.SceneColorFormat:4]]
[2025.10.04-23.57.38:565][  0]LogConfig: Setting CVar [[r.DetailMode:2]]
[2025.10.04-23.57.38:565][  0]LogConfig: Setting CVar [[r.TranslucencyVolumeBlur:1]]
[2025.10.04-23.57.38:565][  0]LogConfig: Setting CVar [[r.MaterialQualityLevel:1 ; High quality]]
[2025.10.04-23.57.38:565][  0]LogConfig: Setting CVar [[r.AnisotropicMaterials:1]]
[2025.10.04-23.57.38:565][  0]LogConfig: Setting CVar [[r.SSS.Scale:1]]
[2025.10.04-23.57.38:565][  0]LogConfig: Setting CVar [[r.SSS.SampleSet:2]]
[2025.10.04-23.57.38:565][  0]LogConfig: Setting CVar [[r.SSS.Quality:1]]
[2025.10.04-23.57.38:565][  0]LogConfig: Setting CVar [[r.SSS.HalfRes:0]]
[2025.10.04-23.57.38:565][  0]LogConfig: Setting CVar [[r.SSGI.Quality:3]]
[2025.10.04-23.57.38:565][  0]LogConfig: Setting CVar [[r.EmitterSpawnRateScale:1.0]]
[2025.10.04-23.57.38:565][  0]LogConfig: Setting CVar [[r.ParticleLightQuality:2]]
[2025.10.04-23.57.38:565][  0]LogConfig: Setting CVar [[r.SkyAtmosphere.AerialPerspectiveLUT.FastApplyOnOpaque:1 ; Always have FastSkyLUT 1 in this case to avoid wrong sky]]
[2025.10.04-23.57.38:565][  0]LogConfig: Setting CVar [[r.SkyAtmosphere.AerialPerspectiveLUT.SampleCountMaxPerSlice:4]]
[2025.10.04-23.57.38:565][  0]LogConfig: Setting CVar [[r.SkyAtmosphere.AerialPerspectiveLUT.DepthResolution:16.0]]
[2025.10.04-23.57.38:565][  0]LogConfig: Setting CVar [[r.SkyAtmosphere.FastSkyLUT:1]]
[2025.10.04-23.57.38:565][  0]LogConfig: Setting CVar [[r.SkyAtmosphere.FastSkyLUT.SampleCountMin:4.0]]
[2025.10.04-23.57.38:565][  0]LogConfig: Setting CVar [[r.SkyAtmosphere.FastSkyLUT.SampleCountMax:128.0]]
[2025.10.04-23.57.38:565][  0]LogConfig: Setting CVar [[r.SkyAtmosphere.SampleCountMin:4.0]]
[2025.10.04-23.57.38:565][  0]LogConfig: Setting CVar [[r.SkyAtmosphere.SampleCountMax:128.0]]
[2025.10.04-23.57.38:565][  0]LogConfig: Setting CVar [[r.SkyAtmosphere.TransmittanceLUT.UseSmallFormat:0]]
[2025.10.04-23.57.38:565][  0]LogConfig: Setting CVar [[r.SkyAtmosphere.TransmittanceLUT.SampleCount:10.0]]
[2025.10.04-23.57.38:565][  0]LogConfig: Setting CVar [[r.SkyAtmosphere.MultiScatteringLUT.SampleCount:15.0]]
[2025.10.04-23.57.38:565][  0]LogConfig: Setting CVar [[r.SkyLight.RealTimeReflectionCapture:1]]
[2025.10.04-23.57.38:565][  0]LogConfig: Applying CVar settings from Section [FoliageQuality@3] File [D:/LearnData/UnrealProject/UnrealLearn/CPlusTutorial/Saved/Config/Windows/Scalability.ini]
[2025.10.04-23.57.38:565][  0]LogConfig: Setting CVar [[foliage.DensityScale:1.0]]
[2025.10.04-23.57.38:565][  0]LogConfig: Setting CVar [[grass.DensityScale:1.0]]
[2025.10.04-23.57.38:565][  0]LogConfig: Applying CVar settings from Section [ShadingQuality@3] File [D:/LearnData/UnrealProject/UnrealLearn/CPlusTutorial/Saved/Config/Windows/Scalability.ini]
[2025.10.04-23.57.38:565][  0]LogConfig: Setting CVar [[r.HairStrands.SkyLighting.IntegrationType:2]]
[2025.10.04-23.57.38:565][  0]LogConfig: Setting CVar [[r.HairStrands.SkyAO.SampleCount:4]]
[2025.10.04-23.57.38:565][  0]LogConfig: Setting CVar [[r.HairStrands.Visibility.MSAA.SamplePerPixel:4]]
[2025.10.04-23.57.38:566][  0]LogInit: Selected Device Profile: [Windows]
[2025.10.04-23.57.38:566][  0]LogInit: Applying CVar settings loaded from the selected device profile: [Windows]
[2025.10.04-23.57.38:566][  0]LogHAL: Display: Platform has ~ 32 GB [34164101120 / 34359738368 / 32], which maps to Largest [LargestMinGB=32, LargerMinGB=12, DefaultMinGB=8, SmallerMinGB=6, SmallestMinGB=0)
[2025.10.04-23.57.38:566][  0]LogInit: Going up to parent DeviceProfile []
[2025.10.04-23.57.38:567][  0]LogConfig: Applying CVar settings from Section [ViewDistanceQuality@3] File [D:/LearnData/UnrealProject/UnrealLearn/CPlusTutorial/Saved/Config/Windows/Scalability.ini]
[2025.10.04-23.57.38:567][  0]LogConfig: Setting CVar [[r.SkeletalMeshLODBias:0]]
[2025.10.04-23.57.38:567][  0]LogConfig: Setting CVar [[r.ViewDistanceScale:1.0]]
[2025.10.04-23.57.38:567][  0]LogConfig: Applying CVar settings from Section [AntiAliasingQuality@3] File [D:/LearnData/UnrealProject/UnrealLearn/CPlusTutorial/Saved/Config/Windows/Scalability.ini]
[2025.10.04-23.57.38:567][  0]LogConfig: Setting CVar [[r.PostProcessAAQuality:4]]
[2025.10.04-23.57.38:567][  0]LogConfig: Applying CVar settings from Section [ShadowQuality@3] File [D:/LearnData/UnrealProject/UnrealLearn/CPlusTutorial/Saved/Config/Windows/Scalability.ini]
[2025.10.04-23.57.38:567][  0]LogConfig: Setting CVar [[r.LightFunctionQuality:1]]
[2025.10.04-23.57.38:567][  0]LogConfig: Setting CVar [[r.ShadowQuality:5]]
[2025.10.04-23.57.38:567][  0]LogConfig: Setting CVar [[r.Shadow.CSM.MaxCascades:10]]
[2025.10.04-23.57.38:567][  0]LogConfig: Setting CVar [[r.Shadow.MaxResolution:2048]]
[2025.10.04-23.57.38:567][  0]LogConfig: Setting CVar [[r.Shadow.MaxCSMResolution:2048]]
[2025.10.04-23.57.38:567][  0]LogConfig: Setting CVar [[r.Shadow.RadiusThreshold:0.01]]
[2025.10.04-23.57.38:567][  0]LogConfig: Setting CVar [[r.Shadow.DistanceScale:1.0]]
[2025.10.04-23.57.38:567][  0]LogConfig: Setting CVar [[r.Shadow.CSM.TransitionScale:1.0]]
[2025.10.04-23.57.38:567][  0]LogConfig: Setting CVar [[r.Shadow.PreShadowResolutionFactor:1.0]]
[2025.10.04-23.57.38:567][  0]LogConfig: Setting CVar [[r.DistanceFieldShadowing:1]]
[2025.10.04-23.57.38:567][  0]LogConfig: Setting CVar [[r.DistanceFieldAO:1]]
[2025.10.04-23.57.38:567][  0]LogConfig: Setting CVar [[r.AOQuality:2]]
[2025.10.04-23.57.38:567][  0]LogConfig: Setting CVar [[r.VolumetricFog:1]]
[2025.10.04-23.57.38:567][  0]LogConfig: Setting CVar [[r.VolumetricFog.GridPixelSize:8]]
[2025.10.04-23.57.38:567][  0]LogConfig: Setting CVar [[r.VolumetricFog.GridSizeZ:128]]
[2025.10.04-23.57.38:567][  0]LogConfig: Setting CVar [[r.VolumetricFog.HistoryMissSupersampleCount:4]]
[2025.10.04-23.57.38:567][  0]LogConfig: Setting CVar [[r.LightMaxDrawDistanceScale:1]]
[2025.10.04-23.57.38:567][  0]LogConfig: Setting CVar [[r.CapsuleShadows:1]]
[2025.10.04-23.57.38:567][  0]LogConfig: Applying CVar settings from Section [PostProcessQuality@3] File [D:/LearnData/UnrealProject/UnrealLearn/CPlusTutorial/Saved/Config/Windows/Scalability.ini]
[2025.10.04-23.57.38:567][  0]LogConfig: Setting CVar [[r.MotionBlurQuality:4]]
[2025.10.04-23.57.38:567][  0]LogConfig: Setting CVar [[r.AmbientOcclusionMipLevelFactor:0.4]]
[2025.10.04-23.57.38:567][  0]LogConfig: Setting CVar [[r.AmbientOcclusionMaxQuality:100]]
[2025.10.04-23.57.38:567][  0]LogConfig: Setting CVar [[r.AmbientOcclusionLevels:-1]]
[2025.10.04-23.57.38:567][  0]LogConfig: Setting CVar [[r.AmbientOcclusionRadiusScale:1.0]]
[2025.10.04-23.57.38:567][  0]LogConfig: Setting CVar [[r.DepthOfFieldQuality:2]]
[2025.10.04-23.57.38:567][  0]LogConfig: Setting CVar [[r.RenderTargetPoolMin:400]]
[2025.10.04-23.57.38:567][  0]LogConfig: Setting CVar [[r.LensFlareQuality:2]]
[2025.10.04-23.57.38:567][  0]LogConfig: Setting CVar [[r.SceneColorFringeQuality:1]]
[2025.10.04-23.57.38:567][  0]LogConfig: Setting CVar [[r.EyeAdaptationQuality:2]]
[2025.10.04-23.57.38:567][  0]LogConfig: Setting CVar [[r.BloomQuality:5]]
[2025.10.04-23.57.38:567][  0]LogConfig: Setting CVar [[r.FastBlurThreshold:100]]
[2025.10.04-23.57.38:567][  0]LogConfig: Setting CVar [[r.Upscale.Quality:3]]
[2025.10.04-23.57.38:567][  0]LogConfig: Setting CVar [[r.Tonemapper.GrainQuantization:1]]
[2025.10.04-23.57.38:567][  0]LogConfig: Setting CVar [[r.LightShaftQuality:1]]
[2025.10.04-23.57.38:567][  0]LogConfig: Setting CVar [[r.Filter.SizeScale:1]]
[2025.10.04-23.57.38:567][  0]LogConfig: Setting CVar [[r.Tonemapper.Quality:5]]
[2025.10.04-23.57.38:567][  0]LogConfig: Setting CVar [[r.DOF.Gather.AccumulatorQuality:1        ; higher gathering accumulator quality]]
[2025.10.04-23.57.38:567][  0]LogConfig: Setting CVar [[r.DOF.Gather.PostfilterMethod:1          ; Median3x3 postfilering method]]
[2025.10.04-23.57.38:567][  0]LogConfig: Setting CVar [[r.DOF.Gather.EnableBokehSettings:0       ; no bokeh simulation when gathering]]
[2025.10.04-23.57.38:567][  0]LogConfig: Setting CVar [[r.DOF.Gather.RingCount:4                 ; medium number of samples when gathering]]
[2025.10.04-23.57.38:567][  0]LogConfig: Setting CVar [[r.DOF.Scatter.ForegroundCompositing:1    ; additive foreground scattering]]
[2025.10.04-23.57.38:567][  0]LogConfig: Setting CVar [[r.DOF.Scatter.BackgroundCompositing:2    ; additive background scattering]]
[2025.10.04-23.57.38:567][  0]LogConfig: Setting CVar [[r.DOF.Scatter.EnableBokehSettings:1      ; bokeh simulation when scattering]]
[2025.10.04-23.57.38:567][  0]LogConfig: Setting CVar [[r.DOF.Scatter.MaxSpriteRatio:0.1         ; only a maximum of 10% of scattered bokeh]]
[2025.10.04-23.57.38:567][  0]LogConfig: Setting CVar [[r.DOF.Recombine.Quality:1                ; cheap slight out of focus]]
[2025.10.04-23.57.38:567][  0]LogConfig: Setting CVar [[r.DOF.Recombine.EnableBokehSettings:0    ; no bokeh simulation on slight out of focus]]
[2025.10.04-23.57.38:567][  0]LogConfig: Setting CVar [[r.DOF.TemporalAAQuality:1                ; more stable temporal accumulation]]
[2025.10.04-23.57.38:567][  0]LogConfig: Setting CVar [[r.DOF.Kernel.MaxForegroundRadius:0.025]]
[2025.10.04-23.57.38:567][  0]LogConfig: Setting CVar [[r.DOF.Kernel.MaxBackgroundRadius:0.025]]
[2025.10.04-23.57.38:567][  0]LogConfig: Applying CVar settings from Section [TextureQuality@3] File [D:/LearnData/UnrealProject/UnrealLearn/CPlusTutorial/Saved/Config/Windows/Scalability.ini]
[2025.10.04-23.57.38:567][  0]LogConfig: Setting CVar [[r.Streaming.MipBias:0]]
[2025.10.04-23.57.38:567][  0]LogConfig: Setting CVar [[r.Streaming.AmortizeCPUToGPUCopy:0]]
[2025.10.04-23.57.38:567][  0]LogConfig: Setting CVar [[r.Streaming.MaxNumTexturesToStreamPerFrame:0]]
[2025.10.04-23.57.38:567][  0]LogConfig: Setting CVar [[r.Streaming.Boost:1]]
[2025.10.04-23.57.38:567][  0]LogConfig: Setting CVar [[r.MaxAnisotropy:8]]
[2025.10.04-23.57.38:567][  0]LogConfig: Setting CVar [[r.VT.MaxAnisotropy:8]]
[2025.10.04-23.57.38:567][  0]LogConfig: Setting CVar [[r.Streaming.LimitPoolSizeToVRAM:0]]
[2025.10.04-23.57.38:567][  0]LogConfig: Setting CVar [[r.Streaming.PoolSize:1000]]
[2025.10.04-23.57.38:567][  0]LogConfig: Setting CVar [[r.Streaming.MaxEffectiveScreenSize:0]]
[2025.10.04-23.57.38:567][  0]LogConfig: Applying CVar settings from Section [EffectsQuality@3] File [D:/LearnData/UnrealProject/UnrealLearn/CPlusTutorial/Saved/Config/Windows/Scalability.ini]
[2025.10.04-23.57.38:567][  0]LogConfig: Setting CVar [[r.TranslucencyLightingVolumeDim:64]]
[2025.10.04-23.57.38:567][  0]LogConfig: Setting CVar [[r.RefractionQuality:2]]
[2025.10.04-23.57.38:567][  0]LogConfig: Setting CVar [[r.SSR.Quality:3]]
[2025.10.04-23.57.38:567][  0]LogConfig: Setting CVar [[r.SSR.HalfResSceneColor:0]]
[2025.10.04-23.57.38:567][  0]LogConfig: Setting CVar [[r.SceneColorFormat:4]]
[2025.10.04-23.57.38:567][  0]LogConfig: Setting CVar [[r.DetailMode:2]]
[2025.10.04-23.57.38:567][  0]LogConfig: Setting CVar [[r.TranslucencyVolumeBlur:1]]
[2025.10.04-23.57.38:567][  0]LogConfig: Setting CVar [[r.MaterialQualityLevel:1 ; High quality]]
[2025.10.04-23.57.38:567][  0]LogConfig: Setting CVar [[r.AnisotropicMaterials:1]]
[2025.10.04-23.57.38:567][  0]LogConfig: Setting CVar [[r.SSS.Scale:1]]
[2025.10.04-23.57.38:567][  0]LogConfig: Setting CVar [[r.SSS.SampleSet:2]]
[2025.10.04-23.57.38:567][  0]LogConfig: Setting CVar [[r.SSS.Quality:1]]
[2025.10.04-23.57.38:567][  0]LogConfig: Setting CVar [[r.SSS.HalfRes:0]]
[2025.10.04-23.57.38:567][  0]LogConfig: Setting CVar [[r.SSGI.Quality:3]]
[2025.10.04-23.57.38:567][  0]LogConfig: Setting CVar [[r.EmitterSpawnRateScale:1.0]]
[2025.10.04-23.57.38:567][  0]LogConfig: Setting CVar [[r.ParticleLightQuality:2]]
[2025.10.04-23.57.38:567][  0]LogConfig: Setting CVar [[r.SkyAtmosphere.AerialPerspectiveLUT.FastApplyOnOpaque:1 ; Always have FastSkyLUT 1 in this case to avoid wrong sky]]
[2025.10.04-23.57.38:567][  0]LogConfig: Setting CVar [[r.SkyAtmosphere.AerialPerspectiveLUT.SampleCountMaxPerSlice:4]]
[2025.10.04-23.57.38:567][  0]LogConfig: Setting CVar [[r.SkyAtmosphere.AerialPerspectiveLUT.DepthResolution:16.0]]
[2025.10.04-23.57.38:567][  0]LogConfig: Setting CVar [[r.SkyAtmosphere.FastSkyLUT:1]]
[2025.10.04-23.57.38:567][  0]LogConfig: Setting CVar [[r.SkyAtmosphere.FastSkyLUT.SampleCountMin:4.0]]
[2025.10.04-23.57.38:567][  0]LogConfig: Setting CVar [[r.SkyAtmosphere.FastSkyLUT.SampleCountMax:128.0]]
[2025.10.04-23.57.38:567][  0]LogConfig: Setting CVar [[r.SkyAtmosphere.SampleCountMin:4.0]]
[2025.10.04-23.57.38:567][  0]LogConfig: Setting CVar [[r.SkyAtmosphere.SampleCountMax:128.0]]
[2025.10.04-23.57.38:567][  0]LogConfig: Setting CVar [[r.SkyAtmosphere.TransmittanceLUT.UseSmallFormat:0]]
[2025.10.04-23.57.38:567][  0]LogConfig: Setting CVar [[r.SkyAtmosphere.TransmittanceLUT.SampleCount:10.0]]
[2025.10.04-23.57.38:567][  0]LogConfig: Setting CVar [[r.SkyAtmosphere.MultiScatteringLUT.SampleCount:15.0]]
[2025.10.04-23.57.38:567][  0]LogConfig: Setting CVar [[r.SkyLight.RealTimeReflectionCapture:1]]
[2025.10.04-23.57.38:567][  0]LogConfig: Applying CVar settings from Section [FoliageQuality@3] File [D:/LearnData/UnrealProject/UnrealLearn/CPlusTutorial/Saved/Config/Windows/Scalability.ini]
[2025.10.04-23.57.38:567][  0]LogConfig: Setting CVar [[foliage.DensityScale:1.0]]
[2025.10.04-23.57.38:567][  0]LogConfig: Setting CVar [[grass.DensityScale:1.0]]
[2025.10.04-23.57.38:568][  0]LogConfig: Applying CVar settings from Section [ShadingQuality@3] File [D:/LearnData/UnrealProject/UnrealLearn/CPlusTutorial/Saved/Config/Windows/Scalability.ini]
[2025.10.04-23.57.38:568][  0]LogConfig: Setting CVar [[r.HairStrands.SkyLighting.IntegrationType:2]]
[2025.10.04-23.57.38:568][  0]LogConfig: Setting CVar [[r.HairStrands.SkyAO.SampleCount:4]]
[2025.10.04-23.57.38:568][  0]LogConfig: Setting CVar [[r.HairStrands.Visibility.MSAA.SamplePerPixel:4]]
[2025.10.04-23.57.38:568][  0]LogConfig: Applying CVar settings from Section [Startup] File [../../../Engine/Config/ConsoleVariables.ini]
[2025.10.04-23.57.38:568][  0]LogConfig: Setting CVar [[net.UseAdaptiveNetUpdateFrequency:0]]
[2025.10.04-23.57.38:568][  0]LogConfig: Setting CVar [[p.chaos.AllowCreatePhysxBodies:1]]
[2025.10.04-23.57.38:568][  0]LogConfig: Setting CVar [[fx.SkipVectorVMBackendOptimizations:1]]
[2025.10.04-23.57.38:568][  0]LogConfig: Applying CVar settings from Section [ConsoleVariables] File [D:/LearnData/UnrealProject/UnrealLearn/CPlusTutorial/Saved/Config/Windows/Engine.ini]
[2025.10.04-23.57.38:568][  0]LogConfig: Applying CVar settings from Section [ConsoleVariables] File [D:/LearnData/UnrealProject/UnrealLearn/CPlusTutorial/Saved/Config/Windows/Editor.ini]
[2025.10.04-23.57.38:568][  0]LogInit: Computer: MIU
[2025.10.04-23.57.38:568][  0]LogInit: User: 23932
[2025.10.04-23.57.38:568][  0]LogInit: CPU Page size=4096, Cores=6
[2025.10.04-23.57.38:568][  0]LogInit: High frequency timer resolution =10.000000 MHz
[2025.10.04-23.57.38:568][  0]LogMemory: Memory total: Physical=31.8GB (32GB approx)
[2025.10.04-23.57.38:569][  0]LogMemory: Platform Memory Stats for Windows
[2025.10.04-23.57.38:569][  0]LogMemory: Process Physical Memory: 196.13 MB used, 196.13 MB peak
[2025.10.04-23.57.38:569][  0]LogMemory: Process Virtual Memory: 157.72 MB used, 157.72 MB peak
[2025.10.04-23.57.38:569][  0]LogMemory: Physical Memory: 16452.25 MB used,  16129.18 MB free, 32581.43 MB total
[2025.10.04-23.57.38:569][  0]LogMemory: Virtual Memory: 134199704.00 MB used,  18021.88 MB free, 134217728.00 MB total
[2025.10.04-23.57.38:577][  0]LogWindows: WindowsPlatformFeatures enabled
[2025.10.04-23.57.38:705][  0]LogInit: Physics initialised using underlying interface: PhysX
[2025.10.04-23.57.38:707][  0]LogInit: Using OS detected language (ja-JP).
[2025.10.04-23.57.38:707][  0]LogInit: Using OS detected locale (ja-JP).
[2025.10.04-23.57.38:722][  0]LogTextLocalizationManager: No specific localization for 'ja-JP' exists, so the 'ja' localization will be used.
[2025.10.04-23.57.38:885][  0]LogInit: Setting process to per monitor DPI aware
[2025.10.04-23.57.38:951][  0]LogWindowsTextInputMethodSystem: Display: IME system deactivated.
[2025.10.04-23.57.38:984][  0]LogSlate: New Slate User Created.  User Index 0, Is Virtual User: 0
[2025.10.04-23.57.38:984][  0]LogSlate: Slate User Registered.  User Index 0, Is Virtual User: 0
[2025.10.04-23.57.39:356][  0]LogD3D11RHI: Loaded GFSDK_Aftermath_Lib.x64.dll
[2025.10.04-23.57.39:367][  0]LogHMD: Failed to initialize OpenVR with code 110
[2025.10.04-23.57.39:367][  0]LogD3D11RHI: D3D11 min allowed feature level: 11_0
[2025.10.04-23.57.39:367][  0]LogD3D11RHI: D3D11 max allowed feature level: 11_0
[2025.10.04-23.57.39:367][  0]LogD3D11RHI: D3D11 adapters:
[2025.10.04-23.57.39:615][  0]LogD3D11RHI:    0. 'NVIDIA GeForce RTX 3060 Ti' (Feature Level 11_0)
[2025.10.04-23.57.39:615][  0]LogD3D11RHI:       8024/0/16290 MB DedicatedVideo/DedicatedSystem/SharedSystem, Outputs:1, VendorId:0x10de
[2025.10.04-23.57.39:619][  0]LogD3D11RHI:    1. 'Microsoft Basic Render Driver' (Feature Level 11_0)
[2025.10.04-23.57.39:619][  0]LogD3D11RHI:       0/0/16290 MB DedicatedVideo/DedicatedSystem/SharedSystem, Outputs:0, VendorId:0x1414
[2025.10.04-23.57.39:619][  0]LogD3D11RHI: Chosen D3D11 Adapter:
[2025.10.04-23.57.39:619][  0]LogD3D11RHI:     Description : NVIDIA GeForce RTX 3060 Ti
[2025.10.04-23.57.39:619][  0]LogD3D11RHI:     VendorId    : 10de
[2025.10.04-23.57.39:619][  0]LogD3D11RHI:     DeviceId    : 2489
[2025.10.04-23.57.39:619][  0]LogD3D11RHI:     SubSysId    : 39031462
[2025.10.04-23.57.39:619][  0]LogD3D11RHI:     Revision    : 00a1
[2025.10.04-23.57.39:619][  0]LogD3D11RHI:     DedicatedVideoMemory : 8413773824 bytes
[2025.10.04-23.57.39:619][  0]LogD3D11RHI:     DedicatedSystemMemory : 0 bytes
[2025.10.04-23.57.39:619][  0]LogD3D11RHI:     SharedSystemMemory : 17082050560 bytes
[2025.10.04-23.57.39:619][  0]LogD3D11RHI:     AdapterLuid : 0 66052
[2025.10.04-23.57.39:626][  0]LogD3D11RHI: Creating new Direct3DDevice
[2025.10.04-23.57.39:627][  0]LogD3D11RHI:     GPU DeviceId: 0x2489 (for the marketing name, search the web for "GPU Device Id")
[2025.10.04-23.57.39:627][  0]LogWindows: EnumDisplayDevices:
[2025.10.04-23.57.39:627][  0]LogWindows:    0. 'NVIDIA GeForce RTX 3060 Ti' (P:1 D:1)
[2025.10.04-23.57.39:627][  0]LogWindows:    1. 'NVIDIA GeForce RTX 3060 Ti' (P:0 D:0)
[2025.10.04-23.57.39:627][  0]LogWindows:    2. 'NVIDIA GeForce RTX 3060 Ti' (P:0 D:0)
[2025.10.04-23.57.39:628][  0]LogWindows:    3. 'NVIDIA GeForce RTX 3060 Ti' (P:0 D:0)
[2025.10.04-23.57.39:628][  0]LogWindows: DebugString: FoundDriverCount:4 
[2025.10.04-23.57.39:628][  0]LogD3D11RHI:     Adapter Name: NVIDIA GeForce RTX 3060 Ti
[2025.10.04-23.57.39:628][  0]LogD3D11RHI:   Driver Version: 580.88 (internal:32.0.15.8088, unified:580.88)
[2025.10.04-23.57.39:628][  0]LogD3D11RHI:      Driver Date: 7-27-2025
[2025.10.04-23.57.39:628][  0]LogRHI: Texture pool is 5616 MB (70% of 8024 MB)
[2025.10.04-23.57.39:628][  0]LogD3D11RHI: Creating D3DDevice using adapter:
[2025.10.04-23.57.39:628][  0]LogD3D11RHI:     Description : NVIDIA GeForce RTX 3060 Ti
[2025.10.04-23.57.39:628][  0]LogD3D11RHI:     VendorId    : 10de
[2025.10.04-23.57.39:628][  0]LogD3D11RHI:     DeviceId    : 2489
[2025.10.04-23.57.39:628][  0]LogD3D11RHI:     SubSysId    : 39031462
[2025.10.04-23.57.39:628][  0]LogD3D11RHI:     Revision    : 00a1
[2025.10.04-23.57.39:628][  0]LogD3D11RHI:     DedicatedVideoMemory : 8413773824 bytes
[2025.10.04-23.57.39:628][  0]LogD3D11RHI:     DedicatedSystemMemory : 0 bytes
[2025.10.04-23.57.39:628][  0]LogD3D11RHI:     SharedSystemMemory : 17082050560 bytes
[2025.10.04-23.57.39:628][  0]LogD3D11RHI:     AdapterLuid : 0 66052
[2025.10.04-23.57.39:799][  0]LogD3D11RHI: RHI has support for 64 bit atomics
[2025.10.04-23.57.39:799][  0]LogD3D11RHI: Async texture creation enabled
[2025.10.04-23.57.39:799][  0]LogD3D11RHI: Array index from any shader is supported
[2025.10.04-23.57.39:801][  0]LogD3D11RHI: HDR output is supported on display 0 (NvId: 0x80061080).
[2025.10.04-23.57.39:845][  0]LogD3D11RHI: GPU Timing Frequency: 1000.000000 (Debug: 2 2)
[2025.10.04-23.57.39:891][  0]LogRHI: GeForceNow SDK initialized: 1
[2025.10.04-23.57.40:281][  0]LogTargetPlatformManager: Display: Loaded TargetPlatform 'AllDesktop'
[2025.10.04-23.57.40:312][  0]LogTargetPlatformManager: Display: Loaded TargetPlatform 'Android'
[2025.10.04-23.57.40:312][  0]LogTargetPlatformManager: Display: Loaded TargetPlatform 'Android_ASTC'
[2025.10.04-23.57.40:312][  0]LogTargetPlatformManager: Display: Loaded TargetPlatform 'Android_DXT'
[2025.10.04-23.57.40:312][  0]LogTargetPlatformManager: Display: Loaded TargetPlatform 'Android_ETC2'
[2025.10.04-23.57.40:312][  0]LogTargetPlatformManager: Display: Loaded TargetPlatform 'AndroidClient'
[2025.10.04-23.57.40:312][  0]LogTargetPlatformManager: Display: Loaded TargetPlatform 'Android_ASTCClient'
[2025.10.04-23.57.40:312][  0]LogTargetPlatformManager: Display: Loaded TargetPlatform 'Android_DXTClient'
[2025.10.04-23.57.40:312][  0]LogTargetPlatformManager: Display: Loaded TargetPlatform 'Android_ETC2Client'
[2025.10.04-23.57.40:312][  0]LogTargetPlatformManager: Display: Loaded TargetPlatform 'Android_Multi'
[2025.10.04-23.57.40:312][  0]LogTargetPlatformManager: Display: Loaded TargetPlatform 'Android_MultiClient'
[2025.10.04-23.57.40:343][  0]LogTargetPlatformManager: Display: Loaded TargetPlatform 'IOSClient'
[2025.10.04-23.57.40:343][  0]LogTargetPlatformManager: Display: Loaded TargetPlatform 'IOS'
[2025.10.04-23.57.40:355][  0]LogTargetPlatformManager: Display: Loaded TargetPlatform 'Linux'
[2025.10.04-23.57.40:365][  0]LogTargetPlatformManager: Display: Loaded TargetPlatform 'LinuxNoEditor'
[2025.10.04-23.57.40:371][  0]LogTargetPlatformManager: Display: Loaded TargetPlatform 'LinuxClient'
[2025.10.04-23.57.40:380][  0]LogTargetPlatformManager: Display: Loaded TargetPlatform 'LinuxServer'
[2025.10.04-23.57.40:391][  0]LogTargetPlatformManager: Display: Loaded TargetPlatform 'LinuxAArch64NoEditor'
[2025.10.04-23.57.40:399][  0]LogTargetPlatformManager: Display: Loaded TargetPlatform 'LinuxAArch64Client'
[2025.10.04-23.57.40:407][  0]LogTargetPlatformManager: Display: Loaded TargetPlatform 'LinuxAArch64Server'
[2025.10.04-23.57.40:434][  0]LogTargetPlatformManager: Display: Loaded TargetPlatform 'Lumin'
[2025.10.04-23.57.40:434][  0]LogTargetPlatformManager: Display: Loaded TargetPlatform 'LuminClient'
[2025.10.04-23.57.40:447][  0]LogTargetPlatformManager: Display: Loaded TargetPlatform 'MacNoEditor'
[2025.10.04-23.57.40:454][  0]LogTargetPlatformManager: Display: Loaded TargetPlatform 'Mac'
[2025.10.04-23.57.40:461][  0]LogTargetPlatformManager: Display: Loaded TargetPlatform 'MacClient'
[2025.10.04-23.57.40:469][  0]LogTargetPlatformManager: Display: Loaded TargetPlatform 'MacServer'
[2025.10.04-23.57.40:484][  0]LogTargetPlatformManager: Display: Loaded TargetPlatform 'TVOSClient'
[2025.10.04-23.57.40:484][  0]LogTargetPlatformManager: Display: Loaded TargetPlatform 'TVOS'
[2025.10.04-23.57.40:500][  0]LogTargetPlatformManager: Display: Loaded TargetPlatform 'WindowsNoEditor'
[2025.10.04-23.57.40:509][  0]LogTargetPlatformManager: Display: Loaded TargetPlatform 'Windows'
[2025.10.04-23.57.40:517][  0]LogTargetPlatformManager: Display: Loaded TargetPlatform 'WindowsClient'
[2025.10.04-23.57.40:526][  0]LogTargetPlatformManager: Display: Loaded TargetPlatform 'WindowsServer'
[2025.10.04-23.57.40:526][  0]LogTargetPlatformManager: Display: Building Assets For Windows
[2025.10.04-23.57.40:545][  0]LogAudioDebug: Display: Lib vorbis DLL was dynamically loaded.
[2025.10.04-23.57.40:616][  0]LogTextureFormatOodle: Display: Oodle Texture 2.9.0 init RDO Off
[2025.10.04-23.57.40:731][  0]LogRendererCore: Ray tracing is disabled. Reason: r.RayTracing=0.
[2025.10.04-23.57.40:733][  0]LogShaderCompilers: Guid format shader working directory is -6 characters bigger than the processId version (D:/LearnData/UnrealProject/UnrealLearn/CPlusTutorial/Intermediate/Shaders/WorkingDirectory/6524/).
[2025.10.04-23.57.40:733][  0]LogShaderCompilers: Cleaned the shader compiler working directory 'C:/Users/23932/AppData/Local/Temp/UnrealShaderWorkingDir/A154D2A4471BDEEEDCDC3698306DF695/'.
[2025.10.04-23.57.40:734][  0]LogXGEController: Cannot use XGE Controller as Incredibuild is not installed on this machine.
[2025.10.04-23.57.40:734][  0]LogShaderCompilers: Cannot use XGE Shader Compiler as Incredibuild is not installed on this machine.
[2025.10.04-23.57.40:734][  0]LogShaderCompilers: Display: Using Local Shader Compiler.
[2025.10.04-23.57.41:915][  0]LogDerivedDataCache: Display: Max Cache Size: 512 MB
[2025.10.04-23.57.42:007][  0]LogDerivedDataCache: Loaded boot cache 0.09s 94MB C:/Users/23932/AppData/Local/UnrealEngine/4.27/DerivedDataCache/Boot.ddc.
[2025.10.04-23.57.42:007][  0]LogDerivedDataCache: Display: Loaded Boot cache: C:/Users/23932/AppData/Local/UnrealEngine/4.27/DerivedDataCache/Boot.ddc
[2025.10.04-23.57.42:007][  0]LogDerivedDataCache: FDerivedDataBackendGraph:  Pak pak cache file D:/LearnData/UnrealProject/UnrealLearn/CPlusTutorial/DerivedDataCache/DDC.ddp not found, will not use a pak cache.
[2025.10.04-23.57.42:007][  0]LogDerivedDataCache: Unable to find inner node Pak for hierarchical cache Hierarchy.
[2025.10.04-23.57.42:007][  0]LogDerivedDataCache: FDerivedDataBackendGraph:  CompressedPak pak cache file D:/LearnData/UnrealProject/UnrealLearn/CPlusTutorial/DerivedDataCache/Compressed.ddp not found, will not use a pak cache.
[2025.10.04-23.57.42:007][  0]LogDerivedDataCache: Unable to find inner node CompressedPak for hierarchical cache Hierarchy.
[2025.10.04-23.57.42:030][  0]LogDerivedDataCache: Display: Pak cache opened for reading ../../../Engine/DerivedDataCache/Compressed.ddp.
[2025.10.04-23.57.42:030][  0]LogDerivedDataCache: FDerivedDataBackendGraph:  EnterprisePak pak cache file ../../../Enterprise/DerivedDataCache/Compressed.ddp not found, will not use a pak cache.
[2025.10.04-23.57.42:030][  0]LogDerivedDataCache: Unable to find inner node EnterprisePak for hierarchical cache Hierarchy.
[2025.10.04-23.57.42:052][  0]LogDerivedDataCache: Speed tests for C:/Users/23932/AppData/Local/UnrealEngine/Common/DerivedDataCache took 0.02 seconds
[2025.10.04-23.57.42:052][  0]LogDerivedDataCache: Display: Performance to C:/Users/23932/AppData/Local/UnrealEngine/Common/DerivedDataCache: Latency=0.11ms. RandomReadSpeed=156.44MBs, RandomWriteSpeed=64.32MBs. Assigned SpeedClass 'Local'
[2025.10.04-23.57.42:053][  0]LogDerivedDataCache: Using Local data cache path C:/Users/23932/AppData/Local/UnrealEngine/Common/DerivedDataCache: Writable
[2025.10.04-23.57.42:053][  0]LogDerivedDataCache: Shared data cache path not found in *engine.ini, will not use an Shared cache.
[2025.10.04-23.57.42:053][  0]LogDerivedDataCache: Unable to find inner node Shared for hierarchical cache Hierarchy.
[2025.10.04-23.57.42:111][  0]LogSlate: Using FreeType 2.10.0
[2025.10.04-23.57.42:115][  0]LogSlate: SlateFontServices - WITH_FREETYPE: 1, WITH_HARFBUZZ: 1
[2025.10.04-23.57.42:160][  0]LogAssetRegistry: FAssetRegistry took 0.0061 seconds to start up
[2025.10.04-23.57.42:660][  0]LogInit: Selected Device Profile: [Windows]
[2025.10.04-23.57.42:660][  0]LogInit: Active device profile: [0000022427384900][000002241F0EA2C0 49] Windows
[2025.10.04-23.57.42:660][  0]LogInit: Profiles: [0000022427384900][000002241F0EA2C0 49] Windows, [000002242733F800][00000224280D0440 49] WindowsNoEditor, [0000022427387500][00000224280CC580 49] WindowsServer, [000002242733CE00][00000224280D46C0 49] WindowsClient, [0000022427387800][00000224280E0800 49] IOS, [000002242733E800][00000224280E4940 49] iPadAir, [0000022427386000][00000224280ECAC0 49] iPadAir2, [00000224272ECA00][00000224280F4D80 49] IPadPro, [00000224272ECB00][00000224280F0DC0 49] iPadAir3, [000002242733D900][00000224280F8F40 49] iPadAir4, [00000224272EF400][00000224280FD0C0 49] iPadMini2, [000002242733EA00][0000022428101240 49] iPadMini3, [00000224272ED700][00000224281053C0 49] iPadMini4, [0000022427385100][0000022428109540 49] iPadMini5, [0000022427310300][0000022428111800 49] iPhone6, [0000022427310400][000002242810D840 49] iPodTouch6, [00000224272DFF00][0000022428119B00 49] iPhone7, [00000224272DFE00][0000022428115B40 49] iPodTouch7, [000002242733E000][000002242811C140 49] iPhone5S, [00000224272DDA00][00000224281202C0 49] iPhone6Plus, [0000022427310200][0000022428124440 49] iPhone6S, [00000224272DC600][000002242812C5C0 49] iPhone6SPlus, [0000022427312900][0000022428134740 49] iPhone7Plus, [00000224272DF100][00000224280E8880 49] iPhoneSE, [0000022427312200][00000224281389C0 49] iPhone8, [00000224272DFB00][000002242813CB00 49] iPhone8Plus, [0000022427310A00][0000022428144C80 49] iPhoneX, [00000224272DD400][0000022428148E00 49] iPhoneXS, [0000022427313900][000002242814CF80 49] iPhoneXSMax, [00000224272DC900][00000224281B1100 49] iPhoneXR, [0000022427312F00][00000224281B9280 49] iPhone11, [00000224272DD300][00000224281CD400 49] iPhone11Pro, [0000022427311000][00000224281E9580 49] iPhone11ProMax, [00000224272DEA00][00000224281ED700 49] iPhoneSE2, [0000022427311400][00000224281F1880 49] iPhone12Mini, [00000224272DE400][00000224281F5A00 49] iPhone12, [0000022427310D00][0000022428201B80 49] iPhone12Pro, [00000224272DEB00][0000022428204180 49] iPhone12ProMax, [0000022427313000][0000022428208300 49] iPadPro105, [00000224272DC700][000002242820C480 49] iPadPro129, [0000022427312800][0000022428210600 49] iPadPro97, [00000224272DE600][0000022428214780 49] iPadPro2_129, [0000022427313C00][000002241F124900 49] iPad5, [00000224272DE200][0000022428140A40 49] iPad6, [0000022427310F00][000002241F128B80 49] iPad7, [00000224272DED00][000002241F12CCC0 49] iPad8, [0000022427311100][0000022425A14E40 49] iPadPro11, [00000224272DD600][0000022425A18FC0 49] iPadPro2_11, [0000022427313400][0000022425A1D140 49] iPadPro3_129, [00000224272DE800][0000022425A212C0 49] iPadPro4_129, [0000022427313A00][0000022425A25440 49] AppleTV, [00000224272DE100][0000022425A295C0 49] AppleTV4K, [0000022427311F00][0000022425A2D740 49] TVOS, [00000224272DF400][0000022425A318C0 49] Mac, [0000022427313800][0000022425A35A40 49] MacClient, [00000224272DDE00][0000022425A39BC0 49] MacNoEditor, [0000022427313F00][0000022425A3C1C0 49] MacServer, [00000224272DF500][0000022425A40340 49] Linux, [0000022427310C00][0000022425A444C0 49] LinuxAArch64, [00000224272DEF00][0000022425A48640 49] LinuxNoEditor, [0000022427310B00][0000022425A4C7C0 49] LinuxAArch64NoEditor, [00000224272DF700][0000022425A50940 49] LinuxClient, [0000022427311A00][00000224201D4AC0 49] LinuxAArch64Client, [00000224272DD000][0000022425A10C00 49] LinuxServer, [0000022427312500][00000224201D8D40 49] LinuxAArch64Server, [00000224272DD900][00000224201DCE80 49] Android, [0000022427311300][00000224201E0FC0 49] Android_Low, [00000224272DE700][00000224201E9140 49] Android_Mid, [0000022427312B00][00000224201ED2C0 49] Android_High, [00000224272DF800][00000224201F1440 49] Android_Default, [0000022427311600][00000224201F55C0 49] Android_Adreno4xx, [00000224272DD500][00000224201F9740 49] Android_Adreno5xx_Low, [00000224272EF600][00000224201FD8C0 49] Android_Adreno5xx, [000002242733D800][0000022420201A40 49] Android_Adreno6xx, [00000224272ED200][0000022420205BC0 49] Android_Adreno6xx_Vulkan, [000002242733FC00][00000224202081C0 49] Android_Mali_T6xx, [00000224272ED100][000002242020C340 49] Android_Mali_T7xx, [000002242733D600][00000224202104C0 49] Android_Mali_T8xx, [00000224272EDE00][0000022420214640 49] Android_Mali_G71, [000002242733C500][00000224202187C0 49] Android_Mali_G72, [00000224272EC800][000002242021C940 49] Android_Mali_G72_Vulkan, [000002242733D300][0000022420220AC0 49] Android_Mali_G76, [00000224272EC100][0000022420224C40 49] Android_Mali_G76_Vulkan, [000002242733DF00][00000224201E4D80 49] Android_Mali_G77, [00000224272ED000][0000022420228EC0 49] Android_Mali_G77_Vulkan, [000002242733CA00][000002242022D000 49] Android_Mali_G78, [00000224272EEC00][0000022420231140 49] Android_Mali_G78_Vulkan, [000002242733F600][00000224202392C0 49] Android_Mali_G710, [00000224272EEA00][000002242023D440 49] Android_Mali_G710_Vulkan, [000002242733FF00][00000224202415C0 49] Android_Vulkan_SM5, [00000224272EFB00][0000022420245740 49] Android_PowerVR_G6xxx, [000002242733FB00][00000224202498C0 49] Android_PowerVR_GT7xxx, [00000224272EF900][000002240E69FA40 49] Android_PowerVR_GE8xxx, [000002242733CC00][000002240E6A3BC0 49] Android_PowerVR_GM9xxx, [00000224272EE700][000002240E6A61C0 49] Android_PowerVR_GM9xxx_Vulkan, [000002242733E700][000002240E6AA340 49] Android_TegraK1, [00000224272EC900][000002240E6AE4C0 49] Android_Unknown_Vulkan, [000002242733DD00][000002240E6B2640 49] Lumin, [00000224272EC500][000002240E6B67C0 49] Lumin_Desktop, [000002242733F300][000002240E6BA940 49] HoloLens, 
[2025.10.04-23.57.42:910][  0]LogMeshReduction: Using QuadricMeshReduction for automatic static mesh reduction
[2025.10.04-23.57.42:910][  0]LogMeshReduction: Using SimplygonMeshReduction for automatic skeletal mesh reduction
[2025.10.04-23.57.42:910][  0]LogMeshReduction: Using ProxyLODMeshReduction for automatic mesh merging
[2025.10.04-23.57.42:910][  0]LogMeshReduction: No distributed automatic mesh merging module available
[2025.10.04-23.57.42:910][  0]LogMeshMerging: No distributed automatic mesh merging module available
[2025.10.04-23.57.42:951][  0]LogNetVersion: CPlusTutorial 1.0.0, NetCL: 17155196, EngineNetVer: 17, GameNetVer: 0 (Checksum: 88783510)
[2025.10.04-23.57.43:627][  0]LogTexture: Default maximum texture size for cubemaps generated from long-lat sources has been changed from 512 to unlimited. In order to preserve old behaiour for '/Engine/MapTemplates/Sky/DaylightAmbientCubemap.DaylightAmbientCubemap', its maximum texture size has been explicitly set to 512.
[2025.10.04-23.57.43:704][  0]LogHMD: PokeAHoleMaterial loaded successfully
[2025.10.04-23.57.43:710][  0]LogUObjectArray: 17178 objects as part of root set at end of initial load.
[2025.10.04-23.57.43:710][  0]LogUObjectAllocator: 4302048 out of 0 bytes used by permanent object pool.
[2025.10.04-23.57.43:710][  0]LogUObjectArray: CloseDisregardForGC: 0/0 objects in disregard for GC pool
[2025.10.04-23.57.44:376][  0]LogNiagaraDebuggerClient: Niagara Debugger Client Initialized | Session: 99F6E7574AF877B8E28F2184611B5756 | Instance: E882A77249F32BC1E1E453AF61B0C93C (MIU-6524).
[2025.10.04-23.57.44:475][  0]LogPython: Using Python 3.7.7
[2025.10.04-23.57.45:263][  0]LogTcpMessaging: Initializing TcpMessaging bridge
[2025.10.04-23.57.45:285][  0]LogUdpMessaging: Initializing bridge on interface 0.0.0.0:0 to multicast group 230.0.0.1:6666.
[2025.10.04-23.57.48:286][  0]SourceControl: ソースコントロールは無効です
[2025.10.04-23.57.48:286][  0]SourceControl: ソースコントロールは無効です
[2025.10.04-23.57.48:296][  0]SourceControl: ソースコントロールは無効です
[2025.10.04-23.57.48:303][  0]SourceControl: ソースコントロールは無効です
[2025.10.04-23.57.48:329][  0]SourceControl: ソースコントロールは無効です
[2025.10.04-23.57.48:343][  0]LogUProjectInfo: Found projects:
[2025.10.04-23.57.48:728][  0]LogOpenImageDenoise: OIDN starting up
[2025.10.04-23.57.48:815][  0]LogAndroidPermission: UAndroidPermissionCallbackProxy::GetInstance
[2025.10.04-23.57.48:858][  0]LogAudioCaptureCore: Display: No Audio Capture implementations found. Audio input will be silent.
[2025.10.04-23.57.48:858][  0]LogAudioCaptureCore: Display: No Audio Capture implementations found. Audio input will be silent.
[2025.10.04-23.57.49:169][  0]LogCollectionManager: Loaded 0 collections in 0.002110 seconds
[2025.10.04-23.57.49:214][  0]LogFileCache: Scanning file cache for directory 'D:/LearnData/UnrealProject/UnrealLearn/CPlusTutorial/Saved/Collections/' took 0.00s
[2025.10.04-23.57.49:214][  0]LogFileCache: Scanning file cache for directory 'D:/LearnData/UnrealProject/UnrealLearn/CPlusTutorial/Content/Developers/23932/Collections/' took 0.00s
[2025.10.04-23.57.49:214][  0]LogFileCache: Scanning file cache for directory 'D:/LearnData/UnrealProject/UnrealLearn/CPlusTutorial/Content/Collections/' took 0.00s
[2025.10.04-23.57.49:214][  0]LogOcInput: OculusInput pre-init called
[2025.10.04-23.57.49:627][  0]LogEngine: Initializing Engine...
[2025.10.04-23.57.49:637][  0]LogHMD: Failed to enumerate extensions. Please check that you have a valid OpenXR runtime installed.
[2025.10.04-23.57.49:637][  0]LogHMD: Failed to initialize OpenVR with code 110
[2025.10.04-23.57.49:637][  0]LogMagicLeap: Warning: VR disabled because ZI is not enabled.  To enable, in the editor, Edit -> Project Settings -> Plugins -> Magic Leap Plugin -> Enable Zero Iteration
[2025.10.04-23.57.49:640][  0]LogStats: UGameplayTagsManager::InitializeManager -  0.001 s
[2025.10.04-23.57.49:790][  0]LogInit: Initializing FReadOnlyCVARCache
[2025.10.04-23.57.49:838][  0]LogAIModule: Creating AISystem for world Untitled
[2025.10.04-23.57.49:846][  0]LogAudio: Display: Initializing Audio Device Manager...
[2025.10.04-23.57.49:854][  0]LogAudio: Display: Loading Default Audio Settings Objects...
[2025.10.04-23.57.49:855][  0]LogAudio: Display: No default SoundConcurrencyObject specified (or failed to load).
[2025.10.04-23.57.49:857][  0]LogAudio: Display: Audio Device Manager Initialized
[2025.10.04-23.57.49:857][  0]LogAudio: Display: Creating Audio Device:                 Id: 1, Scope: Shared, Realtime: True
[2025.10.04-23.57.49:858][  0]LogAudioMixer: Display: Audio Mixer Platform Settings:
[2025.10.04-23.57.49:858][  0]LogAudioMixer: Display: 	Sample Rate:						  48000
[2025.10.04-23.57.49:858][  0]LogAudioMixer: Display: 	Callback Buffer Frame Size Requested: 1024
[2025.10.04-23.57.49:858][  0]LogAudioMixer: Display: 	Callback Buffer Frame Size To Use:	  1024
[2025.10.04-23.57.49:858][  0]LogAudioMixer: Display: 	Number of buffers to queue:			  2
[2025.10.04-23.57.49:858][  0]LogAudioMixer: Display: 	Max Channels (voices):				  32
[2025.10.04-23.57.49:858][  0]LogAudioMixer: Display: 	Number of Async Source Workers:		  0
[2025.10.04-23.57.49:858][  0]LogAudio: Display: AudioDevice MaxSources: 32
[2025.10.04-23.57.49:859][  0]LogAudio: Display: Audio Spatialization Plugin: None (built-in).
[2025.10.04-23.57.49:859][  0]LogAudio: Display: Audio Reverb Plugin: None (built-in).
[2025.10.04-23.57.49:859][  0]LogAudio: Display: Audio Occlusion Plugin: None (built-in).
[2025.10.04-23.57.49:860][  0]LogAudioMixer: Display: Initializing audio mixer.
[2025.10.04-23.57.49:885][  0]LogAudioMixer: Display: 0: FrontLeft
[2025.10.04-23.57.49:885][  0]LogAudioMixer: Display: 1: FrontRight
[2025.10.04-23.57.49:911][  0]LogAudioMixer: Display: Using Audio Device 扬声器 (HECATE G1500 GAMING SPEAKERS)
[2025.10.04-23.57.49:916][  0]LogAudioMixer: Display: Initializing Sound Submixes...
[2025.10.04-23.57.49:919][  0]LogAudioMixer: Display: Creating Master Submix 'MasterSubmixDefault'
[2025.10.04-23.57.49:919][  0]LogAudioMixer: Display: Creating Master Submix 'MasterReverbSubmixDefault'
[2025.10.04-23.57.49:921][  0]LogAudioMixer: Display: Creating Master Submix 'MasterEQSubmixDefault'
[2025.10.04-23.57.49:921][  0]LogAudioMixer: FMixerPlatformXAudio2::StartAudioStream() called
[2025.10.04-23.57.49:921][  0]LogAudioMixer: Display: Output buffers initialized: Frames=1024, Channels=2, Samples=2048
[2025.10.04-23.57.49:923][  0]LogAudioMixer: Display: Starting AudioMixerPlatformInterface::RunInternal()
[2025.10.04-23.57.49:923][  0]LogAudioMixer: Display: FMixerPlatformXAudio2::SubmitBuffer() called for the first time
[2025.10.04-23.57.49:923][  0]LogInit: FAudioDevice initialized.
[2025.10.04-23.57.49:925][  0]LogAudio: Display: Audio Device (ID: 1) registered with world 'Untitled'.
[2025.10.04-23.57.49:925][  0]LogNetVersion: Set ProjectVersion to 1.0.0.0. Version Checksum will be recalculated on next use.
[2025.10.04-23.57.49:984][  0]LogDerivedDataCache: Saved boot cache 0.06s 99MB C:/Users/23932/AppData/Local/UnrealEngine/4.27/DerivedDataCache/Boot.ddc.
[2025.10.04-23.57.49:984][  0]LogInit: Texture streaming: Enabled
[2025.10.04-23.57.50:010][  0]LogAnalytics: Display: [UEEditor.Rocket.Release] APIServer = https://datarouter.ol.epicgames.com/. AppVersion = 4.27.2-18319896+++UE4+Release-4.27
[2025.10.04-23.57.50:018][  0]LogEngineSessionManager: EngineSessionManager initialized
[2025.10.04-23.57.50:018][  0]LogEditorSessionSummary: Verbose: Initializing EditorSessionSummaryWriter for editor session tracking
[2025.10.04-23.57.50:021][  0]LogEditorSessionSummary: EditorSessionSummaryWriter initialized
[2025.10.04-23.57.50:058][  0]LogInit: Transaction tracking system initialized
[2025.10.04-23.57.50:115][  0]BlueprintLog: New page: エディタの読み込み
[2025.10.04-23.57.50:279][  0]LocalizationService: ローカライズのサービスが無効になりました
[2025.10.04-23.57.50:345][  0]TimingProfiler: Initialize
[2025.10.04-23.57.50:346][  0]TimingProfiler: OnSessionChanged
[2025.10.04-23.57.50:346][  0]LoadingProfiler: Initialize
[2025.10.04-23.57.50:346][  0]LoadingProfiler: OnSessionChanged
[2025.10.04-23.57.50:346][  0]NetworkingProfiler: Initialize
[2025.10.04-23.57.50:346][  0]NetworkingProfiler: OnSessionChanged
[2025.10.04-23.57.50:346][  0]MemoryProfiler: Initialize
[2025.10.04-23.57.50:346][  0]MemoryProfiler: OnSessionChanged
[2025.10.04-23.57.50:686][  0]LogCook: Display: CookSettings for Memory: MemoryMaxUsedVirtual 0MiB, MemoryMaxUsedPhysical 16384MiB, MemoryMinFreeVirtual 0MiB, MemoryMinFreePhysical 1024MiB
[2025.10.04-23.57.50:686][  0]LogCook: Display: Mobile HDR setting 1
[2025.10.04-23.57.50:699][  0]LogFileCache: Scanning file cache for directory 'D:/LearnData/UnrealProject/UnrealLearn/CPlusTutorial/Content/' took 0.01s
[2025.10.04-23.57.51:339][  0]LogInit: Display: Engine is initialized. Leaving FEngineLoop::Init()
[2025.10.04-23.57.51:349][  0]SourceControl: ソースコントロールは無効です
[2025.10.04-23.57.51:349][  0]LogUnrealEdMisc: Loading editor; pre map load, took 70.284
[2025.10.04-23.57.51:355][  0]LogFactory: FactoryCreateFile: PackFactory with PackFactory (0 0 C:/Program Files/Epic Games/UE_4.27/FeaturePacks/StarterContent.upack)
[2025.10.04-23.57.51:357][  0]LogPakFile: PakFile PrimaryIndexSize=185
[2025.10.04-23.57.51:357][  0]LogPakFile: PakFile PathHashIndexSize=101
[2025.10.04-23.57.51:357][  0]LogPakFile: PakFile FullDirectoryIndexSize=148
[2025.10.04-23.57.51:367][  0]LogPackFactory: Finished extracting 8 files (including 0 errors).
[2025.10.04-23.57.51:370][  0]LogPackFactory: Copied "../../../Samples/StarterContent/Content/StarterContent/Architecture/Floor_400x400.uasset" to "D:/LearnData/UnrealProject/UnrealLearn/CPlusTutorial/Content/StarterContent/Architecture/Floor_400x400.uasset"
[2025.10.04-23.57.51:370][  0]LogPackFactory: Copied "../../../Samples/StarterContent/Content/StarterContent/Architecture/Pillar_50x500.uasset" to "D:/LearnData/UnrealProject/UnrealLearn/CPlusTutorial/Content/StarterContent/Architecture/Pillar_50x500.uasset"
[2025.10.04-23.57.51:372][  0]LogPackFactory: Copied "../../../Samples/StarterContent/Content/StarterContent/Architecture/SM_AssetPlatform.uasset" to "D:/LearnData/UnrealProject/UnrealLearn/CPlusTutorial/Content/StarterContent/Architecture/SM_AssetPlatform.uasset"
[2025.10.04-23.57.51:373][  0]LogPackFactory: Copied "../../../Samples/StarterContent/Content/StarterContent/Architecture/Wall_400x200.uasset" to "D:/LearnData/UnrealProject/UnrealLearn/CPlusTutorial/Content/StarterContent/Architecture/Wall_400x200.uasset"
[2025.10.04-23.57.51:374][  0]LogPackFactory: Copied "../../../Samples/StarterContent/Content/StarterContent/Architecture/Wall_400x300.uasset" to "D:/LearnData/UnrealProject/UnrealLearn/CPlusTutorial/Content/StarterContent/Architecture/Wall_400x300.uasset"
[2025.10.04-23.57.51:374][  0]LogPackFactory: Copied "../../../Samples/StarterContent/Content/StarterContent/Architecture/Wall_400x400.uasset" to "D:/LearnData/UnrealProject/UnrealLearn/CPlusTutorial/Content/StarterContent/Architecture/Wall_400x400.uasset"
[2025.10.04-23.57.51:375][  0]LogPackFactory: Copied "../../../Samples/StarterContent/Content/StarterContent/Architecture/Wall_500x500.uasset" to "D:/LearnData/UnrealProject/UnrealLearn/CPlusTutorial/Content/StarterContent/Architecture/Wall_500x500.uasset"
[2025.10.04-23.57.51:384][  0]LogPackFactory: Copied "../../../Samples/StarterContent/Content/StarterContent/Architecture/Wall_Door_400x300.uasset" to "D:/LearnData/UnrealProject/UnrealLearn/CPlusTutorial/Content/StarterContent/Architecture/Wall_Door_400x300.uasset"
[2025.10.04-23.57.51:385][  0]LogPackFactory: Copied "../../../Samples/StarterContent/Content/StarterContent/Architecture/Wall_Door_400x400.uasset" to "D:/LearnData/UnrealProject/UnrealLearn/CPlusTutorial/Content/StarterContent/Architecture/Wall_Door_400x400.uasset"
[2025.10.04-23.57.51:386][  0]LogPackFactory: Copied "../../../Samples/StarterContent/Content/StarterContent/Architecture/Wall_Window_400x300.uasset" to "D:/LearnData/UnrealProject/UnrealLearn/CPlusTutorial/Content/StarterContent/Architecture/Wall_Window_400x300.uasset"
[2025.10.04-23.57.51:387][  0]LogPackFactory: Copied "../../../Samples/StarterContent/Content/StarterContent/Architecture/Wall_Window_400x400.uasset" to "D:/LearnData/UnrealProject/UnrealLearn/CPlusTutorial/Content/StarterContent/Architecture/Wall_Window_400x400.uasset"
[2025.10.04-23.57.51:397][  0]LogPackFactory: Copied "../../../Samples/StarterContent/Content/StarterContent/Audio/Collapse01.uasset" to "D:/LearnData/UnrealProject/UnrealLearn/CPlusTutorial/Content/StarterContent/Audio/Collapse01.uasset"
[2025.10.04-23.57.51:399][  0]LogPackFactory: Copied "../../../Samples/StarterContent/Content/StarterContent/Audio/Collapse02.uasset" to "D:/LearnData/UnrealProject/UnrealLearn/CPlusTutorial/Content/StarterContent/Audio/Collapse02.uasset"
[2025.10.04-23.57.51:400][  0]LogPackFactory: Copied "../../../Samples/StarterContent/Content/StarterContent/Audio/Collapse_Cue.uasset" to "D:/LearnData/UnrealProject/UnrealLearn/CPlusTutorial/Content/StarterContent/Audio/Collapse_Cue.uasset"
[2025.10.04-23.57.51:401][  0]LogPackFactory: Copied "../../../Samples/StarterContent/Content/StarterContent/Audio/Explosion01.uasset" to "D:/LearnData/UnrealProject/UnrealLearn/CPlusTutorial/Content/StarterContent/Audio/Explosion01.uasset"
[2025.10.04-23.57.51:403][  0]LogPackFactory: Copied "../../../Samples/StarterContent/Content/StarterContent/Audio/Explosion02.uasset" to "D:/LearnData/UnrealProject/UnrealLearn/CPlusTutorial/Content/StarterContent/Audio/Explosion02.uasset"
[2025.10.04-23.57.51:410][  0]LogPackFactory: Copied "../../../Samples/StarterContent/Content/StarterContent/Audio/Explosion_Cue.uasset" to "D:/LearnData/UnrealProject/UnrealLearn/CPlusTutorial/Content/StarterContent/Audio/Explosion_Cue.uasset"
[2025.10.04-23.57.51:411][  0]LogPackFactory: Copied "../../../Samples/StarterContent/Content/StarterContent/Audio/Fire01.uasset" to "D:/LearnData/UnrealProject/UnrealLearn/CPlusTutorial/Content/StarterContent/Audio/Fire01.uasset"
[2025.10.04-23.57.51:411][  0]LogPackFactory: Copied "../../../Samples/StarterContent/Content/StarterContent/Audio/Fire01_Cue.uasset" to "D:/LearnData/UnrealProject/UnrealLearn/CPlusTutorial/Content/StarterContent/Audio/Fire01_Cue.uasset"
[2025.10.04-23.57.51:414][  0]LogPackFactory: Copied "../../../Samples/StarterContent/Content/StarterContent/Audio/Fire_Sparks01.uasset" to "D:/LearnData/UnrealProject/UnrealLearn/CPlusTutorial/Content/StarterContent/Audio/Fire_Sparks01.uasset"
[2025.10.04-23.57.51:415][  0]LogPackFactory: Copied "../../../Samples/StarterContent/Content/StarterContent/Audio/Fire_Sparks01_Cue.uasset" to "D:/LearnData/UnrealProject/UnrealLearn/CPlusTutorial/Content/StarterContent/Audio/Fire_Sparks01_Cue.uasset"
[2025.10.04-23.57.51:416][  0]LogPackFactory: Copied "../../../Samples/StarterContent/Content/StarterContent/Audio/Light01.uasset" to "D:/LearnData/UnrealProject/UnrealLearn/CPlusTutorial/Content/StarterContent/Audio/Light01.uasset"
[2025.10.04-23.57.51:417][  0]LogPackFactory: Copied "../../../Samples/StarterContent/Content/StarterContent/Audio/Light01_Cue.uasset" to "D:/LearnData/UnrealProject/UnrealLearn/CPlusTutorial/Content/StarterContent/Audio/Light01_Cue.uasset"
[2025.10.04-23.57.51:418][  0]LogPackFactory: Copied "../../../Samples/StarterContent/Content/StarterContent/Audio/Light02.uasset" to "D:/LearnData/UnrealProject/UnrealLearn/CPlusTutorial/Content/StarterContent/Audio/Light02.uasset"
[2025.10.04-23.57.51:418][  0]LogPackFactory: Copied "../../../Samples/StarterContent/Content/StarterContent/Audio/Light02_Cue.uasset" to "D:/LearnData/UnrealProject/UnrealLearn/CPlusTutorial/Content/StarterContent/Audio/Light02_Cue.uasset"
[2025.10.04-23.57.51:420][  0]LogPackFactory: Copied "../../../Samples/StarterContent/Content/StarterContent/Audio/Smoke01.uasset" to "D:/LearnData/UnrealProject/UnrealLearn/CPlusTutorial/Content/StarterContent/Audio/Smoke01.uasset"
[2025.10.04-23.57.51:420][  0]LogPackFactory: Copied "../../../Samples/StarterContent/Content/StarterContent/Audio/Smoke01_Cue.uasset" to "D:/LearnData/UnrealProject/UnrealLearn/CPlusTutorial/Content/StarterContent/Audio/Smoke01_Cue.uasset"
[2025.10.04-23.57.51:421][  0]LogPackFactory: Copied "../../../Samples/StarterContent/Content/StarterContent/Audio/Starter_Background_Cue.uasset" to "D:/LearnData/UnrealProject/UnrealLearn/CPlusTutorial/Content/StarterContent/Audio/Starter_Background_Cue.uasset"
[2025.10.04-23.57.51:424][  0]LogPackFactory: Copied "../../../Samples/StarterContent/Content/StarterContent/Audio/Starter_Birds01.uasset" to "D:/LearnData/UnrealProject/UnrealLearn/CPlusTutorial/Content/StarterContent/Audio/Starter_Birds01.uasset"
[2025.10.04-23.57.51:438][  0]LogPackFactory: Copied "../../../Samples/StarterContent/Content/StarterContent/Audio/Starter_Music01.uasset" to "D:/LearnData/UnrealProject/UnrealLearn/CPlusTutorial/Content/StarterContent/Audio/Starter_Music01.uasset"
[2025.10.04-23.57.51:438][  0]LogPackFactory: Copied "../../../Samples/StarterContent/Content/StarterContent/Audio/Starter_Music_Cue.uasset" to "D:/LearnData/UnrealProject/UnrealLearn/CPlusTutorial/Content/StarterContent/Audio/Starter_Music_Cue.uasset"
[2025.10.04-23.57.51:446][  0]LogPackFactory: Copied "../../../Samples/StarterContent/Content/StarterContent/Audio/Starter_Wind05.uasset" to "D:/LearnData/UnrealProject/UnrealLearn/CPlusTutorial/Content/StarterContent/Audio/Starter_Wind05.uasset"
[2025.10.04-23.57.51:449][  0]LogPackFactory: Copied "../../../Samples/StarterContent/Content/StarterContent/Audio/Starter_Wind06.uasset" to "D:/LearnData/UnrealProject/UnrealLearn/CPlusTutorial/Content/StarterContent/Audio/Starter_Wind06.uasset"
[2025.10.04-23.57.51:451][  0]LogPackFactory: Copied "../../../Samples/StarterContent/Content/StarterContent/Audio/Steam01.uasset" to "D:/LearnData/UnrealProject/UnrealLearn/CPlusTutorial/Content/StarterContent/Audio/Steam01.uasset"
[2025.10.04-23.57.51:451][  0]LogPackFactory: Copied "../../../Samples/StarterContent/Content/StarterContent/Audio/Steam01_Cue.uasset" to "D:/LearnData/UnrealProject/UnrealLearn/CPlusTutorial/Content/StarterContent/Audio/Steam01_Cue.uasset"
[2025.10.04-23.57.51:453][  0]LogPackFactory: Copied "../../../Samples/StarterContent/Content/StarterContent/Blueprints/Blueprint_CeilingLight.uasset" to "D:/LearnData/UnrealProject/UnrealLearn/CPlusTutorial/Content/StarterContent/Blueprints/Blueprint_CeilingLight.uasset"
[2025.10.04-23.57.51:454][  0]LogPackFactory: Copied "../../../Samples/StarterContent/Content/StarterContent/Blueprints/Blueprint_Effect_Explosion.uasset" to "D:/LearnData/UnrealProject/UnrealLearn/CPlusTutorial/Content/StarterContent/Blueprints/Blueprint_Effect_Explosion.uasset"
[2025.10.04-23.57.51:455][  0]LogPackFactory: Copied "../../../Samples/StarterContent/Content/StarterContent/Blueprints/Blueprint_Effect_Fire.uasset" to "D:/LearnData/UnrealProject/UnrealLearn/CPlusTutorial/Content/StarterContent/Blueprints/Blueprint_Effect_Fire.uasset"
[2025.10.04-23.57.51:455][  0]LogPackFactory: Copied "../../../Samples/StarterContent/Content/StarterContent/Blueprints/Blueprint_Effect_Smoke.uasset" to "D:/LearnData/UnrealProject/UnrealLearn/CPlusTutorial/Content/StarterContent/Blueprints/Blueprint_Effect_Smoke.uasset"
[2025.10.04-23.57.51:456][  0]LogPackFactory: Copied "../../../Samples/StarterContent/Content/StarterContent/Blueprints/Blueprint_Effect_Sparks.uasset" to "D:/LearnData/UnrealProject/UnrealLearn/CPlusTutorial/Content/StarterContent/Blueprints/Blueprint_Effect_Sparks.uasset"
[2025.10.04-23.57.51:457][  0]LogPackFactory: Copied "../../../Samples/StarterContent/Content/StarterContent/Blueprints/Blueprint_Effect_Steam.uasset" to "D:/LearnData/UnrealProject/UnrealLearn/CPlusTutorial/Content/StarterContent/Blueprints/Blueprint_Effect_Steam.uasset"
[2025.10.04-23.57.51:458][  0]LogPackFactory: Copied "../../../Samples/StarterContent/Content/StarterContent/Blueprints/Blueprint_WallSconce.uasset" to "D:/LearnData/UnrealProject/UnrealLearn/CPlusTutorial/Content/StarterContent/Blueprints/Blueprint_WallSconce.uasset"
[2025.10.04-23.57.51:464][  0]LogPackFactory: Copied "../../../Samples/StarterContent/Content/StarterContent/Blueprints/BP_LightStudio.uasset" to "D:/LearnData/UnrealProject/UnrealLearn/CPlusTutorial/Content/StarterContent/Blueprints/BP_LightStudio.uasset"
[2025.10.04-23.57.51:465][  0]LogPackFactory: Copied "../../../Samples/StarterContent/Content/StarterContent/Blueprints/Assets/FogBrightnessLUT.uasset" to "D:/LearnData/UnrealProject/UnrealLearn/CPlusTutorial/Content/StarterContent/Blueprints/Assets/FogBrightnessLUT.uasset"
[2025.10.04-23.57.51:466][  0]LogPackFactory: Copied "../../../Samples/StarterContent/Content/StarterContent/Blueprints/Assets/M_LightStage_Arrows.uasset" to "D:/LearnData/UnrealProject/UnrealLearn/CPlusTutorial/Content/StarterContent/Blueprints/Assets/M_LightStage_Arrows.uasset"
[2025.10.04-23.57.51:467][  0]LogPackFactory: Copied "../../../Samples/StarterContent/Content/StarterContent/Blueprints/Assets/M_LightStage_Skybox_Black.uasset" to "D:/LearnData/UnrealProject/UnrealLearn/CPlusTutorial/Content/StarterContent/Blueprints/Assets/M_LightStage_Skybox_Black.uasset"
[2025.10.04-23.57.51:468][  0]LogPackFactory: Copied "../../../Samples/StarterContent/Content/StarterContent/Blueprints/Assets/M_LightStage_Skybox_HDRI.uasset" to "D:/LearnData/UnrealProject/UnrealLearn/CPlusTutorial/Content/StarterContent/Blueprints/Assets/M_LightStage_Skybox_HDRI.uasset"
[2025.10.04-23.57.51:470][  0]LogPackFactory: Copied "../../../Samples/StarterContent/Content/StarterContent/Blueprints/Assets/M_LightStage_Skybox_Master.uasset" to "D:/LearnData/UnrealProject/UnrealLearn/CPlusTutorial/Content/StarterContent/Blueprints/Assets/M_LightStage_Skybox_Master.uasset"
[2025.10.04-23.57.51:471][  0]LogPackFactory: Copied "../../../Samples/StarterContent/Content/StarterContent/Blueprints/Assets/Skybox.uasset" to "D:/LearnData/UnrealProject/UnrealLearn/CPlusTutorial/Content/StarterContent/Blueprints/Assets/Skybox.uasset"
[2025.10.04-23.57.51:473][  0]LogPackFactory: Copied "../../../Samples/StarterContent/Content/StarterContent/Blueprints/Assets/SM_Arrows.uasset" to "D:/LearnData/UnrealProject/UnrealLearn/CPlusTutorial/Content/StarterContent/Blueprints/Assets/SM_Arrows.uasset"
[2025.10.04-23.57.51:473][  0]LogPackFactory: Copied "../../../Samples/StarterContent/Content/StarterContent/Blueprints/Assets/SunlightColorLUT.uasset" to "D:/LearnData/UnrealProject/UnrealLearn/CPlusTutorial/Content/StarterContent/Blueprints/Assets/SunlightColorLUT.uasset"
[2025.10.04-23.57.51:527][  0]LogPackFactory: Copied "../../../Samples/StarterContent/Content/StarterContent/HDRI/HDRI_Epic_Courtyard_Daylight.uasset" to "D:/LearnData/UnrealProject/UnrealLearn/CPlusTutorial/Content/StarterContent/HDRI/HDRI_Epic_Courtyard_Daylight.uasset"
[2025.10.04-23.57.51:540][  0]LogPackFactory: Copied "../../../Samples/StarterContent/Content/StarterContent/Maps/Advanced_Lighting.umap" to "D:/LearnData/UnrealProject/UnrealLearn/CPlusTutorial/Content/StarterContent/Maps/Advanced_Lighting.umap"
[2025.10.04-23.57.51:551][  0]LogPackFactory: Copied "../../../Samples/StarterContent/Content/StarterContent/Maps/Advanced_Lighting_BuiltData.uasset" to "D:/LearnData/UnrealProject/UnrealLearn/CPlusTutorial/Content/StarterContent/Maps/Advanced_Lighting_BuiltData.uasset"
[2025.10.04-23.57.51:552][  0]LogPackFactory: Copied "../../../Samples/StarterContent/Content/StarterContent/Maps/Minimal_Default.umap" to "D:/LearnData/UnrealProject/UnrealLearn/CPlusTutorial/Content/StarterContent/Maps/Minimal_Default.umap"
[2025.10.04-23.57.51:562][  0]LogPackFactory: Copied "../../../Samples/StarterContent/Content/StarterContent/Maps/Minimal_Default_BuiltData.uasset" to "D:/LearnData/UnrealProject/UnrealLearn/CPlusTutorial/Content/StarterContent/Maps/Minimal_Default_BuiltData.uasset"
[2025.10.04-23.57.51:564][  0]LogPackFactory: Copied "../../../Samples/StarterContent/Content/StarterContent/Maps/StarterMap.umap" to "D:/LearnData/UnrealProject/UnrealLearn/CPlusTutorial/Content/StarterContent/Maps/StarterMap.umap"
[2025.10.04-23.57.51:608][  0]LogPackFactory: Copied "../../../Samples/StarterContent/Content/StarterContent/Maps/StarterMap_BuiltData.uasset" to "D:/LearnData/UnrealProject/UnrealLearn/CPlusTutorial/Content/StarterContent/Maps/StarterMap_BuiltData.uasset"
[2025.10.04-23.57.51:610][  0]LogPackFactory: Copied "../../../Samples/StarterContent/Content/StarterContent/Materials/M_AssetPlatform.uasset" to "D:/LearnData/UnrealProject/UnrealLearn/CPlusTutorial/Content/StarterContent/Materials/M_AssetPlatform.uasset"
[2025.10.04-23.57.51:611][  0]LogPackFactory: Copied "../../../Samples/StarterContent/Content/StarterContent/Materials/M_Basic_Floor.uasset" to "D:/LearnData/UnrealProject/UnrealLearn/CPlusTutorial/Content/StarterContent/Materials/M_Basic_Floor.uasset"
[2025.10.04-23.57.51:613][  0]LogPackFactory: Copied "../../../Samples/StarterContent/Content/StarterContent/Materials/M_Basic_Wall.uasset" to "D:/LearnData/UnrealProject/UnrealLearn/CPlusTutorial/Content/StarterContent/Materials/M_Basic_Wall.uasset"
[2025.10.04-23.57.51:614][  0]LogPackFactory: Copied "../../../Samples/StarterContent/Content/StarterContent/Materials/M_Brick_Clay_Beveled.uasset" to "D:/LearnData/UnrealProject/UnrealLearn/CPlusTutorial/Content/StarterContent/Materials/M_Brick_Clay_Beveled.uasset"
[2025.10.04-23.57.51:615][  0]LogPackFactory: Copied "../../../Samples/StarterContent/Content/StarterContent/Materials/M_Brick_Clay_New.uasset" to "D:/LearnData/UnrealProject/UnrealLearn/CPlusTutorial/Content/StarterContent/Materials/M_Brick_Clay_New.uasset"
[2025.10.04-23.57.51:616][  0]LogPackFactory: Copied "../../../Samples/StarterContent/Content/StarterContent/Materials/M_Brick_Clay_Old.uasset" to "D:/LearnData/UnrealProject/UnrealLearn/CPlusTutorial/Content/StarterContent/Materials/M_Brick_Clay_Old.uasset"
[2025.10.04-23.57.51:617][  0]LogPackFactory: Copied "../../../Samples/StarterContent/Content/StarterContent/Materials/M_Brick_Cut_Stone.uasset" to "D:/LearnData/UnrealProject/UnrealLearn/CPlusTutorial/Content/StarterContent/Materials/M_Brick_Cut_Stone.uasset"
[2025.10.04-23.57.51:618][  0]LogPackFactory: Copied "../../../Samples/StarterContent/Content/StarterContent/Materials/M_Brick_Hewn_Stone.uasset" to "D:/LearnData/UnrealProject/UnrealLearn/CPlusTutorial/Content/StarterContent/Materials/M_Brick_Hewn_Stone.uasset"
[2025.10.04-23.57.51:619][  0]LogPackFactory: Copied "../../../Samples/StarterContent/Content/StarterContent/Materials/M_Ceramic_Tile_Checker.uasset" to "D:/LearnData/UnrealProject/UnrealLearn/CPlusTutorial/Content/StarterContent/Materials/M_Ceramic_Tile_Checker.uasset"
[2025.10.04-23.57.51:621][  0]LogPackFactory: Copied "../../../Samples/StarterContent/Content/StarterContent/Materials/M_CobbleStone_Pebble.uasset" to "D:/LearnData/UnrealProject/UnrealLearn/CPlusTutorial/Content/StarterContent/Materials/M_CobbleStone_Pebble.uasset"
[2025.10.04-23.57.51:622][  0]LogPackFactory: Copied "../../../Samples/StarterContent/Content/StarterContent/Materials/M_CobbleStone_Rough.uasset" to "D:/LearnData/UnrealProject/UnrealLearn/CPlusTutorial/Content/StarterContent/Materials/M_CobbleStone_Rough.uasset"
[2025.10.04-23.57.51:623][  0]LogPackFactory: Copied "../../../Samples/StarterContent/Content/StarterContent/Materials/M_CobbleStone_Smooth.uasset" to "D:/LearnData/UnrealProject/UnrealLearn/CPlusTutorial/Content/StarterContent/Materials/M_CobbleStone_Smooth.uasset"
[2025.10.04-23.57.51:624][  0]LogPackFactory: Copied "../../../Samples/StarterContent/Content/StarterContent/Materials/M_ColorGrid_LowSpec.uasset" to "D:/LearnData/UnrealProject/UnrealLearn/CPlusTutorial/Content/StarterContent/Materials/M_ColorGrid_LowSpec.uasset"
[2025.10.04-23.57.51:624][  0]LogPackFactory: Copied "../../../Samples/StarterContent/Content/StarterContent/Materials/M_Concrete_Grime.uasset" to "D:/LearnData/UnrealProject/UnrealLearn/CPlusTutorial/Content/StarterContent/Materials/M_Concrete_Grime.uasset"
[2025.10.04-23.57.51:625][  0]LogPackFactory: Copied "../../../Samples/StarterContent/Content/StarterContent/Materials/M_Concrete_Panels.uasset" to "D:/LearnData/UnrealProject/UnrealLearn/CPlusTutorial/Content/StarterContent/Materials/M_Concrete_Panels.uasset"
[2025.10.04-23.57.51:626][  0]LogPackFactory: Copied "../../../Samples/StarterContent/Content/StarterContent/Materials/M_Concrete_Poured.uasset" to "D:/LearnData/UnrealProject/UnrealLearn/CPlusTutorial/Content/StarterContent/Materials/M_Concrete_Poured.uasset"
[2025.10.04-23.57.51:627][  0]LogPackFactory: Copied "../../../Samples/StarterContent/Content/StarterContent/Materials/M_Concrete_Tiles.uasset" to "D:/LearnData/UnrealProject/UnrealLearn/CPlusTutorial/Content/StarterContent/Materials/M_Concrete_Tiles.uasset"
[2025.10.04-23.57.51:628][  0]LogPackFactory: Copied "../../../Samples/StarterContent/Content/StarterContent/Materials/M_Glass.uasset" to "D:/LearnData/UnrealProject/UnrealLearn/CPlusTutorial/Content/StarterContent/Materials/M_Glass.uasset"
[2025.10.04-23.57.51:629][  0]LogPackFactory: Copied "../../../Samples/StarterContent/Content/StarterContent/Materials/M_Ground_Grass.uasset" to "D:/LearnData/UnrealProject/UnrealLearn/CPlusTutorial/Content/StarterContent/Materials/M_Ground_Grass.uasset"
[2025.10.04-23.57.51:631][  0]LogPackFactory: Copied "../../../Samples/StarterContent/Content/StarterContent/Materials/M_Ground_Gravel.uasset" to "D:/LearnData/UnrealProject/UnrealLearn/CPlusTutorial/Content/StarterContent/Materials/M_Ground_Gravel.uasset"
[2025.10.04-23.57.51:632][  0]LogPackFactory: Copied "../../../Samples/StarterContent/Content/StarterContent/Materials/M_Ground_Moss.uasset" to "D:/LearnData/UnrealProject/UnrealLearn/CPlusTutorial/Content/StarterContent/Materials/M_Ground_Moss.uasset"
[2025.10.04-23.57.51:633][  0]LogPackFactory: Copied "../../../Samples/StarterContent/Content/StarterContent/Materials/M_Metal_Brushed_Nickel.uasset" to "D:/LearnData/UnrealProject/UnrealLearn/CPlusTutorial/Content/StarterContent/Materials/M_Metal_Brushed_Nickel.uasset"
[2025.10.04-23.57.51:634][  0]LogPackFactory: Copied "../../../Samples/StarterContent/Content/StarterContent/Materials/M_Metal_Burnished_Steel.uasset" to "D:/LearnData/UnrealProject/UnrealLearn/CPlusTutorial/Content/StarterContent/Materials/M_Metal_Burnished_Steel.uasset"
[2025.10.04-23.57.51:635][  0]LogPackFactory: Copied "../../../Samples/StarterContent/Content/StarterContent/Materials/M_Metal_Chrome.uasset" to "D:/LearnData/UnrealProject/UnrealLearn/CPlusTutorial/Content/StarterContent/Materials/M_Metal_Chrome.uasset"
[2025.10.04-23.57.51:637][  0]LogPackFactory: Copied "../../../Samples/StarterContent/Content/StarterContent/Materials/M_Metal_Copper.uasset" to "D:/LearnData/UnrealProject/UnrealLearn/CPlusTutorial/Content/StarterContent/Materials/M_Metal_Copper.uasset"
[2025.10.04-23.57.51:638][  0]LogPackFactory: Copied "../../../Samples/StarterContent/Content/StarterContent/Materials/M_Metal_Gold.uasset" to "D:/LearnData/UnrealProject/UnrealLearn/CPlusTutorial/Content/StarterContent/Materials/M_Metal_Gold.uasset"
[2025.10.04-23.57.51:639][  0]LogPackFactory: Copied "../../../Samples/StarterContent/Content/StarterContent/Materials/M_Metal_Rust.uasset" to "D:/LearnData/UnrealProject/UnrealLearn/CPlusTutorial/Content/StarterContent/Materials/M_Metal_Rust.uasset"
[2025.10.04-23.57.51:640][  0]LogPackFactory: Copied "../../../Samples/StarterContent/Content/StarterContent/Materials/M_Metal_Steel.uasset" to "D:/LearnData/UnrealProject/UnrealLearn/CPlusTutorial/Content/StarterContent/Materials/M_Metal_Steel.uasset"
[2025.10.04-23.57.51:665][  0]LogPackFactory: Copied "../../../Samples/StarterContent/Content/StarterContent/Materials/M_Rock_Basalt.uasset" to "D:/LearnData/UnrealProject/UnrealLearn/CPlusTutorial/Content/StarterContent/Materials/M_Rock_Basalt.uasset"
[2025.10.04-23.57.51:666][  0]LogPackFactory: Copied "../../../Samples/StarterContent/Content/StarterContent/Materials/M_Rock_Marble_Polished.uasset" to "D:/LearnData/UnrealProject/UnrealLearn/CPlusTutorial/Content/StarterContent/Materials/M_Rock_Marble_Polished.uasset"
[2025.10.04-23.57.51:668][  0]LogPackFactory: Copied "../../../Samples/StarterContent/Content/StarterContent/Materials/M_Rock_Sandstone.uasset" to "D:/LearnData/UnrealProject/UnrealLearn/CPlusTutorial/Content/StarterContent/Materials/M_Rock_Sandstone.uasset"
[2025.10.04-23.57.51:669][  0]LogPackFactory: Copied "../../../Samples/StarterContent/Content/StarterContent/Materials/M_Rock_Slate.uasset" to "D:/LearnData/UnrealProject/UnrealLearn/CPlusTutorial/Content/StarterContent/Materials/M_Rock_Slate.uasset"
[2025.10.04-23.57.51:670][  0]LogPackFactory: Copied "../../../Samples/StarterContent/Content/StarterContent/Materials/M_Tech_Checker_Dot.uasset" to "D:/LearnData/UnrealProject/UnrealLearn/CPlusTutorial/Content/StarterContent/Materials/M_Tech_Checker_Dot.uasset"
[2025.10.04-23.57.51:670][  0]LogPackFactory: Copied "../../../Samples/StarterContent/Content/StarterContent/Materials/M_Tech_Hex_Tile.uasset" to "D:/LearnData/UnrealProject/UnrealLearn/CPlusTutorial/Content/StarterContent/Materials/M_Tech_Hex_Tile.uasset"
[2025.10.04-23.57.51:671][  0]LogPackFactory: Copied "../../../Samples/StarterContent/Content/StarterContent/Materials/M_Tech_Hex_Tile_Pulse.uasset" to "D:/LearnData/UnrealProject/UnrealLearn/CPlusTutorial/Content/StarterContent/Materials/M_Tech_Hex_Tile_Pulse.uasset"
[2025.10.04-23.57.51:672][  0]LogPackFactory: Copied "../../../Samples/StarterContent/Content/StarterContent/Materials/M_Tech_Panel.uasset" to "D:/LearnData/UnrealProject/UnrealLearn/CPlusTutorial/Content/StarterContent/Materials/M_Tech_Panel.uasset"
[2025.10.04-23.57.51:673][  0]LogPackFactory: Copied "../../../Samples/StarterContent/Content/StarterContent/Materials/M_Water_Lake.uasset" to "D:/LearnData/UnrealProject/UnrealLearn/CPlusTutorial/Content/StarterContent/Materials/M_Water_Lake.uasset"
[2025.10.04-23.57.51:674][  0]LogPackFactory: Copied "../../../Samples/StarterContent/Content/StarterContent/Materials/M_Water_Ocean.uasset" to "D:/LearnData/UnrealProject/UnrealLearn/CPlusTutorial/Content/StarterContent/Materials/M_Water_Ocean.uasset"
[2025.10.04-23.57.51:675][  0]LogPackFactory: Copied "../../../Samples/StarterContent/Content/StarterContent/Materials/M_Wood_Floor_Walnut_Polished.uasset" to "D:/LearnData/UnrealProject/UnrealLearn/CPlusTutorial/Content/StarterContent/Materials/M_Wood_Floor_Walnut_Polished.uasset"
[2025.10.04-23.57.51:676][  0]LogPackFactory: Copied "../../../Samples/StarterContent/Content/StarterContent/Materials/M_Wood_Floor_Walnut_Worn.uasset" to "D:/LearnData/UnrealProject/UnrealLearn/CPlusTutorial/Content/StarterContent/Materials/M_Wood_Floor_Walnut_Worn.uasset"
[2025.10.04-23.57.51:677][  0]LogPackFactory: Copied "../../../Samples/StarterContent/Content/StarterContent/Materials/M_Wood_Oak.uasset" to "D:/LearnData/UnrealProject/UnrealLearn/CPlusTutorial/Content/StarterContent/Materials/M_Wood_Oak.uasset"
[2025.10.04-23.57.51:689][  0]LogPackFactory: Copied "../../../Samples/StarterContent/Content/StarterContent/Materials/M_Wood_Pine.uasset" to "D:/LearnData/UnrealProject/UnrealLearn/CPlusTutorial/Content/StarterContent/Materials/M_Wood_Pine.uasset"
[2025.10.04-23.57.51:690][  0]LogPackFactory: Copied "../../../Samples/StarterContent/Content/StarterContent/Materials/M_Wood_Walnut.uasset" to "D:/LearnData/UnrealProject/UnrealLearn/CPlusTutorial/Content/StarterContent/Materials/M_Wood_Walnut.uasset"
[2025.10.04-23.57.51:691][  0]LogPackFactory: Copied "../../../Samples/StarterContent/Content/StarterContent/Particles/P_Ambient_Dust.uasset" to "D:/LearnData/UnrealProject/UnrealLearn/CPlusTutorial/Content/StarterContent/Particles/P_Ambient_Dust.uasset"
[2025.10.04-23.57.51:693][  0]LogPackFactory: Copied "../../../Samples/StarterContent/Content/StarterContent/Particles/P_Explosion.uasset" to "D:/LearnData/UnrealProject/UnrealLearn/CPlusTutorial/Content/StarterContent/Particles/P_Explosion.uasset"
[2025.10.04-23.57.51:694][  0]LogPackFactory: Copied "../../../Samples/StarterContent/Content/StarterContent/Particles/P_Fire.uasset" to "D:/LearnData/UnrealProject/UnrealLearn/CPlusTutorial/Content/StarterContent/Particles/P_Fire.uasset"
[2025.10.04-23.57.51:695][  0]LogPackFactory: Copied "../../../Samples/StarterContent/Content/StarterContent/Particles/P_Smoke.uasset" to "D:/LearnData/UnrealProject/UnrealLearn/CPlusTutorial/Content/StarterContent/Particles/P_Smoke.uasset"
[2025.10.04-23.57.51:696][  0]LogPackFactory: Copied "../../../Samples/StarterContent/Content/StarterContent/Particles/P_Sparks.uasset" to "D:/LearnData/UnrealProject/UnrealLearn/CPlusTutorial/Content/StarterContent/Particles/P_Sparks.uasset"
[2025.10.04-23.57.51:698][  0]LogPackFactory: Copied "../../../Samples/StarterContent/Content/StarterContent/Particles/P_Steam_Lit.uasset" to "D:/LearnData/UnrealProject/UnrealLearn/CPlusTutorial/Content/StarterContent/Particles/P_Steam_Lit.uasset"
[2025.10.04-23.57.51:699][  0]LogPackFactory: Copied "../../../Samples/StarterContent/Content/StarterContent/Particles/Materials/M_Burst.uasset" to "D:/LearnData/UnrealProject/UnrealLearn/CPlusTutorial/Content/StarterContent/Particles/Materials/M_Burst.uasset"
[2025.10.04-23.57.51:700][  0]LogPackFactory: Copied "../../../Samples/StarterContent/Content/StarterContent/Particles/Materials/M_Dust_Particle.uasset" to "D:/LearnData/UnrealProject/UnrealLearn/CPlusTutorial/Content/StarterContent/Particles/Materials/M_Dust_Particle.uasset"
[2025.10.04-23.57.51:700][  0]LogPackFactory: Copied "../../../Samples/StarterContent/Content/StarterContent/Particles/Materials/M_explosion_subUV.uasset" to "D:/LearnData/UnrealProject/UnrealLearn/CPlusTutorial/Content/StarterContent/Particles/Materials/M_explosion_subUV.uasset"
[2025.10.04-23.57.51:701][  0]LogPackFactory: Copied "../../../Samples/StarterContent/Content/StarterContent/Particles/Materials/M_Fire_SubUV.uasset" to "D:/LearnData/UnrealProject/UnrealLearn/CPlusTutorial/Content/StarterContent/Particles/Materials/M_Fire_SubUV.uasset"
[2025.10.04-23.57.51:751][  0]LogPackFactory: Copied "../../../Samples/StarterContent/Content/StarterContent/Particles/Materials/m_flare_01.uasset" to "D:/LearnData/UnrealProject/UnrealLearn/CPlusTutorial/Content/StarterContent/Particles/Materials/m_flare_01.uasset"
[2025.10.04-23.57.51:752][  0]LogPackFactory: Copied "../../../Samples/StarterContent/Content/StarterContent/Particles/Materials/M_Heat_Distortion.uasset" to "D:/LearnData/UnrealProject/UnrealLearn/CPlusTutorial/Content/StarterContent/Particles/Materials/M_Heat_Distortion.uasset"
[2025.10.04-23.57.51:753][  0]LogPackFactory: Copied "../../../Samples/StarterContent/Content/StarterContent/Particles/Materials/M_Radial_Gradient.uasset" to "D:/LearnData/UnrealProject/UnrealLearn/CPlusTutorial/Content/StarterContent/Particles/Materials/M_Radial_Gradient.uasset"
[2025.10.04-23.57.51:753][  0]LogPackFactory: Copied "../../../Samples/StarterContent/Content/StarterContent/Particles/Materials/M_radial_ramp.uasset" to "D:/LearnData/UnrealProject/UnrealLearn/CPlusTutorial/Content/StarterContent/Particles/Materials/M_radial_ramp.uasset"
[2025.10.04-23.57.51:754][  0]LogPackFactory: Copied "../../../Samples/StarterContent/Content/StarterContent/Particles/Materials/M_smoke_subUV.uasset" to "D:/LearnData/UnrealProject/UnrealLearn/CPlusTutorial/Content/StarterContent/Particles/Materials/M_smoke_subUV.uasset"
[2025.10.04-23.57.51:755][  0]LogPackFactory: Copied "../../../Samples/StarterContent/Content/StarterContent/Particles/Materials/M_Spark.uasset" to "D:/LearnData/UnrealProject/UnrealLearn/CPlusTutorial/Content/StarterContent/Particles/Materials/M_Spark.uasset"
[2025.10.04-23.57.51:756][  0]LogPackFactory: Copied "../../../Samples/StarterContent/Content/StarterContent/Props/MaterialSphere.uasset" to "D:/LearnData/UnrealProject/UnrealLearn/CPlusTutorial/Content/StarterContent/Props/MaterialSphere.uasset"
[2025.10.04-23.57.51:757][  0]LogPackFactory: Copied "../../../Samples/StarterContent/Content/StarterContent/Props/SM_Bush.uasset" to "D:/LearnData/UnrealProject/UnrealLearn/CPlusTutorial/Content/StarterContent/Props/SM_Bush.uasset"
[2025.10.04-23.57.51:758][  0]LogPackFactory: Copied "../../../Samples/StarterContent/Content/StarterContent/Props/SM_Chair.uasset" to "D:/LearnData/UnrealProject/UnrealLearn/CPlusTutorial/Content/StarterContent/Props/SM_Chair.uasset"
[2025.10.04-23.57.51:758][  0]LogPackFactory: Copied "../../../Samples/StarterContent/Content/StarterContent/Props/SM_CornerFrame.uasset" to "D:/LearnData/UnrealProject/UnrealLearn/CPlusTutorial/Content/StarterContent/Props/SM_CornerFrame.uasset"
[2025.10.04-23.57.51:759][  0]LogPackFactory: Copied "../../../Samples/StarterContent/Content/StarterContent/Props/SM_Couch.uasset" to "D:/LearnData/UnrealProject/UnrealLearn/CPlusTutorial/Content/StarterContent/Props/SM_Couch.uasset"
[2025.10.04-23.57.51:760][  0]LogPackFactory: Copied "../../../Samples/StarterContent/Content/StarterContent/Props/SM_Door.uasset" to "D:/LearnData/UnrealProject/UnrealLearn/CPlusTutorial/Content/StarterContent/Props/SM_Door.uasset"
[2025.10.04-23.57.51:816][  0]LogPackFactory: Copied "../../../Samples/StarterContent/Content/StarterContent/Props/SM_DoorFrame.uasset" to "D:/LearnData/UnrealProject/UnrealLearn/CPlusTutorial/Content/StarterContent/Props/SM_DoorFrame.uasset"
[2025.10.04-23.57.51:817][  0]LogPackFactory: Copied "../../../Samples/StarterContent/Content/StarterContent/Props/SM_GlassWindow.uasset" to "D:/LearnData/UnrealProject/UnrealLearn/CPlusTutorial/Content/StarterContent/Props/SM_GlassWindow.uasset"
[2025.10.04-23.57.51:818][  0]LogPackFactory: Copied "../../../Samples/StarterContent/Content/StarterContent/Props/SM_Lamp_Ceiling.uasset" to "D:/LearnData/UnrealProject/UnrealLearn/CPlusTutorial/Content/StarterContent/Props/SM_Lamp_Ceiling.uasset"
[2025.10.04-23.57.51:819][  0]LogPackFactory: Copied "../../../Samples/StarterContent/Content/StarterContent/Props/SM_Lamp_Wall.uasset" to "D:/LearnData/UnrealProject/UnrealLearn/CPlusTutorial/Content/StarterContent/Props/SM_Lamp_Wall.uasset"
[2025.10.04-23.57.51:822][  0]LogPackFactory: Copied "../../../Samples/StarterContent/Content/StarterContent/Props/SM_MatPreviewMesh_02.uasset" to "D:/LearnData/UnrealProject/UnrealLearn/CPlusTutorial/Content/StarterContent/Props/SM_MatPreviewMesh_02.uasset"
[2025.10.04-23.57.51:823][  0]LogPackFactory: Copied "../../../Samples/StarterContent/Content/StarterContent/Props/SM_PillarFrame.uasset" to "D:/LearnData/UnrealProject/UnrealLearn/CPlusTutorial/Content/StarterContent/Props/SM_PillarFrame.uasset"
[2025.10.04-23.57.51:824][  0]LogPackFactory: Copied "../../../Samples/StarterContent/Content/StarterContent/Props/SM_PillarFrame300.uasset" to "D:/LearnData/UnrealProject/UnrealLearn/CPlusTutorial/Content/StarterContent/Props/SM_PillarFrame300.uasset"
[2025.10.04-23.57.51:827][  0]LogPackFactory: Copied "../../../Samples/StarterContent/Content/StarterContent/Props/SM_Rock.uasset" to "D:/LearnData/UnrealProject/UnrealLearn/CPlusTutorial/Content/StarterContent/Props/SM_Rock.uasset"
[2025.10.04-23.57.51:828][  0]LogPackFactory: Copied "../../../Samples/StarterContent/Content/StarterContent/Props/SM_Shelf.uasset" to "D:/LearnData/UnrealProject/UnrealLearn/CPlusTutorial/Content/StarterContent/Props/SM_Shelf.uasset"
[2025.10.04-23.57.51:829][  0]LogPackFactory: Copied "../../../Samples/StarterContent/Content/StarterContent/Props/SM_Stairs.uasset" to "D:/LearnData/UnrealProject/UnrealLearn/CPlusTutorial/Content/StarterContent/Props/SM_Stairs.uasset"
[2025.10.04-23.57.51:830][  0]LogPackFactory: Copied "../../../Samples/StarterContent/Content/StarterContent/Props/SM_Statue.uasset" to "D:/LearnData/UnrealProject/UnrealLearn/CPlusTutorial/Content/StarterContent/Props/SM_Statue.uasset"
[2025.10.04-23.57.51:831][  0]LogPackFactory: Copied "../../../Samples/StarterContent/Content/StarterContent/Props/SM_TableRound.uasset" to "D:/LearnData/UnrealProject/UnrealLearn/CPlusTutorial/Content/StarterContent/Props/SM_TableRound.uasset"
[2025.10.04-23.57.51:833][  0]LogPackFactory: Copied "../../../Samples/StarterContent/Content/StarterContent/Props/SM_WindowFrame.uasset" to "D:/LearnData/UnrealProject/UnrealLearn/CPlusTutorial/Content/StarterContent/Props/SM_WindowFrame.uasset"
[2025.10.04-23.57.51:834][  0]LogPackFactory: Copied "../../../Samples/StarterContent/Content/StarterContent/Props/Materials/M_Bush.uasset" to "D:/LearnData/UnrealProject/UnrealLearn/CPlusTutorial/Content/StarterContent/Props/Materials/M_Bush.uasset"
[2025.10.04-23.57.51:835][  0]LogPackFactory: Copied "../../../Samples/StarterContent/Content/StarterContent/Props/Materials/M_Chair.uasset" to "D:/LearnData/UnrealProject/UnrealLearn/CPlusTutorial/Content/StarterContent/Props/Materials/M_Chair.uasset"
[2025.10.04-23.57.51:836][  0]LogPackFactory: Copied "../../../Samples/StarterContent/Content/StarterContent/Props/Materials/M_Door.uasset" to "D:/LearnData/UnrealProject/UnrealLearn/CPlusTutorial/Content/StarterContent/Props/Materials/M_Door.uasset"
[2025.10.04-23.57.51:836][  0]LogPackFactory: Copied "../../../Samples/StarterContent/Content/StarterContent/Props/Materials/M_Frame.uasset" to "D:/LearnData/UnrealProject/UnrealLearn/CPlusTutorial/Content/StarterContent/Props/Materials/M_Frame.uasset"
[2025.10.04-23.57.51:837][  0]LogPackFactory: Copied "../../../Samples/StarterContent/Content/StarterContent/Props/Materials/M_Lamp.uasset" to "D:/LearnData/UnrealProject/UnrealLearn/CPlusTutorial/Content/StarterContent/Props/Materials/M_Lamp.uasset"
[2025.10.04-23.57.51:838][  0]LogPackFactory: Copied "../../../Samples/StarterContent/Content/StarterContent/Props/Materials/M_MaterialSphere.uasset" to "D:/LearnData/UnrealProject/UnrealLearn/CPlusTutorial/Content/StarterContent/Props/Materials/M_MaterialSphere.uasset"
[2025.10.04-23.57.51:839][  0]LogPackFactory: Copied "../../../Samples/StarterContent/Content/StarterContent/Props/Materials/M_MaterialSphere_Plain.uasset" to "D:/LearnData/UnrealProject/UnrealLearn/CPlusTutorial/Content/StarterContent/Props/Materials/M_MaterialSphere_Plain.uasset"
[2025.10.04-23.57.51:840][  0]LogPackFactory: Copied "../../../Samples/StarterContent/Content/StarterContent/Props/Materials/M_Rock.uasset" to "D:/LearnData/UnrealProject/UnrealLearn/CPlusTutorial/Content/StarterContent/Props/Materials/M_Rock.uasset"
[2025.10.04-23.57.51:840][  0]LogPackFactory: Copied "../../../Samples/StarterContent/Content/StarterContent/Props/Materials/M_Shelf.uasset" to "D:/LearnData/UnrealProject/UnrealLearn/CPlusTutorial/Content/StarterContent/Props/Materials/M_Shelf.uasset"
[2025.10.04-23.57.51:842][  0]LogPackFactory: Copied "../../../Samples/StarterContent/Content/StarterContent/Props/Materials/M_Statue.uasset" to "D:/LearnData/UnrealProject/UnrealLearn/CPlusTutorial/Content/StarterContent/Props/Materials/M_Statue.uasset"
[2025.10.04-23.57.51:843][  0]LogPackFactory: Copied "../../../Samples/StarterContent/Content/StarterContent/Props/Materials/M_StatueGlass.uasset" to "D:/LearnData/UnrealProject/UnrealLearn/CPlusTutorial/Content/StarterContent/Props/Materials/M_StatueGlass.uasset"
[2025.10.04-23.57.51:844][  0]LogPackFactory: Copied "../../../Samples/StarterContent/Content/StarterContent/Props/Materials/M_TableRound.uasset" to "D:/LearnData/UnrealProject/UnrealLearn/CPlusTutorial/Content/StarterContent/Props/Materials/M_TableRound.uasset"
[2025.10.04-23.57.51:844][  0]LogPackFactory: Copied "../../../Samples/StarterContent/Content/StarterContent/Shapes/Shape_Cone.uasset" to "D:/LearnData/UnrealProject/UnrealLearn/CPlusTutorial/Content/StarterContent/Shapes/Shape_Cone.uasset"
[2025.10.04-23.57.51:845][  0]LogPackFactory: Copied "../../../Samples/StarterContent/Content/StarterContent/Shapes/Shape_Cube.uasset" to "D:/LearnData/UnrealProject/UnrealLearn/CPlusTutorial/Content/StarterContent/Shapes/Shape_Cube.uasset"
[2025.10.04-23.57.51:846][  0]LogPackFactory: Copied "../../../Samples/StarterContent/Content/StarterContent/Shapes/Shape_Cylinder.uasset" to "D:/LearnData/UnrealProject/UnrealLearn/CPlusTutorial/Content/StarterContent/Shapes/Shape_Cylinder.uasset"
[2025.10.04-23.57.51:847][  0]LogPackFactory: Copied "../../../Samples/StarterContent/Content/StarterContent/Shapes/Shape_NarrowCapsule.uasset" to "D:/LearnData/UnrealProject/UnrealLearn/CPlusTutorial/Content/StarterContent/Shapes/Shape_NarrowCapsule.uasset"
[2025.10.04-23.57.51:848][  0]LogPackFactory: Copied "../../../Samples/StarterContent/Content/StarterContent/Shapes/Shape_Pipe.uasset" to "D:/LearnData/UnrealProject/UnrealLearn/CPlusTutorial/Content/StarterContent/Shapes/Shape_Pipe.uasset"
[2025.10.04-23.57.51:849][  0]LogPackFactory: Copied "../../../Samples/StarterContent/Content/StarterContent/Shapes/Shape_Pipe_180.uasset" to "D:/LearnData/UnrealProject/UnrealLearn/CPlusTutorial/Content/StarterContent/Shapes/Shape_Pipe_180.uasset"
[2025.10.04-23.57.51:850][  0]LogPackFactory: Copied "../../../Samples/StarterContent/Content/StarterContent/Shapes/Shape_Pipe_90.uasset" to "D:/LearnData/UnrealProject/UnrealLearn/CPlusTutorial/Content/StarterContent/Shapes/Shape_Pipe_90.uasset"
[2025.10.04-23.57.51:850][  0]LogPackFactory: Copied "../../../Samples/StarterContent/Content/StarterContent/Shapes/Shape_Plane.uasset" to "D:/LearnData/UnrealProject/UnrealLearn/CPlusTutorial/Content/StarterContent/Shapes/Shape_Plane.uasset"
[2025.10.04-23.57.51:851][  0]LogPackFactory: Copied "../../../Samples/StarterContent/Content/StarterContent/Shapes/Shape_QuadPyramid.uasset" to "D:/LearnData/UnrealProject/UnrealLearn/CPlusTutorial/Content/StarterContent/Shapes/Shape_QuadPyramid.uasset"
[2025.10.04-23.57.51:852][  0]LogPackFactory: Copied "../../../Samples/StarterContent/Content/StarterContent/Shapes/Shape_Sphere.uasset" to "D:/LearnData/UnrealProject/UnrealLearn/CPlusTutorial/Content/StarterContent/Shapes/Shape_Sphere.uasset"
[2025.10.04-23.57.51:853][  0]LogPackFactory: Copied "../../../Samples/StarterContent/Content/StarterContent/Shapes/Shape_Torus.uasset" to "D:/LearnData/UnrealProject/UnrealLearn/CPlusTutorial/Content/StarterContent/Shapes/Shape_Torus.uasset"
[2025.10.04-23.57.51:854][  0]LogPackFactory: Copied "../../../Samples/StarterContent/Content/StarterContent/Shapes/Shape_Trim.uasset" to "D:/LearnData/UnrealProject/UnrealLearn/CPlusTutorial/Content/StarterContent/Shapes/Shape_Trim.uasset"
[2025.10.04-23.57.51:855][  0]LogPackFactory: Copied "../../../Samples/StarterContent/Content/StarterContent/Shapes/Shape_Trim_90_In.uasset" to "D:/LearnData/UnrealProject/UnrealLearn/CPlusTutorial/Content/StarterContent/Shapes/Shape_Trim_90_In.uasset"
[2025.10.04-23.57.51:855][  0]LogPackFactory: Copied "../../../Samples/StarterContent/Content/StarterContent/Shapes/Shape_Trim_90_Out.uasset" to "D:/LearnData/UnrealProject/UnrealLearn/CPlusTutorial/Content/StarterContent/Shapes/Shape_Trim_90_Out.uasset"
[2025.10.04-23.57.51:856][  0]LogPackFactory: Copied "../../../Samples/StarterContent/Content/StarterContent/Shapes/Shape_TriPyramid.uasset" to "D:/LearnData/UnrealProject/UnrealLearn/CPlusTutorial/Content/StarterContent/Shapes/Shape_TriPyramid.uasset"
[2025.10.04-23.57.51:857][  0]LogPackFactory: Copied "../../../Samples/StarterContent/Content/StarterContent/Shapes/Shape_Tube.uasset" to "D:/LearnData/UnrealProject/UnrealLearn/CPlusTutorial/Content/StarterContent/Shapes/Shape_Tube.uasset"
[2025.10.04-23.57.51:858][  0]LogPackFactory: Copied "../../../Samples/StarterContent/Content/StarterContent/Shapes/Shape_Wedge_A.uasset" to "D:/LearnData/UnrealProject/UnrealLearn/CPlusTutorial/Content/StarterContent/Shapes/Shape_Wedge_A.uasset"
[2025.10.04-23.57.51:858][  0]LogPackFactory: Copied "../../../Samples/StarterContent/Content/StarterContent/Shapes/Shape_Wedge_B.uasset" to "D:/LearnData/UnrealProject/UnrealLearn/CPlusTutorial/Content/StarterContent/Shapes/Shape_Wedge_B.uasset"
[2025.10.04-23.57.51:859][  0]LogPackFactory: Copied "../../../Samples/StarterContent/Content/StarterContent/Shapes/Shape_WideCapsule.uasset" to "D:/LearnData/UnrealProject/UnrealLearn/CPlusTutorial/Content/StarterContent/Shapes/Shape_WideCapsule.uasset"
[2025.10.04-23.57.51:894][  0]LogPackFactory: Copied "../../../Samples/StarterContent/Content/StarterContent/Textures/T_Brick_Clay_Beveled_D.uasset" to "D:/LearnData/UnrealProject/UnrealLearn/CPlusTutorial/Content/StarterContent/Textures/T_Brick_Clay_Beveled_D.uasset"
[2025.10.04-23.57.51:907][  0]LogPackFactory: Copied "../../../Samples/StarterContent/Content/StarterContent/Textures/T_Brick_Clay_Beveled_M.uasset" to "D:/LearnData/UnrealProject/UnrealLearn/CPlusTutorial/Content/StarterContent/Textures/T_Brick_Clay_Beveled_M.uasset"
[2025.10.04-23.57.51:925][  0]LogPackFactory: Copied "../../../Samples/StarterContent/Content/StarterContent/Textures/T_Brick_Clay_Beveled_N.uasset" to "D:/LearnData/UnrealProject/UnrealLearn/CPlusTutorial/Content/StarterContent/Textures/T_Brick_Clay_Beveled_N.uasset"
[2025.10.04-23.57.51:930][  0]LogPackFactory: Copied "../../../Samples/StarterContent/Content/StarterContent/Textures/T_Brick_Clay_New_D.uasset" to "D:/LearnData/UnrealProject/UnrealLearn/CPlusTutorial/Content/StarterContent/Textures/T_Brick_Clay_New_D.uasset"
[2025.10.04-23.57.51:939][  0]LogPackFactory: Copied "../../../Samples/StarterContent/Content/StarterContent/Textures/T_Brick_Clay_New_M.uasset" to "D:/LearnData/UnrealProject/UnrealLearn/CPlusTutorial/Content/StarterContent/Textures/T_Brick_Clay_New_M.uasset"
[2025.10.04-23.57.51:950][  0]LogPackFactory: Copied "../../../Samples/StarterContent/Content/StarterContent/Textures/T_Brick_Clay_New_N.uasset" to "D:/LearnData/UnrealProject/UnrealLearn/CPlusTutorial/Content/StarterContent/Textures/T_Brick_Clay_New_N.uasset"
[2025.10.04-23.57.51:960][  0]LogPackFactory: Copied "../../../Samples/StarterContent/Content/StarterContent/Textures/T_Brick_Clay_Old_D.uasset" to "D:/LearnData/UnrealProject/UnrealLearn/CPlusTutorial/Content/StarterContent/Textures/T_Brick_Clay_Old_D.uasset"
[2025.10.04-23.57.51:967][  0]LogPackFactory: Copied "../../../Samples/StarterContent/Content/StarterContent/Textures/T_Brick_Clay_Old_N.uasset" to "D:/LearnData/UnrealProject/UnrealLearn/CPlusTutorial/Content/StarterContent/Textures/T_Brick_Clay_Old_N.uasset"
[2025.10.04-23.57.51:978][  0]LogPackFactory: Copied "../../../Samples/StarterContent/Content/StarterContent/Textures/T_Brick_Cut_Stone_D.uasset" to "D:/LearnData/UnrealProject/UnrealLearn/CPlusTutorial/Content/StarterContent/Textures/T_Brick_Cut_Stone_D.uasset"
[2025.10.04-23.57.51:983][  0]LogPackFactory: Copied "../../../Samples/StarterContent/Content/StarterContent/Textures/T_Brick_Cut_Stone_N.uasset" to "D:/LearnData/UnrealProject/UnrealLearn/CPlusTutorial/Content/StarterContent/Textures/T_Brick_Cut_Stone_N.uasset"
[2025.10.04-23.57.51:989][  0]LogPackFactory: Copied "../../../Samples/StarterContent/Content/StarterContent/Textures/T_Brick_Hewn_Stone_D.uasset" to "D:/LearnData/UnrealProject/UnrealLearn/CPlusTutorial/Content/StarterContent/Textures/T_Brick_Hewn_Stone_D.uasset"
[2025.10.04-23.57.51:996][  0]LogPackFactory: Copied "../../../Samples/StarterContent/Content/StarterContent/Textures/T_Brick_Hewn_Stone_M.uasset" to "D:/LearnData/UnrealProject/UnrealLearn/CPlusTutorial/Content/StarterContent/Textures/T_Brick_Hewn_Stone_M.uasset"
[2025.10.04-23.57.52:003][  0]LogPackFactory: Copied "../../../Samples/StarterContent/Content/StarterContent/Textures/T_Brick_Hewn_Stone_N.uasset" to "D:/LearnData/UnrealProject/UnrealLearn/CPlusTutorial/Content/StarterContent/Textures/T_Brick_Hewn_Stone_N.uasset"
[2025.10.04-23.57.52:005][  0]LogPackFactory: Copied "../../../Samples/StarterContent/Content/StarterContent/Textures/T_Burst_M.uasset" to "D:/LearnData/UnrealProject/UnrealLearn/CPlusTutorial/Content/StarterContent/Textures/T_Burst_M.uasset"
[2025.10.04-23.57.52:007][  0]LogPackFactory: Copied "../../../Samples/StarterContent/Content/StarterContent/Textures/T_Bush_D.uasset" to "D:/LearnData/UnrealProject/UnrealLearn/CPlusTutorial/Content/StarterContent/Textures/T_Bush_D.uasset"
[2025.10.04-23.57.52:008][  0]LogPackFactory: Copied "../../../Samples/StarterContent/Content/StarterContent/Textures/T_Bush_N.uasset" to "D:/LearnData/UnrealProject/UnrealLearn/CPlusTutorial/Content/StarterContent/Textures/T_Bush_N.uasset"
[2025.10.04-23.57.52:009][  0]LogPackFactory: Copied "../../../Samples/StarterContent/Content/StarterContent/Textures/T_Ceramic_Tile_M.uasset" to "D:/LearnData/UnrealProject/UnrealLearn/CPlusTutorial/Content/StarterContent/Textures/T_Ceramic_Tile_M.uasset"
[2025.10.04-23.57.52:011][  0]LogPackFactory: Copied "../../../Samples/StarterContent/Content/StarterContent/Textures/T_Ceramic_Tile_N.uasset" to "D:/LearnData/UnrealProject/UnrealLearn/CPlusTutorial/Content/StarterContent/Textures/T_Ceramic_Tile_N.uasset"
[2025.10.04-23.57.52:012][  0]LogPackFactory: Copied "../../../Samples/StarterContent/Content/StarterContent/Textures/T_Chair_M.uasset" to "D:/LearnData/UnrealProject/UnrealLearn/CPlusTutorial/Content/StarterContent/Textures/T_Chair_M.uasset"
[2025.10.04-23.57.52:014][  0]LogPackFactory: Copied "../../../Samples/StarterContent/Content/StarterContent/Textures/T_Chair_N.uasset" to "D:/LearnData/UnrealProject/UnrealLearn/CPlusTutorial/Content/StarterContent/Textures/T_Chair_N.uasset"
[2025.10.04-23.57.52:015][  0]LogPackFactory: Copied "../../../Samples/StarterContent/Content/StarterContent/Textures/T_Checker_Noise_M.uasset" to "D:/LearnData/UnrealProject/UnrealLearn/CPlusTutorial/Content/StarterContent/Textures/T_Checker_Noise_M.uasset"
[2025.10.04-23.57.52:061][  0]LogPackFactory: Copied "../../../Samples/StarterContent/Content/StarterContent/Textures/T_CobbleStone_Pebble_D.uasset" to "D:/LearnData/UnrealProject/UnrealLearn/CPlusTutorial/Content/StarterContent/Textures/T_CobbleStone_Pebble_D.uasset"
[2025.10.04-23.57.52:064][  0]LogPackFactory: Copied "../../../Samples/StarterContent/Content/StarterContent/Textures/T_CobbleStone_Pebble_M.uasset" to "D:/LearnData/UnrealProject/UnrealLearn/CPlusTutorial/Content/StarterContent/Textures/T_CobbleStone_Pebble_M.uasset"
[2025.10.04-23.57.52:075][  0]LogPackFactory: Copied "../../../Samples/StarterContent/Content/StarterContent/Textures/T_CobbleStone_Pebble_N.uasset" to "D:/LearnData/UnrealProject/UnrealLearn/CPlusTutorial/Content/StarterContent/Textures/T_CobbleStone_Pebble_N.uasset"
[2025.10.04-23.57.52:079][  0]LogPackFactory: Copied "../../../Samples/StarterContent/Content/StarterContent/Textures/T_CobbleStone_Rough_D.uasset" to "D:/LearnData/UnrealProject/UnrealLearn/CPlusTutorial/Content/StarterContent/Textures/T_CobbleStone_Rough_D.uasset"
[2025.10.04-23.57.52:083][  0]LogPackFactory: Copied "../../../Samples/StarterContent/Content/StarterContent/Textures/T_CobbleStone_Rough_N.uasset" to "D:/LearnData/UnrealProject/UnrealLearn/CPlusTutorial/Content/StarterContent/Textures/T_CobbleStone_Rough_N.uasset"
[2025.10.04-23.57.52:089][  0]LogPackFactory: Copied "../../../Samples/StarterContent/Content/StarterContent/Textures/T_CobbleStone_Smooth_D.uasset" to "D:/LearnData/UnrealProject/UnrealLearn/CPlusTutorial/Content/StarterContent/Textures/T_CobbleStone_Smooth_D.uasset"
[2025.10.04-23.57.52:094][  0]LogPackFactory: Copied "../../../Samples/StarterContent/Content/StarterContent/Textures/T_CobbleStone_Smooth_M.uasset" to "D:/LearnData/UnrealProject/UnrealLearn/CPlusTutorial/Content/StarterContent/Textures/T_CobbleStone_Smooth_M.uasset"
[2025.10.04-23.57.52:103][  0]LogPackFactory: Copied "../../../Samples/StarterContent/Content/StarterContent/Textures/T_CobbleStone_Smooth_N.uasset" to "D:/LearnData/UnrealProject/UnrealLearn/CPlusTutorial/Content/StarterContent/Textures/T_CobbleStone_Smooth_N.uasset"
[2025.10.04-23.57.52:120][  0]LogPackFactory: Copied "../../../Samples/StarterContent/Content/StarterContent/Textures/T_Concrete_Grime_D.uasset" to "D:/LearnData/UnrealProject/UnrealLearn/CPlusTutorial/Content/StarterContent/Textures/T_Concrete_Grime_D.uasset"
[2025.10.04-23.57.52:128][  0]LogPackFactory: Copied "../../../Samples/StarterContent/Content/StarterContent/Textures/T_Concrete_Panels_D.uasset" to "D:/LearnData/UnrealProject/UnrealLearn/CPlusTutorial/Content/StarterContent/Textures/T_Concrete_Panels_D.uasset"
[2025.10.04-23.57.52:135][  0]LogPackFactory: Copied "../../../Samples/StarterContent/Content/StarterContent/Textures/T_Concrete_Panels_N.uasset" to "D:/LearnData/UnrealProject/UnrealLearn/CPlusTutorial/Content/StarterContent/Textures/T_Concrete_Panels_N.uasset"
[2025.10.04-23.57.52:150][  0]LogPackFactory: Copied "../../../Samples/StarterContent/Content/StarterContent/Textures/T_Concrete_Poured_D.uasset" to "D:/LearnData/UnrealProject/UnrealLearn/CPlusTutorial/Content/StarterContent/Textures/T_Concrete_Poured_D.uasset"
[2025.10.04-23.57.52:157][  0]LogPackFactory: Copied "../../../Samples/StarterContent/Content/StarterContent/Textures/T_Concrete_Poured_N.uasset" to "D:/LearnData/UnrealProject/UnrealLearn/CPlusTutorial/Content/StarterContent/Textures/T_Concrete_Poured_N.uasset"
[2025.10.04-23.57.52:163][  0]LogPackFactory: Copied "../../../Samples/StarterContent/Content/StarterContent/Textures/T_Concrete_Tiles_D.uasset" to "D:/LearnData/UnrealProject/UnrealLearn/CPlusTutorial/Content/StarterContent/Textures/T_Concrete_Tiles_D.uasset"
[2025.10.04-23.57.52:170][  0]LogPackFactory: Copied "../../../Samples/StarterContent/Content/StarterContent/Textures/T_Concrete_Tiles_M.uasset" to "D:/LearnData/UnrealProject/UnrealLearn/CPlusTutorial/Content/StarterContent/Textures/T_Concrete_Tiles_M.uasset"
[2025.10.04-23.57.52:176][  0]LogPackFactory: Copied "../../../Samples/StarterContent/Content/StarterContent/Textures/T_Concrete_Tiles_N.uasset" to "D:/LearnData/UnrealProject/UnrealLearn/CPlusTutorial/Content/StarterContent/Textures/T_Concrete_Tiles_N.uasset"
[2025.10.04-23.57.52:177][  0]LogPackFactory: Copied "../../../Samples/StarterContent/Content/StarterContent/Textures/T_Concrete_Tiles_Variation_M.uasset" to "D:/LearnData/UnrealProject/UnrealLearn/CPlusTutorial/Content/StarterContent/Textures/T_Concrete_Tiles_Variation_M.uasset"
[2025.10.04-23.57.52:181][  0]LogPackFactory: Copied "../../../Samples/StarterContent/Content/StarterContent/Textures/T_Detail_Rocky_N.uasset" to "D:/LearnData/UnrealProject/UnrealLearn/CPlusTutorial/Content/StarterContent/Textures/T_Detail_Rocky_N.uasset"
[2025.10.04-23.57.52:183][  0]LogPackFactory: Copied "../../../Samples/StarterContent/Content/StarterContent/Textures/T_Door_M.uasset" to "D:/LearnData/UnrealProject/UnrealLearn/CPlusTutorial/Content/StarterContent/Textures/T_Door_M.uasset"
[2025.10.04-23.57.52:185][  0]LogPackFactory: Copied "../../../Samples/StarterContent/Content/StarterContent/Textures/T_Door_N.uasset" to "D:/LearnData/UnrealProject/UnrealLearn/CPlusTutorial/Content/StarterContent/Textures/T_Door_N.uasset"
[2025.10.04-23.57.52:187][  0]LogPackFactory: Copied "../../../Samples/StarterContent/Content/StarterContent/Textures/T_Dust_Particle_D.uasset" to "D:/LearnData/UnrealProject/UnrealLearn/CPlusTutorial/Content/StarterContent/Textures/T_Dust_Particle_D.uasset"
[2025.10.04-23.57.52:190][  0]LogPackFactory: Copied "../../../Samples/StarterContent/Content/StarterContent/Textures/T_Explosion_SubUV.uasset" to "D:/LearnData/UnrealProject/UnrealLearn/CPlusTutorial/Content/StarterContent/Textures/T_Explosion_SubUV.uasset"
[2025.10.04-23.57.52:193][  0]LogPackFactory: Copied "../../../Samples/StarterContent/Content/StarterContent/Textures/T_Fire_SubUV.uasset" to "D:/LearnData/UnrealProject/UnrealLearn/CPlusTutorial/Content/StarterContent/Textures/T_Fire_SubUV.uasset"
[2025.10.04-23.57.52:194][  0]LogPackFactory: Copied "../../../Samples/StarterContent/Content/StarterContent/Textures/T_Fire_Tiled_D.uasset" to "D:/LearnData/UnrealProject/UnrealLearn/CPlusTutorial/Content/StarterContent/Textures/T_Fire_Tiled_D.uasset"
[2025.10.04-23.57.52:196][  0]LogPackFactory: Copied "../../../Samples/StarterContent/Content/StarterContent/Textures/T_Frame_M.uasset" to "D:/LearnData/UnrealProject/UnrealLearn/CPlusTutorial/Content/StarterContent/Textures/T_Frame_M.uasset"
[2025.10.04-23.57.52:200][  0]LogPackFactory: Copied "../../../Samples/StarterContent/Content/StarterContent/Textures/T_Frame_N.uasset" to "D:/LearnData/UnrealProject/UnrealLearn/CPlusTutorial/Content/StarterContent/Textures/T_Frame_N.uasset"
[2025.10.04-23.57.52:201][  0]LogPackFactory: Copied "../../../Samples/StarterContent/Content/StarterContent/Textures/T_Gradinet_01.uasset" to "D:/LearnData/UnrealProject/UnrealLearn/CPlusTutorial/Content/StarterContent/Textures/T_Gradinet_01.uasset"
[2025.10.04-23.57.52:211][  0]LogPackFactory: Copied "../../../Samples/StarterContent/Content/StarterContent/Textures/T_Ground_Grass_D.uasset" to "D:/LearnData/UnrealProject/UnrealLearn/CPlusTutorial/Content/StarterContent/Textures/T_Ground_Grass_D.uasset"
[2025.10.04-23.57.52:221][  0]LogPackFactory: Copied "../../../Samples/StarterContent/Content/StarterContent/Textures/T_Ground_Grass_N.uasset" to "D:/LearnData/UnrealProject/UnrealLearn/CPlusTutorial/Content/StarterContent/Textures/T_Ground_Grass_N.uasset"
[2025.10.04-23.57.52:230][  0]LogPackFactory: Copied "../../../Samples/StarterContent/Content/StarterContent/Textures/T_Ground_Gravel_D.uasset" to "D:/LearnData/UnrealProject/UnrealLearn/CPlusTutorial/Content/StarterContent/Textures/T_Ground_Gravel_D.uasset"
[2025.10.04-23.57.52:237][  0]LogPackFactory: Copied "../../../Samples/StarterContent/Content/StarterContent/Textures/T_Ground_Gravel_N.uasset" to "D:/LearnData/UnrealProject/UnrealLearn/CPlusTutorial/Content/StarterContent/Textures/T_Ground_Gravel_N.uasset"
[2025.10.04-23.57.52:247][  0]LogPackFactory: Copied "../../../Samples/StarterContent/Content/StarterContent/Textures/T_ground_Moss_D.uasset" to "D:/LearnData/UnrealProject/UnrealLearn/CPlusTutorial/Content/StarterContent/Textures/T_ground_Moss_D.uasset"
[2025.10.04-23.57.52:286][  0]LogPackFactory: Copied "../../../Samples/StarterContent/Content/StarterContent/Textures/T_Ground_Moss_N.uasset" to "D:/LearnData/UnrealProject/UnrealLearn/CPlusTutorial/Content/StarterContent/Textures/T_Ground_Moss_N.uasset"
[2025.10.04-23.57.52:288][  0]LogPackFactory: Copied "../../../Samples/StarterContent/Content/StarterContent/Textures/T_Lamp_M.uasset" to "D:/LearnData/UnrealProject/UnrealLearn/CPlusTutorial/Content/StarterContent/Textures/T_Lamp_M.uasset"
[2025.10.04-23.57.52:291][  0]LogPackFactory: Copied "../../../Samples/StarterContent/Content/StarterContent/Textures/T_Lamp_N.uasset" to "D:/LearnData/UnrealProject/UnrealLearn/CPlusTutorial/Content/StarterContent/Textures/T_Lamp_N.uasset"
[2025.10.04-23.57.52:300][  0]LogPackFactory: Copied "../../../Samples/StarterContent/Content/StarterContent/Textures/T_MacroVariation.uasset" to "D:/LearnData/UnrealProject/UnrealLearn/CPlusTutorial/Content/StarterContent/Textures/T_MacroVariation.uasset"
[2025.10.04-23.57.52:309][  0]LogPackFactory: Copied "../../../Samples/StarterContent/Content/StarterContent/Textures/T_Metal_Aluminum_D.uasset" to "D:/LearnData/UnrealProject/UnrealLearn/CPlusTutorial/Content/StarterContent/Textures/T_Metal_Aluminum_D.uasset"
[2025.10.04-23.57.52:317][  0]LogPackFactory: Copied "../../../Samples/StarterContent/Content/StarterContent/Textures/T_Metal_Copper_D.uasset" to "D:/LearnData/UnrealProject/UnrealLearn/CPlusTutorial/Content/StarterContent/Textures/T_Metal_Copper_D.uasset"
[2025.10.04-23.57.52:325][  0]LogPackFactory: Copied "../../../Samples/StarterContent/Content/StarterContent/Textures/T_Metal_Gold_D.uasset" to "D:/LearnData/UnrealProject/UnrealLearn/CPlusTutorial/Content/StarterContent/Textures/T_Metal_Gold_D.uasset"
[2025.10.04-23.57.52:330][  0]LogPackFactory: Copied "../../../Samples/StarterContent/Content/StarterContent/Textures/T_Metal_Gold_N.uasset" to "D:/LearnData/UnrealProject/UnrealLearn/CPlusTutorial/Content/StarterContent/Textures/T_Metal_Gold_N.uasset"
[2025.10.04-23.57.52:345][  0]LogPackFactory: Copied "../../../Samples/StarterContent/Content/StarterContent/Textures/T_Metal_Rust_D.uasset" to "D:/LearnData/UnrealProject/UnrealLearn/CPlusTutorial/Content/StarterContent/Textures/T_Metal_Rust_D.uasset"
[2025.10.04-23.57.52:352][  0]LogPackFactory: Copied "../../../Samples/StarterContent/Content/StarterContent/Textures/T_Metal_Rust_N.uasset" to "D:/LearnData/UnrealProject/UnrealLearn/CPlusTutorial/Content/StarterContent/Textures/T_Metal_Rust_N.uasset"
[2025.10.04-23.57.52:357][  0]LogPackFactory: Copied "../../../Samples/StarterContent/Content/StarterContent/Textures/T_Metal_Steel_D.uasset" to "D:/LearnData/UnrealProject/UnrealLearn/CPlusTutorial/Content/StarterContent/Textures/T_Metal_Steel_D.uasset"
[2025.10.04-23.57.52:362][  0]LogPackFactory: Copied "../../../Samples/StarterContent/Content/StarterContent/Textures/T_Metal_Steel_N.uasset" to "D:/LearnData/UnrealProject/UnrealLearn/CPlusTutorial/Content/StarterContent/Textures/T_Metal_Steel_N.uasset"
[2025.10.04-23.57.52:370][  0]LogPackFactory: Copied "../../../Samples/StarterContent/Content/StarterContent/Textures/T_Perlin_Noise_M.uasset" to "D:/LearnData/UnrealProject/UnrealLearn/CPlusTutorial/Content/StarterContent/Textures/T_Perlin_Noise_M.uasset"
[2025.10.04-23.57.52:374][  0]LogPackFactory: Copied "../../../Samples/StarterContent/Content/StarterContent/Textures/T_RockMesh_M.uasset" to "D:/LearnData/UnrealProject/UnrealLearn/CPlusTutorial/Content/StarterContent/Textures/T_RockMesh_M.uasset"
[2025.10.04-23.57.52:380][  0]LogPackFactory: Copied "../../../Samples/StarterContent/Content/StarterContent/Textures/T_RockMesh_N.uasset" to "D:/LearnData/UnrealProject/UnrealLearn/CPlusTutorial/Content/StarterContent/Textures/T_RockMesh_N.uasset"
[2025.10.04-23.57.52:389][  0]LogPackFactory: Copied "../../../Samples/StarterContent/Content/StarterContent/Textures/T_Rock_Basalt_D.uasset" to "D:/LearnData/UnrealProject/UnrealLearn/CPlusTutorial/Content/StarterContent/Textures/T_Rock_Basalt_D.uasset"
[2025.10.04-23.57.52:395][  0]LogPackFactory: Copied "../../../Samples/StarterContent/Content/StarterContent/Textures/T_Rock_Basalt_N.uasset" to "D:/LearnData/UnrealProject/UnrealLearn/CPlusTutorial/Content/StarterContent/Textures/T_Rock_Basalt_N.uasset"
[2025.10.04-23.57.52:401][  0]LogPackFactory: Copied "../../../Samples/StarterContent/Content/StarterContent/Textures/T_Rock_Marble_Polished_D.uasset" to "D:/LearnData/UnrealProject/UnrealLearn/CPlusTutorial/Content/StarterContent/Textures/T_Rock_Marble_Polished_D.uasset"
[2025.10.04-23.57.52:410][  0]LogPackFactory: Copied "../../../Samples/StarterContent/Content/StarterContent/Textures/T_Rock_Sandstone_D.uasset" to "D:/LearnData/UnrealProject/UnrealLearn/CPlusTutorial/Content/StarterContent/Textures/T_Rock_Sandstone_D.uasset"
[2025.10.04-23.57.52:418][  0]LogPackFactory: Copied "../../../Samples/StarterContent/Content/StarterContent/Textures/T_Rock_Sandstone_N.uasset" to "D:/LearnData/UnrealProject/UnrealLearn/CPlusTutorial/Content/StarterContent/Textures/T_Rock_Sandstone_N.uasset"
[2025.10.04-23.57.52:428][  0]LogPackFactory: Copied "../../../Samples/StarterContent/Content/StarterContent/Textures/T_Rock_Slate_D.uasset" to "D:/LearnData/UnrealProject/UnrealLearn/CPlusTutorial/Content/StarterContent/Textures/T_Rock_Slate_D.uasset"
[2025.10.04-23.57.52:449][  0]LogPackFactory: Copied "../../../Samples/StarterContent/Content/StarterContent/Textures/T_Rock_Slate_N.uasset" to "D:/LearnData/UnrealProject/UnrealLearn/CPlusTutorial/Content/StarterContent/Textures/T_Rock_Slate_N.uasset"
[2025.10.04-23.57.52:457][  0]LogPackFactory: Copied "../../../Samples/StarterContent/Content/StarterContent/Textures/T_Rock_Smooth_Granite_D.uasset" to "D:/LearnData/UnrealProject/UnrealLearn/CPlusTutorial/Content/StarterContent/Textures/T_Rock_Smooth_Granite_D.uasset"
[2025.10.04-23.57.52:459][  0]LogPackFactory: Copied "../../../Samples/StarterContent/Content/StarterContent/Textures/T_Shelf_M.uasset" to "D:/LearnData/UnrealProject/UnrealLearn/CPlusTutorial/Content/StarterContent/Textures/T_Shelf_M.uasset"
[2025.10.04-23.57.52:464][  0]LogPackFactory: Copied "../../../Samples/StarterContent/Content/StarterContent/Textures/T_Shelf_N.uasset" to "D:/LearnData/UnrealProject/UnrealLearn/CPlusTutorial/Content/StarterContent/Textures/T_Shelf_N.uasset"
[2025.10.04-23.57.52:466][  0]LogPackFactory: Copied "../../../Samples/StarterContent/Content/StarterContent/Textures/T_Single_Tile_N.uasset" to "D:/LearnData/UnrealProject/UnrealLearn/CPlusTutorial/Content/StarterContent/Textures/T_Single_Tile_N.uasset"
[2025.10.04-23.57.52:470][  0]LogPackFactory: Copied "../../../Samples/StarterContent/Content/StarterContent/Textures/T_Smoke_SubUV.uasset" to "D:/LearnData/UnrealProject/UnrealLearn/CPlusTutorial/Content/StarterContent/Textures/T_Smoke_SubUV.uasset"
[2025.10.04-23.57.52:472][  0]LogPackFactory: Copied "../../../Samples/StarterContent/Content/StarterContent/Textures/T_Smoke_Tiled_D.uasset" to "D:/LearnData/UnrealProject/UnrealLearn/CPlusTutorial/Content/StarterContent/Textures/T_Smoke_Tiled_D.uasset"
[2025.10.04-23.57.52:473][  0]LogPackFactory: Copied "../../../Samples/StarterContent/Content/StarterContent/Textures/T_Spark_Core.uasset" to "D:/LearnData/UnrealProject/UnrealLearn/CPlusTutorial/Content/StarterContent/Textures/T_Spark_Core.uasset"
[2025.10.04-23.57.52:476][  0]LogPackFactory: Copied "../../../Samples/StarterContent/Content/StarterContent/Textures/T_Statue_M.uasset" to "D:/LearnData/UnrealProject/UnrealLearn/CPlusTutorial/Content/StarterContent/Textures/T_Statue_M.uasset"
[2025.10.04-23.57.52:477][  0]LogPackFactory: Copied "../../../Samples/StarterContent/Content/StarterContent/Textures/T_Statue_N.uasset" to "D:/LearnData/UnrealProject/UnrealLearn/CPlusTutorial/Content/StarterContent/Textures/T_Statue_N.uasset"
[2025.10.04-23.57.52:506][  0]LogPackFactory: Copied "../../../Samples/StarterContent/Content/StarterContent/Textures/T_TableRound_M.uasset" to "D:/LearnData/UnrealProject/UnrealLearn/CPlusTutorial/Content/StarterContent/Textures/T_TableRound_M.uasset"
[2025.10.04-23.57.52:511][  0]LogPackFactory: Copied "../../../Samples/StarterContent/Content/StarterContent/Textures/T_TableRound_N.uasset" to "D:/LearnData/UnrealProject/UnrealLearn/CPlusTutorial/Content/StarterContent/Textures/T_TableRound_N.uasset"
[2025.10.04-23.57.52:513][  0]LogPackFactory: Copied "../../../Samples/StarterContent/Content/StarterContent/Textures/T_Tech_Dot_M.uasset" to "D:/LearnData/UnrealProject/UnrealLearn/CPlusTutorial/Content/StarterContent/Textures/T_Tech_Dot_M.uasset"
[2025.10.04-23.57.52:514][  0]LogPackFactory: Copied "../../../Samples/StarterContent/Content/StarterContent/Textures/T_Tech_Dot_N.uasset" to "D:/LearnData/UnrealProject/UnrealLearn/CPlusTutorial/Content/StarterContent/Textures/T_Tech_Dot_N.uasset"
[2025.10.04-23.57.52:517][  0]LogPackFactory: Copied "../../../Samples/StarterContent/Content/StarterContent/Textures/T_Tech_Hex_Tile_M.uasset" to "D:/LearnData/UnrealProject/UnrealLearn/CPlusTutorial/Content/StarterContent/Textures/T_Tech_Hex_Tile_M.uasset"
[2025.10.04-23.57.52:519][  0]LogPackFactory: Copied "../../../Samples/StarterContent/Content/StarterContent/Textures/T_Tech_Hex_Tile_N.uasset" to "D:/LearnData/UnrealProject/UnrealLearn/CPlusTutorial/Content/StarterContent/Textures/T_Tech_Hex_Tile_N.uasset"
[2025.10.04-23.57.52:522][  0]LogPackFactory: Copied "../../../Samples/StarterContent/Content/StarterContent/Textures/T_Tech_Panel_M.uasset" to "D:/LearnData/UnrealProject/UnrealLearn/CPlusTutorial/Content/StarterContent/Textures/T_Tech_Panel_M.uasset"
[2025.10.04-23.57.52:525][  0]LogPackFactory: Copied "../../../Samples/StarterContent/Content/StarterContent/Textures/T_Tech_Panel_N.uasset" to "D:/LearnData/UnrealProject/UnrealLearn/CPlusTutorial/Content/StarterContent/Textures/T_Tech_Panel_N.uasset"
[2025.10.04-23.57.52:528][  0]LogPackFactory: Copied "../../../Samples/StarterContent/Content/StarterContent/Textures/T_Water_M.uasset" to "D:/LearnData/UnrealProject/UnrealLearn/CPlusTutorial/Content/StarterContent/Textures/T_Water_M.uasset"
[2025.10.04-23.57.52:531][  0]LogPackFactory: Copied "../../../Samples/StarterContent/Content/StarterContent/Textures/T_Water_N.uasset" to "D:/LearnData/UnrealProject/UnrealLearn/CPlusTutorial/Content/StarterContent/Textures/T_Water_N.uasset"
[2025.10.04-23.57.52:536][  0]LogPackFactory: Copied "../../../Samples/StarterContent/Content/StarterContent/Textures/T_Wood_Floor_Walnut_D.uasset" to "D:/LearnData/UnrealProject/UnrealLearn/CPlusTutorial/Content/StarterContent/Textures/T_Wood_Floor_Walnut_D.uasset"
[2025.10.04-23.57.52:541][  0]LogPackFactory: Copied "../../../Samples/StarterContent/Content/StarterContent/Textures/T_Wood_Floor_Walnut_M.uasset" to "D:/LearnData/UnrealProject/UnrealLearn/CPlusTutorial/Content/StarterContent/Textures/T_Wood_Floor_Walnut_M.uasset"
[2025.10.04-23.57.52:546][  0]LogPackFactory: Copied "../../../Samples/StarterContent/Content/StarterContent/Textures/T_Wood_Floor_Walnut_N.uasset" to "D:/LearnData/UnrealProject/UnrealLearn/CPlusTutorial/Content/StarterContent/Textures/T_Wood_Floor_Walnut_N.uasset"
[2025.10.04-23.57.52:553][  0]LogPackFactory: Copied "../../../Samples/StarterContent/Content/StarterContent/Textures/T_Wood_Oak_D.uasset" to "D:/LearnData/UnrealProject/UnrealLearn/CPlusTutorial/Content/StarterContent/Textures/T_Wood_Oak_D.uasset"
[2025.10.04-23.57.52:558][  0]LogPackFactory: Copied "../../../Samples/StarterContent/Content/StarterContent/Textures/T_Wood_Oak_N.uasset" to "D:/LearnData/UnrealProject/UnrealLearn/CPlusTutorial/Content/StarterContent/Textures/T_Wood_Oak_N.uasset"
[2025.10.04-23.57.52:569][  0]LogPackFactory: Copied "../../../Samples/StarterContent/Content/StarterContent/Textures/T_Wood_Pine_D.uasset" to "D:/LearnData/UnrealProject/UnrealLearn/CPlusTutorial/Content/StarterContent/Textures/T_Wood_Pine_D.uasset"
[2025.10.04-23.57.52:572][  0]LogPackFactory: Copied "../../../Samples/StarterContent/Content/StarterContent/Textures/T_Wood_Pine_N.uasset" to "D:/LearnData/UnrealProject/UnrealLearn/CPlusTutorial/Content/StarterContent/Textures/T_Wood_Pine_N.uasset"
[2025.10.04-23.57.52:578][  0]LogPackFactory: Copied "../../../Samples/StarterContent/Content/StarterContent/Textures/T_Wood_Walnut_D.uasset" to "D:/LearnData/UnrealProject/UnrealLearn/CPlusTutorial/Content/StarterContent/Textures/T_Wood_Walnut_D.uasset"
[2025.10.04-23.57.52:583][  0]LogPackFactory: Copied "../../../Samples/StarterContent/Content/StarterContent/Textures/T_Wood_Walnut_N.uasset" to "D:/LearnData/UnrealProject/UnrealLearn/CPlusTutorial/Content/StarterContent/Textures/T_Wood_Walnut_N.uasset"
[2025.10.04-23.57.52:603][  0]LogStaticMesh: スタティックメッシュ Floor_400x400 をビルド中...
[2025.10.04-23.57.52:606][  0]LogStaticMesh: Built static mesh [0.00s] /Game/StarterContent/Architecture/Floor_400x400.Floor_400x400
[2025.10.04-23.57.52:695][  0]LogRenderer: Reallocating scene render targets to support 256x256 Format 10 NumSamples 1 (Frame:1).
[2025.10.04-23.57.52:774][  0]LogSavePackage: Moving 'D:/LearnData/UnrealProject/UnrealLearn/CPlusTutorial/Saved/Floor_400x4001E1719164B417C7FD220CBA1F867EFF3.tmp' to 'D:/LearnData/UnrealProject/UnrealLearn/CPlusTutorial/Content/StarterContent/Architecture/Floor_400x400.uasset'
[2025.10.04-23.57.52:777][  0]LogFeaturePack: Warning: Inserted 1 feature packs
[2025.10.04-23.57.52:779][  0]Cmd: MAP LOAD FILE="D:/LearnData/UnrealProject/UnrealLearn/CPlusTutorial/Content/FirstPersonCPP/Maps/FirstPersonExampleMap.umap" TEMPLATE=0 SHOWPROGRESS=1 FEATURELEVEL=3
[2025.10.04-23.57.52:779][  0]LightingResults: New page: ライティングのビルド
[2025.10.04-23.57.52:786][  0]LogWorld: UWorld::CleanupWorld for Untitled, bSessionEnded=true, bCleanupResources=true
[2025.10.04-23.57.52:789][  0]LogSlate: InvalidateAllWidgets triggered.  All widgets were invalidated
[2025.10.04-23.57.52:792][  0]MapCheck: New page: マップをチェック
[2025.10.04-23.57.52:792][  0]LightingResults: New page: <何も選択されていません>
[2025.10.04-23.57.52:804][  0]LogAudio: Display: Audio Device unregistered from world 'None'.
[2025.10.04-23.57.52:821][  0]LogUObjectHash: Compacting FUObjectHashTables data took   1.17ms
[2025.10.04-23.57.52:861][  0]LogLinker: Warning: [AssetLog] D:\LearnData\UnrealProject\UnrealLearn\CPlusTutorial\Content\FirstPersonCPP\Maps\FirstPersonExampleMap.umap:  '/Game/FirstPersonCPP/Maps/FirstPersonExampleMap_BuiltData' のロードに失敗しました: ファイルが見つかりません
[2025.10.04-23.57.52:863][  0]LogLinker: Warning: [AssetLog] D:\LearnData\UnrealProject\UnrealLearn\CPlusTutorial\Content\FirstPersonCPP\Maps\FirstPersonExampleMap.umap:  '/Game/FirstPersonCPP/Maps/FirstPersonExampleMap_BuiltData' のロードに失敗しました: ファイルが見つかりません
[2025.10.04-23.57.52:864][  0]LogLinker: Warning: [AssetLog] D:\LearnData\UnrealProject\UnrealLearn\CPlusTutorial\Content\FirstPersonCPP\Maps\FirstPersonExampleMap.umap:  '/Game/FirstPersonCPP/Maps/FirstPersonExampleMap_BuiltData' のロードに失敗しました: ファイルが見つかりません
[2025.10.04-23.57.52:876][  0]LogLinker: Warning:  '/Game/FirstPersonCPP/Maps/FirstPersonExampleMap_BuiltData' のロードに失敗しました: ファイルが見つかりません
[2025.10.04-23.57.52:876][  0]LogLinker: Warning:  '/Game/FirstPersonCPP/Maps/FirstPersonExampleMap_BuiltData' のロードに失敗しました: ファイルが見つかりません
[2025.10.04-23.57.52:882][  0]LogLinker: Warning: [AssetLog] D:\LearnData\UnrealProject\UnrealLearn\CPlusTutorial\Content\FirstPersonCPP\Maps\FirstPersonExampleMap.umap:  '/Game/FirstPersonCPP/Maps/FirstPersonExampleMap_BuiltData' のロードに失敗しました: ファイルが見つかりません
[2025.10.04-23.57.52:882][  0]LoadErrors: ロードに失敗しました /Game/FirstPersonCPP/Maps/FirstPersonExampleMap_BuiltData.FirstPersonExampleMap_BuiltData 参照元 PersistentLevel
[2025.10.04-23.57.53:011][  0]LogAudio: Display: Audio Device (ID: 1) registered with world 'FirstPersonExampleMap'.
[2025.10.04-23.57.53:012][  0]LogAIModule: Creating AISystem for world FirstPersonExampleMap
[2025.10.04-23.57.53:047][  0]LogEditorServer: Finished looking for orphan Actors (0.000 secs)
[2025.10.04-23.57.53:059][  0]LogUObjectHash: Compacting FUObjectHashTables data took   0.90ms
[2025.10.04-23.57.53:060][  0]Cmd: MAP CHECKDEP NOCLEARLOG
[2025.10.04-23.57.53:060][  0]MapCheck: マップチェックが完了: 0 エラー、 0 警告、完了に 0.291ミリ秒かかりました。
[2025.10.04-23.57.53:060][  0]LogFileHelpers: Loading map 'FirstPersonExampleMap' took 0.283
[2025.10.04-23.57.53:101][  0]LogUnrealEdMisc: Total Editor Startup Time, took 72.036
[2025.10.04-23.57.53:268][  0]LogSlate: Updating window title bar state: overlay mode, drag disabled, window buttons hidden, title bar hidden
[2025.10.04-23.57.53:275][  0]LogSlate: Updating window title bar state: overlay mode, drag disabled, window buttons hidden, title bar hidden
[2025.10.04-23.57.53:281][  0]LogSlate: Updating window title bar state: overlay mode, drag disabled, window buttons hidden, title bar hidden
[2025.10.04-23.57.53:286][  0]LogSlate: Updating window title bar state: overlay mode, drag disabled, window buttons hidden, title bar hidden
[2025.10.04-23.57.53:319][  0]LogNativeClassHierarchy: Verbose: Native class hierarchy populated in 0.0096 seconds. Added 3828 classes and 930 folders.
[2025.10.04-23.57.53:326][  0]LogNativeClassHierarchy: Verbose: Native class hierarchy updated for 'WidgetCarousel' in 0.0003 seconds. Added 0 classes and 0 folders.
[2025.10.04-23.57.53:331][  0]LogPakFile: PakFile PrimaryIndexSize=187
[2025.10.04-23.57.53:331][  0]LogPakFile: PakFile PathHashIndexSize=101
[2025.10.04-23.57.53:331][  0]LogPakFile: PakFile FullDirectoryIndexSize=148
[2025.10.04-23.57.53:332][  0]LogShaderLibrary: Display: ShaderCodeLibraryPakFileMountedCallback: PakFile 'C:/Program Files/Epic Games/UE_4.27/FeaturePacks/FP_FirstPerson.upack' (chunk index -1, root 'root:/') mounted
[2025.10.04-23.57.53:332][  0]LogShaderLibrary: Display: ShaderCodeLibraryPakFileMountedCallback: pending pak file info (ChunkID:-1 Root:root:/ File:C:/Program Files/Epic Games/UE_4.27/FeaturePacks/FP_FirstPerson.upack)
[2025.10.04-23.57.53:332][  0]LogPakFile: OnPakFileMounted2Time == 0.001013
[2025.10.04-23.57.53:336][  0]LogPakFile: PakFile PrimaryIndexSize=189
[2025.10.04-23.57.53:336][  0]LogPakFile: PakFile PathHashIndexSize=101
[2025.10.04-23.57.53:336][  0]LogPakFile: PakFile FullDirectoryIndexSize=152
[2025.10.04-23.57.53:336][  0]LogShaderLibrary: Display: ShaderCodeLibraryPakFileMountedCallback: PakFile 'C:/Program Files/Epic Games/UE_4.27/FeaturePacks/FP_FirstPersonBP.upack' (chunk index -1, root 'root:/') mounted
[2025.10.04-23.57.53:336][  0]LogShaderLibrary: Display: ShaderCodeLibraryPakFileMountedCallback: pending pak file info (ChunkID:-1 Root:root:/ File:C:/Program Files/Epic Games/UE_4.27/FeaturePacks/FP_FirstPersonBP.upack)
[2025.10.04-23.57.53:336][  0]LogPakFile: OnPakFileMounted2Time == 0.000042
[2025.10.04-23.57.53:337][  0]LogPakFile: PakFile PrimaryIndexSize=191
[2025.10.04-23.57.53:337][  0]LogPakFile: PakFile PathHashIndexSize=101
[2025.10.04-23.57.53:337][  0]LogPakFile: PakFile FullDirectoryIndexSize=160
[2025.10.04-23.57.53:337][  0]LogShaderLibrary: Display: ShaderCodeLibraryPakFileMountedCallback: PakFile 'C:/Program Files/Epic Games/UE_4.27/FeaturePacks/MobileStarterContent.upack' (chunk index -1, root 'root:/') mounted
[2025.10.04-23.57.53:337][  0]LogShaderLibrary: Display: ShaderCodeLibraryPakFileMountedCallback: pending pak file info (ChunkID:-1 Root:root:/ File:C:/Program Files/Epic Games/UE_4.27/FeaturePacks/MobileStarterContent.upack)
[2025.10.04-23.57.53:337][  0]LogPakFile: OnPakFileMounted2Time == 0.000036
[2025.10.04-23.57.53:338][  0]LogPakFile: PakFile PrimaryIndexSize=185
[2025.10.04-23.57.53:338][  0]LogPakFile: PakFile PathHashIndexSize=101
[2025.10.04-23.57.53:338][  0]LogPakFile: PakFile FullDirectoryIndexSize=148
[2025.10.04-23.57.53:338][  0]LogShaderLibrary: Display: ShaderCodeLibraryPakFileMountedCallback: PakFile 'C:/Program Files/Epic Games/UE_4.27/FeaturePacks/StarterContent.upack' (chunk index -1, root 'root:/') mounted
[2025.10.04-23.57.53:338][  0]LogShaderLibrary: Display: ShaderCodeLibraryPakFileMountedCallback: pending pak file info (ChunkID:-1 Root:root:/ File:C:/Program Files/Epic Games/UE_4.27/FeaturePacks/StarterContent.upack)
[2025.10.04-23.57.53:338][  0]LogPakFile: OnPakFileMounted2Time == 0.000045
[2025.10.04-23.57.53:339][  0]LogPakFile: PakFile PrimaryIndexSize=190
[2025.10.04-23.57.53:339][  0]LogPakFile: PakFile PathHashIndexSize=101
[2025.10.04-23.57.53:339][  0]LogPakFile: PakFile FullDirectoryIndexSize=154
[2025.10.04-23.57.53:339][  0]LogShaderLibrary: Display: ShaderCodeLibraryPakFileMountedCallback: PakFile 'C:/Program Files/Epic Games/UE_4.27/FeaturePacks/TP_2DSideScroller.upack' (chunk index -1, root 'root:/') mounted
[2025.10.04-23.57.53:339][  0]LogShaderLibrary: Display: ShaderCodeLibraryPakFileMountedCallback: pending pak file info (ChunkID:-1 Root:root:/ File:C:/Program Files/Epic Games/UE_4.27/FeaturePacks/TP_2DSideScroller.upack)
[2025.10.04-23.57.53:339][  0]LogPakFile: OnPakFileMounted2Time == 0.000035
[2025.10.04-23.57.53:340][  0]LogPakFile: PakFile PrimaryIndexSize=192
[2025.10.04-23.57.53:341][  0]LogPakFile: PakFile PathHashIndexSize=101
[2025.10.04-23.57.53:341][  0]LogPakFile: PakFile FullDirectoryIndexSize=158
[2025.10.04-23.57.53:341][  0]LogShaderLibrary: Display: ShaderCodeLibraryPakFileMountedCallback: PakFile 'C:/Program Files/Epic Games/UE_4.27/FeaturePacks/TP_2DSideScrollerBP.upack' (chunk index -1, root 'root:/') mounted
[2025.10.04-23.57.53:341][  0]LogShaderLibrary: Display: ShaderCodeLibraryPakFileMountedCallback: pending pak file info (ChunkID:-1 Root:root:/ File:C:/Program Files/Epic Games/UE_4.27/FeaturePacks/TP_2DSideScrollerBP.upack)
[2025.10.04-23.57.53:341][  0]LogPakFile: OnPakFileMounted2Time == 0.000032
[2025.10.04-23.57.53:341][  0]LogPakFile: PakFile PrimaryIndexSize=182
[2025.10.04-23.57.53:341][  0]LogPakFile: PakFile PathHashIndexSize=101
[2025.10.04-23.57.53:341][  0]LogPakFile: PakFile FullDirectoryIndexSize=138
[2025.10.04-23.57.53:341][  0]LogShaderLibrary: Display: ShaderCodeLibraryPakFileMountedCallback: PakFile 'C:/Program Files/Epic Games/UE_4.27/FeaturePacks/TP_Flying.upack' (chunk index -1, root 'root:/') mounted
[2025.10.04-23.57.53:341][  0]LogShaderLibrary: Display: ShaderCodeLibraryPakFileMountedCallback: pending pak file info (ChunkID:-1 Root:root:/ File:C:/Program Files/Epic Games/UE_4.27/FeaturePacks/TP_Flying.upack)
[2025.10.04-23.57.53:341][  0]LogPakFile: OnPakFileMounted2Time == 0.000040
[2025.10.04-23.57.53:343][  0]LogPakFile: PakFile PrimaryIndexSize=184
[2025.10.04-23.57.53:343][  0]LogPakFile: PakFile PathHashIndexSize=101
[2025.10.04-23.57.53:343][  0]LogPakFile: PakFile FullDirectoryIndexSize=142
[2025.10.04-23.57.53:343][  0]LogShaderLibrary: Display: ShaderCodeLibraryPakFileMountedCallback: PakFile 'C:/Program Files/Epic Games/UE_4.27/FeaturePacks/TP_FlyingBP.upack' (chunk index -1, root 'root:/') mounted
[2025.10.04-23.57.53:343][  0]LogShaderLibrary: Display: ShaderCodeLibraryPakFileMountedCallback: pending pak file info (ChunkID:-1 Root:root:/ File:C:/Program Files/Epic Games/UE_4.27/FeaturePacks/TP_FlyingBP.upack)
[2025.10.04-23.57.53:343][  0]LogPakFile: OnPakFileMounted2Time == 0.000034
[2025.10.04-23.57.53:345][  0]LogPakFile: PakFile PrimaryIndexSize=188
[2025.10.04-23.57.53:345][  0]LogPakFile: PakFile PathHashIndexSize=101
[2025.10.04-23.57.53:345][  0]LogPakFile: PakFile FullDirectoryIndexSize=150
[2025.10.04-23.57.53:345][  0]LogShaderLibrary: Display: ShaderCodeLibraryPakFileMountedCallback: PakFile 'C:/Program Files/Epic Games/UE_4.27/FeaturePacks/TP_HandheldARBP.upack' (chunk index -1, root 'root:/') mounted
[2025.10.04-23.57.53:345][  0]LogShaderLibrary: Display: ShaderCodeLibraryPakFileMountedCallback: pending pak file info (ChunkID:-1 Root:root:/ File:C:/Program Files/Epic Games/UE_4.27/FeaturePacks/TP_HandheldARBP.upack)
[2025.10.04-23.57.53:345][  0]LogPakFile: OnPakFileMounted2Time == 0.000041
[2025.10.04-23.57.53:347][  0]LogPakFile: PakFile PrimaryIndexSize=182
[2025.10.04-23.57.53:347][  0]LogPakFile: PakFile PathHashIndexSize=101
[2025.10.04-23.57.53:347][  0]LogPakFile: PakFile FullDirectoryIndexSize=138
[2025.10.04-23.57.53:347][  0]LogShaderLibrary: Display: ShaderCodeLibraryPakFileMountedCallback: PakFile 'C:/Program Files/Epic Games/UE_4.27/FeaturePacks/TP_Puzzle.upack' (chunk index -1, root 'root:/') mounted
[2025.10.04-23.57.53:347][  0]LogShaderLibrary: Display: ShaderCodeLibraryPakFileMountedCallback: pending pak file info (ChunkID:-1 Root:root:/ File:C:/Program Files/Epic Games/UE_4.27/FeaturePacks/TP_Puzzle.upack)
[2025.10.04-23.57.53:347][  0]LogPakFile: OnPakFileMounted2Time == 0.000032
[2025.10.04-23.57.53:348][  0]LogPakFile: PakFile PrimaryIndexSize=184
[2025.10.04-23.57.53:348][  0]LogPakFile: PakFile PathHashIndexSize=101
[2025.10.04-23.57.53:348][  0]LogPakFile: PakFile FullDirectoryIndexSize=142
[2025.10.04-23.57.53:348][  0]LogShaderLibrary: Display: ShaderCodeLibraryPakFileMountedCallback: PakFile 'C:/Program Files/Epic Games/UE_4.27/FeaturePacks/TP_PuzzleBP.upack' (chunk index -1, root 'root:/') mounted
[2025.10.04-23.57.53:348][  0]LogShaderLibrary: Display: ShaderCodeLibraryPakFileMountedCallback: pending pak file info (ChunkID:-1 Root:root:/ File:C:/Program Files/Epic Games/UE_4.27/FeaturePacks/TP_PuzzleBP.upack)
[2025.10.04-23.57.53:348][  0]LogPakFile: OnPakFileMounted2Time == 0.000099
[2025.10.04-23.57.53:349][  0]LogPakFile: PakFile PrimaryIndexSize=183
[2025.10.04-23.57.53:350][  0]LogPakFile: PakFile PathHashIndexSize=101
[2025.10.04-23.57.53:350][  0]LogPakFile: PakFile FullDirectoryIndexSize=140
[2025.10.04-23.57.53:350][  0]LogShaderLibrary: Display: ShaderCodeLibraryPakFileMountedCallback: PakFile 'C:/Program Files/Epic Games/UE_4.27/FeaturePacks/TP_Rolling.upack' (chunk index -1, root 'root:/') mounted
[2025.10.04-23.57.53:350][  0]LogShaderLibrary: Display: ShaderCodeLibraryPakFileMountedCallback: pending pak file info (ChunkID:-1 Root:root:/ File:C:/Program Files/Epic Games/UE_4.27/FeaturePacks/TP_Rolling.upack)
[2025.10.04-23.57.53:350][  0]LogPakFile: OnPakFileMounted2Time == 0.000041
[2025.10.04-23.57.53:351][  0]LogPakFile: PakFile PrimaryIndexSize=185
[2025.10.04-23.57.53:351][  0]LogPakFile: PakFile PathHashIndexSize=101
[2025.10.04-23.57.53:351][  0]LogPakFile: PakFile FullDirectoryIndexSize=144
[2025.10.04-23.57.53:351][  0]LogShaderLibrary: Display: ShaderCodeLibraryPakFileMountedCallback: PakFile 'C:/Program Files/Epic Games/UE_4.27/FeaturePacks/TP_RollingBP.upack' (chunk index -1, root 'root:/') mounted
[2025.10.04-23.57.53:351][  0]LogShaderLibrary: Display: ShaderCodeLibraryPakFileMountedCallback: pending pak file info (ChunkID:-1 Root:root:/ File:C:/Program Files/Epic Games/UE_4.27/FeaturePacks/TP_RollingBP.upack)
[2025.10.04-23.57.53:351][  0]LogPakFile: OnPakFileMounted2Time == 0.000033
[2025.10.04-23.57.53:352][  0]LogPakFile: PakFile PrimaryIndexSize=188
[2025.10.04-23.57.53:352][  0]LogPakFile: PakFile PathHashIndexSize=101
[2025.10.04-23.57.53:352][  0]LogPakFile: PakFile FullDirectoryIndexSize=150
[2025.10.04-23.57.53:352][  0]LogShaderLibrary: Display: ShaderCodeLibraryPakFileMountedCallback: PakFile 'C:/Program Files/Epic Games/UE_4.27/FeaturePacks/TP_SideScroller.upack' (chunk index -1, root 'root:/') mounted
[2025.10.04-23.57.53:352][  0]LogShaderLibrary: Display: ShaderCodeLibraryPakFileMountedCallback: pending pak file info (ChunkID:-1 Root:root:/ File:C:/Program Files/Epic Games/UE_4.27/FeaturePacks/TP_SideScroller.upack)
[2025.10.04-23.57.53:352][  0]LogPakFile: OnPakFileMounted2Time == 0.000032
[2025.10.04-23.57.53:353][  0]LogPakFile: PakFile PrimaryIndexSize=190
[2025.10.04-23.57.53:353][  0]LogPakFile: PakFile PathHashIndexSize=101
[2025.10.04-23.57.53:353][  0]LogPakFile: PakFile FullDirectoryIndexSize=154
[2025.10.04-23.57.53:353][  0]LogShaderLibrary: Display: ShaderCodeLibraryPakFileMountedCallback: PakFile 'C:/Program Files/Epic Games/UE_4.27/FeaturePacks/TP_SideScrollerBP.upack' (chunk index -1, root 'root:/') mounted
[2025.10.04-23.57.53:353][  0]LogShaderLibrary: Display: ShaderCodeLibraryPakFileMountedCallback: pending pak file info (ChunkID:-1 Root:root:/ File:C:/Program Files/Epic Games/UE_4.27/FeaturePacks/TP_SideScrollerBP.upack)
[2025.10.04-23.57.53:353][  0]LogPakFile: OnPakFileMounted2Time == 0.000042
[2025.10.04-23.57.53:354][  0]LogPakFile: PakFile PrimaryIndexSize=187
[2025.10.04-23.57.53:354][  0]LogPakFile: PakFile PathHashIndexSize=101
[2025.10.04-23.57.53:354][  0]LogPakFile: PakFile FullDirectoryIndexSize=148
[2025.10.04-23.57.53:354][  0]LogShaderLibrary: Display: ShaderCodeLibraryPakFileMountedCallback: PakFile 'C:/Program Files/Epic Games/UE_4.27/FeaturePacks/TP_ThirdPerson.upack' (chunk index -1, root 'root:/') mounted
[2025.10.04-23.57.53:354][  0]LogShaderLibrary: Display: ShaderCodeLibraryPakFileMountedCallback: pending pak file info (ChunkID:-1 Root:root:/ File:C:/Program Files/Epic Games/UE_4.27/FeaturePacks/TP_ThirdPerson.upack)
[2025.10.04-23.57.53:354][  0]LogPakFile: OnPakFileMounted2Time == 0.000033
[2025.10.04-23.57.53:355][  0]LogPakFile: PakFile PrimaryIndexSize=189
[2025.10.04-23.57.53:355][  0]LogPakFile: PakFile PathHashIndexSize=101
[2025.10.04-23.57.53:355][  0]LogPakFile: PakFile FullDirectoryIndexSize=152
[2025.10.04-23.57.53:355][  0]LogShaderLibrary: Display: ShaderCodeLibraryPakFileMountedCallback: PakFile 'C:/Program Files/Epic Games/UE_4.27/FeaturePacks/TP_ThirdPersonBP.upack' (chunk index -1, root 'root:/') mounted
[2025.10.04-23.57.53:355][  0]LogShaderLibrary: Display: ShaderCodeLibraryPakFileMountedCallback: pending pak file info (ChunkID:-1 Root:root:/ File:C:/Program Files/Epic Games/UE_4.27/FeaturePacks/TP_ThirdPersonBP.upack)
[2025.10.04-23.57.53:355][  0]LogPakFile: OnPakFileMounted2Time == 0.000039
[2025.10.04-23.57.53:355][  0]LogPakFile: PakFile PrimaryIndexSize=183
[2025.10.04-23.57.53:357][  0]LogPakFile: PakFile PathHashIndexSize=101
[2025.10.04-23.57.53:357][  0]LogPakFile: PakFile FullDirectoryIndexSize=140
[2025.10.04-23.57.53:357][  0]LogShaderLibrary: Display: ShaderCodeLibraryPakFileMountedCallback: PakFile 'C:/Program Files/Epic Games/UE_4.27/FeaturePacks/TP_TopDown.upack' (chunk index -1, root 'root:/') mounted
[2025.10.04-23.57.53:357][  0]LogShaderLibrary: Display: ShaderCodeLibraryPakFileMountedCallback: pending pak file info (ChunkID:-1 Root:root:/ File:C:/Program Files/Epic Games/UE_4.27/FeaturePacks/TP_TopDown.upack)
[2025.10.04-23.57.53:357][  0]LogPakFile: OnPakFileMounted2Time == 0.000044
[2025.10.04-23.57.53:358][  0]LogPakFile: PakFile PrimaryIndexSize=185
[2025.10.04-23.57.53:358][  0]LogPakFile: PakFile PathHashIndexSize=101
[2025.10.04-23.57.53:358][  0]LogPakFile: PakFile FullDirectoryIndexSize=144
[2025.10.04-23.57.53:358][  0]LogShaderLibrary: Display: ShaderCodeLibraryPakFileMountedCallback: PakFile 'C:/Program Files/Epic Games/UE_4.27/FeaturePacks/TP_TopDownBP.upack' (chunk index -1, root 'root:/') mounted
[2025.10.04-23.57.53:358][  0]LogShaderLibrary: Display: ShaderCodeLibraryPakFileMountedCallback: pending pak file info (ChunkID:-1 Root:root:/ File:C:/Program Files/Epic Games/UE_4.27/FeaturePacks/TP_TopDownBP.upack)
[2025.10.04-23.57.53:358][  0]LogPakFile: OnPakFileMounted2Time == 0.000037
[2025.10.04-23.57.53:359][  0]LogPakFile: PakFile PrimaryIndexSize=185
[2025.10.04-23.57.53:359][  0]LogPakFile: PakFile PathHashIndexSize=101
[2025.10.04-23.57.53:359][  0]LogPakFile: PakFile FullDirectoryIndexSize=144
[2025.10.04-23.57.53:359][  0]LogShaderLibrary: Display: ShaderCodeLibraryPakFileMountedCallback: PakFile 'C:/Program Files/Epic Games/UE_4.27/FeaturePacks/TP_TwinStick.upack' (chunk index -1, root 'root:/') mounted
[2025.10.04-23.57.53:359][  0]LogShaderLibrary: Display: ShaderCodeLibraryPakFileMountedCallback: pending pak file info (ChunkID:-1 Root:root:/ File:C:/Program Files/Epic Games/UE_4.27/FeaturePacks/TP_TwinStick.upack)
[2025.10.04-23.57.53:359][  0]LogPakFile: OnPakFileMounted2Time == 0.000044
[2025.10.04-23.57.53:361][  0]LogPakFile: PakFile PrimaryIndexSize=187
[2025.10.04-23.57.53:361][  0]LogPakFile: PakFile PathHashIndexSize=101
[2025.10.04-23.57.53:361][  0]LogPakFile: PakFile FullDirectoryIndexSize=148
[2025.10.04-23.57.53:361][  0]LogShaderLibrary: Display: ShaderCodeLibraryPakFileMountedCallback: PakFile 'C:/Program Files/Epic Games/UE_4.27/FeaturePacks/TP_TwinStickBP.upack' (chunk index -1, root 'root:/') mounted
[2025.10.04-23.57.53:361][  0]LogShaderLibrary: Display: ShaderCodeLibraryPakFileMountedCallback: pending pak file info (ChunkID:-1 Root:root:/ File:C:/Program Files/Epic Games/UE_4.27/FeaturePacks/TP_TwinStickBP.upack)
[2025.10.04-23.57.53:361][  0]LogPakFile: OnPakFileMounted2Time == 0.000043
[2025.10.04-23.57.53:362][  0]LogPakFile: PakFile PrimaryIndexSize=183
[2025.10.04-23.57.53:362][  0]LogPakFile: PakFile PathHashIndexSize=101
[2025.10.04-23.57.53:362][  0]LogPakFile: PakFile FullDirectoryIndexSize=140
[2025.10.04-23.57.53:362][  0]LogShaderLibrary: Display: ShaderCodeLibraryPakFileMountedCallback: PakFile 'C:/Program Files/Epic Games/UE_4.27/FeaturePacks/TP_Vehicle.upack' (chunk index -1, root 'root:/') mounted
[2025.10.04-23.57.53:362][  0]LogShaderLibrary: Display: ShaderCodeLibraryPakFileMountedCallback: pending pak file info (ChunkID:-1 Root:root:/ File:C:/Program Files/Epic Games/UE_4.27/FeaturePacks/TP_Vehicle.upack)
[2025.10.04-23.57.53:362][  0]LogPakFile: OnPakFileMounted2Time == 0.000035
[2025.10.04-23.57.53:363][  0]LogPakFile: PakFile PrimaryIndexSize=186
[2025.10.04-23.57.53:363][  0]LogPakFile: PakFile PathHashIndexSize=101
[2025.10.04-23.57.53:363][  0]LogPakFile: PakFile FullDirectoryIndexSize=146
[2025.10.04-23.57.53:363][  0]LogShaderLibrary: Display: ShaderCodeLibraryPakFileMountedCallback: PakFile 'C:/Program Files/Epic Games/UE_4.27/FeaturePacks/TP_VehicleAdv.upack' (chunk index -1, root 'root:/') mounted
[2025.10.04-23.57.53:363][  0]LogShaderLibrary: Display: ShaderCodeLibraryPakFileMountedCallback: pending pak file info (ChunkID:-1 Root:root:/ File:C:/Program Files/Epic Games/UE_4.27/FeaturePacks/TP_VehicleAdv.upack)
[2025.10.04-23.57.53:363][  0]LogPakFile: OnPakFileMounted2Time == 0.000034
[2025.10.04-23.57.53:364][  0]LogPakFile: PakFile PrimaryIndexSize=188
[2025.10.04-23.57.53:364][  0]LogPakFile: PakFile PathHashIndexSize=101
[2025.10.04-23.57.53:364][  0]LogPakFile: PakFile FullDirectoryIndexSize=150
[2025.10.04-23.57.53:364][  0]LogShaderLibrary: Display: ShaderCodeLibraryPakFileMountedCallback: PakFile 'C:/Program Files/Epic Games/UE_4.27/FeaturePacks/TP_VehicleAdvBP.upack' (chunk index -1, root 'root:/') mounted
[2025.10.04-23.57.53:364][  0]LogShaderLibrary: Display: ShaderCodeLibraryPakFileMountedCallback: pending pak file info (ChunkID:-1 Root:root:/ File:C:/Program Files/Epic Games/UE_4.27/FeaturePacks/TP_VehicleAdvBP.upack)
[2025.10.04-23.57.53:364][  0]LogPakFile: OnPakFileMounted2Time == 0.000033
[2025.10.04-23.57.53:365][  0]LogPakFile: PakFile PrimaryIndexSize=185
[2025.10.04-23.57.53:365][  0]LogPakFile: PakFile PathHashIndexSize=101
[2025.10.04-23.57.53:365][  0]LogPakFile: PakFile FullDirectoryIndexSize=144
[2025.10.04-23.57.53:366][  0]LogShaderLibrary: Display: ShaderCodeLibraryPakFileMountedCallback: PakFile 'C:/Program Files/Epic Games/UE_4.27/FeaturePacks/TP_VehicleBP.upack' (chunk index -1, root 'root:/') mounted
[2025.10.04-23.57.53:366][  0]LogShaderLibrary: Display: ShaderCodeLibraryPakFileMountedCallback: pending pak file info (ChunkID:-1 Root:root:/ File:C:/Program Files/Epic Games/UE_4.27/FeaturePacks/TP_VehicleBP.upack)
[2025.10.04-23.57.53:366][  0]LogPakFile: OnPakFileMounted2Time == 0.000043
[2025.10.04-23.57.53:367][  0]LogPakFile: PakFile PrimaryIndexSize=192
[2025.10.04-23.57.53:367][  0]LogPakFile: PakFile PathHashIndexSize=101
[2025.10.04-23.57.53:367][  0]LogPakFile: PakFile FullDirectoryIndexSize=158
[2025.10.04-23.57.53:367][  0]LogShaderLibrary: Display: ShaderCodeLibraryPakFileMountedCallback: PakFile 'C:/Program Files/Epic Games/UE_4.27/FeaturePacks/TP_VirtualRealityBP.upack' (chunk index -1, root 'root:/') mounted
[2025.10.04-23.57.53:367][  0]LogShaderLibrary: Display: ShaderCodeLibraryPakFileMountedCallback: pending pak file info (ChunkID:-1 Root:root:/ File:C:/Program Files/Epic Games/UE_4.27/FeaturePacks/TP_VirtualRealityBP.upack)
[2025.10.04-23.57.53:367][  0]LogPakFile: OnPakFileMounted2Time == 0.000040
[2025.10.04-23.57.53:527][  0]LogNativeClassHierarchy: Verbose: Native class hierarchy updated for 'AddContentDialog' in 0.0003 seconds. Added 0 classes and 0 folders.
[2025.10.04-23.57.53:531][  0]LogNativeClassHierarchy: Verbose: Native class hierarchy updated for 'SceneOutliner' in 0.0003 seconds. Added 2 classes and 0 folders.
[2025.10.04-23.57.53:588][  0]LogSlate: Took 0.000826 seconds to synchronously load lazily loaded font '../../../Engine/Content/Slate/Fonts/Roboto-Regular.ttf' (155K)
[2025.10.04-23.57.53:592][  0]LogSlate: Took 0.001404 seconds to synchronously load lazily loaded font '../../../Engine/Content/Editor/Slate/Fonts/FontAwesome.ttf' (139K)
[2025.10.04-23.57.53:594][  0]LogSlate: Took 0.001371 seconds to synchronously load lazily loaded font '../../../Engine/Content/Editor/Slate/Fonts/GenEiGothicPro-Regular.otf' (707K)
[2025.10.04-23.57.53:597][  0]LogSlate: Took 0.001337 seconds to synchronously load lazily loaded font '../../../Engine/Content/Editor/Slate/Fonts/GenEiGothicPro-Bold.otf' (698K)
[2025.10.04-23.57.53:598][  0]LogSlate: Took 0.000690 seconds to synchronously load lazily loaded font '../../../Engine/Content/Slate/Fonts/Roboto-Bold.ttf' (160K)
[2025.10.04-23.57.53:664][  0]LogRenderer: Reallocating scene render targets to support 1288x616 Format 10 NumSamples 1 (Frame:1).
[2025.10.04-23.57.53:809][  0]LogNativeClassHierarchy: Verbose: Native class hierarchy updated for 'HierarchicalLODOutliner' in 0.0003 seconds. Added 0 classes and 0 folders.
[2025.10.04-23.57.53:810][  0]LogLoad: (Engine Initialization) Total time: 72.74 seconds
[2025.10.04-23.57.53:810][  0]LogLoad: (Engine Initialization) Total Blueprint compile time: 0.00 seconds
[2025.10.04-23.57.53:836][  0]AssetCheck: New page: アセット保存：Floor_400x400
[2025.10.04-23.57.53:836][  0]LogContentValidation: Display: StaticMesh /Game/StarterContent/Architecture/Floor_400x400.Floor_400x400 を検証しています
[2025.10.04-23.57.53:869][  0]LogAssetRegistry: Asset discovery search completed in 11.7104 seconds
[2025.10.04-23.57.53:876][  0]LogCollectionManager: Fixed up redirectors for 0 collections in 0.000119 seconds (updated 0 objects)
[2025.10.04-23.57.53:941][  0]LogContentStreaming: Texture pool size now 1000 MB
[2025.10.04-23.57.54:004][  0]LogSlate: Took 0.000490 seconds to synchronously load lazily loaded font '../../../Engine/Content/Slate/Fonts/DroidSansMono.ttf' (77K)
[2025.10.04-23.57.54:005][  0]LogSlate: Took 0.001062 seconds to synchronously load lazily loaded font '../../../Engine/Content/Editor/Slate/Fonts/GenEiGothicPro-SemiBold.otf' (703K)
[2025.10.04-23.57.54:006][  0]LogSlate: Took 0.001032 seconds to synchronously load lazily loaded font '../../../Engine/Content/Editor/Slate/Fonts/GenEiGothicPro-Heavy.otf' (704K)
[2025.10.04-23.57.54:008][  0]LogSlate: Took 0.001434 seconds to synchronously load lazily loaded font '../../../Engine/Content/Editor/Slate/Fonts/GenEiGothicPro-Light.otf' (713K)
[2025.10.04-23.57.56:195][ 10]LogSlate: Window 'メッセージ ログ' being destroyed
[2025.10.04-23.57.56:205][ 10]LogSlate: Window 'メッセージ ログ' being destroyed
[2025.10.04-23.58.00:327][128]LogUObjectHash: Compacting FUObjectHashTables data took   0.57ms
[2025.10.04-23.58.00:364][128]LogSlate: Window 'CPlusTutorial - Unreal Editor' being destroyed
[2025.10.04-23.58.00:370][128]LogWindowsTextInputMethodSystem: Display: IME system activated using TSF (搜狗拼音输入法).
[2025.10.04-23.58.00:539][129]Cmd: QUIT_EDITOR
[2025.10.04-23.58.00:539][129]LogCore: Engine exit requested (reason: UUnrealEdEngine::CloseEditor())
[2025.10.04-23.58.00:544][129]LogCore: Engine exit requested (reason: EngineExit() was called; note: exit was already requested)
[2025.10.04-23.58.00:561][129]LogAudio: Display: Beginning Audio Device Manager Shutdown (Module: AudioMixerXAudio2)...
[2025.10.04-23.58.00:561][129]LogAudio: Display: Destroying 1 Remaining Audio Device(s)...
[2025.10.04-23.58.00:561][129]LogAudio: Display: Audio Device unregistered from world 'FirstPersonExampleMap'.
[2025.10.04-23.58.00:562][129]LogAudioMixer: FMixerPlatformXAudio2::StopAudioStream() called
[2025.10.04-23.58.00:565][129]LogAudioMixer: FMixerPlatformXAudio2::StopAudioStream() called
[2025.10.04-23.58.00:570][129]LogAudio: Display: Audio Device Manager Shutdown
[2025.10.04-23.58.00:575][129]LogExit: Preparing to exit.
[2025.10.04-23.58.01:321][129]LogUObjectHash: Compacting FUObjectHashTables data took   0.82ms
[2025.10.04-23.58.01:759][129]LogWorld: UWorld::CleanupWorld for World_0, bSessionEnded=true, bCleanupResources=true
[2025.10.04-23.58.01:788][129]LogDemo: Cleaned up 0 splitscreen connections with owner deletion
[2025.10.04-23.58.01:807][129]LogWorld: UWorld::CleanupWorld for None, bSessionEnded=true, bCleanupResources=true
[2025.10.04-23.58.01:807][129]LogExit: Editor shut down
[2025.10.04-23.58.01:808][129]LogExit: Transaction tracking system shut down
[2025.10.04-23.58.02:027][129]LogExit: Object subsystem successfully closed.
[2025.10.04-23.58.02:055][129]LogShaderCompilers: Display: === FShaderJobCache stats ===
[2025.10.04-23.58.02:055][129]LogShaderCompilers: Display: Total job queries 0, among them cache hits 0 (0.00%)
[2025.10.04-23.58.02:055][129]LogShaderCompilers: Display: Tracking 0 distinct input hashes that result in 0 distinct outputs (0.00%)
[2025.10.04-23.58.02:055][129]LogShaderCompilers: Display: RAM used: 0.00 MB (0.00 GB) of 1638.40 MB (1.60 GB) budget. Usage: 0.00%
[2025.10.04-23.58.02:055][129]LogShaderCompilers: Display: ================================================
[2025.10.04-23.58.02:071][129]LogShaderCompilers: Display: Shaders left to compile 0
[2025.10.04-23.58.02:156][129]LogModuleManager: Shutting down and abandoning module HierarchicalLODOutliner (872)
[2025.10.04-23.58.02:156][129]LogModuleManager: Shutting down and abandoning module SceneOutliner (870)
[2025.10.04-23.58.02:156][129]LogModuleManager: Shutting down and abandoning module AddContentDialog (868)
[2025.10.04-23.58.02:157][129]LogModuleManager: Shutting down and abandoning module WidgetCarousel (867)
[2025.10.04-23.58.02:157][129]LogModuleManager: Shutting down and abandoning module EditorWidgets (864)
[2025.10.04-23.58.02:157][129]LogModuleManager: Shutting down and abandoning module StatsViewer (862)
[2025.10.04-23.58.02:158][129]LogModuleManager: Shutting down and abandoning module PIEPreviewDeviceProfileSelector (860)
[2025.10.04-23.58.02:158][129]LogModuleManager: Shutting down and abandoning module SequenceRecorderSections (858)
[2025.10.04-23.58.02:158][129]LogModuleManager: Shutting down and abandoning module AutomationWorker (856)
[2025.10.04-23.58.02:159][129]LogModuleManager: Shutting down and abandoning module SteamVREditor (854)
[2025.10.04-23.58.02:159][129]LogModuleManager: Shutting down and abandoning module OculusMR (852)
[2025.10.04-23.58.02:159][129]LogModuleManager: Shutting down and abandoning module TakeRecorderSources (850)
[2025.10.04-23.58.02:160][129]LogModuleManager: Shutting down and abandoning module TakeRecorder (849)
[2025.10.04-23.58.02:160][129]LogModuleManager: Shutting down and abandoning module TakeTrackRecorders (846)
[2025.10.04-23.58.02:161][129]LogModuleManager: Shutting down and abandoning module TakesCore (844)
[2025.10.04-23.58.02:161][129]LogModuleManager: Shutting down and abandoning module OpenXRInput (842)
[2025.10.04-23.58.02:161][129]LogModuleManager: Shutting down and abandoning module GooglePADEditor (840)
[2025.10.04-23.58.02:161][129]LogModuleManager: Shutting down and abandoning module AudioCaptureEditor (838)
[2025.10.04-23.58.02:161][129]LogModuleManager: Shutting down and abandoning module TemplateSequenceEditor (836)
[2025.10.04-23.58.02:161][129]LogModuleManager: Shutting down and abandoning module MatineeToLevelSequence (834)
[2025.10.04-23.58.02:161][129]LogModuleManager: Shutting down and abandoning module LevelSequenceEditor (832)
[2025.10.04-23.58.02:161][129]LogModuleManager: Shutting down and abandoning module ActorSequenceEditor (830)
[2025.10.04-23.58.02:162][129]LogModuleManager: Shutting down and abandoning module WmfMediaFactory (828)
[2025.10.04-23.58.02:162][129]LogModuleManager: Shutting down and abandoning module WmfMediaEditor (826)
[2025.10.04-23.58.02:162][129]LogModuleManager: Shutting down and abandoning module WebMMediaFactory (824)
[2025.10.04-23.58.02:162][129]LogModuleManager: Shutting down and abandoning module WebMMediaEditor (822)
[2025.10.04-23.58.02:162][129]LogModuleManager: Shutting down and abandoning module WebMMedia (820)
[2025.10.04-23.58.02:162][129]LogModuleManager: Shutting down and abandoning module MediaPlayerEditor (818)
[2025.10.04-23.58.02:163][129]LogModuleManager: Shutting down and abandoning module MediaCompositingEditor (816)
[2025.10.04-23.58.02:163][129]LogModuleManager: Shutting down and abandoning module SequenceRecorder (815)
[2025.10.04-23.58.02:165][129]LogModuleManager: Shutting down and abandoning module OpenExrWrapper (812)
[2025.10.04-23.58.02:165][129]LogModuleManager: Shutting down and abandoning module ImgMediaFactory (810)
[2025.10.04-23.58.02:165][129]LogModuleManager: Shutting down and abandoning module ImgMediaEditor (808)
[2025.10.04-23.58.02:165][129]LogModuleManager: Shutting down and abandoning module AvfMediaFactory (806)
[2025.10.04-23.58.02:165][129]LogModuleManager: Shutting down and abandoning module AvfMediaEditor (804)
[2025.10.04-23.58.02:165][129]LogModuleManager: Shutting down and abandoning module AndroidMediaFactory (802)
[2025.10.04-23.58.02:165][129]LogModuleManager: Shutting down and abandoning module AndroidMediaEditor (800)
[2025.10.04-23.58.02:165][129]LogModuleManager: Shutting down and abandoning module MagicLeapMediaCodecFactory (798)
[2025.10.04-23.58.02:165][129]LogModuleManager: Shutting down and abandoning module MagicLeapMediaFactory (796)
[2025.10.04-23.58.02:165][129]LogModuleManager: Shutting down and abandoning module MagicLeapMediaEditor (794)
[2025.10.04-23.58.02:165][129]LogModuleManager: Shutting down and abandoning module PlanarCut (792)
[2025.10.04-23.58.02:165][129]LogModuleManager: Shutting down and abandoning module CharacterAI (790)
[2025.10.04-23.58.02:165][129]LogModuleManager: Shutting down and abandoning module TextureAlignMode (788)
[2025.10.04-23.58.02:165][129]LogModuleManager: Shutting down and abandoning module BspMode (786)
[2025.10.04-23.58.02:165][129]LogModuleManager: Shutting down and abandoning module GeometryMode (784)
[2025.10.04-23.58.02:165][129]LogModuleManager: Shutting down and abandoning module CameraShakePreviewer (782)
[2025.10.04-23.58.02:166][129]LogModuleManager: Shutting down and abandoning module SmartSnapping (780)
[2025.10.04-23.58.02:166][129]LogModuleManager: Shutting down and abandoning module SessionServices (778)
[2025.10.04-23.58.02:166][129]LogModuleManager: Shutting down and abandoning module MeshPaint (776)
[2025.10.04-23.58.02:166][129]LogModuleManager: Shutting down and abandoning module VirtualTexturingEditor (774)
[2025.10.04-23.58.02:166][129]LogModuleManager: Shutting down and abandoning module FoliageEdit (772)
[2025.10.04-23.58.02:167][129]LogModuleManager: Shutting down and abandoning module LandscapeEditor (770)
[2025.10.04-23.58.02:168][129]LogModuleManager: Shutting down and abandoning module MeshPaintMode (768)
[2025.10.04-23.58.02:168][129]LogModuleManager: Shutting down and abandoning module SceneDepthPickerMode (766)
[2025.10.04-23.58.02:168][129]LogModuleManager: Shutting down and abandoning module ActorPickerMode (764)
[2025.10.04-23.58.02:168][129]LogModuleManager: Shutting down and abandoning module PlacementMode (762)
[2025.10.04-23.58.02:168][129]LogModuleManager: Shutting down and abandoning module ViewportSnapping (760)
[2025.10.04-23.58.02:168][129]LogModuleManager: Shutting down and abandoning module ViewportInteraction (758)
[2025.10.04-23.58.02:168][129]LogModuleManager: Shutting down and abandoning module ClothPainter (756)
[2025.10.04-23.58.02:168][129]LogModuleManager: Shutting down and abandoning module SkeletalMeshEditor (755)
[2025.10.04-23.58.02:169][129]LogModuleManager: Shutting down and abandoning module LogVisualizer (752)
[2025.10.04-23.58.02:169][129]LogModuleManager: Shutting down and abandoning module IntroTutorials (750)
[2025.10.04-23.58.02:170][129]LogModuleManager: Shutting down and abandoning module GameProjectGeneration (749)
[2025.10.04-23.58.02:170][129]LogModuleManager: Shutting down and abandoning module LuminPlatformEditor (746)
[2025.10.04-23.58.02:170][129]LogModuleManager: Shutting down and abandoning module IOSPlatformEditor (744)
[2025.10.04-23.58.02:170][129]LogModuleManager: Shutting down and abandoning module AndroidPlatformEditor (742)
[2025.10.04-23.58.02:170][129]LogModuleManager: Shutting down and abandoning module AndroidDeviceDetection (741)
[2025.10.04-23.58.02:418][129]LogModuleManager: Shutting down and abandoning module WindowsPlatformEditor (738)
[2025.10.04-23.58.02:419][129]LogModuleManager: Shutting down and abandoning module LuminRuntimeSettings (736)
[2025.10.04-23.58.02:419][129]LogModuleManager: Shutting down and abandoning module IOSRuntimeSettings (734)
[2025.10.04-23.58.02:419][129]LogModuleManager: Shutting down and abandoning module AndroidRuntimeSettings (732)
[2025.10.04-23.58.02:419][129]LogModuleManager: Shutting down and abandoning module TraceInsights (730)
[2025.10.04-23.58.02:424][129]MemoryProfiler: Shutdown
[2025.10.04-23.58.02:424][129]NetworkingProfiler: Shutdown
[2025.10.04-23.58.02:424][129]LoadingProfiler: Shutdown
[2025.10.04-23.58.02:425][129]TimingProfiler: Shutdown
[2025.10.04-23.58.02:427][129]LogModuleManager: Shutting down and abandoning module TraceServices (729)
[2025.10.04-23.58.02:427][129]LogModuleManager: Shutting down and abandoning module EditorInteractiveToolsFramework (726)
[2025.10.04-23.58.02:428][129]LogModuleManager: Shutting down and abandoning module TimeManagementEditor (724)
[2025.10.04-23.58.02:428][129]LogModuleManager: Shutting down and abandoning module InputBindingEditor (722)
[2025.10.04-23.58.02:428][129]LogModuleManager: Shutting down and abandoning module MergeActors (720)
[2025.10.04-23.58.02:429][129]LogModuleManager: Shutting down and abandoning module LocalizationDashboard (718)
[2025.10.04-23.58.02:429][129]LogModuleManager: Shutting down and abandoning module LocalizationService (717)
[2025.10.04-23.58.02:429][129]LogModuleManager: Shutting down and abandoning module HardwareTargeting (714)
[2025.10.04-23.58.02:429][129]LogModuleManager: Shutting down and abandoning module DeviceProfileEditor (712)
[2025.10.04-23.58.02:430][129]LogModuleManager: Shutting down and abandoning module UndoHistory (710)
[2025.10.04-23.58.02:430][129]LogModuleManager: Shutting down and abandoning module XmlParser (708)
[2025.10.04-23.58.02:430][129]LogModuleManager: Shutting down and abandoning module Blutility (706)
[2025.10.04-23.58.02:430][129]LogModuleManager: Shutting down and abandoning module ProjectSettingsViewer (704)
[2025.10.04-23.58.02:430][129]LogModuleManager: Shutting down and abandoning module ProjectTargetPlatformEditor (703)
[2025.10.04-23.58.02:431][129]LogModuleManager: Shutting down and abandoning module EditorSettingsViewer (700)
[2025.10.04-23.58.02:431][129]LogModuleManager: Shutting down and abandoning module InternationalizationSettings (699)
[2025.10.04-23.58.02:431][129]LogModuleManager: Shutting down and abandoning module SettingsEditor (696)
[2025.10.04-23.58.02:431][129]LogModuleManager: Shutting down and abandoning module ProjectLauncher (694)
[2025.10.04-23.58.02:431][129]LogModuleManager: Shutting down and abandoning module SessionFrontend (692)
[2025.10.04-23.58.02:432][129]LogModuleManager: Shutting down and abandoning module ProfilerClient (690)
[2025.10.04-23.58.02:432][129]LogModuleManager: Shutting down and abandoning module DeviceManager (688)
[2025.10.04-23.58.02:433][129]LogModuleManager: Shutting down and abandoning module TargetDeviceServices (687)
[2025.10.04-23.58.02:465][129]LogModuleManager: Shutting down and abandoning module AutomationController (684)
[2025.10.04-23.58.02:465][129]LogModuleManager: Shutting down and abandoning module AutomationWindow (682)
[2025.10.04-23.58.02:466][129]LogModuleManager: Shutting down and abandoning module Layers (680)
[2025.10.04-23.58.02:467][129]LogModuleManager: Shutting down and abandoning module ComponentVisualizers (678)
[2025.10.04-23.58.02:467][129]LogModuleManager: Shutting down and abandoning module DetailCustomizations (676)
[2025.10.04-23.58.02:468][129]LogModuleManager: Shutting down and abandoning module PackagesDialog (674)
[2025.10.04-23.58.02:469][129]LogModuleManager: Shutting down and abandoning module AnimationBlueprintEditor (672)
[2025.10.04-23.58.02:470][129]LogModuleManager: Shutting down and abandoning module Persona (670)
[2025.10.04-23.58.02:472][129]LogModuleManager: Shutting down and abandoning module AdvancedPreviewScene (669)
[2025.10.04-23.58.02:472][129]LogModuleManager: Shutting down and abandoning module Kismet (666)
[2025.10.04-23.58.02:474][129]LogModuleManager: Shutting down and abandoning module KismetWidgets (665)
[2025.10.04-23.58.02:474][129]LogModuleManager: Shutting down and abandoning module GraphEditor (662)
[2025.10.04-23.58.02:476][129]LogModuleManager: Shutting down and abandoning module StructViewer (660)
[2025.10.04-23.58.02:476][129]LogModuleManager: Shutting down and abandoning module ClassViewer (658)
[2025.10.04-23.58.02:476][129]LogModuleManager: Shutting down and abandoning module Toolbox (656)
[2025.10.04-23.58.02:476][129]LogModuleManager: Shutting down and abandoning module ModuleUI (654)
[2025.10.04-23.58.02:476][129]LogModuleManager: Shutting down and abandoning module OutputLog (652)
[2025.10.04-23.58.02:477][129]LogModuleManager: Shutting down and abandoning module GammaUI (650)
[2025.10.04-23.58.02:477][129]LogModuleManager: Shutting down and abandoning module Documentation (648)
[2025.10.04-23.58.02:477][129]LogModuleManager: Shutting down and abandoning module LiveCoding (646)
[2025.10.04-23.58.02:477][129]LogModuleManager: Shutting down and abandoning module LevelSequence (644)
[2025.10.04-23.58.02:477][129]LogModuleManager: Shutting down and abandoning module MovieSceneTracks (642)
[2025.10.04-23.58.02:477][129]LogModuleManager: Shutting down and abandoning module MovieScene (640)
[2025.10.04-23.58.02:479][129]LogModuleManager: Shutting down and abandoning module StreamingPauseRendering (638)
[2025.10.04-23.58.02:479][129]LogModuleManager: Shutting down and abandoning module LauncherPlatform (636)
[2025.10.04-23.58.02:479][129]LogModuleManager: Shutting down and abandoning module AnalyticsET (634)
[2025.10.04-23.58.02:479][129]LogModuleManager: Shutting down and abandoning module PortalServices (632)
[2025.10.04-23.58.02:479][129]LogModuleManager: Shutting down and abandoning module PortalRpc (630)
[2025.10.04-23.58.02:479][129]LogModuleManager: Shutting down and abandoning module MessagingRpc (628)
[2025.10.04-23.58.02:479][129]LogModuleManager: Shutting down and abandoning module AudioMixerXAudio2 (626)
[2025.10.04-23.58.02:479][129]LogModuleManager: Shutting down and abandoning module AudioMixerCore (625)
[2025.10.04-23.58.02:479][129]LogModuleManager: Shutting down and abandoning module AIModule (622)
[2025.10.04-23.58.02:479][129]LogModuleManager: Shutting down and abandoning module GameplayDebugger (621)
[2025.10.04-23.58.02:480][129]LogModuleManager: Shutting down and abandoning module AITestSuite (619)
[2025.10.04-23.58.02:480][129]LogModuleManager: Shutting down and abandoning module NavigationSystem (617)
[2025.10.04-23.58.02:480][129]LogModuleManager: Shutting down and abandoning module ImageWriteQueue (614)
[2025.10.04-23.58.02:486][129]LogModuleManager: Shutting down and abandoning module ProfilerService (612)
[2025.10.04-23.58.02:570][129]LogModuleManager: Shutting down and abandoning module TaskGraph (610)
[2025.10.04-23.58.02:571][129]LogModuleManager: Shutting down and abandoning module AudioSynesthesiaEditor (608)
[2025.10.04-23.58.02:571][129]LogModuleManager: Shutting down and abandoning module OculusEditor (606)
[2025.10.04-23.58.02:574][129]LogModuleManager: Shutting down and abandoning module OculusInput (604)
[2025.10.04-23.58.02:574][129]LogModuleManager: Shutting down and abandoning module ContentBrowserFileDataSource (602)
[2025.10.04-23.58.02:574][129]LogModuleManager: Shutting down and abandoning module ContentBrowserClassDataSource (600)
[2025.10.04-23.58.02:574][129]LogModuleManager: Shutting down and abandoning module ContentBrowserAssetDataSource (598)
[2025.10.04-23.58.02:574][129]LogModuleManager: Shutting down and abandoning module CollectionManager (597)
[2025.10.04-23.58.02:575][129]LogModuleManager: Shutting down and abandoning module LiveLinkSequencer (594)
[2025.10.04-23.58.02:575][129]LogModuleManager: Shutting down and abandoning module LiveLinkMovieScene (592)
[2025.10.04-23.58.02:575][129]LogModuleManager: Shutting down and abandoning module LiveLinkGraphNode (590)
[2025.10.04-23.58.02:575][129]LogModuleManager: Shutting down and abandoning module LiveLinkEditor (588)
[2025.10.04-23.58.02:575][129]LogModuleManager: Shutting down and abandoning module LiveLinkComponents (586)
[2025.10.04-23.58.02:575][129]LogModuleManager: Shutting down and abandoning module LiveLink (584)
[2025.10.04-23.58.03:055][129]LogModuleManager: Shutting down and abandoning module TakeSequencer (582)
[2025.10.04-23.58.03:055][129]LogModuleManager: Shutting down and abandoning module TakeMovieScene (580)
[2025.10.04-23.58.03:055][129]LogModuleManager: Shutting down and abandoning module ScreenshotTools (578)
[2025.10.04-23.58.03:055][129]LogModuleManager: Shutting down and abandoning module SynthesisEditor (576)
[2025.10.04-23.58.03:055][129]LogModuleManager: Shutting down and abandoning module Synthesis (574)
[2025.10.04-23.58.03:065][129]LogModuleManager: Shutting down and abandoning module ProceduralMeshComponentEditor (572)
[2025.10.04-23.58.03:065][129]LogModuleManager: Shutting down and abandoning module ProceduralMeshComponent (570)
[2025.10.04-23.58.03:065][129]LogModuleManager: Shutting down and abandoning module OpenXREditor (568)
[2025.10.04-23.58.03:067][129]LogModuleManager: Shutting down and abandoning module MobilePatchingUtils (566)
[2025.10.04-23.58.03:067][129]LogModuleManager: Shutting down and abandoning module GooglePAD (564)
[2025.10.04-23.58.03:067][129]LogModuleManager: Shutting down and abandoning module EditableMesh (562)
[2025.10.04-23.58.03:067][129]LogModuleManager: Shutting down and abandoning module CustomMeshComponent (560)
[2025.10.04-23.58.03:067][129]LogModuleManager: Shutting down and abandoning module CableComponent (558)
[2025.10.04-23.58.03:067][129]LogModuleManager: Shutting down and abandoning module AudioCapture (556)
[2025.10.04-23.58.03:067][129]LogModuleManager: Shutting down and abandoning module AudioCaptureRtAudio (555)
[2025.10.04-23.58.03:067][129]LogModuleManager: Shutting down and abandoning module AssetTags (552)
[2025.10.04-23.58.03:067][129]LogModuleManager: Shutting down and abandoning module ArchVisCharacter (550)
[2025.10.04-23.58.03:067][129]LogModuleManager: Shutting down and abandoning module AppleImageUtilsBlueprintSupport (548)
[2025.10.04-23.58.03:068][129]LogModuleManager: Shutting down and abandoning module AppleImageUtils (546)
[2025.10.04-23.58.03:068][129]LogModuleManager: Shutting down and abandoning module AndroidPermission (544)
[2025.10.04-23.58.03:068][129]LogModuleManager: Shutting down and abandoning module ActorLayerUtilitiesEditor (542)
[2025.10.04-23.58.03:068][129]LogModuleManager: Shutting down and abandoning module ActorLayerUtilities (540)
[2025.10.04-23.58.03:068][129]LogModuleManager: Shutting down and abandoning module TemplateSequence (538)
[2025.10.04-23.58.03:068][129]LogModuleManager: Shutting down and abandoning module MediaCompositing (536)
[2025.10.04-23.58.03:068][129]LogModuleManager: Shutting down and abandoning module ImgMedia (534)
[2025.10.04-23.58.03:068][129]LogModuleManager: Shutting down and abandoning module MagicLeapSharedWorld (532)
[2025.10.04-23.58.03:068][129]LogModuleManager: Shutting down and abandoning module MagicLeapLightEstimation (530)
[2025.10.04-23.58.03:068][129]LogModuleManager: Shutting down and abandoning module MagicLeapHelperVulkan (528)
[2025.10.04-23.58.03:068][129]LogModuleManager: Shutting down and abandoning module MagicLeapHelperOpenGL (526)
[2025.10.04-23.58.03:068][129]LogModuleManager: Shutting down and abandoning module MagicLeapAudio (524)
[2025.10.04-23.58.03:068][129]LogModuleManager: Shutting down and abandoning module OpenImageDenoise (522)
[2025.10.04-23.58.03:068][129]LogOpenImageDenoise: OIDN shutting down
[2025.10.04-23.58.03:068][129]LogModuleManager: Shutting down and abandoning module MotoSynthEditor (520)
[2025.10.04-23.58.03:068][129]LogModuleManager: Shutting down and abandoning module MotoSynth (518)
[2025.10.04-23.58.03:068][129]LogModuleManager: Shutting down and abandoning module MeshConversion (516)
[2025.10.04-23.58.03:068][129]LogModuleManager: Shutting down and abandoning module DynamicMesh (514)
[2025.10.04-23.58.03:069][129]LogModuleManager: Shutting down and abandoning module GeometryAlgorithms (512)
[2025.10.04-23.58.03:069][129]LogModuleManager: Shutting down and abandoning module GeometricObjects (510)
[2025.10.04-23.58.03:069][129]LogModuleManager: Shutting down and abandoning module GeometryCollectionTracks (508)
[2025.10.04-23.58.03:069][129]LogModuleManager: Shutting down and abandoning module GeometryCollectionSequencer (507)
[2025.10.04-23.58.03:069][129]LogModuleManager: Shutting down and abandoning module GeometryCollectionEditor (504)
[2025.10.04-23.58.03:069][129]LogModuleManager: Shutting down and abandoning module GeometryCacheTracks (502)
[2025.10.04-23.58.03:069][129]LogModuleManager: Shutting down and abandoning module GeometryCacheStreamer (500)
[2025.10.04-23.58.03:069][129]LogModuleManager: Shutting down and abandoning module GeometryCacheSequencer (498)
[2025.10.04-23.58.03:069][129]LogModuleManager: Shutting down and abandoning module ChaosSolverEditor (496)
[2025.10.04-23.58.03:069][129]LogModuleManager: Shutting down and abandoning module ChaosNiagara (494)
[2025.10.04-23.58.03:070][129]LogModuleManager: Shutting down and abandoning module FractureEditor (492)
[2025.10.04-23.58.03:070][129]LogModuleManager: Shutting down and abandoning module FieldSystemEngine (491)
[2025.10.04-23.58.03:070][129]LogModuleManager: Shutting down and abandoning module ChaosClothEditor (488)
[2025.10.04-23.58.03:070][129]LogModuleManager: Shutting down and abandoning module BackChannel (486)
[2025.10.04-23.58.03:071][129]LogModuleManager: Shutting down and abandoning module AutomationUtilsEditor (484)
[2025.10.04-23.58.03:071][129]LogModuleManager: Shutting down and abandoning module AutomationUtils (482)
[2025.10.04-23.58.03:071][129]LogModuleManager: Shutting down and abandoning module AlembicImporter (480)
[2025.10.04-23.58.03:071][129]LogModuleManager: Shutting down and abandoning module AlembicLibrary (479)
[2025.10.04-23.58.03:071][129]LogModuleManager: Shutting down and abandoning module GeometryCache (478)
[2025.10.04-23.58.03:071][129]LogModuleManager: Shutting down and abandoning module GeometryCacheEd (477)
[2025.10.04-23.58.03:071][129]LogModuleManager: Shutting down and abandoning module NiagaraEditorWidgets (472)
[2025.10.04-23.58.03:072][129]LogModuleManager: Shutting down and abandoning module SpeedTreeImporter (470)
[2025.10.04-23.58.03:072][129]LogModuleManager: Shutting down and abandoning module PluginBrowser (468)
[2025.10.04-23.58.03:072][129]LogModuleManager: Shutting down and abandoning module MobileLauncherProfileWizard (466)
[2025.10.04-23.58.03:073][129]LogModuleManager: Shutting down and abandoning module MaterialAnalyzer (464)
[2025.10.04-23.58.03:073][129]LogModuleManager: Shutting down and abandoning module CurveEditorTools (462)
[2025.10.04-23.58.03:074][129]LogModuleManager: Shutting down and abandoning module CryptoKeysOpenSSL (460)
[2025.10.04-23.58.03:074][129]LogModuleManager: Shutting down and abandoning module CryptoKeys (458)
[2025.10.04-23.58.03:074][129]LogModuleManager: Shutting down and abandoning module VisualStudioSourceCodeAccess (456)
[2025.10.04-23.58.03:074][129]LogModuleManager: Shutting down and abandoning module VisualStudioCodeSourceCodeAccess (454)
[2025.10.04-23.58.03:074][129]LogModuleManager: Shutting down and abandoning module UObjectPlugin (452)
[2025.10.04-23.58.03:074][129]LogModuleManager: Shutting down and abandoning module SubversionSourceControl (450)
[2025.10.04-23.58.03:075][129]LogModuleManager: Shutting down and abandoning module RiderSourceCodeAccess (448)
[2025.10.04-23.58.03:075][129]LogModuleManager: Shutting down and abandoning module PluginUtils (446)
[2025.10.04-23.58.03:075][129]LogModuleManager: Shutting down and abandoning module PlasticSourceControl (444)
[2025.10.04-23.58.03:075][129]LogModuleManager: Shutting down and abandoning module PerforceSourceControl (442)
[2025.10.04-23.58.03:076][129]LogModuleManager: Shutting down and abandoning module GitSourceControl (440)
[2025.10.04-23.58.03:077][129]LogModuleManager: Shutting down and abandoning module SourceControl (439)
[2025.10.04-23.58.03:077][129]LogModuleManager: Shutting down and abandoning module CLionSourceCodeAccess (436)
[2025.10.04-23.58.03:077][129]LogModuleManager: Shutting down and abandoning module AnimationSharingEd (434)
[2025.10.04-23.58.03:077][129]LogModuleManager: Shutting down and abandoning module VariantManagerContentEditor (432)
[2025.10.04-23.58.03:078][129]LogModuleManager: Shutting down and abandoning module DatasmithContentEditor (430)
[2025.10.04-23.58.03:078][129]LogModuleManager: Shutting down and abandoning module OodleNetworkHandlerComponent (428)
[2025.10.04-23.58.03:078][129]LogModuleManager: Shutting down and abandoning module LightPropagationVolumeEditor (426)
[2025.10.04-23.58.03:078][129]LogModuleManager: Shutting down and abandoning module PaperTiledImporter (424)
[2025.10.04-23.58.03:078][129]LogModuleManager: Shutting down and abandoning module PaperSpriteSheetImporter (422)
[2025.10.04-23.58.03:078][129]LogModuleManager: Shutting down and abandoning module Paper2DEditor (420)
[2025.10.04-23.58.03:079][129]LogModuleManager: Shutting down and abandoning module MeshPaintingToolset (418)
[2025.10.04-23.58.03:079][129]LogModuleManager: Shutting down and abandoning module MeshPaintEditorMode (416)
[2025.10.04-23.58.03:079][129]LogModuleManager: Shutting down and abandoning module CPlusTutorial (414)
[2025.10.04-23.58.03:079][129]LogModuleManager: Shutting down and abandoning module AnimGraph (413)
[2025.10.04-23.58.03:079][129]LogModuleManager: Shutting down and abandoning module SoundFields (410)
[2025.10.04-23.58.03:080][129]LogModuleManager: Shutting down and abandoning module RuntimePhysXCooking (408)
[2025.10.04-23.58.03:080][129]LogModuleManager: Shutting down and abandoning module SignificanceManager (406)
[2025.10.04-23.58.03:080][129]LogModuleManager: Shutting down and abandoning module PhysXVehiclesEditor (404)
[2025.10.04-23.58.03:080][129]LogModuleManager: Shutting down and abandoning module PropertyAccessEditor (400)
[2025.10.04-23.58.03:080][129]LogModuleManager: Shutting down and abandoning module LocationServicesBPLibrary (398)
[2025.10.04-23.58.03:080][129]LogModuleManager: Shutting down and abandoning module AudioSynesthesia (396)
[2025.10.04-23.58.03:080][129]LogModuleManager: Shutting down and abandoning module AudioSynesthesiaCore (394)
[2025.10.04-23.58.03:080][129]LogModuleManager: Shutting down and abandoning module ActorSequence (392)
[2025.10.04-23.58.03:080][129]LogModuleManager: Shutting down and abandoning module UdpMessaging (390)
[2025.10.04-23.58.03:181][129]LogModuleManager: Shutting down and abandoning module TcpMessaging (388)
[2025.10.04-23.58.03:282][129]LogModuleManager: Shutting down and abandoning module ImgMediaEngine (386)
[2025.10.04-23.58.03:282][129]LogModuleManager: Shutting down and abandoning module MagicLeapARPin (384)
[2025.10.04-23.58.03:282][129]LogModuleManager: Shutting down and abandoning module MagicLeapHandMeshing (382)
[2025.10.04-23.58.03:282][129]LogModuleManager: Shutting down and abandoning module MagicLeapSecureStorage (380)
[2025.10.04-23.58.03:282][129]LogModuleManager: Shutting down and abandoning module MagicLeapPrivileges (378)
[2025.10.04-23.58.03:282][129]LogModuleManager: Shutting down and abandoning module MagicLeapPlanes (376)
[2025.10.04-23.58.03:283][129]LogMagicLeapPlanes: Planes tracker already destroyed.
[2025.10.04-23.58.03:283][129]LogModuleManager: Shutting down and abandoning module MagicLeapImageTracker (374)
[2025.10.04-23.58.03:283][129]LogModuleManager: Shutting down and abandoning module MagicLeapIdentity (372)
[2025.10.04-23.58.03:283][129]LogModuleManager: Shutting down and abandoning module MagicLeapHandTracking (370)
[2025.10.04-23.58.03:283][129]LogModuleManager: Shutting down and abandoning module MagicLeapEyeTracker (368)
[2025.10.04-23.58.03:283][129]LogModuleManager: Shutting down and abandoning module MagicLeapController (366)
[2025.10.04-23.58.03:283][129]LogModuleManager: Shutting down and abandoning module MagicLeapARPinImpl (364)
[2025.10.04-23.58.03:283][129]LogModuleManager: Shutting down and abandoning module MagicLeapAR (362)
[2025.10.04-23.58.03:283][129]LogModuleManager: Shutting down and abandoning module PythonScriptPlugin (360)
[2025.10.04-23.58.03:283][129]LogModuleManager: Shutting down and abandoning module NiagaraAnimNotifies (358)
[2025.10.04-23.58.03:283][129]LogModuleManager: Shutting down and abandoning module Niagara (356)
[2025.10.04-23.58.03:283][129]LogModuleManager: Shutting down and abandoning module SignalProcessing (355)
[2025.10.04-23.58.03:284][129]LogModuleManager: Shutting down and abandoning module NiagaraEditor (353)
[2025.10.04-23.58.03:284][129]LogModuleManager: Shutting down and abandoning module NiagaraCore (350)
[2025.10.04-23.58.03:284][129]LogModuleManager: Shutting down and abandoning module GameplayTagsEditor (348)
[2025.10.04-23.58.03:284][129]LogModuleManager: Shutting down and abandoning module FacialAnimationEditor (346)
[2025.10.04-23.58.03:284][129]LogModuleManager: Shutting down and abandoning module FacialAnimation (344)
[2025.10.04-23.58.03:284][129]LogModuleManager: Shutting down and abandoning module DataValidation (342)
[2025.10.04-23.58.03:284][129]LogModuleManager: Shutting down and abandoning module AssetManagerEditor (340)
[2025.10.04-23.58.03:286][129]LogModuleManager: Shutting down and abandoning module LevelEditor (339)
[2025.10.04-23.58.03:286][129]LogModuleManager: Shutting down and abandoning module PixelInspectorModule (338)
[2025.10.04-23.58.03:287][129]LogModuleManager: Shutting down and abandoning module CommonMenuExtensions (336)
[2025.10.04-23.58.03:287][129]LogModuleManager: Shutting down and abandoning module MainFrame (334)
[2025.10.04-23.58.03:287][129]LogModuleManager: Shutting down and abandoning module HotReload (333)
[2025.10.04-23.58.03:288][129]LogModuleManager: Shutting down and abandoning module ToolMenus (329)
[2025.10.04-23.58.03:288][129]LogModuleManager: Shutting down and abandoning module ContentBrowser (327)
[2025.10.04-23.58.03:288][129]LogModuleManager: Shutting down and abandoning module ContentBrowserData (326)
[2025.10.04-23.58.03:288][129]LogModuleManager: Shutting down and abandoning module TreeMap (323)
[2025.10.04-23.58.03:289][129]LogModuleManager: Shutting down and abandoning module PropertyAccessNode (320)
[2025.10.04-23.58.03:289][129]LogModuleManager: Shutting down and abandoning module AnimationSharing (318)
[2025.10.04-23.58.03:289][129]LogModuleManager: Shutting down and abandoning module GameplayCameras (316)
[2025.10.04-23.58.03:289][129]LogModuleManager: Shutting down and abandoning module LightPropagationVolumeRuntime (314)
[2025.10.04-23.58.03:289][129]LogModuleManager: Shutting down and abandoning module EnvironmentQueryEditor (312)
[2025.10.04-23.58.03:289][129]LogModuleManager: Shutting down and abandoning module Paper2D (310)
[2025.10.04-23.58.03:290][129]LogModuleManager: Shutting down and abandoning module WindowsMoviePlayer (308)
[2025.10.04-23.58.03:291][129]LogModuleManager: Shutting down and abandoning module WebMMoviePlayer (306)
[2025.10.04-23.58.03:291][129]LogModuleManager: Shutting down and abandoning module NetworkReplayStreaming (304)
[2025.10.04-23.58.03:291][129]LogModuleManager: Shutting down and abandoning module PacketHandler (302)
[2025.10.04-23.58.03:291][129]LogModuleManager: Shutting down and abandoning module ClothingSystemEditor (300)
[2025.10.04-23.58.03:291][129]LogModuleManager: Shutting down and abandoning module ClothingSystemRuntimeNv (298)
[2025.10.04-23.58.03:291][129]LogModuleManager: Shutting down and abandoning module MediaAssets (296)
[2025.10.04-23.58.03:291][129]LogModuleManager: Shutting down and abandoning module Overlay (294)
[2025.10.04-23.58.03:291][129]LogModuleManager: Shutting down and abandoning module OverlayEditor (293)
[2025.10.04-23.58.03:291][129]LogModuleManager: Shutting down and abandoning module VREditor (290)
[2025.10.04-23.58.03:291][129]LogModuleManager: Shutting down and abandoning module StringTableEditor (288)
[2025.10.04-23.58.03:293][129]LogModuleManager: Shutting down and abandoning module GameplayTasksEditor (286)
[2025.10.04-23.58.03:293][129]LogModuleManager: Shutting down and abandoning module BehaviorTreeEditor (284)
[2025.10.04-23.58.03:294][129]LogModuleManager: Shutting down and abandoning module FunctionalTesting (282)
[2025.10.04-23.58.03:294][129]LogModuleManager: Shutting down and abandoning module CollisionAnalyzer (280)
[2025.10.04-23.58.03:295][129]LogModuleManager: Shutting down and abandoning module WorkspaceMenuStructure (279)
[2025.10.04-23.58.03:295][129]LogModuleManager: Shutting down and abandoning module UMG (276)
[2025.10.04-23.58.03:295][129]LogModuleManager: Shutting down and abandoning module UMGEditor (275)
[2025.10.04-23.58.03:296][129]LogModuleManager: Shutting down and abandoning module MessageLog (273)
[2025.10.04-23.58.03:296][129]LogModuleManager: Shutting down and abandoning module SlateReflector (268)
[2025.10.04-23.58.03:298][129]LogModuleManager: Shutting down and abandoning module Slate (266)
[2025.10.04-23.58.03:298][129]LogModuleManager: Shutting down and abandoning module SlateCore (264)
[2025.10.04-23.58.03:301][129]LogModuleManager: Shutting down and abandoning module LandscapeEditorUtilities (262)
[2025.10.04-23.58.03:301][129]LogModuleManager: Shutting down and abandoning module UnrealEd (260)
[2025.10.04-23.58.03:301][129]LogModuleManager: Shutting down and abandoning module MRMesh (258)
[2025.10.04-23.58.03:301][129]LogModuleManager: Shutting down and abandoning module SourceCodeAccess (256)
[2025.10.04-23.58.03:301][129]LogModuleManager: Shutting down and abandoning module HeadMountedDisplay (254)
[2025.10.04-23.58.03:301][129]LogModuleManager: Shutting down and abandoning module XAudio2 (252)
[2025.10.04-23.58.03:301][129]LogModuleManager: Shutting down and abandoning module Networking (250)
[2025.10.04-23.58.03:301][129]LogModuleManager: Shutting down and abandoning module Core (248)
[2025.10.04-23.58.03:301][129]LogModuleManager: Shutting down and abandoning module MaterialEditor (246)
[2025.10.04-23.58.03:303][129]LogModuleManager: Shutting down and abandoning module MovieSceneTools (244)
[2025.10.04-23.58.03:304][129]LogModuleManager: Shutting down and abandoning module CurveEditor (243)
[2025.10.04-23.58.03:304][129]LogModuleManager: Shutting down and abandoning module Sequencer (241)
[2025.10.04-23.58.03:305][129]LogModuleManager: Shutting down and abandoning module EditorStyle (240)
[2025.10.04-23.58.03:306][129]LogModuleManager: Shutting down and abandoning module KismetCompiler (236)
[2025.10.04-23.58.03:306][129]LogModuleManager: Shutting down and abandoning module MeshBuilder (234)
[2025.10.04-23.58.03:306][129]LogModuleManager: Shutting down and abandoning module MeshUtilities (232)
[2025.10.04-23.58.03:306][129]LogModuleManager: Shutting down and abandoning module MeshMergeUtilities (231)
[2025.10.04-23.58.03:307][129]LogModuleManager: Shutting down and abandoning module MeshReductionInterface (230)
[2025.10.04-23.58.03:307][129]LogModuleManager: Shutting down and abandoning module MeshBoneReduction (229)
[2025.10.04-23.58.03:307][129]LogModuleManager: Shutting down and abandoning module SkeletalMeshReduction (227)
[2025.10.04-23.58.03:307][129]LogModuleManager: Shutting down and abandoning module ProxyLODMeshReduction (225)
[2025.10.04-23.58.03:307][129]LogModuleManager: Shutting down and abandoning module QuadricMeshReduction (223)
[2025.10.04-23.58.03:308][129]LogModuleManager: Shutting down and abandoning module MaterialBaking (219)
[2025.10.04-23.58.03:308][129]LogModuleManager: Shutting down and abandoning module NullInstallBundleManager (214)
[2025.10.04-23.58.03:308][129]LogModuleManager: Shutting down and abandoning module DerivedDataCache (212)
[2025.10.04-23.58.03:308][129]LogModuleManager: Shutting down and abandoning module TargetPlatform (210)
[2025.10.04-23.58.03:309][129]LogModuleManager: Shutting down and abandoning module VulkanShaderFormat (209)
[2025.10.04-23.58.03:310][129]LogModuleManager: Shutting down and abandoning module ShaderFormatVectorVM (207)
[2025.10.04-23.58.03:310][129]LogModuleManager: Shutting down and abandoning module ShaderFormatOpenGL (205)
[2025.10.04-23.58.03:310][129]LogModuleManager: Shutting down and abandoning module ShaderFormatD3D (203)
[2025.10.04-23.58.03:311][129]LogModuleManager: Shutting down and abandoning module MetalShaderFormat (201)
[2025.10.04-23.58.03:311][129]LogModuleManager: Shutting down and abandoning module TextureFormatOodle (199)
[2025.10.04-23.58.03:311][129]LogModuleManager: Shutting down and abandoning module TextureFormatUncompressed (197)
[2025.10.04-23.58.03:311][129]LogModuleManager: Shutting down and abandoning module TextureFormatPVR (195)
[2025.10.04-23.58.03:311][129]LogModuleManager: Shutting down and abandoning module TextureFormatETC2 (193)
[2025.10.04-23.58.03:311][129]LogModuleManager: Shutting down and abandoning module TextureFormatDXT (191)
[2025.10.04-23.58.03:311][129]LogModuleManager: Shutting down and abandoning module TextureFormatIntelISPCTexComp (189)
[2025.10.04-23.58.03:311][129]LogModuleManager: Shutting down and abandoning module TextureFormatASTC (187)
[2025.10.04-23.58.03:311][129]LogModuleManager: Shutting down and abandoning module ImageWrapper (186)
[2025.10.04-23.58.03:311][129]LogModuleManager: Shutting down and abandoning module AudioFormatOpus (183)
[2025.10.04-23.58.03:311][129]LogModuleManager: Shutting down and abandoning module AudioFormatOgg (181)
[2025.10.04-23.58.03:311][129]LogModuleManager: Shutting down and abandoning module AudioFormatADPCM (179)
[2025.10.04-23.58.03:311][129]LogModuleManager: Shutting down and abandoning module WindowsServerTargetPlatform (177)
[2025.10.04-23.58.03:311][129]LogModuleManager: Shutting down and abandoning module WindowsClientTargetPlatform (175)
[2025.10.04-23.58.03:311][129]LogModuleManager: Shutting down and abandoning module WindowsTargetPlatform (173)
[2025.10.04-23.58.03:311][129]LogModuleManager: Shutting down and abandoning module WindowsNoEditorTargetPlatform (171)
[2025.10.04-23.58.03:311][129]LogModuleManager: Shutting down and abandoning module TVOSTargetPlatform (169)
[2025.10.04-23.58.03:312][129]LogModuleManager: Shutting down and abandoning module MacServerTargetPlatform (167)
[2025.10.04-23.58.03:312][129]LogModuleManager: Shutting down and abandoning module MacClientTargetPlatform (165)
[2025.10.04-23.58.03:312][129]LogModuleManager: Shutting down and abandoning module MacTargetPlatform (163)
[2025.10.04-23.58.03:312][129]LogModuleManager: Shutting down and abandoning module MacNoEditorTargetPlatform (161)
[2025.10.04-23.58.03:312][129]LogModuleManager: Shutting down and abandoning module LuminTargetPlatform (159)
[2025.10.04-23.58.03:312][129]LogModuleManager: Shutting down and abandoning module LinuxAArch64ServerTargetPlatform (157)
[2025.10.04-23.58.03:312][129]LogModuleManager: Shutting down and abandoning module LinuxAArch64ClientTargetPlatform (155)
[2025.10.04-23.58.03:312][129]LogModuleManager: Shutting down and abandoning module LinuxAArch64NoEditorTargetPlatform (153)
[2025.10.04-23.58.03:312][129]LogModuleManager: Shutting down and abandoning module LinuxServerTargetPlatform (151)
[2025.10.04-23.58.03:312][129]LogModuleManager: Shutting down and abandoning module LinuxClientTargetPlatform (149)
[2025.10.04-23.58.03:312][129]LogModuleManager: Shutting down and abandoning module LinuxNoEditorTargetPlatform (147)
[2025.10.04-23.58.03:312][129]LogModuleManager: Shutting down and abandoning module LinuxTargetPlatform (145)
[2025.10.04-23.58.03:312][129]LogModuleManager: Shutting down and abandoning module Messaging (143)
[2025.10.04-23.58.03:312][129]LogModuleManager: Shutting down and abandoning module IOSTargetPlatform (141)
[2025.10.04-23.58.03:314][129]LogModuleManager: Shutting down and abandoning module AndroidTargetPlatform (139)
[2025.10.04-23.58.03:316][129]LogModuleManager: Shutting down and abandoning module AllDesktopTargetPlatform (137)
[2025.10.04-23.58.03:316][129]LogModuleManager: Shutting down and abandoning module D3D11RHI (134)
[2025.10.04-23.58.03:316][129]LogModuleManager: Shutting down and abandoning module InputCore (132)
[2025.10.04-23.58.03:316][129]LogModuleManager: Shutting down and abandoning module Settings (130)
[2025.10.04-23.58.03:316][129]LogModuleManager: Shutting down and abandoning module DirectoryWatcher (128)
[2025.10.04-23.58.03:317][129]LogModuleManager: Shutting down and abandoning module PhysXCooking (126)
[2025.10.04-23.58.03:317][129]LogModuleManager: Shutting down and abandoning module Chaos (124)
[2025.10.04-23.58.03:317][129]LogModuleManager: Shutting down and abandoning module WindowsPlatformFeatures (122)
[2025.10.04-23.58.03:317][129]LogModuleManager: Shutting down and abandoning module GameplayMediaEncoder (121)
[2025.10.04-23.58.03:318][129]LogModuleManager: Shutting down and abandoning module AVEncoder (120)
[2025.10.04-23.58.03:318][129]LogModuleManager: Shutting down and abandoning module SteamVRInputDevice (116)
[2025.10.04-23.58.03:318][129]LogModuleManager: Shutting down and abandoning module SteamVRInput (114)
[2025.10.04-23.58.03:318][129]LogModuleManager: Shutting down and abandoning module SteamVR (112)
[2025.10.04-23.58.03:318][129]LogHMD: Freeing OpenVRDLLHandle.
[2025.10.04-23.58.03:318][129]LogModuleManager: Shutting down and abandoning module OculusHMD (110)
[2025.10.04-23.58.03:319][129]LogModuleManager: Shutting down and abandoning module OpenXRHandTracking (108)
[2025.10.04-23.58.03:319][129]LogSlate: Slate User Destroyed.  User Index 0, Is Virtual User: 0
[2025.10.04-23.58.03:319][129]LogModuleManager: Shutting down and abandoning module OpenXREyeTracker (106)
[2025.10.04-23.58.03:319][129]LogModuleManager: Shutting down and abandoning module OpenXRAR (104)
[2025.10.04-23.58.03:319][129]LogModuleManager: Shutting down and abandoning module AugmentedReality (103)
[2025.10.04-23.58.03:319][129]LogModuleManager: Shutting down and abandoning module OpenXRHMD (100)
[2025.10.04-23.58.03:321][129]LogModuleManager: Shutting down and abandoning module ExampleDeviceProfileSelector (98)
[2025.10.04-23.58.03:321][129]LogModuleManager: Shutting down and abandoning module ChunkDownloader (96)
[2025.10.04-23.58.03:321][129]LogModuleManager: Shutting down and abandoning module LauncherChunkInstaller (94)
[2025.10.04-23.58.03:321][129]LogModuleManager: Shutting down and abandoning module OnlineBlueprintSupport (92)
[2025.10.04-23.58.03:321][129]LogModuleManager: Shutting down and abandoning module OnlineSubsystem (88)
[2025.10.04-23.58.03:325][129]LogModuleManager: Shutting down and abandoning module XMPP (83)
[2025.10.04-23.58.03:326][129]LogModuleManager: Shutting down and abandoning module WebSockets (82)
[2025.10.04-23.58.03:347][129]LogModuleManager: Shutting down and abandoning module HTTP (79)
[2025.10.04-23.58.03:347][129]LogHttp: Display: Http module shutting down, but needs to wait on 1 outstanding Http requests:
[2025.10.04-23.58.03:347][129]LogHttp: Display: 	verb=[POST] url=[https://datarouter.ol.epicgames.com/datarouter/api/v1/public/data?SessionID=%7B25452A1E-4FD1-4B40-3C32-E88CA13F70BC%7D&AppID=UEEditor.Rocket.Release&AppVersion=4.27.2-18319896%2B%2B%2BUE4%2BRelease-4.27&UserID=b8cc06d04e871ffdffca32b47f909cff%7C81d32e9996224e89b0dfec987a357124%7C72bd2619-d333-4b0c-85ec-0f2529c0ddb7&AppEnvironment=datacollector-binary&UploadType=eteventstream] refs=[1] status=Processing
[2025.10.04-23.58.03:347][129]LogHttp: Display: cleaning up 1 outstanding Http requests.
[2025.10.04-23.58.03:378][129]LogModuleManager: Shutting down and abandoning module SSL (78)
[2025.10.04-23.58.03:378][129]LogModuleManager: Shutting down and abandoning module WmfMedia (74)
[2025.10.04-23.58.03:381][129]LogModuleManager: Shutting down and abandoning module Media (73)
[2025.10.04-23.58.03:383][129]LogModuleManager: Shutting down and abandoning module MediaInfo (72)
[2025.10.04-23.58.03:383][129]LogModuleManager: Shutting down and abandoning module ExrReaderGpu (68)
[2025.10.04-23.58.03:383][129]LogModuleManager: Shutting down and abandoning module MLSDK (66)
[2025.10.04-23.58.03:383][129]LogModuleManager: Shutting down and abandoning module MagicLeap (64)
[2025.10.04-23.58.03:383][129]LogModuleManager: Shutting down and abandoning module ChaosCloth (62)
[2025.10.04-23.58.03:383][129]LogModuleManager: Shutting down and abandoning module NiagaraVertexFactories (60)
[2025.10.04-23.58.03:383][129]LogModuleManager: Shutting down and abandoning module NiagaraShader (58)
[2025.10.04-23.58.03:383][129]LogModuleManager: Shutting down and abandoning module PixWinPlugin (56)
[2025.10.04-23.58.03:383][129]LogModuleManager: Shutting down and abandoning module VariantManagerContent (54)
[2025.10.04-23.58.03:383][129]LogModuleManager: Shutting down and abandoning module DatasmithContent (52)
[2025.10.04-23.58.03:384][129]LogModuleManager: Shutting down and abandoning module AISupportModule (50)
[2025.10.04-23.58.03:384][129]LogModuleManager: Shutting down and abandoning module DesktopPlatform (48)
[2025.10.04-23.58.03:384][129]LogModuleManager: Shutting down and abandoning module PythonScriptPluginPreload (46)
[2025.10.04-23.58.03:384][129]LogModuleManager: Shutting down and abandoning module PlatformCryptoOpenSSL (44)
[2025.10.04-23.58.03:384][129]LogModuleManager: Shutting down and abandoning module PlatformCryptoTypes (42)
[2025.10.04-23.58.03:384][129]LogModuleManager: Shutting down and abandoning module PlatformCrypto (40)
[2025.10.04-23.58.03:384][129]LogModuleManager: Shutting down and abandoning module OodleDataCompressionFormat (38)
[2025.10.04-23.58.03:384][129]LogModuleManager: Shutting down and abandoning module XGEController (36)
[2025.10.04-23.58.03:385][129]LogXGEController: Cleaning working directory: C:/Users/23932/AppData/Local/Temp/UnrealXGEWorkingDir/
[2025.10.04-23.58.03:385][129]LogModuleManager: Shutting down and abandoning module AnimationModifiers (34)
[2025.10.04-23.58.03:385][129]LogModuleManager: Shutting down and abandoning module AudioEditor (32)
[2025.10.04-23.58.03:386][129]LogModuleManager: Shutting down and abandoning module PropertyEditor (31)
[2025.10.04-23.58.03:387][129]LogModuleManager: Shutting down and abandoning module TextureCompressor (28)
[2025.10.04-23.58.03:387][129]LogModuleManager: Shutting down and abandoning module RenderCore (26)
[2025.10.04-23.58.03:387][129]LogModuleManager: Shutting down and abandoning module Landscape (24)
[2025.10.04-23.58.03:387][129]LogModuleManager: Shutting down and abandoning module SlateRHIRenderer (22)
[2025.10.04-23.58.03:388][129]LogModuleManager: Shutting down and abandoning module AnimGraphRuntime (20)
[2025.10.04-23.58.03:390][129]LogModuleManager: Shutting down and abandoning module Renderer (18)
[2025.10.04-23.58.03:390][129]LogModuleManager: Shutting down and abandoning module Engine (16)
[2025.10.04-23.58.03:390][129]LogModuleManager: Shutting down and abandoning module CoreUObject (14)
[2025.10.04-23.58.03:390][129]LogModuleManager: Shutting down and abandoning module NetworkFile (12)
[2025.10.04-23.58.03:391][129]LogModuleManager: Shutting down and abandoning module CookedIterativeFile (10)
[2025.10.04-23.58.03:391][129]LogModuleManager: Shutting down and abandoning module StreamingFile (8)
[2025.10.04-23.58.03:391][129]LogModuleManager: Shutting down and abandoning module SandboxFile (6)
[2025.10.04-23.58.03:391][129]LogModuleManager: Shutting down and abandoning module PakFile (4)
[2025.10.04-23.58.03:391][129]LogModuleManager: Shutting down and abandoning module RSA (3)
[2025.10.04-23.58.03:713][129]LogContentStreaming: Display: There are 1 unreleased StreamingManagers
[2025.10.04-23.58.03:747][129]LogD3D11RHI: Shutdown
[2025.10.04-23.58.03:747][129]LogD3D11RHI: CleanupD3DDevice
[2025.10.04-23.58.03:749][129]LogExit: Exiting.
[2025.10.04-23.58.03:773][129]Log file closed, 10/05/25 08:58:03
