Log file open, 10/05/25 10:35:39
LogWindows: Failed to load 'aqProf.dll' (GetLastError=126)
LogWindows: File 'aqProf.dll' does not exist
LogWindows: Failed to load 'VtuneApi.dll' (GetLastError=126)
LogWindows: File 'VtuneApi.dll' does not exist
LogWindows: Failed to load 'VtuneApi32e.dll' (GetLastError=126)
LogWindows: File 'VtuneApi32e.dll' does not exist
LogConsoleResponse: Display: Failed to find resolution value strings in scalability ini. Falling back to default.
LogConsoleResponse: Display: Failed to find resolution value strings in scalability ini. Falling back to default.
LogInit: Display: Running engine for game: CPlusTutorial
LogPlatformFile: Not using cached read wrapper
LogTaskGraph: Started task graph with 5 named threads and 35 total threads with 3 sets of task threads.
LogStats: Stats thread started at 0.290634
LogICUInternationalization: ICU TimeZone Detection - Raw Offset: +9:00, Platform Override: ''
LogInit: Display: Loading text-based GConfig....
LogPluginManager: Mounting plugin MeshPainting
LogPluginManager: Mounting plugin XGEController
LogPluginManager: Mounting plugin Paper2D
LogPluginManager: Mounting plugin LiveLink
LogPluginManager: Mounting plugin LightPropagationVolume
LogPluginManager: Mounting plugin AISupport
LogPluginManager: Mounting plugin CameraShakePreviewer
LogPluginManager: Mounting plugin OodleData
LogPluginManager: Mounting plugin EnvironmentQueryEditor
LogPluginManager: Mounting plugin OodleNetwork
LogPluginManager: Mounting plugin AssetManagerEditor
LogPluginManager: Mounting plugin CurveEditorTools
LogPluginManager: Mounting plugin GameplayCameras
LogPluginManager: Mounting plugin DataValidation
LogPluginManager: Mounting plugin FacialAnimation
LogPluginManager: Mounting plugin GameplayTagsEditor
LogPluginManager: Mounting plugin GeometryMode
LogPluginManager: Mounting plugin MacGraphicsSwitching
LogPluginManager: Mounting plugin MaterialAnalyzer
LogPluginManager: Mounting plugin CryptoKeys
LogPluginManager: Mounting plugin PluginBrowser
LogPluginManager: Mounting plugin MobileLauncherProfileWizard
LogPluginManager: Mounting plugin SpeedTreeImporter
LogPluginManager: Mounting plugin DatasmithContent
LogPluginManager: Mounting plugin VariantManagerContent
LogPluginManager: Mounting plugin CLionSourceCodeAccess
LogPluginManager: Mounting plugin CodeLiteSourceCodeAccess
LogPluginManager: Mounting plugin AnimationSharing
LogPluginManager: Mounting plugin KDevelopSourceCodeAccess
LogPluginManager: Mounting plugin GitSourceControl
LogPluginManager: Mounting plugin NullSourceCodeAccess
LogPluginManager: Mounting plugin PerforceSourceControl
LogPluginManager: Mounting plugin PixWinPlugin
LogPluginManager: Mounting plugin PlasticSourceControl
LogPluginManager: Mounting plugin PluginUtils
LogPluginManager: Mounting plugin RiderSourceCodeAccess
LogPluginManager: Mounting plugin PropertyAccessNode
LogPluginManager: Mounting plugin TextureFormatOodle
LogPluginManager: Mounting plugin SubversionSourceControl
LogPluginManager: Mounting plugin UObjectPlugin
LogPluginManager: Mounting plugin VisualStudioSourceCodeAccess
LogPluginManager: Mounting plugin Niagara
LogPluginManager: Mounting plugin VisualStudioCodeSourceCodeAccess
LogPluginManager: Mounting plugin XCodeSourceCodeAccess
LogPluginManager: Mounting plugin AlembicImporter
LogPluginManager: Mounting plugin AutomationUtils
LogPluginManager: Mounting plugin ChaosCloth
LogPluginManager: Mounting plugin BackChannel
LogPluginManager: Mounting plugin ChaosClothEditor
LogPluginManager: Mounting plugin ChaosEditor
LogPluginManager: Mounting plugin ChaosNiagara
LogPluginManager: Mounting plugin ChaosSolverPlugin
LogPluginManager: Mounting plugin CharacterAI
LogPluginManager: Mounting plugin GeometryCache
LogPluginManager: Mounting plugin GeometryCollectionPlugin
LogPluginManager: Mounting plugin MagicLeap
LogPluginManager: Mounting plugin LuminPlatformFeatures
LogPluginManager: Mounting plugin MagicLeapLightEstimation
LogPluginManager: Mounting plugin MagicLeapMedia
LogPluginManager: Mounting plugin MagicLeapPassableWorld
LogPluginManager: Mounting plugin MLSDK
LogPluginManager: Mounting plugin GeometryProcessing
LogPluginManager: Mounting plugin OpenImageDenoise
LogPluginManager: Mounting plugin MotoSynth
LogPluginManager: Mounting plugin PlanarCut
LogPluginManager: Mounting plugin ProxyLODPlugin
LogPluginManager: Mounting plugin PlatformCrypto
LogPluginManager: Mounting plugin PythonScriptPlugin
LogPluginManager: Mounting plugin SkeletalReduction
LogPluginManager: Mounting plugin AndroidMedia
LogPluginManager: Mounting plugin AvfMedia
LogPluginManager: Mounting plugin ImgMedia
LogPluginManager: Mounting plugin MediaPlayerEditor
LogPluginManager: Mounting plugin MediaCompositing
LogPluginManager: Mounting plugin WebMMedia
LogPluginManager: Mounting plugin TcpMessaging
LogPluginManager: Mounting plugin UdpMessaging
LogPluginManager: Mounting plugin ActorSequence
LogPluginManager: Mounting plugin WmfMedia
LogPluginManager: Mounting plugin LevelSequenceEditor
LogPluginManager: Mounting plugin MatineeToLevelSequence
LogPluginManager: Mounting plugin TemplateSequence
LogPluginManager: Mounting plugin OnlineSubsystem
LogPluginManager: Mounting plugin OnlineSubsystemUtils
LogPluginManager: Mounting plugin OnlineSubsystemNull
LogPluginManager: Mounting plugin LauncherChunkInstaller
LogPluginManager: Mounting plugin ActorLayerUtilities
LogPluginManager: Mounting plugin AndroidDeviceProfileSelector
LogPluginManager: Mounting plugin AndroidMoviePlayer
LogPluginManager: Mounting plugin AndroidPermission
LogPluginManager: Mounting plugin AppleImageUtils
LogPluginManager: Mounting plugin AppleMoviePlayer
LogPluginManager: Mounting plugin ArchVisCharacter
LogPluginManager: Mounting plugin AudioCapture
LogPluginManager: Mounting plugin AssetTags
LogPluginManager: Mounting plugin AudioSynesthesia
LogPluginManager: Mounting plugin ChunkDownloader
LogPluginManager: Mounting plugin CustomMeshComponent
LogPluginManager: Mounting plugin CableComponent
LogPluginManager: Mounting plugin EditableMesh
LogPluginManager: Mounting plugin ExampleDeviceProfileSelector
LogPluginManager: Mounting plugin GooglePAD
LogPluginManager: Mounting plugin GoogleCloudMessaging
LogPluginManager: Mounting plugin IOSDeviceProfileSelector
LogPluginManager: Mounting plugin LinuxDeviceProfileSelector
LogPluginManager: Mounting plugin LocationServicesBPLibrary
LogPluginManager: Mounting plugin MobilePatchingUtils
LogPluginManager: Mounting plugin OpenXR
LogPluginManager: Mounting plugin OpenXREyeTracker
LogPluginManager: Mounting plugin OpenXRHandTracking
LogPluginManager: Mounting plugin PhysXVehicles
LogPluginManager: Mounting plugin PostSplashScreen
LogPluginManager: Mounting plugin ProceduralMeshComponent
LogPluginManager: Mounting plugin PropertyAccessEditor
LogPluginManager: Mounting plugin RuntimePhysXCooking
LogPluginManager: Mounting plugin SignificanceManager
LogPluginManager: Mounting plugin SoundFields
LogPluginManager: Mounting plugin Synthesis
LogPluginManager: Mounting plugin WebMMoviePlayer
LogPluginManager: Mounting plugin WindowsMoviePlayer
LogPluginManager: Mounting plugin ScreenshotTools
LogPluginManager: Mounting plugin Takes
LogPluginManager: Mounting plugin ContentBrowserAssetDataSource
LogPluginManager: Mounting plugin ContentBrowserClassDataSource
LogPluginManager: Mounting plugin ContentBrowserFileDataSource
LogPluginManager: Mounting plugin OnlineSubsystemIOS
LogPluginManager: Mounting plugin OnlineSubsystemGooglePlay
LogPluginManager: Mounting plugin OculusVR
LogPluginManager: Mounting plugin SteamVR
PixWinPlugin: PIX capture plugin failed to initialize! Check that the process is launched from PIX.
LogInit: Using libcurl 7.55.1-DEV
LogInit:  - built for x86_64-pc-win32
LogInit:  - supports SSL with OpenSSL/1.1.1
LogInit:  - supports HTTP deflate (compression) using libz 1.2.8
LogInit:  - other features:
LogInit:      CURL_VERSION_SSL
LogInit:      CURL_VERSION_LIBZ
LogInit:      CURL_VERSION_IPV6
LogInit:      CURL_VERSION_ASYNCHDNS
LogInit:      CURL_VERSION_LARGEFILE
LogInit:      CURL_VERSION_IDN
LogInit:  CurlRequestOptions (configurable via config and command line):
LogInit:  - bVerifyPeer = true  - Libcurl will verify peer certificate
LogInit:  - bUseHttpProxy = false  - Libcurl will NOT use HTTP proxy
LogInit:  - bDontReuseConnections = false  - Libcurl will reuse connections
LogInit:  - MaxHostConnections = 16  - Libcurl will limit the number of connections to a host
LogInit:  - LocalHostAddr = Default
LogInit:  - BufferSize = 65536
LogOnline: OSS: Creating online subsystem instance for: NULL
LogInit: WinSock: version 1.1 (2.2), MaxSocks=32767, MaxUdp=65467
LogOnline: OSS: TryLoadSubsystemAndSetDefault: Loaded subsystem for module [NULL]
LogOculusPluginWrapper: OculusPlugin initialized successfully
LogHMD: Failed initializing OVRPlugin 1.59.0
LogInit: Build: ++UE4+Release-4.27-CL-18319896
LogInit: Engine Version: 4.27.2-18319896+++UE4+Release-4.27
LogInit: Compatible Engine Version: 4.27.0-17155196+++UE4+Release-4.27
LogInit: Net CL: 17155196
LogInit: OS: Windows 10 (Release 2009) (), CPU: 12th Gen Intel(R) Core(TM) i5-12490F, GPU: NVIDIA GeForce RTX 3060 Ti
LogInit: Compiled (64-bit): Nov 30 2021 07:12:08
LogInit: Compiled with Visual C++: 19.24.28315.00
LogInit: Build Configuration: Development
LogInit: Branch Name: ++UE4+Release-4.27
LogInit: Command Line: 
LogInit: Base Directory: C:/Program Files/Epic Games/UE_4.27/Engine/Binaries/Win64/
LogInit: Allocator: TBB
LogInit: Installed Engine Build: 1
LogDevObjectVersion: Number of dev versions registered: 29
LogDevObjectVersion:   Dev-Blueprints (B0D832E4-1F89-4F0D-ACCF-7EB736FD4AA2): 10
LogDevObjectVersion:   Dev-Build (E1C64328-A22C-4D53-A36C-8E866417BD8C): 0
LogDevObjectVersion:   Dev-Core (375EC13C-06E4-48FB-B500-84F0262A717E): 4
LogDevObjectVersion:   Dev-Editor (E4B068ED-F494-42E9-A231-DA0B2E46BB41): 40
LogDevObjectVersion:   Dev-Framework (CFFC743F-43B0-4480-9391-14DF171D2073): 37
LogDevObjectVersion:   Dev-Mobile (B02B49B5-BB20-44E9-A304-32B752E40360): 3
LogDevObjectVersion:   Dev-Networking (A4E4105C-59A1-49B5-A7C5-40C4547EDFEE): 0
LogDevObjectVersion:   Dev-Online (39C831C9-5AE6-47DC-9A44-9C173E1C8E7C): 0
LogDevObjectVersion:   Dev-Physics (78F01B33-EBEA-4F98-B9B4-84EACCB95AA2): 14
LogDevObjectVersion:   Dev-Platform (6631380F-2D4D-43E0-8009-CF276956A95A): 0
LogDevObjectVersion:   Dev-Rendering (12F88B9F-8875-4AFC-A67C-D90C383ABD29): 45
LogDevObjectVersion:   Dev-Sequencer (7B5AE74C-D270-4C10-A958-57980B212A5A): 13
LogDevObjectVersion:   Dev-VR (D7296918-1DD6-4BDD-9DE2-64A83CC13884): 3
LogDevObjectVersion:   Dev-LoadTimes (C2A15278-BFE7-4AFE-6C17-90FF531DF755): 1
LogDevObjectVersion:   Private-Geometry (6EACA3D4-40EC-4CC1-B786-8BED09428FC5): 3
LogDevObjectVersion:   Dev-AnimPhys (29E575DD-E0A3-4627-9D10-D276232CDCEA): 17
LogDevObjectVersion:   Dev-Anim (AF43A65D-7FD3-4947-9873-3E8ED9C1BB05): 15
LogDevObjectVersion:   Dev-ReflectionCapture (6B266CEC-1EC7-4B8F-A30B-E4D90942FC07): 1
LogDevObjectVersion:   Dev-Automation (0DF73D61-A23F-47EA-B727-89E90C41499A): 1
LogDevObjectVersion:   FortniteMain (601D1886-AC64-4F84-AA16-D3DE0DEAC7D6): 47
LogDevObjectVersion:   FortniteRelease (E7086368-6B23-4C58-8439-1B7016265E91): 1
LogDevObjectVersion:   Dev-Enterprise (9DFFBCD6-494F-0158-E221-12823C92A888): 10
LogDevObjectVersion:   Dev-Niagara (F2AED0AC-9AFE-416F-8664-AA7FFA26D6FC): 1
LogDevObjectVersion:   Dev-Destruction (174F1F0B-B4C6-45A5-B13F-2EE8D0FB917D): 10
LogDevObjectVersion:   Dev-Physics-Ext (35F94A83-E258-406C-A318-09F59610247C): 41
LogDevObjectVersion:   Dev-PhysicsMaterial-Chaos (B68FC16E-8B1B-42E2-B453-215C058844FE): 1
LogDevObjectVersion:   Dev-CineCamera (B2E18506-4273-CFC2-A54E-F4BB758BBA07): 1
LogDevObjectVersion:   Dev-VirtualProduction (64F58936-FD1B-42BA-BA96-7289D5D0FA4E): 1
LogDevObjectVersion:   Dev-MediaFramework (6F0ED827-A609-4895-9C91-998D90180EA4): 2
LogInit: Presizing for max 25165824 objects, including 0 objects not considered by GC, pre-allocating 0 bytes for permanent pool.
LogConfig: Applying CVar settings from Section [/Script/Engine.StreamingSettings] File [D:/LearnData/UnrealProject/UnrealLearn/CPlusTutorial/Saved/Config/Windows/Engine.ini]
LogConfig: Setting CVar [[s.MinBulkDataSizeForAsyncLoading:131072]]
LogConfig: Setting CVar [[s.AsyncLoadingThreadEnabled:0]]
LogConfig: Setting CVar [[s.EventDrivenLoaderEnabled:1]]
LogConfig: Setting CVar [[s.WarnIfTimeLimitExceeded:0]]
LogConfig: Setting CVar [[s.TimeLimitExceededMultiplier:1.5]]
LogConfig: Setting CVar [[s.TimeLimitExceededMinTime:0.005]]
LogConfig: Setting CVar [[s.UseBackgroundLevelStreaming:1]]
LogConfig: Setting CVar [[s.PriorityAsyncLoadingExtraTime:15.0]]
LogConfig: Setting CVar [[s.LevelStreamingActorsUpdateTimeLimit:5.0]]
LogConfig: Setting CVar [[s.PriorityLevelStreamingActorsUpdateExtraTime:5.0]]
LogConfig: Setting CVar [[s.LevelStreamingComponentsRegistrationGranularity:10]]
LogConfig: Setting CVar [[s.UnregisterComponentsTimeLimit:1.0]]
LogConfig: Setting CVar [[s.LevelStreamingComponentsUnregistrationGranularity:5]]
LogConfig: Setting CVar [[s.FlushStreamingOnExit:1]]
LogInit: Object subsystem initialized
LogConfig: Setting CVar [[con.DebugEarlyDefault:1]]
LogConfig: Setting CVar [[r.setres:1280x720]]
[2025.10.05-01.35.39:607][  0]LogConfig: Setting CVar [[r.VSync:0]]
[2025.10.05-01.35.39:607][  0]LogConfig: Setting CVar [[r.RHICmdBypass:0]]
[2025.10.05-01.35.39:607][  0]LogConfig: Applying CVar settings from Section [/Script/Engine.RendererSettings] File [D:/LearnData/UnrealProject/UnrealLearn/CPlusTutorial/Saved/Config/Windows/Engine.ini]
[2025.10.05-01.35.39:607][  0]LogConfig: Setting CVar [[r.GPUCrashDebugging:0]]
[2025.10.05-01.35.39:607][  0]LogConfig: Applying CVar settings from Section [/Script/Engine.RendererOverrideSettings] File [D:/LearnData/UnrealProject/UnrealLearn/CPlusTutorial/Saved/Config/Windows/Engine.ini]
[2025.10.05-01.35.39:607][  0]LogConfig: Applying CVar settings from Section [/Script/Engine.StreamingSettings] File [D:/LearnData/UnrealProject/UnrealLearn/CPlusTutorial/Saved/Config/Windows/Engine.ini]
[2025.10.05-01.35.39:607][  0]LogConfig: Setting CVar [[s.MinBulkDataSizeForAsyncLoading:131072]]
[2025.10.05-01.35.39:607][  0]LogConfig: Setting CVar [[s.AsyncLoadingThreadEnabled:0]]
[2025.10.05-01.35.39:607][  0]LogConfig: Setting CVar [[s.EventDrivenLoaderEnabled:1]]
[2025.10.05-01.35.39:607][  0]LogConfig: Setting CVar [[s.WarnIfTimeLimitExceeded:0]]
[2025.10.05-01.35.39:607][  0]LogConfig: Setting CVar [[s.TimeLimitExceededMultiplier:1.5]]
[2025.10.05-01.35.39:607][  0]LogConfig: Setting CVar [[s.TimeLimitExceededMinTime:0.005]]
[2025.10.05-01.35.39:607][  0]LogConfig: Setting CVar [[s.UseBackgroundLevelStreaming:1]]
[2025.10.05-01.35.39:607][  0]LogConfig: Setting CVar [[s.PriorityAsyncLoadingExtraTime:15.0]]
[2025.10.05-01.35.39:607][  0]LogConfig: Setting CVar [[s.LevelStreamingActorsUpdateTimeLimit:5.0]]
[2025.10.05-01.35.39:607][  0]LogConfig: Setting CVar [[s.PriorityLevelStreamingActorsUpdateExtraTime:5.0]]
[2025.10.05-01.35.39:607][  0]LogConfig: Setting CVar [[s.LevelStreamingComponentsRegistrationGranularity:10]]
[2025.10.05-01.35.39:607][  0]LogConfig: Setting CVar [[s.UnregisterComponentsTimeLimit:1.0]]
[2025.10.05-01.35.39:607][  0]LogConfig: Setting CVar [[s.LevelStreamingComponentsUnregistrationGranularity:5]]
[2025.10.05-01.35.39:607][  0]LogConfig: Setting CVar [[s.FlushStreamingOnExit:1]]
[2025.10.05-01.35.39:607][  0]LogConfig: Applying CVar settings from Section [/Script/Engine.GarbageCollectionSettings] File [D:/LearnData/UnrealProject/UnrealLearn/CPlusTutorial/Saved/Config/Windows/Engine.ini]
[2025.10.05-01.35.39:607][  0]LogConfig: Setting CVar [[gc.MaxObjectsNotConsideredByGC:1]]
[2025.10.05-01.35.39:607][  0]LogConfig: Setting CVar [[gc.SizeOfPermanentObjectPool:0]]
[2025.10.05-01.35.39:607][  0]LogConfig: Setting CVar [[gc.FlushStreamingOnGC:0]]
[2025.10.05-01.35.39:607][  0]LogConfig: Setting CVar [[gc.NumRetriesBeforeForcingGC:10]]
[2025.10.05-01.35.39:607][  0]LogConfig: Setting CVar [[gc.AllowParallelGC:1]]
[2025.10.05-01.35.39:607][  0]LogConfig: Setting CVar [[gc.TimeBetweenPurgingPendingKillObjects:61.1]]
[2025.10.05-01.35.39:607][  0]LogConfig: Setting CVar [[gc.MaxObjectsInEditor:25165824]]
[2025.10.05-01.35.39:607][  0]LogConfig: Setting CVar [[gc.IncrementalBeginDestroyEnabled:1]]
[2025.10.05-01.35.39:607][  0]LogConfig: Setting CVar [[gc.CreateGCClusters:1]]
[2025.10.05-01.35.39:608][  0]LogConfig: Setting CVar [[gc.MinGCClusterSize:5]]
[2025.10.05-01.35.39:608][  0]LogConfig: Setting CVar [[gc.ActorClusteringEnabled:0]]
[2025.10.05-01.35.39:608][  0]LogConfig: Setting CVar [[gc.BlueprintClusteringEnabled:0]]
[2025.10.05-01.35.39:608][  0]LogConfig: Setting CVar [[gc.UseDisregardForGCOnDedicatedServers:0]]
[2025.10.05-01.35.39:608][  0]LogConfig: Setting CVar [[gc.MultithreadedDestructionEnabled:1]]
[2025.10.05-01.35.39:608][  0]LogConfig: Applying CVar settings from Section [/Script/Engine.NetworkSettings] File [D:/LearnData/UnrealProject/UnrealLearn/CPlusTutorial/Saved/Config/Windows/Engine.ini]
[2025.10.05-01.35.39:608][  0]LogConfig: Applying CVar settings from Section [/Script/UnrealEd.CookerSettings] File [D:/LearnData/UnrealProject/UnrealLearn/CPlusTutorial/Saved/Config/Windows/Engine.ini]
[2025.10.05-01.35.39:642][  0]LogConfig: Applying CVar settings from Section [ViewDistanceQuality@3] File [D:/LearnData/UnrealProject/UnrealLearn/CPlusTutorial/Saved/Config/Windows/Scalability.ini]
[2025.10.05-01.35.39:642][  0]LogConfig: Setting CVar [[r.SkeletalMeshLODBias:0]]
[2025.10.05-01.35.39:642][  0]LogConfig: Setting CVar [[r.ViewDistanceScale:1.0]]
[2025.10.05-01.35.39:642][  0]LogConfig: Applying CVar settings from Section [AntiAliasingQuality@3] File [D:/LearnData/UnrealProject/UnrealLearn/CPlusTutorial/Saved/Config/Windows/Scalability.ini]
[2025.10.05-01.35.39:642][  0]LogConfig: Setting CVar [[r.PostProcessAAQuality:4]]
[2025.10.05-01.35.39:642][  0]LogConfig: Applying CVar settings from Section [ShadowQuality@3] File [D:/LearnData/UnrealProject/UnrealLearn/CPlusTutorial/Saved/Config/Windows/Scalability.ini]
[2025.10.05-01.35.39:642][  0]LogConfig: Setting CVar [[r.LightFunctionQuality:1]]
[2025.10.05-01.35.39:642][  0]LogConfig: Setting CVar [[r.ShadowQuality:5]]
[2025.10.05-01.35.39:642][  0]LogConfig: Setting CVar [[r.Shadow.CSM.MaxCascades:10]]
[2025.10.05-01.35.39:642][  0]LogConfig: Setting CVar [[r.Shadow.MaxResolution:2048]]
[2025.10.05-01.35.39:642][  0]LogConfig: Setting CVar [[r.Shadow.MaxCSMResolution:2048]]
[2025.10.05-01.35.39:642][  0]LogConfig: Setting CVar [[r.Shadow.RadiusThreshold:0.01]]
[2025.10.05-01.35.39:642][  0]LogConfig: Setting CVar [[r.Shadow.DistanceScale:1.0]]
[2025.10.05-01.35.39:642][  0]LogConfig: Setting CVar [[r.Shadow.CSM.TransitionScale:1.0]]
[2025.10.05-01.35.39:642][  0]LogConfig: Setting CVar [[r.Shadow.PreShadowResolutionFactor:1.0]]
[2025.10.05-01.35.39:642][  0]LogConfig: Setting CVar [[r.DistanceFieldShadowing:1]]
[2025.10.05-01.35.39:642][  0]LogConfig: Setting CVar [[r.DistanceFieldAO:1]]
[2025.10.05-01.35.39:642][  0]LogConfig: Setting CVar [[r.AOQuality:2]]
[2025.10.05-01.35.39:642][  0]LogConfig: Setting CVar [[r.VolumetricFog:1]]
[2025.10.05-01.35.39:642][  0]LogConfig: Setting CVar [[r.VolumetricFog.GridPixelSize:8]]
[2025.10.05-01.35.39:642][  0]LogConfig: Setting CVar [[r.VolumetricFog.GridSizeZ:128]]
[2025.10.05-01.35.39:642][  0]LogConfig: Setting CVar [[r.VolumetricFog.HistoryMissSupersampleCount:4]]
[2025.10.05-01.35.39:642][  0]LogConfig: Setting CVar [[r.LightMaxDrawDistanceScale:1]]
[2025.10.05-01.35.39:642][  0]LogConfig: Setting CVar [[r.CapsuleShadows:1]]
[2025.10.05-01.35.39:642][  0]LogConfig: Applying CVar settings from Section [PostProcessQuality@3] File [D:/LearnData/UnrealProject/UnrealLearn/CPlusTutorial/Saved/Config/Windows/Scalability.ini]
[2025.10.05-01.35.39:642][  0]LogConfig: Setting CVar [[r.MotionBlurQuality:4]]
[2025.10.05-01.35.39:642][  0]LogConfig: Setting CVar [[r.AmbientOcclusionMipLevelFactor:0.4]]
[2025.10.05-01.35.39:642][  0]LogConfig: Setting CVar [[r.AmbientOcclusionMaxQuality:100]]
[2025.10.05-01.35.39:642][  0]LogConfig: Setting CVar [[r.AmbientOcclusionLevels:-1]]
[2025.10.05-01.35.39:642][  0]LogConfig: Setting CVar [[r.AmbientOcclusionRadiusScale:1.0]]
[2025.10.05-01.35.39:642][  0]LogConfig: Setting CVar [[r.DepthOfFieldQuality:2]]
[2025.10.05-01.35.39:642][  0]LogConfig: Setting CVar [[r.RenderTargetPoolMin:400]]
[2025.10.05-01.35.39:642][  0]LogConfig: Setting CVar [[r.LensFlareQuality:2]]
[2025.10.05-01.35.39:642][  0]LogConfig: Setting CVar [[r.SceneColorFringeQuality:1]]
[2025.10.05-01.35.39:642][  0]LogConfig: Setting CVar [[r.EyeAdaptationQuality:2]]
[2025.10.05-01.35.39:642][  0]LogConfig: Setting CVar [[r.BloomQuality:5]]
[2025.10.05-01.35.39:642][  0]LogConfig: Setting CVar [[r.FastBlurThreshold:100]]
[2025.10.05-01.35.39:642][  0]LogConfig: Setting CVar [[r.Upscale.Quality:3]]
[2025.10.05-01.35.39:642][  0]LogConfig: Setting CVar [[r.Tonemapper.GrainQuantization:1]]
[2025.10.05-01.35.39:642][  0]LogConfig: Setting CVar [[r.LightShaftQuality:1]]
[2025.10.05-01.35.39:642][  0]LogConfig: Setting CVar [[r.Filter.SizeScale:1]]
[2025.10.05-01.35.39:642][  0]LogConfig: Setting CVar [[r.Tonemapper.Quality:5]]
[2025.10.05-01.35.39:642][  0]LogConfig: Setting CVar [[r.DOF.Gather.AccumulatorQuality:1        ; higher gathering accumulator quality]]
[2025.10.05-01.35.39:642][  0]LogConfig: Setting CVar [[r.DOF.Gather.PostfilterMethod:1          ; Median3x3 postfilering method]]
[2025.10.05-01.35.39:642][  0]LogConfig: Setting CVar [[r.DOF.Gather.EnableBokehSettings:0       ; no bokeh simulation when gathering]]
[2025.10.05-01.35.39:642][  0]LogConfig: Setting CVar [[r.DOF.Gather.RingCount:4                 ; medium number of samples when gathering]]
[2025.10.05-01.35.39:642][  0]LogConfig: Setting CVar [[r.DOF.Scatter.ForegroundCompositing:1    ; additive foreground scattering]]
[2025.10.05-01.35.39:642][  0]LogConfig: Setting CVar [[r.DOF.Scatter.BackgroundCompositing:2    ; additive background scattering]]
[2025.10.05-01.35.39:642][  0]LogConfig: Setting CVar [[r.DOF.Scatter.EnableBokehSettings:1      ; bokeh simulation when scattering]]
[2025.10.05-01.35.39:642][  0]LogConfig: Setting CVar [[r.DOF.Scatter.MaxSpriteRatio:0.1         ; only a maximum of 10% of scattered bokeh]]
[2025.10.05-01.35.39:642][  0]LogConfig: Setting CVar [[r.DOF.Recombine.Quality:1                ; cheap slight out of focus]]
[2025.10.05-01.35.39:642][  0]LogConfig: Setting CVar [[r.DOF.Recombine.EnableBokehSettings:0    ; no bokeh simulation on slight out of focus]]
[2025.10.05-01.35.39:642][  0]LogConfig: Setting CVar [[r.DOF.TemporalAAQuality:1                ; more stable temporal accumulation]]
[2025.10.05-01.35.39:642][  0]LogConfig: Setting CVar [[r.DOF.Kernel.MaxForegroundRadius:0.025]]
[2025.10.05-01.35.39:642][  0]LogConfig: Setting CVar [[r.DOF.Kernel.MaxBackgroundRadius:0.025]]
[2025.10.05-01.35.39:642][  0]LogConfig: Applying CVar settings from Section [TextureQuality@3] File [D:/LearnData/UnrealProject/UnrealLearn/CPlusTutorial/Saved/Config/Windows/Scalability.ini]
[2025.10.05-01.35.39:642][  0]LogConfig: Setting CVar [[r.Streaming.MipBias:0]]
[2025.10.05-01.35.39:642][  0]LogConfig: Setting CVar [[r.Streaming.AmortizeCPUToGPUCopy:0]]
[2025.10.05-01.35.39:642][  0]LogConfig: Setting CVar [[r.Streaming.MaxNumTexturesToStreamPerFrame:0]]
[2025.10.05-01.35.39:642][  0]LogConfig: Setting CVar [[r.Streaming.Boost:1]]
[2025.10.05-01.35.39:642][  0]LogConfig: Setting CVar [[r.MaxAnisotropy:8]]
[2025.10.05-01.35.39:642][  0]LogConfig: Setting CVar [[r.VT.MaxAnisotropy:8]]
[2025.10.05-01.35.39:642][  0]LogConfig: Setting CVar [[r.Streaming.LimitPoolSizeToVRAM:0]]
[2025.10.05-01.35.39:642][  0]LogConfig: Setting CVar [[r.Streaming.PoolSize:1000]]
[2025.10.05-01.35.39:642][  0]LogConfig: Setting CVar [[r.Streaming.MaxEffectiveScreenSize:0]]
[2025.10.05-01.35.39:642][  0]LogConfig: Applying CVar settings from Section [EffectsQuality@3] File [D:/LearnData/UnrealProject/UnrealLearn/CPlusTutorial/Saved/Config/Windows/Scalability.ini]
[2025.10.05-01.35.39:642][  0]LogConfig: Setting CVar [[r.TranslucencyLightingVolumeDim:64]]
[2025.10.05-01.35.39:642][  0]LogConfig: Setting CVar [[r.RefractionQuality:2]]
[2025.10.05-01.35.39:642][  0]LogConfig: Setting CVar [[r.SSR.Quality:3]]
[2025.10.05-01.35.39:642][  0]LogConfig: Setting CVar [[r.SSR.HalfResSceneColor:0]]
[2025.10.05-01.35.39:642][  0]LogConfig: Setting CVar [[r.SceneColorFormat:4]]
[2025.10.05-01.35.39:643][  0]LogConfig: Setting CVar [[r.DetailMode:2]]
[2025.10.05-01.35.39:643][  0]LogConfig: Setting CVar [[r.TranslucencyVolumeBlur:1]]
[2025.10.05-01.35.39:643][  0]LogConfig: Setting CVar [[r.MaterialQualityLevel:1 ; High quality]]
[2025.10.05-01.35.39:643][  0]LogConfig: Setting CVar [[r.AnisotropicMaterials:1]]
[2025.10.05-01.35.39:643][  0]LogConfig: Setting CVar [[r.SSS.Scale:1]]
[2025.10.05-01.35.39:643][  0]LogConfig: Setting CVar [[r.SSS.SampleSet:2]]
[2025.10.05-01.35.39:643][  0]LogConfig: Setting CVar [[r.SSS.Quality:1]]
[2025.10.05-01.35.39:643][  0]LogConfig: Setting CVar [[r.SSS.HalfRes:0]]
[2025.10.05-01.35.39:643][  0]LogConfig: Setting CVar [[r.SSGI.Quality:3]]
[2025.10.05-01.35.39:643][  0]LogConfig: Setting CVar [[r.EmitterSpawnRateScale:1.0]]
[2025.10.05-01.35.39:643][  0]LogConfig: Setting CVar [[r.ParticleLightQuality:2]]
[2025.10.05-01.35.39:643][  0]LogConfig: Setting CVar [[r.SkyAtmosphere.AerialPerspectiveLUT.FastApplyOnOpaque:1 ; Always have FastSkyLUT 1 in this case to avoid wrong sky]]
[2025.10.05-01.35.39:643][  0]LogConfig: Setting CVar [[r.SkyAtmosphere.AerialPerspectiveLUT.SampleCountMaxPerSlice:4]]
[2025.10.05-01.35.39:643][  0]LogConfig: Setting CVar [[r.SkyAtmosphere.AerialPerspectiveLUT.DepthResolution:16.0]]
[2025.10.05-01.35.39:643][  0]LogConfig: Setting CVar [[r.SkyAtmosphere.FastSkyLUT:1]]
[2025.10.05-01.35.39:643][  0]LogConfig: Setting CVar [[r.SkyAtmosphere.FastSkyLUT.SampleCountMin:4.0]]
[2025.10.05-01.35.39:643][  0]LogConfig: Setting CVar [[r.SkyAtmosphere.FastSkyLUT.SampleCountMax:128.0]]
[2025.10.05-01.35.39:643][  0]LogConfig: Setting CVar [[r.SkyAtmosphere.SampleCountMin:4.0]]
[2025.10.05-01.35.39:643][  0]LogConfig: Setting CVar [[r.SkyAtmosphere.SampleCountMax:128.0]]
[2025.10.05-01.35.39:643][  0]LogConfig: Setting CVar [[r.SkyAtmosphere.TransmittanceLUT.UseSmallFormat:0]]
[2025.10.05-01.35.39:643][  0]LogConfig: Setting CVar [[r.SkyAtmosphere.TransmittanceLUT.SampleCount:10.0]]
[2025.10.05-01.35.39:643][  0]LogConfig: Setting CVar [[r.SkyAtmosphere.MultiScatteringLUT.SampleCount:15.0]]
[2025.10.05-01.35.39:643][  0]LogConfig: Setting CVar [[r.SkyLight.RealTimeReflectionCapture:1]]
[2025.10.05-01.35.39:643][  0]LogConfig: Applying CVar settings from Section [FoliageQuality@3] File [D:/LearnData/UnrealProject/UnrealLearn/CPlusTutorial/Saved/Config/Windows/Scalability.ini]
[2025.10.05-01.35.39:643][  0]LogConfig: Setting CVar [[foliage.DensityScale:1.0]]
[2025.10.05-01.35.39:643][  0]LogConfig: Setting CVar [[grass.DensityScale:1.0]]
[2025.10.05-01.35.39:643][  0]LogConfig: Applying CVar settings from Section [ShadingQuality@3] File [D:/LearnData/UnrealProject/UnrealLearn/CPlusTutorial/Saved/Config/Windows/Scalability.ini]
[2025.10.05-01.35.39:643][  0]LogConfig: Setting CVar [[r.HairStrands.SkyLighting.IntegrationType:2]]
[2025.10.05-01.35.39:643][  0]LogConfig: Setting CVar [[r.HairStrands.SkyAO.SampleCount:4]]
[2025.10.05-01.35.39:643][  0]LogConfig: Setting CVar [[r.HairStrands.Visibility.MSAA.SamplePerPixel:4]]
[2025.10.05-01.35.39:643][  0]LogInit: Selected Device Profile: [Windows]
[2025.10.05-01.35.39:643][  0]LogInit: Applying CVar settings loaded from the selected device profile: [Windows]
[2025.10.05-01.35.39:643][  0]LogHAL: Display: Platform has ~ 32 GB [34164101120 / 34359738368 / 32], which maps to Largest [LargestMinGB=32, LargerMinGB=12, DefaultMinGB=8, SmallerMinGB=6, SmallestMinGB=0)
[2025.10.05-01.35.39:643][  0]LogInit: Going up to parent DeviceProfile []
[2025.10.05-01.35.39:643][  0]LogConfig: Applying CVar settings from Section [ViewDistanceQuality@3] File [D:/LearnData/UnrealProject/UnrealLearn/CPlusTutorial/Saved/Config/Windows/Scalability.ini]
[2025.10.05-01.35.39:643][  0]LogConfig: Setting CVar [[r.SkeletalMeshLODBias:0]]
[2025.10.05-01.35.39:643][  0]LogConfig: Setting CVar [[r.ViewDistanceScale:1.0]]
[2025.10.05-01.35.39:643][  0]LogConfig: Applying CVar settings from Section [AntiAliasingQuality@3] File [D:/LearnData/UnrealProject/UnrealLearn/CPlusTutorial/Saved/Config/Windows/Scalability.ini]
[2025.10.05-01.35.39:643][  0]LogConfig: Setting CVar [[r.PostProcessAAQuality:4]]
[2025.10.05-01.35.39:643][  0]LogConfig: Applying CVar settings from Section [ShadowQuality@3] File [D:/LearnData/UnrealProject/UnrealLearn/CPlusTutorial/Saved/Config/Windows/Scalability.ini]
[2025.10.05-01.35.39:643][  0]LogConfig: Setting CVar [[r.LightFunctionQuality:1]]
[2025.10.05-01.35.39:643][  0]LogConfig: Setting CVar [[r.ShadowQuality:5]]
[2025.10.05-01.35.39:643][  0]LogConfig: Setting CVar [[r.Shadow.CSM.MaxCascades:10]]
[2025.10.05-01.35.39:643][  0]LogConfig: Setting CVar [[r.Shadow.MaxResolution:2048]]
[2025.10.05-01.35.39:643][  0]LogConfig: Setting CVar [[r.Shadow.MaxCSMResolution:2048]]
[2025.10.05-01.35.39:643][  0]LogConfig: Setting CVar [[r.Shadow.RadiusThreshold:0.01]]
[2025.10.05-01.35.39:643][  0]LogConfig: Setting CVar [[r.Shadow.DistanceScale:1.0]]
[2025.10.05-01.35.39:643][  0]LogConfig: Setting CVar [[r.Shadow.CSM.TransitionScale:1.0]]
[2025.10.05-01.35.39:643][  0]LogConfig: Setting CVar [[r.Shadow.PreShadowResolutionFactor:1.0]]
[2025.10.05-01.35.39:643][  0]LogConfig: Setting CVar [[r.DistanceFieldShadowing:1]]
[2025.10.05-01.35.39:643][  0]LogConfig: Setting CVar [[r.DistanceFieldAO:1]]
[2025.10.05-01.35.39:643][  0]LogConfig: Setting CVar [[r.AOQuality:2]]
[2025.10.05-01.35.39:643][  0]LogConfig: Setting CVar [[r.VolumetricFog:1]]
[2025.10.05-01.35.39:643][  0]LogConfig: Setting CVar [[r.VolumetricFog.GridPixelSize:8]]
[2025.10.05-01.35.39:643][  0]LogConfig: Setting CVar [[r.VolumetricFog.GridSizeZ:128]]
[2025.10.05-01.35.39:643][  0]LogConfig: Setting CVar [[r.VolumetricFog.HistoryMissSupersampleCount:4]]
[2025.10.05-01.35.39:643][  0]LogConfig: Setting CVar [[r.LightMaxDrawDistanceScale:1]]
[2025.10.05-01.35.39:643][  0]LogConfig: Setting CVar [[r.CapsuleShadows:1]]
[2025.10.05-01.35.39:643][  0]LogConfig: Applying CVar settings from Section [PostProcessQuality@3] File [D:/LearnData/UnrealProject/UnrealLearn/CPlusTutorial/Saved/Config/Windows/Scalability.ini]
[2025.10.05-01.35.39:643][  0]LogConfig: Setting CVar [[r.MotionBlurQuality:4]]
[2025.10.05-01.35.39:643][  0]LogConfig: Setting CVar [[r.AmbientOcclusionMipLevelFactor:0.4]]
[2025.10.05-01.35.39:643][  0]LogConfig: Setting CVar [[r.AmbientOcclusionMaxQuality:100]]
[2025.10.05-01.35.39:643][  0]LogConfig: Setting CVar [[r.AmbientOcclusionLevels:-1]]
[2025.10.05-01.35.39:643][  0]LogConfig: Setting CVar [[r.AmbientOcclusionRadiusScale:1.0]]
[2025.10.05-01.35.39:643][  0]LogConfig: Setting CVar [[r.DepthOfFieldQuality:2]]
[2025.10.05-01.35.39:643][  0]LogConfig: Setting CVar [[r.RenderTargetPoolMin:400]]
[2025.10.05-01.35.39:643][  0]LogConfig: Setting CVar [[r.LensFlareQuality:2]]
[2025.10.05-01.35.39:643][  0]LogConfig: Setting CVar [[r.SceneColorFringeQuality:1]]
[2025.10.05-01.35.39:643][  0]LogConfig: Setting CVar [[r.EyeAdaptationQuality:2]]
[2025.10.05-01.35.39:643][  0]LogConfig: Setting CVar [[r.BloomQuality:5]]
[2025.10.05-01.35.39:643][  0]LogConfig: Setting CVar [[r.FastBlurThreshold:100]]
[2025.10.05-01.35.39:643][  0]LogConfig: Setting CVar [[r.Upscale.Quality:3]]
[2025.10.05-01.35.39:643][  0]LogConfig: Setting CVar [[r.Tonemapper.GrainQuantization:1]]
[2025.10.05-01.35.39:643][  0]LogConfig: Setting CVar [[r.LightShaftQuality:1]]
[2025.10.05-01.35.39:643][  0]LogConfig: Setting CVar [[r.Filter.SizeScale:1]]
[2025.10.05-01.35.39:643][  0]LogConfig: Setting CVar [[r.Tonemapper.Quality:5]]
[2025.10.05-01.35.39:643][  0]LogConfig: Setting CVar [[r.DOF.Gather.AccumulatorQuality:1        ; higher gathering accumulator quality]]
[2025.10.05-01.35.39:643][  0]LogConfig: Setting CVar [[r.DOF.Gather.PostfilterMethod:1          ; Median3x3 postfilering method]]
[2025.10.05-01.35.39:643][  0]LogConfig: Setting CVar [[r.DOF.Gather.EnableBokehSettings:0       ; no bokeh simulation when gathering]]
[2025.10.05-01.35.39:643][  0]LogConfig: Setting CVar [[r.DOF.Gather.RingCount:4                 ; medium number of samples when gathering]]
[2025.10.05-01.35.39:643][  0]LogConfig: Setting CVar [[r.DOF.Scatter.ForegroundCompositing:1    ; additive foreground scattering]]
[2025.10.05-01.35.39:643][  0]LogConfig: Setting CVar [[r.DOF.Scatter.BackgroundCompositing:2    ; additive background scattering]]
[2025.10.05-01.35.39:644][  0]LogConfig: Setting CVar [[r.DOF.Scatter.EnableBokehSettings:1      ; bokeh simulation when scattering]]
[2025.10.05-01.35.39:644][  0]LogConfig: Setting CVar [[r.DOF.Scatter.MaxSpriteRatio:0.1         ; only a maximum of 10% of scattered bokeh]]
[2025.10.05-01.35.39:644][  0]LogConfig: Setting CVar [[r.DOF.Recombine.Quality:1                ; cheap slight out of focus]]
[2025.10.05-01.35.39:644][  0]LogConfig: Setting CVar [[r.DOF.Recombine.EnableBokehSettings:0    ; no bokeh simulation on slight out of focus]]
[2025.10.05-01.35.39:644][  0]LogConfig: Setting CVar [[r.DOF.TemporalAAQuality:1                ; more stable temporal accumulation]]
[2025.10.05-01.35.39:644][  0]LogConfig: Setting CVar [[r.DOF.Kernel.MaxForegroundRadius:0.025]]
[2025.10.05-01.35.39:644][  0]LogConfig: Setting CVar [[r.DOF.Kernel.MaxBackgroundRadius:0.025]]
[2025.10.05-01.35.39:644][  0]LogConfig: Applying CVar settings from Section [TextureQuality@3] File [D:/LearnData/UnrealProject/UnrealLearn/CPlusTutorial/Saved/Config/Windows/Scalability.ini]
[2025.10.05-01.35.39:644][  0]LogConfig: Setting CVar [[r.Streaming.MipBias:0]]
[2025.10.05-01.35.39:644][  0]LogConfig: Setting CVar [[r.Streaming.AmortizeCPUToGPUCopy:0]]
[2025.10.05-01.35.39:644][  0]LogConfig: Setting CVar [[r.Streaming.MaxNumTexturesToStreamPerFrame:0]]
[2025.10.05-01.35.39:644][  0]LogConfig: Setting CVar [[r.Streaming.Boost:1]]
[2025.10.05-01.35.39:644][  0]LogConfig: Setting CVar [[r.MaxAnisotropy:8]]
[2025.10.05-01.35.39:644][  0]LogConfig: Setting CVar [[r.VT.MaxAnisotropy:8]]
[2025.10.05-01.35.39:644][  0]LogConfig: Setting CVar [[r.Streaming.LimitPoolSizeToVRAM:0]]
[2025.10.05-01.35.39:644][  0]LogConfig: Setting CVar [[r.Streaming.PoolSize:1000]]
[2025.10.05-01.35.39:644][  0]LogConfig: Setting CVar [[r.Streaming.MaxEffectiveScreenSize:0]]
[2025.10.05-01.35.39:644][  0]LogConfig: Applying CVar settings from Section [EffectsQuality@3] File [D:/LearnData/UnrealProject/UnrealLearn/CPlusTutorial/Saved/Config/Windows/Scalability.ini]
[2025.10.05-01.35.39:644][  0]LogConfig: Setting CVar [[r.TranslucencyLightingVolumeDim:64]]
[2025.10.05-01.35.39:644][  0]LogConfig: Setting CVar [[r.RefractionQuality:2]]
[2025.10.05-01.35.39:644][  0]LogConfig: Setting CVar [[r.SSR.Quality:3]]
[2025.10.05-01.35.39:644][  0]LogConfig: Setting CVar [[r.SSR.HalfResSceneColor:0]]
[2025.10.05-01.35.39:644][  0]LogConfig: Setting CVar [[r.SceneColorFormat:4]]
[2025.10.05-01.35.39:644][  0]LogConfig: Setting CVar [[r.DetailMode:2]]
[2025.10.05-01.35.39:644][  0]LogConfig: Setting CVar [[r.TranslucencyVolumeBlur:1]]
[2025.10.05-01.35.39:644][  0]LogConfig: Setting CVar [[r.MaterialQualityLevel:1 ; High quality]]
[2025.10.05-01.35.39:644][  0]LogConfig: Setting CVar [[r.AnisotropicMaterials:1]]
[2025.10.05-01.35.39:644][  0]LogConfig: Setting CVar [[r.SSS.Scale:1]]
[2025.10.05-01.35.39:644][  0]LogConfig: Setting CVar [[r.SSS.SampleSet:2]]
[2025.10.05-01.35.39:644][  0]LogConfig: Setting CVar [[r.SSS.Quality:1]]
[2025.10.05-01.35.39:644][  0]LogConfig: Setting CVar [[r.SSS.HalfRes:0]]
[2025.10.05-01.35.39:644][  0]LogConfig: Setting CVar [[r.SSGI.Quality:3]]
[2025.10.05-01.35.39:644][  0]LogConfig: Setting CVar [[r.EmitterSpawnRateScale:1.0]]
[2025.10.05-01.35.39:644][  0]LogConfig: Setting CVar [[r.ParticleLightQuality:2]]
[2025.10.05-01.35.39:644][  0]LogConfig: Setting CVar [[r.SkyAtmosphere.AerialPerspectiveLUT.FastApplyOnOpaque:1 ; Always have FastSkyLUT 1 in this case to avoid wrong sky]]
[2025.10.05-01.35.39:644][  0]LogConfig: Setting CVar [[r.SkyAtmosphere.AerialPerspectiveLUT.SampleCountMaxPerSlice:4]]
[2025.10.05-01.35.39:644][  0]LogConfig: Setting CVar [[r.SkyAtmosphere.AerialPerspectiveLUT.DepthResolution:16.0]]
[2025.10.05-01.35.39:644][  0]LogConfig: Setting CVar [[r.SkyAtmosphere.FastSkyLUT:1]]
[2025.10.05-01.35.39:644][  0]LogConfig: Setting CVar [[r.SkyAtmosphere.FastSkyLUT.SampleCountMin:4.0]]
[2025.10.05-01.35.39:644][  0]LogConfig: Setting CVar [[r.SkyAtmosphere.FastSkyLUT.SampleCountMax:128.0]]
[2025.10.05-01.35.39:644][  0]LogConfig: Setting CVar [[r.SkyAtmosphere.SampleCountMin:4.0]]
[2025.10.05-01.35.39:644][  0]LogConfig: Setting CVar [[r.SkyAtmosphere.SampleCountMax:128.0]]
[2025.10.05-01.35.39:644][  0]LogConfig: Setting CVar [[r.SkyAtmosphere.TransmittanceLUT.UseSmallFormat:0]]
[2025.10.05-01.35.39:644][  0]LogConfig: Setting CVar [[r.SkyAtmosphere.TransmittanceLUT.SampleCount:10.0]]
[2025.10.05-01.35.39:644][  0]LogConfig: Setting CVar [[r.SkyAtmosphere.MultiScatteringLUT.SampleCount:15.0]]
[2025.10.05-01.35.39:644][  0]LogConfig: Setting CVar [[r.SkyLight.RealTimeReflectionCapture:1]]
[2025.10.05-01.35.39:644][  0]LogConfig: Applying CVar settings from Section [FoliageQuality@3] File [D:/LearnData/UnrealProject/UnrealLearn/CPlusTutorial/Saved/Config/Windows/Scalability.ini]
[2025.10.05-01.35.39:644][  0]LogConfig: Setting CVar [[foliage.DensityScale:1.0]]
[2025.10.05-01.35.39:644][  0]LogConfig: Setting CVar [[grass.DensityScale:1.0]]
[2025.10.05-01.35.39:644][  0]LogConfig: Applying CVar settings from Section [ShadingQuality@3] File [D:/LearnData/UnrealProject/UnrealLearn/CPlusTutorial/Saved/Config/Windows/Scalability.ini]
[2025.10.05-01.35.39:644][  0]LogConfig: Setting CVar [[r.HairStrands.SkyLighting.IntegrationType:2]]
[2025.10.05-01.35.39:644][  0]LogConfig: Setting CVar [[r.HairStrands.SkyAO.SampleCount:4]]
[2025.10.05-01.35.39:644][  0]LogConfig: Setting CVar [[r.HairStrands.Visibility.MSAA.SamplePerPixel:4]]
[2025.10.05-01.35.39:644][  0]LogConfig: Applying CVar settings from Section [Startup] File [../../../Engine/Config/ConsoleVariables.ini]
[2025.10.05-01.35.39:644][  0]LogConfig: Setting CVar [[net.UseAdaptiveNetUpdateFrequency:0]]
[2025.10.05-01.35.39:644][  0]LogConfig: Setting CVar [[p.chaos.AllowCreatePhysxBodies:1]]
[2025.10.05-01.35.39:644][  0]LogConfig: Setting CVar [[fx.SkipVectorVMBackendOptimizations:1]]
[2025.10.05-01.35.39:644][  0]LogConfig: Applying CVar settings from Section [ConsoleVariables] File [D:/LearnData/UnrealProject/UnrealLearn/CPlusTutorial/Saved/Config/Windows/Engine.ini]
[2025.10.05-01.35.39:644][  0]LogConfig: Applying CVar settings from Section [ConsoleVariables] File [D:/LearnData/UnrealProject/UnrealLearn/CPlusTutorial/Saved/Config/Windows/Editor.ini]
[2025.10.05-01.35.39:644][  0]LogInit: Computer: MIU
[2025.10.05-01.35.39:644][  0]LogInit: User: 23932
[2025.10.05-01.35.39:644][  0]LogInit: CPU Page size=4096, Cores=6
[2025.10.05-01.35.39:644][  0]LogInit: High frequency timer resolution =10.000000 MHz
[2025.10.05-01.35.39:644][  0]LogMemory: Memory total: Physical=31.8GB (32GB approx)
[2025.10.05-01.35.39:644][  0]LogMemory: Platform Memory Stats for Windows
[2025.10.05-01.35.39:644][  0]LogMemory: Process Physical Memory: 152.09 MB used, 152.09 MB peak
[2025.10.05-01.35.39:644][  0]LogMemory: Process Virtual Memory: 124.50 MB used, 124.50 MB peak
[2025.10.05-01.35.39:644][  0]LogMemory: Physical Memory: 13697.47 MB used,  18883.95 MB free, 32581.43 MB total
[2025.10.05-01.35.39:644][  0]LogMemory: Virtual Memory: 134195856.00 MB used,  21868.34 MB free, 134217728.00 MB total
[2025.10.05-01.35.39:655][  0]LogWindows: WindowsPlatformFeatures enabled
[2025.10.05-01.35.39:712][  0]LogInit: Physics initialised using underlying interface: PhysX
[2025.10.05-01.35.39:713][  0]LogInit: Overriding language with editor language configuration option (zh-Hans).
[2025.10.05-01.35.39:713][  0]LogInit: Overriding language with editor locale configuration option (zh).
[2025.10.05-01.35.39:872][  0]LogTextLocalizationResource: LocRes '../../../Engine/Content/Localization/Editor/zh/Editor.locres' could not be opened for reading!
[2025.10.05-01.35.39:872][  0]LogTextLocalizationResource: LocRes '../../../Engine/Content/Localization/EditorTutorials/zh/EditorTutorials.locres' could not be opened for reading!
[2025.10.05-01.35.39:872][  0]LogTextLocalizationResource: LocRes '../../../Engine/Content/Localization/Keywords/zh/Keywords.locres' could not be opened for reading!
[2025.10.05-01.35.39:872][  0]LogTextLocalizationResource: LocRes '../../../Engine/Content/Localization/Category/zh/Category.locres' could not be opened for reading!
[2025.10.05-01.35.39:872][  0]LogTextLocalizationResource: LocRes '../../../Engine/Content/Localization/ToolTips/zh/ToolTips.locres' could not be opened for reading!
[2025.10.05-01.35.39:872][  0]LogTextLocalizationResource: LocRes '../../../Engine/Content/Localization/PropertyNames/zh/PropertyNames.locres' could not be opened for reading!
[2025.10.05-01.35.39:872][  0]LogTextLocalizationResource: LocRes '../../../Engine/Content/Localization/Engine/zh/Engine.locres' could not be opened for reading!
[2025.10.05-01.35.39:873][  0]LogTextLocalizationResource: LocRes '../../../Engine/Plugins/Online/OnlineSubsystem/Content/Localization/OnlineSubsystem/zh/OnlineSubsystem.locres' could not be opened for reading!
[2025.10.05-01.35.39:873][  0]LogTextLocalizationResource: LocRes '../../../Engine/Plugins/Online/OnlineSubsystemUtils/Content/Localization/OnlineSubsystemUtils/zh/OnlineSubsystemUtils.locres' could not be opened for reading!
[2025.10.05-01.35.39:873][  0]LogTextLocalizationResource: LocRes '../../../Engine/Plugins/Online/IOS/OnlineSubsystemIOS/Content/Localization/OnlineSubsystemIOS/zh/OnlineSubsystemIOS.locres' could not be opened for reading!
[2025.10.05-01.35.39:873][  0]LogTextLocalizationResource: LocRes '../../../Engine/Plugins/Online/Android/OnlineSubsystemGooglePlay/Content/Localization/OnlineSubsystemGooglePlay/zh/OnlineSubsystemGooglePlay.locres' could not be opened for reading!
[2025.10.05-01.35.39:926][  0]LogInit: Setting process to per monitor DPI aware
[2025.10.05-01.35.40:023][  0]LogWindowsTextInputMethodSystem: Display: IME system deactivated.
[2025.10.05-01.35.40:053][  0]LogSlate: New Slate User Created.  User Index 0, Is Virtual User: 0
[2025.10.05-01.35.40:053][  0]LogSlate: Slate User Registered.  User Index 0, Is Virtual User: 0
[2025.10.05-01.35.40:168][  0]LogD3D11RHI: Loaded GFSDK_Aftermath_Lib.x64.dll
[2025.10.05-01.35.40:185][  0]LogHMD: Failed to initialize OpenVR with code 110
[2025.10.05-01.35.40:185][  0]LogD3D11RHI: D3D11 min allowed feature level: 11_0
[2025.10.05-01.35.40:185][  0]LogD3D11RHI: D3D11 max allowed feature level: 11_0
[2025.10.05-01.35.40:185][  0]LogD3D11RHI: D3D11 adapters:
[2025.10.05-01.35.40:439][  0]LogD3D11RHI:    0. 'NVIDIA GeForce RTX 3060 Ti' (Feature Level 11_0)
[2025.10.05-01.35.40:439][  0]LogD3D11RHI:       8024/0/16290 MB DedicatedVideo/DedicatedSystem/SharedSystem, Outputs:1, VendorId:0x10de
[2025.10.05-01.35.40:445][  0]LogD3D11RHI:    1. 'Microsoft Basic Render Driver' (Feature Level 11_0)
[2025.10.05-01.35.40:445][  0]LogD3D11RHI:       0/0/16290 MB DedicatedVideo/DedicatedSystem/SharedSystem, Outputs:0, VendorId:0x1414
[2025.10.05-01.35.40:445][  0]LogD3D11RHI: Chosen D3D11 Adapter:
[2025.10.05-01.35.40:445][  0]LogD3D11RHI:     Description : NVIDIA GeForce RTX 3060 Ti
[2025.10.05-01.35.40:445][  0]LogD3D11RHI:     VendorId    : 10de
[2025.10.05-01.35.40:445][  0]LogD3D11RHI:     DeviceId    : 2489
[2025.10.05-01.35.40:445][  0]LogD3D11RHI:     SubSysId    : 39031462
[2025.10.05-01.35.40:445][  0]LogD3D11RHI:     Revision    : 00a1
[2025.10.05-01.35.40:445][  0]LogD3D11RHI:     DedicatedVideoMemory : 8413773824 bytes
[2025.10.05-01.35.40:445][  0]LogD3D11RHI:     DedicatedSystemMemory : 0 bytes
[2025.10.05-01.35.40:445][  0]LogD3D11RHI:     SharedSystemMemory : 17082050560 bytes
[2025.10.05-01.35.40:445][  0]LogD3D11RHI:     AdapterLuid : 0 66052
[2025.10.05-01.35.40:451][  0]LogD3D11RHI: Creating new Direct3DDevice
[2025.10.05-01.35.40:451][  0]LogD3D11RHI:     GPU DeviceId: 0x2489 (for the marketing name, search the web for "GPU Device Id")
[2025.10.05-01.35.40:451][  0]LogWindows: EnumDisplayDevices:
[2025.10.05-01.35.40:451][  0]LogWindows:    0. 'NVIDIA GeForce RTX 3060 Ti' (P:1 D:1)
[2025.10.05-01.35.40:451][  0]LogWindows:    1. 'NVIDIA GeForce RTX 3060 Ti' (P:0 D:0)
[2025.10.05-01.35.40:453][  0]LogWindows:    2. 'NVIDIA GeForce RTX 3060 Ti' (P:0 D:0)
[2025.10.05-01.35.40:453][  0]LogWindows:    3. 'NVIDIA GeForce RTX 3060 Ti' (P:0 D:0)
[2025.10.05-01.35.40:453][  0]LogWindows: DebugString: FoundDriverCount:4 
[2025.10.05-01.35.40:453][  0]LogD3D11RHI:     Adapter Name: NVIDIA GeForce RTX 3060 Ti
[2025.10.05-01.35.40:453][  0]LogD3D11RHI:   Driver Version: 580.88 (internal:32.0.15.8088, unified:580.88)
[2025.10.05-01.35.40:453][  0]LogD3D11RHI:      Driver Date: 7-27-2025
[2025.10.05-01.35.40:453][  0]LogRHI: Texture pool is 5616 MB (70% of 8024 MB)
[2025.10.05-01.35.40:453][  0]LogD3D11RHI: Creating D3DDevice using adapter:
[2025.10.05-01.35.40:453][  0]LogD3D11RHI:     Description : NVIDIA GeForce RTX 3060 Ti
[2025.10.05-01.35.40:453][  0]LogD3D11RHI:     VendorId    : 10de
[2025.10.05-01.35.40:453][  0]LogD3D11RHI:     DeviceId    : 2489
[2025.10.05-01.35.40:453][  0]LogD3D11RHI:     SubSysId    : 39031462
[2025.10.05-01.35.40:453][  0]LogD3D11RHI:     Revision    : 00a1
[2025.10.05-01.35.40:453][  0]LogD3D11RHI:     DedicatedVideoMemory : 8413773824 bytes
[2025.10.05-01.35.40:453][  0]LogD3D11RHI:     DedicatedSystemMemory : 0 bytes
[2025.10.05-01.35.40:453][  0]LogD3D11RHI:     SharedSystemMemory : 17082050560 bytes
[2025.10.05-01.35.40:453][  0]LogD3D11RHI:     AdapterLuid : 0 66052
[2025.10.05-01.35.40:650][  0]LogD3D11RHI: RHI has support for 64 bit atomics
[2025.10.05-01.35.40:650][  0]LogD3D11RHI: Async texture creation enabled
[2025.10.05-01.35.40:650][  0]LogD3D11RHI: Array index from any shader is supported
[2025.10.05-01.35.40:653][  0]LogD3D11RHI: HDR output is supported on display 0 (NvId: 0x80061080).
[2025.10.05-01.35.40:672][  0]LogD3D11RHI: GPU Timing Frequency: 1000.000000 (Debug: 2 1)
[2025.10.05-01.35.40:719][  0]LogRHI: GeForceNow SDK initialized: 1
[2025.10.05-01.35.41:110][  0]LogTargetPlatformManager: Display: Loaded TargetPlatform 'AllDesktop'
[2025.10.05-01.35.41:135][  0]LogTargetPlatformManager: Display: Loaded TargetPlatform 'Android'
[2025.10.05-01.35.41:135][  0]LogTargetPlatformManager: Display: Loaded TargetPlatform 'Android_ASTC'
[2025.10.05-01.35.41:135][  0]LogTargetPlatformManager: Display: Loaded TargetPlatform 'Android_DXT'
[2025.10.05-01.35.41:135][  0]LogTargetPlatformManager: Display: Loaded TargetPlatform 'Android_ETC2'
[2025.10.05-01.35.41:135][  0]LogTargetPlatformManager: Display: Loaded TargetPlatform 'AndroidClient'
[2025.10.05-01.35.41:135][  0]LogTargetPlatformManager: Display: Loaded TargetPlatform 'Android_ASTCClient'
[2025.10.05-01.35.41:135][  0]LogTargetPlatformManager: Display: Loaded TargetPlatform 'Android_DXTClient'
[2025.10.05-01.35.41:135][  0]LogTargetPlatformManager: Display: Loaded TargetPlatform 'Android_ETC2Client'
[2025.10.05-01.35.41:135][  0]LogTargetPlatformManager: Display: Loaded TargetPlatform 'Android_Multi'
[2025.10.05-01.35.41:135][  0]LogTargetPlatformManager: Display: Loaded TargetPlatform 'Android_MultiClient'
[2025.10.05-01.35.41:158][  0]LogTargetPlatformManager: Display: Loaded TargetPlatform 'IOSClient'
[2025.10.05-01.35.41:158][  0]LogTargetPlatformManager: Display: Loaded TargetPlatform 'IOS'
[2025.10.05-01.35.41:168][  0]LogTargetPlatformManager: Display: Loaded TargetPlatform 'Linux'
[2025.10.05-01.35.41:174][  0]LogTargetPlatformManager: Display: Loaded TargetPlatform 'LinuxNoEditor'
[2025.10.05-01.35.41:180][  0]LogTargetPlatformManager: Display: Loaded TargetPlatform 'LinuxClient'
[2025.10.05-01.35.41:188][  0]LogTargetPlatformManager: Display: Loaded TargetPlatform 'LinuxServer'
[2025.10.05-01.35.41:199][  0]LogTargetPlatformManager: Display: Loaded TargetPlatform 'LinuxAArch64NoEditor'
[2025.10.05-01.35.41:206][  0]LogTargetPlatformManager: Display: Loaded TargetPlatform 'LinuxAArch64Client'
[2025.10.05-01.35.41:212][  0]LogTargetPlatformManager: Display: Loaded TargetPlatform 'LinuxAArch64Server'
[2025.10.05-01.35.41:239][  0]LogTargetPlatformManager: Display: Loaded TargetPlatform 'Lumin'
[2025.10.05-01.35.41:239][  0]LogTargetPlatformManager: Display: Loaded TargetPlatform 'LuminClient'
[2025.10.05-01.35.41:250][  0]LogTargetPlatformManager: Display: Loaded TargetPlatform 'MacNoEditor'
[2025.10.05-01.35.41:256][  0]LogTargetPlatformManager: Display: Loaded TargetPlatform 'Mac'
[2025.10.05-01.35.41:262][  0]LogTargetPlatformManager: Display: Loaded TargetPlatform 'MacClient'
[2025.10.05-01.35.41:268][  0]LogTargetPlatformManager: Display: Loaded TargetPlatform 'MacServer'
[2025.10.05-01.35.41:281][  0]LogTargetPlatformManager: Display: Loaded TargetPlatform 'TVOSClient'
[2025.10.05-01.35.41:281][  0]LogTargetPlatformManager: Display: Loaded TargetPlatform 'TVOS'
[2025.10.05-01.35.41:291][  0]LogTargetPlatformManager: Display: Loaded TargetPlatform 'WindowsNoEditor'
[2025.10.05-01.35.41:299][  0]LogTargetPlatformManager: Display: Loaded TargetPlatform 'Windows'
[2025.10.05-01.35.41:304][  0]LogTargetPlatformManager: Display: Loaded TargetPlatform 'WindowsClient'
[2025.10.05-01.35.41:313][  0]LogTargetPlatformManager: Display: Loaded TargetPlatform 'WindowsServer'
[2025.10.05-01.35.41:313][  0]LogTargetPlatformManager: Display: Building Assets For Windows
[2025.10.05-01.35.41:323][  0]LogAudioDebug: Display: Lib vorbis DLL was dynamically loaded.
[2025.10.05-01.35.41:365][  0]LogTextureFormatOodle: Display: Oodle Texture 2.9.0 init RDO Off
[2025.10.05-01.35.41:417][  0]LogRendererCore: Ray tracing is disabled. Reason: r.RayTracing=0.
[2025.10.05-01.35.41:417][  0]LogShaderCompilers: Guid format shader working directory is -7 characters bigger than the processId version (D:/LearnData/UnrealProject/UnrealLearn/CPlusTutorial/Intermediate/Shaders/WorkingDirectory/24184/).
[2025.10.05-01.35.41:417][  0]LogShaderCompilers: Cleaned the shader compiler working directory 'C:/Users/23932/AppData/Local/Temp/UnrealShaderWorkingDir/639B8AF546DBBD1193E8C19CD7F2EDB7/'.
[2025.10.05-01.35.41:417][  0]LogXGEController: Cannot use XGE Controller as Incredibuild is not installed on this machine.
[2025.10.05-01.35.41:417][  0]LogShaderCompilers: Cannot use XGE Shader Compiler as Incredibuild is not installed on this machine.
[2025.10.05-01.35.41:417][  0]LogShaderCompilers: Display: Using Local Shader Compiler.
[2025.10.05-01.35.42:267][  0]LogDerivedDataCache: Display: Max Cache Size: 512 MB
[2025.10.05-01.35.42:334][  0]LogDerivedDataCache: Loaded boot cache 0.07s 99MB C:/Users/23932/AppData/Local/UnrealEngine/4.27/DerivedDataCache/Boot.ddc.
[2025.10.05-01.35.42:334][  0]LogDerivedDataCache: Display: Loaded Boot cache: C:/Users/23932/AppData/Local/UnrealEngine/4.27/DerivedDataCache/Boot.ddc
[2025.10.05-01.35.42:334][  0]LogDerivedDataCache: FDerivedDataBackendGraph:  Pak pak cache file D:/LearnData/UnrealProject/UnrealLearn/CPlusTutorial/DerivedDataCache/DDC.ddp not found, will not use a pak cache.
[2025.10.05-01.35.42:334][  0]LogDerivedDataCache: Unable to find inner node Pak for hierarchical cache Hierarchy.
[2025.10.05-01.35.42:334][  0]LogDerivedDataCache: FDerivedDataBackendGraph:  CompressedPak pak cache file D:/LearnData/UnrealProject/UnrealLearn/CPlusTutorial/DerivedDataCache/Compressed.ddp not found, will not use a pak cache.
[2025.10.05-01.35.42:334][  0]LogDerivedDataCache: Unable to find inner node CompressedPak for hierarchical cache Hierarchy.
[2025.10.05-01.35.42:354][  0]LogDerivedDataCache: Display: Pak cache opened for reading ../../../Engine/DerivedDataCache/Compressed.ddp.
[2025.10.05-01.35.42:354][  0]LogDerivedDataCache: FDerivedDataBackendGraph:  EnterprisePak pak cache file ../../../Enterprise/DerivedDataCache/Compressed.ddp not found, will not use a pak cache.
[2025.10.05-01.35.42:354][  0]LogDerivedDataCache: Unable to find inner node EnterprisePak for hierarchical cache Hierarchy.
[2025.10.05-01.35.42:378][  0]LogDerivedDataCache: Speed tests for C:/Users/23932/AppData/Local/UnrealEngine/Common/DerivedDataCache took 0.02 seconds
[2025.10.05-01.35.42:379][  0]LogDerivedDataCache: Display: Performance to C:/Users/23932/AppData/Local/UnrealEngine/Common/DerivedDataCache: Latency=0.04ms. RandomReadSpeed=1174.29MBs, RandomWriteSpeed=41.18MBs. Assigned SpeedClass 'Local'
[2025.10.05-01.35.42:379][  0]LogDerivedDataCache: Using Local data cache path C:/Users/23932/AppData/Local/UnrealEngine/Common/DerivedDataCache: Writable
[2025.10.05-01.35.42:380][  0]LogDerivedDataCache: Shared data cache path not found in *engine.ini, will not use an Shared cache.
[2025.10.05-01.35.42:380][  0]LogDerivedDataCache: Unable to find inner node Shared for hierarchical cache Hierarchy.
[2025.10.05-01.35.42:426][  0]LogSlate: Using FreeType 2.10.0
[2025.10.05-01.35.42:426][  0]LogSlate: SlateFontServices - WITH_FREETYPE: 1, WITH_HARFBUZZ: 1
[2025.10.05-01.35.42:456][  0]LogAssetRegistry: FAssetRegistry took 0.0036 seconds to start up
[2025.10.05-01.35.42:683][  0]LogInit: Selected Device Profile: [Windows]
[2025.10.05-01.35.42:683][  0]LogInit: Active device profile: [000001F3E4CBEB00][000001F3DAA442C0 49] Windows
[2025.10.05-01.35.42:683][  0]LogInit: Profiles: [000001F3E4CBEB00][000001F3DAA442C0 49] Windows, [000001F3E4C8AF00][000001F3DAE6C440 49] WindowsNoEditor, [000001F3E4CBF600][000001F3D3F1A580 49] WindowsServer, [000001F3E4C88B00][000001F3E63406C0 49] WindowsClient, [000001F3E4CBCB00][000001F3E6344800 49] IOS, [000001F3E4C8B600][000001F3E6348940 49] iPadAir, [000001F3E4CBCF00][000001F3E6350AC0 49] iPadAir2, [000001F3E6826500][000001F3DA9D8D80 49] IPadPro, [000001F3E6826600][000001F3DA9D4DC0 49] iPadAir3, [000001F3E4CBC600][000001F3DA9DCF40 49] iPadAir4, [000001F3E6826A00][000001F3DA9F50C0 49] iPadMini2, [000001F3E4CBDA00][000001F3DAA01240 49] iPadMini3, [000001F3E6827000][000001F3DAA053C0 49] iPadMini4, [000001F3E4CBC200][000001F3DAA09540 49] iPadMini5, [000001F3E4C45E00][000001F3DAA15800 49] iPhone6, [000001F3E4C45F00][000001F3DAA0D840 49] iPodTouch6, [000001F3E6825000][000001F3DAA21B00 49] iPhone7, [000001F3E6825C00][000001F3DAA19B40 49] iPodTouch7, [000001F3E4C44100][000001F3E6424140 49] iPhone5S, [000001F3E6825F00][000001F3E64282C0 49] iPhone6Plus, [000001F3E4C46700][000001F3E642C440 49] iPhone6S, [000001F3E6826400][000001F3DD9485C0 49] iPhone6SPlus, [000001F3E4C46A00][000001F3DD94C740 49] iPhone7Plus, [000001F3E6825400][000001F3E634C880 49] iPhoneSE, [000001F3E4C44F00][000001F3DAA1C9C0 49] iPhone8, [000001F3E6827500][000001F3DAA10B00 49] iPhone8Plus, [000001F3E4C44D00][000001F3DD960C80 49] iPhoneX, [000001F3E6826800][000001F3DD964E00 49] iPhoneXS, [000001F3E4C45D00][000001F3E5BCEF80 49] iPhoneXSMax, [000001F3E6826F00][000001F3E5BD3100 49] iPhoneXR, [000001F3E4C45C00][000001F3E5BD7280 49] iPhone11, [000001F3E6824E00][000001F3E5BDB400 49] iPhone11Pro, [000001F3E4C46000][000001F3E5BDF580 49] iPhone11ProMax, [000001F3E6826000][000001F3E5BE3700 49] iPhoneSE2, [000001F3E4C44700][000001F3E5BE7880 49] iPhone12Mini, [000001F3E6824200][000001F3E5BEBA00 49] iPhone12, [000001F3E4C44400][000001F3E5BEFB80 49] iPhone12Pro, [000001F3E6824300][000001F3E5BF2180 49] iPhone12ProMax, [000001F3E4C46200][000001F3E5BF6300 49] iPadPro105, [000001F3E6825600][000001F3E5BFA480 49] iPadPro129, [000001F3E4C46D00][000001F3E5BFE600 49] iPadPro97, [000001F3E6827A00][000001F3E5C02780 49] iPadPro2_129, [000001F3E4C44A00][000001F3DD886900 49] iPad5, [000001F3E6824400][000001F3DD95CA40 49] iPad6, [000001F3E4C45900][000001F3DA938B80 49] iPad7, [000001F3E6825900][000001F3DD86ECC0 49] iPad8, [000001F3E4C46B00][000001F3E5C0AE40 49] iPadPro11, [000001F3E6827B00][000001F3D3EC0FC0 49] iPadPro2_11, [000001F3E4C8B100][000001F3D3EC5140 49] iPadPro3_129, [000001F3E4D21100][000001F3D3EC92C0 49] iPadPro4_129, [000001F3E4C8AC00][000001F3D3ECD440 49] AppleTV, [000001F3E4D20900][000001F3D3ED15C0 49] AppleTV4K, [000001F3E4C89A00][000001F3D3ED5740 49] TVOS, [000001F3E4D21700][000001F3D3ED98C0 49] Mac, [000001F3E4C88C00][000001F3D3EDDA40 49] MacClient, [000001F3E4D21000][000001F3D3EE1BC0 49] MacNoEditor, [000001F3E4C89300][000001F3D3EE41C0 49] MacServer, [000001F3E4D20500][000001F3E5B24340 49] Linux, [000001F3E4C88700][000001F3E5B284C0 49] LinuxAArch64, [000001F3E4D21B00][000001F3E5B2C640 49] LinuxNoEditor, [000001F3E4C8BE00][000001F3E5B307C0 49] LinuxAArch64NoEditor, [000001F3E4D20C00][000001F3E5B34940 49] LinuxClient, [000001F3E4C8A800][000001F3E5B38AC0 49] LinuxAArch64Client, [000001F3E4D20400][000001F3E5C06C00 49] LinuxServer, [000001F3E6825A00][000001F3E5B3CD40 49] LinuxAArch64Server, [000001F3E4C47500][000001F3E5B40E80 49] Android, [000001F3E6827E00][000001F3E5B44FC0 49] Android_Low, [000001F3E4C45700][000001F3E5B4D140 49] Android_Mid, [000001F3E6827200][000001F3E5B512C0 49] Android_High, [000001F3E4C47F00][000001F3E5B55440 49] Android_Default, [000001F3E6824B00][000001F3E5B595C0 49] Android_Adreno4xx, [000001F3E4C47300][000001F3E5B5D740 49] Android_Adreno5xx_Low, [000001F3E6826700][000001F3DADF78C0 49] Android_Adreno5xx, [000001F3E4C44900][000001F3DADFBA40 49] Android_Adreno6xx, [000001F3E6827700][000001F3DADFFBC0 49] Android_Adreno6xx_Vulkan, [000001F3E4C44B00][000001F3DAE021C0 49] Android_Mali_T6xx, [000001F3E6827F00][000001F3DAE06340 49] Android_Mali_T7xx, [000001F3E4D21800][000001F3DAE0A4C0 49] Android_Mali_T8xx, [000001F3E6827300][000001F3DAE0E640 49] Android_Mali_G71, [000001F3E4D20100][000001F3DAE127C0 49] Android_Mali_G72, [000001F3E6824800][000001F3DAE16940 49] Android_Mali_G72_Vulkan, [000001F3E4D20200][000001F3DAE1AAC0 49] Android_Mali_G76, [000001F3E6827800][000001F3DAE1EC40 49] Android_Mali_G76_Vulkan, [000001F3E4D21E00][000001F3E5B48D80 49] Android_Mali_G77, [000001F3E6824C00][000001F3DAE22EC0 49] Android_Mali_G77_Vulkan, [000001F3E4C47100][000001F3DAE27000 49] Android_Mali_G78, [000001F3E6825300][000001F3DAE2B140 49] Android_Mali_G78_Vulkan, [000001F3E4C46900][000001F3DAE332C0 49] Android_Mali_G710, [000001F3E6824F00][000001F3DAE37440 49] Android_Mali_G710_Vulkan, [000001F3E4C44C00][000001F3DAE3B5C0 49] Android_Vulkan_SM5, [000001F3E6827C00][000001F3DAE3F740 49] Android_PowerVR_G6xxx, [000001F3E4C46800][000001F3DAE438C0 49] Android_PowerVR_GT7xxx, [000001F3E6826C00][000001F3DAE47A40 49] Android_PowerVR_GE8xxx, [000001F3E4C47200][000001F3DAE4BBC0 49] Android_PowerVR_GM9xxx, [000001F3E6825200][000001F3E61281C0 49] Android_PowerVR_GM9xxx_Vulkan, [000001F3E4C45800][000001F3E612C340 49] Android_TegraK1, [000001F3E6827900][000001F3E61304C0 49] Android_Unknown_Vulkan, [000001F3E4C45200][000001F3E6134640 49] Lumin, [000001F3E6825500][000001F3E61387C0 49] Lumin_Desktop, [000001F3E4C46F00][000001F3E613C940 49] HoloLens, 
[2025.10.05-01.35.42:826][  0]LogMeshReduction: Using QuadricMeshReduction for automatic static mesh reduction
[2025.10.05-01.35.42:826][  0]LogMeshReduction: Using SimplygonMeshReduction for automatic skeletal mesh reduction
[2025.10.05-01.35.42:826][  0]LogMeshReduction: Using ProxyLODMeshReduction for automatic mesh merging
[2025.10.05-01.35.42:826][  0]LogMeshReduction: No distributed automatic mesh merging module available
[2025.10.05-01.35.42:826][  0]LogMeshMerging: No distributed automatic mesh merging module available
[2025.10.05-01.35.42:842][  0]LogNetVersion: CPlusTutorial 1.0.0, NetCL: 17155196, EngineNetVer: 17, GameNetVer: 0 (Checksum: 88783510)
[2025.10.05-01.35.43:247][  0]LogTexture: Default maximum texture size for cubemaps generated from long-lat sources has been changed from 512 to unlimited. In order to preserve old behaiour for '/Engine/MapTemplates/Sky/DaylightAmbientCubemap.DaylightAmbientCubemap', its maximum texture size has been explicitly set to 512.
[2025.10.05-01.35.43:314][  0]LogHMD: PokeAHoleMaterial loaded successfully
[2025.10.05-01.35.43:319][  0]LogUObjectArray: 17178 objects as part of root set at end of initial load.
[2025.10.05-01.35.43:319][  0]LogUObjectAllocator: 4302048 out of 0 bytes used by permanent object pool.
[2025.10.05-01.35.43:319][  0]LogUObjectArray: CloseDisregardForGC: 0/0 objects in disregard for GC pool
[2025.10.05-01.35.43:663][  0]LogNiagaraDebuggerClient: Niagara Debugger Client Initialized | Session: B3BE0DFD4446D67A35D65693667402A4 | Instance: ACAC36CE4D9612C0CCAF929427B4839F (MIU-24184).
[2025.10.05-01.35.43:802][  0]LogPython: Using Python 3.7.7
[2025.10.05-01.35.44:360][  0]LogTcpMessaging: Initializing TcpMessaging bridge
[2025.10.05-01.35.44:366][  0]LogUdpMessaging: Initializing bridge on interface 0.0.0.0:0 to multicast group 230.0.0.1:6666.
[2025.10.05-01.35.44:804][  0]SourceControl: 源码管理已禁用
[2025.10.05-01.35.44:804][  0]SourceControl: 源码管理已禁用
[2025.10.05-01.35.44:809][  0]SourceControl: 源码管理已禁用
[2025.10.05-01.35.44:813][  0]SourceControl: 源码管理已禁用
[2025.10.05-01.35.44:826][  0]SourceControl: 源码管理已禁用
[2025.10.05-01.35.44:835][  0]LogUProjectInfo: Found projects:
[2025.10.05-01.35.45:020][  0]LogOpenImageDenoise: OIDN starting up
[2025.10.05-01.35.45:067][  0]LogAndroidPermission: UAndroidPermissionCallbackProxy::GetInstance
[2025.10.05-01.35.45:089][  0]LogAudioCaptureCore: Display: No Audio Capture implementations found. Audio input will be silent.
[2025.10.05-01.35.45:089][  0]LogAudioCaptureCore: Display: No Audio Capture implementations found. Audio input will be silent.
[2025.10.05-01.35.45:228][  0]LogCollectionManager: Loaded 0 collections in 0.001570 seconds
[2025.10.05-01.35.45:258][  0]LogFileCache: Scanning file cache for directory 'D:/LearnData/UnrealProject/UnrealLearn/CPlusTutorial/Saved/Collections/' took 0.00s
[2025.10.05-01.35.45:258][  0]LogFileCache: Scanning file cache for directory 'D:/LearnData/UnrealProject/UnrealLearn/CPlusTutorial/Content/Developers/23932/Collections/' took 0.00s
[2025.10.05-01.35.45:258][  0]LogFileCache: Scanning file cache for directory 'D:/LearnData/UnrealProject/UnrealLearn/CPlusTutorial/Content/Collections/' took 0.00s
[2025.10.05-01.35.45:258][  0]LogOcInput: OculusInput pre-init called
[2025.10.05-01.35.45:538][  0]LogEngine: Initializing Engine...
[2025.10.05-01.35.45:541][  0]LogHMD: Failed to enumerate extensions. Please check that you have a valid OpenXR runtime installed.
[2025.10.05-01.35.45:541][  0]LogHMD: Failed to initialize OpenVR with code 110
[2025.10.05-01.35.45:541][  0]LogMagicLeap: Warning: VR disabled because ZI is not enabled.  To enable, in the editor, Edit -> Project Settings -> Plugins -> Magic Leap Plugin -> Enable Zero Iteration
[2025.10.05-01.35.45:542][  0]LogStats: UGameplayTagsManager::InitializeManager -  0.000 s
[2025.10.05-01.35.45:675][  0]LogInit: Initializing FReadOnlyCVARCache
[2025.10.05-01.35.45:683][  0]LogAIModule: Creating AISystem for world Untitled
[2025.10.05-01.35.45:684][  0]LogAudio: Display: Initializing Audio Device Manager...
[2025.10.05-01.35.45:688][  0]LogAudio: Display: Loading Default Audio Settings Objects...
[2025.10.05-01.35.45:689][  0]LogAudio: Display: No default SoundConcurrencyObject specified (or failed to load).
[2025.10.05-01.35.45:689][  0]LogAudio: Display: Audio Device Manager Initialized
[2025.10.05-01.35.45:689][  0]LogAudio: Display: Creating Audio Device:                 Id: 1, Scope: Shared, Realtime: True
[2025.10.05-01.35.45:689][  0]LogAudioMixer: Display: Audio Mixer Platform Settings:
[2025.10.05-01.35.45:689][  0]LogAudioMixer: Display: 	Sample Rate:						  48000
[2025.10.05-01.35.45:689][  0]LogAudioMixer: Display: 	Callback Buffer Frame Size Requested: 1024
[2025.10.05-01.35.45:689][  0]LogAudioMixer: Display: 	Callback Buffer Frame Size To Use:	  1024
[2025.10.05-01.35.45:689][  0]LogAudioMixer: Display: 	Number of buffers to queue:			  2
[2025.10.05-01.35.45:689][  0]LogAudioMixer: Display: 	Max Channels (voices):				  32
[2025.10.05-01.35.45:689][  0]LogAudioMixer: Display: 	Number of Async Source Workers:		  0
[2025.10.05-01.35.45:689][  0]LogAudio: Display: AudioDevice MaxSources: 32
[2025.10.05-01.35.45:691][  0]LogAudio: Display: Audio Spatialization Plugin: None (built-in).
[2025.10.05-01.35.45:691][  0]LogAudio: Display: Audio Reverb Plugin: None (built-in).
[2025.10.05-01.35.45:691][  0]LogAudio: Display: Audio Occlusion Plugin: None (built-in).
[2025.10.05-01.35.45:691][  0]LogAudioMixer: Display: Initializing audio mixer.
[2025.10.05-01.35.45:707][  0]LogAudioMixer: Display: 0: FrontLeft
[2025.10.05-01.35.45:707][  0]LogAudioMixer: Display: 1: FrontRight
[2025.10.05-01.35.45:739][  0]LogAudioMixer: Display: Using Audio Device 扬声器 (HECATE G1500 GAMING SPEAKERS)
[2025.10.05-01.35.45:743][  0]LogAudioMixer: Display: Initializing Sound Submixes...
[2025.10.05-01.35.45:745][  0]LogAudioMixer: Display: Creating Master Submix 'MasterSubmixDefault'
[2025.10.05-01.35.45:745][  0]LogAudioMixer: Display: Creating Master Submix 'MasterReverbSubmixDefault'
[2025.10.05-01.35.45:746][  0]LogAudioMixer: Display: Creating Master Submix 'MasterEQSubmixDefault'
[2025.10.05-01.35.45:746][  0]LogAudioMixer: FMixerPlatformXAudio2::StartAudioStream() called
[2025.10.05-01.35.45:746][  0]LogAudioMixer: Display: Output buffers initialized: Frames=1024, Channels=2, Samples=2048
[2025.10.05-01.35.45:747][  0]LogAudioMixer: Display: Starting AudioMixerPlatformInterface::RunInternal()
[2025.10.05-01.35.45:747][  0]LogAudioMixer: Display: FMixerPlatformXAudio2::SubmitBuffer() called for the first time
[2025.10.05-01.35.45:747][  0]LogInit: FAudioDevice initialized.
[2025.10.05-01.35.45:747][  0]LogAudio: Display: Audio Device (ID: 1) registered with world 'Untitled'.
[2025.10.05-01.35.45:747][  0]LogNetVersion: Set ProjectVersion to 1.0.0.0. Version Checksum will be recalculated on next use.
[2025.10.05-01.35.45:814][  0]LogDerivedDataCache: Saved boot cache 0.07s 99MB C:/Users/23932/AppData/Local/UnrealEngine/4.27/DerivedDataCache/Boot.ddc.
[2025.10.05-01.35.45:814][  0]LogInit: Texture streaming: Enabled
[2025.10.05-01.35.45:832][  0]LogAnalytics: Display: [UEEditor.Rocket.Release] APIServer = https://datarouter.ol.epicgames.com/. AppVersion = 4.27.2-18319896+++UE4+Release-4.27
[2025.10.05-01.35.45:839][  0]LogEngineSessionManager: EngineSessionManager initialized
[2025.10.05-01.35.45:839][  0]LogEditorSessionSummary: Verbose: Initializing EditorSessionSummaryWriter for editor session tracking
[2025.10.05-01.35.45:841][  0]LogEditorSessionSummary: EditorSessionSummaryWriter initialized
[2025.10.05-01.35.45:872][  0]LogInit: Transaction tracking system initialized
[2025.10.05-01.35.45:898][  0]BlueprintLog: New page: 编辑器加载
[2025.10.05-01.35.45:986][  0]LocalizationService: 本地化服务已禁用
[2025.10.05-01.35.46:019][  0]TimingProfiler: Initialize
[2025.10.05-01.35.46:019][  0]TimingProfiler: OnSessionChanged
[2025.10.05-01.35.46:019][  0]LoadingProfiler: Initialize
[2025.10.05-01.35.46:019][  0]LoadingProfiler: OnSessionChanged
[2025.10.05-01.35.46:019][  0]NetworkingProfiler: Initialize
[2025.10.05-01.35.46:019][  0]NetworkingProfiler: OnSessionChanged
[2025.10.05-01.35.46:019][  0]MemoryProfiler: Initialize
[2025.10.05-01.35.46:019][  0]MemoryProfiler: OnSessionChanged
[2025.10.05-01.35.46:196][  0]LogCook: Display: CookSettings for Memory: MemoryMaxUsedVirtual 0MiB, MemoryMaxUsedPhysical 16384MiB, MemoryMinFreeVirtual 0MiB, MemoryMinFreePhysical 1024MiB
[2025.10.05-01.35.46:196][  0]LogCook: Display: Mobile HDR setting 1
[2025.10.05-01.35.46:424][  0]LogFileCache: Scanning file cache for directory 'D:/LearnData/UnrealProject/UnrealLearn/CPlusTutorial/Content/' took 0.01s
[2025.10.05-01.35.46:627][  0]LogInit: Display: Engine is initialized. Leaving FEngineLoop::Init()
[2025.10.05-01.35.46:630][  0]SourceControl: 源码管理已禁用
[2025.10.05-01.35.46:630][  0]LogUnrealEdMisc: Loading editor; pre map load, took 8.440
[2025.10.05-01.35.46:631][  0]Cmd: MAP LOAD FILE="D:/LearnData/UnrealProject/UnrealLearn/CPlusTutorial/Content/FirstPersonCPP/Maps/FirstPersonExampleMap.umap" TEMPLATE=0 SHOWPROGRESS=1 FEATURELEVEL=3
[2025.10.05-01.35.46:631][  0]LightingResults: New page: 光照构建
[2025.10.05-01.35.46:633][  0]LogWorld: UWorld::CleanupWorld for Untitled, bSessionEnded=true, bCleanupResources=true
[2025.10.05-01.35.46:633][  0]LogSlate: InvalidateAllWidgets triggered.  All widgets were invalidated
[2025.10.05-01.35.46:633][  0]MapCheck: New page: 地图检测
[2025.10.05-01.35.46:633][  0]LightingResults: New page: 光照构建
[2025.10.05-01.35.46:637][  0]LogAudio: Display: Audio Device unregistered from world 'None'.
[2025.10.05-01.35.46:640][  0]LogUObjectHash: Compacting FUObjectHashTables data took   0.79ms
[2025.10.05-01.35.46:667][  0]LogLinker: Warning: [AssetLog] D:\LearnData\UnrealProject\UnrealLearn\CPlusTutorial\Content\FirstPersonCPP\Maps\FirstPersonExampleMap.umap: 未能加载“{FileName}”：无法找到文件。
[2025.10.05-01.35.46:667][  0]LogLinker: Warning: [AssetLog] D:\LearnData\UnrealProject\UnrealLearn\CPlusTutorial\Content\FirstPersonCPP\Maps\FirstPersonExampleMap.umap: 未能加载“{FileName}”：无法找到文件。
[2025.10.05-01.35.46:668][  0]LogLinker: Warning: [AssetLog] D:\LearnData\UnrealProject\UnrealLearn\CPlusTutorial\Content\FirstPersonCPP\Maps\FirstPersonExampleMap.umap: 未能加载“{FileName}”：无法找到文件。
[2025.10.05-01.35.46:676][  0]LogLinker: Warning: 未能加载“{FileName}”：无法找到文件。
[2025.10.05-01.35.46:676][  0]LogLinker: Warning: 未能加载“{FileName}”：无法找到文件。
[2025.10.05-01.35.46:678][  0]LogLinker: Warning: [AssetLog] D:\LearnData\UnrealProject\UnrealLearn\CPlusTutorial\Content\FirstPersonCPP\Maps\FirstPersonExampleMap.umap: 未能加载“{FileName}”：无法找到文件。
[2025.10.05-01.35.46:678][  0]LoadErrors: 加载失败 /Game/FirstPersonCPP/Maps/FirstPersonExampleMap_BuiltData.FirstPersonExampleMap_BuiltData 引用者 PersistentLevel
[2025.10.05-01.35.46:708][  0]LogAudio: Display: Audio Device (ID: 1) registered with world 'FirstPersonExampleMap'.
[2025.10.05-01.35.46:709][  0]LogAIModule: Creating AISystem for world FirstPersonExampleMap
[2025.10.05-01.35.46:715][  0]LogEditorServer: Finished looking for orphan Actors (0.000 secs)
[2025.10.05-01.35.46:723][  0]LogUObjectHash: Compacting FUObjectHashTables data took   1.00ms
[2025.10.05-01.35.46:723][  0]Cmd: MAP CHECKDEP NOCLEARLOG
[2025.10.05-01.35.46:723][  0]MapCheck: 地图检测完成：0个错误、0个警告、完成用时0.175毫秒。
[2025.10.05-01.35.46:723][  0]LogFileHelpers: Loading map 'FirstPersonExampleMap' took 0.092
[2025.10.05-01.35.46:727][  0]LogUnrealEdMisc: Total Editor Startup Time, took 8.535
[2025.10.05-01.35.46:863][  0]LogSlate: Updating window title bar state: overlay mode, drag disabled, window buttons hidden, title bar hidden
[2025.10.05-01.35.46:871][  0]LogSlate: Updating window title bar state: overlay mode, drag disabled, window buttons hidden, title bar hidden
[2025.10.05-01.35.46:878][  0]LogSlate: Updating window title bar state: overlay mode, drag disabled, window buttons hidden, title bar hidden
[2025.10.05-01.35.46:886][  0]LogSlate: Updating window title bar state: overlay mode, drag disabled, window buttons hidden, title bar hidden
[2025.10.05-01.35.46:907][  0]LogNativeClassHierarchy: Verbose: Native class hierarchy populated in 0.0137 seconds. Added 3828 classes and 930 folders.
[2025.10.05-01.35.46:909][  0]LogNativeClassHierarchy: Verbose: Native class hierarchy updated for 'WidgetCarousel' in 0.0002 seconds. Added 0 classes and 0 folders.
[2025.10.05-01.35.46:911][  0]LogPakFile: PakFile PrimaryIndexSize=187
[2025.10.05-01.35.46:911][  0]LogPakFile: PakFile PathHashIndexSize=101
[2025.10.05-01.35.46:911][  0]LogPakFile: PakFile FullDirectoryIndexSize=148
[2025.10.05-01.35.46:911][  0]LogShaderLibrary: Display: ShaderCodeLibraryPakFileMountedCallback: PakFile 'C:/Program Files/Epic Games/UE_4.27/FeaturePacks/FP_FirstPerson.upack' (chunk index -1, root 'root:/') mounted
[2025.10.05-01.35.46:911][  0]LogShaderLibrary: Display: ShaderCodeLibraryPakFileMountedCallback: pending pak file info (ChunkID:-1 Root:root:/ File:C:/Program Files/Epic Games/UE_4.27/FeaturePacks/FP_FirstPerson.upack)
[2025.10.05-01.35.46:911][  0]LogPakFile: OnPakFileMounted2Time == 0.000063
[2025.10.05-01.35.46:911][  0]LogPakFile: PakFile PrimaryIndexSize=189
[2025.10.05-01.35.46:911][  0]LogPakFile: PakFile PathHashIndexSize=101
[2025.10.05-01.35.46:911][  0]LogPakFile: PakFile FullDirectoryIndexSize=152
[2025.10.05-01.35.46:911][  0]LogShaderLibrary: Display: ShaderCodeLibraryPakFileMountedCallback: PakFile 'C:/Program Files/Epic Games/UE_4.27/FeaturePacks/FP_FirstPersonBP.upack' (chunk index -1, root 'root:/') mounted
[2025.10.05-01.35.46:911][  0]LogShaderLibrary: Display: ShaderCodeLibraryPakFileMountedCallback: pending pak file info (ChunkID:-1 Root:root:/ File:C:/Program Files/Epic Games/UE_4.27/FeaturePacks/FP_FirstPersonBP.upack)
[2025.10.05-01.35.46:911][  0]LogPakFile: OnPakFileMounted2Time == 0.000061
[2025.10.05-01.35.46:912][  0]LogPakFile: PakFile PrimaryIndexSize=191
[2025.10.05-01.35.46:912][  0]LogPakFile: PakFile PathHashIndexSize=101
[2025.10.05-01.35.46:912][  0]LogPakFile: PakFile FullDirectoryIndexSize=160
[2025.10.05-01.35.46:912][  0]LogShaderLibrary: Display: ShaderCodeLibraryPakFileMountedCallback: PakFile 'C:/Program Files/Epic Games/UE_4.27/FeaturePacks/MobileStarterContent.upack' (chunk index -1, root 'root:/') mounted
[2025.10.05-01.35.46:912][  0]LogShaderLibrary: Display: ShaderCodeLibraryPakFileMountedCallback: pending pak file info (ChunkID:-1 Root:root:/ File:C:/Program Files/Epic Games/UE_4.27/FeaturePacks/MobileStarterContent.upack)
[2025.10.05-01.35.46:912][  0]LogPakFile: OnPakFileMounted2Time == 0.000048
[2025.10.05-01.35.46:914][  0]LogPakFile: PakFile PrimaryIndexSize=185
[2025.10.05-01.35.46:914][  0]LogPakFile: PakFile PathHashIndexSize=101
[2025.10.05-01.35.46:914][  0]LogPakFile: PakFile FullDirectoryIndexSize=148
[2025.10.05-01.35.46:914][  0]LogShaderLibrary: Display: ShaderCodeLibraryPakFileMountedCallback: PakFile 'C:/Program Files/Epic Games/UE_4.27/FeaturePacks/StarterContent.upack' (chunk index -1, root 'root:/') mounted
[2025.10.05-01.35.46:914][  0]LogShaderLibrary: Display: ShaderCodeLibraryPakFileMountedCallback: pending pak file info (ChunkID:-1 Root:root:/ File:C:/Program Files/Epic Games/UE_4.27/FeaturePacks/StarterContent.upack)
[2025.10.05-01.35.46:914][  0]LogPakFile: OnPakFileMounted2Time == 0.000037
[2025.10.05-01.35.46:914][  0]LogPakFile: PakFile PrimaryIndexSize=190
[2025.10.05-01.35.46:914][  0]LogPakFile: PakFile PathHashIndexSize=101
[2025.10.05-01.35.46:914][  0]LogPakFile: PakFile FullDirectoryIndexSize=154
[2025.10.05-01.35.46:914][  0]LogShaderLibrary: Display: ShaderCodeLibraryPakFileMountedCallback: PakFile 'C:/Program Files/Epic Games/UE_4.27/FeaturePacks/TP_2DSideScroller.upack' (chunk index -1, root 'root:/') mounted
[2025.10.05-01.35.46:914][  0]LogShaderLibrary: Display: ShaderCodeLibraryPakFileMountedCallback: pending pak file info (ChunkID:-1 Root:root:/ File:C:/Program Files/Epic Games/UE_4.27/FeaturePacks/TP_2DSideScroller.upack)
[2025.10.05-01.35.46:914][  0]LogPakFile: OnPakFileMounted2Time == 0.000034
[2025.10.05-01.35.46:915][  0]LogPakFile: PakFile PrimaryIndexSize=192
[2025.10.05-01.35.46:915][  0]LogPakFile: PakFile PathHashIndexSize=101
[2025.10.05-01.35.46:915][  0]LogPakFile: PakFile FullDirectoryIndexSize=158
[2025.10.05-01.35.46:915][  0]LogShaderLibrary: Display: ShaderCodeLibraryPakFileMountedCallback: PakFile 'C:/Program Files/Epic Games/UE_4.27/FeaturePacks/TP_2DSideScrollerBP.upack' (chunk index -1, root 'root:/') mounted
[2025.10.05-01.35.46:915][  0]LogShaderLibrary: Display: ShaderCodeLibraryPakFileMountedCallback: pending pak file info (ChunkID:-1 Root:root:/ File:C:/Program Files/Epic Games/UE_4.27/FeaturePacks/TP_2DSideScrollerBP.upack)
[2025.10.05-01.35.46:915][  0]LogPakFile: OnPakFileMounted2Time == 0.000031
[2025.10.05-01.35.46:915][  0]LogPakFile: PakFile PrimaryIndexSize=182
[2025.10.05-01.35.46:915][  0]LogPakFile: PakFile PathHashIndexSize=101
[2025.10.05-01.35.46:915][  0]LogPakFile: PakFile FullDirectoryIndexSize=138
[2025.10.05-01.35.46:915][  0]LogShaderLibrary: Display: ShaderCodeLibraryPakFileMountedCallback: PakFile 'C:/Program Files/Epic Games/UE_4.27/FeaturePacks/TP_Flying.upack' (chunk index -1, root 'root:/') mounted
[2025.10.05-01.35.46:915][  0]LogShaderLibrary: Display: ShaderCodeLibraryPakFileMountedCallback: pending pak file info (ChunkID:-1 Root:root:/ File:C:/Program Files/Epic Games/UE_4.27/FeaturePacks/TP_Flying.upack)
[2025.10.05-01.35.46:915][  0]LogPakFile: OnPakFileMounted2Time == 0.000030
[2025.10.05-01.35.46:915][  0]LogPakFile: PakFile PrimaryIndexSize=184
[2025.10.05-01.35.46:916][  0]LogPakFile: PakFile PathHashIndexSize=101
[2025.10.05-01.35.46:916][  0]LogPakFile: PakFile FullDirectoryIndexSize=142
[2025.10.05-01.35.46:916][  0]LogShaderLibrary: Display: ShaderCodeLibraryPakFileMountedCallback: PakFile 'C:/Program Files/Epic Games/UE_4.27/FeaturePacks/TP_FlyingBP.upack' (chunk index -1, root 'root:/') mounted
[2025.10.05-01.35.46:916][  0]LogShaderLibrary: Display: ShaderCodeLibraryPakFileMountedCallback: pending pak file info (ChunkID:-1 Root:root:/ File:C:/Program Files/Epic Games/UE_4.27/FeaturePacks/TP_FlyingBP.upack)
[2025.10.05-01.35.46:916][  0]LogPakFile: OnPakFileMounted2Time == 0.000031
[2025.10.05-01.35.46:916][  0]LogPakFile: PakFile PrimaryIndexSize=188
[2025.10.05-01.35.46:916][  0]LogPakFile: PakFile PathHashIndexSize=101
[2025.10.05-01.35.46:916][  0]LogPakFile: PakFile FullDirectoryIndexSize=150
[2025.10.05-01.35.46:916][  0]LogShaderLibrary: Display: ShaderCodeLibraryPakFileMountedCallback: PakFile 'C:/Program Files/Epic Games/UE_4.27/FeaturePacks/TP_HandheldARBP.upack' (chunk index -1, root 'root:/') mounted
[2025.10.05-01.35.46:916][  0]LogShaderLibrary: Display: ShaderCodeLibraryPakFileMountedCallback: pending pak file info (ChunkID:-1 Root:root:/ File:C:/Program Files/Epic Games/UE_4.27/FeaturePacks/TP_HandheldARBP.upack)
[2025.10.05-01.35.46:916][  0]LogPakFile: OnPakFileMounted2Time == 0.000031
[2025.10.05-01.35.46:917][  0]LogPakFile: PakFile PrimaryIndexSize=182
[2025.10.05-01.35.46:917][  0]LogPakFile: PakFile PathHashIndexSize=101
[2025.10.05-01.35.46:917][  0]LogPakFile: PakFile FullDirectoryIndexSize=138
[2025.10.05-01.35.46:917][  0]LogShaderLibrary: Display: ShaderCodeLibraryPakFileMountedCallback: PakFile 'C:/Program Files/Epic Games/UE_4.27/FeaturePacks/TP_Puzzle.upack' (chunk index -1, root 'root:/') mounted
[2025.10.05-01.35.46:917][  0]LogShaderLibrary: Display: ShaderCodeLibraryPakFileMountedCallback: pending pak file info (ChunkID:-1 Root:root:/ File:C:/Program Files/Epic Games/UE_4.27/FeaturePacks/TP_Puzzle.upack)
[2025.10.05-01.35.46:917][  0]LogPakFile: OnPakFileMounted2Time == 0.000047
[2025.10.05-01.35.46:917][  0]LogPakFile: PakFile PrimaryIndexSize=184
[2025.10.05-01.35.46:917][  0]LogPakFile: PakFile PathHashIndexSize=101
[2025.10.05-01.35.46:917][  0]LogPakFile: PakFile FullDirectoryIndexSize=142
[2025.10.05-01.35.46:917][  0]LogShaderLibrary: Display: ShaderCodeLibraryPakFileMountedCallback: PakFile 'C:/Program Files/Epic Games/UE_4.27/FeaturePacks/TP_PuzzleBP.upack' (chunk index -1, root 'root:/') mounted
[2025.10.05-01.35.46:917][  0]LogShaderLibrary: Display: ShaderCodeLibraryPakFileMountedCallback: pending pak file info (ChunkID:-1 Root:root:/ File:C:/Program Files/Epic Games/UE_4.27/FeaturePacks/TP_PuzzleBP.upack)
[2025.10.05-01.35.46:917][  0]LogPakFile: OnPakFileMounted2Time == 0.000043
[2025.10.05-01.35.46:918][  0]LogPakFile: PakFile PrimaryIndexSize=183
[2025.10.05-01.35.46:918][  0]LogPakFile: PakFile PathHashIndexSize=101
[2025.10.05-01.35.46:918][  0]LogPakFile: PakFile FullDirectoryIndexSize=140
[2025.10.05-01.35.46:918][  0]LogShaderLibrary: Display: ShaderCodeLibraryPakFileMountedCallback: PakFile 'C:/Program Files/Epic Games/UE_4.27/FeaturePacks/TP_Rolling.upack' (chunk index -1, root 'root:/') mounted
[2025.10.05-01.35.46:918][  0]LogShaderLibrary: Display: ShaderCodeLibraryPakFileMountedCallback: pending pak file info (ChunkID:-1 Root:root:/ File:C:/Program Files/Epic Games/UE_4.27/FeaturePacks/TP_Rolling.upack)
[2025.10.05-01.35.46:918][  0]LogPakFile: OnPakFileMounted2Time == 0.000035
[2025.10.05-01.35.46:918][  0]LogPakFile: PakFile PrimaryIndexSize=185
[2025.10.05-01.35.46:918][  0]LogPakFile: PakFile PathHashIndexSize=101
[2025.10.05-01.35.46:918][  0]LogPakFile: PakFile FullDirectoryIndexSize=144
[2025.10.05-01.35.46:918][  0]LogShaderLibrary: Display: ShaderCodeLibraryPakFileMountedCallback: PakFile 'C:/Program Files/Epic Games/UE_4.27/FeaturePacks/TP_RollingBP.upack' (chunk index -1, root 'root:/') mounted
[2025.10.05-01.35.46:918][  0]LogShaderLibrary: Display: ShaderCodeLibraryPakFileMountedCallback: pending pak file info (ChunkID:-1 Root:root:/ File:C:/Program Files/Epic Games/UE_4.27/FeaturePacks/TP_RollingBP.upack)
[2025.10.05-01.35.46:918][  0]LogPakFile: OnPakFileMounted2Time == 0.000034
[2025.10.05-01.35.46:918][  0]LogPakFile: PakFile PrimaryIndexSize=188
[2025.10.05-01.35.46:918][  0]LogPakFile: PakFile PathHashIndexSize=101
[2025.10.05-01.35.46:919][  0]LogPakFile: PakFile FullDirectoryIndexSize=150
[2025.10.05-01.35.46:919][  0]LogShaderLibrary: Display: ShaderCodeLibraryPakFileMountedCallback: PakFile 'C:/Program Files/Epic Games/UE_4.27/FeaturePacks/TP_SideScroller.upack' (chunk index -1, root 'root:/') mounted
[2025.10.05-01.35.46:919][  0]LogShaderLibrary: Display: ShaderCodeLibraryPakFileMountedCallback: pending pak file info (ChunkID:-1 Root:root:/ File:C:/Program Files/Epic Games/UE_4.27/FeaturePacks/TP_SideScroller.upack)
[2025.10.05-01.35.46:919][  0]LogPakFile: OnPakFileMounted2Time == 0.000044
[2025.10.05-01.35.46:919][  0]LogPakFile: PakFile PrimaryIndexSize=190
[2025.10.05-01.35.46:919][  0]LogPakFile: PakFile PathHashIndexSize=101
[2025.10.05-01.35.46:919][  0]LogPakFile: PakFile FullDirectoryIndexSize=154
[2025.10.05-01.35.46:919][  0]LogShaderLibrary: Display: ShaderCodeLibraryPakFileMountedCallback: PakFile 'C:/Program Files/Epic Games/UE_4.27/FeaturePacks/TP_SideScrollerBP.upack' (chunk index -1, root 'root:/') mounted
[2025.10.05-01.35.46:919][  0]LogShaderLibrary: Display: ShaderCodeLibraryPakFileMountedCallback: pending pak file info (ChunkID:-1 Root:root:/ File:C:/Program Files/Epic Games/UE_4.27/FeaturePacks/TP_SideScrollerBP.upack)
[2025.10.05-01.35.46:919][  0]LogPakFile: OnPakFileMounted2Time == 0.000050
[2025.10.05-01.35.46:920][  0]LogPakFile: PakFile PrimaryIndexSize=187
[2025.10.05-01.35.46:920][  0]LogPakFile: PakFile PathHashIndexSize=101
[2025.10.05-01.35.46:920][  0]LogPakFile: PakFile FullDirectoryIndexSize=148
[2025.10.05-01.35.46:920][  0]LogShaderLibrary: Display: ShaderCodeLibraryPakFileMountedCallback: PakFile 'C:/Program Files/Epic Games/UE_4.27/FeaturePacks/TP_ThirdPerson.upack' (chunk index -1, root 'root:/') mounted
[2025.10.05-01.35.46:920][  0]LogShaderLibrary: Display: ShaderCodeLibraryPakFileMountedCallback: pending pak file info (ChunkID:-1 Root:root:/ File:C:/Program Files/Epic Games/UE_4.27/FeaturePacks/TP_ThirdPerson.upack)
[2025.10.05-01.35.46:920][  0]LogPakFile: OnPakFileMounted2Time == 0.000040
[2025.10.05-01.35.46:920][  0]LogPakFile: PakFile PrimaryIndexSize=189
[2025.10.05-01.35.46:920][  0]LogPakFile: PakFile PathHashIndexSize=101
[2025.10.05-01.35.46:920][  0]LogPakFile: PakFile FullDirectoryIndexSize=152
[2025.10.05-01.35.46:920][  0]LogShaderLibrary: Display: ShaderCodeLibraryPakFileMountedCallback: PakFile 'C:/Program Files/Epic Games/UE_4.27/FeaturePacks/TP_ThirdPersonBP.upack' (chunk index -1, root 'root:/') mounted
[2025.10.05-01.35.46:920][  0]LogShaderLibrary: Display: ShaderCodeLibraryPakFileMountedCallback: pending pak file info (ChunkID:-1 Root:root:/ File:C:/Program Files/Epic Games/UE_4.27/FeaturePacks/TP_ThirdPersonBP.upack)
[2025.10.05-01.35.46:920][  0]LogPakFile: OnPakFileMounted2Time == 0.000043
[2025.10.05-01.35.46:922][  0]LogPakFile: PakFile PrimaryIndexSize=183
[2025.10.05-01.35.46:922][  0]LogPakFile: PakFile PathHashIndexSize=101
[2025.10.05-01.35.46:922][  0]LogPakFile: PakFile FullDirectoryIndexSize=140
[2025.10.05-01.35.46:922][  0]LogShaderLibrary: Display: ShaderCodeLibraryPakFileMountedCallback: PakFile 'C:/Program Files/Epic Games/UE_4.27/FeaturePacks/TP_TopDown.upack' (chunk index -1, root 'root:/') mounted
[2025.10.05-01.35.46:922][  0]LogShaderLibrary: Display: ShaderCodeLibraryPakFileMountedCallback: pending pak file info (ChunkID:-1 Root:root:/ File:C:/Program Files/Epic Games/UE_4.27/FeaturePacks/TP_TopDown.upack)
[2025.10.05-01.35.46:922][  0]LogPakFile: OnPakFileMounted2Time == 0.000056
[2025.10.05-01.35.46:923][  0]LogPakFile: PakFile PrimaryIndexSize=185
[2025.10.05-01.35.46:923][  0]LogPakFile: PakFile PathHashIndexSize=101
[2025.10.05-01.35.46:923][  0]LogPakFile: PakFile FullDirectoryIndexSize=144
[2025.10.05-01.35.46:923][  0]LogShaderLibrary: Display: ShaderCodeLibraryPakFileMountedCallback: PakFile 'C:/Program Files/Epic Games/UE_4.27/FeaturePacks/TP_TopDownBP.upack' (chunk index -1, root 'root:/') mounted
[2025.10.05-01.35.46:923][  0]LogShaderLibrary: Display: ShaderCodeLibraryPakFileMountedCallback: pending pak file info (ChunkID:-1 Root:root:/ File:C:/Program Files/Epic Games/UE_4.27/FeaturePacks/TP_TopDownBP.upack)
[2025.10.05-01.35.46:923][  0]LogPakFile: OnPakFileMounted2Time == 0.000061
[2025.10.05-01.35.46:923][  0]LogPakFile: PakFile PrimaryIndexSize=185
[2025.10.05-01.35.46:923][  0]LogPakFile: PakFile PathHashIndexSize=101
[2025.10.05-01.35.46:923][  0]LogPakFile: PakFile FullDirectoryIndexSize=144
[2025.10.05-01.35.46:923][  0]LogShaderLibrary: Display: ShaderCodeLibraryPakFileMountedCallback: PakFile 'C:/Program Files/Epic Games/UE_4.27/FeaturePacks/TP_TwinStick.upack' (chunk index -1, root 'root:/') mounted
[2025.10.05-01.35.46:923][  0]LogShaderLibrary: Display: ShaderCodeLibraryPakFileMountedCallback: pending pak file info (ChunkID:-1 Root:root:/ File:C:/Program Files/Epic Games/UE_4.27/FeaturePacks/TP_TwinStick.upack)
[2025.10.05-01.35.46:923][  0]LogPakFile: OnPakFileMounted2Time == 0.000051
[2025.10.05-01.35.46:925][  0]LogPakFile: PakFile PrimaryIndexSize=187
[2025.10.05-01.35.46:925][  0]LogPakFile: PakFile PathHashIndexSize=101
[2025.10.05-01.35.46:925][  0]LogPakFile: PakFile FullDirectoryIndexSize=148
[2025.10.05-01.35.46:925][  0]LogShaderLibrary: Display: ShaderCodeLibraryPakFileMountedCallback: PakFile 'C:/Program Files/Epic Games/UE_4.27/FeaturePacks/TP_TwinStickBP.upack' (chunk index -1, root 'root:/') mounted
[2025.10.05-01.35.46:925][  0]LogShaderLibrary: Display: ShaderCodeLibraryPakFileMountedCallback: pending pak file info (ChunkID:-1 Root:root:/ File:C:/Program Files/Epic Games/UE_4.27/FeaturePacks/TP_TwinStickBP.upack)
[2025.10.05-01.35.46:925][  0]LogPakFile: OnPakFileMounted2Time == 0.000052
[2025.10.05-01.35.46:926][  0]LogPakFile: PakFile PrimaryIndexSize=183
[2025.10.05-01.35.46:926][  0]LogPakFile: PakFile PathHashIndexSize=101
[2025.10.05-01.35.46:926][  0]LogPakFile: PakFile FullDirectoryIndexSize=140
[2025.10.05-01.35.46:926][  0]LogShaderLibrary: Display: ShaderCodeLibraryPakFileMountedCallback: PakFile 'C:/Program Files/Epic Games/UE_4.27/FeaturePacks/TP_Vehicle.upack' (chunk index -1, root 'root:/') mounted
[2025.10.05-01.35.46:926][  0]LogShaderLibrary: Display: ShaderCodeLibraryPakFileMountedCallback: pending pak file info (ChunkID:-1 Root:root:/ File:C:/Program Files/Epic Games/UE_4.27/FeaturePacks/TP_Vehicle.upack)
[2025.10.05-01.35.46:926][  0]LogPakFile: OnPakFileMounted2Time == 0.000051
[2025.10.05-01.35.46:926][  0]LogPakFile: PakFile PrimaryIndexSize=186
[2025.10.05-01.35.46:926][  0]LogPakFile: PakFile PathHashIndexSize=101
[2025.10.05-01.35.46:926][  0]LogPakFile: PakFile FullDirectoryIndexSize=146
[2025.10.05-01.35.46:926][  0]LogShaderLibrary: Display: ShaderCodeLibraryPakFileMountedCallback: PakFile 'C:/Program Files/Epic Games/UE_4.27/FeaturePacks/TP_VehicleAdv.upack' (chunk index -1, root 'root:/') mounted
[2025.10.05-01.35.46:926][  0]LogShaderLibrary: Display: ShaderCodeLibraryPakFileMountedCallback: pending pak file info (ChunkID:-1 Root:root:/ File:C:/Program Files/Epic Games/UE_4.27/FeaturePacks/TP_VehicleAdv.upack)
[2025.10.05-01.35.46:926][  0]LogPakFile: OnPakFileMounted2Time == 0.000048
[2025.10.05-01.35.46:927][  0]LogPakFile: PakFile PrimaryIndexSize=188
[2025.10.05-01.35.46:927][  0]LogPakFile: PakFile PathHashIndexSize=101
[2025.10.05-01.35.46:927][  0]LogPakFile: PakFile FullDirectoryIndexSize=150
[2025.10.05-01.35.46:927][  0]LogShaderLibrary: Display: ShaderCodeLibraryPakFileMountedCallback: PakFile 'C:/Program Files/Epic Games/UE_4.27/FeaturePacks/TP_VehicleAdvBP.upack' (chunk index -1, root 'root:/') mounted
[2025.10.05-01.35.46:927][  0]LogShaderLibrary: Display: ShaderCodeLibraryPakFileMountedCallback: pending pak file info (ChunkID:-1 Root:root:/ File:C:/Program Files/Epic Games/UE_4.27/FeaturePacks/TP_VehicleAdvBP.upack)
[2025.10.05-01.35.46:927][  0]LogPakFile: OnPakFileMounted2Time == 0.000051
[2025.10.05-01.35.46:928][  0]LogPakFile: PakFile PrimaryIndexSize=185
[2025.10.05-01.35.46:928][  0]LogPakFile: PakFile PathHashIndexSize=101
[2025.10.05-01.35.46:928][  0]LogPakFile: PakFile FullDirectoryIndexSize=144
[2025.10.05-01.35.46:928][  0]LogShaderLibrary: Display: ShaderCodeLibraryPakFileMountedCallback: PakFile 'C:/Program Files/Epic Games/UE_4.27/FeaturePacks/TP_VehicleBP.upack' (chunk index -1, root 'root:/') mounted
[2025.10.05-01.35.46:928][  0]LogShaderLibrary: Display: ShaderCodeLibraryPakFileMountedCallback: pending pak file info (ChunkID:-1 Root:root:/ File:C:/Program Files/Epic Games/UE_4.27/FeaturePacks/TP_VehicleBP.upack)
[2025.10.05-01.35.46:928][  0]LogPakFile: OnPakFileMounted2Time == 0.000040
[2025.10.05-01.35.46:929][  0]LogPakFile: PakFile PrimaryIndexSize=192
[2025.10.05-01.35.46:929][  0]LogPakFile: PakFile PathHashIndexSize=101
[2025.10.05-01.35.46:929][  0]LogPakFile: PakFile FullDirectoryIndexSize=158
[2025.10.05-01.35.46:929][  0]LogShaderLibrary: Display: ShaderCodeLibraryPakFileMountedCallback: PakFile 'C:/Program Files/Epic Games/UE_4.27/FeaturePacks/TP_VirtualRealityBP.upack' (chunk index -1, root 'root:/') mounted
[2025.10.05-01.35.46:929][  0]LogShaderLibrary: Display: ShaderCodeLibraryPakFileMountedCallback: pending pak file info (ChunkID:-1 Root:root:/ File:C:/Program Files/Epic Games/UE_4.27/FeaturePacks/TP_VirtualRealityBP.upack)
[2025.10.05-01.35.46:929][  0]LogPakFile: OnPakFileMounted2Time == 0.000041
[2025.10.05-01.35.47:015][  0]LogNativeClassHierarchy: Verbose: Native class hierarchy updated for 'AddContentDialog' in 0.0002 seconds. Added 0 classes and 0 folders.
[2025.10.05-01.35.47:018][  0]LogNativeClassHierarchy: Verbose: Native class hierarchy updated for 'SceneOutliner' in 0.0003 seconds. Added 2 classes and 0 folders.
[2025.10.05-01.35.47:073][  0]LogSlate: Took 0.000200 seconds to synchronously load lazily loaded font '../../../Engine/Content/Slate/Fonts/Roboto-Regular.ttf' (155K)
[2025.10.05-01.35.47:074][  0]LogSlate: Took 0.000145 seconds to synchronously load lazily loaded font '../../../Engine/Content/Editor/Slate/Fonts/FontAwesome.ttf' (139K)
[2025.10.05-01.35.47:076][  0]LogSlate: Took 0.001015 seconds to synchronously load lazily loaded font '../../../Engine/Content/Slate/Fonts/DroidSansFallback.ttf' (3848K)
[2025.10.05-01.35.47:076][  0]LogSlate: Took 0.000146 seconds to synchronously load lazily loaded font '../../../Engine/Content/Slate/Fonts/Roboto-Bold.ttf' (160K)
[2025.10.05-01.35.47:164][  0]LogRenderer: Reallocating scene render targets to support 1288x616 Format 10 NumSamples 1 (Frame:1).
[2025.10.05-01.35.47:211][  0]LogSlate: Took 0.000166 seconds to synchronously load lazily loaded font '../../../Engine/Content/Slate/Fonts/DroidSansMono.ttf' (77K)
[2025.10.05-01.35.47:253][  0]LogNativeClassHierarchy: Verbose: Native class hierarchy updated for 'HierarchicalLODOutliner' in 0.0003 seconds. Added 0 classes and 0 folders.
[2025.10.05-01.35.47:253][  0]LogLoad: (Engine Initialization) Total time: 9.06 seconds
[2025.10.05-01.35.47:253][  0]LogLoad: (Engine Initialization) Total Blueprint compile time: 0.00 seconds
[2025.10.05-01.35.47:304][  0]LogAssetRegistry: Asset discovery search completed in 4.8510 seconds
[2025.10.05-01.35.47:311][  0]LogCollectionManager: Fixed up redirectors for 0 collections in 0.000004 seconds (updated 0 objects)
[2025.10.05-01.35.47:311][  0]LogContentStreaming: Texture pool size now 1000 MB
[2025.10.05-01.40.10:149][223]LogSlate: Window '消息日志' being destroyed
[2025.10.05-01.40.10:157][223]LogSlate: Window '消息日志' being destroyed
[2025.10.05-01.45.11:686][711]LogWindowsTextInputMethodSystem: Display: IME system deactivated.
[2025.10.05-01.45.11:687][711]LogWindowsTextInputMethodSystem: Display: IME system deactivated.
[2025.10.05-01.47.29:490][ 93]LogAudioMixer: Display: Audio Buffer Underrun (starvation) detected.
[2025.10.05-01.47.39:265][264]LogTemp: Repeating last play command: 选中的视口
[2025.10.05-01.47.39:274][264]LogPlayLevel: PlayLevel: No blueprints needed recompiling
[2025.10.05-01.47.39:276][264]PIE: New page: PIE会话：FirstPersonExampleMap（2025年10月5日 下午7:47:39）
[2025.10.05-01.47.39:277][264]LogOnline: OSS: Creating online subsystem instance for: NULL
[2025.10.05-01.47.39:280][264]LogOnline: OSS: TryLoadSubsystemAndSetDefault: Loaded subsystem for module [NULL]
[2025.10.05-01.47.39:281][264]LogPlayLevel: Creating play world package: /Game/FirstPersonCPP/Maps/UEDPIE_0_FirstPersonExampleMap
[2025.10.05-01.47.39:301][264]LogPlayLevel: PIE: StaticDuplicateObject took: (0.020211s)
[2025.10.05-01.47.39:303][264]LogAIModule: Creating AISystem for world FirstPersonExampleMap
[2025.10.05-01.47.39:304][264]LogPlayLevel: PIE: World Init took: (0.003062s)
[2025.10.05-01.47.39:305][264]LogPlayLevel: PIE: Created PIE world by copying editor world from /Game/FirstPersonCPP/Maps/FirstPersonExampleMap.FirstPersonExampleMap to /Game/FirstPersonCPP/Maps/UEDPIE_0_FirstPersonExampleMap.FirstPersonExampleMap (0.024042s)
[2025.10.05-01.47.39:313][264]LogUObjectHash: Compacting FUObjectHashTables data took   0.82ms
[2025.10.05-01.47.39:316][264]LogAudio: Display: Creating Audio Device:                 Id: 2, Scope: Unique, Realtime: True
[2025.10.05-01.47.39:316][264]LogAudioMixer: Display: Audio Mixer Platform Settings:
[2025.10.05-01.47.39:316][264]LogAudioMixer: Display: 	Sample Rate:						  48000
[2025.10.05-01.47.39:316][264]LogAudioMixer: Display: 	Callback Buffer Frame Size Requested: 1024
[2025.10.05-01.47.39:316][264]LogAudioMixer: Display: 	Callback Buffer Frame Size To Use:	  1024
[2025.10.05-01.47.39:316][264]LogAudioMixer: Display: 	Number of buffers to queue:			  2
[2025.10.05-01.47.39:316][264]LogAudioMixer: Display: 	Max Channels (voices):				  32
[2025.10.05-01.47.39:316][264]LogAudioMixer: Display: 	Number of Async Source Workers:		  0
[2025.10.05-01.47.39:316][264]LogAudio: Display: AudioDevice MaxSources: 32
[2025.10.05-01.47.39:316][264]LogAudio: Display: Audio Spatialization Plugin: None (built-in).
[2025.10.05-01.47.39:316][264]LogAudio: Display: Audio Reverb Plugin: None (built-in).
[2025.10.05-01.47.39:316][264]LogAudio: Display: Audio Occlusion Plugin: None (built-in).
[2025.10.05-01.47.39:316][264]LogAudioMixer: Display: Initializing audio mixer.
[2025.10.05-01.47.39:324][264]LogAudioMixer: Display: 0: FrontLeft
[2025.10.05-01.47.39:324][264]LogAudioMixer: Display: 1: FrontRight
[2025.10.05-01.47.39:339][264]LogAudioMixer: Display: Using Audio Device 扬声器 (HECATE G1500 GAMING SPEAKERS)
[2025.10.05-01.47.39:340][264]LogAudioMixer: Display: Initializing Sound Submixes...
[2025.10.05-01.47.39:340][264]LogAudioMixer: Display: Creating Master Submix 'MasterSubmixDefault'
[2025.10.05-01.47.39:340][264]LogAudioMixer: Display: Creating Master Submix 'MasterReverbSubmixDefault'
[2025.10.05-01.47.39:341][264]LogAudioMixer: Display: Creating Master Submix 'MasterEQSubmixDefault'
[2025.10.05-01.47.39:341][264]LogAudioMixer: FMixerPlatformXAudio2::StartAudioStream() called
[2025.10.05-01.47.39:341][264]LogAudioMixer: Display: Output buffers initialized: Frames=1024, Channels=2, Samples=2048
[2025.10.05-01.47.39:342][264]LogAudioMixer: Display: Starting AudioMixerPlatformInterface::RunInternal()
[2025.10.05-01.47.39:342][264]LogAudioMixer: Display: FMixerPlatformXAudio2::SubmitBuffer() called for the first time
[2025.10.05-01.47.39:342][264]LogInit: FAudioDevice initialized.
[2025.10.05-01.47.39:342][264]LogAudio: Display: Audio Device (ID: 2) registered with world 'FirstPersonExampleMap'.
[2025.10.05-01.47.39:356][264]LogLoad: Game class is 'CPlusTutorialGameMode'
[2025.10.05-01.47.39:363][264]LogWorld: Bringing World /Game/FirstPersonCPP/Maps/UEDPIE_0_FirstPersonExampleMap.FirstPersonExampleMap up for play (max tick rate 0) at 2025.10.05-10.47.39
[2025.10.05-01.47.39:366][264]LogWorld: Bringing up level for play took: 0.004207
[2025.10.05-01.47.39:366][264]LogOnline: OSS: Creating online subsystem instance for: :Context_1
[2025.10.05-01.47.39:380][264]LogNativeClassHierarchy: Verbose: Native class hierarchy updated for 'MovieSceneCapture' in 0.0003 seconds. Added 20 classes and 0 folders.
[2025.10.05-01.47.39:382][264]PIE: 登陆的服务器
[2025.10.05-01.47.39:384][264]PIE: PIE总开始时间：0.113秒。
[2025.10.05-01.47.56:817][324]LogSlate: Updating window title bar state: overlay mode, drag disabled, window buttons hidden, title bar hidden
[2025.10.05-01.47.56:817][324]LogWorld: BeginTearingDown for /Game/FirstPersonCPP/Maps/UEDPIE_0_FirstPersonExampleMap
[2025.10.05-01.47.56:818][324]LogWorld: UWorld::CleanupWorld for FirstPersonExampleMap, bSessionEnded=true, bCleanupResources=true
[2025.10.05-01.47.56:818][324]LogSlate: InvalidateAllWidgets triggered.  All widgets were invalidated
[2025.10.05-01.47.56:834][324]LogPlayLevel: Display: Shutting down PIE online subsystems
[2025.10.05-01.47.56:835][324]LogSlate: InvalidateAllWidgets triggered.  All widgets were invalidated
[2025.10.05-01.47.56:843][324]LogAudio: Display: Audio Device unregistered from world 'None'.
[2025.10.05-01.47.56:844][324]LogAudioMixer: FMixerPlatformXAudio2::StopAudioStream() called
[2025.10.05-01.47.56:845][324]LogAudioMixer: FMixerPlatformXAudio2::StopAudioStream() called
[2025.10.05-01.47.56:847][324]LogSlate: Updating window title bar state: overlay mode, drag disabled, window buttons hidden, title bar hidden
[2025.10.05-01.47.56:850][324]LogUObjectHash: Compacting FUObjectHashTables data took   0.68ms
[2025.10.05-01.47.56:892][326]LogPlayLevel: Display: Destroying online subsystem :Context_1
[2025.10.05-01.49.47:524][345]LogSlate: Took 0.000178 seconds to synchronously load lazily loaded font '../../../Engine/Content/Slate/Fonts/Roboto-Light.ttf' (167K)
[2025.10.05-01.49.47:542][345]LogAssetEditorSubsystem: Opening Asset editor for Blueprint /Game/FirstPersonCPP/Blueprints/FirstPersonCharacter.FirstPersonCharacter
[2025.10.05-01.49.47:660][345]LogNativeClassHierarchy: Verbose: Native class hierarchy updated for 'BlueprintGraph' in 0.0005 seconds. Added 126 classes and 0 folders.
[2025.10.05-01.49.49:541][417]LogSlate: Window 'FirstPersonCharacter' being destroyed
[2025.10.05-01.49.49:583][417]LogWorld: UWorld::CleanupWorld for World_2, bSessionEnded=true, bCleanupResources=true
[2025.10.05-01.49.49:584][417]LogSlate: InvalidateAllWidgets triggered.  All widgets were invalidated
[2025.10.05-01.49.49:633][417]LogAssetEditorSubsystem: Opening Asset editor for Blueprint /Game/FirstPersonCPP/Blueprints/FirstPersonCharacter.FirstPersonCharacter
[2025.10.05-01.49.50:038][417]LogSlate: Took 0.001101 seconds to synchronously load lazily loaded font '../../../Engine/Content/Slate/Fonts/Roboto-BoldCondensed.ttf' (158K)
[2025.10.05-01.49.51:076][526]LogSlate: Took 0.014701 seconds to synchronously load lazily loaded font '../../../Engine/Content/Slate/Fonts/Roboto-Italic.ttf' (157K)
[2025.10.05-01.50.01:751][659]LogSlate: Window 'FirstPersonCharacter' being destroyed
[2025.10.05-01.50.01:758][659]LogSlate: Window 'FirstPersonCharacter' being destroyed
[2025.10.05-01.50.01:762][659]LogWorld: UWorld::CleanupWorld for World_4, bSessionEnded=true, bCleanupResources=true
[2025.10.05-01.50.01:762][659]LogSlate: InvalidateAllWidgets triggered.  All widgets were invalidated
[2025.10.05-01.59.08:087][507]LogUObjectHash: Compacting FUObjectHashTables data took   3.15ms
[2025.10.05-01.59.08:105][507]LogSlate: Window 'CPlusTutorial - 虚幻编辑器' being destroyed
[2025.10.05-01.59.08:202][508]Cmd: QUIT_EDITOR
[2025.10.05-01.59.08:202][508]LogCore: Engine exit requested (reason: UUnrealEdEngine::CloseEditor())
[2025.10.05-01.59.08:206][508]LogCore: Engine exit requested (reason: EngineExit() was called; note: exit was already requested)
[2025.10.05-01.59.08:792][508]LogAudio: Display: Beginning Audio Device Manager Shutdown (Module: AudioMixerXAudio2)...
[2025.10.05-01.59.08:792][508]LogAudio: Display: Destroying 1 Remaining Audio Device(s)...
[2025.10.05-01.59.08:792][508]LogAudio: Display: Audio Device unregistered from world 'FirstPersonExampleMap'.
[2025.10.05-01.59.08:792][508]LogAudioMixer: FMixerPlatformXAudio2::StopAudioStream() called
[2025.10.05-01.59.08:793][508]LogAudioMixer: FMixerPlatformXAudio2::StopAudioStream() called
[2025.10.05-01.59.08:796][508]LogAudio: Display: Audio Device Manager Shutdown
[2025.10.05-01.59.08:799][508]LogExit: Preparing to exit.
[2025.10.05-01.59.09:189][508]LogUObjectHash: Compacting FUObjectHashTables data took   1.82ms
[2025.10.05-01.59.09:321][508]LogWorld: UWorld::CleanupWorld for World_0, bSessionEnded=true, bCleanupResources=true
[2025.10.05-01.59.09:322][508]LogWorld: UWorld::CleanupWorld for World_1, bSessionEnded=true, bCleanupResources=true
[2025.10.05-01.59.09:324][508]LogWorld: UWorld::CleanupWorld for World_3, bSessionEnded=true, bCleanupResources=true
[2025.10.05-01.59.09:325][508]LogWorld: UWorld::CleanupWorld for World_6, bSessionEnded=true, bCleanupResources=true
[2025.10.05-01.59.09:326][508]LogWorld: UWorld::CleanupWorld for World_5, bSessionEnded=true, bCleanupResources=true
[2025.10.05-01.59.09:376][508]LogDemo: Cleaned up 0 splitscreen connections with owner deletion
[2025.10.05-01.59.09:386][508]LogWorld: UWorld::CleanupWorld for None, bSessionEnded=true, bCleanupResources=true
[2025.10.05-01.59.09:386][508]LogExit: Editor shut down
[2025.10.05-01.59.09:387][508]LogExit: Transaction tracking system shut down
[2025.10.05-01.59.09:698][508]LogExit: Object subsystem successfully closed.
[2025.10.05-01.59.09:754][508]LogShaderCompilers: Display: === FShaderJobCache stats ===
[2025.10.05-01.59.09:754][508]LogShaderCompilers: Display: Total job queries 0, among them cache hits 0 (0.00%)
[2025.10.05-01.59.09:754][508]LogShaderCompilers: Display: Tracking 0 distinct input hashes that result in 0 distinct outputs (0.00%)
[2025.10.05-01.59.09:754][508]LogShaderCompilers: Display: RAM used: 0.00 MB (0.00 GB) of 1638.40 MB (1.60 GB) budget. Usage: 0.00%
[2025.10.05-01.59.09:754][508]LogShaderCompilers: Display: ================================================
[2025.10.05-01.59.09:764][508]LogShaderCompilers: Display: Shaders left to compile 0
[2025.10.05-01.59.09:828][508]LogModuleManager: Shutting down and abandoning module BlueprintGraph (878)
[2025.10.05-01.59.09:828][508]LogModuleManager: Shutting down and abandoning module MovieSceneCapture (876)
[2025.10.05-01.59.09:828][508]LogModuleManager: Shutting down and abandoning module Voice (874)
[2025.10.05-01.59.09:829][508]LogModuleManager: Shutting down and abandoning module HierarchicalLODOutliner (872)
[2025.10.05-01.59.09:829][508]LogModuleManager: Shutting down and abandoning module SceneOutliner (870)
[2025.10.05-01.59.09:829][508]LogModuleManager: Shutting down and abandoning module AddContentDialog (868)
[2025.10.05-01.59.09:829][508]LogModuleManager: Shutting down and abandoning module WidgetCarousel (867)
[2025.10.05-01.59.09:829][508]LogModuleManager: Shutting down and abandoning module EditorWidgets (864)
[2025.10.05-01.59.09:829][508]LogModuleManager: Shutting down and abandoning module StatsViewer (862)
[2025.10.05-01.59.09:829][508]LogModuleManager: Shutting down and abandoning module PIEPreviewDeviceProfileSelector (860)
[2025.10.05-01.59.09:829][508]LogModuleManager: Shutting down and abandoning module SequenceRecorderSections (858)
[2025.10.05-01.59.09:829][508]LogModuleManager: Shutting down and abandoning module AutomationWorker (856)
[2025.10.05-01.59.09:829][508]LogModuleManager: Shutting down and abandoning module SteamVREditor (854)
[2025.10.05-01.59.09:829][508]LogModuleManager: Shutting down and abandoning module OculusMR (852)
[2025.10.05-01.59.09:829][508]LogModuleManager: Shutting down and abandoning module TakeRecorderSources (850)
[2025.10.05-01.59.09:830][508]LogModuleManager: Shutting down and abandoning module TakeRecorder (849)
[2025.10.05-01.59.09:830][508]LogModuleManager: Shutting down and abandoning module TakeTrackRecorders (846)
[2025.10.05-01.59.09:830][508]LogModuleManager: Shutting down and abandoning module TakesCore (844)
[2025.10.05-01.59.09:830][508]LogModuleManager: Shutting down and abandoning module OpenXRInput (842)
[2025.10.05-01.59.09:830][508]LogModuleManager: Shutting down and abandoning module GooglePADEditor (840)
[2025.10.05-01.59.09:830][508]LogModuleManager: Shutting down and abandoning module AudioCaptureEditor (838)
[2025.10.05-01.59.09:830][508]LogModuleManager: Shutting down and abandoning module TemplateSequenceEditor (836)
[2025.10.05-01.59.09:830][508]LogModuleManager: Shutting down and abandoning module MatineeToLevelSequence (834)
[2025.10.05-01.59.09:830][508]LogModuleManager: Shutting down and abandoning module LevelSequenceEditor (832)
[2025.10.05-01.59.09:830][508]LogModuleManager: Shutting down and abandoning module WmfMediaFactory (830)
[2025.10.05-01.59.09:830][508]LogModuleManager: Shutting down and abandoning module WmfMediaEditor (828)
[2025.10.05-01.59.09:830][508]LogModuleManager: Shutting down and abandoning module ActorSequenceEditor (826)
[2025.10.05-01.59.09:830][508]LogModuleManager: Shutting down and abandoning module WebMMediaFactory (824)
[2025.10.05-01.59.09:830][508]LogModuleManager: Shutting down and abandoning module WebMMediaEditor (822)
[2025.10.05-01.59.09:830][508]LogModuleManager: Shutting down and abandoning module WebMMedia (820)
[2025.10.05-01.59.09:830][508]LogModuleManager: Shutting down and abandoning module MediaCompositingEditor (818)
[2025.10.05-01.59.09:830][508]LogModuleManager: Shutting down and abandoning module SequenceRecorder (817)
[2025.10.05-01.59.09:830][508]LogModuleManager: Shutting down and abandoning module MediaPlayerEditor (814)
[2025.10.05-01.59.09:830][508]LogModuleManager: Shutting down and abandoning module OpenExrWrapper (812)
[2025.10.05-01.59.09:830][508]LogModuleManager: Shutting down and abandoning module ImgMediaFactory (810)
[2025.10.05-01.59.09:830][508]LogModuleManager: Shutting down and abandoning module ImgMediaEditor (808)
[2025.10.05-01.59.09:830][508]LogModuleManager: Shutting down and abandoning module AvfMediaFactory (806)
[2025.10.05-01.59.09:830][508]LogModuleManager: Shutting down and abandoning module AvfMediaEditor (804)
[2025.10.05-01.59.09:830][508]LogModuleManager: Shutting down and abandoning module AndroidMediaFactory (802)
[2025.10.05-01.59.09:830][508]LogModuleManager: Shutting down and abandoning module AndroidMediaEditor (800)
[2025.10.05-01.59.09:830][508]LogModuleManager: Shutting down and abandoning module PlanarCut (798)
[2025.10.05-01.59.09:830][508]LogModuleManager: Shutting down and abandoning module MagicLeapMediaCodecFactory (796)
[2025.10.05-01.59.09:830][508]LogModuleManager: Shutting down and abandoning module MagicLeapMediaFactory (794)
[2025.10.05-01.59.09:830][508]LogModuleManager: Shutting down and abandoning module MagicLeapMediaEditor (792)
[2025.10.05-01.59.09:830][508]LogModuleManager: Shutting down and abandoning module CharacterAI (790)
[2025.10.05-01.59.09:830][508]LogModuleManager: Shutting down and abandoning module TextureAlignMode (788)
[2025.10.05-01.59.09:830][508]LogModuleManager: Shutting down and abandoning module BspMode (786)
[2025.10.05-01.59.09:830][508]LogModuleManager: Shutting down and abandoning module GeometryMode (784)
[2025.10.05-01.59.09:830][508]LogModuleManager: Shutting down and abandoning module CameraShakePreviewer (782)
[2025.10.05-01.59.09:830][508]LogModuleManager: Shutting down and abandoning module SmartSnapping (780)
[2025.10.05-01.59.09:830][508]LogModuleManager: Shutting down and abandoning module SessionServices (778)
[2025.10.05-01.59.09:830][508]LogModuleManager: Shutting down and abandoning module MeshPaint (776)
[2025.10.05-01.59.09:830][508]LogModuleManager: Shutting down and abandoning module VirtualTexturingEditor (774)
[2025.10.05-01.59.09:831][508]LogModuleManager: Shutting down and abandoning module FoliageEdit (772)
[2025.10.05-01.59.09:831][508]LogModuleManager: Shutting down and abandoning module LandscapeEditor (770)
[2025.10.05-01.59.09:831][508]LogModuleManager: Shutting down and abandoning module MeshPaintMode (768)
[2025.10.05-01.59.09:831][508]LogModuleManager: Shutting down and abandoning module SceneDepthPickerMode (766)
[2025.10.05-01.59.09:831][508]LogModuleManager: Shutting down and abandoning module ActorPickerMode (764)
[2025.10.05-01.59.09:831][508]LogModuleManager: Shutting down and abandoning module PlacementMode (762)
[2025.10.05-01.59.09:831][508]LogModuleManager: Shutting down and abandoning module ViewportSnapping (760)
[2025.10.05-01.59.09:831][508]LogModuleManager: Shutting down and abandoning module ViewportInteraction (758)
[2025.10.05-01.59.09:831][508]LogModuleManager: Shutting down and abandoning module ClothPainter (756)
[2025.10.05-01.59.09:831][508]LogModuleManager: Shutting down and abandoning module SkeletalMeshEditor (755)
[2025.10.05-01.59.09:831][508]LogModuleManager: Shutting down and abandoning module LogVisualizer (752)
[2025.10.05-01.59.09:831][508]LogModuleManager: Shutting down and abandoning module IntroTutorials (750)
[2025.10.05-01.59.09:831][508]LogModuleManager: Shutting down and abandoning module GameProjectGeneration (749)
[2025.10.05-01.59.09:831][508]LogModuleManager: Shutting down and abandoning module LuminPlatformEditor (746)
[2025.10.05-01.59.09:831][508]LogModuleManager: Shutting down and abandoning module IOSPlatformEditor (744)
[2025.10.05-01.59.09:831][508]LogModuleManager: Shutting down and abandoning module AndroidPlatformEditor (742)
[2025.10.05-01.59.09:831][508]LogModuleManager: Shutting down and abandoning module AndroidDeviceDetection (741)
[2025.10.05-01.59.10:191][508]LogModuleManager: Shutting down and abandoning module WindowsPlatformEditor (738)
[2025.10.05-01.59.10:191][508]LogModuleManager: Shutting down and abandoning module LuminRuntimeSettings (736)
[2025.10.05-01.59.10:191][508]LogModuleManager: Shutting down and abandoning module IOSRuntimeSettings (734)
[2025.10.05-01.59.10:191][508]LogModuleManager: Shutting down and abandoning module AndroidRuntimeSettings (732)
[2025.10.05-01.59.10:191][508]LogModuleManager: Shutting down and abandoning module TraceInsights (730)
[2025.10.05-01.59.10:191][508]MemoryProfiler: Shutdown
[2025.10.05-01.59.10:191][508]NetworkingProfiler: Shutdown
[2025.10.05-01.59.10:191][508]LoadingProfiler: Shutdown
[2025.10.05-01.59.10:191][508]TimingProfiler: Shutdown
[2025.10.05-01.59.10:192][508]LogModuleManager: Shutting down and abandoning module TraceServices (729)
[2025.10.05-01.59.10:192][508]LogModuleManager: Shutting down and abandoning module EditorInteractiveToolsFramework (726)
[2025.10.05-01.59.10:192][508]LogModuleManager: Shutting down and abandoning module TimeManagementEditor (724)
[2025.10.05-01.59.10:192][508]LogModuleManager: Shutting down and abandoning module InputBindingEditor (722)
[2025.10.05-01.59.10:192][508]LogModuleManager: Shutting down and abandoning module MergeActors (720)
[2025.10.05-01.59.10:192][508]LogModuleManager: Shutting down and abandoning module LocalizationDashboard (718)
[2025.10.05-01.59.10:192][508]LogModuleManager: Shutting down and abandoning module LocalizationService (717)
[2025.10.05-01.59.10:192][508]LogModuleManager: Shutting down and abandoning module HardwareTargeting (714)
[2025.10.05-01.59.10:192][508]LogModuleManager: Shutting down and abandoning module DeviceProfileEditor (712)
[2025.10.05-01.59.10:192][508]LogModuleManager: Shutting down and abandoning module UndoHistory (710)
[2025.10.05-01.59.10:192][508]LogModuleManager: Shutting down and abandoning module XmlParser (708)
[2025.10.05-01.59.10:192][508]LogModuleManager: Shutting down and abandoning module Blutility (706)
[2025.10.05-01.59.10:192][508]LogModuleManager: Shutting down and abandoning module ProjectSettingsViewer (704)
[2025.10.05-01.59.10:192][508]LogModuleManager: Shutting down and abandoning module ProjectTargetPlatformEditor (703)
[2025.10.05-01.59.10:192][508]LogModuleManager: Shutting down and abandoning module EditorSettingsViewer (700)
[2025.10.05-01.59.10:192][508]LogModuleManager: Shutting down and abandoning module InternationalizationSettings (699)
[2025.10.05-01.59.10:192][508]LogModuleManager: Shutting down and abandoning module SettingsEditor (696)
[2025.10.05-01.59.10:193][508]LogModuleManager: Shutting down and abandoning module ProjectLauncher (694)
[2025.10.05-01.59.10:193][508]LogModuleManager: Shutting down and abandoning module SessionFrontend (692)
[2025.10.05-01.59.10:193][508]LogModuleManager: Shutting down and abandoning module ProfilerClient (690)
[2025.10.05-01.59.10:193][508]LogModuleManager: Shutting down and abandoning module DeviceManager (688)
[2025.10.05-01.59.10:193][508]LogModuleManager: Shutting down and abandoning module TargetDeviceServices (687)
[2025.10.05-01.59.10:227][508]LogModuleManager: Shutting down and abandoning module AutomationController (684)
[2025.10.05-01.59.10:227][508]LogModuleManager: Shutting down and abandoning module AutomationWindow (682)
[2025.10.05-01.59.10:227][508]LogModuleManager: Shutting down and abandoning module Layers (680)
[2025.10.05-01.59.10:227][508]LogModuleManager: Shutting down and abandoning module ComponentVisualizers (678)
[2025.10.05-01.59.10:227][508]LogModuleManager: Shutting down and abandoning module DetailCustomizations (676)
[2025.10.05-01.59.10:227][508]LogModuleManager: Shutting down and abandoning module PackagesDialog (674)
[2025.10.05-01.59.10:227][508]LogModuleManager: Shutting down and abandoning module AnimationBlueprintEditor (672)
[2025.10.05-01.59.10:227][508]LogModuleManager: Shutting down and abandoning module Persona (670)
[2025.10.05-01.59.10:227][508]LogModuleManager: Shutting down and abandoning module AdvancedPreviewScene (669)
[2025.10.05-01.59.10:227][508]LogModuleManager: Shutting down and abandoning module Kismet (666)
[2025.10.05-01.59.10:238][508]LogModuleManager: Shutting down and abandoning module KismetWidgets (665)
[2025.10.05-01.59.10:238][508]LogModuleManager: Shutting down and abandoning module GraphEditor (662)
[2025.10.05-01.59.10:238][508]LogModuleManager: Shutting down and abandoning module StructViewer (660)
[2025.10.05-01.59.10:238][508]LogModuleManager: Shutting down and abandoning module ClassViewer (658)
[2025.10.05-01.59.10:238][508]LogModuleManager: Shutting down and abandoning module Toolbox (656)
[2025.10.05-01.59.10:238][508]LogModuleManager: Shutting down and abandoning module ModuleUI (654)
[2025.10.05-01.59.10:238][508]LogModuleManager: Shutting down and abandoning module OutputLog (652)
[2025.10.05-01.59.10:238][508]LogModuleManager: Shutting down and abandoning module GammaUI (650)
[2025.10.05-01.59.10:238][508]LogModuleManager: Shutting down and abandoning module Documentation (648)
[2025.10.05-01.59.10:238][508]LogModuleManager: Shutting down and abandoning module LiveCoding (646)
[2025.10.05-01.59.10:239][508]LogModuleManager: Shutting down and abandoning module LevelSequence (644)
[2025.10.05-01.59.10:239][508]LogModuleManager: Shutting down and abandoning module MovieSceneTracks (642)
[2025.10.05-01.59.10:239][508]LogModuleManager: Shutting down and abandoning module MovieScene (640)
[2025.10.05-01.59.10:239][508]LogModuleManager: Shutting down and abandoning module StreamingPauseRendering (638)
[2025.10.05-01.59.10:239][508]LogModuleManager: Shutting down and abandoning module LauncherPlatform (636)
[2025.10.05-01.59.10:239][508]LogModuleManager: Shutting down and abandoning module AnalyticsET (634)
[2025.10.05-01.59.10:239][508]LogModuleManager: Shutting down and abandoning module PortalServices (632)
[2025.10.05-01.59.10:239][508]LogModuleManager: Shutting down and abandoning module PortalRpc (630)
[2025.10.05-01.59.10:239][508]LogModuleManager: Shutting down and abandoning module MessagingRpc (628)
[2025.10.05-01.59.10:239][508]LogModuleManager: Shutting down and abandoning module AudioMixerXAudio2 (626)
[2025.10.05-01.59.10:239][508]LogModuleManager: Shutting down and abandoning module AudioMixerCore (625)
[2025.10.05-01.59.10:239][508]LogModuleManager: Shutting down and abandoning module AIModule (622)
[2025.10.05-01.59.10:239][508]LogModuleManager: Shutting down and abandoning module GameplayDebugger (621)
[2025.10.05-01.59.10:239][508]LogModuleManager: Shutting down and abandoning module AITestSuite (619)
[2025.10.05-01.59.10:239][508]LogModuleManager: Shutting down and abandoning module NavigationSystem (617)
[2025.10.05-01.59.10:239][508]LogModuleManager: Shutting down and abandoning module ImageWriteQueue (614)
[2025.10.05-01.59.10:248][508]LogModuleManager: Shutting down and abandoning module ProfilerService (612)
[2025.10.05-01.59.10:288][508]LogModuleManager: Shutting down and abandoning module TaskGraph (610)
[2025.10.05-01.59.10:288][508]LogModuleManager: Shutting down and abandoning module AudioSynesthesiaEditor (608)
[2025.10.05-01.59.10:288][508]LogModuleManager: Shutting down and abandoning module OculusEditor (606)
[2025.10.05-01.59.10:289][508]LogModuleManager: Shutting down and abandoning module OculusInput (604)
[2025.10.05-01.59.10:289][508]LogModuleManager: Shutting down and abandoning module ContentBrowserFileDataSource (602)
[2025.10.05-01.59.10:289][508]LogModuleManager: Shutting down and abandoning module ContentBrowserClassDataSource (600)
[2025.10.05-01.59.10:289][508]LogModuleManager: Shutting down and abandoning module ContentBrowserAssetDataSource (598)
[2025.10.05-01.59.10:289][508]LogModuleManager: Shutting down and abandoning module CollectionManager (597)
[2025.10.05-01.59.10:290][508]LogModuleManager: Shutting down and abandoning module TakeSequencer (594)
[2025.10.05-01.59.10:290][508]LogModuleManager: Shutting down and abandoning module TakeMovieScene (592)
[2025.10.05-01.59.10:290][508]LogModuleManager: Shutting down and abandoning module ScreenshotTools (590)
[2025.10.05-01.59.10:290][508]LogModuleManager: Shutting down and abandoning module SynthesisEditor (588)
[2025.10.05-01.59.10:290][508]LogModuleManager: Shutting down and abandoning module Synthesis (586)
[2025.10.05-01.59.10:290][508]LogModuleManager: Shutting down and abandoning module ProceduralMeshComponentEditor (584)
[2025.10.05-01.59.10:290][508]LogModuleManager: Shutting down and abandoning module ProceduralMeshComponent (582)
[2025.10.05-01.59.10:290][508]LogModuleManager: Shutting down and abandoning module OpenXREditor (580)
[2025.10.05-01.59.10:290][508]LogModuleManager: Shutting down and abandoning module MobilePatchingUtils (578)
[2025.10.05-01.59.10:290][508]LogModuleManager: Shutting down and abandoning module GooglePAD (576)
[2025.10.05-01.59.10:290][508]LogModuleManager: Shutting down and abandoning module EditableMesh (574)
[2025.10.05-01.59.10:290][508]LogModuleManager: Shutting down and abandoning module CableComponent (572)
[2025.10.05-01.59.10:291][508]LogModuleManager: Shutting down and abandoning module CustomMeshComponent (570)
[2025.10.05-01.59.10:291][508]LogModuleManager: Shutting down and abandoning module AssetTags (568)
[2025.10.05-01.59.10:291][508]LogModuleManager: Shutting down and abandoning module AudioCapture (566)
[2025.10.05-01.59.10:291][508]LogModuleManager: Shutting down and abandoning module AudioCaptureRtAudio (565)
[2025.10.05-01.59.10:291][508]LogModuleManager: Shutting down and abandoning module ArchVisCharacter (562)
[2025.10.05-01.59.10:291][508]LogModuleManager: Shutting down and abandoning module AppleImageUtilsBlueprintSupport (560)
[2025.10.05-01.59.10:291][508]LogModuleManager: Shutting down and abandoning module AppleImageUtils (558)
[2025.10.05-01.59.10:291][508]LogModuleManager: Shutting down and abandoning module AndroidPermission (556)
[2025.10.05-01.59.10:291][508]LogModuleManager: Shutting down and abandoning module ActorLayerUtilitiesEditor (554)
[2025.10.05-01.59.10:291][508]LogModuleManager: Shutting down and abandoning module ActorLayerUtilities (552)
[2025.10.05-01.59.10:291][508]LogModuleManager: Shutting down and abandoning module TemplateSequence (550)
[2025.10.05-01.59.10:291][508]LogModuleManager: Shutting down and abandoning module MediaCompositing (548)
[2025.10.05-01.59.10:291][508]LogModuleManager: Shutting down and abandoning module ImgMedia (546)
[2025.10.05-01.59.10:291][508]LogModuleManager: Shutting down and abandoning module MotoSynthEditor (544)
[2025.10.05-01.59.10:291][508]LogModuleManager: Shutting down and abandoning module MotoSynth (542)
[2025.10.05-01.59.10:291][508]LogModuleManager: Shutting down and abandoning module OpenImageDenoise (540)
[2025.10.05-01.59.10:291][508]LogOpenImageDenoise: OIDN shutting down
[2025.10.05-01.59.10:291][508]LogModuleManager: Shutting down and abandoning module MeshConversion (538)
[2025.10.05-01.59.10:291][508]LogModuleManager: Shutting down and abandoning module DynamicMesh (536)
[2025.10.05-01.59.10:291][508]LogModuleManager: Shutting down and abandoning module GeometryAlgorithms (534)
[2025.10.05-01.59.10:291][508]LogModuleManager: Shutting down and abandoning module GeometricObjects (532)
[2025.10.05-01.59.10:291][508]LogModuleManager: Shutting down and abandoning module MagicLeapSharedWorld (530)
[2025.10.05-01.59.10:291][508]LogModuleManager: Shutting down and abandoning module MagicLeapLightEstimation (528)
[2025.10.05-01.59.10:291][508]LogModuleManager: Shutting down and abandoning module MagicLeapHelperVulkan (526)
[2025.10.05-01.59.10:291][508]LogModuleManager: Shutting down and abandoning module MagicLeapHelperOpenGL (524)
[2025.10.05-01.59.10:291][508]LogModuleManager: Shutting down and abandoning module MagicLeapAudio (522)
[2025.10.05-01.59.10:291][508]LogModuleManager: Shutting down and abandoning module GeometryCollectionTracks (520)
[2025.10.05-01.59.10:291][508]LogModuleManager: Shutting down and abandoning module GeometryCollectionSequencer (519)
[2025.10.05-01.59.10:291][508]LogModuleManager: Shutting down and abandoning module GeometryCollectionEditor (516)
[2025.10.05-01.59.10:291][508]LogModuleManager: Shutting down and abandoning module GeometryCacheTracks (514)
[2025.10.05-01.59.10:291][508]LogModuleManager: Shutting down and abandoning module GeometryCacheStreamer (512)
[2025.10.05-01.59.10:291][508]LogModuleManager: Shutting down and abandoning module GeometryCacheSequencer (510)
[2025.10.05-01.59.10:291][508]LogModuleManager: Shutting down and abandoning module ChaosSolverEditor (508)
[2025.10.05-01.59.10:291][508]LogModuleManager: Shutting down and abandoning module ChaosNiagara (506)
[2025.10.05-01.59.10:291][508]LogModuleManager: Shutting down and abandoning module FractureEditor (504)
[2025.10.05-01.59.10:291][508]LogModuleManager: Shutting down and abandoning module FieldSystemEngine (503)
[2025.10.05-01.59.10:291][508]LogModuleManager: Shutting down and abandoning module ChaosClothEditor (500)
[2025.10.05-01.59.10:291][508]LogModuleManager: Shutting down and abandoning module BackChannel (498)
[2025.10.05-01.59.10:291][508]LogModuleManager: Shutting down and abandoning module AutomationUtilsEditor (496)
[2025.10.05-01.59.10:291][508]LogModuleManager: Shutting down and abandoning module AutomationUtils (494)
[2025.10.05-01.59.10:291][508]LogModuleManager: Shutting down and abandoning module AlembicImporter (492)
[2025.10.05-01.59.10:291][508]LogModuleManager: Shutting down and abandoning module AlembicLibrary (491)
[2025.10.05-01.59.10:292][508]LogModuleManager: Shutting down and abandoning module GeometryCache (490)
[2025.10.05-01.59.10:292][508]LogModuleManager: Shutting down and abandoning module GeometryCacheEd (489)
[2025.10.05-01.59.10:292][508]LogModuleManager: Shutting down and abandoning module VisualStudioCodeSourceCodeAccess (484)
[2025.10.05-01.59.10:292][508]LogModuleManager: Shutting down and abandoning module NiagaraEditorWidgets (482)
[2025.10.05-01.59.10:292][508]LogModuleManager: Shutting down and abandoning module VisualStudioSourceCodeAccess (480)
[2025.10.05-01.59.10:292][508]LogModuleManager: Shutting down and abandoning module UObjectPlugin (478)
[2025.10.05-01.59.10:292][508]LogModuleManager: Shutting down and abandoning module SubversionSourceControl (476)
[2025.10.05-01.59.10:292][508]LogModuleManager: Shutting down and abandoning module RiderSourceCodeAccess (474)
[2025.10.05-01.59.10:292][508]LogModuleManager: Shutting down and abandoning module PluginUtils (472)
[2025.10.05-01.59.10:292][508]LogModuleManager: Shutting down and abandoning module PlasticSourceControl (470)
[2025.10.05-01.59.10:292][508]LogModuleManager: Shutting down and abandoning module PerforceSourceControl (468)
[2025.10.05-01.59.10:292][508]LogModuleManager: Shutting down and abandoning module GitSourceControl (466)
[2025.10.05-01.59.10:292][508]LogModuleManager: Shutting down and abandoning module SourceControl (465)
[2025.10.05-01.59.10:292][508]LogModuleManager: Shutting down and abandoning module AnimationSharingEd (462)
[2025.10.05-01.59.10:292][508]LogModuleManager: Shutting down and abandoning module CLionSourceCodeAccess (460)
[2025.10.05-01.59.10:292][508]LogModuleManager: Shutting down and abandoning module VariantManagerContentEditor (458)
[2025.10.05-01.59.10:292][508]LogModuleManager: Shutting down and abandoning module DatasmithContentEditor (456)
[2025.10.05-01.59.10:292][508]LogModuleManager: Shutting down and abandoning module SpeedTreeImporter (454)
[2025.10.05-01.59.10:292][508]LogModuleManager: Shutting down and abandoning module MobileLauncherProfileWizard (452)
[2025.10.05-01.59.10:292][508]LogModuleManager: Shutting down and abandoning module PluginBrowser (450)
[2025.10.05-01.59.10:292][508]LogModuleManager: Shutting down and abandoning module CryptoKeysOpenSSL (448)
[2025.10.05-01.59.10:292][508]LogModuleManager: Shutting down and abandoning module CryptoKeys (446)
[2025.10.05-01.59.10:292][508]LogModuleManager: Shutting down and abandoning module MaterialAnalyzer (444)
[2025.10.05-01.59.10:292][508]LogModuleManager: Shutting down and abandoning module CurveEditorTools (442)
[2025.10.05-01.59.10:292][508]LogModuleManager: Shutting down and abandoning module OodleNetworkHandlerComponent (440)
[2025.10.05-01.59.10:292][508]LogModuleManager: Shutting down and abandoning module LightPropagationVolumeEditor (438)
[2025.10.05-01.59.10:292][508]LogModuleManager: Shutting down and abandoning module LiveLinkSequencer (436)
[2025.10.05-01.59.10:292][508]LogModuleManager: Shutting down and abandoning module LiveLinkMovieScene (434)
[2025.10.05-01.59.10:292][508]LogModuleManager: Shutting down and abandoning module LiveLinkGraphNode (432)
[2025.10.05-01.59.10:292][508]LogModuleManager: Shutting down and abandoning module LiveLinkEditor (430)
[2025.10.05-01.59.10:292][508]LogModuleManager: Shutting down and abandoning module LiveLinkComponents (428)
[2025.10.05-01.59.10:293][508]LogModuleManager: Shutting down and abandoning module LiveLink (426)
[2025.10.05-01.59.10:905][508]LogModuleManager: Shutting down and abandoning module PaperTiledImporter (424)
[2025.10.05-01.59.10:905][508]LogModuleManager: Shutting down and abandoning module PaperSpriteSheetImporter (422)
[2025.10.05-01.59.10:905][508]LogModuleManager: Shutting down and abandoning module Paper2DEditor (420)
[2025.10.05-01.59.10:905][508]LogModuleManager: Shutting down and abandoning module MeshPaintingToolset (418)
[2025.10.05-01.59.10:905][508]LogModuleManager: Shutting down and abandoning module MeshPaintEditorMode (416)
[2025.10.05-01.59.10:905][508]LogModuleManager: Shutting down and abandoning module CPlusTutorial (414)
[2025.10.05-01.59.10:905][508]LogModuleManager: Shutting down and abandoning module AnimGraph (413)
[2025.10.05-01.59.10:905][508]LogModuleManager: Shutting down and abandoning module SoundFields (410)
[2025.10.05-01.59.10:905][508]LogModuleManager: Shutting down and abandoning module SignificanceManager (408)
[2025.10.05-01.59.10:905][508]LogModuleManager: Shutting down and abandoning module RuntimePhysXCooking (406)
[2025.10.05-01.59.10:905][508]LogModuleManager: Shutting down and abandoning module PropertyAccessEditor (404)
[2025.10.05-01.59.10:905][508]LogModuleManager: Shutting down and abandoning module PhysXVehiclesEditor (402)
[2025.10.05-01.59.10:905][508]LogModuleManager: Shutting down and abandoning module LocationServicesBPLibrary (398)
[2025.10.05-01.59.10:905][508]LogModuleManager: Shutting down and abandoning module AudioSynesthesia (396)
[2025.10.05-01.59.10:905][508]LogModuleManager: Shutting down and abandoning module AudioSynesthesiaCore (394)
[2025.10.05-01.59.10:905][508]LogModuleManager: Shutting down and abandoning module ActorSequence (392)
[2025.10.05-01.59.10:905][508]LogModuleManager: Shutting down and abandoning module UdpMessaging (390)
[2025.10.05-01.59.11:006][508]LogModuleManager: Shutting down and abandoning module TcpMessaging (388)
[2025.10.05-01.59.11:107][508]LogModuleManager: Shutting down and abandoning module ImgMediaEngine (386)
[2025.10.05-01.59.11:107][508]LogModuleManager: Shutting down and abandoning module PythonScriptPlugin (384)
[2025.10.05-01.59.11:107][508]LogModuleManager: Shutting down and abandoning module MagicLeapARPin (382)
[2025.10.05-01.59.11:107][508]LogModuleManager: Shutting down and abandoning module MagicLeapHandMeshing (380)
[2025.10.05-01.59.11:107][508]LogModuleManager: Shutting down and abandoning module MagicLeapSecureStorage (378)
[2025.10.05-01.59.11:107][508]LogModuleManager: Shutting down and abandoning module MagicLeapPrivileges (376)
[2025.10.05-01.59.11:107][508]LogModuleManager: Shutting down and abandoning module MagicLeapPlanes (374)
[2025.10.05-01.59.11:107][508]LogMagicLeapPlanes: Planes tracker already destroyed.
[2025.10.05-01.59.11:107][508]LogModuleManager: Shutting down and abandoning module MagicLeapImageTracker (372)
[2025.10.05-01.59.11:107][508]LogModuleManager: Shutting down and abandoning module MagicLeapIdentity (370)
[2025.10.05-01.59.11:107][508]LogModuleManager: Shutting down and abandoning module MagicLeapHandTracking (368)
[2025.10.05-01.59.11:107][508]LogModuleManager: Shutting down and abandoning module MagicLeapEyeTracker (366)
[2025.10.05-01.59.11:107][508]LogModuleManager: Shutting down and abandoning module MagicLeapController (364)
[2025.10.05-01.59.11:107][508]LogModuleManager: Shutting down and abandoning module MagicLeapARPinImpl (362)
[2025.10.05-01.59.11:107][508]LogModuleManager: Shutting down and abandoning module MagicLeapAR (360)
[2025.10.05-01.59.11:107][508]LogModuleManager: Shutting down and abandoning module NiagaraAnimNotifies (358)
[2025.10.05-01.59.11:107][508]LogModuleManager: Shutting down and abandoning module Niagara (356)
[2025.10.05-01.59.11:107][508]LogModuleManager: Shutting down and abandoning module SignalProcessing (355)
[2025.10.05-01.59.11:107][508]LogModuleManager: Shutting down and abandoning module NiagaraEditor (353)
[2025.10.05-01.59.11:107][508]LogModuleManager: Shutting down and abandoning module NiagaraCore (350)
[2025.10.05-01.59.11:107][508]LogModuleManager: Shutting down and abandoning module PropertyAccessNode (348)
[2025.10.05-01.59.11:107][508]LogModuleManager: Shutting down and abandoning module AnimationSharing (346)
[2025.10.05-01.59.11:107][508]LogModuleManager: Shutting down and abandoning module GameplayTagsEditor (344)
[2025.10.05-01.59.11:107][508]LogModuleManager: Shutting down and abandoning module FacialAnimationEditor (342)
[2025.10.05-01.59.11:107][508]LogModuleManager: Shutting down and abandoning module FacialAnimation (340)
[2025.10.05-01.59.11:107][508]LogModuleManager: Shutting down and abandoning module DataValidation (338)
[2025.10.05-01.59.11:108][508]LogModuleManager: Shutting down and abandoning module GameplayCameras (336)
[2025.10.05-01.59.11:108][508]LogModuleManager: Shutting down and abandoning module AssetManagerEditor (334)
[2025.10.05-01.59.11:108][508]LogModuleManager: Shutting down and abandoning module LevelEditor (333)
[2025.10.05-01.59.11:109][508]LogModuleManager: Shutting down and abandoning module PixelInspectorModule (332)
[2025.10.05-01.59.11:109][508]LogModuleManager: Shutting down and abandoning module CommonMenuExtensions (330)
[2025.10.05-01.59.11:109][508]LogModuleManager: Shutting down and abandoning module MainFrame (328)
[2025.10.05-01.59.11:109][508]LogModuleManager: Shutting down and abandoning module HotReload (327)
[2025.10.05-01.59.11:110][508]LogModuleManager: Shutting down and abandoning module ToolMenus (323)
[2025.10.05-01.59.11:110][508]LogModuleManager: Shutting down and abandoning module ContentBrowser (321)
[2025.10.05-01.59.11:110][508]LogModuleManager: Shutting down and abandoning module ContentBrowserData (320)
[2025.10.05-01.59.11:110][508]LogModuleManager: Shutting down and abandoning module TreeMap (317)
[2025.10.05-01.59.11:110][508]LogModuleManager: Shutting down and abandoning module EnvironmentQueryEditor (314)
[2025.10.05-01.59.11:110][508]LogModuleManager: Shutting down and abandoning module LightPropagationVolumeRuntime (312)
[2025.10.05-01.59.11:110][508]LogModuleManager: Shutting down and abandoning module Paper2D (310)
[2025.10.05-01.59.11:110][508]LogModuleManager: Shutting down and abandoning module WindowsMoviePlayer (308)
[2025.10.05-01.59.11:111][508]LogModuleManager: Shutting down and abandoning module WebMMoviePlayer (306)
[2025.10.05-01.59.11:111][508]LogModuleManager: Shutting down and abandoning module NetworkReplayStreaming (304)
[2025.10.05-01.59.11:111][508]LogModuleManager: Shutting down and abandoning module PacketHandler (302)
[2025.10.05-01.59.11:111][508]LogModuleManager: Shutting down and abandoning module ClothingSystemEditor (300)
[2025.10.05-01.59.11:111][508]LogModuleManager: Shutting down and abandoning module ClothingSystemRuntimeNv (298)
[2025.10.05-01.59.11:111][508]LogModuleManager: Shutting down and abandoning module MediaAssets (296)
[2025.10.05-01.59.11:111][508]LogModuleManager: Shutting down and abandoning module Overlay (294)
[2025.10.05-01.59.11:111][508]LogModuleManager: Shutting down and abandoning module OverlayEditor (293)
[2025.10.05-01.59.11:111][508]LogModuleManager: Shutting down and abandoning module VREditor (290)
[2025.10.05-01.59.11:111][508]LogModuleManager: Shutting down and abandoning module StringTableEditor (288)
[2025.10.05-01.59.11:111][508]LogModuleManager: Shutting down and abandoning module GameplayTasksEditor (286)
[2025.10.05-01.59.11:111][508]LogModuleManager: Shutting down and abandoning module BehaviorTreeEditor (284)
[2025.10.05-01.59.11:111][508]LogModuleManager: Shutting down and abandoning module FunctionalTesting (282)
[2025.10.05-01.59.11:111][508]LogModuleManager: Shutting down and abandoning module CollisionAnalyzer (280)
[2025.10.05-01.59.11:111][508]LogModuleManager: Shutting down and abandoning module WorkspaceMenuStructure (279)
[2025.10.05-01.59.11:111][508]LogModuleManager: Shutting down and abandoning module UMG (276)
[2025.10.05-01.59.11:111][508]LogModuleManager: Shutting down and abandoning module UMGEditor (275)
[2025.10.05-01.59.11:111][508]LogModuleManager: Shutting down and abandoning module MessageLog (273)
[2025.10.05-01.59.11:111][508]LogModuleManager: Shutting down and abandoning module SlateReflector (268)
[2025.10.05-01.59.11:111][508]LogModuleManager: Shutting down and abandoning module Slate (266)
[2025.10.05-01.59.11:111][508]LogModuleManager: Shutting down and abandoning module SlateCore (264)
[2025.10.05-01.59.11:112][508]LogModuleManager: Shutting down and abandoning module LandscapeEditorUtilities (262)
[2025.10.05-01.59.11:112][508]LogModuleManager: Shutting down and abandoning module UnrealEd (260)
[2025.10.05-01.59.11:112][508]LogModuleManager: Shutting down and abandoning module MRMesh (258)
[2025.10.05-01.59.11:112][508]LogModuleManager: Shutting down and abandoning module SourceCodeAccess (256)
[2025.10.05-01.59.11:112][508]LogModuleManager: Shutting down and abandoning module HeadMountedDisplay (254)
[2025.10.05-01.59.11:112][508]LogModuleManager: Shutting down and abandoning module XAudio2 (252)
[2025.10.05-01.59.11:112][508]LogModuleManager: Shutting down and abandoning module Networking (250)
[2025.10.05-01.59.11:112][508]LogModuleManager: Shutting down and abandoning module Core (248)
[2025.10.05-01.59.11:112][508]LogModuleManager: Shutting down and abandoning module MaterialEditor (246)
[2025.10.05-01.59.11:112][508]LogModuleManager: Shutting down and abandoning module MovieSceneTools (244)
[2025.10.05-01.59.11:112][508]LogModuleManager: Shutting down and abandoning module CurveEditor (243)
[2025.10.05-01.59.11:114][508]LogModuleManager: Shutting down and abandoning module Sequencer (241)
[2025.10.05-01.59.11:114][508]LogModuleManager: Shutting down and abandoning module EditorStyle (240)
[2025.10.05-01.59.11:115][508]LogModuleManager: Shutting down and abandoning module KismetCompiler (236)
[2025.10.05-01.59.11:115][508]LogModuleManager: Shutting down and abandoning module MeshBuilder (234)
[2025.10.05-01.59.11:115][508]LogModuleManager: Shutting down and abandoning module MeshUtilities (232)
[2025.10.05-01.59.11:115][508]LogModuleManager: Shutting down and abandoning module MeshMergeUtilities (231)
[2025.10.05-01.59.11:115][508]LogModuleManager: Shutting down and abandoning module MeshReductionInterface (230)
[2025.10.05-01.59.11:115][508]LogModuleManager: Shutting down and abandoning module MeshBoneReduction (229)
[2025.10.05-01.59.11:115][508]LogModuleManager: Shutting down and abandoning module SkeletalMeshReduction (227)
[2025.10.05-01.59.11:115][508]LogModuleManager: Shutting down and abandoning module ProxyLODMeshReduction (225)
[2025.10.05-01.59.11:115][508]LogModuleManager: Shutting down and abandoning module QuadricMeshReduction (223)
[2025.10.05-01.59.11:115][508]LogModuleManager: Shutting down and abandoning module MaterialBaking (219)
[2025.10.05-01.59.11:115][508]LogModuleManager: Shutting down and abandoning module NullInstallBundleManager (214)
[2025.10.05-01.59.11:115][508]LogModuleManager: Shutting down and abandoning module DerivedDataCache (212)
[2025.10.05-01.59.11:115][508]LogModuleManager: Shutting down and abandoning module TargetPlatform (210)
[2025.10.05-01.59.11:115][508]LogModuleManager: Shutting down and abandoning module VulkanShaderFormat (209)
[2025.10.05-01.59.11:116][508]LogModuleManager: Shutting down and abandoning module ShaderFormatVectorVM (207)
[2025.10.05-01.59.11:116][508]LogModuleManager: Shutting down and abandoning module ShaderFormatOpenGL (205)
[2025.10.05-01.59.11:116][508]LogModuleManager: Shutting down and abandoning module ShaderFormatD3D (203)
[2025.10.05-01.59.11:116][508]LogModuleManager: Shutting down and abandoning module MetalShaderFormat (201)
[2025.10.05-01.59.11:116][508]LogModuleManager: Shutting down and abandoning module TextureFormatOodle (199)
[2025.10.05-01.59.11:116][508]LogModuleManager: Shutting down and abandoning module TextureFormatUncompressed (197)
[2025.10.05-01.59.11:116][508]LogModuleManager: Shutting down and abandoning module TextureFormatPVR (195)
[2025.10.05-01.59.11:116][508]LogModuleManager: Shutting down and abandoning module TextureFormatETC2 (193)
[2025.10.05-01.59.11:116][508]LogModuleManager: Shutting down and abandoning module TextureFormatDXT (191)
[2025.10.05-01.59.11:116][508]LogModuleManager: Shutting down and abandoning module TextureFormatIntelISPCTexComp (189)
[2025.10.05-01.59.11:116][508]LogModuleManager: Shutting down and abandoning module TextureFormatASTC (187)
[2025.10.05-01.59.11:116][508]LogModuleManager: Shutting down and abandoning module ImageWrapper (186)
[2025.10.05-01.59.11:116][508]LogModuleManager: Shutting down and abandoning module AudioFormatOpus (183)
[2025.10.05-01.59.11:116][508]LogModuleManager: Shutting down and abandoning module AudioFormatOgg (181)
[2025.10.05-01.59.11:116][508]LogModuleManager: Shutting down and abandoning module AudioFormatADPCM (179)
[2025.10.05-01.59.11:116][508]LogModuleManager: Shutting down and abandoning module WindowsServerTargetPlatform (177)
[2025.10.05-01.59.11:116][508]LogModuleManager: Shutting down and abandoning module WindowsClientTargetPlatform (175)
[2025.10.05-01.59.11:116][508]LogModuleManager: Shutting down and abandoning module WindowsTargetPlatform (173)
[2025.10.05-01.59.11:116][508]LogModuleManager: Shutting down and abandoning module WindowsNoEditorTargetPlatform (171)
[2025.10.05-01.59.11:116][508]LogModuleManager: Shutting down and abandoning module TVOSTargetPlatform (169)
[2025.10.05-01.59.11:117][508]LogModuleManager: Shutting down and abandoning module MacServerTargetPlatform (167)
[2025.10.05-01.59.11:117][508]LogModuleManager: Shutting down and abandoning module MacClientTargetPlatform (165)
[2025.10.05-01.59.11:117][508]LogModuleManager: Shutting down and abandoning module MacTargetPlatform (163)
[2025.10.05-01.59.11:117][508]LogModuleManager: Shutting down and abandoning module MacNoEditorTargetPlatform (161)
[2025.10.05-01.59.11:117][508]LogModuleManager: Shutting down and abandoning module LuminTargetPlatform (159)
[2025.10.05-01.59.11:118][508]LogModuleManager: Shutting down and abandoning module LinuxAArch64ServerTargetPlatform (157)
[2025.10.05-01.59.11:118][508]LogModuleManager: Shutting down and abandoning module LinuxAArch64ClientTargetPlatform (155)
[2025.10.05-01.59.11:118][508]LogModuleManager: Shutting down and abandoning module LinuxAArch64NoEditorTargetPlatform (153)
[2025.10.05-01.59.11:118][508]LogModuleManager: Shutting down and abandoning module LinuxServerTargetPlatform (151)
[2025.10.05-01.59.11:118][508]LogModuleManager: Shutting down and abandoning module LinuxClientTargetPlatform (149)
[2025.10.05-01.59.11:118][508]LogModuleManager: Shutting down and abandoning module LinuxNoEditorTargetPlatform (147)
[2025.10.05-01.59.11:118][508]LogModuleManager: Shutting down and abandoning module LinuxTargetPlatform (145)
[2025.10.05-01.59.11:118][508]LogModuleManager: Shutting down and abandoning module Messaging (143)
[2025.10.05-01.59.11:118][508]LogModuleManager: Shutting down and abandoning module IOSTargetPlatform (141)
[2025.10.05-01.59.11:119][508]LogModuleManager: Shutting down and abandoning module AndroidTargetPlatform (139)
[2025.10.05-01.59.11:122][508]LogModuleManager: Shutting down and abandoning module AllDesktopTargetPlatform (137)
[2025.10.05-01.59.11:122][508]LogModuleManager: Shutting down and abandoning module D3D11RHI (134)
[2025.10.05-01.59.11:122][508]LogModuleManager: Shutting down and abandoning module InputCore (132)
[2025.10.05-01.59.11:122][508]LogModuleManager: Shutting down and abandoning module Settings (130)
[2025.10.05-01.59.11:122][508]LogModuleManager: Shutting down and abandoning module DirectoryWatcher (128)
[2025.10.05-01.59.11:123][508]LogModuleManager: Shutting down and abandoning module PhysXCooking (126)
[2025.10.05-01.59.11:123][508]LogModuleManager: Shutting down and abandoning module Chaos (124)
[2025.10.05-01.59.11:123][508]LogModuleManager: Shutting down and abandoning module WindowsPlatformFeatures (122)
[2025.10.05-01.59.11:123][508]LogModuleManager: Shutting down and abandoning module GameplayMediaEncoder (121)
[2025.10.05-01.59.11:123][508]LogModuleManager: Shutting down and abandoning module AVEncoder (120)
[2025.10.05-01.59.11:123][508]LogModuleManager: Shutting down and abandoning module SteamVRInputDevice (116)
[2025.10.05-01.59.11:123][508]LogModuleManager: Shutting down and abandoning module SteamVRInput (114)
[2025.10.05-01.59.11:123][508]LogModuleManager: Shutting down and abandoning module SteamVR (112)
[2025.10.05-01.59.11:123][508]LogHMD: Freeing OpenVRDLLHandle.
[2025.10.05-01.59.11:123][508]LogModuleManager: Shutting down and abandoning module OculusHMD (110)
[2025.10.05-01.59.11:123][508]LogModuleManager: Shutting down and abandoning module OpenXRHandTracking (108)
[2025.10.05-01.59.11:123][508]LogSlate: Slate User Destroyed.  User Index 0, Is Virtual User: 0
[2025.10.05-01.59.11:125][508]LogModuleManager: Shutting down and abandoning module OpenXREyeTracker (106)
[2025.10.05-01.59.11:125][508]LogModuleManager: Shutting down and abandoning module OpenXRAR (104)
[2025.10.05-01.59.11:125][508]LogModuleManager: Shutting down and abandoning module AugmentedReality (103)
[2025.10.05-01.59.11:125][508]LogModuleManager: Shutting down and abandoning module OpenXRHMD (100)
[2025.10.05-01.59.11:125][508]LogModuleManager: Shutting down and abandoning module ExampleDeviceProfileSelector (98)
[2025.10.05-01.59.11:125][508]LogModuleManager: Shutting down and abandoning module ChunkDownloader (96)
[2025.10.05-01.59.11:125][508]LogModuleManager: Shutting down and abandoning module LauncherChunkInstaller (94)
[2025.10.05-01.59.11:125][508]LogModuleManager: Shutting down and abandoning module OnlineBlueprintSupport (92)
[2025.10.05-01.59.11:125][508]LogModuleManager: Shutting down and abandoning module OnlineSubsystem (88)
[2025.10.05-01.59.11:127][508]LogModuleManager: Shutting down and abandoning module XMPP (83)
[2025.10.05-01.59.11:127][508]LogModuleManager: Shutting down and abandoning module WebSockets (82)
[2025.10.05-01.59.11:148][508]LogModuleManager: Shutting down and abandoning module HTTP (79)
[2025.10.05-01.59.11:148][508]LogHttp: Display: Http module shutting down, but needs to wait on 1 outstanding Http requests:
[2025.10.05-01.59.11:148][508]LogHttp: Display: 	verb=[POST] url=[https://datarouter.ol.epicgames.com/datarouter/api/v1/public/data?SessionID=%7B97FA02E5-4778-A1C8-1A3F-48B16C80E08F%7D&AppID=UEEditor.Rocket.Release&AppVersion=4.27.2-18319896%2B%2B%2BUE4%2BRelease-4.27&UserID=b8cc06d04e871ffdffca32b47f909cff%7C81d32e9996224e89b0dfec987a357124%7C72bd2619-d333-4b0c-85ec-0f2529c0ddb7&AppEnvironment=datacollector-binary&UploadType=eteventstream] refs=[1] status=Processing
[2025.10.05-01.59.11:148][508]LogHttp: Display: cleaning up 1 outstanding Http requests.
[2025.10.05-01.59.11:175][508]LogModuleManager: Shutting down and abandoning module SSL (78)
[2025.10.05-01.59.11:176][508]LogModuleManager: Shutting down and abandoning module WmfMedia (74)
[2025.10.05-01.59.11:180][508]LogModuleManager: Shutting down and abandoning module Media (73)
[2025.10.05-01.59.11:182][508]LogModuleManager: Shutting down and abandoning module MediaInfo (72)
[2025.10.05-01.59.11:182][508]LogModuleManager: Shutting down and abandoning module ExrReaderGpu (68)
[2025.10.05-01.59.11:182][508]LogModuleManager: Shutting down and abandoning module MLSDK (66)
[2025.10.05-01.59.11:182][508]LogModuleManager: Shutting down and abandoning module MagicLeap (64)
[2025.10.05-01.59.11:182][508]LogModuleManager: Shutting down and abandoning module ChaosCloth (62)
[2025.10.05-01.59.11:182][508]LogModuleManager: Shutting down and abandoning module NiagaraVertexFactories (60)
[2025.10.05-01.59.11:182][508]LogModuleManager: Shutting down and abandoning module NiagaraShader (58)
[2025.10.05-01.59.11:182][508]LogModuleManager: Shutting down and abandoning module PixWinPlugin (56)
[2025.10.05-01.59.11:182][508]LogModuleManager: Shutting down and abandoning module VariantManagerContent (54)
[2025.10.05-01.59.11:182][508]LogModuleManager: Shutting down and abandoning module DatasmithContent (52)
[2025.10.05-01.59.11:182][508]LogModuleManager: Shutting down and abandoning module AISupportModule (50)
[2025.10.05-01.59.11:182][508]LogModuleManager: Shutting down and abandoning module DesktopPlatform (48)
[2025.10.05-01.59.11:182][508]LogModuleManager: Shutting down and abandoning module PythonScriptPluginPreload (46)
[2025.10.05-01.59.11:182][508]LogModuleManager: Shutting down and abandoning module PlatformCryptoOpenSSL (44)
[2025.10.05-01.59.11:182][508]LogModuleManager: Shutting down and abandoning module PlatformCryptoTypes (42)
[2025.10.05-01.59.11:182][508]LogModuleManager: Shutting down and abandoning module PlatformCrypto (40)
[2025.10.05-01.59.11:182][508]LogModuleManager: Shutting down and abandoning module OodleDataCompressionFormat (38)
[2025.10.05-01.59.11:182][508]LogModuleManager: Shutting down and abandoning module XGEController (36)
[2025.10.05-01.59.11:183][508]LogModuleManager: Shutting down and abandoning module AnimationModifiers (34)
[2025.10.05-01.59.11:183][508]LogModuleManager: Shutting down and abandoning module AudioEditor (32)
[2025.10.05-01.59.11:183][508]LogModuleManager: Shutting down and abandoning module PropertyEditor (31)
[2025.10.05-01.59.11:183][508]LogModuleManager: Shutting down and abandoning module TextureCompressor (28)
[2025.10.05-01.59.11:184][508]LogModuleManager: Shutting down and abandoning module RenderCore (26)
[2025.10.05-01.59.11:184][508]LogModuleManager: Shutting down and abandoning module Landscape (24)
[2025.10.05-01.59.11:184][508]LogModuleManager: Shutting down and abandoning module SlateRHIRenderer (22)
[2025.10.05-01.59.11:184][508]LogModuleManager: Shutting down and abandoning module AnimGraphRuntime (20)
[2025.10.05-01.59.11:184][508]LogModuleManager: Shutting down and abandoning module Renderer (18)
[2025.10.05-01.59.11:184][508]LogModuleManager: Shutting down and abandoning module Engine (16)
[2025.10.05-01.59.11:184][508]LogModuleManager: Shutting down and abandoning module CoreUObject (14)
[2025.10.05-01.59.11:184][508]LogModuleManager: Shutting down and abandoning module NetworkFile (12)
[2025.10.05-01.59.11:184][508]LogModuleManager: Shutting down and abandoning module CookedIterativeFile (10)
[2025.10.05-01.59.11:184][508]LogModuleManager: Shutting down and abandoning module StreamingFile (8)
[2025.10.05-01.59.11:184][508]LogModuleManager: Shutting down and abandoning module SandboxFile (6)
[2025.10.05-01.59.11:184][508]LogModuleManager: Shutting down and abandoning module PakFile (4)
[2025.10.05-01.59.11:184][508]LogModuleManager: Shutting down and abandoning module RSA (3)
[2025.10.05-01.59.11:184][508]LogContentStreaming: Display: There are 1 unreleased StreamingManagers
[2025.10.05-01.59.11:222][508]LogD3D11RHI: Shutdown
[2025.10.05-01.59.11:222][508]LogD3D11RHI: CleanupD3DDevice
[2025.10.05-01.59.11:225][508]LogExit: Exiting.
[2025.10.05-01.59.11:267][508]Log file closed, 10/05/25 10:59:11
