Log file open, 10/05/25 12:16:31
LogWindows: Failed to load 'aqProf.dll' (GetLastError=126)
LogWindows: File 'aqProf.dll' does not exist
LogWindows: Failed to load 'VtuneApi.dll' (GetLastError=126)
LogWindows: File 'VtuneApi.dll' does not exist
LogWindows: Failed to load 'VtuneApi32e.dll' (GetLastError=126)
LogWindows: File 'VtuneApi32e.dll' does not exist
LogConsoleResponse: Display: Failed to find resolution value strings in scalability ini. Falling back to default.
LogConsoleResponse: Display: Failed to find resolution value strings in scalability ini. Falling back to default.
LogInit: Display: Running engine for game: CPlusTutorial
LogPlatformFile: Not using cached read wrapper
LogTaskGraph: Started task graph with 5 named threads and 35 total threads with 3 sets of task threads.
LogStats: Stats thread started at 0.350025
LogICUInternationalization: ICU TimeZone Detection - Raw Offset: +9:00, Platform Override: ''
LogInit: Display: Loading text-based GConfig....
LogPluginManager: Mounting plugin MeshPainting
LogPluginManager: Mounting plugin XGEController
LogPluginManager: Mounting plugin Paper2D
LogPluginManager: Mounting plugin LiveLink
LogPluginManager: Mounting plugin AISupport
LogPluginManager: Mounting plugin EnvironmentQueryEditor
LogPluginManager: Mounting plugin CameraShakePreviewer
LogPluginManager: Mounting plugin AssetManagerEditor
LogPluginManager: Mounting plugin CurveEditorTools
LogPluginManager: Mounting plugin DataValidation
LogPluginManager: Mounting plugin CryptoKeys
LogPluginManager: Mounting plugin FacialAnimation
LogPluginManager: Mounting plugin GameplayTagsEditor
LogPluginManager: Mounting plugin GeometryMode
LogPluginManager: Mounting plugin MaterialAnalyzer
LogPluginManager: Mounting plugin MacGraphicsSwitching
LogPluginManager: Mounting plugin MobileLauncherProfileWizard
LogPluginManager: Mounting plugin PluginBrowser
LogPluginManager: Mounting plugin SpeedTreeImporter
LogPluginManager: Mounting plugin OodleData
LogPluginManager: Mounting plugin GameplayCameras
LogPluginManager: Mounting plugin CLionSourceCodeAccess
LogPluginManager: Mounting plugin AnimationSharing
LogPluginManager: Mounting plugin CodeLiteSourceCodeAccess
LogPluginManager: Mounting plugin GitSourceControl
LogPluginManager: Mounting plugin KDevelopSourceCodeAccess
LogPluginManager: Mounting plugin NullSourceCodeAccess
LogPluginManager: Mounting plugin PerforceSourceControl
LogPluginManager: Mounting plugin PlasticSourceControl
LogPluginManager: Mounting plugin PluginUtils
LogPluginManager: Mounting plugin PropertyAccessNode
LogPluginManager: Mounting plugin RiderSourceCodeAccess
LogPluginManager: Mounting plugin PixWinPlugin
LogPluginManager: Mounting plugin SubversionSourceControl
LogPluginManager: Mounting plugin TextureFormatOodle
LogPluginManager: Mounting plugin UObjectPlugin
LogPluginManager: Mounting plugin VisualStudioCodeSourceCodeAccess
LogPluginManager: Mounting plugin XCodeSourceCodeAccess
LogPluginManager: Mounting plugin Niagara
LogPluginManager: Mounting plugin AndroidMedia
LogPluginManager: Mounting plugin VisualStudioSourceCodeAccess
LogPluginManager: Mounting plugin LuminPlatformFeatures
LogPluginManager: Mounting plugin MagicLeap
LogPluginManager: Mounting plugin AvfMedia
LogPluginManager: Mounting plugin ImgMedia
LogPluginManager: Mounting plugin MagicLeapLightEstimation
LogPluginManager: Mounting plugin MediaCompositing
LogPluginManager: Mounting plugin MagicLeapMedia
LogPluginManager: Mounting plugin LightPropagationVolume
LogPluginManager: Mounting plugin MagicLeapPassableWorld
LogPluginManager: Mounting plugin MLSDK
LogPluginManager: Mounting plugin MediaPlayerEditor
LogPluginManager: Mounting plugin WebMMedia
LogPluginManager: Mounting plugin WmfMedia
LogPluginManager: Mounting plugin TcpMessaging
LogPluginManager: Mounting plugin UdpMessaging
LogPluginManager: Mounting plugin ActorSequence
LogPluginManager: Mounting plugin LevelSequenceEditor
LogPluginManager: Mounting plugin MatineeToLevelSequence
LogPluginManager: Mounting plugin TemplateSequence
LogPluginManager: Mounting plugin LauncherChunkInstaller
LogPluginManager: Mounting plugin OnlineSubsystem
LogPluginManager: Mounting plugin OnlineSubsystemNull
LogPluginManager: Mounting plugin ActorLayerUtilities
LogPluginManager: Mounting plugin OnlineSubsystemUtils
LogPluginManager: Mounting plugin AndroidDeviceProfileSelector
LogPluginManager: Mounting plugin AndroidMoviePlayer
LogPluginManager: Mounting plugin AndroidPermission
LogPluginManager: Mounting plugin AppleImageUtils
LogPluginManager: Mounting plugin AppleMoviePlayer
LogPluginManager: Mounting plugin ArchVisCharacter
LogPluginManager: Mounting plugin AssetTags
LogPluginManager: Mounting plugin AudioCapture
LogPluginManager: Mounting plugin AudioSynesthesia
LogPluginManager: Mounting plugin CableComponent
LogPluginManager: Mounting plugin ChunkDownloader
LogPluginManager: Mounting plugin CustomMeshComponent
LogPluginManager: Mounting plugin EditableMesh
LogPluginManager: Mounting plugin ExampleDeviceProfileSelector
LogPluginManager: Mounting plugin GoogleCloudMessaging
LogPluginManager: Mounting plugin GooglePAD
LogPluginManager: Mounting plugin LinuxDeviceProfileSelector
LogPluginManager: Mounting plugin LocationServicesBPLibrary
LogPluginManager: Mounting plugin IOSDeviceProfileSelector
LogPluginManager: Mounting plugin MobilePatchingUtils
LogPluginManager: Mounting plugin OpenXREyeTracker
LogPluginManager: Mounting plugin OpenXRHandTracking
LogPluginManager: Mounting plugin OpenXR
LogPluginManager: Mounting plugin PhysXVehicles
LogPluginManager: Mounting plugin ScreenshotTools
LogPluginManager: Mounting plugin DatasmithContent
LogPluginManager: Mounting plugin VariantManagerContent
LogPluginManager: Mounting plugin PostSplashScreen
LogPluginManager: Mounting plugin ProceduralMeshComponent
LogPluginManager: Mounting plugin PropertyAccessEditor
LogPluginManager: Mounting plugin RuntimePhysXCooking
LogPluginManager: Mounting plugin SignificanceManager
LogPluginManager: Mounting plugin SoundFields
LogPluginManager: Mounting plugin Synthesis
LogPluginManager: Mounting plugin WebMMoviePlayer
LogPluginManager: Mounting plugin WindowsMoviePlayer
LogPluginManager: Mounting plugin OodleNetwork
LogPluginManager: Mounting plugin Takes
LogPluginManager: Mounting plugin AlembicImporter
LogPluginManager: Mounting plugin AutomationUtils
LogPluginManager: Mounting plugin BackChannel
LogPluginManager: Mounting plugin ChaosCloth
LogPluginManager: Mounting plugin ChaosClothEditor
LogPluginManager: Mounting plugin ChaosNiagara
LogPluginManager: Mounting plugin ChaosSolverPlugin
LogPluginManager: Mounting plugin CharacterAI
LogPluginManager: Mounting plugin ChaosEditor
LogPluginManager: Mounting plugin GeometryCache
LogPluginManager: Mounting plugin GeometryProcessing
LogPluginManager: Mounting plugin GeometryCollectionPlugin
LogPluginManager: Mounting plugin MotoSynth
LogPluginManager: Mounting plugin OpenImageDenoise
LogPluginManager: Mounting plugin PlanarCut
LogPluginManager: Mounting plugin ProxyLODPlugin
LogPluginManager: Mounting plugin PlatformCrypto
LogPluginManager: Mounting plugin PythonScriptPlugin
LogPluginManager: Mounting plugin SkeletalReduction
LogPluginManager: Mounting plugin ContentBrowserClassDataSource
LogPluginManager: Mounting plugin ContentBrowserAssetDataSource
LogPluginManager: Mounting plugin ContentBrowserFileDataSource
LogPluginManager: Mounting plugin OnlineSubsystemGooglePlay
LogPluginManager: Mounting plugin OnlineSubsystemIOS
LogPluginManager: Mounting plugin OculusVR
LogPluginManager: Mounting plugin SteamVR
PixWinPlugin: PIX capture plugin failed to initialize! Check that the process is launched from PIX.
LogInit: Using libcurl 7.55.1-DEV
LogInit:  - built for x86_64-pc-win32
LogInit:  - supports SSL with OpenSSL/1.1.1
LogInit:  - supports HTTP deflate (compression) using libz 1.2.8
LogInit:  - other features:
LogInit:      CURL_VERSION_SSL
LogInit:      CURL_VERSION_LIBZ
LogInit:      CURL_VERSION_IPV6
LogInit:      CURL_VERSION_ASYNCHDNS
LogInit:      CURL_VERSION_LARGEFILE
LogInit:      CURL_VERSION_IDN
LogInit:  CurlRequestOptions (configurable via config and command line):
LogInit:  - bVerifyPeer = true  - Libcurl will verify peer certificate
LogInit:  - bUseHttpProxy = false  - Libcurl will NOT use HTTP proxy
LogInit:  - bDontReuseConnections = false  - Libcurl will reuse connections
LogInit:  - MaxHostConnections = 16  - Libcurl will limit the number of connections to a host
LogInit:  - LocalHostAddr = Default
LogInit:  - BufferSize = 65536
LogOnline: OSS: Creating online subsystem instance for: NULL
LogInit: WinSock: version 1.1 (2.2), MaxSocks=32767, MaxUdp=65467
LogOnline: OSS: TryLoadSubsystemAndSetDefault: Loaded subsystem for module [NULL]
LogOculusPluginWrapper: OculusPlugin initialized successfully
LogHMD: Failed initializing OVRPlugin 1.59.0
LogInit: Build: ++UE4+Release-4.27-CL-18319896
LogInit: Engine Version: 4.27.2-18319896+++UE4+Release-4.27
LogInit: Compatible Engine Version: 4.27.0-17155196+++UE4+Release-4.27
LogInit: Net CL: 17155196
LogInit: OS: Windows 10 (Release 2009) (), CPU: 12th Gen Intel(R) Core(TM) i5-12490F, GPU: NVIDIA GeForce RTX 3060 Ti
LogInit: Compiled (64-bit): Nov 30 2021 07:12:08
LogInit: Compiled with Visual C++: 19.24.28315.00
LogInit: Build Configuration: Development
LogInit: Branch Name: ++UE4+Release-4.27
LogInit: Command Line: 
LogInit: Base Directory: C:/Program Files/Epic Games/UE_4.27/Engine/Binaries/Win64/
LogInit: Allocator: TBB
LogInit: Installed Engine Build: 1
LogDevObjectVersion: Number of dev versions registered: 29
LogDevObjectVersion:   Dev-Blueprints (B0D832E4-1F89-4F0D-ACCF-7EB736FD4AA2): 10
LogDevObjectVersion:   Dev-Build (E1C64328-A22C-4D53-A36C-8E866417BD8C): 0
LogDevObjectVersion:   Dev-Core (375EC13C-06E4-48FB-B500-84F0262A717E): 4
LogDevObjectVersion:   Dev-Editor (E4B068ED-F494-42E9-A231-DA0B2E46BB41): 40
LogDevObjectVersion:   Dev-Framework (CFFC743F-43B0-4480-9391-14DF171D2073): 37
LogDevObjectVersion:   Dev-Mobile (B02B49B5-BB20-44E9-A304-32B752E40360): 3
LogDevObjectVersion:   Dev-Networking (A4E4105C-59A1-49B5-A7C5-40C4547EDFEE): 0
LogDevObjectVersion:   Dev-Online (39C831C9-5AE6-47DC-9A44-9C173E1C8E7C): 0
LogDevObjectVersion:   Dev-Physics (78F01B33-EBEA-4F98-B9B4-84EACCB95AA2): 14
LogDevObjectVersion:   Dev-Platform (6631380F-2D4D-43E0-8009-CF276956A95A): 0
LogDevObjectVersion:   Dev-Rendering (12F88B9F-8875-4AFC-A67C-D90C383ABD29): 45
LogDevObjectVersion:   Dev-Sequencer (7B5AE74C-D270-4C10-A958-57980B212A5A): 13
LogDevObjectVersion:   Dev-VR (D7296918-1DD6-4BDD-9DE2-64A83CC13884): 3
LogDevObjectVersion:   Dev-LoadTimes (C2A15278-BFE7-4AFE-6C17-90FF531DF755): 1
LogDevObjectVersion:   Private-Geometry (6EACA3D4-40EC-4CC1-B786-8BED09428FC5): 3
LogDevObjectVersion:   Dev-AnimPhys (29E575DD-E0A3-4627-9D10-D276232CDCEA): 17
LogDevObjectVersion:   Dev-Anim (AF43A65D-7FD3-4947-9873-3E8ED9C1BB05): 15
LogDevObjectVersion:   Dev-ReflectionCapture (6B266CEC-1EC7-4B8F-A30B-E4D90942FC07): 1
LogDevObjectVersion:   Dev-Automation (0DF73D61-A23F-47EA-B727-89E90C41499A): 1
LogDevObjectVersion:   FortniteMain (601D1886-AC64-4F84-AA16-D3DE0DEAC7D6): 47
LogDevObjectVersion:   FortniteRelease (E7086368-6B23-4C58-8439-1B7016265E91): 1
LogDevObjectVersion:   Dev-Enterprise (9DFFBCD6-494F-0158-E221-12823C92A888): 10
LogDevObjectVersion:   Dev-Niagara (F2AED0AC-9AFE-416F-8664-AA7FFA26D6FC): 1
LogDevObjectVersion:   Dev-Destruction (174F1F0B-B4C6-45A5-B13F-2EE8D0FB917D): 10
LogDevObjectVersion:   Dev-Physics-Ext (35F94A83-E258-406C-A318-09F59610247C): 41
LogDevObjectVersion:   Dev-PhysicsMaterial-Chaos (B68FC16E-8B1B-42E2-B453-215C058844FE): 1
LogDevObjectVersion:   Dev-CineCamera (B2E18506-4273-CFC2-A54E-F4BB758BBA07): 1
LogDevObjectVersion:   Dev-VirtualProduction (64F58936-FD1B-42BA-BA96-7289D5D0FA4E): 1
LogDevObjectVersion:   Dev-MediaFramework (6F0ED827-A609-4895-9C91-998D90180EA4): 2
LogInit: Presizing for max 25165824 objects, including 0 objects not considered by GC, pre-allocating 0 bytes for permanent pool.
LogConfig: Applying CVar settings from Section [/Script/Engine.StreamingSettings] File [D:/LearnData/UnrealProject/UnrealLearn/CPlusTutorial/Saved/Config/Windows/Engine.ini]
LogConfig: Setting CVar [[s.MinBulkDataSizeForAsyncLoading:131072]]
LogConfig: Setting CVar [[s.AsyncLoadingThreadEnabled:0]]
LogConfig: Setting CVar [[s.EventDrivenLoaderEnabled:1]]
LogConfig: Setting CVar [[s.WarnIfTimeLimitExceeded:0]]
LogConfig: Setting CVar [[s.TimeLimitExceededMultiplier:1.5]]
LogConfig: Setting CVar [[s.TimeLimitExceededMinTime:0.005]]
LogConfig: Setting CVar [[s.UseBackgroundLevelStreaming:1]]
LogConfig: Setting CVar [[s.PriorityAsyncLoadingExtraTime:15.0]]
LogConfig: Setting CVar [[s.LevelStreamingActorsUpdateTimeLimit:5.0]]
LogConfig: Setting CVar [[s.PriorityLevelStreamingActorsUpdateExtraTime:5.0]]
LogConfig: Setting CVar [[s.LevelStreamingComponentsRegistrationGranularity:10]]
LogConfig: Setting CVar [[s.UnregisterComponentsTimeLimit:1.0]]
LogConfig: Setting CVar [[s.LevelStreamingComponentsUnregistrationGranularity:5]]
LogConfig: Setting CVar [[s.FlushStreamingOnExit:1]]
LogInit: Object subsystem initialized
LogConfig: Setting CVar [[con.DebugEarlyDefault:1]]
LogConfig: Setting CVar [[r.setres:1280x720]]
[2025.10.05-03.16.31:785][  0]LogConfig: Setting CVar [[r.VSync:0]]
[2025.10.05-03.16.31:785][  0]LogConfig: Setting CVar [[r.RHICmdBypass:0]]
[2025.10.05-03.16.31:785][  0]LogConfig: Applying CVar settings from Section [/Script/Engine.RendererSettings] File [D:/LearnData/UnrealProject/UnrealLearn/CPlusTutorial/Saved/Config/Windows/Engine.ini]
[2025.10.05-03.16.31:785][  0]LogConfig: Setting CVar [[r.GPUCrashDebugging:0]]
[2025.10.05-03.16.31:785][  0]LogConfig: Applying CVar settings from Section [/Script/Engine.RendererOverrideSettings] File [D:/LearnData/UnrealProject/UnrealLearn/CPlusTutorial/Saved/Config/Windows/Engine.ini]
[2025.10.05-03.16.31:785][  0]LogConfig: Applying CVar settings from Section [/Script/Engine.StreamingSettings] File [D:/LearnData/UnrealProject/UnrealLearn/CPlusTutorial/Saved/Config/Windows/Engine.ini]
[2025.10.05-03.16.31:785][  0]LogConfig: Setting CVar [[s.MinBulkDataSizeForAsyncLoading:131072]]
[2025.10.05-03.16.31:785][  0]LogConfig: Setting CVar [[s.AsyncLoadingThreadEnabled:0]]
[2025.10.05-03.16.31:785][  0]LogConfig: Setting CVar [[s.EventDrivenLoaderEnabled:1]]
[2025.10.05-03.16.31:785][  0]LogConfig: Setting CVar [[s.WarnIfTimeLimitExceeded:0]]
[2025.10.05-03.16.31:785][  0]LogConfig: Setting CVar [[s.TimeLimitExceededMultiplier:1.5]]
[2025.10.05-03.16.31:785][  0]LogConfig: Setting CVar [[s.TimeLimitExceededMinTime:0.005]]
[2025.10.05-03.16.31:785][  0]LogConfig: Setting CVar [[s.UseBackgroundLevelStreaming:1]]
[2025.10.05-03.16.31:785][  0]LogConfig: Setting CVar [[s.PriorityAsyncLoadingExtraTime:15.0]]
[2025.10.05-03.16.31:785][  0]LogConfig: Setting CVar [[s.LevelStreamingActorsUpdateTimeLimit:5.0]]
[2025.10.05-03.16.31:785][  0]LogConfig: Setting CVar [[s.PriorityLevelStreamingActorsUpdateExtraTime:5.0]]
[2025.10.05-03.16.31:785][  0]LogConfig: Setting CVar [[s.LevelStreamingComponentsRegistrationGranularity:10]]
[2025.10.05-03.16.31:785][  0]LogConfig: Setting CVar [[s.UnregisterComponentsTimeLimit:1.0]]
[2025.10.05-03.16.31:785][  0]LogConfig: Setting CVar [[s.LevelStreamingComponentsUnregistrationGranularity:5]]
[2025.10.05-03.16.31:785][  0]LogConfig: Setting CVar [[s.FlushStreamingOnExit:1]]
[2025.10.05-03.16.31:785][  0]LogConfig: Applying CVar settings from Section [/Script/Engine.GarbageCollectionSettings] File [D:/LearnData/UnrealProject/UnrealLearn/CPlusTutorial/Saved/Config/Windows/Engine.ini]
[2025.10.05-03.16.31:785][  0]LogConfig: Setting CVar [[gc.MaxObjectsNotConsideredByGC:1]]
[2025.10.05-03.16.31:785][  0]LogConfig: Setting CVar [[gc.SizeOfPermanentObjectPool:0]]
[2025.10.05-03.16.31:785][  0]LogConfig: Setting CVar [[gc.FlushStreamingOnGC:0]]
[2025.10.05-03.16.31:785][  0]LogConfig: Setting CVar [[gc.NumRetriesBeforeForcingGC:10]]
[2025.10.05-03.16.31:785][  0]LogConfig: Setting CVar [[gc.AllowParallelGC:1]]
[2025.10.05-03.16.31:785][  0]LogConfig: Setting CVar [[gc.TimeBetweenPurgingPendingKillObjects:61.1]]
[2025.10.05-03.16.31:785][  0]LogConfig: Setting CVar [[gc.MaxObjectsInEditor:25165824]]
[2025.10.05-03.16.31:785][  0]LogConfig: Setting CVar [[gc.IncrementalBeginDestroyEnabled:1]]
[2025.10.05-03.16.31:785][  0]LogConfig: Setting CVar [[gc.CreateGCClusters:1]]
[2025.10.05-03.16.31:785][  0]LogConfig: Setting CVar [[gc.MinGCClusterSize:5]]
[2025.10.05-03.16.31:785][  0]LogConfig: Setting CVar [[gc.ActorClusteringEnabled:0]]
[2025.10.05-03.16.31:785][  0]LogConfig: Setting CVar [[gc.BlueprintClusteringEnabled:0]]
[2025.10.05-03.16.31:785][  0]LogConfig: Setting CVar [[gc.UseDisregardForGCOnDedicatedServers:0]]
[2025.10.05-03.16.31:785][  0]LogConfig: Setting CVar [[gc.MultithreadedDestructionEnabled:1]]
[2025.10.05-03.16.31:785][  0]LogConfig: Applying CVar settings from Section [/Script/Engine.NetworkSettings] File [D:/LearnData/UnrealProject/UnrealLearn/CPlusTutorial/Saved/Config/Windows/Engine.ini]
[2025.10.05-03.16.31:785][  0]LogConfig: Applying CVar settings from Section [/Script/UnrealEd.CookerSettings] File [D:/LearnData/UnrealProject/UnrealLearn/CPlusTutorial/Saved/Config/Windows/Engine.ini]
[2025.10.05-03.16.31:811][  0]LogConfig: Applying CVar settings from Section [ViewDistanceQuality@3] File [D:/LearnData/UnrealProject/UnrealLearn/CPlusTutorial/Saved/Config/Windows/Scalability.ini]
[2025.10.05-03.16.31:811][  0]LogConfig: Setting CVar [[r.SkeletalMeshLODBias:0]]
[2025.10.05-03.16.31:811][  0]LogConfig: Setting CVar [[r.ViewDistanceScale:1.0]]
[2025.10.05-03.16.31:811][  0]LogConfig: Applying CVar settings from Section [AntiAliasingQuality@3] File [D:/LearnData/UnrealProject/UnrealLearn/CPlusTutorial/Saved/Config/Windows/Scalability.ini]
[2025.10.05-03.16.31:811][  0]LogConfig: Setting CVar [[r.PostProcessAAQuality:4]]
[2025.10.05-03.16.31:811][  0]LogConfig: Applying CVar settings from Section [ShadowQuality@3] File [D:/LearnData/UnrealProject/UnrealLearn/CPlusTutorial/Saved/Config/Windows/Scalability.ini]
[2025.10.05-03.16.31:811][  0]LogConfig: Setting CVar [[r.LightFunctionQuality:1]]
[2025.10.05-03.16.31:811][  0]LogConfig: Setting CVar [[r.ShadowQuality:5]]
[2025.10.05-03.16.31:811][  0]LogConfig: Setting CVar [[r.Shadow.CSM.MaxCascades:10]]
[2025.10.05-03.16.31:811][  0]LogConfig: Setting CVar [[r.Shadow.MaxResolution:2048]]
[2025.10.05-03.16.31:811][  0]LogConfig: Setting CVar [[r.Shadow.MaxCSMResolution:2048]]
[2025.10.05-03.16.31:811][  0]LogConfig: Setting CVar [[r.Shadow.RadiusThreshold:0.01]]
[2025.10.05-03.16.31:811][  0]LogConfig: Setting CVar [[r.Shadow.DistanceScale:1.0]]
[2025.10.05-03.16.31:811][  0]LogConfig: Setting CVar [[r.Shadow.CSM.TransitionScale:1.0]]
[2025.10.05-03.16.31:811][  0]LogConfig: Setting CVar [[r.Shadow.PreShadowResolutionFactor:1.0]]
[2025.10.05-03.16.31:811][  0]LogConfig: Setting CVar [[r.DistanceFieldShadowing:1]]
[2025.10.05-03.16.31:811][  0]LogConfig: Setting CVar [[r.DistanceFieldAO:1]]
[2025.10.05-03.16.31:811][  0]LogConfig: Setting CVar [[r.AOQuality:2]]
[2025.10.05-03.16.31:811][  0]LogConfig: Setting CVar [[r.VolumetricFog:1]]
[2025.10.05-03.16.31:811][  0]LogConfig: Setting CVar [[r.VolumetricFog.GridPixelSize:8]]
[2025.10.05-03.16.31:811][  0]LogConfig: Setting CVar [[r.VolumetricFog.GridSizeZ:128]]
[2025.10.05-03.16.31:811][  0]LogConfig: Setting CVar [[r.VolumetricFog.HistoryMissSupersampleCount:4]]
[2025.10.05-03.16.31:811][  0]LogConfig: Setting CVar [[r.LightMaxDrawDistanceScale:1]]
[2025.10.05-03.16.31:811][  0]LogConfig: Setting CVar [[r.CapsuleShadows:1]]
[2025.10.05-03.16.31:811][  0]LogConfig: Applying CVar settings from Section [PostProcessQuality@3] File [D:/LearnData/UnrealProject/UnrealLearn/CPlusTutorial/Saved/Config/Windows/Scalability.ini]
[2025.10.05-03.16.31:811][  0]LogConfig: Setting CVar [[r.MotionBlurQuality:4]]
[2025.10.05-03.16.31:811][  0]LogConfig: Setting CVar [[r.AmbientOcclusionMipLevelFactor:0.4]]
[2025.10.05-03.16.31:811][  0]LogConfig: Setting CVar [[r.AmbientOcclusionMaxQuality:100]]
[2025.10.05-03.16.31:811][  0]LogConfig: Setting CVar [[r.AmbientOcclusionLevels:-1]]
[2025.10.05-03.16.31:811][  0]LogConfig: Setting CVar [[r.AmbientOcclusionRadiusScale:1.0]]
[2025.10.05-03.16.31:811][  0]LogConfig: Setting CVar [[r.DepthOfFieldQuality:2]]
[2025.10.05-03.16.31:811][  0]LogConfig: Setting CVar [[r.RenderTargetPoolMin:400]]
[2025.10.05-03.16.31:811][  0]LogConfig: Setting CVar [[r.LensFlareQuality:2]]
[2025.10.05-03.16.31:811][  0]LogConfig: Setting CVar [[r.SceneColorFringeQuality:1]]
[2025.10.05-03.16.31:811][  0]LogConfig: Setting CVar [[r.EyeAdaptationQuality:2]]
[2025.10.05-03.16.31:811][  0]LogConfig: Setting CVar [[r.BloomQuality:5]]
[2025.10.05-03.16.31:811][  0]LogConfig: Setting CVar [[r.FastBlurThreshold:100]]
[2025.10.05-03.16.31:811][  0]LogConfig: Setting CVar [[r.Upscale.Quality:3]]
[2025.10.05-03.16.31:811][  0]LogConfig: Setting CVar [[r.Tonemapper.GrainQuantization:1]]
[2025.10.05-03.16.31:811][  0]LogConfig: Setting CVar [[r.LightShaftQuality:1]]
[2025.10.05-03.16.31:811][  0]LogConfig: Setting CVar [[r.Filter.SizeScale:1]]
[2025.10.05-03.16.31:811][  0]LogConfig: Setting CVar [[r.Tonemapper.Quality:5]]
[2025.10.05-03.16.31:811][  0]LogConfig: Setting CVar [[r.DOF.Gather.AccumulatorQuality:1        ; higher gathering accumulator quality]]
[2025.10.05-03.16.31:811][  0]LogConfig: Setting CVar [[r.DOF.Gather.PostfilterMethod:1          ; Median3x3 postfilering method]]
[2025.10.05-03.16.31:811][  0]LogConfig: Setting CVar [[r.DOF.Gather.EnableBokehSettings:0       ; no bokeh simulation when gathering]]
[2025.10.05-03.16.31:811][  0]LogConfig: Setting CVar [[r.DOF.Gather.RingCount:4                 ; medium number of samples when gathering]]
[2025.10.05-03.16.31:811][  0]LogConfig: Setting CVar [[r.DOF.Scatter.ForegroundCompositing:1    ; additive foreground scattering]]
[2025.10.05-03.16.31:811][  0]LogConfig: Setting CVar [[r.DOF.Scatter.BackgroundCompositing:2    ; additive background scattering]]
[2025.10.05-03.16.31:811][  0]LogConfig: Setting CVar [[r.DOF.Scatter.EnableBokehSettings:1      ; bokeh simulation when scattering]]
[2025.10.05-03.16.31:811][  0]LogConfig: Setting CVar [[r.DOF.Scatter.MaxSpriteRatio:0.1         ; only a maximum of 10% of scattered bokeh]]
[2025.10.05-03.16.31:811][  0]LogConfig: Setting CVar [[r.DOF.Recombine.Quality:1                ; cheap slight out of focus]]
[2025.10.05-03.16.31:811][  0]LogConfig: Setting CVar [[r.DOF.Recombine.EnableBokehSettings:0    ; no bokeh simulation on slight out of focus]]
[2025.10.05-03.16.31:811][  0]LogConfig: Setting CVar [[r.DOF.TemporalAAQuality:1                ; more stable temporal accumulation]]
[2025.10.05-03.16.31:811][  0]LogConfig: Setting CVar [[r.DOF.Kernel.MaxForegroundRadius:0.025]]
[2025.10.05-03.16.31:811][  0]LogConfig: Setting CVar [[r.DOF.Kernel.MaxBackgroundRadius:0.025]]
[2025.10.05-03.16.31:811][  0]LogConfig: Applying CVar settings from Section [TextureQuality@3] File [D:/LearnData/UnrealProject/UnrealLearn/CPlusTutorial/Saved/Config/Windows/Scalability.ini]
[2025.10.05-03.16.31:811][  0]LogConfig: Setting CVar [[r.Streaming.MipBias:0]]
[2025.10.05-03.16.31:811][  0]LogConfig: Setting CVar [[r.Streaming.AmortizeCPUToGPUCopy:0]]
[2025.10.05-03.16.31:811][  0]LogConfig: Setting CVar [[r.Streaming.MaxNumTexturesToStreamPerFrame:0]]
[2025.10.05-03.16.31:811][  0]LogConfig: Setting CVar [[r.Streaming.Boost:1]]
[2025.10.05-03.16.31:811][  0]LogConfig: Setting CVar [[r.MaxAnisotropy:8]]
[2025.10.05-03.16.31:811][  0]LogConfig: Setting CVar [[r.VT.MaxAnisotropy:8]]
[2025.10.05-03.16.31:811][  0]LogConfig: Setting CVar [[r.Streaming.LimitPoolSizeToVRAM:0]]
[2025.10.05-03.16.31:811][  0]LogConfig: Setting CVar [[r.Streaming.PoolSize:1000]]
[2025.10.05-03.16.31:811][  0]LogConfig: Setting CVar [[r.Streaming.MaxEffectiveScreenSize:0]]
[2025.10.05-03.16.31:811][  0]LogConfig: Applying CVar settings from Section [EffectsQuality@3] File [D:/LearnData/UnrealProject/UnrealLearn/CPlusTutorial/Saved/Config/Windows/Scalability.ini]
[2025.10.05-03.16.31:811][  0]LogConfig: Setting CVar [[r.TranslucencyLightingVolumeDim:64]]
[2025.10.05-03.16.31:811][  0]LogConfig: Setting CVar [[r.RefractionQuality:2]]
[2025.10.05-03.16.31:811][  0]LogConfig: Setting CVar [[r.SSR.Quality:3]]
[2025.10.05-03.16.31:811][  0]LogConfig: Setting CVar [[r.SSR.HalfResSceneColor:0]]
[2025.10.05-03.16.31:811][  0]LogConfig: Setting CVar [[r.SceneColorFormat:4]]
[2025.10.05-03.16.31:811][  0]LogConfig: Setting CVar [[r.DetailMode:2]]
[2025.10.05-03.16.31:811][  0]LogConfig: Setting CVar [[r.TranslucencyVolumeBlur:1]]
[2025.10.05-03.16.31:811][  0]LogConfig: Setting CVar [[r.MaterialQualityLevel:1 ; High quality]]
[2025.10.05-03.16.31:812][  0]LogConfig: Setting CVar [[r.AnisotropicMaterials:1]]
[2025.10.05-03.16.31:812][  0]LogConfig: Setting CVar [[r.SSS.Scale:1]]
[2025.10.05-03.16.31:812][  0]LogConfig: Setting CVar [[r.SSS.SampleSet:2]]
[2025.10.05-03.16.31:812][  0]LogConfig: Setting CVar [[r.SSS.Quality:1]]
[2025.10.05-03.16.31:812][  0]LogConfig: Setting CVar [[r.SSS.HalfRes:0]]
[2025.10.05-03.16.31:812][  0]LogConfig: Setting CVar [[r.SSGI.Quality:3]]
[2025.10.05-03.16.31:812][  0]LogConfig: Setting CVar [[r.EmitterSpawnRateScale:1.0]]
[2025.10.05-03.16.31:812][  0]LogConfig: Setting CVar [[r.ParticleLightQuality:2]]
[2025.10.05-03.16.31:812][  0]LogConfig: Setting CVar [[r.SkyAtmosphere.AerialPerspectiveLUT.FastApplyOnOpaque:1 ; Always have FastSkyLUT 1 in this case to avoid wrong sky]]
[2025.10.05-03.16.31:812][  0]LogConfig: Setting CVar [[r.SkyAtmosphere.AerialPerspectiveLUT.SampleCountMaxPerSlice:4]]
[2025.10.05-03.16.31:812][  0]LogConfig: Setting CVar [[r.SkyAtmosphere.AerialPerspectiveLUT.DepthResolution:16.0]]
[2025.10.05-03.16.31:812][  0]LogConfig: Setting CVar [[r.SkyAtmosphere.FastSkyLUT:1]]
[2025.10.05-03.16.31:812][  0]LogConfig: Setting CVar [[r.SkyAtmosphere.FastSkyLUT.SampleCountMin:4.0]]
[2025.10.05-03.16.31:812][  0]LogConfig: Setting CVar [[r.SkyAtmosphere.FastSkyLUT.SampleCountMax:128.0]]
[2025.10.05-03.16.31:812][  0]LogConfig: Setting CVar [[r.SkyAtmosphere.SampleCountMin:4.0]]
[2025.10.05-03.16.31:812][  0]LogConfig: Setting CVar [[r.SkyAtmosphere.SampleCountMax:128.0]]
[2025.10.05-03.16.31:812][  0]LogConfig: Setting CVar [[r.SkyAtmosphere.TransmittanceLUT.UseSmallFormat:0]]
[2025.10.05-03.16.31:812][  0]LogConfig: Setting CVar [[r.SkyAtmosphere.TransmittanceLUT.SampleCount:10.0]]
[2025.10.05-03.16.31:812][  0]LogConfig: Setting CVar [[r.SkyAtmosphere.MultiScatteringLUT.SampleCount:15.0]]
[2025.10.05-03.16.31:812][  0]LogConfig: Setting CVar [[r.SkyLight.RealTimeReflectionCapture:1]]
[2025.10.05-03.16.31:812][  0]LogConfig: Applying CVar settings from Section [FoliageQuality@3] File [D:/LearnData/UnrealProject/UnrealLearn/CPlusTutorial/Saved/Config/Windows/Scalability.ini]
[2025.10.05-03.16.31:812][  0]LogConfig: Setting CVar [[foliage.DensityScale:1.0]]
[2025.10.05-03.16.31:812][  0]LogConfig: Setting CVar [[grass.DensityScale:1.0]]
[2025.10.05-03.16.31:812][  0]LogConfig: Applying CVar settings from Section [ShadingQuality@3] File [D:/LearnData/UnrealProject/UnrealLearn/CPlusTutorial/Saved/Config/Windows/Scalability.ini]
[2025.10.05-03.16.31:812][  0]LogConfig: Setting CVar [[r.HairStrands.SkyLighting.IntegrationType:2]]
[2025.10.05-03.16.31:812][  0]LogConfig: Setting CVar [[r.HairStrands.SkyAO.SampleCount:4]]
[2025.10.05-03.16.31:812][  0]LogConfig: Setting CVar [[r.HairStrands.Visibility.MSAA.SamplePerPixel:4]]
[2025.10.05-03.16.31:812][  0]LogInit: Selected Device Profile: [Windows]
[2025.10.05-03.16.31:812][  0]LogInit: Applying CVar settings loaded from the selected device profile: [Windows]
[2025.10.05-03.16.31:812][  0]LogHAL: Display: Platform has ~ 32 GB [34164101120 / 34359738368 / 32], which maps to Largest [LargestMinGB=32, LargerMinGB=12, DefaultMinGB=8, SmallerMinGB=6, SmallestMinGB=0)
[2025.10.05-03.16.31:812][  0]LogInit: Going up to parent DeviceProfile []
[2025.10.05-03.16.31:812][  0]LogConfig: Applying CVar settings from Section [ViewDistanceQuality@3] File [D:/LearnData/UnrealProject/UnrealLearn/CPlusTutorial/Saved/Config/Windows/Scalability.ini]
[2025.10.05-03.16.31:812][  0]LogConfig: Setting CVar [[r.SkeletalMeshLODBias:0]]
[2025.10.05-03.16.31:812][  0]LogConfig: Setting CVar [[r.ViewDistanceScale:1.0]]
[2025.10.05-03.16.31:812][  0]LogConfig: Applying CVar settings from Section [AntiAliasingQuality@3] File [D:/LearnData/UnrealProject/UnrealLearn/CPlusTutorial/Saved/Config/Windows/Scalability.ini]
[2025.10.05-03.16.31:812][  0]LogConfig: Setting CVar [[r.PostProcessAAQuality:4]]
[2025.10.05-03.16.31:812][  0]LogConfig: Applying CVar settings from Section [ShadowQuality@3] File [D:/LearnData/UnrealProject/UnrealLearn/CPlusTutorial/Saved/Config/Windows/Scalability.ini]
[2025.10.05-03.16.31:812][  0]LogConfig: Setting CVar [[r.LightFunctionQuality:1]]
[2025.10.05-03.16.31:812][  0]LogConfig: Setting CVar [[r.ShadowQuality:5]]
[2025.10.05-03.16.31:813][  0]LogConfig: Setting CVar [[r.Shadow.CSM.MaxCascades:10]]
[2025.10.05-03.16.31:813][  0]LogConfig: Setting CVar [[r.Shadow.MaxResolution:2048]]
[2025.10.05-03.16.31:813][  0]LogConfig: Setting CVar [[r.Shadow.MaxCSMResolution:2048]]
[2025.10.05-03.16.31:813][  0]LogConfig: Setting CVar [[r.Shadow.RadiusThreshold:0.01]]
[2025.10.05-03.16.31:813][  0]LogConfig: Setting CVar [[r.Shadow.DistanceScale:1.0]]
[2025.10.05-03.16.31:813][  0]LogConfig: Setting CVar [[r.Shadow.CSM.TransitionScale:1.0]]
[2025.10.05-03.16.31:813][  0]LogConfig: Setting CVar [[r.Shadow.PreShadowResolutionFactor:1.0]]
[2025.10.05-03.16.31:813][  0]LogConfig: Setting CVar [[r.DistanceFieldShadowing:1]]
[2025.10.05-03.16.31:813][  0]LogConfig: Setting CVar [[r.DistanceFieldAO:1]]
[2025.10.05-03.16.31:813][  0]LogConfig: Setting CVar [[r.AOQuality:2]]
[2025.10.05-03.16.31:813][  0]LogConfig: Setting CVar [[r.VolumetricFog:1]]
[2025.10.05-03.16.31:813][  0]LogConfig: Setting CVar [[r.VolumetricFog.GridPixelSize:8]]
[2025.10.05-03.16.31:813][  0]LogConfig: Setting CVar [[r.VolumetricFog.GridSizeZ:128]]
[2025.10.05-03.16.31:813][  0]LogConfig: Setting CVar [[r.VolumetricFog.HistoryMissSupersampleCount:4]]
[2025.10.05-03.16.31:813][  0]LogConfig: Setting CVar [[r.LightMaxDrawDistanceScale:1]]
[2025.10.05-03.16.31:813][  0]LogConfig: Setting CVar [[r.CapsuleShadows:1]]
[2025.10.05-03.16.31:813][  0]LogConfig: Applying CVar settings from Section [PostProcessQuality@3] File [D:/LearnData/UnrealProject/UnrealLearn/CPlusTutorial/Saved/Config/Windows/Scalability.ini]
[2025.10.05-03.16.31:813][  0]LogConfig: Setting CVar [[r.MotionBlurQuality:4]]
[2025.10.05-03.16.31:813][  0]LogConfig: Setting CVar [[r.AmbientOcclusionMipLevelFactor:0.4]]
[2025.10.05-03.16.31:813][  0]LogConfig: Setting CVar [[r.AmbientOcclusionMaxQuality:100]]
[2025.10.05-03.16.31:813][  0]LogConfig: Setting CVar [[r.AmbientOcclusionLevels:-1]]
[2025.10.05-03.16.31:813][  0]LogConfig: Setting CVar [[r.AmbientOcclusionRadiusScale:1.0]]
[2025.10.05-03.16.31:813][  0]LogConfig: Setting CVar [[r.DepthOfFieldQuality:2]]
[2025.10.05-03.16.31:813][  0]LogConfig: Setting CVar [[r.RenderTargetPoolMin:400]]
[2025.10.05-03.16.31:813][  0]LogConfig: Setting CVar [[r.LensFlareQuality:2]]
[2025.10.05-03.16.31:813][  0]LogConfig: Setting CVar [[r.SceneColorFringeQuality:1]]
[2025.10.05-03.16.31:813][  0]LogConfig: Setting CVar [[r.EyeAdaptationQuality:2]]
[2025.10.05-03.16.31:813][  0]LogConfig: Setting CVar [[r.BloomQuality:5]]
[2025.10.05-03.16.31:813][  0]LogConfig: Setting CVar [[r.FastBlurThreshold:100]]
[2025.10.05-03.16.31:813][  0]LogConfig: Setting CVar [[r.Upscale.Quality:3]]
[2025.10.05-03.16.31:813][  0]LogConfig: Setting CVar [[r.Tonemapper.GrainQuantization:1]]
[2025.10.05-03.16.31:813][  0]LogConfig: Setting CVar [[r.LightShaftQuality:1]]
[2025.10.05-03.16.31:813][  0]LogConfig: Setting CVar [[r.Filter.SizeScale:1]]
[2025.10.05-03.16.31:813][  0]LogConfig: Setting CVar [[r.Tonemapper.Quality:5]]
[2025.10.05-03.16.31:813][  0]LogConfig: Setting CVar [[r.DOF.Gather.AccumulatorQuality:1        ; higher gathering accumulator quality]]
[2025.10.05-03.16.31:813][  0]LogConfig: Setting CVar [[r.DOF.Gather.PostfilterMethod:1          ; Median3x3 postfilering method]]
[2025.10.05-03.16.31:813][  0]LogConfig: Setting CVar [[r.DOF.Gather.EnableBokehSettings:0       ; no bokeh simulation when gathering]]
[2025.10.05-03.16.31:813][  0]LogConfig: Setting CVar [[r.DOF.Gather.RingCount:4                 ; medium number of samples when gathering]]
[2025.10.05-03.16.31:813][  0]LogConfig: Setting CVar [[r.DOF.Scatter.ForegroundCompositing:1    ; additive foreground scattering]]
[2025.10.05-03.16.31:813][  0]LogConfig: Setting CVar [[r.DOF.Scatter.BackgroundCompositing:2    ; additive background scattering]]
[2025.10.05-03.16.31:813][  0]LogConfig: Setting CVar [[r.DOF.Scatter.EnableBokehSettings:1      ; bokeh simulation when scattering]]
[2025.10.05-03.16.31:813][  0]LogConfig: Setting CVar [[r.DOF.Scatter.MaxSpriteRatio:0.1         ; only a maximum of 10% of scattered bokeh]]
[2025.10.05-03.16.31:813][  0]LogConfig: Setting CVar [[r.DOF.Recombine.Quality:1                ; cheap slight out of focus]]
[2025.10.05-03.16.31:813][  0]LogConfig: Setting CVar [[r.DOF.Recombine.EnableBokehSettings:0    ; no bokeh simulation on slight out of focus]]
[2025.10.05-03.16.31:813][  0]LogConfig: Setting CVar [[r.DOF.TemporalAAQuality:1                ; more stable temporal accumulation]]
[2025.10.05-03.16.31:813][  0]LogConfig: Setting CVar [[r.DOF.Kernel.MaxForegroundRadius:0.025]]
[2025.10.05-03.16.31:813][  0]LogConfig: Setting CVar [[r.DOF.Kernel.MaxBackgroundRadius:0.025]]
[2025.10.05-03.16.31:813][  0]LogConfig: Applying CVar settings from Section [TextureQuality@3] File [D:/LearnData/UnrealProject/UnrealLearn/CPlusTutorial/Saved/Config/Windows/Scalability.ini]
[2025.10.05-03.16.31:813][  0]LogConfig: Setting CVar [[r.Streaming.MipBias:0]]
[2025.10.05-03.16.31:813][  0]LogConfig: Setting CVar [[r.Streaming.AmortizeCPUToGPUCopy:0]]
[2025.10.05-03.16.31:813][  0]LogConfig: Setting CVar [[r.Streaming.MaxNumTexturesToStreamPerFrame:0]]
[2025.10.05-03.16.31:813][  0]LogConfig: Setting CVar [[r.Streaming.Boost:1]]
[2025.10.05-03.16.31:813][  0]LogConfig: Setting CVar [[r.MaxAnisotropy:8]]
[2025.10.05-03.16.31:813][  0]LogConfig: Setting CVar [[r.VT.MaxAnisotropy:8]]
[2025.10.05-03.16.31:813][  0]LogConfig: Setting CVar [[r.Streaming.LimitPoolSizeToVRAM:0]]
[2025.10.05-03.16.31:813][  0]LogConfig: Setting CVar [[r.Streaming.PoolSize:1000]]
[2025.10.05-03.16.31:813][  0]LogConfig: Setting CVar [[r.Streaming.MaxEffectiveScreenSize:0]]
[2025.10.05-03.16.31:813][  0]LogConfig: Applying CVar settings from Section [EffectsQuality@3] File [D:/LearnData/UnrealProject/UnrealLearn/CPlusTutorial/Saved/Config/Windows/Scalability.ini]
[2025.10.05-03.16.31:813][  0]LogConfig: Setting CVar [[r.TranslucencyLightingVolumeDim:64]]
[2025.10.05-03.16.31:813][  0]LogConfig: Setting CVar [[r.RefractionQuality:2]]
[2025.10.05-03.16.31:813][  0]LogConfig: Setting CVar [[r.SSR.Quality:3]]
[2025.10.05-03.16.31:813][  0]LogConfig: Setting CVar [[r.SSR.HalfResSceneColor:0]]
[2025.10.05-03.16.31:813][  0]LogConfig: Setting CVar [[r.SceneColorFormat:4]]
[2025.10.05-03.16.31:813][  0]LogConfig: Setting CVar [[r.DetailMode:2]]
[2025.10.05-03.16.31:813][  0]LogConfig: Setting CVar [[r.TranslucencyVolumeBlur:1]]
[2025.10.05-03.16.31:813][  0]LogConfig: Setting CVar [[r.MaterialQualityLevel:1 ; High quality]]
[2025.10.05-03.16.31:813][  0]LogConfig: Setting CVar [[r.AnisotropicMaterials:1]]
[2025.10.05-03.16.31:813][  0]LogConfig: Setting CVar [[r.SSS.Scale:1]]
[2025.10.05-03.16.31:813][  0]LogConfig: Setting CVar [[r.SSS.SampleSet:2]]
[2025.10.05-03.16.31:813][  0]LogConfig: Setting CVar [[r.SSS.Quality:1]]
[2025.10.05-03.16.31:813][  0]LogConfig: Setting CVar [[r.SSS.HalfRes:0]]
[2025.10.05-03.16.31:813][  0]LogConfig: Setting CVar [[r.SSGI.Quality:3]]
[2025.10.05-03.16.31:813][  0]LogConfig: Setting CVar [[r.EmitterSpawnRateScale:1.0]]
[2025.10.05-03.16.31:813][  0]LogConfig: Setting CVar [[r.ParticleLightQuality:2]]
[2025.10.05-03.16.31:813][  0]LogConfig: Setting CVar [[r.SkyAtmosphere.AerialPerspectiveLUT.FastApplyOnOpaque:1 ; Always have FastSkyLUT 1 in this case to avoid wrong sky]]
[2025.10.05-03.16.31:813][  0]LogConfig: Setting CVar [[r.SkyAtmosphere.AerialPerspectiveLUT.SampleCountMaxPerSlice:4]]
[2025.10.05-03.16.31:813][  0]LogConfig: Setting CVar [[r.SkyAtmosphere.AerialPerspectiveLUT.DepthResolution:16.0]]
[2025.10.05-03.16.31:813][  0]LogConfig: Setting CVar [[r.SkyAtmosphere.FastSkyLUT:1]]
[2025.10.05-03.16.31:813][  0]LogConfig: Setting CVar [[r.SkyAtmosphere.FastSkyLUT.SampleCountMin:4.0]]
[2025.10.05-03.16.31:813][  0]LogConfig: Setting CVar [[r.SkyAtmosphere.FastSkyLUT.SampleCountMax:128.0]]
[2025.10.05-03.16.31:813][  0]LogConfig: Setting CVar [[r.SkyAtmosphere.SampleCountMin:4.0]]
[2025.10.05-03.16.31:813][  0]LogConfig: Setting CVar [[r.SkyAtmosphere.SampleCountMax:128.0]]
[2025.10.05-03.16.31:813][  0]LogConfig: Setting CVar [[r.SkyAtmosphere.TransmittanceLUT.UseSmallFormat:0]]
[2025.10.05-03.16.31:813][  0]LogConfig: Setting CVar [[r.SkyAtmosphere.TransmittanceLUT.SampleCount:10.0]]
[2025.10.05-03.16.31:813][  0]LogConfig: Setting CVar [[r.SkyAtmosphere.MultiScatteringLUT.SampleCount:15.0]]
[2025.10.05-03.16.31:813][  0]LogConfig: Setting CVar [[r.SkyLight.RealTimeReflectionCapture:1]]
[2025.10.05-03.16.31:813][  0]LogConfig: Applying CVar settings from Section [FoliageQuality@3] File [D:/LearnData/UnrealProject/UnrealLearn/CPlusTutorial/Saved/Config/Windows/Scalability.ini]
[2025.10.05-03.16.31:813][  0]LogConfig: Setting CVar [[foliage.DensityScale:1.0]]
[2025.10.05-03.16.31:813][  0]LogConfig: Setting CVar [[grass.DensityScale:1.0]]
[2025.10.05-03.16.31:813][  0]LogConfig: Applying CVar settings from Section [ShadingQuality@3] File [D:/LearnData/UnrealProject/UnrealLearn/CPlusTutorial/Saved/Config/Windows/Scalability.ini]
[2025.10.05-03.16.31:813][  0]LogConfig: Setting CVar [[r.HairStrands.SkyLighting.IntegrationType:2]]
[2025.10.05-03.16.31:813][  0]LogConfig: Setting CVar [[r.HairStrands.SkyAO.SampleCount:4]]
[2025.10.05-03.16.31:813][  0]LogConfig: Setting CVar [[r.HairStrands.Visibility.MSAA.SamplePerPixel:4]]
[2025.10.05-03.16.31:813][  0]LogConfig: Applying CVar settings from Section [Startup] File [../../../Engine/Config/ConsoleVariables.ini]
[2025.10.05-03.16.31:814][  0]LogConfig: Setting CVar [[net.UseAdaptiveNetUpdateFrequency:0]]
[2025.10.05-03.16.31:814][  0]LogConfig: Setting CVar [[p.chaos.AllowCreatePhysxBodies:1]]
[2025.10.05-03.16.31:814][  0]LogConfig: Setting CVar [[fx.SkipVectorVMBackendOptimizations:1]]
[2025.10.05-03.16.31:814][  0]LogConfig: Applying CVar settings from Section [ConsoleVariables] File [D:/LearnData/UnrealProject/UnrealLearn/CPlusTutorial/Saved/Config/Windows/Engine.ini]
[2025.10.05-03.16.31:814][  0]LogConfig: Applying CVar settings from Section [ConsoleVariables] File [D:/LearnData/UnrealProject/UnrealLearn/CPlusTutorial/Saved/Config/Windows/Editor.ini]
[2025.10.05-03.16.31:814][  0]LogInit: Computer: MIU
[2025.10.05-03.16.31:814][  0]LogInit: User: 23932
[2025.10.05-03.16.31:814][  0]LogInit: CPU Page size=4096, Cores=6
[2025.10.05-03.16.31:814][  0]LogInit: High frequency timer resolution =10.000000 MHz
[2025.10.05-03.16.31:814][  0]LogMemory: Memory total: Physical=31.8GB (32GB approx)
[2025.10.05-03.16.31:814][  0]LogMemory: Platform Memory Stats for Windows
[2025.10.05-03.16.31:814][  0]LogMemory: Process Physical Memory: 153.31 MB used, 153.31 MB peak
[2025.10.05-03.16.31:814][  0]LogMemory: Process Virtual Memory: 126.18 MB used, 126.18 MB peak
[2025.10.05-03.16.31:814][  0]LogMemory: Physical Memory: 8994.90 MB used,  23586.52 MB free, 32581.43 MB total
[2025.10.05-03.16.31:814][  0]LogMemory: Virtual Memory: 134189624.00 MB used,  28100.85 MB free, 134217728.00 MB total
[2025.10.05-03.16.31:821][  0]LogWindows: WindowsPlatformFeatures enabled
[2025.10.05-03.16.31:877][  0]LogInit: Physics initialised using underlying interface: PhysX
[2025.10.05-03.16.31:877][  0]LogInit: Overriding language with editor language configuration option (zh-Hans).
[2025.10.05-03.16.31:877][  0]LogInit: Overriding language with editor locale configuration option (zh).
[2025.10.05-03.16.32:030][  0]LogTextLocalizationResource: LocRes '../../../Engine/Content/Localization/Editor/zh/Editor.locres' could not be opened for reading!
[2025.10.05-03.16.32:030][  0]LogTextLocalizationResource: LocRes '../../../Engine/Content/Localization/EditorTutorials/zh/EditorTutorials.locres' could not be opened for reading!
[2025.10.05-03.16.32:030][  0]LogTextLocalizationResource: LocRes '../../../Engine/Content/Localization/Keywords/zh/Keywords.locres' could not be opened for reading!
[2025.10.05-03.16.32:030][  0]LogTextLocalizationResource: LocRes '../../../Engine/Content/Localization/Category/zh/Category.locres' could not be opened for reading!
[2025.10.05-03.16.32:030][  0]LogTextLocalizationResource: LocRes '../../../Engine/Content/Localization/ToolTips/zh/ToolTips.locres' could not be opened for reading!
[2025.10.05-03.16.32:030][  0]LogTextLocalizationResource: LocRes '../../../Engine/Content/Localization/PropertyNames/zh/PropertyNames.locres' could not be opened for reading!
[2025.10.05-03.16.32:031][  0]LogTextLocalizationResource: LocRes '../../../Engine/Content/Localization/Engine/zh/Engine.locres' could not be opened for reading!
[2025.10.05-03.16.32:031][  0]LogTextLocalizationResource: LocRes '../../../Engine/Plugins/Online/OnlineSubsystem/Content/Localization/OnlineSubsystem/zh/OnlineSubsystem.locres' could not be opened for reading!
[2025.10.05-03.16.32:031][  0]LogTextLocalizationResource: LocRes '../../../Engine/Plugins/Online/OnlineSubsystemUtils/Content/Localization/OnlineSubsystemUtils/zh/OnlineSubsystemUtils.locres' could not be opened for reading!
[2025.10.05-03.16.32:031][  0]LogTextLocalizationResource: LocRes '../../../Engine/Plugins/Online/Android/OnlineSubsystemGooglePlay/Content/Localization/OnlineSubsystemGooglePlay/zh/OnlineSubsystemGooglePlay.locres' could not be opened for reading!
[2025.10.05-03.16.32:031][  0]LogTextLocalizationResource: LocRes '../../../Engine/Plugins/Online/IOS/OnlineSubsystemIOS/Content/Localization/OnlineSubsystemIOS/zh/OnlineSubsystemIOS.locres' could not be opened for reading!
[2025.10.05-03.16.32:082][  0]LogInit: Setting process to per monitor DPI aware
[2025.10.05-03.16.32:177][  0]LogWindowsTextInputMethodSystem: Display: IME system deactivated.
[2025.10.05-03.16.32:196][  0]LogSlate: New Slate User Created.  User Index 0, Is Virtual User: 0
[2025.10.05-03.16.32:196][  0]LogSlate: Slate User Registered.  User Index 0, Is Virtual User: 0
[2025.10.05-03.16.32:289][  0]LogD3D11RHI: Loaded GFSDK_Aftermath_Lib.x64.dll
[2025.10.05-03.16.32:304][  0]LogHMD: Failed to initialize OpenVR with code 110
[2025.10.05-03.16.32:304][  0]LogD3D11RHI: D3D11 min allowed feature level: 11_0
[2025.10.05-03.16.32:304][  0]LogD3D11RHI: D3D11 max allowed feature level: 11_0
[2025.10.05-03.16.32:304][  0]LogD3D11RHI: D3D11 adapters:
[2025.10.05-03.16.32:548][  0]LogD3D11RHI:    0. 'NVIDIA GeForce RTX 3060 Ti' (Feature Level 11_0)
[2025.10.05-03.16.32:548][  0]LogD3D11RHI:       8024/0/16290 MB DedicatedVideo/DedicatedSystem/SharedSystem, Outputs:1, VendorId:0x10de
[2025.10.05-03.16.32:553][  0]LogD3D11RHI:    1. 'Microsoft Basic Render Driver' (Feature Level 11_0)
[2025.10.05-03.16.32:553][  0]LogD3D11RHI:       0/0/16290 MB DedicatedVideo/DedicatedSystem/SharedSystem, Outputs:0, VendorId:0x1414
[2025.10.05-03.16.32:553][  0]LogD3D11RHI: Chosen D3D11 Adapter:
[2025.10.05-03.16.32:553][  0]LogD3D11RHI:     Description : NVIDIA GeForce RTX 3060 Ti
[2025.10.05-03.16.32:553][  0]LogD3D11RHI:     VendorId    : 10de
[2025.10.05-03.16.32:553][  0]LogD3D11RHI:     DeviceId    : 2489
[2025.10.05-03.16.32:553][  0]LogD3D11RHI:     SubSysId    : 39031462
[2025.10.05-03.16.32:553][  0]LogD3D11RHI:     Revision    : 00a1
[2025.10.05-03.16.32:553][  0]LogD3D11RHI:     DedicatedVideoMemory : 8413773824 bytes
[2025.10.05-03.16.32:553][  0]LogD3D11RHI:     DedicatedSystemMemory : 0 bytes
[2025.10.05-03.16.32:553][  0]LogD3D11RHI:     SharedSystemMemory : 17082050560 bytes
[2025.10.05-03.16.32:553][  0]LogD3D11RHI:     AdapterLuid : 0 66254
[2025.10.05-03.16.32:559][  0]LogD3D11RHI: Creating new Direct3DDevice
[2025.10.05-03.16.32:559][  0]LogD3D11RHI:     GPU DeviceId: 0x2489 (for the marketing name, search the web for "GPU Device Id")
[2025.10.05-03.16.32:559][  0]LogWindows: EnumDisplayDevices:
[2025.10.05-03.16.32:560][  0]LogWindows:    0. 'NVIDIA GeForce RTX 3060 Ti' (P:1 D:1)
[2025.10.05-03.16.32:560][  0]LogWindows:    1. 'NVIDIA GeForce RTX 3060 Ti' (P:0 D:0)
[2025.10.05-03.16.32:560][  0]LogWindows:    2. 'NVIDIA GeForce RTX 3060 Ti' (P:0 D:0)
[2025.10.05-03.16.32:560][  0]LogWindows:    3. 'NVIDIA GeForce RTX 3060 Ti' (P:0 D:0)
[2025.10.05-03.16.32:560][  0]LogWindows: DebugString: FoundDriverCount:4 
[2025.10.05-03.16.32:560][  0]LogD3D11RHI:     Adapter Name: NVIDIA GeForce RTX 3060 Ti
[2025.10.05-03.16.32:560][  0]LogD3D11RHI:   Driver Version: 580.88 (internal:32.0.15.8088, unified:580.88)
[2025.10.05-03.16.32:560][  0]LogD3D11RHI:      Driver Date: 7-27-2025
[2025.10.05-03.16.32:560][  0]LogRHI: Texture pool is 5616 MB (70% of 8024 MB)
[2025.10.05-03.16.32:560][  0]LogD3D11RHI: Creating D3DDevice using adapter:
[2025.10.05-03.16.32:560][  0]LogD3D11RHI:     Description : NVIDIA GeForce RTX 3060 Ti
[2025.10.05-03.16.32:561][  0]LogD3D11RHI:     VendorId    : 10de
[2025.10.05-03.16.32:561][  0]LogD3D11RHI:     DeviceId    : 2489
[2025.10.05-03.16.32:561][  0]LogD3D11RHI:     SubSysId    : 39031462
[2025.10.05-03.16.32:561][  0]LogD3D11RHI:     Revision    : 00a1
[2025.10.05-03.16.32:561][  0]LogD3D11RHI:     DedicatedVideoMemory : 8413773824 bytes
[2025.10.05-03.16.32:561][  0]LogD3D11RHI:     DedicatedSystemMemory : 0 bytes
[2025.10.05-03.16.32:561][  0]LogD3D11RHI:     SharedSystemMemory : 17082050560 bytes
[2025.10.05-03.16.32:561][  0]LogD3D11RHI:     AdapterLuid : 0 66254
[2025.10.05-03.16.32:726][  0]LogD3D11RHI: RHI has support for 64 bit atomics
[2025.10.05-03.16.32:727][  0]LogD3D11RHI: Async texture creation enabled
[2025.10.05-03.16.32:727][  0]LogD3D11RHI: Array index from any shader is supported
[2025.10.05-03.16.32:728][  0]LogD3D11RHI: HDR output is supported on display 0 (NvId: 0x80061080).
[2025.10.05-03.16.32:752][  0]LogD3D11RHI: GPU Timing Frequency: 1000.000000 (Debug: 2 2)
[2025.10.05-03.16.32:795][  0]LogRHI: GeForceNow SDK initialized: 1
[2025.10.05-03.16.33:176][  0]LogTargetPlatformManager: Display: Loaded TargetPlatform 'AllDesktop'
[2025.10.05-03.16.33:198][  0]LogTargetPlatformManager: Display: Loaded TargetPlatform 'Android'
[2025.10.05-03.16.33:198][  0]LogTargetPlatformManager: Display: Loaded TargetPlatform 'Android_ASTC'
[2025.10.05-03.16.33:198][  0]LogTargetPlatformManager: Display: Loaded TargetPlatform 'Android_DXT'
[2025.10.05-03.16.33:198][  0]LogTargetPlatformManager: Display: Loaded TargetPlatform 'Android_ETC2'
[2025.10.05-03.16.33:198][  0]LogTargetPlatformManager: Display: Loaded TargetPlatform 'AndroidClient'
[2025.10.05-03.16.33:198][  0]LogTargetPlatformManager: Display: Loaded TargetPlatform 'Android_ASTCClient'
[2025.10.05-03.16.33:198][  0]LogTargetPlatformManager: Display: Loaded TargetPlatform 'Android_DXTClient'
[2025.10.05-03.16.33:198][  0]LogTargetPlatformManager: Display: Loaded TargetPlatform 'Android_ETC2Client'
[2025.10.05-03.16.33:198][  0]LogTargetPlatformManager: Display: Loaded TargetPlatform 'Android_Multi'
[2025.10.05-03.16.33:198][  0]LogTargetPlatformManager: Display: Loaded TargetPlatform 'Android_MultiClient'
[2025.10.05-03.16.33:219][  0]LogTargetPlatformManager: Display: Loaded TargetPlatform 'IOSClient'
[2025.10.05-03.16.33:219][  0]LogTargetPlatformManager: Display: Loaded TargetPlatform 'IOS'
[2025.10.05-03.16.33:231][  0]LogTargetPlatformManager: Display: Loaded TargetPlatform 'Linux'
[2025.10.05-03.16.33:238][  0]LogTargetPlatformManager: Display: Loaded TargetPlatform 'LinuxNoEditor'
[2025.10.05-03.16.33:243][  0]LogTargetPlatformManager: Display: Loaded TargetPlatform 'LinuxClient'
[2025.10.05-03.16.33:248][  0]LogTargetPlatformManager: Display: Loaded TargetPlatform 'LinuxServer'
[2025.10.05-03.16.33:257][  0]LogTargetPlatformManager: Display: Loaded TargetPlatform 'LinuxAArch64NoEditor'
[2025.10.05-03.16.33:261][  0]LogTargetPlatformManager: Display: Loaded TargetPlatform 'LinuxAArch64Client'
[2025.10.05-03.16.33:267][  0]LogTargetPlatformManager: Display: Loaded TargetPlatform 'LinuxAArch64Server'
[2025.10.05-03.16.33:287][  0]LogTargetPlatformManager: Display: Loaded TargetPlatform 'Lumin'
[2025.10.05-03.16.33:289][  0]LogTargetPlatformManager: Display: Loaded TargetPlatform 'LuminClient'
[2025.10.05-03.16.33:296][  0]LogTargetPlatformManager: Display: Loaded TargetPlatform 'MacNoEditor'
[2025.10.05-03.16.33:302][  0]LogTargetPlatformManager: Display: Loaded TargetPlatform 'Mac'
[2025.10.05-03.16.33:307][  0]LogTargetPlatformManager: Display: Loaded TargetPlatform 'MacClient'
[2025.10.05-03.16.33:312][  0]LogTargetPlatformManager: Display: Loaded TargetPlatform 'MacServer'
[2025.10.05-03.16.33:327][  0]LogTargetPlatformManager: Display: Loaded TargetPlatform 'TVOSClient'
[2025.10.05-03.16.33:327][  0]LogTargetPlatformManager: Display: Loaded TargetPlatform 'TVOS'
[2025.10.05-03.16.33:338][  0]LogTargetPlatformManager: Display: Loaded TargetPlatform 'WindowsNoEditor'
[2025.10.05-03.16.33:343][  0]LogTargetPlatformManager: Display: Loaded TargetPlatform 'Windows'
[2025.10.05-03.16.33:348][  0]LogTargetPlatformManager: Display: Loaded TargetPlatform 'WindowsClient'
[2025.10.05-03.16.33:353][  0]LogTargetPlatformManager: Display: Loaded TargetPlatform 'WindowsServer'
[2025.10.05-03.16.33:353][  0]LogTargetPlatformManager: Display: Building Assets For Windows
[2025.10.05-03.16.33:362][  0]LogAudioDebug: Display: Lib vorbis DLL was dynamically loaded.
[2025.10.05-03.16.33:402][  0]LogTextureFormatOodle: Display: Oodle Texture 2.9.0 init RDO Off
[2025.10.05-03.16.33:449][  0]LogRendererCore: Ray tracing is disabled. Reason: r.RayTracing=0.
[2025.10.05-03.16.33:449][  0]LogShaderCompilers: Guid format shader working directory is -6 characters bigger than the processId version (D:/LearnData/UnrealProject/UnrealLearn/CPlusTutorial/Intermediate/Shaders/WorkingDirectory/9368/).
[2025.10.05-03.16.33:449][  0]LogShaderCompilers: Cleaned the shader compiler working directory 'C:/Users/23932/AppData/Local/Temp/UnrealShaderWorkingDir/FCC7C394442CBD3A34E5ADBF938EA5AA/'.
[2025.10.05-03.16.33:449][  0]LogXGEController: Cannot use XGE Controller as Incredibuild is not installed on this machine.
[2025.10.05-03.16.33:449][  0]LogShaderCompilers: Cannot use XGE Shader Compiler as Incredibuild is not installed on this machine.
[2025.10.05-03.16.33:449][  0]LogShaderCompilers: Display: Using Local Shader Compiler.
[2025.10.05-03.16.34:317][  0]LogDerivedDataCache: Display: Max Cache Size: 512 MB
[2025.10.05-03.16.34:385][  0]LogDerivedDataCache: Loaded boot cache 0.07s 99MB C:/Users/23932/AppData/Local/UnrealEngine/4.27/DerivedDataCache/Boot.ddc.
[2025.10.05-03.16.34:385][  0]LogDerivedDataCache: Display: Loaded Boot cache: C:/Users/23932/AppData/Local/UnrealEngine/4.27/DerivedDataCache/Boot.ddc
[2025.10.05-03.16.34:385][  0]LogDerivedDataCache: FDerivedDataBackendGraph:  Pak pak cache file D:/LearnData/UnrealProject/UnrealLearn/CPlusTutorial/DerivedDataCache/DDC.ddp not found, will not use a pak cache.
[2025.10.05-03.16.34:385][  0]LogDerivedDataCache: Unable to find inner node Pak for hierarchical cache Hierarchy.
[2025.10.05-03.16.34:385][  0]LogDerivedDataCache: FDerivedDataBackendGraph:  CompressedPak pak cache file D:/LearnData/UnrealProject/UnrealLearn/CPlusTutorial/DerivedDataCache/Compressed.ddp not found, will not use a pak cache.
[2025.10.05-03.16.34:385][  0]LogDerivedDataCache: Unable to find inner node CompressedPak for hierarchical cache Hierarchy.
[2025.10.05-03.16.34:406][  0]LogDerivedDataCache: Display: Pak cache opened for reading ../../../Engine/DerivedDataCache/Compressed.ddp.
[2025.10.05-03.16.34:406][  0]LogDerivedDataCache: FDerivedDataBackendGraph:  EnterprisePak pak cache file ../../../Enterprise/DerivedDataCache/Compressed.ddp not found, will not use a pak cache.
[2025.10.05-03.16.34:406][  0]LogDerivedDataCache: Unable to find inner node EnterprisePak for hierarchical cache Hierarchy.
[2025.10.05-03.16.34:419][  0]LogDerivedDataCache: Speed tests for C:/Users/23932/AppData/Local/UnrealEngine/Common/DerivedDataCache took 0.01 seconds
[2025.10.05-03.16.34:419][  0]LogDerivedDataCache: Display: Performance to C:/Users/23932/AppData/Local/UnrealEngine/Common/DerivedDataCache: Latency=0.02ms. RandomReadSpeed=1410.33MBs, RandomWriteSpeed=79.50MBs. Assigned SpeedClass 'Local'
[2025.10.05-03.16.34:420][  0]LogDerivedDataCache: Using Local data cache path C:/Users/23932/AppData/Local/UnrealEngine/Common/DerivedDataCache: Writable
[2025.10.05-03.16.34:420][  0]LogDerivedDataCache: Shared data cache path not found in *engine.ini, will not use an Shared cache.
[2025.10.05-03.16.34:420][  0]LogDerivedDataCache: Unable to find inner node Shared for hierarchical cache Hierarchy.
[2025.10.05-03.16.34:476][  0]LogSlate: Using FreeType 2.10.0
[2025.10.05-03.16.34:476][  0]LogSlate: SlateFontServices - WITH_FREETYPE: 1, WITH_HARFBUZZ: 1
[2025.10.05-03.16.34:506][  0]LogAssetRegistry: FAssetRegistry took 0.0041 seconds to start up
[2025.10.05-03.16.34:752][  0]LogInit: Selected Device Profile: [Windows]
[2025.10.05-03.16.34:752][  0]LogInit: Active device profile: [0000021F4E4CB400][0000021F4A93ABC0 49] Windows
[2025.10.05-03.16.34:752][  0]LogInit: Profiles: [0000021F4E4CB400][0000021F4A93ABC0 49] Windows, [0000021F4E484E00][0000021F4AC2AD40 49] WindowsNoEditor, [0000021F4E4C8E00][0000021F4AC2EEC0 49] WindowsServer, [0000021F4E486900][0000021F4AC33040 49] WindowsClient, [0000021F4E4CA900][0000021F4AC371C0 49] IOS, [0000021F4E487300][0000021F4AC3B340 49] iPadAir, [0000021F4E4CB200][0000021F4AC3F4C0 49] iPadAir2, [0000021F4E433500][0000021F4AC47780 49] IPadPro, [0000021F4E433600][0000021F4AC437C0 49] iPadAir3, [0000021F4E4C8300][0000021F45389940 49] iPadAir4, [0000021F4E431300][0000021F4538DAC0 49] iPadMini2, [0000021F4E4C9A00][0000021F453900C0 49] iPadMini3, [0000021F4E430B00][0000021F45394240 49] iPadMini4, [0000021F4E4C8700][0000021F453983C0 49] iPadMini5, [0000021F4E482700][0000021F453A0680 49] iPhone6, [0000021F4E482800][0000021F4539C6C0 49] iPodTouch6, [0000021F4E432100][0000021F453A4900 49] iPhone7, [0000021F4E432200][0000021F34598940 49] iPodTouch7, [0000021F4E481200][0000021F453A8A80 49] iPhone5S, [0000021F4E431D00][0000021F453ACBC0 49] iPhone6Plus, [0000021F4E482500][0000021F453B4D40 49] iPhone6S, [0000021F4E433800][0000021F453B8EC0 49] iPhone6SPlus, [0000021F4E483800][0000021F453BD040 49] iPhone7Plus, [0000021F4E431200][0000021F453C11C0 49] iPhoneSE, [0000021F4E480300][0000021F453C5340 49] iPhone8, [0000021F4E433A00][0000021F453C94C0 49] iPhone8Plus, [0000021F4E480100][0000021F453CD640 49] iPhoneX, [0000021F4E432300][0000021F453D17C0 49] iPhoneXS, [0000021F4E480A00][0000021F453D5940 49] iPhoneXSMax, [0000021F4E430F00][0000021F4AA15AC0 49] iPhoneXR, [0000021F4E483700][0000021F4AA180C0 49] iPhone11, [0000021F4E432D00][0000021F4AA1C240 49] iPhone11Pro, [0000021F4E482900][0000021F4AA203C0 49] iPhone11ProMax, [0000021F4E433700][0000021F4AA24540 49] iPhoneSE2, [0000021F4E482D00][0000021F4AA286C0 49] iPhone12Mini, [0000021F4E433D00][0000021F4AA2C840 49] iPhone12, [0000021F4E481900][0000021F453B0980 49] iPhone12Pro, [0000021F4E431000][0000021F4AA30AC0 49] iPhone12ProMax, [0000021F4E483F00][0000021F4AA34C00 49] iPadPro105, [0000021F4E432400][0000021F4AA38D40 49] iPadPro129, [0000021F4E481D00][0000021F4AA40EC0 49] iPadPro97, [0000021F4E431A00][0000021F4AA45040 49] iPadPro2_129, [0000021F4E481C00][0000021F4AA491C0 49] iPad5, [0000021F4E430800][0000021F4AA4D340 49] iPad6, [0000021F4E483900][0000021F4AA514C0 49] iPad7, [0000021F4E430E00][0000021F4AA55640 49] iPad8, [0000021F4E483600][0000021F4AA597C0 49] iPadPro11, [0000021F4E431B00][0000021F4AA5D940 49] iPadPro2_11, [0000021F4E480700][0000021F4AA61AC0 49] iPadPro3_129, [0000021F4E432E00][0000021F4AA640C0 49] iPadPro4_129, [0000021F4E482C00][0000021F4AA68240 49] AppleTV, [0000021F4E433000][0000021F4AA6C3C0 49] AppleTV4K, [0000021F4E484100][0000021F4AA70540 49] TVOS, [0000021F4E510800][0000021F4AA746C0 49] Mac, [0000021F4E485600][0000021F4AA78840 49] MacClient, [0000021F4E510C00][0000021F4AA7C9C0 49] MacNoEditor, [0000021F4E484C00][0000021F4AA80B40 49] MacServer, [0000021F4E511C00][0000021F4AA3CC80 49] Linux, [0000021F4E484500][0000021F4AA84DC0 49] LinuxAArch64, [0000021F4E511000][0000021F4AA88F00 49] LinuxNoEditor, [0000021F4E484700][0000021F4AA91080 49] LinuxAArch64NoEditor, [0000021F4E510200][0000021F4D865200 49] LinuxClient, [0000021F4E487000][0000021F4D869380 49] LinuxAArch64Client, [0000021F4E511700][0000021F4D86D500 49] LinuxServer, [0000021F4E486500][0000021F4D871680 49] LinuxAArch64Server, [0000021F4E511B00][0000021F4D875800 49] Android, [0000021F4E485500][0000021F4D879980 49] Android_Low, [0000021F4E511E00][0000021F4D87DB00 49] Android_Mid, [0000021F4E484900][0000021F4D880100 49] Android_High, [0000021F4E510A00][0000021F4D884280 49] Android_Default, [0000021F4E486F00][0000021F4D888400 49] Android_Adreno4xx, [0000021F4E510400][0000021F4D88C580 49] Android_Adreno5xx_Low, [0000021F4E484A00][0000021F4D890700 49] Android_Adreno5xx, [0000021F4E511100][0000021F4D894880 49] Android_Adreno6xx, [0000021F4E431900][0000021F4D898A00 49] Android_Adreno6xx_Vulkan, [0000021F4E480500][0000021F4D89CB80 49] Android_Mali_T6xx, [0000021F4E431E00][0000021F4D8A0D00 49] Android_Mali_T7xx, [0000021F4E481300][0000021F4AA8CE40 49] Android_Mali_T8xx, [0000021F4E430D00][0000021F4D8A4F80 49] Android_Mali_G71, [0000021F4E511D00][0000021F4D8A90C0 49] Android_Mali_G72, [0000021F4E430300][0000021F4D8B1240 49] Android_Mali_G72_Vulkan, [0000021F4E512400][0000021F4D8B53C0 49] Android_Mali_G76, [0000021F4E432F00][0000021F4D8B9540 49] Android_Mali_G76_Vulkan, [0000021F4E512600][0000021F4D8BD6C0 49] Android_Mali_G77, [0000021F4E431500][0000021F4D8C1840 49] Android_Mali_G77_Vulkan, [0000021F4E512500][0000021F4D8C59C0 49] Android_Mali_G78, [0000021F4E431700][0000021F4D8C9B40 49] Android_Mali_G78_Vulkan, [0000021F4E511900][0000021F4D8CC140 49] Android_Mali_G710, [0000021F4E433400][0000021F4D8D02C0 49] Android_Mali_G710_Vulkan, [0000021F4E510600][0000021F4D8D4440 49] Android_Vulkan_SM5, [0000021F4E430200][0000021F4D8D85C0 49] Android_PowerVR_G6xxx, [0000021F4E512300][0000021F4D8DC740 49] Android_PowerVR_GT7xxx, [0000021F4E430100][0000021F4D8E08C0 49] Android_PowerVR_GE8xxx, [0000021F4E510E00][0000021F4D8E4A40 49] Android_PowerVR_GM9xxx, [0000021F4E432C00][0000021F4D8E8BC0 49] Android_PowerVR_GM9xxx_Vulkan, [0000021F4E511200][0000021F4D8ECD40 49] Android_TegraK1, [0000021F4E430C00][0000021F4E900EC0 49] Android_Unknown_Vulkan, [0000021F4E512100][0000021F4D8AD000 49] Lumin, [0000021F4E432000][0000021F4E905140 49] Lumin_Desktop, [0000021F4E482600][0000021F4E909280 49] HoloLens, 
[2025.10.05-03.16.34:904][  0]LogMeshReduction: Using QuadricMeshReduction for automatic static mesh reduction
[2025.10.05-03.16.34:904][  0]LogMeshReduction: Using SimplygonMeshReduction for automatic skeletal mesh reduction
[2025.10.05-03.16.34:904][  0]LogMeshReduction: Using ProxyLODMeshReduction for automatic mesh merging
[2025.10.05-03.16.34:904][  0]LogMeshReduction: No distributed automatic mesh merging module available
[2025.10.05-03.16.34:904][  0]LogMeshMerging: No distributed automatic mesh merging module available
[2025.10.05-03.16.34:919][  0]LogNetVersion: CPlusTutorial 1.0.0, NetCL: 17155196, EngineNetVer: 17, GameNetVer: 0 (Checksum: 88783510)
[2025.10.05-03.16.35:346][  0]LogTexture: Default maximum texture size for cubemaps generated from long-lat sources has been changed from 512 to unlimited. In order to preserve old behaiour for '/Engine/MapTemplates/Sky/DaylightAmbientCubemap.DaylightAmbientCubemap', its maximum texture size has been explicitly set to 512.
[2025.10.05-03.16.35:400][  0]LogHMD: PokeAHoleMaterial loaded successfully
[2025.10.05-03.16.35:405][  0]LogUObjectArray: 17178 objects as part of root set at end of initial load.
[2025.10.05-03.16.35:405][  0]LogUObjectAllocator: 4302048 out of 0 bytes used by permanent object pool.
[2025.10.05-03.16.35:405][  0]LogUObjectArray: CloseDisregardForGC: 0/0 objects in disregard for GC pool
[2025.10.05-03.16.35:795][  0]LogNiagaraDebuggerClient: Niagara Debugger Client Initialized | Session: 66F1FAAF4CF902FC2AF7E8AF5CCF4FEC | Instance: D8C81C4A4E46E7B7173126A72A068802 (MIU-9368).
[2025.10.05-03.16.35:934][  0]LogTcpMessaging: Initializing TcpMessaging bridge
[2025.10.05-03.16.35:941][  0]LogUdpMessaging: Initializing bridge on interface 0.0.0.0:0 to multicast group 230.0.0.1:6666.
[2025.10.05-03.16.36:002][  0]LogPython: Using Python 3.7.7
[2025.10.05-03.16.37:373][  0]SourceControl: 源码管理已禁用
[2025.10.05-03.16.37:373][  0]SourceControl: 源码管理已禁用
[2025.10.05-03.16.37:378][  0]SourceControl: 源码管理已禁用
[2025.10.05-03.16.37:381][  0]SourceControl: 源码管理已禁用
[2025.10.05-03.16.37:394][  0]SourceControl: 源码管理已禁用
[2025.10.05-03.16.37:402][  0]LogUProjectInfo: Found projects:
[2025.10.05-03.16.37:479][  0]LogAndroidPermission: UAndroidPermissionCallbackProxy::GetInstance
[2025.10.05-03.16.37:509][  0]LogAudioCaptureCore: Display: No Audio Capture implementations found. Audio input will be silent.
[2025.10.05-03.16.37:509][  0]LogAudioCaptureCore: Display: No Audio Capture implementations found. Audio input will be silent.
[2025.10.05-03.16.37:816][  0]LogOpenImageDenoise: OIDN starting up
[2025.10.05-03.16.37:826][  0]LogCollectionManager: Loaded 0 collections in 0.001455 seconds
[2025.10.05-03.16.37:854][  0]LogFileCache: Scanning file cache for directory 'D:/LearnData/UnrealProject/UnrealLearn/CPlusTutorial/Saved/Collections/' took 0.00s
[2025.10.05-03.16.37:854][  0]LogFileCache: Scanning file cache for directory 'D:/LearnData/UnrealProject/UnrealLearn/CPlusTutorial/Content/Developers/23932/Collections/' took 0.00s
[2025.10.05-03.16.37:854][  0]LogFileCache: Scanning file cache for directory 'D:/LearnData/UnrealProject/UnrealLearn/CPlusTutorial/Content/Collections/' took 0.00s
[2025.10.05-03.16.37:854][  0]LogOcInput: OculusInput pre-init called
[2025.10.05-03.16.38:139][  0]LogEngine: Initializing Engine...
[2025.10.05-03.16.38:155][  0]LogHMD: Failed to enumerate extensions. Please check that you have a valid OpenXR runtime installed.
[2025.10.05-03.16.38:156][  0]LogHMD: Failed to initialize OpenVR with code 110
[2025.10.05-03.16.38:156][  0]LogMagicLeap: Warning: VR disabled because ZI is not enabled.  To enable, in the editor, Edit -> Project Settings -> Plugins -> Magic Leap Plugin -> Enable Zero Iteration
[2025.10.05-03.16.38:157][  0]LogStats: UGameplayTagsManager::InitializeManager -  0.000 s
[2025.10.05-03.16.38:292][  0]LogInit: Initializing FReadOnlyCVARCache
[2025.10.05-03.16.38:301][  0]LogAIModule: Creating AISystem for world Untitled
[2025.10.05-03.16.38:302][  0]LogAudio: Display: Initializing Audio Device Manager...
[2025.10.05-03.16.38:306][  0]LogAudio: Display: Loading Default Audio Settings Objects...
[2025.10.05-03.16.38:307][  0]LogAudio: Display: No default SoundConcurrencyObject specified (or failed to load).
[2025.10.05-03.16.38:307][  0]LogAudio: Display: Audio Device Manager Initialized
[2025.10.05-03.16.38:307][  0]LogAudio: Display: Creating Audio Device:                 Id: 1, Scope: Shared, Realtime: True
[2025.10.05-03.16.38:307][  0]LogAudioMixer: Display: Audio Mixer Platform Settings:
[2025.10.05-03.16.38:307][  0]LogAudioMixer: Display: 	Sample Rate:						  48000
[2025.10.05-03.16.38:307][  0]LogAudioMixer: Display: 	Callback Buffer Frame Size Requested: 1024
[2025.10.05-03.16.38:307][  0]LogAudioMixer: Display: 	Callback Buffer Frame Size To Use:	  1024
[2025.10.05-03.16.38:307][  0]LogAudioMixer: Display: 	Number of buffers to queue:			  2
[2025.10.05-03.16.38:307][  0]LogAudioMixer: Display: 	Max Channels (voices):				  32
[2025.10.05-03.16.38:307][  0]LogAudioMixer: Display: 	Number of Async Source Workers:		  0
[2025.10.05-03.16.38:307][  0]LogAudio: Display: AudioDevice MaxSources: 32
[2025.10.05-03.16.38:307][  0]LogAudio: Display: Audio Spatialization Plugin: None (built-in).
[2025.10.05-03.16.38:307][  0]LogAudio: Display: Audio Reverb Plugin: None (built-in).
[2025.10.05-03.16.38:307][  0]LogAudio: Display: Audio Occlusion Plugin: None (built-in).
[2025.10.05-03.16.38:307][  0]LogAudioMixer: Display: Initializing audio mixer.
[2025.10.05-03.16.38:324][  0]LogAudioMixer: Display: 0: FrontLeft
[2025.10.05-03.16.38:324][  0]LogAudioMixer: Display: 1: FrontRight
[2025.10.05-03.16.38:348][  0]LogAudioMixer: Display: Using Audio Device 扬声器 (HECATE G1500 GAMING SPEAKERS)
[2025.10.05-03.16.38:352][  0]LogAudioMixer: Display: Initializing Sound Submixes...
[2025.10.05-03.16.38:354][  0]LogAudioMixer: Display: Creating Master Submix 'MasterSubmixDefault'
[2025.10.05-03.16.38:354][  0]LogAudioMixer: Display: Creating Master Submix 'MasterReverbSubmixDefault'
[2025.10.05-03.16.38:355][  0]LogAudioMixer: Display: Creating Master Submix 'MasterEQSubmixDefault'
[2025.10.05-03.16.38:355][  0]LogAudioMixer: FMixerPlatformXAudio2::StartAudioStream() called
[2025.10.05-03.16.38:355][  0]LogAudioMixer: Display: Output buffers initialized: Frames=1024, Channels=2, Samples=2048
[2025.10.05-03.16.38:356][  0]LogAudioMixer: Display: Starting AudioMixerPlatformInterface::RunInternal()
[2025.10.05-03.16.38:356][  0]LogAudioMixer: Display: FMixerPlatformXAudio2::SubmitBuffer() called for the first time
[2025.10.05-03.16.38:356][  0]LogInit: FAudioDevice initialized.
[2025.10.05-03.16.38:357][  0]LogAudio: Display: Audio Device (ID: 1) registered with world 'Untitled'.
[2025.10.05-03.16.38:357][  0]LogNetVersion: Set ProjectVersion to 1.0.0.0. Version Checksum will be recalculated on next use.
[2025.10.05-03.16.38:412][  0]LogDerivedDataCache: Saved boot cache 0.05s 99MB C:/Users/23932/AppData/Local/UnrealEngine/4.27/DerivedDataCache/Boot.ddc.
[2025.10.05-03.16.38:412][  0]LogInit: Texture streaming: Enabled
[2025.10.05-03.16.38:428][  0]LogAnalytics: Display: [UEEditor.Rocket.Release] APIServer = https://datarouter.ol.epicgames.com/. AppVersion = 4.27.2-18319896+++UE4+Release-4.27
[2025.10.05-03.16.38:433][  0]LogEngineSessionManager: EngineSessionManager initialized
[2025.10.05-03.16.38:433][  0]LogEditorSessionSummary: Verbose: Initializing EditorSessionSummaryWriter for editor session tracking
[2025.10.05-03.16.38:435][  0]LogEditorSessionSummary: EditorSessionSummaryWriter initialized
[2025.10.05-03.16.38:463][  0]LogInit: Transaction tracking system initialized
[2025.10.05-03.16.38:490][  0]BlueprintLog: New page: 编辑器加载
[2025.10.05-03.16.38:570][  0]LocalizationService: 本地化服务已禁用
[2025.10.05-03.16.38:635][  0]TimingProfiler: Initialize
[2025.10.05-03.16.38:635][  0]TimingProfiler: OnSessionChanged
[2025.10.05-03.16.38:636][  0]LoadingProfiler: Initialize
[2025.10.05-03.16.38:636][  0]LoadingProfiler: OnSessionChanged
[2025.10.05-03.16.38:636][  0]NetworkingProfiler: Initialize
[2025.10.05-03.16.38:636][  0]NetworkingProfiler: OnSessionChanged
[2025.10.05-03.16.38:636][  0]MemoryProfiler: Initialize
[2025.10.05-03.16.38:636][  0]MemoryProfiler: OnSessionChanged
[2025.10.05-03.16.38:796][  0]LogCook: Display: CookSettings for Memory: MemoryMaxUsedVirtual 0MiB, MemoryMaxUsedPhysical 16384MiB, MemoryMinFreeVirtual 0MiB, MemoryMinFreePhysical 1024MiB
[2025.10.05-03.16.38:796][  0]LogCook: Display: Mobile HDR setting 1
[2025.10.05-03.16.39:018][  0]LogFileCache: Scanning file cache for directory 'D:/LearnData/UnrealProject/UnrealLearn/CPlusTutorial/Content/' took 0.00s
[2025.10.05-03.16.39:230][  0]LogInit: Display: Engine is initialized. Leaving FEngineLoop::Init()
[2025.10.05-03.16.39:233][  0]SourceControl: 源码管理已禁用
[2025.10.05-03.16.39:233][  0]LogUnrealEdMisc: Loading editor; pre map load, took 8.930
[2025.10.05-03.16.39:233][  0]Cmd: MAP LOAD FILE="D:/LearnData/UnrealProject/UnrealLearn/CPlusTutorial/Content/FirstPersonCPP/Maps/FirstPersonExampleMap.umap" TEMPLATE=0 SHOWPROGRESS=1 FEATURELEVEL=3
[2025.10.05-03.16.39:256][  0]LightingResults: New page: 光照构建
[2025.10.05-03.16.39:257][  0]LogWorld: UWorld::CleanupWorld for Untitled, bSessionEnded=true, bCleanupResources=true
[2025.10.05-03.16.39:257][  0]LogSlate: InvalidateAllWidgets triggered.  All widgets were invalidated
[2025.10.05-03.16.39:257][  0]MapCheck: New page: 地图检测
[2025.10.05-03.16.39:257][  0]LightingResults: New page: 光照构建
[2025.10.05-03.16.39:263][  0]LogAudio: Display: Audio Device unregistered from world 'None'.
[2025.10.05-03.16.39:266][  0]LogUObjectHash: Compacting FUObjectHashTables data took   0.78ms
[2025.10.05-03.16.39:292][  0]LogLinker: Warning: [AssetLog] D:\LearnData\UnrealProject\UnrealLearn\CPlusTutorial\Content\FirstPersonCPP\Maps\FirstPersonExampleMap.umap: 未能加载“{FileName}”：无法找到文件。
[2025.10.05-03.16.39:292][  0]LogLinker: Warning: [AssetLog] D:\LearnData\UnrealProject\UnrealLearn\CPlusTutorial\Content\FirstPersonCPP\Maps\FirstPersonExampleMap.umap: 未能加载“{FileName}”：无法找到文件。
[2025.10.05-03.16.39:299][  0]LogLinker: Warning: [AssetLog] D:\LearnData\UnrealProject\UnrealLearn\CPlusTutorial\Content\FirstPersonCPP\Maps\FirstPersonExampleMap.umap: 未能加载“{FileName}”：无法找到文件。
[2025.10.05-03.16.39:470][  0]LogLinker: Warning: 未能加载“{FileName}”：无法找到文件。
[2025.10.05-03.16.39:470][  0]LogLinker: Warning: 未能加载“{FileName}”：无法找到文件。
[2025.10.05-03.16.39:472][  0]LogLinker: Warning: [AssetLog] D:\LearnData\UnrealProject\UnrealLearn\CPlusTutorial\Content\FirstPersonCPP\Maps\FirstPersonExampleMap.umap: 未能加载“{FileName}”：无法找到文件。
[2025.10.05-03.16.39:473][  0]LoadErrors: 加载失败 /Game/FirstPersonCPP/Maps/FirstPersonExampleMap_BuiltData.FirstPersonExampleMap_BuiltData 引用者 PersistentLevel
[2025.10.05-03.16.39:583][  0]LogAudio: Display: Audio Device (ID: 1) registered with world 'FirstPersonExampleMap'.
[2025.10.05-03.16.39:585][  0]LogAIModule: Creating AISystem for world FirstPersonExampleMap
[2025.10.05-03.16.39:595][  0]LogEditorServer: Finished looking for orphan Actors (0.000 secs)
[2025.10.05-03.16.39:602][  0]LogUObjectHash: Compacting FUObjectHashTables data took   0.89ms
[2025.10.05-03.16.39:602][  0]Cmd: MAP CHECKDEP NOCLEARLOG
[2025.10.05-03.16.39:602][  0]MapCheck: 地图检测完成：0个错误、0个警告、完成用时0.129毫秒。
[2025.10.05-03.16.39:602][  0]LogFileHelpers: Loading map 'FirstPersonExampleMap' took 0.369
[2025.10.05-03.16.39:694][  0]LogUnrealEdMisc: Total Editor Startup Time, took 9.391
[2025.10.05-03.16.39:825][  0]LogSlate: Updating window title bar state: overlay mode, drag disabled, window buttons hidden, title bar hidden
[2025.10.05-03.16.39:833][  0]LogSlate: Updating window title bar state: overlay mode, drag disabled, window buttons hidden, title bar hidden
[2025.10.05-03.16.39:840][  0]LogSlate: Updating window title bar state: overlay mode, drag disabled, window buttons hidden, title bar hidden
[2025.10.05-03.16.39:847][  0]LogSlate: Updating window title bar state: overlay mode, drag disabled, window buttons hidden, title bar hidden
[2025.10.05-03.16.39:878][  0]LogNativeClassHierarchy: Verbose: Native class hierarchy populated in 0.0117 seconds. Added 3828 classes and 930 folders.
[2025.10.05-03.16.39:885][  0]LogNativeClassHierarchy: Verbose: Native class hierarchy updated for 'WidgetCarousel' in 0.0003 seconds. Added 0 classes and 0 folders.
[2025.10.05-03.16.39:890][  0]LogPakFile: PakFile PrimaryIndexSize=187
[2025.10.05-03.16.39:890][  0]LogPakFile: PakFile PathHashIndexSize=101
[2025.10.05-03.16.39:890][  0]LogPakFile: PakFile FullDirectoryIndexSize=148
[2025.10.05-03.16.39:890][  0]LogShaderLibrary: Display: ShaderCodeLibraryPakFileMountedCallback: PakFile 'C:/Program Files/Epic Games/UE_4.27/FeaturePacks/FP_FirstPerson.upack' (chunk index -1, root 'root:/') mounted
[2025.10.05-03.16.39:890][  0]LogShaderLibrary: Display: ShaderCodeLibraryPakFileMountedCallback: pending pak file info (ChunkID:-1 Root:root:/ File:C:/Program Files/Epic Games/UE_4.27/FeaturePacks/FP_FirstPerson.upack)
[2025.10.05-03.16.39:890][  0]LogPakFile: OnPakFileMounted2Time == 0.000060
[2025.10.05-03.16.39:892][  0]LogPakFile: PakFile PrimaryIndexSize=189
[2025.10.05-03.16.39:892][  0]LogPakFile: PakFile PathHashIndexSize=101
[2025.10.05-03.16.39:892][  0]LogPakFile: PakFile FullDirectoryIndexSize=152
[2025.10.05-03.16.39:892][  0]LogShaderLibrary: Display: ShaderCodeLibraryPakFileMountedCallback: PakFile 'C:/Program Files/Epic Games/UE_4.27/FeaturePacks/FP_FirstPersonBP.upack' (chunk index -1, root 'root:/') mounted
[2025.10.05-03.16.39:892][  0]LogShaderLibrary: Display: ShaderCodeLibraryPakFileMountedCallback: pending pak file info (ChunkID:-1 Root:root:/ File:C:/Program Files/Epic Games/UE_4.27/FeaturePacks/FP_FirstPersonBP.upack)
[2025.10.05-03.16.39:892][  0]LogPakFile: OnPakFileMounted2Time == 0.000062
[2025.10.05-03.16.39:894][  0]LogPakFile: PakFile PrimaryIndexSize=191
[2025.10.05-03.16.39:894][  0]LogPakFile: PakFile PathHashIndexSize=101
[2025.10.05-03.16.39:894][  0]LogPakFile: PakFile FullDirectoryIndexSize=160
[2025.10.05-03.16.39:894][  0]LogShaderLibrary: Display: ShaderCodeLibraryPakFileMountedCallback: PakFile 'C:/Program Files/Epic Games/UE_4.27/FeaturePacks/MobileStarterContent.upack' (chunk index -1, root 'root:/') mounted
[2025.10.05-03.16.39:894][  0]LogShaderLibrary: Display: ShaderCodeLibraryPakFileMountedCallback: pending pak file info (ChunkID:-1 Root:root:/ File:C:/Program Files/Epic Games/UE_4.27/FeaturePacks/MobileStarterContent.upack)
[2025.10.05-03.16.39:894][  0]LogPakFile: OnPakFileMounted2Time == 0.000038
[2025.10.05-03.16.39:896][  0]LogPakFile: PakFile PrimaryIndexSize=185
[2025.10.05-03.16.39:896][  0]LogPakFile: PakFile PathHashIndexSize=101
[2025.10.05-03.16.39:896][  0]LogPakFile: PakFile FullDirectoryIndexSize=148
[2025.10.05-03.16.39:896][  0]LogShaderLibrary: Display: ShaderCodeLibraryPakFileMountedCallback: PakFile 'C:/Program Files/Epic Games/UE_4.27/FeaturePacks/StarterContent.upack' (chunk index -1, root 'root:/') mounted
[2025.10.05-03.16.39:896][  0]LogShaderLibrary: Display: ShaderCodeLibraryPakFileMountedCallback: pending pak file info (ChunkID:-1 Root:root:/ File:C:/Program Files/Epic Games/UE_4.27/FeaturePacks/StarterContent.upack)
[2025.10.05-03.16.39:896][  0]LogPakFile: OnPakFileMounted2Time == 0.000066
[2025.10.05-03.16.39:897][  0]LogPakFile: PakFile PrimaryIndexSize=190
[2025.10.05-03.16.39:897][  0]LogPakFile: PakFile PathHashIndexSize=101
[2025.10.05-03.16.39:897][  0]LogPakFile: PakFile FullDirectoryIndexSize=154
[2025.10.05-03.16.39:897][  0]LogShaderLibrary: Display: ShaderCodeLibraryPakFileMountedCallback: PakFile 'C:/Program Files/Epic Games/UE_4.27/FeaturePacks/TP_2DSideScroller.upack' (chunk index -1, root 'root:/') mounted
[2025.10.05-03.16.39:897][  0]LogShaderLibrary: Display: ShaderCodeLibraryPakFileMountedCallback: pending pak file info (ChunkID:-1 Root:root:/ File:C:/Program Files/Epic Games/UE_4.27/FeaturePacks/TP_2DSideScroller.upack)
[2025.10.05-03.16.39:897][  0]LogPakFile: OnPakFileMounted2Time == 0.000035
[2025.10.05-03.16.39:900][  0]LogPakFile: PakFile PrimaryIndexSize=192
[2025.10.05-03.16.39:900][  0]LogPakFile: PakFile PathHashIndexSize=101
[2025.10.05-03.16.39:900][  0]LogPakFile: PakFile FullDirectoryIndexSize=158
[2025.10.05-03.16.39:900][  0]LogShaderLibrary: Display: ShaderCodeLibraryPakFileMountedCallback: PakFile 'C:/Program Files/Epic Games/UE_4.27/FeaturePacks/TP_2DSideScrollerBP.upack' (chunk index -1, root 'root:/') mounted
[2025.10.05-03.16.39:900][  0]LogShaderLibrary: Display: ShaderCodeLibraryPakFileMountedCallback: pending pak file info (ChunkID:-1 Root:root:/ File:C:/Program Files/Epic Games/UE_4.27/FeaturePacks/TP_2DSideScrollerBP.upack)
[2025.10.05-03.16.39:900][  0]LogPakFile: OnPakFileMounted2Time == 0.000049
[2025.10.05-03.16.39:901][  0]LogPakFile: PakFile PrimaryIndexSize=182
[2025.10.05-03.16.39:901][  0]LogPakFile: PakFile PathHashIndexSize=101
[2025.10.05-03.16.39:901][  0]LogPakFile: PakFile FullDirectoryIndexSize=138
[2025.10.05-03.16.39:901][  0]LogShaderLibrary: Display: ShaderCodeLibraryPakFileMountedCallback: PakFile 'C:/Program Files/Epic Games/UE_4.27/FeaturePacks/TP_Flying.upack' (chunk index -1, root 'root:/') mounted
[2025.10.05-03.16.39:901][  0]LogShaderLibrary: Display: ShaderCodeLibraryPakFileMountedCallback: pending pak file info (ChunkID:-1 Root:root:/ File:C:/Program Files/Epic Games/UE_4.27/FeaturePacks/TP_Flying.upack)
[2025.10.05-03.16.39:901][  0]LogPakFile: OnPakFileMounted2Time == 0.000036
[2025.10.05-03.16.39:903][  0]LogPakFile: PakFile PrimaryIndexSize=184
[2025.10.05-03.16.39:903][  0]LogPakFile: PakFile PathHashIndexSize=101
[2025.10.05-03.16.39:904][  0]LogPakFile: PakFile FullDirectoryIndexSize=142
[2025.10.05-03.16.39:904][  0]LogShaderLibrary: Display: ShaderCodeLibraryPakFileMountedCallback: PakFile 'C:/Program Files/Epic Games/UE_4.27/FeaturePacks/TP_FlyingBP.upack' (chunk index -1, root 'root:/') mounted
[2025.10.05-03.16.39:904][  0]LogShaderLibrary: Display: ShaderCodeLibraryPakFileMountedCallback: pending pak file info (ChunkID:-1 Root:root:/ File:C:/Program Files/Epic Games/UE_4.27/FeaturePacks/TP_FlyingBP.upack)
[2025.10.05-03.16.39:904][  0]LogPakFile: OnPakFileMounted2Time == 0.000040
[2025.10.05-03.16.39:906][  0]LogPakFile: PakFile PrimaryIndexSize=188
[2025.10.05-03.16.39:906][  0]LogPakFile: PakFile PathHashIndexSize=101
[2025.10.05-03.16.39:906][  0]LogPakFile: PakFile FullDirectoryIndexSize=150
[2025.10.05-03.16.39:906][  0]LogShaderLibrary: Display: ShaderCodeLibraryPakFileMountedCallback: PakFile 'C:/Program Files/Epic Games/UE_4.27/FeaturePacks/TP_HandheldARBP.upack' (chunk index -1, root 'root:/') mounted
[2025.10.05-03.16.39:906][  0]LogShaderLibrary: Display: ShaderCodeLibraryPakFileMountedCallback: pending pak file info (ChunkID:-1 Root:root:/ File:C:/Program Files/Epic Games/UE_4.27/FeaturePacks/TP_HandheldARBP.upack)
[2025.10.05-03.16.39:906][  0]LogPakFile: OnPakFileMounted2Time == 0.000052
[2025.10.05-03.16.39:908][  0]LogPakFile: PakFile PrimaryIndexSize=182
[2025.10.05-03.16.39:908][  0]LogPakFile: PakFile PathHashIndexSize=101
[2025.10.05-03.16.39:908][  0]LogPakFile: PakFile FullDirectoryIndexSize=138
[2025.10.05-03.16.39:908][  0]LogShaderLibrary: Display: ShaderCodeLibraryPakFileMountedCallback: PakFile 'C:/Program Files/Epic Games/UE_4.27/FeaturePacks/TP_Puzzle.upack' (chunk index -1, root 'root:/') mounted
[2025.10.05-03.16.39:908][  0]LogShaderLibrary: Display: ShaderCodeLibraryPakFileMountedCallback: pending pak file info (ChunkID:-1 Root:root:/ File:C:/Program Files/Epic Games/UE_4.27/FeaturePacks/TP_Puzzle.upack)
[2025.10.05-03.16.39:908][  0]LogPakFile: OnPakFileMounted2Time == 0.000035
[2025.10.05-03.16.39:910][  0]LogPakFile: PakFile PrimaryIndexSize=184
[2025.10.05-03.16.39:910][  0]LogPakFile: PakFile PathHashIndexSize=101
[2025.10.05-03.16.39:910][  0]LogPakFile: PakFile FullDirectoryIndexSize=142
[2025.10.05-03.16.39:910][  0]LogShaderLibrary: Display: ShaderCodeLibraryPakFileMountedCallback: PakFile 'C:/Program Files/Epic Games/UE_4.27/FeaturePacks/TP_PuzzleBP.upack' (chunk index -1, root 'root:/') mounted
[2025.10.05-03.16.39:910][  0]LogShaderLibrary: Display: ShaderCodeLibraryPakFileMountedCallback: pending pak file info (ChunkID:-1 Root:root:/ File:C:/Program Files/Epic Games/UE_4.27/FeaturePacks/TP_PuzzleBP.upack)
[2025.10.05-03.16.39:910][  0]LogPakFile: OnPakFileMounted2Time == 0.000035
[2025.10.05-03.16.39:911][  0]LogPakFile: PakFile PrimaryIndexSize=183
[2025.10.05-03.16.39:911][  0]LogPakFile: PakFile PathHashIndexSize=101
[2025.10.05-03.16.39:911][  0]LogPakFile: PakFile FullDirectoryIndexSize=140
[2025.10.05-03.16.39:911][  0]LogShaderLibrary: Display: ShaderCodeLibraryPakFileMountedCallback: PakFile 'C:/Program Files/Epic Games/UE_4.27/FeaturePacks/TP_Rolling.upack' (chunk index -1, root 'root:/') mounted
[2025.10.05-03.16.39:911][  0]LogShaderLibrary: Display: ShaderCodeLibraryPakFileMountedCallback: pending pak file info (ChunkID:-1 Root:root:/ File:C:/Program Files/Epic Games/UE_4.27/FeaturePacks/TP_Rolling.upack)
[2025.10.05-03.16.39:911][  0]LogPakFile: OnPakFileMounted2Time == 0.000034
[2025.10.05-03.16.39:912][  0]LogPakFile: PakFile PrimaryIndexSize=185
[2025.10.05-03.16.39:912][  0]LogPakFile: PakFile PathHashIndexSize=101
[2025.10.05-03.16.39:913][  0]LogPakFile: PakFile FullDirectoryIndexSize=144
[2025.10.05-03.16.39:913][  0]LogShaderLibrary: Display: ShaderCodeLibraryPakFileMountedCallback: PakFile 'C:/Program Files/Epic Games/UE_4.27/FeaturePacks/TP_RollingBP.upack' (chunk index -1, root 'root:/') mounted
[2025.10.05-03.16.39:913][  0]LogShaderLibrary: Display: ShaderCodeLibraryPakFileMountedCallback: pending pak file info (ChunkID:-1 Root:root:/ File:C:/Program Files/Epic Games/UE_4.27/FeaturePacks/TP_RollingBP.upack)
[2025.10.05-03.16.39:913][  0]LogPakFile: OnPakFileMounted2Time == 0.000048
[2025.10.05-03.16.39:914][  0]LogPakFile: PakFile PrimaryIndexSize=188
[2025.10.05-03.16.39:914][  0]LogPakFile: PakFile PathHashIndexSize=101
[2025.10.05-03.16.39:914][  0]LogPakFile: PakFile FullDirectoryIndexSize=150
[2025.10.05-03.16.39:914][  0]LogShaderLibrary: Display: ShaderCodeLibraryPakFileMountedCallback: PakFile 'C:/Program Files/Epic Games/UE_4.27/FeaturePacks/TP_SideScroller.upack' (chunk index -1, root 'root:/') mounted
[2025.10.05-03.16.39:914][  0]LogShaderLibrary: Display: ShaderCodeLibraryPakFileMountedCallback: pending pak file info (ChunkID:-1 Root:root:/ File:C:/Program Files/Epic Games/UE_4.27/FeaturePacks/TP_SideScroller.upack)
[2025.10.05-03.16.39:914][  0]LogPakFile: OnPakFileMounted2Time == 0.000050
[2025.10.05-03.16.39:917][  0]LogPakFile: PakFile PrimaryIndexSize=190
[2025.10.05-03.16.39:917][  0]LogPakFile: PakFile PathHashIndexSize=101
[2025.10.05-03.16.39:917][  0]LogPakFile: PakFile FullDirectoryIndexSize=154
[2025.10.05-03.16.39:917][  0]LogShaderLibrary: Display: ShaderCodeLibraryPakFileMountedCallback: PakFile 'C:/Program Files/Epic Games/UE_4.27/FeaturePacks/TP_SideScrollerBP.upack' (chunk index -1, root 'root:/') mounted
[2025.10.05-03.16.39:917][  0]LogShaderLibrary: Display: ShaderCodeLibraryPakFileMountedCallback: pending pak file info (ChunkID:-1 Root:root:/ File:C:/Program Files/Epic Games/UE_4.27/FeaturePacks/TP_SideScrollerBP.upack)
[2025.10.05-03.16.39:917][  0]LogPakFile: OnPakFileMounted2Time == 0.000040
[2025.10.05-03.16.39:918][  0]LogPakFile: PakFile PrimaryIndexSize=187
[2025.10.05-03.16.39:918][  0]LogPakFile: PakFile PathHashIndexSize=101
[2025.10.05-03.16.39:918][  0]LogPakFile: PakFile FullDirectoryIndexSize=148
[2025.10.05-03.16.39:918][  0]LogShaderLibrary: Display: ShaderCodeLibraryPakFileMountedCallback: PakFile 'C:/Program Files/Epic Games/UE_4.27/FeaturePacks/TP_ThirdPerson.upack' (chunk index -1, root 'root:/') mounted
[2025.10.05-03.16.39:918][  0]LogShaderLibrary: Display: ShaderCodeLibraryPakFileMountedCallback: pending pak file info (ChunkID:-1 Root:root:/ File:C:/Program Files/Epic Games/UE_4.27/FeaturePacks/TP_ThirdPerson.upack)
[2025.10.05-03.16.39:918][  0]LogPakFile: OnPakFileMounted2Time == 0.000033
[2025.10.05-03.16.39:919][  0]LogPakFile: PakFile PrimaryIndexSize=189
[2025.10.05-03.16.39:919][  0]LogPakFile: PakFile PathHashIndexSize=101
[2025.10.05-03.16.39:919][  0]LogPakFile: PakFile FullDirectoryIndexSize=152
[2025.10.05-03.16.39:919][  0]LogShaderLibrary: Display: ShaderCodeLibraryPakFileMountedCallback: PakFile 'C:/Program Files/Epic Games/UE_4.27/FeaturePacks/TP_ThirdPersonBP.upack' (chunk index -1, root 'root:/') mounted
[2025.10.05-03.16.39:919][  0]LogShaderLibrary: Display: ShaderCodeLibraryPakFileMountedCallback: pending pak file info (ChunkID:-1 Root:root:/ File:C:/Program Files/Epic Games/UE_4.27/FeaturePacks/TP_ThirdPersonBP.upack)
[2025.10.05-03.16.39:919][  0]LogPakFile: OnPakFileMounted2Time == 0.000036
[2025.10.05-03.16.39:921][  0]LogPakFile: PakFile PrimaryIndexSize=183
[2025.10.05-03.16.39:921][  0]LogPakFile: PakFile PathHashIndexSize=101
[2025.10.05-03.16.39:921][  0]LogPakFile: PakFile FullDirectoryIndexSize=140
[2025.10.05-03.16.39:921][  0]LogShaderLibrary: Display: ShaderCodeLibraryPakFileMountedCallback: PakFile 'C:/Program Files/Epic Games/UE_4.27/FeaturePacks/TP_TopDown.upack' (chunk index -1, root 'root:/') mounted
[2025.10.05-03.16.39:921][  0]LogShaderLibrary: Display: ShaderCodeLibraryPakFileMountedCallback: pending pak file info (ChunkID:-1 Root:root:/ File:C:/Program Files/Epic Games/UE_4.27/FeaturePacks/TP_TopDown.upack)
[2025.10.05-03.16.39:921][  0]LogPakFile: OnPakFileMounted2Time == 0.000055
[2025.10.05-03.16.39:922][  0]LogPakFile: PakFile PrimaryIndexSize=185
[2025.10.05-03.16.39:922][  0]LogPakFile: PakFile PathHashIndexSize=101
[2025.10.05-03.16.39:922][  0]LogPakFile: PakFile FullDirectoryIndexSize=144
[2025.10.05-03.16.39:923][  0]LogShaderLibrary: Display: ShaderCodeLibraryPakFileMountedCallback: PakFile 'C:/Program Files/Epic Games/UE_4.27/FeaturePacks/TP_TopDownBP.upack' (chunk index -1, root 'root:/') mounted
[2025.10.05-03.16.39:923][  0]LogShaderLibrary: Display: ShaderCodeLibraryPakFileMountedCallback: pending pak file info (ChunkID:-1 Root:root:/ File:C:/Program Files/Epic Games/UE_4.27/FeaturePacks/TP_TopDownBP.upack)
[2025.10.05-03.16.39:923][  0]LogPakFile: OnPakFileMounted2Time == 0.000032
[2025.10.05-03.16.39:924][  0]LogPakFile: PakFile PrimaryIndexSize=185
[2025.10.05-03.16.39:924][  0]LogPakFile: PakFile PathHashIndexSize=101
[2025.10.05-03.16.39:924][  0]LogPakFile: PakFile FullDirectoryIndexSize=144
[2025.10.05-03.16.39:924][  0]LogShaderLibrary: Display: ShaderCodeLibraryPakFileMountedCallback: PakFile 'C:/Program Files/Epic Games/UE_4.27/FeaturePacks/TP_TwinStick.upack' (chunk index -1, root 'root:/') mounted
[2025.10.05-03.16.39:924][  0]LogShaderLibrary: Display: ShaderCodeLibraryPakFileMountedCallback: pending pak file info (ChunkID:-1 Root:root:/ File:C:/Program Files/Epic Games/UE_4.27/FeaturePacks/TP_TwinStick.upack)
[2025.10.05-03.16.39:924][  0]LogPakFile: OnPakFileMounted2Time == 0.000033
[2025.10.05-03.16.39:926][  0]LogPakFile: PakFile PrimaryIndexSize=187
[2025.10.05-03.16.39:926][  0]LogPakFile: PakFile PathHashIndexSize=101
[2025.10.05-03.16.39:926][  0]LogPakFile: PakFile FullDirectoryIndexSize=148
[2025.10.05-03.16.39:926][  0]LogShaderLibrary: Display: ShaderCodeLibraryPakFileMountedCallback: PakFile 'C:/Program Files/Epic Games/UE_4.27/FeaturePacks/TP_TwinStickBP.upack' (chunk index -1, root 'root:/') mounted
[2025.10.05-03.16.39:926][  0]LogShaderLibrary: Display: ShaderCodeLibraryPakFileMountedCallback: pending pak file info (ChunkID:-1 Root:root:/ File:C:/Program Files/Epic Games/UE_4.27/FeaturePacks/TP_TwinStickBP.upack)
[2025.10.05-03.16.39:926][  0]LogPakFile: OnPakFileMounted2Time == 0.000046
[2025.10.05-03.16.39:927][  0]LogPakFile: PakFile PrimaryIndexSize=183
[2025.10.05-03.16.39:927][  0]LogPakFile: PakFile PathHashIndexSize=101
[2025.10.05-03.16.39:927][  0]LogPakFile: PakFile FullDirectoryIndexSize=140
[2025.10.05-03.16.39:927][  0]LogShaderLibrary: Display: ShaderCodeLibraryPakFileMountedCallback: PakFile 'C:/Program Files/Epic Games/UE_4.27/FeaturePacks/TP_Vehicle.upack' (chunk index -1, root 'root:/') mounted
[2025.10.05-03.16.39:927][  0]LogShaderLibrary: Display: ShaderCodeLibraryPakFileMountedCallback: pending pak file info (ChunkID:-1 Root:root:/ File:C:/Program Files/Epic Games/UE_4.27/FeaturePacks/TP_Vehicle.upack)
[2025.10.05-03.16.39:927][  0]LogPakFile: OnPakFileMounted2Time == 0.000035
[2025.10.05-03.16.39:930][  0]LogPakFile: PakFile PrimaryIndexSize=186
[2025.10.05-03.16.39:930][  0]LogPakFile: PakFile PathHashIndexSize=101
[2025.10.05-03.16.39:930][  0]LogPakFile: PakFile FullDirectoryIndexSize=146
[2025.10.05-03.16.39:930][  0]LogShaderLibrary: Display: ShaderCodeLibraryPakFileMountedCallback: PakFile 'C:/Program Files/Epic Games/UE_4.27/FeaturePacks/TP_VehicleAdv.upack' (chunk index -1, root 'root:/') mounted
[2025.10.05-03.16.39:930][  0]LogShaderLibrary: Display: ShaderCodeLibraryPakFileMountedCallback: pending pak file info (ChunkID:-1 Root:root:/ File:C:/Program Files/Epic Games/UE_4.27/FeaturePacks/TP_VehicleAdv.upack)
[2025.10.05-03.16.39:930][  0]LogPakFile: OnPakFileMounted2Time == 0.000053
[2025.10.05-03.16.39:931][  0]LogPakFile: PakFile PrimaryIndexSize=188
[2025.10.05-03.16.39:931][  0]LogPakFile: PakFile PathHashIndexSize=101
[2025.10.05-03.16.39:931][  0]LogPakFile: PakFile FullDirectoryIndexSize=150
[2025.10.05-03.16.39:931][  0]LogShaderLibrary: Display: ShaderCodeLibraryPakFileMountedCallback: PakFile 'C:/Program Files/Epic Games/UE_4.27/FeaturePacks/TP_VehicleAdvBP.upack' (chunk index -1, root 'root:/') mounted
[2025.10.05-03.16.39:931][  0]LogShaderLibrary: Display: ShaderCodeLibraryPakFileMountedCallback: pending pak file info (ChunkID:-1 Root:root:/ File:C:/Program Files/Epic Games/UE_4.27/FeaturePacks/TP_VehicleAdvBP.upack)
[2025.10.05-03.16.39:931][  0]LogPakFile: OnPakFileMounted2Time == 0.000048
[2025.10.05-03.16.39:933][  0]LogPakFile: PakFile PrimaryIndexSize=185
[2025.10.05-03.16.39:933][  0]LogPakFile: PakFile PathHashIndexSize=101
[2025.10.05-03.16.39:933][  0]LogPakFile: PakFile FullDirectoryIndexSize=144
[2025.10.05-03.16.39:933][  0]LogShaderLibrary: Display: ShaderCodeLibraryPakFileMountedCallback: PakFile 'C:/Program Files/Epic Games/UE_4.27/FeaturePacks/TP_VehicleBP.upack' (chunk index -1, root 'root:/') mounted
[2025.10.05-03.16.39:933][  0]LogShaderLibrary: Display: ShaderCodeLibraryPakFileMountedCallback: pending pak file info (ChunkID:-1 Root:root:/ File:C:/Program Files/Epic Games/UE_4.27/FeaturePacks/TP_VehicleBP.upack)
[2025.10.05-03.16.39:933][  0]LogPakFile: OnPakFileMounted2Time == 0.000051
[2025.10.05-03.16.39:934][  0]LogPakFile: PakFile PrimaryIndexSize=192
[2025.10.05-03.16.39:934][  0]LogPakFile: PakFile PathHashIndexSize=101
[2025.10.05-03.16.39:934][  0]LogPakFile: PakFile FullDirectoryIndexSize=158
[2025.10.05-03.16.39:934][  0]LogShaderLibrary: Display: ShaderCodeLibraryPakFileMountedCallback: PakFile 'C:/Program Files/Epic Games/UE_4.27/FeaturePacks/TP_VirtualRealityBP.upack' (chunk index -1, root 'root:/') mounted
[2025.10.05-03.16.39:934][  0]LogShaderLibrary: Display: ShaderCodeLibraryPakFileMountedCallback: pending pak file info (ChunkID:-1 Root:root:/ File:C:/Program Files/Epic Games/UE_4.27/FeaturePacks/TP_VirtualRealityBP.upack)
[2025.10.05-03.16.39:934][  0]LogPakFile: OnPakFileMounted2Time == 0.000055
[2025.10.05-03.16.40:082][  0]LogNativeClassHierarchy: Verbose: Native class hierarchy updated for 'AddContentDialog' in 0.0003 seconds. Added 0 classes and 0 folders.
[2025.10.05-03.16.40:086][  0]LogNativeClassHierarchy: Verbose: Native class hierarchy updated for 'SceneOutliner' in 0.0003 seconds. Added 2 classes and 0 folders.
[2025.10.05-03.16.40:119][  0]LogSlate: Took 0.000165 seconds to synchronously load lazily loaded font '../../../Engine/Content/Slate/Fonts/Roboto-Regular.ttf' (155K)
[2025.10.05-03.16.40:121][  0]LogSlate: Took 0.000865 seconds to synchronously load lazily loaded font '../../../Engine/Content/Editor/Slate/Fonts/FontAwesome.ttf' (139K)
[2025.10.05-03.16.40:124][  0]LogSlate: Took 0.002141 seconds to synchronously load lazily loaded font '../../../Engine/Content/Slate/Fonts/DroidSansFallback.ttf' (3848K)
[2025.10.05-03.16.40:125][  0]LogSlate: Took 0.000129 seconds to synchronously load lazily loaded font '../../../Engine/Content/Slate/Fonts/Roboto-Bold.ttf' (160K)
[2025.10.05-03.16.40:211][  0]LogRenderer: Reallocating scene render targets to support 1288x616 Format 10 NumSamples 1 (Frame:1).
[2025.10.05-03.16.40:485][  0]LogNativeClassHierarchy: Verbose: Native class hierarchy updated for 'HierarchicalLODOutliner' in 0.0002 seconds. Added 0 classes and 0 folders.
[2025.10.05-03.16.40:485][  0]LogLoad: (Engine Initialization) Total time: 10.18 seconds
[2025.10.05-03.16.40:485][  0]LogLoad: (Engine Initialization) Total Blueprint compile time: 0.00 seconds
[2025.10.05-03.16.40:538][  0]LogAssetRegistry: Asset discovery search completed in 6.0335 seconds
[2025.10.05-03.16.40:543][  0]LogCollectionManager: Fixed up redirectors for 0 collections in 0.000004 seconds (updated 0 objects)
[2025.10.05-03.16.40:543][  0]LogContentStreaming: Texture pool size now 1000 MB
[2025.10.05-03.16.40:652][  0]LogSlate: Took 0.000624 seconds to synchronously load lazily loaded font '../../../Engine/Content/Slate/Fonts/DroidSansMono.ttf' (77K)
[2025.10.05-03.16.46:669][681]LogSlate: Window '消息日志' being destroyed
[2025.10.05-03.16.46:676][681]LogSlate: Window '消息日志' being destroyed
[2025.10.05-03.21.41:223][305]LogSlate: Only BGRA pngs, bmps or icos are supported in by External Image Picker
[2025.10.05-03.21.52:801][629]LogSlate: Window '项目设置' being destroyed
[2025.10.05-03.21.52:809][629]LogSlate: Window '项目设置' being destroyed
[2025.10.05-03.24.04:968][216]LogAudioMixer: Display: Audio Buffer Underrun (starvation) detected.
[2025.10.05-03.26.17:622][851]LogSlate: Took 0.001436 seconds to synchronously load lazily loaded font '../../../Engine/Content/Slate/Fonts/Roboto-Light.ttf' (167K)
[2025.10.05-03.26.17:657][851]LogEditorClassViewer: Warning: Class /Engine/Tutorial/InWorldBlueprintEditing/TutorialAssets/IWBE_Blutility.IWBE_Blutility_C has parent /Script/Blutility.PlacedEditorUtilityBase, but this parent is not found. The Class will not be shown in ClassViewer.
[2025.10.05-03.26.17:714][851]LogSlate: Took 0.000215 seconds to synchronously load lazily loaded font '../../../Engine/Content/Slate/Fonts/Roboto-BoldCondensed.ttf' (158K)
[2025.10.05-03.26.25:801][798]Running C:/Program Files/Epic Games/UE_4.27/Engine/Binaries/DotNET/UnrealBuildTool.exe  -projectfiles -project="D:/LearnData/UnrealProject/UnrealLearn/CPlusTutorial/CPlusTutorial.uproject" -game -rocket -progress
[2025.10.05-03.26.26:216][798]Discovering modules, targets and source code for project...
[2025.10.05-03.26.28:029][798]Binding IntelliSense data...
[2025.10.05-03.26.30:461][798]Binding IntelliSense data... 100%
[2025.10.05-03.26.30:461][798]Writing project files...
[2025.10.05-03.26.34:087][798]Writing project files... 100%
[2025.10.05-03.26.34:216][798]Candidate modules for hot reload:
[2025.10.05-03.26.34:216][798]  CPlusTutorial
[2025.10.05-03.26.34:216][798]Launching UnrealBuildTool... [C:/Program Files/Epic Games/UE_4.27/Engine/Binaries/DotNET/UnrealBuildTool.exe  -ModuleWithSuffix=CPlusTutorial,6078 CPlusTutorialEditor Win64 Development -Project="D:/LearnData/UnrealProject/UnrealLearn/CPlusTutorial/CPlusTutorial.uproject" "D:/LearnData/UnrealProject/UnrealLearn/CPlusTutorial/CPlusTutorial.uproject"  -IgnoreJunk]
[2025.10.05-03.29.36:689][798]CompilerResultsLog: New page: 编译——2025年10月5日 下午9:29:36
[2025.10.05-03.29.36:690][798]CompilerResultsLog: Using 'git status' to determine working set for adaptive non-unity build (D:\LearnData\UnrealProject\UnrealLearn).
[2025.10.05-03.29.36:690][798]CompilerResultsLog: Creating makefile for CPlusTutorialEditor (no existing makefile)
[2025.10.05-03.29.36:690][798]CompilerResultsLog: Parsing headers for CPlusTutorialEditor
[2025.10.05-03.29.36:690][798]CompilerResultsLog:   Running UnrealHeaderTool "D:\LearnData\UnrealProject\UnrealLearn\CPlusTutorial\CPlusTutorial.uproject" "D:\LearnData\UnrealProject\UnrealLearn\CPlusTutorial\Intermediate\Build\Win64\CPlusTutorialEditor\Development\CPlusTutorialEditor.uhtmanifest" -LogCmds="loginit warning, logexit warning, logdatabase error" -Unattended -WarningsAsErrors -abslog="C:\Users\23932\AppData\Local\UnrealBuildTool\Log_UHT.txt" -installed
[2025.10.05-03.29.36:690][798]CompilerResultsLog: LogInit: Display: Loading text-based GConfig....
[2025.10.05-03.29.36:690][798]CompilerResultsLog: Reflection code generated for CPlusTutorialEditor in 4.0314266 seconds
[2025.10.05-03.29.36:690][798]CompilerResultsLog: Building CPlusTutorialEditor...
[2025.10.05-03.29.36:690][798]CompilerResultsLog: Using Visual Studio 2019 14.29.30159 toolchain (C:\Program Files (x86)\Microsoft Visual Studio\2019\Community\VC\Tools\MSVC\14.29.30133) and Windows 10.0.22621.0 SDK (C:\Program Files (x86)\Windows Kits\10).
[2025.10.05-03.29.36:690][798]CompilerResultsLog: Building 6 actions with 12 processes...
[2025.10.05-03.29.36:690][798]CompilerResultsLog:   [1/6] CPlusTutorial.init.gen.cpp
[2025.10.05-03.29.36:690][798]CompilerResultsLog:   [2/6] Item.cpp
[2025.10.05-03.29.36:690][798]CompilerResultsLog:   [3/6] Item.gen.cpp
[2025.10.05-03.29.36:690][798]CompilerResultsLog:   [4/6] UE4Editor-CPlusTutorial-6078.lib
[2025.10.05-03.29.36:690][798]CompilerResultsLog:     ???ڴ????? D:\LearnData\UnrealProject\UnrealLearn\CPlusTutorial\Intermediate\Build\Win64\UE4Editor\Development\CPlusTutorial\UE4Editor-CPlusTutorial-6078.lib ?Ͷ??? D:\LearnData\UnrealProject\UnrealLearn\CPlusTutorial\Intermediate\Build\Win64\UE4Editor\Development\CPlusTutorial\UE4Editor-CPlusTutorial-6078.exp
[2025.10.05-03.29.36:690][798]CompilerResultsLog:   [5/6] UE4Editor-CPlusTutorial-6078.dll
[2025.10.05-03.29.36:690][798]CompilerResultsLog:     ???ڴ????? D:\LearnData\UnrealProject\UnrealLearn\CPlusTutorial\Intermediate\Build\Win64\UE4Editor\Development\CPlusTutorial\UE4Editor-CPlusTutorial-6078.suppressed.lib ?Ͷ??? D:\LearnData\UnrealProject\UnrealLearn\CPlusTutorial\Intermediate\Build\Win64\UE4Editor\Development\CPlusTutorial\UE4Editor-CPlusTutorial-6078.suppressed.exp
[2025.10.05-03.29.36:690][798]CompilerResultsLog:   [6/6] CPlusTutorialEditor.target
[2025.10.05-03.29.36:690][798]CompilerResultsLog: Total time in Parallel executor: 174.56 seconds
[2025.10.05-03.29.36:690][798]CompilerResultsLog: Total execution time: 182.36 seconds
[2025.10.05-03.29.36:690][798]LogMainFrame: MainFrame: Module compiling took 182.500 seconds
[2025.10.05-03.29.36:700][798]LogClass: Could not find existing class Item in package /Script/CPlusTutorial for HotReload, assuming new class
[2025.10.05-03.29.36:709][798]LogHotReload: Re-instancing FinishLine after hot-reload.
[2025.10.05-03.29.36:714][798]LogHotReload: Re-instancing MyActor after hot-reload.
[2025.10.05-03.29.36:720][798]LogNativeClassHierarchy: Verbose: Native class hierarchy updated for 'CPlusTutorial' in 0.0003 seconds. Added 7 classes and 2 folders.
[2025.10.05-03.29.36:724][798]Display: HotReload successful (3 functions remapped  0 scriptstructs remapped)
[2025.10.05-03.29.36:783][798]LogNativeClassHierarchy: Verbose: Native class hierarchy populated in 0.0089 seconds. Added 3829 classes and 930 folders.
[2025.10.05-03.29.36:783][798]Display: HotReload took 182.6s.
[2025.10.05-03.29.36:783][798]Warning: HotReload operation took 182.6s.
[2025.10.05-03.29.36:821][798]LogSlate: Window '添加C++类' being destroyed
[2025.10.05-03.29.36:835][798]LogHotReload: New module detected: UE4Editor-CPlusTutorial-6078.dll
[2025.10.05-03.29.36:876][799]LogHotReload: Starting Hot-Reload from IDE
[2025.10.05-03.29.36:952][799]LogNativeClassHierarchy: Verbose: Native class hierarchy updated for 'CPlusTutorial' in 0.0003 seconds. Added 7 classes and 2 folders.
[2025.10.05-03.29.36:954][799]Display: HotReload successful (0 functions remapped  0 scriptstructs remapped)
[2025.10.05-03.29.36:967][799]LogNativeClassHierarchy: Verbose: Native class hierarchy populated in 0.0098 seconds. Added 3829 classes and 930 folders.
[2025.10.05-03.29.36:971][799]Display: HotReload took  0.1s.
[2025.10.05-03.39.57:979][614]LogUObjectHash: Compacting FUObjectHashTables data took   0.89ms
[2025.10.05-03.39.57:999][614]LogSlate: Window 'CPlusTutorial - 虚幻编辑器' being destroyed
[2025.10.05-03.39.58:098][615]Cmd: QUIT_EDITOR
[2025.10.05-03.39.58:098][615]LogCore: Engine exit requested (reason: UUnrealEdEngine::CloseEditor())
[2025.10.05-03.39.58:102][615]LogCore: Engine exit requested (reason: EngineExit() was called; note: exit was already requested)
[2025.10.05-03.39.58:104][615]LogAudio: Display: Beginning Audio Device Manager Shutdown (Module: AudioMixerXAudio2)...
[2025.10.05-03.39.58:104][615]LogAudio: Display: Destroying 1 Remaining Audio Device(s)...
[2025.10.05-03.39.58:104][615]LogAudio: Display: Audio Device unregistered from world 'FirstPersonExampleMap'.
[2025.10.05-03.39.58:104][615]LogAudioMixer: FMixerPlatformXAudio2::StopAudioStream() called
[2025.10.05-03.39.58:107][615]LogAudioMixer: FMixerPlatformXAudio2::StopAudioStream() called
[2025.10.05-03.39.58:109][615]LogAudio: Display: Audio Device Manager Shutdown
[2025.10.05-03.39.58:113][615]LogExit: Preparing to exit.
[2025.10.05-03.39.58:120][615]LogUObjectHash: Compacting FUObjectHashTables data took   0.77ms
[2025.10.05-03.39.59:011][615]LogWorld: UWorld::CleanupWorld for None, bSessionEnded=true, bCleanupResources=true
[2025.10.05-03.39.59:011][615]LogWorld: UWorld::CleanupWorld for World_1, bSessionEnded=true, bCleanupResources=true
[2025.10.05-03.39.59:011][615]LogWorld: UWorld::CleanupWorld for World_2, bSessionEnded=true, bCleanupResources=true
[2025.10.05-03.39.59:026][615]LogDemo: Cleaned up 0 splitscreen connections with owner deletion
[2025.10.05-03.39.59:029][615]LogWorld: UWorld::CleanupWorld for None, bSessionEnded=true, bCleanupResources=true
[2025.10.05-03.39.59:029][615]LogExit: Editor shut down
[2025.10.05-03.39.59:030][615]LogExit: Transaction tracking system shut down
[2025.10.05-03.39.59:287][615]LogExit: Object subsystem successfully closed.
[2025.10.05-03.39.59:328][615]LogShaderCompilers: Display: === FShaderJobCache stats ===
[2025.10.05-03.39.59:328][615]LogShaderCompilers: Display: Total job queries 0, among them cache hits 0 (0.00%)
[2025.10.05-03.39.59:328][615]LogShaderCompilers: Display: Tracking 0 distinct input hashes that result in 0 distinct outputs (0.00%)
[2025.10.05-03.39.59:328][615]LogShaderCompilers: Display: RAM used: 0.00 MB (0.00 GB) of 1638.40 MB (1.60 GB) budget. Usage: 0.00%
[2025.10.05-03.39.59:328][615]LogShaderCompilers: Display: ================================================
[2025.10.05-03.39.59:340][615]LogShaderCompilers: Display: Shaders left to compile 0
[2025.10.05-03.39.59:377][615]LogModuleManager: Shutting down and abandoning module CPlusTutorial (876)
[2025.10.05-03.39.59:377][615]LogModuleManager: Shutting down and abandoning module ExternalImagePicker (874)
[2025.10.05-03.39.59:377][615]LogModuleManager: Shutting down and abandoning module HierarchicalLODOutliner (872)
[2025.10.05-03.39.59:377][615]LogModuleManager: Shutting down and abandoning module SceneOutliner (870)
[2025.10.05-03.39.59:377][615]LogModuleManager: Shutting down and abandoning module AddContentDialog (868)
[2025.10.05-03.39.59:377][615]LogModuleManager: Shutting down and abandoning module WidgetCarousel (867)
[2025.10.05-03.39.59:377][615]LogModuleManager: Shutting down and abandoning module EditorWidgets (864)
[2025.10.05-03.39.59:377][615]LogModuleManager: Shutting down and abandoning module StatsViewer (862)
[2025.10.05-03.39.59:377][615]LogModuleManager: Shutting down and abandoning module PIEPreviewDeviceProfileSelector (860)
[2025.10.05-03.39.59:377][615]LogModuleManager: Shutting down and abandoning module SequenceRecorderSections (858)
[2025.10.05-03.39.59:377][615]LogModuleManager: Shutting down and abandoning module AutomationWorker (856)
[2025.10.05-03.39.59:377][615]LogModuleManager: Shutting down and abandoning module SteamVREditor (854)
[2025.10.05-03.39.59:377][615]LogModuleManager: Shutting down and abandoning module OculusMR (852)
[2025.10.05-03.39.59:377][615]LogModuleManager: Shutting down and abandoning module PlanarCut (850)
[2025.10.05-03.39.59:377][615]LogModuleManager: Shutting down and abandoning module CharacterAI (848)
[2025.10.05-03.39.59:377][615]LogModuleManager: Shutting down and abandoning module TakeRecorderSources (846)
[2025.10.05-03.39.59:377][615]LogModuleManager: Shutting down and abandoning module TakeRecorder (845)
[2025.10.05-03.39.59:377][615]LogModuleManager: Shutting down and abandoning module TakeTrackRecorders (842)
[2025.10.05-03.39.59:378][615]LogModuleManager: Shutting down and abandoning module TakesCore (840)
[2025.10.05-03.39.59:378][615]LogModuleManager: Shutting down and abandoning module OpenXRInput (838)
[2025.10.05-03.39.59:378][615]LogModuleManager: Shutting down and abandoning module GooglePADEditor (836)
[2025.10.05-03.39.59:378][615]LogModuleManager: Shutting down and abandoning module AudioCaptureEditor (834)
[2025.10.05-03.39.59:378][615]LogModuleManager: Shutting down and abandoning module TemplateSequenceEditor (832)
[2025.10.05-03.39.59:378][615]LogModuleManager: Shutting down and abandoning module MatineeToLevelSequence (830)
[2025.10.05-03.39.59:378][615]LogModuleManager: Shutting down and abandoning module LevelSequenceEditor (828)
[2025.10.05-03.39.59:378][615]LogModuleManager: Shutting down and abandoning module ActorSequenceEditor (826)
[2025.10.05-03.39.59:378][615]LogModuleManager: Shutting down and abandoning module WmfMediaFactory (824)
[2025.10.05-03.39.59:378][615]LogModuleManager: Shutting down and abandoning module WmfMediaEditor (822)
[2025.10.05-03.39.59:378][615]LogModuleManager: Shutting down and abandoning module WebMMediaFactory (820)
[2025.10.05-03.39.59:378][615]LogModuleManager: Shutting down and abandoning module WebMMediaEditor (818)
[2025.10.05-03.39.59:378][615]LogModuleManager: Shutting down and abandoning module WebMMedia (816)
[2025.10.05-03.39.59:378][615]LogModuleManager: Shutting down and abandoning module MediaPlayerEditor (814)
[2025.10.05-03.39.59:378][615]LogModuleManager: Shutting down and abandoning module MagicLeapMediaCodecFactory (812)
[2025.10.05-03.39.59:378][615]LogModuleManager: Shutting down and abandoning module MagicLeapMediaFactory (810)
[2025.10.05-03.39.59:378][615]LogModuleManager: Shutting down and abandoning module MagicLeapMediaEditor (808)
[2025.10.05-03.39.59:378][615]LogModuleManager: Shutting down and abandoning module MediaCompositingEditor (806)
[2025.10.05-03.39.59:378][615]LogModuleManager: Shutting down and abandoning module SequenceRecorder (805)
[2025.10.05-03.39.59:378][615]LogModuleManager: Shutting down and abandoning module OpenExrWrapper (802)
[2025.10.05-03.39.59:378][615]LogModuleManager: Shutting down and abandoning module ImgMediaFactory (800)
[2025.10.05-03.39.59:378][615]LogModuleManager: Shutting down and abandoning module ImgMediaEditor (798)
[2025.10.05-03.39.59:378][615]LogModuleManager: Shutting down and abandoning module AvfMediaFactory (796)
[2025.10.05-03.39.59:378][615]LogModuleManager: Shutting down and abandoning module AvfMediaEditor (794)
[2025.10.05-03.39.59:378][615]LogModuleManager: Shutting down and abandoning module AndroidMediaFactory (792)
[2025.10.05-03.39.59:378][615]LogModuleManager: Shutting down and abandoning module AndroidMediaEditor (790)
[2025.10.05-03.39.59:378][615]LogModuleManager: Shutting down and abandoning module TextureAlignMode (788)
[2025.10.05-03.39.59:378][615]LogModuleManager: Shutting down and abandoning module BspMode (786)
[2025.10.05-03.39.59:378][615]LogModuleManager: Shutting down and abandoning module GeometryMode (784)
[2025.10.05-03.39.59:378][615]LogModuleManager: Shutting down and abandoning module CameraShakePreviewer (782)
[2025.10.05-03.39.59:378][615]LogModuleManager: Shutting down and abandoning module SmartSnapping (780)
[2025.10.05-03.39.59:378][615]LogModuleManager: Shutting down and abandoning module SessionServices (778)
[2025.10.05-03.39.59:378][615]LogModuleManager: Shutting down and abandoning module MeshPaint (776)
[2025.10.05-03.39.59:378][615]LogModuleManager: Shutting down and abandoning module VirtualTexturingEditor (774)
[2025.10.05-03.39.59:378][615]LogModuleManager: Shutting down and abandoning module FoliageEdit (772)
[2025.10.05-03.39.59:378][615]LogModuleManager: Shutting down and abandoning module LandscapeEditor (770)
[2025.10.05-03.39.59:378][615]LogModuleManager: Shutting down and abandoning module MeshPaintMode (768)
[2025.10.05-03.39.59:378][615]LogModuleManager: Shutting down and abandoning module SceneDepthPickerMode (766)
[2025.10.05-03.39.59:379][615]LogModuleManager: Shutting down and abandoning module ActorPickerMode (764)
[2025.10.05-03.39.59:379][615]LogModuleManager: Shutting down and abandoning module PlacementMode (762)
[2025.10.05-03.39.59:379][615]LogModuleManager: Shutting down and abandoning module ViewportSnapping (760)
[2025.10.05-03.39.59:379][615]LogModuleManager: Shutting down and abandoning module ViewportInteraction (758)
[2025.10.05-03.39.59:379][615]LogModuleManager: Shutting down and abandoning module ClothPainter (756)
[2025.10.05-03.39.59:379][615]LogModuleManager: Shutting down and abandoning module SkeletalMeshEditor (755)
[2025.10.05-03.39.59:379][615]LogModuleManager: Shutting down and abandoning module LogVisualizer (752)
[2025.10.05-03.39.59:379][615]LogModuleManager: Shutting down and abandoning module IntroTutorials (750)
[2025.10.05-03.39.59:379][615]LogModuleManager: Shutting down and abandoning module GameProjectGeneration (749)
[2025.10.05-03.39.59:379][615]LogModuleManager: Shutting down and abandoning module LuminPlatformEditor (746)
[2025.10.05-03.39.59:379][615]LogModuleManager: Shutting down and abandoning module IOSPlatformEditor (744)
[2025.10.05-03.39.59:379][615]LogModuleManager: Shutting down and abandoning module AndroidPlatformEditor (742)
[2025.10.05-03.39.59:379][615]LogModuleManager: Shutting down and abandoning module AndroidDeviceDetection (741)
[2025.10.05-03.39.59:681][615]LogModuleManager: Shutting down and abandoning module WindowsPlatformEditor (738)
[2025.10.05-03.39.59:681][615]LogModuleManager: Shutting down and abandoning module LuminRuntimeSettings (736)
[2025.10.05-03.39.59:681][615]LogModuleManager: Shutting down and abandoning module IOSRuntimeSettings (734)
[2025.10.05-03.39.59:681][615]LogModuleManager: Shutting down and abandoning module AndroidRuntimeSettings (732)
[2025.10.05-03.39.59:681][615]LogModuleManager: Shutting down and abandoning module TraceInsights (730)
[2025.10.05-03.39.59:681][615]MemoryProfiler: Shutdown
[2025.10.05-03.39.59:681][615]NetworkingProfiler: Shutdown
[2025.10.05-03.39.59:682][615]LoadingProfiler: Shutdown
[2025.10.05-03.39.59:682][615]TimingProfiler: Shutdown
[2025.10.05-03.39.59:682][615]LogModuleManager: Shutting down and abandoning module TraceServices (729)
[2025.10.05-03.39.59:682][615]LogModuleManager: Shutting down and abandoning module EditorInteractiveToolsFramework (726)
[2025.10.05-03.39.59:682][615]LogModuleManager: Shutting down and abandoning module TimeManagementEditor (724)
[2025.10.05-03.39.59:682][615]LogModuleManager: Shutting down and abandoning module InputBindingEditor (722)
[2025.10.05-03.39.59:682][615]LogModuleManager: Shutting down and abandoning module MergeActors (720)
[2025.10.05-03.39.59:682][615]LogModuleManager: Shutting down and abandoning module LocalizationDashboard (718)
[2025.10.05-03.39.59:682][615]LogModuleManager: Shutting down and abandoning module LocalizationService (717)
[2025.10.05-03.39.59:682][615]LogModuleManager: Shutting down and abandoning module HardwareTargeting (714)
[2025.10.05-03.39.59:682][615]LogModuleManager: Shutting down and abandoning module DeviceProfileEditor (712)
[2025.10.05-03.39.59:682][615]LogModuleManager: Shutting down and abandoning module UndoHistory (710)
[2025.10.05-03.39.59:682][615]LogModuleManager: Shutting down and abandoning module XmlParser (708)
[2025.10.05-03.39.59:682][615]LogModuleManager: Shutting down and abandoning module Blutility (706)
[2025.10.05-03.39.59:682][615]LogModuleManager: Shutting down and abandoning module ProjectSettingsViewer (704)
[2025.10.05-03.39.59:682][615]LogModuleManager: Shutting down and abandoning module ProjectTargetPlatformEditor (703)
[2025.10.05-03.39.59:682][615]LogModuleManager: Shutting down and abandoning module EditorSettingsViewer (700)
[2025.10.05-03.39.59:682][615]LogModuleManager: Shutting down and abandoning module InternationalizationSettings (699)
[2025.10.05-03.39.59:682][615]LogModuleManager: Shutting down and abandoning module SettingsEditor (696)
[2025.10.05-03.39.59:682][615]LogModuleManager: Shutting down and abandoning module ProjectLauncher (694)
[2025.10.05-03.39.59:682][615]LogModuleManager: Shutting down and abandoning module SessionFrontend (692)
[2025.10.05-03.39.59:682][615]LogModuleManager: Shutting down and abandoning module ProfilerClient (690)
[2025.10.05-03.39.59:682][615]LogModuleManager: Shutting down and abandoning module DeviceManager (688)
[2025.10.05-03.39.59:682][615]LogModuleManager: Shutting down and abandoning module TargetDeviceServices (687)
[2025.10.05-03.39.59:715][615]LogModuleManager: Shutting down and abandoning module AutomationController (684)
[2025.10.05-03.39.59:715][615]LogModuleManager: Shutting down and abandoning module AutomationWindow (682)
[2025.10.05-03.39.59:715][615]LogModuleManager: Shutting down and abandoning module Layers (680)
[2025.10.05-03.39.59:715][615]LogModuleManager: Shutting down and abandoning module ComponentVisualizers (678)
[2025.10.05-03.39.59:715][615]LogModuleManager: Shutting down and abandoning module DetailCustomizations (676)
[2025.10.05-03.39.59:715][615]LogModuleManager: Shutting down and abandoning module PackagesDialog (674)
[2025.10.05-03.39.59:715][615]LogModuleManager: Shutting down and abandoning module AnimationBlueprintEditor (672)
[2025.10.05-03.39.59:715][615]LogModuleManager: Shutting down and abandoning module Persona (670)
[2025.10.05-03.39.59:715][615]LogModuleManager: Shutting down and abandoning module AdvancedPreviewScene (669)
[2025.10.05-03.39.59:715][615]LogModuleManager: Shutting down and abandoning module Kismet (666)
[2025.10.05-03.39.59:715][615]LogModuleManager: Shutting down and abandoning module KismetWidgets (665)
[2025.10.05-03.39.59:715][615]LogModuleManager: Shutting down and abandoning module GraphEditor (662)
[2025.10.05-03.39.59:715][615]LogModuleManager: Shutting down and abandoning module StructViewer (660)
[2025.10.05-03.39.59:715][615]LogModuleManager: Shutting down and abandoning module ClassViewer (658)
[2025.10.05-03.39.59:716][615]LogModuleManager: Shutting down and abandoning module Toolbox (656)
[2025.10.05-03.39.59:716][615]LogModuleManager: Shutting down and abandoning module ModuleUI (654)
[2025.10.05-03.39.59:716][615]LogModuleManager: Shutting down and abandoning module OutputLog (652)
[2025.10.05-03.39.59:717][615]LogModuleManager: Shutting down and abandoning module GammaUI (650)
[2025.10.05-03.39.59:717][615]LogModuleManager: Shutting down and abandoning module Documentation (648)
[2025.10.05-03.39.59:717][615]LogModuleManager: Shutting down and abandoning module LiveCoding (646)
[2025.10.05-03.39.59:717][615]LogModuleManager: Shutting down and abandoning module LevelSequence (644)
[2025.10.05-03.39.59:717][615]LogModuleManager: Shutting down and abandoning module MovieSceneTracks (642)
[2025.10.05-03.39.59:717][615]LogModuleManager: Shutting down and abandoning module MovieScene (640)
[2025.10.05-03.39.59:717][615]LogModuleManager: Shutting down and abandoning module StreamingPauseRendering (638)
[2025.10.05-03.39.59:717][615]LogModuleManager: Shutting down and abandoning module LauncherPlatform (636)
[2025.10.05-03.39.59:717][615]LogModuleManager: Shutting down and abandoning module AnalyticsET (634)
[2025.10.05-03.39.59:717][615]LogModuleManager: Shutting down and abandoning module PortalServices (632)
[2025.10.05-03.39.59:717][615]LogModuleManager: Shutting down and abandoning module PortalRpc (630)
[2025.10.05-03.39.59:717][615]LogModuleManager: Shutting down and abandoning module MessagingRpc (628)
[2025.10.05-03.39.59:717][615]LogModuleManager: Shutting down and abandoning module AudioMixerXAudio2 (626)
[2025.10.05-03.39.59:717][615]LogModuleManager: Shutting down and abandoning module AudioMixerCore (625)
[2025.10.05-03.39.59:717][615]LogModuleManager: Shutting down and abandoning module AIModule (622)
[2025.10.05-03.39.59:717][615]LogModuleManager: Shutting down and abandoning module GameplayDebugger (621)
[2025.10.05-03.39.59:717][615]LogModuleManager: Shutting down and abandoning module AITestSuite (619)
[2025.10.05-03.39.59:717][615]LogModuleManager: Shutting down and abandoning module NavigationSystem (617)
[2025.10.05-03.39.59:717][615]LogModuleManager: Shutting down and abandoning module ImageWriteQueue (614)
[2025.10.05-03.39.59:724][615]LogModuleManager: Shutting down and abandoning module ProfilerService (612)
[2025.10.05-03.39.59:961][615]LogModuleManager: Shutting down and abandoning module TaskGraph (610)
[2025.10.05-03.39.59:961][615]LogModuleManager: Shutting down and abandoning module AudioSynesthesiaEditor (608)
[2025.10.05-03.39.59:961][615]LogModuleManager: Shutting down and abandoning module OculusEditor (606)
[2025.10.05-03.39.59:961][615]LogModuleManager: Shutting down and abandoning module OculusInput (604)
[2025.10.05-03.39.59:961][615]LogModuleManager: Shutting down and abandoning module ContentBrowserFileDataSource (602)
[2025.10.05-03.39.59:961][615]LogModuleManager: Shutting down and abandoning module ContentBrowserAssetDataSource (600)
[2025.10.05-03.39.59:961][615]LogModuleManager: Shutting down and abandoning module ContentBrowserClassDataSource (598)
[2025.10.05-03.39.59:961][615]LogModuleManager: Shutting down and abandoning module CollectionManager (597)
[2025.10.05-03.39.59:962][615]LogModuleManager: Shutting down and abandoning module OpenImageDenoise (594)
[2025.10.05-03.39.59:962][615]LogOpenImageDenoise: OIDN shutting down
[2025.10.05-03.39.59:962][615]LogModuleManager: Shutting down and abandoning module MotoSynthEditor (592)
[2025.10.05-03.39.59:962][615]LogModuleManager: Shutting down and abandoning module MotoSynth (590)
[2025.10.05-03.39.59:962][615]LogModuleManager: Shutting down and abandoning module GeometryCollectionTracks (588)
[2025.10.05-03.39.59:962][615]LogModuleManager: Shutting down and abandoning module GeometryCollectionSequencer (587)
[2025.10.05-03.39.59:962][615]LogModuleManager: Shutting down and abandoning module GeometryCollectionEditor (584)
[2025.10.05-03.39.59:962][615]LogModuleManager: Shutting down and abandoning module MeshConversion (582)
[2025.10.05-03.39.59:962][615]LogModuleManager: Shutting down and abandoning module DynamicMesh (580)
[2025.10.05-03.39.59:962][615]LogModuleManager: Shutting down and abandoning module GeometryAlgorithms (578)
[2025.10.05-03.39.59:962][615]LogModuleManager: Shutting down and abandoning module GeometricObjects (576)
[2025.10.05-03.39.59:962][615]LogModuleManager: Shutting down and abandoning module GeometryCacheTracks (574)
[2025.10.05-03.39.59:962][615]LogModuleManager: Shutting down and abandoning module GeometryCacheStreamer (572)
[2025.10.05-03.39.59:962][615]LogModuleManager: Shutting down and abandoning module GeometryCacheSequencer (570)
[2025.10.05-03.39.59:962][615]LogModuleManager: Shutting down and abandoning module FractureEditor (568)
[2025.10.05-03.39.59:962][615]LogModuleManager: Shutting down and abandoning module ChaosSolverEditor (566)
[2025.10.05-03.39.59:962][615]LogModuleManager: Shutting down and abandoning module ChaosNiagara (564)
[2025.10.05-03.39.59:962][615]LogModuleManager: Shutting down and abandoning module ChaosClothEditor (562)
[2025.10.05-03.39.59:962][615]LogModuleManager: Shutting down and abandoning module BackChannel (560)
[2025.10.05-03.39.59:962][615]LogModuleManager: Shutting down and abandoning module AutomationUtilsEditor (558)
[2025.10.05-03.39.59:962][615]LogModuleManager: Shutting down and abandoning module AutomationUtils (556)
[2025.10.05-03.39.59:962][615]LogModuleManager: Shutting down and abandoning module AlembicImporter (554)
[2025.10.05-03.39.59:962][615]LogModuleManager: Shutting down and abandoning module AlembicLibrary (553)
[2025.10.05-03.39.59:962][615]LogModuleManager: Shutting down and abandoning module GeometryCache (552)
[2025.10.05-03.39.59:962][615]LogModuleManager: Shutting down and abandoning module GeometryCacheEd (551)
[2025.10.05-03.39.59:962][615]LogModuleManager: Shutting down and abandoning module TakeSequencer (546)
[2025.10.05-03.39.59:962][615]LogModuleManager: Shutting down and abandoning module TakeMovieScene (544)
[2025.10.05-03.39.59:962][615]LogModuleManager: Shutting down and abandoning module OodleNetworkHandlerComponent (542)
[2025.10.05-03.39.59:962][615]LogModuleManager: Shutting down and abandoning module SynthesisEditor (540)
[2025.10.05-03.39.59:962][615]LogModuleManager: Shutting down and abandoning module Synthesis (538)
[2025.10.05-03.39.59:962][615]LogModuleManager: Shutting down and abandoning module ProceduralMeshComponentEditor (536)
[2025.10.05-03.39.59:962][615]LogModuleManager: Shutting down and abandoning module ProceduralMeshComponent (534)
[2025.10.05-03.39.59:962][615]LogModuleManager: Shutting down and abandoning module VariantManagerContentEditor (532)
[2025.10.05-03.39.59:962][615]LogModuleManager: Shutting down and abandoning module DatasmithContentEditor (530)
[2025.10.05-03.39.59:962][615]LogModuleManager: Shutting down and abandoning module ScreenshotTools (528)
[2025.10.05-03.39.59:962][615]LogModuleManager: Shutting down and abandoning module OpenXREditor (526)
[2025.10.05-03.39.59:962][615]LogModuleManager: Shutting down and abandoning module MobilePatchingUtils (524)
[2025.10.05-03.39.59:962][615]LogModuleManager: Shutting down and abandoning module GooglePAD (522)
[2025.10.05-03.39.59:962][615]LogModuleManager: Shutting down and abandoning module EditableMesh (520)
[2025.10.05-03.39.59:962][615]LogModuleManager: Shutting down and abandoning module FieldSystemEngine (519)
[2025.10.05-03.39.59:962][615]LogModuleManager: Shutting down and abandoning module CustomMeshComponent (516)
[2025.10.05-03.39.59:962][615]LogModuleManager: Shutting down and abandoning module CableComponent (514)
[2025.10.05-03.39.59:962][615]LogModuleManager: Shutting down and abandoning module AudioCapture (512)
[2025.10.05-03.39.59:962][615]LogModuleManager: Shutting down and abandoning module AudioCaptureRtAudio (511)
[2025.10.05-03.39.59:962][615]LogModuleManager: Shutting down and abandoning module AssetTags (508)
[2025.10.05-03.39.59:962][615]LogModuleManager: Shutting down and abandoning module ArchVisCharacter (506)
[2025.10.05-03.39.59:962][615]LogModuleManager: Shutting down and abandoning module AppleImageUtilsBlueprintSupport (504)
[2025.10.05-03.39.59:962][615]LogModuleManager: Shutting down and abandoning module AppleImageUtils (502)
[2025.10.05-03.39.59:962][615]LogModuleManager: Shutting down and abandoning module AndroidPermission (500)
[2025.10.05-03.39.59:962][615]LogModuleManager: Shutting down and abandoning module ActorLayerUtilitiesEditor (498)
[2025.10.05-03.39.59:962][615]LogModuleManager: Shutting down and abandoning module ActorLayerUtilities (496)
[2025.10.05-03.39.59:962][615]LogModuleManager: Shutting down and abandoning module TemplateSequence (494)
[2025.10.05-03.39.59:962][615]LogModuleManager: Shutting down and abandoning module MagicLeapSharedWorld (492)
[2025.10.05-03.39.59:962][615]LogModuleManager: Shutting down and abandoning module LightPropagationVolumeEditor (490)
[2025.10.05-03.39.59:962][615]LogModuleManager: Shutting down and abandoning module MediaCompositing (488)
[2025.10.05-03.39.59:962][615]LogModuleManager: Shutting down and abandoning module MagicLeapLightEstimation (486)
[2025.10.05-03.39.59:962][615]LogModuleManager: Shutting down and abandoning module ImgMedia (484)
[2025.10.05-03.39.59:963][615]LogModuleManager: Shutting down and abandoning module MagicLeapHelperVulkan (482)
[2025.10.05-03.39.59:963][615]LogModuleManager: Shutting down and abandoning module MagicLeapHelperOpenGL (480)
[2025.10.05-03.39.59:963][615]LogModuleManager: Shutting down and abandoning module MagicLeapAudio (478)
[2025.10.05-03.39.59:963][615]LogModuleManager: Shutting down and abandoning module VisualStudioSourceCodeAccess (476)
[2025.10.05-03.39.59:963][615]LogModuleManager: Shutting down and abandoning module NiagaraEditorWidgets (474)
[2025.10.05-03.39.59:963][615]LogModuleManager: Shutting down and abandoning module VisualStudioCodeSourceCodeAccess (472)
[2025.10.05-03.39.59:963][615]LogModuleManager: Shutting down and abandoning module UObjectPlugin (470)
[2025.10.05-03.39.59:963][615]LogModuleManager: Shutting down and abandoning module SubversionSourceControl (468)
[2025.10.05-03.39.59:963][615]LogModuleManager: Shutting down and abandoning module RiderSourceCodeAccess (466)
[2025.10.05-03.39.59:963][615]LogModuleManager: Shutting down and abandoning module PluginUtils (464)
[2025.10.05-03.39.59:963][615]LogModuleManager: Shutting down and abandoning module PlasticSourceControl (462)
[2025.10.05-03.39.59:963][615]LogModuleManager: Shutting down and abandoning module PerforceSourceControl (460)
[2025.10.05-03.39.59:963][615]LogModuleManager: Shutting down and abandoning module GitSourceControl (458)
[2025.10.05-03.39.59:963][615]LogModuleManager: Shutting down and abandoning module SourceControl (457)
[2025.10.05-03.39.59:963][615]LogModuleManager: Shutting down and abandoning module AnimationSharingEd (454)
[2025.10.05-03.39.59:963][615]LogModuleManager: Shutting down and abandoning module CLionSourceCodeAccess (452)
[2025.10.05-03.39.59:963][615]LogModuleManager: Shutting down and abandoning module SpeedTreeImporter (450)
[2025.10.05-03.39.59:963][615]LogModuleManager: Shutting down and abandoning module PluginBrowser (448)
[2025.10.05-03.39.59:963][615]LogModuleManager: Shutting down and abandoning module MobileLauncherProfileWizard (446)
[2025.10.05-03.39.59:963][615]LogModuleManager: Shutting down and abandoning module MaterialAnalyzer (444)
[2025.10.05-03.39.59:963][615]LogModuleManager: Shutting down and abandoning module CryptoKeysOpenSSL (442)
[2025.10.05-03.39.59:963][615]LogModuleManager: Shutting down and abandoning module CryptoKeys (440)
[2025.10.05-03.39.59:963][615]LogModuleManager: Shutting down and abandoning module CurveEditorTools (438)
[2025.10.05-03.39.59:963][615]LogModuleManager: Shutting down and abandoning module LiveLinkSequencer (436)
[2025.10.05-03.39.59:963][615]LogModuleManager: Shutting down and abandoning module LiveLinkMovieScene (434)
[2025.10.05-03.39.59:963][615]LogModuleManager: Shutting down and abandoning module LiveLinkGraphNode (432)
[2025.10.05-03.39.59:963][615]LogModuleManager: Shutting down and abandoning module LiveLinkEditor (430)
[2025.10.05-03.39.59:963][615]LogModuleManager: Shutting down and abandoning module LiveLinkComponents (428)
[2025.10.05-03.39.59:963][615]LogModuleManager: Shutting down and abandoning module LiveLink (426)
[2025.10.05-03.40.00:223][615]LogModuleManager: Shutting down and abandoning module PaperTiledImporter (424)
[2025.10.05-03.40.00:223][615]LogModuleManager: Shutting down and abandoning module PaperSpriteSheetImporter (422)
[2025.10.05-03.40.00:223][615]LogModuleManager: Shutting down and abandoning module Paper2DEditor (420)
[2025.10.05-03.40.00:223][615]LogModuleManager: Shutting down and abandoning module MeshPaintingToolset (418)
[2025.10.05-03.40.00:223][615]LogModuleManager: Shutting down and abandoning module MeshPaintEditorMode (416)
[2025.10.05-03.40.00:223][615]LogModuleManager: Shutting down and abandoning module AnimGraph (413)
[2025.10.05-03.40.00:223][615]LogModuleManager: Shutting down and abandoning module PythonScriptPlugin (410)
[2025.10.05-03.40.00:223][615]LogModuleManager: Shutting down and abandoning module SoundFields (408)
[2025.10.05-03.40.00:223][615]LogModuleManager: Shutting down and abandoning module SignificanceManager (406)
[2025.10.05-03.40.00:223][615]LogModuleManager: Shutting down and abandoning module RuntimePhysXCooking (404)
[2025.10.05-03.40.00:223][615]LogModuleManager: Shutting down and abandoning module PropertyAccessEditor (402)
[2025.10.05-03.40.00:223][615]LogModuleManager: Shutting down and abandoning module PhysXVehiclesEditor (400)
[2025.10.05-03.40.00:223][615]LogModuleManager: Shutting down and abandoning module LocationServicesBPLibrary (396)
[2025.10.05-03.40.00:223][615]LogModuleManager: Shutting down and abandoning module AudioSynesthesia (394)
[2025.10.05-03.40.00:223][615]LogModuleManager: Shutting down and abandoning module AudioSynesthesiaCore (392)
[2025.10.05-03.40.00:223][615]LogModuleManager: Shutting down and abandoning module ActorSequence (390)
[2025.10.05-03.40.00:223][615]LogModuleManager: Shutting down and abandoning module UdpMessaging (388)
[2025.10.05-03.40.00:324][615]LogModuleManager: Shutting down and abandoning module TcpMessaging (386)
[2025.10.05-03.40.00:425][615]LogModuleManager: Shutting down and abandoning module MagicLeapARPin (384)
[2025.10.05-03.40.00:425][615]LogModuleManager: Shutting down and abandoning module LightPropagationVolumeRuntime (382)
[2025.10.05-03.40.00:425][615]LogModuleManager: Shutting down and abandoning module ImgMediaEngine (380)
[2025.10.05-03.40.00:425][615]LogModuleManager: Shutting down and abandoning module MagicLeapHandMeshing (378)
[2025.10.05-03.40.00:425][615]LogModuleManager: Shutting down and abandoning module MagicLeapSecureStorage (376)
[2025.10.05-03.40.00:425][615]LogModuleManager: Shutting down and abandoning module MagicLeapPrivileges (374)
[2025.10.05-03.40.00:425][615]LogModuleManager: Shutting down and abandoning module MagicLeapPlanes (372)
[2025.10.05-03.40.00:425][615]LogMagicLeapPlanes: Planes tracker already destroyed.
[2025.10.05-03.40.00:425][615]LogModuleManager: Shutting down and abandoning module MagicLeapImageTracker (370)
[2025.10.05-03.40.00:425][615]LogModuleManager: Shutting down and abandoning module MagicLeapIdentity (368)
[2025.10.05-03.40.00:425][615]LogModuleManager: Shutting down and abandoning module MagicLeapHandTracking (366)
[2025.10.05-03.40.00:425][615]LogModuleManager: Shutting down and abandoning module MagicLeapEyeTracker (364)
[2025.10.05-03.40.00:425][615]LogModuleManager: Shutting down and abandoning module MagicLeapController (362)
[2025.10.05-03.40.00:425][615]LogModuleManager: Shutting down and abandoning module MagicLeapARPinImpl (360)
[2025.10.05-03.40.00:425][615]LogModuleManager: Shutting down and abandoning module MagicLeapAR (358)
[2025.10.05-03.40.00:425][615]LogModuleManager: Shutting down and abandoning module NiagaraAnimNotifies (356)
[2025.10.05-03.40.00:425][615]LogModuleManager: Shutting down and abandoning module Niagara (354)
[2025.10.05-03.40.00:425][615]LogModuleManager: Shutting down and abandoning module SignalProcessing (353)
[2025.10.05-03.40.00:425][615]LogModuleManager: Shutting down and abandoning module NiagaraEditor (351)
[2025.10.05-03.40.00:426][615]LogModuleManager: Shutting down and abandoning module NiagaraCore (348)
[2025.10.05-03.40.00:426][615]LogModuleManager: Shutting down and abandoning module PropertyAccessNode (346)
[2025.10.05-03.40.00:428][615]LogModuleManager: Shutting down and abandoning module AnimationSharing (344)
[2025.10.05-03.40.00:428][615]LogModuleManager: Shutting down and abandoning module GameplayCameras (342)
[2025.10.05-03.40.00:428][615]LogModuleManager: Shutting down and abandoning module GameplayTagsEditor (340)
[2025.10.05-03.40.00:428][615]LogModuleManager: Shutting down and abandoning module FacialAnimationEditor (338)
[2025.10.05-03.40.00:428][615]LogModuleManager: Shutting down and abandoning module FacialAnimation (336)
[2025.10.05-03.40.00:429][615]LogModuleManager: Shutting down and abandoning module DataValidation (334)
[2025.10.05-03.40.00:429][615]LogModuleManager: Shutting down and abandoning module AssetManagerEditor (332)
[2025.10.05-03.40.00:429][615]LogModuleManager: Shutting down and abandoning module LevelEditor (331)
[2025.10.05-03.40.00:430][615]LogModuleManager: Shutting down and abandoning module PixelInspectorModule (330)
[2025.10.05-03.40.00:430][615]LogModuleManager: Shutting down and abandoning module CommonMenuExtensions (328)
[2025.10.05-03.40.00:431][615]LogModuleManager: Shutting down and abandoning module MainFrame (326)
[2025.10.05-03.40.00:431][615]LogModuleManager: Shutting down and abandoning module HotReload (325)
[2025.10.05-03.40.00:432][615]LogModuleManager: Shutting down and abandoning module ToolMenus (321)
[2025.10.05-03.40.00:432][615]LogModuleManager: Shutting down and abandoning module ContentBrowser (319)
[2025.10.05-03.40.00:432][615]LogModuleManager: Shutting down and abandoning module ContentBrowserData (318)
[2025.10.05-03.40.00:432][615]LogModuleManager: Shutting down and abandoning module TreeMap (315)
[2025.10.05-03.40.00:432][615]LogModuleManager: Shutting down and abandoning module EnvironmentQueryEditor (312)
[2025.10.05-03.40.00:432][615]LogModuleManager: Shutting down and abandoning module Paper2D (310)
[2025.10.05-03.40.00:432][615]LogModuleManager: Shutting down and abandoning module WindowsMoviePlayer (308)
[2025.10.05-03.40.00:433][615]LogModuleManager: Shutting down and abandoning module WebMMoviePlayer (306)
[2025.10.05-03.40.00:433][615]LogModuleManager: Shutting down and abandoning module NetworkReplayStreaming (304)
[2025.10.05-03.40.00:433][615]LogModuleManager: Shutting down and abandoning module PacketHandler (302)
[2025.10.05-03.40.00:433][615]LogModuleManager: Shutting down and abandoning module ClothingSystemEditor (300)
[2025.10.05-03.40.00:433][615]LogModuleManager: Shutting down and abandoning module ClothingSystemRuntimeNv (298)
[2025.10.05-03.40.00:433][615]LogModuleManager: Shutting down and abandoning module MediaAssets (296)
[2025.10.05-03.40.00:433][615]LogModuleManager: Shutting down and abandoning module Overlay (294)
[2025.10.05-03.40.00:433][615]LogModuleManager: Shutting down and abandoning module OverlayEditor (293)
[2025.10.05-03.40.00:433][615]LogModuleManager: Shutting down and abandoning module VREditor (290)
[2025.10.05-03.40.00:433][615]LogModuleManager: Shutting down and abandoning module StringTableEditor (288)
[2025.10.05-03.40.00:434][615]LogModuleManager: Shutting down and abandoning module GameplayTasksEditor (286)
[2025.10.05-03.40.00:434][615]LogModuleManager: Shutting down and abandoning module BehaviorTreeEditor (284)
[2025.10.05-03.40.00:434][615]LogModuleManager: Shutting down and abandoning module FunctionalTesting (282)
[2025.10.05-03.40.00:434][615]LogModuleManager: Shutting down and abandoning module CollisionAnalyzer (280)
[2025.10.05-03.40.00:434][615]LogModuleManager: Shutting down and abandoning module WorkspaceMenuStructure (279)
[2025.10.05-03.40.00:434][615]LogModuleManager: Shutting down and abandoning module UMG (276)
[2025.10.05-03.40.00:434][615]LogModuleManager: Shutting down and abandoning module UMGEditor (275)
[2025.10.05-03.40.00:434][615]LogModuleManager: Shutting down and abandoning module MessageLog (273)
[2025.10.05-03.40.00:434][615]LogModuleManager: Shutting down and abandoning module SlateReflector (268)
[2025.10.05-03.40.00:434][615]LogModuleManager: Shutting down and abandoning module Slate (266)
[2025.10.05-03.40.00:434][615]LogModuleManager: Shutting down and abandoning module SlateCore (264)
[2025.10.05-03.40.00:435][615]LogModuleManager: Shutting down and abandoning module LandscapeEditorUtilities (262)
[2025.10.05-03.40.00:435][615]LogModuleManager: Shutting down and abandoning module UnrealEd (260)
[2025.10.05-03.40.00:435][615]LogModuleManager: Shutting down and abandoning module MRMesh (258)
[2025.10.05-03.40.00:435][615]LogModuleManager: Shutting down and abandoning module SourceCodeAccess (256)
[2025.10.05-03.40.00:435][615]LogModuleManager: Shutting down and abandoning module HeadMountedDisplay (254)
[2025.10.05-03.40.00:435][615]LogModuleManager: Shutting down and abandoning module XAudio2 (252)
[2025.10.05-03.40.00:435][615]LogModuleManager: Shutting down and abandoning module Networking (250)
[2025.10.05-03.40.00:435][615]LogModuleManager: Shutting down and abandoning module Core (248)
[2025.10.05-03.40.00:435][615]LogModuleManager: Shutting down and abandoning module MaterialEditor (246)
[2025.10.05-03.40.00:435][615]LogModuleManager: Shutting down and abandoning module MovieSceneTools (244)
[2025.10.05-03.40.00:435][615]LogModuleManager: Shutting down and abandoning module CurveEditor (243)
[2025.10.05-03.40.00:435][615]LogModuleManager: Shutting down and abandoning module Sequencer (241)
[2025.10.05-03.40.00:435][615]LogModuleManager: Shutting down and abandoning module EditorStyle (240)
[2025.10.05-03.40.00:437][615]LogModuleManager: Shutting down and abandoning module KismetCompiler (236)
[2025.10.05-03.40.00:437][615]LogModuleManager: Shutting down and abandoning module MeshBuilder (234)
[2025.10.05-03.40.00:437][615]LogModuleManager: Shutting down and abandoning module MeshUtilities (232)
[2025.10.05-03.40.00:437][615]LogModuleManager: Shutting down and abandoning module MeshMergeUtilities (231)
[2025.10.05-03.40.00:437][615]LogModuleManager: Shutting down and abandoning module MeshReductionInterface (230)
[2025.10.05-03.40.00:437][615]LogModuleManager: Shutting down and abandoning module MeshBoneReduction (229)
[2025.10.05-03.40.00:437][615]LogModuleManager: Shutting down and abandoning module SkeletalMeshReduction (227)
[2025.10.05-03.40.00:437][615]LogModuleManager: Shutting down and abandoning module ProxyLODMeshReduction (225)
[2025.10.05-03.40.00:437][615]LogModuleManager: Shutting down and abandoning module QuadricMeshReduction (223)
[2025.10.05-03.40.00:437][615]LogModuleManager: Shutting down and abandoning module MaterialBaking (219)
[2025.10.05-03.40.00:437][615]LogModuleManager: Shutting down and abandoning module NullInstallBundleManager (214)
[2025.10.05-03.40.00:437][615]LogModuleManager: Shutting down and abandoning module DerivedDataCache (212)
[2025.10.05-03.40.00:437][615]LogModuleManager: Shutting down and abandoning module TargetPlatform (210)
[2025.10.05-03.40.00:437][615]LogModuleManager: Shutting down and abandoning module VulkanShaderFormat (209)
[2025.10.05-03.40.00:437][615]LogModuleManager: Shutting down and abandoning module ShaderFormatVectorVM (207)
[2025.10.05-03.40.00:437][615]LogModuleManager: Shutting down and abandoning module ShaderFormatOpenGL (205)
[2025.10.05-03.40.00:437][615]LogModuleManager: Shutting down and abandoning module ShaderFormatD3D (203)
[2025.10.05-03.40.00:437][615]LogModuleManager: Shutting down and abandoning module MetalShaderFormat (201)
[2025.10.05-03.40.00:437][615]LogModuleManager: Shutting down and abandoning module TextureFormatOodle (199)
[2025.10.05-03.40.00:437][615]LogModuleManager: Shutting down and abandoning module TextureFormatUncompressed (197)
[2025.10.05-03.40.00:437][615]LogModuleManager: Shutting down and abandoning module TextureFormatPVR (195)
[2025.10.05-03.40.00:437][615]LogModuleManager: Shutting down and abandoning module TextureFormatETC2 (193)
[2025.10.05-03.40.00:437][615]LogModuleManager: Shutting down and abandoning module TextureFormatDXT (191)
[2025.10.05-03.40.00:437][615]LogModuleManager: Shutting down and abandoning module TextureFormatIntelISPCTexComp (189)
[2025.10.05-03.40.00:437][615]LogModuleManager: Shutting down and abandoning module TextureFormatASTC (187)
[2025.10.05-03.40.00:437][615]LogModuleManager: Shutting down and abandoning module ImageWrapper (186)
[2025.10.05-03.40.00:437][615]LogModuleManager: Shutting down and abandoning module AudioFormatOpus (183)
[2025.10.05-03.40.00:438][615]LogModuleManager: Shutting down and abandoning module AudioFormatOgg (181)
[2025.10.05-03.40.00:438][615]LogModuleManager: Shutting down and abandoning module AudioFormatADPCM (179)
[2025.10.05-03.40.00:438][615]LogModuleManager: Shutting down and abandoning module WindowsServerTargetPlatform (177)
[2025.10.05-03.40.00:438][615]LogModuleManager: Shutting down and abandoning module WindowsClientTargetPlatform (175)
[2025.10.05-03.40.00:438][615]LogModuleManager: Shutting down and abandoning module WindowsTargetPlatform (173)
[2025.10.05-03.40.00:438][615]LogModuleManager: Shutting down and abandoning module WindowsNoEditorTargetPlatform (171)
[2025.10.05-03.40.00:438][615]LogModuleManager: Shutting down and abandoning module TVOSTargetPlatform (169)
[2025.10.05-03.40.00:438][615]LogModuleManager: Shutting down and abandoning module MacServerTargetPlatform (167)
[2025.10.05-03.40.00:438][615]LogModuleManager: Shutting down and abandoning module MacClientTargetPlatform (165)
[2025.10.05-03.40.00:438][615]LogModuleManager: Shutting down and abandoning module MacTargetPlatform (163)
[2025.10.05-03.40.00:438][615]LogModuleManager: Shutting down and abandoning module MacNoEditorTargetPlatform (161)
[2025.10.05-03.40.00:438][615]LogModuleManager: Shutting down and abandoning module LuminTargetPlatform (159)
[2025.10.05-03.40.00:439][615]LogModuleManager: Shutting down and abandoning module LinuxAArch64ServerTargetPlatform (157)
[2025.10.05-03.40.00:439][615]LogModuleManager: Shutting down and abandoning module LinuxAArch64ClientTargetPlatform (155)
[2025.10.05-03.40.00:439][615]LogModuleManager: Shutting down and abandoning module LinuxAArch64NoEditorTargetPlatform (153)
[2025.10.05-03.40.00:439][615]LogModuleManager: Shutting down and abandoning module LinuxServerTargetPlatform (151)
[2025.10.05-03.40.00:439][615]LogModuleManager: Shutting down and abandoning module LinuxClientTargetPlatform (149)
[2025.10.05-03.40.00:439][615]LogModuleManager: Shutting down and abandoning module LinuxNoEditorTargetPlatform (147)
[2025.10.05-03.40.00:439][615]LogModuleManager: Shutting down and abandoning module LinuxTargetPlatform (145)
[2025.10.05-03.40.00:439][615]LogModuleManager: Shutting down and abandoning module Messaging (143)
[2025.10.05-03.40.00:439][615]LogModuleManager: Shutting down and abandoning module IOSTargetPlatform (141)
[2025.10.05-03.40.00:439][615]LogModuleManager: Shutting down and abandoning module AndroidTargetPlatform (139)
[2025.10.05-03.40.00:443][615]LogModuleManager: Shutting down and abandoning module AllDesktopTargetPlatform (137)
[2025.10.05-03.40.00:443][615]LogModuleManager: Shutting down and abandoning module D3D11RHI (134)
[2025.10.05-03.40.00:443][615]LogModuleManager: Shutting down and abandoning module InputCore (132)
[2025.10.05-03.40.00:443][615]LogModuleManager: Shutting down and abandoning module Settings (130)
[2025.10.05-03.40.00:443][615]LogModuleManager: Shutting down and abandoning module DirectoryWatcher (128)
[2025.10.05-03.40.00:443][615]LogModuleManager: Shutting down and abandoning module PhysXCooking (126)
[2025.10.05-03.40.00:443][615]LogModuleManager: Shutting down and abandoning module Chaos (124)
[2025.10.05-03.40.00:443][615]LogModuleManager: Shutting down and abandoning module WindowsPlatformFeatures (122)
[2025.10.05-03.40.00:443][615]LogModuleManager: Shutting down and abandoning module GameplayMediaEncoder (121)
[2025.10.05-03.40.00:443][615]LogModuleManager: Shutting down and abandoning module AVEncoder (120)
[2025.10.05-03.40.00:443][615]LogModuleManager: Shutting down and abandoning module SteamVRInputDevice (116)
[2025.10.05-03.40.00:443][615]LogModuleManager: Shutting down and abandoning module SteamVRInput (114)
[2025.10.05-03.40.00:443][615]LogModuleManager: Shutting down and abandoning module SteamVR (112)
[2025.10.05-03.40.00:443][615]LogHMD: Freeing OpenVRDLLHandle.
[2025.10.05-03.40.00:443][615]LogModuleManager: Shutting down and abandoning module OculusHMD (110)
[2025.10.05-03.40.00:443][615]LogModuleManager: Shutting down and abandoning module ChaosCloth (108)
[2025.10.05-03.40.00:443][615]LogModuleManager: Shutting down and abandoning module VariantManagerContent (106)
[2025.10.05-03.40.00:443][615]LogModuleManager: Shutting down and abandoning module DatasmithContent (104)
[2025.10.05-03.40.00:444][615]LogModuleManager: Shutting down and abandoning module OpenXRAR (102)
[2025.10.05-03.40.00:444][615]LogModuleManager: Shutting down and abandoning module AugmentedReality (101)
[2025.10.05-03.40.00:444][615]LogModuleManager: Shutting down and abandoning module OpenXRHandTracking (98)
[2025.10.05-03.40.00:444][615]LogSlate: Slate User Destroyed.  User Index 0, Is Virtual User: 0
[2025.10.05-03.40.00:444][615]LogModuleManager: Shutting down and abandoning module OpenXRHMD (97)
[2025.10.05-03.40.00:444][615]LogModuleManager: Shutting down and abandoning module OpenXREyeTracker (94)
[2025.10.05-03.40.00:444][615]LogModuleManager: Shutting down and abandoning module ExampleDeviceProfileSelector (92)
[2025.10.05-03.40.00:444][615]LogModuleManager: Shutting down and abandoning module ChunkDownloader (90)
[2025.10.05-03.40.00:444][615]LogModuleManager: Shutting down and abandoning module OnlineBlueprintSupport (88)
[2025.10.05-03.40.00:444][615]LogModuleManager: Shutting down and abandoning module OnlineSubsystem (84)
[2025.10.05-03.40.00:446][615]LogModuleManager: Shutting down and abandoning module XMPP (79)
[2025.10.05-03.40.00:446][615]LogModuleManager: Shutting down and abandoning module WebSockets (78)
[2025.10.05-03.40.00:467][615]LogModuleManager: Shutting down and abandoning module HTTP (75)
[2025.10.05-03.40.00:467][615]LogHttp: Display: Http module shutting down, but needs to wait on 1 outstanding Http requests:
[2025.10.05-03.40.00:467][615]LogHttp: Display: 	verb=[POST] url=[https://datarouter.ol.epicgames.com/datarouter/api/v1/public/data?SessionID=%7BC28B6A75-4BC1-3F18-4013-D98C780C61A5%7D&AppID=UEEditor.Rocket.Release&AppVersion=4.27.2-18319896%2B%2B%2BUE4%2BRelease-4.27&UserID=b8cc06d04e871ffdffca32b47f909cff%7C81d32e9996224e89b0dfec987a357124%7C72bd2619-d333-4b0c-85ec-0f2529c0ddb7&AppEnvironment=datacollector-binary&UploadType=eteventstream] refs=[1] status=Processing
[2025.10.05-03.40.00:467][615]LogHttp: Display: cleaning up 1 outstanding Http requests.
[2025.10.05-03.40.00:499][615]LogModuleManager: Shutting down and abandoning module SSL (74)
[2025.10.05-03.40.00:500][615]LogModuleManager: Shutting down and abandoning module LauncherChunkInstaller (70)
[2025.10.05-03.40.00:500][615]LogModuleManager: Shutting down and abandoning module WmfMedia (68)
[2025.10.05-03.40.00:501][615]LogModuleManager: Shutting down and abandoning module Media (67)
[2025.10.05-03.40.00:502][615]LogModuleManager: Shutting down and abandoning module MediaInfo (66)
[2025.10.05-03.40.00:502][615]LogModuleManager: Shutting down and abandoning module MLSDK (62)
[2025.10.05-03.40.00:502][615]LogModuleManager: Shutting down and abandoning module ExrReaderGpu (60)
[2025.10.05-03.40.00:502][615]LogModuleManager: Shutting down and abandoning module MagicLeap (58)
[2025.10.05-03.40.00:502][615]LogModuleManager: Shutting down and abandoning module NiagaraVertexFactories (56)
[2025.10.05-03.40.00:503][615]LogModuleManager: Shutting down and abandoning module NiagaraShader (54)
[2025.10.05-03.40.00:503][615]LogModuleManager: Shutting down and abandoning module PixWinPlugin (52)
[2025.10.05-03.40.00:503][615]LogModuleManager: Shutting down and abandoning module AISupportModule (50)
[2025.10.05-03.40.00:503][615]LogModuleManager: Shutting down and abandoning module DesktopPlatform (48)
[2025.10.05-03.40.00:503][615]LogModuleManager: Shutting down and abandoning module PythonScriptPluginPreload (46)
[2025.10.05-03.40.00:503][615]LogModuleManager: Shutting down and abandoning module PlatformCryptoOpenSSL (44)
[2025.10.05-03.40.00:503][615]LogModuleManager: Shutting down and abandoning module PlatformCryptoTypes (42)
[2025.10.05-03.40.00:503][615]LogModuleManager: Shutting down and abandoning module PlatformCrypto (40)
[2025.10.05-03.40.00:503][615]LogModuleManager: Shutting down and abandoning module OodleDataCompressionFormat (38)
[2025.10.05-03.40.00:503][615]LogModuleManager: Shutting down and abandoning module XGEController (36)
[2025.10.05-03.40.00:503][615]LogModuleManager: Shutting down and abandoning module AnimationModifiers (34)
[2025.10.05-03.40.00:503][615]LogModuleManager: Shutting down and abandoning module AudioEditor (32)
[2025.10.05-03.40.00:503][615]LogModuleManager: Shutting down and abandoning module PropertyEditor (31)
[2025.10.05-03.40.00:503][615]LogModuleManager: Shutting down and abandoning module TextureCompressor (28)
[2025.10.05-03.40.00:503][615]LogModuleManager: Shutting down and abandoning module RenderCore (26)
[2025.10.05-03.40.00:503][615]LogModuleManager: Shutting down and abandoning module Landscape (24)
[2025.10.05-03.40.00:503][615]LogModuleManager: Shutting down and abandoning module SlateRHIRenderer (22)
[2025.10.05-03.40.00:505][615]LogModuleManager: Shutting down and abandoning module AnimGraphRuntime (20)
[2025.10.05-03.40.00:505][615]LogModuleManager: Shutting down and abandoning module Renderer (18)
[2025.10.05-03.40.00:505][615]LogModuleManager: Shutting down and abandoning module Engine (16)
[2025.10.05-03.40.00:505][615]LogModuleManager: Shutting down and abandoning module CoreUObject (14)
[2025.10.05-03.40.00:505][615]LogModuleManager: Shutting down and abandoning module NetworkFile (12)
[2025.10.05-03.40.00:505][615]LogModuleManager: Shutting down and abandoning module CookedIterativeFile (10)
[2025.10.05-03.40.00:505][615]LogModuleManager: Shutting down and abandoning module StreamingFile (8)
[2025.10.05-03.40.00:505][615]LogModuleManager: Shutting down and abandoning module SandboxFile (6)
[2025.10.05-03.40.00:505][615]LogModuleManager: Shutting down and abandoning module PakFile (4)
[2025.10.05-03.40.00:505][615]LogModuleManager: Shutting down and abandoning module RSA (3)
[2025.10.05-03.40.00:505][615]LogContentStreaming: Display: There are 1 unreleased StreamingManagers
[2025.10.05-03.40.00:536][615]LogD3D11RHI: Shutdown
[2025.10.05-03.40.00:536][615]LogD3D11RHI: CleanupD3DDevice
[2025.10.05-03.40.00:537][615]LogExit: Exiting.
[2025.10.05-03.40.00:570][615]Log file closed, 10/05/25 12:40:00
