Log file open, 05/12/26 09:20:51
LogWindows: Failed to load 'aqProf.dll' (GetLastError=126)
LogWindows: File 'aqProf.dll' does not exist
LogWindows: Failed to load 'VtuneApi.dll' (GetLastError=126)
LogWindows: File 'VtuneApi.dll' does not exist
LogWindows: Failed to load 'VtuneApi32e.dll' (GetLastError=126)
LogWindows: File 'VtuneApi32e.dll' does not exist
LogConsoleResponse: Display: Failed to find resolution value strings in scalability ini. Falling back to default.
LogConsoleResponse: Display: Failed to find resolution value strings in scalability ini. Falling back to default.
LogInit: Display: Running engine for game: ALSV4
LogPlatformFile: Not using cached read wrapper
LogTaskGraph: Started task graph with 5 named threads and 71 total threads with 3 sets of task threads.
LogStats: Stats thread started at 0.179299
LogICUInternationalization: ICU TimeZone Detection - Raw Offset: +9:00, Platform Override: ''
LogInit: Display: Loading text-based GConfig....
LogPluginManager: Mounting plugin MeshPainting
LogPluginManager: Mounting plugin XGEController
LogPluginManager: Mounting plugin Paper2D
LogPluginManager: Mounting plugin AISupport
LogPluginManager: Mounting plugin EnvironmentQueryEditor
LogPluginManager: Mounting plugin LiveLink
LogPluginManager: Mounting plugin LightPropagationVolume
LogPluginManager: Mounting plugin OodleData
LogPluginManager: Mounting plugin OodleNetwork
LogPluginManager: Mounting plugin DatasmithContent
LogPluginManager: Mounting plugin VariantManagerContent
LogPluginManager: Mounting plugin AssetManagerEditor
LogPluginManager: Mounting plugin CryptoKeys
LogPluginManager: Mounting plugin CurveEditorTools
LogPluginManager: Mounting plugin DataValidation
LogPluginManager: Mounting plugin GameplayTagsEditor
LogPluginManager: Mounting plugin MacGraphicsSwitching
LogPluginManager: Mounting plugin GeometryMode
LogPluginManager: Mounting plugin FacialAnimation
LogPluginManager: Mounting plugin MaterialAnalyzer
LogPluginManager: Mounting plugin MobileLauncherProfileWizard
LogPluginManager: Mounting plugin PluginBrowser
LogPluginManager: Mounting plugin AnimationSharing
LogPluginManager: Mounting plugin CLionSourceCodeAccess
LogPluginManager: Mounting plugin CodeLiteSourceCodeAccess
LogPluginManager: Mounting plugin GitSourceControl
LogPluginManager: Mounting plugin KDevelopSourceCodeAccess
LogPluginManager: Mounting plugin NullSourceCodeAccess
LogPluginManager: Mounting plugin PixWinPlugin
LogPluginManager: Mounting plugin PerforceSourceControl
LogPluginManager: Mounting plugin PluginUtils
LogPluginManager: Mounting plugin PlasticSourceControl
LogPluginManager: Mounting plugin PropertyAccessNode
LogPluginManager: Mounting plugin SubversionSourceControl
LogPluginManager: Mounting plugin SpeedTreeImporter
LogPluginManager: Mounting plugin TextureFormatOodle
LogPluginManager: Mounting plugin CameraShakePreviewer
LogPluginManager: Mounting plugin VisualStudioSourceCodeAccess
LogPluginManager: Mounting plugin VisualStudioCodeSourceCodeAccess
LogPluginManager: Mounting plugin GameplayCameras
LogPluginManager: Mounting plugin AlembicImporter
LogPluginManager: Mounting plugin UObjectPlugin
LogPluginManager: Mounting plugin RiderSourceCodeAccess
LogPluginManager: Mounting plugin AutomationUtils
LogPluginManager: Mounting plugin XCodeSourceCodeAccess
LogPluginManager: Mounting plugin BackChannel
LogPluginManager: Mounting plugin ChaosCloth
LogPluginManager: Mounting plugin ChaosSolverPlugin
LogPluginManager: Mounting plugin CharacterAI
LogPluginManager: Mounting plugin ChaosNiagara
LogPluginManager: Mounting plugin ChaosEditor
LogPluginManager: Mounting plugin ChaosClothEditor
LogPluginManager: Mounting plugin GeometryCache
LogPluginManager: Mounting plugin GeometryCollectionPlugin
LogPluginManager: Mounting plugin GeometryProcessing
LogPluginManager: Mounting plugin MotoSynth
LogPluginManager: Mounting plugin OpenImageDenoise
LogPluginManager: Mounting plugin ProxyLODPlugin
LogPluginManager: Mounting plugin PythonScriptPlugin
LogPluginManager: Mounting plugin PlanarCut
LogPluginManager: Mounting plugin PlatformCrypto
LogPluginManager: Mounting plugin SkeletalReduction
LogPluginManager: Mounting plugin LuminPlatformFeatures
LogPluginManager: Mounting plugin MagicLeap
LogPluginManager: Mounting plugin MagicLeapLightEstimation
LogPluginManager: Mounting plugin Niagara
LogPluginManager: Mounting plugin MagicLeapMedia
LogPluginManager: Mounting plugin MLSDK
LogPluginManager: Mounting plugin TcpMessaging
LogPluginManager: Mounting plugin MagicLeapPassableWorld
LogPluginManager: Mounting plugin ActorSequence
LogPluginManager: Mounting plugin LevelSequenceEditor
LogPluginManager: Mounting plugin UdpMessaging
LogPluginManager: Mounting plugin MatineeToLevelSequence
LogPluginManager: Mounting plugin TemplateSequence
LogPluginManager: Mounting plugin OnlineSubsystem
LogPluginManager: Mounting plugin OnlineSubsystemNull
LogPluginManager: Mounting plugin OnlineSubsystemUtils
LogPluginManager: Mounting plugin LauncherChunkInstaller
LogPluginManager: Mounting plugin AvfMedia
LogPluginManager: Mounting plugin AndroidMedia
LogPluginManager: Mounting plugin MediaCompositing
LogPluginManager: Mounting plugin ImgMedia
LogPluginManager: Mounting plugin MediaPlayerEditor
LogPluginManager: Mounting plugin WmfMedia
LogPluginManager: Mounting plugin ActorLayerUtilities
LogPluginManager: Mounting plugin WebMMedia
LogPluginManager: Mounting plugin AndroidDeviceProfileSelector
LogPluginManager: Mounting plugin AndroidPermission
LogPluginManager: Mounting plugin AppleMoviePlayer
LogPluginManager: Mounting plugin ArchVisCharacter
LogPluginManager: Mounting plugin AudioCapture
LogPluginManager: Mounting plugin AudioSynesthesia
LogPluginManager: Mounting plugin AndroidMoviePlayer
LogPluginManager: Mounting plugin AssetTags
LogPluginManager: Mounting plugin CustomMeshComponent
LogPluginManager: Mounting plugin CableComponent
LogPluginManager: Mounting plugin EditableMesh
LogPluginManager: Mounting plugin ChunkDownloader
LogPluginManager: Mounting plugin GoogleCloudMessaging
LogPluginManager: Mounting plugin ExampleDeviceProfileSelector
LogPluginManager: Mounting plugin GooglePAD
LogPluginManager: Mounting plugin IOSDeviceProfileSelector
LogPluginManager: Mounting plugin LinuxDeviceProfileSelector
LogPluginManager: Mounting plugin AppleImageUtils
LogPluginManager: Mounting plugin LocationServicesBPLibrary
LogPluginManager: Mounting plugin MobilePatchingUtils
LogPluginManager: Mounting plugin OpenXR
LogPluginManager: Mounting plugin OpenXREyeTracker
LogPluginManager: Mounting plugin OpenXRHandTracking
LogPluginManager: Mounting plugin PhysXVehicles
LogPluginManager: Mounting plugin PropertyAccessEditor
LogPluginManager: Mounting plugin Synthesis
LogPluginManager: Mounting plugin ProceduralMeshComponent
LogPluginManager: Mounting plugin SignificanceManager
LogPluginManager: Mounting plugin PostSplashScreen
LogPluginManager: Mounting plugin WebMMoviePlayer
LogPluginManager: Mounting plugin WindowsMoviePlayer
LogPluginManager: Mounting plugin SoundFields
LogPluginManager: Mounting plugin RuntimePhysXCooking
LogPluginManager: Mounting plugin ScreenshotTools
LogPluginManager: Mounting plugin Takes
LogPluginManager: Mounting plugin ContentBrowserClassDataSource
LogPluginManager: Mounting plugin ContentBrowserFileDataSource
LogPluginManager: Mounting plugin ContentBrowserAssetDataSource
LogPluginManager: Mounting plugin RiderLink
LogPluginManager: Mounting plugin OnlineSubsystemIOS
LogPluginManager: Mounting plugin OnlineSubsystemGooglePlay
LogPluginManager: Mounting plugin OculusVR
LogPluginManager: Mounting plugin SteamVR
PixWinPlugin: PIX capture plugin failed to initialize! Check that the process is launched from PIX.
LogInit: Using libcurl 7.55.1-DEV
LogInit:  - built for x86_64-pc-win32
LogInit:  - supports SSL with OpenSSL/1.1.1
LogInit:  - supports HTTP deflate (compression) using libz 1.2.8
LogInit:  - other features:
LogInit:      CURL_VERSION_SSL
LogInit:      CURL_VERSION_LIBZ
LogInit:      CURL_VERSION_IPV6
LogInit:      CURL_VERSION_ASYNCHDNS
LogInit:      CURL_VERSION_LARGEFILE
LogInit:      CURL_VERSION_IDN
LogInit:  CurlRequestOptions (configurable via config and command line):
LogInit:  - bVerifyPeer = true  - Libcurl will verify peer certificate
LogInit:  - bUseHttpProxy = false  - Libcurl will NOT use HTTP proxy
LogInit:  - bDontReuseConnections = false  - Libcurl will reuse connections
LogInit:  - MaxHostConnections = 16  - Libcurl will limit the number of connections to a host
LogInit:  - LocalHostAddr = Default
LogInit:  - BufferSize = 65536
LogOnline: OSS: Creating online subsystem instance for: NULL
LogInit: WinSock: version 1.1 (2.2), MaxSocks=32767, MaxUdp=65467
LogOnline: OSS: TryLoadSubsystemAndSetDefault: Loaded subsystem for module [NULL]
LogOculusPluginWrapper: OculusPlugin initialized successfully
LogHMD: Failed initializing OVRPlugin 1.59.0
LogInit: Build: ++UE4+Release-4.27-CL-18319896
LogInit: Engine Version: 4.27.2-18319896+++UE4+Release-4.27
LogInit: Compatible Engine Version: 4.27.0-17155196+++UE4+Release-4.27
LogInit: Net CL: 17155196
LogInit: OS: Windows 10 (Release 2009) (), CPU: 13th Gen Intel(R) Core(TM) i7-13700, GPU: NVIDIA GeForce RTX 4070
LogInit: Compiled (64-bit): Nov 30 2021 07:12:08
LogInit: Compiled with Visual C++: 19.24.28315.00
LogInit: Build Configuration: Development
LogInit: Branch Name: ++UE4+Release-4.27
LogInit: Command Line: 
LogInit: Base Directory: C:/Program Files/Epic Games/UE_4.27/Engine/Binaries/Win64/
LogInit: Allocator: TBB
LogInit: Installed Engine Build: 1
LogDevObjectVersion: Number of dev versions registered: 29
LogDevObjectVersion:   Dev-Blueprints (B0D832E4-1F89-4F0D-ACCF-7EB736FD4AA2): 10
LogDevObjectVersion:   Dev-Build (E1C64328-A22C-4D53-A36C-8E866417BD8C): 0
LogDevObjectVersion:   Dev-Core (375EC13C-06E4-48FB-B500-84F0262A717E): 4
LogDevObjectVersion:   Dev-Editor (E4B068ED-F494-42E9-A231-DA0B2E46BB41): 40
LogDevObjectVersion:   Dev-Framework (CFFC743F-43B0-4480-9391-14DF171D2073): 37
LogDevObjectVersion:   Dev-Mobile (B02B49B5-BB20-44E9-A304-32B752E40360): 3
LogDevObjectVersion:   Dev-Networking (A4E4105C-59A1-49B5-A7C5-40C4547EDFEE): 0
LogDevObjectVersion:   Dev-Online (39C831C9-5AE6-47DC-9A44-9C173E1C8E7C): 0
LogDevObjectVersion:   Dev-Physics (78F01B33-EBEA-4F98-B9B4-84EACCB95AA2): 14
LogDevObjectVersion:   Dev-Platform (6631380F-2D4D-43E0-8009-CF276956A95A): 0
LogDevObjectVersion:   Dev-Rendering (12F88B9F-8875-4AFC-A67C-D90C383ABD29): 45
LogDevObjectVersion:   Dev-Sequencer (7B5AE74C-D270-4C10-A958-57980B212A5A): 13
LogDevObjectVersion:   Dev-VR (D7296918-1DD6-4BDD-9DE2-64A83CC13884): 3
LogDevObjectVersion:   Dev-LoadTimes (C2A15278-BFE7-4AFE-6C17-90FF531DF755): 1
LogDevObjectVersion:   Private-Geometry (6EACA3D4-40EC-4CC1-B786-8BED09428FC5): 3
LogDevObjectVersion:   Dev-AnimPhys (29E575DD-E0A3-4627-9D10-D276232CDCEA): 17
LogDevObjectVersion:   Dev-Anim (AF43A65D-7FD3-4947-9873-3E8ED9C1BB05): 15
LogDevObjectVersion:   Dev-ReflectionCapture (6B266CEC-1EC7-4B8F-A30B-E4D90942FC07): 1
LogDevObjectVersion:   Dev-Automation (0DF73D61-A23F-47EA-B727-89E90C41499A): 1
LogDevObjectVersion:   FortniteMain (601D1886-AC64-4F84-AA16-D3DE0DEAC7D6): 47
LogDevObjectVersion:   FortniteRelease (E7086368-6B23-4C58-8439-1B7016265E91): 1
LogDevObjectVersion:   Dev-Enterprise (9DFFBCD6-494F-0158-E221-12823C92A888): 10
LogDevObjectVersion:   Dev-Niagara (F2AED0AC-9AFE-416F-8664-AA7FFA26D6FC): 1
LogDevObjectVersion:   Dev-Destruction (174F1F0B-B4C6-45A5-B13F-2EE8D0FB917D): 10
LogDevObjectVersion:   Dev-Physics-Ext (35F94A83-E258-406C-A318-09F59610247C): 41
LogDevObjectVersion:   Dev-PhysicsMaterial-Chaos (B68FC16E-8B1B-42E2-B453-215C058844FE): 1
LogDevObjectVersion:   Dev-CineCamera (B2E18506-4273-CFC2-A54E-F4BB758BBA07): 1
LogDevObjectVersion:   Dev-VirtualProduction (64F58936-FD1B-42BA-BA96-7289D5D0FA4E): 1
LogDevObjectVersion:   Dev-MediaFramework (6F0ED827-A609-4895-9C91-998D90180EA4): 2
LogInit: Presizing for max 25165824 objects, including 0 objects not considered by GC, pre-allocating 0 bytes for permanent pool.
LogConfig: Applying CVar settings from Section [/Script/Engine.StreamingSettings] File [C:/UEProject/UnrealLearn/ALSV4/Saved/Config/Windows/Engine.ini]
LogConfig: Setting CVar [[s.MinBulkDataSizeForAsyncLoading:131072]]
LogConfig: Setting CVar [[s.AsyncLoadingThreadEnabled:0]]
LogConfig: Setting CVar [[s.EventDrivenLoaderEnabled:1]]
LogConfig: Setting CVar [[s.WarnIfTimeLimitExceeded:0]]
LogConfig: Setting CVar [[s.TimeLimitExceededMultiplier:1.5]]
LogConfig: Setting CVar [[s.TimeLimitExceededMinTime:0.005]]
LogConfig: Setting CVar [[s.UseBackgroundLevelStreaming:1]]
LogConfig: Setting CVar [[s.PriorityAsyncLoadingExtraTime:15.0]]
LogConfig: Setting CVar [[s.LevelStreamingActorsUpdateTimeLimit:5.0]]
LogConfig: Setting CVar [[s.PriorityLevelStreamingActorsUpdateExtraTime:5.0]]
LogConfig: Setting CVar [[s.LevelStreamingComponentsRegistrationGranularity:10]]
LogConfig: Setting CVar [[s.UnregisterComponentsTimeLimit:1.0]]
LogConfig: Setting CVar [[s.LevelStreamingComponentsUnregistrationGranularity:5]]
LogConfig: Setting CVar [[s.FlushStreamingOnExit:1]]
LogInit: Object subsystem initialized
LogConfig: Setting CVar [[con.DebugEarlyDefault:1]]
LogConfig: Setting CVar [[r.setres:1280x720]]
[2026.05.12-00.20.51:373][  0]LogConfig: Setting CVar [[r.VSync:0]]
[2026.05.12-00.20.51:373][  0]LogConfig: Setting CVar [[r.RHICmdBypass:0]]
[2026.05.12-00.20.51:373][  0]LogConfig: Applying CVar settings from Section [/Script/Engine.RendererSettings] File [C:/UEProject/UnrealLearn/ALSV4/Saved/Config/Windows/Engine.ini]
[2026.05.12-00.20.51:373][  0]LogConfig: Setting CVar [[r.GPUCrashDebugging:0]]
[2026.05.12-00.20.51:373][  0]LogConfig: Applying CVar settings from Section [/Script/Engine.RendererOverrideSettings] File [C:/UEProject/UnrealLearn/ALSV4/Saved/Config/Windows/Engine.ini]
[2026.05.12-00.20.51:373][  0]LogConfig: Applying CVar settings from Section [/Script/Engine.StreamingSettings] File [C:/UEProject/UnrealLearn/ALSV4/Saved/Config/Windows/Engine.ini]
[2026.05.12-00.20.51:373][  0]LogConfig: Setting CVar [[s.MinBulkDataSizeForAsyncLoading:131072]]
[2026.05.12-00.20.51:373][  0]LogConfig: Setting CVar [[s.AsyncLoadingThreadEnabled:0]]
[2026.05.12-00.20.51:373][  0]LogConfig: Setting CVar [[s.EventDrivenLoaderEnabled:1]]
[2026.05.12-00.20.51:373][  0]LogConfig: Setting CVar [[s.WarnIfTimeLimitExceeded:0]]
[2026.05.12-00.20.51:373][  0]LogConfig: Setting CVar [[s.TimeLimitExceededMultiplier:1.5]]
[2026.05.12-00.20.51:373][  0]LogConfig: Setting CVar [[s.TimeLimitExceededMinTime:0.005]]
[2026.05.12-00.20.51:373][  0]LogConfig: Setting CVar [[s.UseBackgroundLevelStreaming:1]]
[2026.05.12-00.20.51:373][  0]LogConfig: Setting CVar [[s.PriorityAsyncLoadingExtraTime:15.0]]
[2026.05.12-00.20.51:373][  0]LogConfig: Setting CVar [[s.LevelStreamingActorsUpdateTimeLimit:5.0]]
[2026.05.12-00.20.51:373][  0]LogConfig: Setting CVar [[s.PriorityLevelStreamingActorsUpdateExtraTime:5.0]]
[2026.05.12-00.20.51:373][  0]LogConfig: Setting CVar [[s.LevelStreamingComponentsRegistrationGranularity:10]]
[2026.05.12-00.20.51:373][  0]LogConfig: Setting CVar [[s.UnregisterComponentsTimeLimit:1.0]]
[2026.05.12-00.20.51:373][  0]LogConfig: Setting CVar [[s.LevelStreamingComponentsUnregistrationGranularity:5]]
[2026.05.12-00.20.51:373][  0]LogConfig: Setting CVar [[s.FlushStreamingOnExit:1]]
[2026.05.12-00.20.51:373][  0]LogConfig: Applying CVar settings from Section [/Script/Engine.GarbageCollectionSettings] File [C:/UEProject/UnrealLearn/ALSV4/Saved/Config/Windows/Engine.ini]
[2026.05.12-00.20.51:373][  0]LogConfig: Setting CVar [[gc.MaxObjectsNotConsideredByGC:1]]
[2026.05.12-00.20.51:373][  0]LogConfig: Setting CVar [[gc.SizeOfPermanentObjectPool:0]]
[2026.05.12-00.20.51:373][  0]LogConfig: Setting CVar [[gc.FlushStreamingOnGC:0]]
[2026.05.12-00.20.51:373][  0]LogConfig: Setting CVar [[gc.NumRetriesBeforeForcingGC:10]]
[2026.05.12-00.20.51:373][  0]LogConfig: Setting CVar [[gc.AllowParallelGC:1]]
[2026.05.12-00.20.51:373][  0]LogConfig: Setting CVar [[gc.TimeBetweenPurgingPendingKillObjects:61.1]]
[2026.05.12-00.20.51:373][  0]LogConfig: Setting CVar [[gc.MaxObjectsInEditor:25165824]]
[2026.05.12-00.20.51:373][  0]LogConfig: Setting CVar [[gc.IncrementalBeginDestroyEnabled:1]]
[2026.05.12-00.20.51:374][  0]LogConfig: Setting CVar [[gc.CreateGCClusters:1]]
[2026.05.12-00.20.51:374][  0]LogConfig: Setting CVar [[gc.MinGCClusterSize:5]]
[2026.05.12-00.20.51:374][  0]LogConfig: Setting CVar [[gc.ActorClusteringEnabled:0]]
[2026.05.12-00.20.51:374][  0]LogConfig: Setting CVar [[gc.BlueprintClusteringEnabled:0]]
[2026.05.12-00.20.51:374][  0]LogConfig: Setting CVar [[gc.UseDisregardForGCOnDedicatedServers:0]]
[2026.05.12-00.20.51:374][  0]LogConfig: Setting CVar [[gc.MultithreadedDestructionEnabled:1]]
[2026.05.12-00.20.51:374][  0]LogConfig: Applying CVar settings from Section [/Script/Engine.NetworkSettings] File [C:/UEProject/UnrealLearn/ALSV4/Saved/Config/Windows/Engine.ini]
[2026.05.12-00.20.51:374][  0]LogConfig: Applying CVar settings from Section [/Script/UnrealEd.CookerSettings] File [C:/UEProject/UnrealLearn/ALSV4/Saved/Config/Windows/Engine.ini]
[2026.05.12-00.20.51:402][  0]LogConfig: Applying CVar settings from Section [ViewDistanceQuality@3] File [C:/UEProject/UnrealLearn/ALSV4/Saved/Config/Windows/Scalability.ini]
[2026.05.12-00.20.51:402][  0]LogConfig: Setting CVar [[r.SkeletalMeshLODBias:0]]
[2026.05.12-00.20.51:402][  0]LogConfig: Setting CVar [[r.ViewDistanceScale:1.0]]
[2026.05.12-00.20.51:402][  0]LogConfig: Applying CVar settings from Section [AntiAliasingQuality@3] File [C:/UEProject/UnrealLearn/ALSV4/Saved/Config/Windows/Scalability.ini]
[2026.05.12-00.20.51:402][  0]LogConfig: Setting CVar [[r.PostProcessAAQuality:4]]
[2026.05.12-00.20.51:402][  0]LogConfig: Applying CVar settings from Section [ShadowQuality@3] File [C:/UEProject/UnrealLearn/ALSV4/Saved/Config/Windows/Scalability.ini]
[2026.05.12-00.20.51:402][  0]LogConfig: Setting CVar [[r.LightFunctionQuality:1]]
[2026.05.12-00.20.51:402][  0]LogConfig: Setting CVar [[r.ShadowQuality:5]]
[2026.05.12-00.20.51:402][  0]LogConfig: Setting CVar [[r.Shadow.CSM.MaxCascades:10]]
[2026.05.12-00.20.51:402][  0]LogConfig: Setting CVar [[r.Shadow.MaxResolution:2048]]
[2026.05.12-00.20.51:402][  0]LogConfig: Setting CVar [[r.Shadow.MaxCSMResolution:2048]]
[2026.05.12-00.20.51:402][  0]LogConfig: Setting CVar [[r.Shadow.RadiusThreshold:0.01]]
[2026.05.12-00.20.51:402][  0]LogConfig: Setting CVar [[r.Shadow.DistanceScale:1.0]]
[2026.05.12-00.20.51:402][  0]LogConfig: Setting CVar [[r.Shadow.CSM.TransitionScale:1.0]]
[2026.05.12-00.20.51:402][  0]LogConfig: Setting CVar [[r.Shadow.PreShadowResolutionFactor:1.0]]
[2026.05.12-00.20.51:402][  0]LogConfig: Setting CVar [[r.DistanceFieldShadowing:1]]
[2026.05.12-00.20.51:402][  0]LogConfig: Setting CVar [[r.DistanceFieldAO:1]]
[2026.05.12-00.20.51:402][  0]LogConfig: Setting CVar [[r.AOQuality:2]]
[2026.05.12-00.20.51:402][  0]LogConfig: Setting CVar [[r.VolumetricFog:1]]
[2026.05.12-00.20.51:402][  0]LogConfig: Setting CVar [[r.VolumetricFog.GridPixelSize:8]]
[2026.05.12-00.20.51:402][  0]LogConfig: Setting CVar [[r.VolumetricFog.GridSizeZ:128]]
[2026.05.12-00.20.51:402][  0]LogConfig: Setting CVar [[r.VolumetricFog.HistoryMissSupersampleCount:4]]
[2026.05.12-00.20.51:402][  0]LogConfig: Setting CVar [[r.LightMaxDrawDistanceScale:1]]
[2026.05.12-00.20.51:402][  0]LogConfig: Setting CVar [[r.CapsuleShadows:1]]
[2026.05.12-00.20.51:402][  0]LogConfig: Applying CVar settings from Section [PostProcessQuality@3] File [C:/UEProject/UnrealLearn/ALSV4/Saved/Config/Windows/Scalability.ini]
[2026.05.12-00.20.51:403][  0]LogConfig: Setting CVar [[r.MotionBlurQuality:4]]
[2026.05.12-00.20.51:403][  0]LogConfig: Setting CVar [[r.AmbientOcclusionMipLevelFactor:0.4]]
[2026.05.12-00.20.51:403][  0]LogConfig: Setting CVar [[r.AmbientOcclusionMaxQuality:100]]
[2026.05.12-00.20.51:403][  0]LogConfig: Setting CVar [[r.AmbientOcclusionLevels:-1]]
[2026.05.12-00.20.51:403][  0]LogConfig: Setting CVar [[r.AmbientOcclusionRadiusScale:1.0]]
[2026.05.12-00.20.51:403][  0]LogConfig: Setting CVar [[r.DepthOfFieldQuality:2]]
[2026.05.12-00.20.51:403][  0]LogConfig: Setting CVar [[r.RenderTargetPoolMin:400]]
[2026.05.12-00.20.51:403][  0]LogConfig: Setting CVar [[r.LensFlareQuality:2]]
[2026.05.12-00.20.51:403][  0]LogConfig: Setting CVar [[r.SceneColorFringeQuality:1]]
[2026.05.12-00.20.51:403][  0]LogConfig: Setting CVar [[r.EyeAdaptationQuality:2]]
[2026.05.12-00.20.51:403][  0]LogConfig: Setting CVar [[r.BloomQuality:5]]
[2026.05.12-00.20.51:403][  0]LogConfig: Setting CVar [[r.FastBlurThreshold:100]]
[2026.05.12-00.20.51:403][  0]LogConfig: Setting CVar [[r.Upscale.Quality:3]]
[2026.05.12-00.20.51:403][  0]LogConfig: Setting CVar [[r.Tonemapper.GrainQuantization:1]]
[2026.05.12-00.20.51:403][  0]LogConfig: Setting CVar [[r.LightShaftQuality:1]]
[2026.05.12-00.20.51:403][  0]LogConfig: Setting CVar [[r.Filter.SizeScale:1]]
[2026.05.12-00.20.51:403][  0]LogConfig: Setting CVar [[r.Tonemapper.Quality:5]]
[2026.05.12-00.20.51:403][  0]LogConfig: Setting CVar [[r.DOF.Gather.AccumulatorQuality:1        ; higher gathering accumulator quality]]
[2026.05.12-00.20.51:403][  0]LogConfig: Setting CVar [[r.DOF.Gather.PostfilterMethod:1          ; Median3x3 postfilering method]]
[2026.05.12-00.20.51:403][  0]LogConfig: Setting CVar [[r.DOF.Gather.EnableBokehSettings:0       ; no bokeh simulation when gathering]]
[2026.05.12-00.20.51:403][  0]LogConfig: Setting CVar [[r.DOF.Gather.RingCount:4                 ; medium number of samples when gathering]]
[2026.05.12-00.20.51:403][  0]LogConfig: Setting CVar [[r.DOF.Scatter.ForegroundCompositing:1    ; additive foreground scattering]]
[2026.05.12-00.20.51:403][  0]LogConfig: Setting CVar [[r.DOF.Scatter.BackgroundCompositing:2    ; additive background scattering]]
[2026.05.12-00.20.51:403][  0]LogConfig: Setting CVar [[r.DOF.Scatter.EnableBokehSettings:1      ; bokeh simulation when scattering]]
[2026.05.12-00.20.51:403][  0]LogConfig: Setting CVar [[r.DOF.Scatter.MaxSpriteRatio:0.1         ; only a maximum of 10% of scattered bokeh]]
[2026.05.12-00.20.51:403][  0]LogConfig: Setting CVar [[r.DOF.Recombine.Quality:1                ; cheap slight out of focus]]
[2026.05.12-00.20.51:403][  0]LogConfig: Setting CVar [[r.DOF.Recombine.EnableBokehSettings:0    ; no bokeh simulation on slight out of focus]]
[2026.05.12-00.20.51:403][  0]LogConfig: Setting CVar [[r.DOF.TemporalAAQuality:1                ; more stable temporal accumulation]]
[2026.05.12-00.20.51:403][  0]LogConfig: Setting CVar [[r.DOF.Kernel.MaxForegroundRadius:0.025]]
[2026.05.12-00.20.51:403][  0]LogConfig: Setting CVar [[r.DOF.Kernel.MaxBackgroundRadius:0.025]]
[2026.05.12-00.20.51:403][  0]LogConfig: Applying CVar settings from Section [TextureQuality@3] File [C:/UEProject/UnrealLearn/ALSV4/Saved/Config/Windows/Scalability.ini]
[2026.05.12-00.20.51:403][  0]LogConfig: Setting CVar [[r.Streaming.MipBias:0]]
[2026.05.12-00.20.51:403][  0]LogConfig: Setting CVar [[r.Streaming.AmortizeCPUToGPUCopy:0]]
[2026.05.12-00.20.51:403][  0]LogConfig: Setting CVar [[r.Streaming.MaxNumTexturesToStreamPerFrame:0]]
[2026.05.12-00.20.51:403][  0]LogConfig: Setting CVar [[r.Streaming.Boost:1]]
[2026.05.12-00.20.51:403][  0]LogConfig: Setting CVar [[r.MaxAnisotropy:8]]
[2026.05.12-00.20.51:403][  0]LogConfig: Setting CVar [[r.VT.MaxAnisotropy:8]]
[2026.05.12-00.20.51:403][  0]LogConfig: Setting CVar [[r.Streaming.LimitPoolSizeToVRAM:0]]
[2026.05.12-00.20.51:403][  0]LogConfig: Setting CVar [[r.Streaming.PoolSize:1000]]
[2026.05.12-00.20.51:403][  0]LogConfig: Setting CVar [[r.Streaming.MaxEffectiveScreenSize:0]]
[2026.05.12-00.20.51:403][  0]LogConfig: Applying CVar settings from Section [EffectsQuality@3] File [C:/UEProject/UnrealLearn/ALSV4/Saved/Config/Windows/Scalability.ini]
[2026.05.12-00.20.51:403][  0]LogConfig: Setting CVar [[r.TranslucencyLightingVolumeDim:64]]
[2026.05.12-00.20.51:403][  0]LogConfig: Setting CVar [[r.RefractionQuality:2]]
[2026.05.12-00.20.51:403][  0]LogConfig: Setting CVar [[r.SSR.Quality:3]]
[2026.05.12-00.20.51:403][  0]LogConfig: Setting CVar [[r.SSR.HalfResSceneColor:0]]
[2026.05.12-00.20.51:403][  0]LogConfig: Setting CVar [[r.SceneColorFormat:4]]
[2026.05.12-00.20.51:403][  0]LogConfig: Setting CVar [[r.DetailMode:2]]
[2026.05.12-00.20.51:403][  0]LogConfig: Setting CVar [[r.TranslucencyVolumeBlur:1]]
[2026.05.12-00.20.51:403][  0]LogConfig: Setting CVar [[r.MaterialQualityLevel:1 ; High quality]]
[2026.05.12-00.20.51:403][  0]LogConfig: Setting CVar [[r.AnisotropicMaterials:1]]
[2026.05.12-00.20.51:403][  0]LogConfig: Setting CVar [[r.SSS.Scale:1]]
[2026.05.12-00.20.51:403][  0]LogConfig: Setting CVar [[r.SSS.SampleSet:2]]
[2026.05.12-00.20.51:403][  0]LogConfig: Setting CVar [[r.SSS.Quality:1]]
[2026.05.12-00.20.51:403][  0]LogConfig: Setting CVar [[r.SSS.HalfRes:0]]
[2026.05.12-00.20.51:403][  0]LogConfig: Setting CVar [[r.SSGI.Quality:3]]
[2026.05.12-00.20.51:403][  0]LogConfig: Setting CVar [[r.EmitterSpawnRateScale:1.0]]
[2026.05.12-00.20.51:403][  0]LogConfig: Setting CVar [[r.ParticleLightQuality:2]]
[2026.05.12-00.20.51:403][  0]LogConfig: Setting CVar [[r.SkyAtmosphere.AerialPerspectiveLUT.FastApplyOnOpaque:1 ; Always have FastSkyLUT 1 in this case to avoid wrong sky]]
[2026.05.12-00.20.51:403][  0]LogConfig: Setting CVar [[r.SkyAtmosphere.AerialPerspectiveLUT.SampleCountMaxPerSlice:4]]
[2026.05.12-00.20.51:403][  0]LogConfig: Setting CVar [[r.SkyAtmosphere.AerialPerspectiveLUT.DepthResolution:16.0]]
[2026.05.12-00.20.51:403][  0]LogConfig: Setting CVar [[r.SkyAtmosphere.FastSkyLUT:1]]
[2026.05.12-00.20.51:403][  0]LogConfig: Setting CVar [[r.SkyAtmosphere.FastSkyLUT.SampleCountMin:4.0]]
[2026.05.12-00.20.51:403][  0]LogConfig: Setting CVar [[r.SkyAtmosphere.FastSkyLUT.SampleCountMax:128.0]]
[2026.05.12-00.20.51:403][  0]LogConfig: Setting CVar [[r.SkyAtmosphere.SampleCountMin:4.0]]
[2026.05.12-00.20.51:403][  0]LogConfig: Setting CVar [[r.SkyAtmosphere.SampleCountMax:128.0]]
[2026.05.12-00.20.51:403][  0]LogConfig: Setting CVar [[r.SkyAtmosphere.TransmittanceLUT.UseSmallFormat:0]]
[2026.05.12-00.20.51:403][  0]LogConfig: Setting CVar [[r.SkyAtmosphere.TransmittanceLUT.SampleCount:10.0]]
[2026.05.12-00.20.51:403][  0]LogConfig: Setting CVar [[r.SkyAtmosphere.MultiScatteringLUT.SampleCount:15.0]]
[2026.05.12-00.20.51:403][  0]LogConfig: Setting CVar [[r.SkyLight.RealTimeReflectionCapture:1]]
[2026.05.12-00.20.51:403][  0]LogConfig: Applying CVar settings from Section [FoliageQuality@3] File [C:/UEProject/UnrealLearn/ALSV4/Saved/Config/Windows/Scalability.ini]
[2026.05.12-00.20.51:403][  0]LogConfig: Setting CVar [[foliage.DensityScale:1.0]]
[2026.05.12-00.20.51:403][  0]LogConfig: Setting CVar [[grass.DensityScale:1.0]]
[2026.05.12-00.20.51:403][  0]LogConfig: Applying CVar settings from Section [ShadingQuality@3] File [C:/UEProject/UnrealLearn/ALSV4/Saved/Config/Windows/Scalability.ini]
[2026.05.12-00.20.51:403][  0]LogConfig: Setting CVar [[r.HairStrands.SkyLighting.IntegrationType:2]]
[2026.05.12-00.20.51:403][  0]LogConfig: Setting CVar [[r.HairStrands.SkyAO.SampleCount:4]]
[2026.05.12-00.20.51:403][  0]LogConfig: Setting CVar [[r.HairStrands.Visibility.MSAA.SamplePerPixel:4]]
[2026.05.12-00.20.51:403][  0]LogInit: Selected Device Profile: [Windows]
[2026.05.12-00.20.51:403][  0]LogInit: Applying CVar settings loaded from the selected device profile: [Windows]
[2026.05.12-00.20.51:403][  0]LogHAL: Display: Platform has ~ 14 GB [14665842688 / 17179869184 / 14], which maps to Larger [LargestMinGB=32, LargerMinGB=12, DefaultMinGB=8, SmallerMinGB=6, SmallestMinGB=0)
[2026.05.12-00.20.51:403][  0]LogInit: Going up to parent DeviceProfile []
[2026.05.12-00.20.51:403][  0]LogConfig: Applying CVar settings from Section [ViewDistanceQuality@3] File [C:/UEProject/UnrealLearn/ALSV4/Saved/Config/Windows/Scalability.ini]
[2026.05.12-00.20.51:403][  0]LogConfig: Setting CVar [[r.SkeletalMeshLODBias:0]]
[2026.05.12-00.20.51:403][  0]LogConfig: Setting CVar [[r.ViewDistanceScale:1.0]]
[2026.05.12-00.20.51:403][  0]LogConfig: Applying CVar settings from Section [AntiAliasingQuality@3] File [C:/UEProject/UnrealLearn/ALSV4/Saved/Config/Windows/Scalability.ini]
[2026.05.12-00.20.51:403][  0]LogConfig: Setting CVar [[r.PostProcessAAQuality:4]]
[2026.05.12-00.20.51:403][  0]LogConfig: Applying CVar settings from Section [ShadowQuality@3] File [C:/UEProject/UnrealLearn/ALSV4/Saved/Config/Windows/Scalability.ini]
[2026.05.12-00.20.51:403][  0]LogConfig: Setting CVar [[r.LightFunctionQuality:1]]
[2026.05.12-00.20.51:403][  0]LogConfig: Setting CVar [[r.ShadowQuality:5]]
[2026.05.12-00.20.51:403][  0]LogConfig: Setting CVar [[r.Shadow.CSM.MaxCascades:10]]
[2026.05.12-00.20.51:403][  0]LogConfig: Setting CVar [[r.Shadow.MaxResolution:2048]]
[2026.05.12-00.20.51:403][  0]LogConfig: Setting CVar [[r.Shadow.MaxCSMResolution:2048]]
[2026.05.12-00.20.51:403][  0]LogConfig: Setting CVar [[r.Shadow.RadiusThreshold:0.01]]
[2026.05.12-00.20.51:403][  0]LogConfig: Setting CVar [[r.Shadow.DistanceScale:1.0]]
[2026.05.12-00.20.51:403][  0]LogConfig: Setting CVar [[r.Shadow.CSM.TransitionScale:1.0]]
[2026.05.12-00.20.51:403][  0]LogConfig: Setting CVar [[r.Shadow.PreShadowResolutionFactor:1.0]]
[2026.05.12-00.20.51:403][  0]LogConfig: Setting CVar [[r.DistanceFieldShadowing:1]]
[2026.05.12-00.20.51:403][  0]LogConfig: Setting CVar [[r.DistanceFieldAO:1]]
[2026.05.12-00.20.51:403][  0]LogConfig: Setting CVar [[r.AOQuality:2]]
[2026.05.12-00.20.51:403][  0]LogConfig: Setting CVar [[r.VolumetricFog:1]]
[2026.05.12-00.20.51:403][  0]LogConfig: Setting CVar [[r.VolumetricFog.GridPixelSize:8]]
[2026.05.12-00.20.51:403][  0]LogConfig: Setting CVar [[r.VolumetricFog.GridSizeZ:128]]
[2026.05.12-00.20.51:403][  0]LogConfig: Setting CVar [[r.VolumetricFog.HistoryMissSupersampleCount:4]]
[2026.05.12-00.20.51:403][  0]LogConfig: Setting CVar [[r.LightMaxDrawDistanceScale:1]]
[2026.05.12-00.20.51:403][  0]LogConfig: Setting CVar [[r.CapsuleShadows:1]]
[2026.05.12-00.20.51:403][  0]LogConfig: Applying CVar settings from Section [PostProcessQuality@3] File [C:/UEProject/UnrealLearn/ALSV4/Saved/Config/Windows/Scalability.ini]
[2026.05.12-00.20.51:403][  0]LogConfig: Setting CVar [[r.MotionBlurQuality:4]]
[2026.05.12-00.20.51:403][  0]LogConfig: Setting CVar [[r.AmbientOcclusionMipLevelFactor:0.4]]
[2026.05.12-00.20.51:403][  0]LogConfig: Setting CVar [[r.AmbientOcclusionMaxQuality:100]]
[2026.05.12-00.20.51:403][  0]LogConfig: Setting CVar [[r.AmbientOcclusionLevels:-1]]
[2026.05.12-00.20.51:403][  0]LogConfig: Setting CVar [[r.AmbientOcclusionRadiusScale:1.0]]
[2026.05.12-00.20.51:403][  0]LogConfig: Setting CVar [[r.DepthOfFieldQuality:2]]
[2026.05.12-00.20.51:403][  0]LogConfig: Setting CVar [[r.RenderTargetPoolMin:400]]
[2026.05.12-00.20.51:403][  0]LogConfig: Setting CVar [[r.LensFlareQuality:2]]
[2026.05.12-00.20.51:403][  0]LogConfig: Setting CVar [[r.SceneColorFringeQuality:1]]
[2026.05.12-00.20.51:403][  0]LogConfig: Setting CVar [[r.EyeAdaptationQuality:2]]
[2026.05.12-00.20.51:403][  0]LogConfig: Setting CVar [[r.BloomQuality:5]]
[2026.05.12-00.20.51:403][  0]LogConfig: Setting CVar [[r.FastBlurThreshold:100]]
[2026.05.12-00.20.51:403][  0]LogConfig: Setting CVar [[r.Upscale.Quality:3]]
[2026.05.12-00.20.51:403][  0]LogConfig: Setting CVar [[r.Tonemapper.GrainQuantization:1]]
[2026.05.12-00.20.51:403][  0]LogConfig: Setting CVar [[r.LightShaftQuality:1]]
[2026.05.12-00.20.51:403][  0]LogConfig: Setting CVar [[r.Filter.SizeScale:1]]
[2026.05.12-00.20.51:403][  0]LogConfig: Setting CVar [[r.Tonemapper.Quality:5]]
[2026.05.12-00.20.51:403][  0]LogConfig: Setting CVar [[r.DOF.Gather.AccumulatorQuality:1        ; higher gathering accumulator quality]]
[2026.05.12-00.20.51:403][  0]LogConfig: Setting CVar [[r.DOF.Gather.PostfilterMethod:1          ; Median3x3 postfilering method]]
[2026.05.12-00.20.51:403][  0]LogConfig: Setting CVar [[r.DOF.Gather.EnableBokehSettings:0       ; no bokeh simulation when gathering]]
[2026.05.12-00.20.51:403][  0]LogConfig: Setting CVar [[r.DOF.Gather.RingCount:4                 ; medium number of samples when gathering]]
[2026.05.12-00.20.51:403][  0]LogConfig: Setting CVar [[r.DOF.Scatter.ForegroundCompositing:1    ; additive foreground scattering]]
[2026.05.12-00.20.51:403][  0]LogConfig: Setting CVar [[r.DOF.Scatter.BackgroundCompositing:2    ; additive background scattering]]
[2026.05.12-00.20.51:403][  0]LogConfig: Setting CVar [[r.DOF.Scatter.EnableBokehSettings:1      ; bokeh simulation when scattering]]
[2026.05.12-00.20.51:403][  0]LogConfig: Setting CVar [[r.DOF.Scatter.MaxSpriteRatio:0.1         ; only a maximum of 10% of scattered bokeh]]
[2026.05.12-00.20.51:403][  0]LogConfig: Setting CVar [[r.DOF.Recombine.Quality:1                ; cheap slight out of focus]]
[2026.05.12-00.20.51:403][  0]LogConfig: Setting CVar [[r.DOF.Recombine.EnableBokehSettings:0    ; no bokeh simulation on slight out of focus]]
[2026.05.12-00.20.51:403][  0]LogConfig: Setting CVar [[r.DOF.TemporalAAQuality:1                ; more stable temporal accumulation]]
[2026.05.12-00.20.51:403][  0]LogConfig: Setting CVar [[r.DOF.Kernel.MaxForegroundRadius:0.025]]
[2026.05.12-00.20.51:403][  0]LogConfig: Setting CVar [[r.DOF.Kernel.MaxBackgroundRadius:0.025]]
[2026.05.12-00.20.51:403][  0]LogConfig: Applying CVar settings from Section [TextureQuality@3] File [C:/UEProject/UnrealLearn/ALSV4/Saved/Config/Windows/Scalability.ini]
[2026.05.12-00.20.51:403][  0]LogConfig: Setting CVar [[r.Streaming.MipBias:0]]
[2026.05.12-00.20.51:403][  0]LogConfig: Setting CVar [[r.Streaming.AmortizeCPUToGPUCopy:0]]
[2026.05.12-00.20.51:403][  0]LogConfig: Setting CVar [[r.Streaming.MaxNumTexturesToStreamPerFrame:0]]
[2026.05.12-00.20.51:403][  0]LogConfig: Setting CVar [[r.Streaming.Boost:1]]
[2026.05.12-00.20.51:404][  0]LogConfig: Setting CVar [[r.MaxAnisotropy:8]]
[2026.05.12-00.20.51:404][  0]LogConfig: Setting CVar [[r.VT.MaxAnisotropy:8]]
[2026.05.12-00.20.51:404][  0]LogConfig: Setting CVar [[r.Streaming.LimitPoolSizeToVRAM:0]]
[2026.05.12-00.20.51:404][  0]LogConfig: Setting CVar [[r.Streaming.PoolSize:1000]]
[2026.05.12-00.20.51:404][  0]LogConfig: Setting CVar [[r.Streaming.MaxEffectiveScreenSize:0]]
[2026.05.12-00.20.51:404][  0]LogConfig: Applying CVar settings from Section [EffectsQuality@3] File [C:/UEProject/UnrealLearn/ALSV4/Saved/Config/Windows/Scalability.ini]
[2026.05.12-00.20.51:404][  0]LogConfig: Setting CVar [[r.TranslucencyLightingVolumeDim:64]]
[2026.05.12-00.20.51:404][  0]LogConfig: Setting CVar [[r.RefractionQuality:2]]
[2026.05.12-00.20.51:404][  0]LogConfig: Setting CVar [[r.SSR.Quality:3]]
[2026.05.12-00.20.51:404][  0]LogConfig: Setting CVar [[r.SSR.HalfResSceneColor:0]]
[2026.05.12-00.20.51:404][  0]LogConfig: Setting CVar [[r.SceneColorFormat:4]]
[2026.05.12-00.20.51:404][  0]LogConfig: Setting CVar [[r.DetailMode:2]]
[2026.05.12-00.20.51:404][  0]LogConfig: Setting CVar [[r.TranslucencyVolumeBlur:1]]
[2026.05.12-00.20.51:404][  0]LogConfig: Setting CVar [[r.MaterialQualityLevel:1 ; High quality]]
[2026.05.12-00.20.51:404][  0]LogConfig: Setting CVar [[r.AnisotropicMaterials:1]]
[2026.05.12-00.20.51:404][  0]LogConfig: Setting CVar [[r.SSS.Scale:1]]
[2026.05.12-00.20.51:404][  0]LogConfig: Setting CVar [[r.SSS.SampleSet:2]]
[2026.05.12-00.20.51:404][  0]LogConfig: Setting CVar [[r.SSS.Quality:1]]
[2026.05.12-00.20.51:404][  0]LogConfig: Setting CVar [[r.SSS.HalfRes:0]]
[2026.05.12-00.20.51:404][  0]LogConfig: Setting CVar [[r.SSGI.Quality:3]]
[2026.05.12-00.20.51:404][  0]LogConfig: Setting CVar [[r.EmitterSpawnRateScale:1.0]]
[2026.05.12-00.20.51:404][  0]LogConfig: Setting CVar [[r.ParticleLightQuality:2]]
[2026.05.12-00.20.51:404][  0]LogConfig: Setting CVar [[r.SkyAtmosphere.AerialPerspectiveLUT.FastApplyOnOpaque:1 ; Always have FastSkyLUT 1 in this case to avoid wrong sky]]
[2026.05.12-00.20.51:404][  0]LogConfig: Setting CVar [[r.SkyAtmosphere.AerialPerspectiveLUT.SampleCountMaxPerSlice:4]]
[2026.05.12-00.20.51:404][  0]LogConfig: Setting CVar [[r.SkyAtmosphere.AerialPerspectiveLUT.DepthResolution:16.0]]
[2026.05.12-00.20.51:404][  0]LogConfig: Setting CVar [[r.SkyAtmosphere.FastSkyLUT:1]]
[2026.05.12-00.20.51:404][  0]LogConfig: Setting CVar [[r.SkyAtmosphere.FastSkyLUT.SampleCountMin:4.0]]
[2026.05.12-00.20.51:404][  0]LogConfig: Setting CVar [[r.SkyAtmosphere.FastSkyLUT.SampleCountMax:128.0]]
[2026.05.12-00.20.51:404][  0]LogConfig: Setting CVar [[r.SkyAtmosphere.SampleCountMin:4.0]]
[2026.05.12-00.20.51:404][  0]LogConfig: Setting CVar [[r.SkyAtmosphere.SampleCountMax:128.0]]
[2026.05.12-00.20.51:404][  0]LogConfig: Setting CVar [[r.SkyAtmosphere.TransmittanceLUT.UseSmallFormat:0]]
[2026.05.12-00.20.51:404][  0]LogConfig: Setting CVar [[r.SkyAtmosphere.TransmittanceLUT.SampleCount:10.0]]
[2026.05.12-00.20.51:404][  0]LogConfig: Setting CVar [[r.SkyAtmosphere.MultiScatteringLUT.SampleCount:15.0]]
[2026.05.12-00.20.51:404][  0]LogConfig: Setting CVar [[r.SkyLight.RealTimeReflectionCapture:1]]
[2026.05.12-00.20.51:404][  0]LogConfig: Applying CVar settings from Section [FoliageQuality@3] File [C:/UEProject/UnrealLearn/ALSV4/Saved/Config/Windows/Scalability.ini]
[2026.05.12-00.20.51:404][  0]LogConfig: Setting CVar [[foliage.DensityScale:1.0]]
[2026.05.12-00.20.51:404][  0]LogConfig: Setting CVar [[grass.DensityScale:1.0]]
[2026.05.12-00.20.51:404][  0]LogConfig: Applying CVar settings from Section [ShadingQuality@3] File [C:/UEProject/UnrealLearn/ALSV4/Saved/Config/Windows/Scalability.ini]
[2026.05.12-00.20.51:404][  0]LogConfig: Setting CVar [[r.HairStrands.SkyLighting.IntegrationType:2]]
[2026.05.12-00.20.51:404][  0]LogConfig: Setting CVar [[r.HairStrands.SkyAO.SampleCount:4]]
[2026.05.12-00.20.51:404][  0]LogConfig: Setting CVar [[r.HairStrands.Visibility.MSAA.SamplePerPixel:4]]
[2026.05.12-00.20.51:404][  0]LogConfig: Applying CVar settings from Section [Startup] File [../../../Engine/Config/ConsoleVariables.ini]
[2026.05.12-00.20.51:404][  0]LogConfig: Setting CVar [[net.UseAdaptiveNetUpdateFrequency:0]]
[2026.05.12-00.20.51:404][  0]LogConfig: Setting CVar [[p.chaos.AllowCreatePhysxBodies:1]]
[2026.05.12-00.20.51:404][  0]LogConfig: Setting CVar [[fx.SkipVectorVMBackendOptimizations:1]]
[2026.05.12-00.20.51:404][  0]LogConfig: Applying CVar settings from Section [ConsoleVariables] File [C:/UEProject/UnrealLearn/ALSV4/Saved/Config/Windows/Engine.ini]
[2026.05.12-00.20.51:404][  0]LogConfig: Applying CVar settings from Section [ConsoleVariables] File [C:/UEProject/UnrealLearn/ALSV4/Saved/Config/Windows/Editor.ini]
[2026.05.12-00.20.51:404][  0]LogInit: Computer: MANKA-D-D-6017
[2026.05.12-00.20.51:404][  0]LogInit: User: LiamChen
[2026.05.12-00.20.51:404][  0]LogInit: CPU Page size=4096, Cores=16
[2026.05.12-00.20.51:404][  0]LogInit: High frequency timer resolution =10.000000 MHz
[2026.05.12-00.20.51:404][  0]LogMemory: Memory total: Physical=13.7GB (14GB approx)
[2026.05.12-00.20.51:404][  0]LogMemory: Platform Memory Stats for Windows
[2026.05.12-00.20.51:404][  0]LogMemory: Process Physical Memory: 158.10 MB used, 158.10 MB peak
[2026.05.12-00.20.51:404][  0]LogMemory: Process Virtual Memory: 136.81 MB used, 136.81 MB peak
[2026.05.12-00.20.51:404][  0]LogMemory: Physical Memory: 9191.07 MB used,  4795.37 MB free, 13986.44 MB total
[2026.05.12-00.20.51:404][  0]LogMemory: Virtual Memory: 134201472.00 MB used,  16256.23 MB free, 134217728.00 MB total
[2026.05.12-00.20.51:408][  0]LogWindows: WindowsPlatformFeatures enabled
[2026.05.12-00.20.51:424][  0]LogInit: Physics initialised using underlying interface: PhysX
[2026.05.12-00.20.51:427][  0]LogInit: Overriding language with editor language configuration option (en).
[2026.05.12-00.20.51:427][  0]LogInit: Overriding language with editor locale configuration option (en).
[2026.05.12-00.20.51:545][  0]LogInit: Setting process to per monitor DPI aware
[2026.05.12-00.20.51:606][  0]LogWindowsTextInputMethodSystem: Display: IME system deactivated.
[2026.05.12-00.20.51:613][  0]LogSlate: New Slate User Created.  User Index 0, Is Virtual User: 0
[2026.05.12-00.20.51:613][  0]LogSlate: Slate User Registered.  User Index 0, Is Virtual User: 0
[2026.05.12-00.20.51:670][  0]LogD3D11RHI: Loaded GFSDK_Aftermath_Lib.x64.dll
[2026.05.12-00.20.51:679][  0]LogHMD: Failed to initialize OpenVR with code 110
[2026.05.12-00.20.51:679][  0]LogD3D11RHI: D3D11 min allowed feature level: 11_0
[2026.05.12-00.20.51:679][  0]LogD3D11RHI: D3D11 max allowed feature level: 11_0
[2026.05.12-00.20.51:679][  0]LogD3D11RHI: D3D11 adapters:
[2026.05.12-00.20.51:805][  0]LogD3D11RHI:    0. 'NVIDIA GeForce RTX 4070' (Feature Level 11_0)
[2026.05.12-00.20.51:805][  0]LogD3D11RHI:       12012/0/6993 MB DedicatedVideo/DedicatedSystem/SharedSystem, Outputs:1, VendorId:0x10de
[2026.05.12-00.20.51:827][  0]LogD3D11RHI:    1. 'Intel(R) UHD Graphics 770' (Feature Level 11_0)
[2026.05.12-00.20.51:827][  0]LogD3D11RHI:       2048/0/6993 MB DedicatedVideo/DedicatedSystem/SharedSystem, Outputs:1, VendorId:0x8086
[2026.05.12-00.20.51:829][  0]LogD3D11RHI:    2. 'Microsoft Basic Render Driver' (Feature Level 11_0)
[2026.05.12-00.20.51:829][  0]LogD3D11RHI:       0/0/6993 MB DedicatedVideo/DedicatedSystem/SharedSystem, Outputs:0, VendorId:0x1414
[2026.05.12-00.20.51:829][  0]LogD3D11RHI: Chosen D3D11 Adapter:
[2026.05.12-00.20.51:829][  0]LogD3D11RHI:     Description : NVIDIA GeForce RTX 4070
[2026.05.12-00.20.51:829][  0]LogD3D11RHI:     VendorId    : 10de
[2026.05.12-00.20.51:829][  0]LogD3D11RHI:     DeviceId    : 2786
[2026.05.12-00.20.51:829][  0]LogD3D11RHI:     SubSysId    : 513a1028
[2026.05.12-00.20.51:829][  0]LogD3D11RHI:     Revision    : 00a1
[2026.05.12-00.20.51:829][  0]LogD3D11RHI:     DedicatedVideoMemory : 12595494912 bytes
[2026.05.12-00.20.51:829][  0]LogD3D11RHI:     DedicatedSystemMemory : 0 bytes
[2026.05.12-00.20.51:829][  0]LogD3D11RHI:     SharedSystemMemory : 7332921344 bytes
[2026.05.12-00.20.51:829][  0]LogD3D11RHI:     AdapterLuid : 0 56869
[2026.05.12-00.20.51:837][  0]LogD3D11RHI: Creating new Direct3DDevice
[2026.05.12-00.20.51:837][  0]LogD3D11RHI:     GPU DeviceId: 0x2786 (for the marketing name, search the web for "GPU Device Id")
[2026.05.12-00.20.51:837][  0]LogWindows: EnumDisplayDevices:
[2026.05.12-00.20.51:837][  0]LogWindows:    0. 'NVIDIA GeForce RTX 4070' (P:1 D:1)
[2026.05.12-00.20.51:837][  0]LogWindows:    1. 'NVIDIA GeForce RTX 4070' (P:0 D:0)
[2026.05.12-00.20.51:837][  0]LogWindows:    2. 'NVIDIA GeForce RTX 4070' (P:0 D:0)
[2026.05.12-00.20.51:837][  0]LogWindows:    3. 'NVIDIA GeForce RTX 4070' (P:0 D:0)
[2026.05.12-00.20.51:837][  0]LogWindows:    4. 'Intel(R) UHD Graphics 770' (P:0 D:1)
[2026.05.12-00.20.51:838][  0]LogWindows:    5. 'Intel(R) UHD Graphics 770' (P:0 D:0)
[2026.05.12-00.20.51:838][  0]LogWindows:    6. 'Intel(R) UHD Graphics 770' (P:0 D:0)
[2026.05.12-00.20.51:838][  0]LogWindows:    7. 'Intel(R) UHD Graphics 770' (P:0 D:0)
[2026.05.12-00.20.51:838][  0]LogWindows: DebugString: PrimaryIsNotTheChoosenAdapter PrimaryIsNotTheChoosenAdapter PrimaryIsNotTheChoosenAdapter PrimaryIsNotTheChoosenAdapter FoundDriverCount:4 
[2026.05.12-00.20.51:838][  0]LogD3D11RHI:     Adapter Name: NVIDIA GeForce RTX 4070
[2026.05.12-00.20.51:838][  0]LogD3D11RHI:   Driver Version: 581.95 (internal:32.0.15.8195, unified:581.95)
[2026.05.12-00.20.51:838][  0]LogD3D11RHI:      Driver Date: 11-18-2025
[2026.05.12-00.20.51:838][  0]LogRHI: Texture pool is 8408 MB (70% of 12012 MB)
[2026.05.12-00.20.51:838][  0]LogD3D11RHI: Creating D3DDevice using adapter:
[2026.05.12-00.20.51:838][  0]LogD3D11RHI:     Description : NVIDIA GeForce RTX 4070
[2026.05.12-00.20.51:838][  0]LogD3D11RHI:     VendorId    : 10de
[2026.05.12-00.20.51:838][  0]LogD3D11RHI:     DeviceId    : 2786
[2026.05.12-00.20.51:838][  0]LogD3D11RHI:     SubSysId    : 513a1028
[2026.05.12-00.20.51:838][  0]LogD3D11RHI:     Revision    : 00a1
[2026.05.12-00.20.51:838][  0]LogD3D11RHI:     DedicatedVideoMemory : 12595494912 bytes
[2026.05.12-00.20.51:838][  0]LogD3D11RHI:     DedicatedSystemMemory : 0 bytes
[2026.05.12-00.20.51:838][  0]LogD3D11RHI:     SharedSystemMemory : 7332921344 bytes
[2026.05.12-00.20.51:838][  0]LogD3D11RHI:     AdapterLuid : 0 56869
[2026.05.12-00.20.51:948][  0]LogD3D11RHI: RHI has support for 64 bit atomics
[2026.05.12-00.20.51:949][  0]LogD3D11RHI: Async texture creation enabled
[2026.05.12-00.20.51:949][  0]LogD3D11RHI: Array index from any shader is supported
[2026.05.12-00.20.51:950][  0]LogD3D11RHI: HDR output is supported on display 0 (NvId: 0x80061083).
[2026.05.12-00.20.51:974][  0]LogD3D11RHI: GPU Timing Frequency: 1000.000000 (Debug: 2 1)
[2026.05.12-00.20.52:010][  0]LogRHI: GeForceNow SDK initialized: 1
[2026.05.12-00.20.52:216][  0]LogTargetPlatformManager: Display: Loaded TargetPlatform 'AllDesktop'
[2026.05.12-00.20.52:230][  0]LogTargetPlatformManager: Display: Loaded TargetPlatform 'Android'
[2026.05.12-00.20.52:230][  0]LogTargetPlatformManager: Display: Loaded TargetPlatform 'Android_ASTC'
[2026.05.12-00.20.52:230][  0]LogTargetPlatformManager: Display: Loaded TargetPlatform 'Android_DXT'
[2026.05.12-00.20.52:230][  0]LogTargetPlatformManager: Display: Loaded TargetPlatform 'Android_ETC2'
[2026.05.12-00.20.52:230][  0]LogTargetPlatformManager: Display: Loaded TargetPlatform 'AndroidClient'
[2026.05.12-00.20.52:230][  0]LogTargetPlatformManager: Display: Loaded TargetPlatform 'Android_ASTCClient'
[2026.05.12-00.20.52:230][  0]LogTargetPlatformManager: Display: Loaded TargetPlatform 'Android_DXTClient'
[2026.05.12-00.20.52:230][  0]LogTargetPlatformManager: Display: Loaded TargetPlatform 'Android_ETC2Client'
[2026.05.12-00.20.52:230][  0]LogTargetPlatformManager: Display: Loaded TargetPlatform 'Android_Multi'
[2026.05.12-00.20.52:230][  0]LogTargetPlatformManager: Display: Loaded TargetPlatform 'Android_MultiClient'
[2026.05.12-00.20.52:245][  0]LogTargetPlatformManager: Display: Loaded TargetPlatform 'IOSClient'
[2026.05.12-00.20.52:245][  0]LogTargetPlatformManager: Display: Loaded TargetPlatform 'IOS'
[2026.05.12-00.20.52:251][  0]LogTargetPlatformManager: Display: Loaded TargetPlatform 'Linux'
[2026.05.12-00.20.52:255][  0]LogTargetPlatformManager: Display: Loaded TargetPlatform 'LinuxNoEditor'
[2026.05.12-00.20.52:259][  0]LogTargetPlatformManager: Display: Loaded TargetPlatform 'LinuxClient'
[2026.05.12-00.20.52:262][  0]LogTargetPlatformManager: Display: Loaded TargetPlatform 'LinuxServer'
[2026.05.12-00.20.52:268][  0]LogTargetPlatformManager: Display: Loaded TargetPlatform 'LinuxAArch64NoEditor'
[2026.05.12-00.20.52:272][  0]LogTargetPlatformManager: Display: Loaded TargetPlatform 'LinuxAArch64Client'
[2026.05.12-00.20.52:276][  0]LogTargetPlatformManager: Display: Loaded TargetPlatform 'LinuxAArch64Server'
[2026.05.12-00.20.52:297][  0]LogTargetPlatformManager: Display: Loaded TargetPlatform 'Lumin'
[2026.05.12-00.20.52:297][  0]LogTargetPlatformManager: Display: Loaded TargetPlatform 'LuminClient'
[2026.05.12-00.20.52:303][  0]LogTargetPlatformManager: Display: Loaded TargetPlatform 'MacNoEditor'
[2026.05.12-00.20.52:307][  0]LogTargetPlatformManager: Display: Loaded TargetPlatform 'Mac'
[2026.05.12-00.20.52:310][  0]LogTargetPlatformManager: Display: Loaded TargetPlatform 'MacClient'
[2026.05.12-00.20.52:315][  0]LogTargetPlatformManager: Display: Loaded TargetPlatform 'MacServer'
[2026.05.12-00.20.52:322][  0]LogTargetPlatformManager: Display: Loaded TargetPlatform 'TVOSClient'
[2026.05.12-00.20.52:322][  0]LogTargetPlatformManager: Display: Loaded TargetPlatform 'TVOS'
[2026.05.12-00.20.52:328][  0]LogTargetPlatformManager: Display: Loaded TargetPlatform 'WindowsNoEditor'
[2026.05.12-00.20.52:331][  0]LogTargetPlatformManager: Display: Loaded TargetPlatform 'Windows'
[2026.05.12-00.20.52:335][  0]LogTargetPlatformManager: Display: Loaded TargetPlatform 'WindowsClient'
[2026.05.12-00.20.52:338][  0]LogTargetPlatformManager: Display: Loaded TargetPlatform 'WindowsServer'
[2026.05.12-00.20.52:338][  0]LogTargetPlatformManager: Display: Building Assets For Windows
[2026.05.12-00.20.52:344][  0]LogAudioDebug: Display: Lib vorbis DLL was dynamically loaded.
[2026.05.12-00.20.52:368][  0]LogTextureFormatOodle: Display: Oodle Texture 2.9.0 init RDO Off
[2026.05.12-00.20.52:398][  0]LogRendererCore: Ray tracing is disabled. Reason: r.RayTracing=0.
[2026.05.12-00.20.52:398][  0]LogShaderCompilers: Guid format shader working directory is 3 characters bigger than the processId version (../../../../../../UEProject/UnrealLearn/ALSV4/Intermediate/Shaders/WorkingDirectory/11188/).
[2026.05.12-00.20.52:398][  0]LogShaderCompilers: Cleaned the shader compiler working directory 'C:/Users/LiamChen/AppData/Local/Temp/UnrealShaderWorkingDir/6247281A4E053AC23ECFFB8AEF3909C9/'.
[2026.05.12-00.20.52:399][  0]LogXGEController: Cannot use XGE Controller as Incredibuild is not installed on this machine.
[2026.05.12-00.20.52:399][  0]LogShaderCompilers: Cannot use XGE Shader Compiler as Incredibuild is not installed on this machine.
[2026.05.12-00.20.52:399][  0]LogShaderCompilers: Display: Using Local Shader Compiler.
[2026.05.12-00.20.53:271][  0]LogDerivedDataCache: Display: Max Cache Size: 512 MB
[2026.05.12-00.20.53:323][  0]LogDerivedDataCache: Loaded boot cache 0.05s 94MB C:/Users/LiamChen/AppData/Local/UnrealEngine/4.27/DerivedDataCache/Boot.ddc.
[2026.05.12-00.20.53:323][  0]LogDerivedDataCache: Display: Loaded Boot cache: C:/Users/LiamChen/AppData/Local/UnrealEngine/4.27/DerivedDataCache/Boot.ddc
[2026.05.12-00.20.53:323][  0]LogDerivedDataCache: FDerivedDataBackendGraph:  Pak pak cache file ../../../../../../UEProject/UnrealLearn/ALSV4/DerivedDataCache/DDC.ddp not found, will not use a pak cache.
[2026.05.12-00.20.53:323][  0]LogDerivedDataCache: Unable to find inner node Pak for hierarchical cache Hierarchy.
[2026.05.12-00.20.53:323][  0]LogDerivedDataCache: FDerivedDataBackendGraph:  CompressedPak pak cache file ../../../../../../UEProject/UnrealLearn/ALSV4/DerivedDataCache/Compressed.ddp not found, will not use a pak cache.
[2026.05.12-00.20.53:323][  0]LogDerivedDataCache: Unable to find inner node CompressedPak for hierarchical cache Hierarchy.
[2026.05.12-00.20.53:335][  0]LogDerivedDataCache: Display: Pak cache opened for reading ../../../Engine/DerivedDataCache/Compressed.ddp.
[2026.05.12-00.20.53:336][  0]LogDerivedDataCache: FDerivedDataBackendGraph:  EnterprisePak pak cache file ../../../Enterprise/DerivedDataCache/Compressed.ddp not found, will not use a pak cache.
[2026.05.12-00.20.53:336][  0]LogDerivedDataCache: Unable to find inner node EnterprisePak for hierarchical cache Hierarchy.
[2026.05.12-00.20.53:340][  0]LogDerivedDataCache: Speed tests for C:/Users/LiamChen/AppData/Local/UnrealEngine/Common/DerivedDataCache took 0.00 seconds
[2026.05.12-00.20.53:340][  0]LogDerivedDataCache: Display: Performance to C:/Users/LiamChen/AppData/Local/UnrealEngine/Common/DerivedDataCache: Latency=0.01ms. RandomReadSpeed=1936.85MBs, RandomWriteSpeed=353.90MBs. Assigned SpeedClass 'Local'
[2026.05.12-00.20.53:341][  0]LogDerivedDataCache: Using Local data cache path C:/Users/LiamChen/AppData/Local/UnrealEngine/Common/DerivedDataCache: Writable
[2026.05.12-00.20.53:341][  0]LogDerivedDataCache: Shared data cache path not found in *engine.ini, will not use an Shared cache.
[2026.05.12-00.20.53:341][  0]LogDerivedDataCache: Unable to find inner node Shared for hierarchical cache Hierarchy.
[2026.05.12-00.20.53:383][  0]LogSlate: Using FreeType 2.10.0
[2026.05.12-00.20.53:384][  0]LogSlate: SlateFontServices - WITH_FREETYPE: 1, WITH_HARFBUZZ: 1
[2026.05.12-00.20.53:408][  0]LogAssetRegistry: FAssetRegistry took 0.0032 seconds to start up
[2026.05.12-00.20.53:571][  0]LogInit: Selected Device Profile: [Windows]
[2026.05.12-00.20.53:571][  0]LogInit: Active device profile: [000001EE1B874B00][000001EE1B46C0C0 49] Windows
[2026.05.12-00.20.53:571][  0]LogInit: Profiles: [000001EE1B874B00][000001EE1B46C0C0 49] Windows, [000001EE1B84A100][000001EE1B474240 49] WindowsNoEditor, [000001EE1B875900][000001EE1B4783C0 49] WindowsServer, [000001EE1B84AE00][000001EE1B47C540 49] WindowsClient, [000001EE1B877C00][000001EE1B470680 49] IOS, [000001EE1B848F00][000001EE1B4807C0 49] iPadAir, [000001EE1B877E00][000001EE1B484900 49] iPadAir2, [000001EE1B800C00][000001EE1B490BC0 49] IPadPro, [000001EE1B800D00][000001EE1B48CC00 49] iPadAir3, [000001EE1B84BB00][000001EE1B494D80 49] iPadAir4, [000001EE1B803600][000001EE1B498F00 49] iPadMini2, [000001EE1B84B200][000001EE1B49D080 49] iPadMini3, [000001EE1B803800][000001EE1B4A1200 49] iPadMini4, [000001EE1B84B800][000001EE1B4A5380 49] iPadMini5, [000001EE1B808600][000001EE1B4AD640 49] iPhone6, [000001EE1B808700][000001EE1B4A9680 49] iPodTouch6, [000001EE1B876900][000001EE1B4B5940 49] iPhone7, [000001EE1B876800][000001EE1B4B1980 49] iPodTouch7, [000001EE1B808100][000001EE1B4B9B00 49] iPhone5S, [000001EE1B800700][000001EE1B4BC100 49] iPhone6Plus, [000001EE1B80A500][000001EE1B4C0280 49] iPhone6S, [000001EE1B801300][000001EE1B4C4400 49] iPhone6SPlus, [000001EE1B80BB00][000001EE1B4C8580 49] iPhone7Plus, [000001EE1B803500][000001EE1B4CC700 49] iPhoneSE, [000001EE1B876600][000001EE1B488840 49] iPhone8, [000001EE1B800600][000001EE1B4D0980 49] iPhone8Plus, [000001EE1B876200][000001EE1B4D4AC0 49] iPhoneX, [000001EE1B803300][000001EE1B4DCC40 49] iPhoneXS, [000001EE1B877400][000001EE1B4E0DC0 49] iPhoneXSMax, [000001EE1B802D00][000001EE1B4E4F40 49] iPhoneXR, [000001EE1B874200][000001EE1B4E90C0 49] iPhone11, [000001EE1B801E00][000001EE1B4ED240 49] iPhone11Pro, [000001EE1B876A00][000001EE1C5013C0 49] iPhone11ProMax, [000001EE1B803700][000001EE1C505540 49] iPhoneSE2, [000001EE1B874D00][000001EE1C5096C0 49] iPhone12Mini, [000001EE1B801F00][000001EE1C50D840 49] iPhone12, [000001EE1B874700][000001EE1C5119C0 49] iPhone12Pro, [000001EE1B801400][000001EE1C515B40 49] iPhone12ProMax, [000001EE1B874C00][000001EE1C518140 49] iPadPro105, [000001EE1B801700][000001EE1C51C2C0 49] iPadPro129, [000001EE1B874100][000001EE1C520440 49] iPadPro97, [000001EE1B803C00][000001EE1C5245C0 49] iPadPro2_129, [000001EE1B874800][000001EE1C528740 49] iPad5, [000001EE1B803100][000001EE1C52C8C0 49] iPad6, [000001EE1B874500][000001EE1B4D8A00 49] iPad7, [000001EE1B802800][000001EE1C530B40 49] iPad8, [000001EE1B875500][000001EE1C534C80 49] iPadPro11, [000001EE1B801500][000001EE1C538DC0 49] iPadPro2_11, [000001EE1B874F00][000001EE1C540F40 49] iPadPro3_129, [000001EE1B802C00][000001EE1C5450C0 49] iPadPro4_129, [000001EE1B876500][000001EE1C549240 49] AppleTV, [000001EE1B801100][000001EE1C54D3C0 49] AppleTV4K, [000001EE1B874400][000001EE1C551540 49] TVOS, [000001EE1B802600][000001EE1C5556C0 49] Mac, [000001EE1B877D00][000001EE1C559840 49] MacClient, [000001EE1B801800][000001EE1C55D9C0 49] MacNoEditor, [000001EE1B877100][000001EE1C5D1B40 49] MacServer, [000001EE1B803900][000001EE1C5D4140 49] Linux, [000001EE1B874900][000001EE1C5D82C0 49] LinuxAArch64, [000001EE1B803F00][000001EE1C5DC440 49] LinuxNoEditor, [000001EE1B875B00][000001EE1C5E05C0 49] LinuxAArch64NoEditor, [000001EE1B803400][000001EE1C5E4740 49] LinuxClient, [000001EE1B875C00][000001EE1C5E88C0 49] LinuxAArch64Client, [000001EE1B801D00][000001EE1C5ECA40 49] LinuxServer, [000001EE1B876F00][000001EE1C53CB80 49] LinuxAArch64Server, [000001EE1B800500][000001EE1C5F0CC0 49] Android, [000001EE1B875E00][000001EE1C5F4E00 49] Android_Low, [000001EE1B803000][000001EE1C5F8F40 49] Android_Mid, [000001EE1B876400][000001EE1C6010C0 49] Android_High, [000001EE1B800800][000001EE1C605240 49] Android_Default, [000001EE1B877200][000001EE1C6093C0 49] Android_Adreno4xx, [000001EE1B84A400][000001EE1C60D540 49] Android_Adreno5xx_Low, [000001EE1B809C00][000001EE1C61D6C0 49] Android_Adreno5xx, [000001EE1B84BD00][000001EE1C621840 49] Android_Adreno6xx, [000001EE1B80AB00][000001EE1840D9C0 49] Android_Adreno6xx_Vulkan, [000001EE1B84BE00][000001EE18411B40 49] Android_Mali_T6xx, [000001EE1B808F00][000001EE184AA140 49] Android_Mali_T7xx, [000001EE1B849300][000001EE1819C2C0 49] Android_Mali_T8xx, [000001EE1B809F00][000001EE181A8440 49] Android_Mali_G71, [000001EE1B849C00][000001EE182005C0 49] Android_Mali_G72, [000001EE1B80A400][000001EE182B4740 49] Android_Mali_G72_Vulkan, [000001EE1B84B600][000001EE182B88C0 49] Android_Mali_G76, [000001EE1B80A100][000001EE182BCA40 49] Android_Mali_G76_Vulkan, [000001EE1B849B00][000001EE182C0BC0 49] Android_Mali_G77, [000001EE1B808A00][000001EE182C8D40 49] Android_Mali_G77_Vulkan, [000001EE1B84B400][000001EE1C5FCE80 49] Android_Mali_G78, [000001EE1B809300][000001EE1C8E0FC0 49] Android_Mali_G78_Vulkan, [000001EE1B84A900][000001EE1C8E5100 49] Android_Mali_G710, [000001EE1B80BD00][000001EE1C8ED280 49] Android_Mali_G710_Vulkan, [000001EE1B849E00][000001EE1C8F1400 49] Android_Vulkan_SM5, [000001EE1B808900][000001EE1C8F5580 49] Android_PowerVR_G6xxx, [000001EE1B849F00][000001EE1C8FD700 49] Android_PowerVR_GT7xxx, [000001EE1B80A700][000001EE1C5B7880 49] Android_PowerVR_GE8xxx, [000001EE1B84A300][000001EE1C5CBA00 49] Android_PowerVR_GM9xxx, [000001EE1B80B200][000001EE1841DB80 49] Android_PowerVR_GM9xxx_Vulkan, [000001EE1B84B000][000001EE1845A180 49] Android_TegraK1, [000001EE1B809700][000001EE1845E300 49] Android_Unknown_Vulkan, [000001EE1B84B700][000001EE18482480 49] Lumin, [000001EE1B808200][000001EE18486600 49] Lumin_Desktop, [000001EE1B84A200][000001EE1848A780 49] HoloLens, 
[2026.05.12-00.20.53:650][  0]LogMeshReduction: Using QuadricMeshReduction for automatic static mesh reduction
[2026.05.12-00.20.53:650][  0]LogMeshReduction: Using SimplygonMeshReduction for automatic skeletal mesh reduction
[2026.05.12-00.20.53:650][  0]LogMeshReduction: Using ProxyLODMeshReduction for automatic mesh merging
[2026.05.12-00.20.53:650][  0]LogMeshReduction: No distributed automatic mesh merging module available
[2026.05.12-00.20.53:650][  0]LogMeshMerging: No distributed automatic mesh merging module available
[2026.05.12-00.20.53:659][  0]LogNetVersion: ALSV4 1.0.0, NetCL: 17155196, EngineNetVer: 17, GameNetVer: 0 (Checksum: 1428757274)
[2026.05.12-00.20.53:964][  0]LogTexture: Default maximum texture size for cubemaps generated from long-lat sources has been changed from 512 to unlimited. In order to preserve old behaiour for '/Engine/MapTemplates/Sky/DaylightAmbientCubemap.DaylightAmbientCubemap', its maximum texture size has been explicitly set to 512.
[2026.05.12-00.20.54:005][  0]LogHMD: PokeAHoleMaterial loaded successfully
[2026.05.12-00.20.54:010][  0]LogUObjectArray: 17178 objects as part of root set at end of initial load.
[2026.05.12-00.20.54:010][  0]LogUObjectAllocator: 4302048 out of 0 bytes used by permanent object pool.
[2026.05.12-00.20.54:010][  0]LogUObjectArray: CloseDisregardForGC: 0/0 objects in disregard for GC pool
[2026.05.12-00.20.54:205][  0]LogPython: Using Python 3.7.7
[2026.05.12-00.20.54:624][  0]LogNiagaraDebuggerClient: Niagara Debugger Client Initialized | Session: E5627C974EC732B3F33C35B5A479061E | Instance: DB2D49FA43E7BCF4081268BA5D5390B6 (MANKA-D-D-6017-11188).
[2026.05.12-00.20.54:659][  0]LogTcpMessaging: Initializing TcpMessaging bridge
[2026.05.12-00.20.54:669][  0]LogUdpMessaging: Initializing bridge on interface 0.0.0.0:0 to multicast group 230.0.0.1:6666.
[2026.05.12-00.20.54:829][  0]SourceControl: Source control is disabled
[2026.05.12-00.20.54:830][  0]SourceControl: Source control is disabled
[2026.05.12-00.20.54:832][  0]SourceControl: Source control is disabled
[2026.05.12-00.20.54:834][  0]SourceControl: Source control is disabled
[2026.05.12-00.20.54:837][  0]SourceControl: Source control is disabled
[2026.05.12-00.20.54:858][  0]LogUProjectInfo: Found projects:
[2026.05.12-00.20.54:967][  0]LogOpenImageDenoise: OIDN starting up
[2026.05.12-00.20.55:004][  0]LogAndroidPermission: UAndroidPermissionCallbackProxy::GetInstance
[2026.05.12-00.20.55:012][  0]LogAudioCaptureCore: Display: No Audio Capture implementations found. Audio input will be silent.
[2026.05.12-00.20.55:012][  0]LogAudioCaptureCore: Display: No Audio Capture implementations found. Audio input will be silent.
[2026.05.12-00.20.55:105][  0]LogCollectionManager: Loaded 0 collections in 0.001091 seconds
[2026.05.12-00.20.55:125][  0]LogFileCache: Scanning file cache for directory 'C:/UEProject/UnrealLearn/ALSV4/Saved/Collections/' took 0.00s
[2026.05.12-00.20.55:125][  0]LogFileCache: Scanning file cache for directory 'C:/UEProject/UnrealLearn/ALSV4/Content/Developers/LiamChen/Collections/' took 0.00s
[2026.05.12-00.20.55:125][  0]LogFileCache: Scanning file cache for directory 'C:/UEProject/UnrealLearn/ALSV4/Content/Collections/' took 0.00s
[2026.05.12-00.20.55:125][  0]LogOcInput: OculusInput pre-init called
[2026.05.12-00.20.55:330][  0]LogEngine: Initializing Engine...
[2026.05.12-00.20.55:333][  0]LogHMD: Failed to enumerate extensions. Please check that you have a valid OpenXR runtime installed.
[2026.05.12-00.20.55:333][  0]LogHMD: Failed to initialize OpenVR with code 110
[2026.05.12-00.20.55:333][  0]LogMagicLeap: Warning: VR disabled because ZI is not enabled.  To enable, in the editor, Edit -> Project Settings -> Plugins -> Magic Leap Plugin -> Enable Zero Iteration
[2026.05.12-00.20.55:334][  0]LogStats: UGameplayTagsManager::InitializeManager -  0.000 s
[2026.05.12-00.20.55:457][  0]LogInit: Initializing FReadOnlyCVARCache
[2026.05.12-00.20.55:464][  0]LogAIModule: Creating AISystem for world Untitled
[2026.05.12-00.20.55:465][  0]LogAudio: Display: Initializing Audio Device Manager...
[2026.05.12-00.20.55:467][  0]LogAudio: Display: Loading Default Audio Settings Objects...
[2026.05.12-00.20.55:467][  0]LogAudio: Display: No default SoundConcurrencyObject specified (or failed to load).
[2026.05.12-00.20.55:467][  0]LogAudio: Display: Audio Device Manager Initialized
[2026.05.12-00.20.55:467][  0]LogAudio: Display: Creating Audio Device:                 Id: 1, Scope: Shared, Realtime: True
[2026.05.12-00.20.55:467][  0]LogAudioMixer: Display: Audio Mixer Platform Settings:
[2026.05.12-00.20.55:467][  0]LogAudioMixer: Display: 	Sample Rate:						  48000
[2026.05.12-00.20.55:467][  0]LogAudioMixer: Display: 	Callback Buffer Frame Size Requested: 1024
[2026.05.12-00.20.55:467][  0]LogAudioMixer: Display: 	Callback Buffer Frame Size To Use:	  1024
[2026.05.12-00.20.55:467][  0]LogAudioMixer: Display: 	Number of buffers to queue:			  2
[2026.05.12-00.20.55:467][  0]LogAudioMixer: Display: 	Max Channels (voices):				  32
[2026.05.12-00.20.55:467][  0]LogAudioMixer: Display: 	Number of Async Source Workers:		  0
[2026.05.12-00.20.55:467][  0]LogAudio: Display: AudioDevice MaxSources: 32
[2026.05.12-00.20.55:468][  0]LogAudio: Display: Audio Spatialization Plugin: None (built-in).
[2026.05.12-00.20.55:468][  0]LogAudio: Display: Audio Reverb Plugin: None (built-in).
[2026.05.12-00.20.55:468][  0]LogAudio: Display: Audio Occlusion Plugin: None (built-in).
[2026.05.12-00.20.55:468][  0]LogAudioMixer: Display: Initializing audio mixer.
[2026.05.12-00.20.55:477][  0]LogAudioMixer: Display: 0: FrontLeft
[2026.05.12-00.20.55:477][  0]LogAudioMixer: Display: 1: FrontRight
[2026.05.12-00.20.55:486][  0]LogAudioMixer: Display: Using Audio Device Headphones (WF-1000XM4)
[2026.05.12-00.20.55:489][  0]LogAudioMixer: Display: Initializing Sound Submixes...
[2026.05.12-00.20.55:490][  0]LogAudioMixer: Display: Creating Master Submix 'MasterSubmixDefault'
[2026.05.12-00.20.55:490][  0]LogAudioMixer: Display: Creating Master Submix 'MasterReverbSubmixDefault'
[2026.05.12-00.20.55:491][  0]LogAudioMixer: Display: Creating Master Submix 'MasterEQSubmixDefault'
[2026.05.12-00.20.55:491][  0]LogAudioMixer: FMixerPlatformXAudio2::StartAudioStream() called
[2026.05.12-00.20.55:491][  0]LogAudioMixer: Display: Output buffers initialized: Frames=1024, Channels=2, Samples=2048
[2026.05.12-00.20.55:493][  0]LogAudioMixer: Display: Starting AudioMixerPlatformInterface::RunInternal()
[2026.05.12-00.20.55:493][  0]LogAudioMixer: Display: FMixerPlatformXAudio2::SubmitBuffer() called for the first time
[2026.05.12-00.20.55:493][  0]LogInit: FAudioDevice initialized.
[2026.05.12-00.20.55:493][  0]LogAudio: Display: Audio Device (ID: 1) registered with world 'Untitled'.
[2026.05.12-00.20.55:493][  0]LogNetVersion: Set ProjectVersion to 1.0.0.0. Version Checksum will be recalculated on next use.
[2026.05.12-00.20.55:536][  0]LogDerivedDataCache: Saved boot cache 0.04s 94MB C:/Users/LiamChen/AppData/Local/UnrealEngine/4.27/DerivedDataCache/Boot.ddc.
[2026.05.12-00.20.55:536][  0]LogInit: Texture streaming: Enabled
[2026.05.12-00.20.55:553][  0]LogAnalytics: Display: [UEEditor.Rocket.Release] APIServer = https://datarouter.ol.epicgames.com/. AppVersion = 4.27.2-18319896+++UE4+Release-4.27
[2026.05.12-00.20.55:557][  0]LogEngineSessionManager: EngineSessionManager initialized
[2026.05.12-00.20.55:557][  0]LogEngineSessionManager: EngineSessionManager sent abnormal shutdown report. Type=Crashed, SessionId={7EA30B17-4E26-4C00-F68D-A798F0953C52}
[2026.05.12-00.20.55:557][  0]LogEditorSessionSummary: Verbose: Initializing EditorSessionSummaryWriter for editor session tracking
[2026.05.12-00.20.55:558][  0]LogEditorSessionSummary: EditorSessionSummaryWriter initialized
[2026.05.12-00.20.55:579][  0]LogInit: Transaction tracking system initialized
[2026.05.12-00.20.55:596][  0]BlueprintLog: New page: Editor Load
[2026.05.12-00.20.55:642][  0]LocalizationService: Localization service is disabled
[2026.05.12-00.20.55:660][  0]TimingProfiler: Initialize
[2026.05.12-00.20.55:660][  0]TimingProfiler: OnSessionChanged
[2026.05.12-00.20.55:660][  0]LoadingProfiler: Initialize
[2026.05.12-00.20.55:660][  0]LoadingProfiler: OnSessionChanged
[2026.05.12-00.20.55:660][  0]NetworkingProfiler: Initialize
[2026.05.12-00.20.55:660][  0]NetworkingProfiler: OnSessionChanged
[2026.05.12-00.20.55:660][  0]MemoryProfiler: Initialize
[2026.05.12-00.20.55:660][  0]MemoryProfiler: OnSessionChanged
[2026.05.12-00.20.55:757][  0]LogCook: Display: CookSettings for Memory: MemoryMaxUsedVirtual 0MiB, MemoryMaxUsedPhysical 16384MiB, MemoryMinFreeVirtual 0MiB, MemoryMinFreePhysical 1024MiB
[2026.05.12-00.20.55:757][  0]LogCook: Display: Mobile HDR setting 1
[2026.05.12-00.20.55:895][  0]LogFileCache: Scanning file cache for directory 'C:/UEProject/UnrealLearn/ALSV4/Content/' took 0.01s
[2026.05.12-00.20.56:011][  0]LogInit: Display: Engine is initialized. Leaving FEngineLoop::Init()
[2026.05.12-00.20.56:013][  0]SourceControl: Source control is disabled
[2026.05.12-00.20.56:013][  0]LogUnrealEdMisc: Loading editor; pre map load, took 5.288
[2026.05.12-00.20.56:013][  0]Cmd: MAP LOAD FILE="../../../../../../UEProject/UnrealLearn/ALSV4/Content/ThirdPersonBP/Maps/ThirdPersonExampleMap.umap" TEMPLATE=0 SHOWPROGRESS=1 FEATURELEVEL=3
[2026.05.12-00.20.56:018][  0]LightingResults: New page: Lighting Build
[2026.05.12-00.20.56:019][  0]LogWorld: UWorld::CleanupWorld for Untitled, bSessionEnded=true, bCleanupResources=true
[2026.05.12-00.20.56:019][  0]LogSlate: InvalidateAllWidgets triggered.  All widgets were invalidated
[2026.05.12-00.20.56:019][  0]MapCheck: New page: Map Check
[2026.05.12-00.20.56:019][  0]LightingResults: New page: Lighting Build
[2026.05.12-00.20.56:029][  0]LogAudio: Display: Audio Device unregistered from world 'None'.
[2026.05.12-00.20.56:031][  0]LogUObjectHash: Compacting FUObjectHashTables data took   0.44ms
[2026.05.12-00.20.56:130][  0]LogAudio: Display: Audio Device (ID: 1) registered with world 'ThirdPersonExampleMap'.
[2026.05.12-00.20.56:130][  0]LogAIModule: Creating AISystem for world ThirdPersonExampleMap
[2026.05.12-00.20.56:134][  0]LogEditorServer: Finished looking for orphan Actors (0.000 secs)
[2026.05.12-00.20.56:138][  0]LogUObjectHash: Compacting FUObjectHashTables data took   0.45ms
[2026.05.12-00.20.56:138][  0]Cmd: MAP CHECKDEP NOCLEARLOG
[2026.05.12-00.20.56:138][  0]MapCheck: Map check complete: 0 Error(s), 0 Warning(s), took 0.13ms to complete.
[2026.05.12-00.20.56:138][  0]LogFileHelpers: Loading map 'ThirdPersonExampleMap' took 0.124
[2026.05.12-00.20.56:139][  0]LogUnrealEdMisc: Total Editor Startup Time, took 5.413
[2026.05.12-00.20.56:231][  0]LogSlate: Updating window title bar state: overlay mode, drag disabled, window buttons hidden, title bar hidden
[2026.05.12-00.20.56:235][  0]LogSlate: Updating window title bar state: overlay mode, drag disabled, window buttons hidden, title bar hidden
[2026.05.12-00.20.56:238][  0]LogSlate: Updating window title bar state: overlay mode, drag disabled, window buttons hidden, title bar hidden
[2026.05.12-00.20.56:242][  0]LogSlate: Updating window title bar state: overlay mode, drag disabled, window buttons hidden, title bar hidden
[2026.05.12-00.20.56:251][  0]LogNativeClassHierarchy: Verbose: Native class hierarchy populated in 0.0057 seconds. Added 3822 classes and 928 folders.
[2026.05.12-00.20.56:252][  0]LogNativeClassHierarchy: Verbose: Native class hierarchy updated for 'WidgetCarousel' in 0.0002 seconds. Added 0 classes and 0 folders.
[2026.05.12-00.20.56:253][  0]LogPakFile: PakFile PrimaryIndexSize=187
[2026.05.12-00.20.56:253][  0]LogPakFile: PakFile PathHashIndexSize=101
[2026.05.12-00.20.56:253][  0]LogPakFile: PakFile FullDirectoryIndexSize=148
[2026.05.12-00.20.56:253][  0]LogShaderLibrary: Display: ShaderCodeLibraryPakFileMountedCallback: PakFile 'C:/Program Files/Epic Games/UE_4.27/FeaturePacks/FP_FirstPerson.upack' (chunk index -1, root 'root:/') mounted
[2026.05.12-00.20.56:253][  0]LogShaderLibrary: Display: ShaderCodeLibraryPakFileMountedCallback: pending pak file info (ChunkID:-1 Root:root:/ File:C:/Program Files/Epic Games/UE_4.27/FeaturePacks/FP_FirstPerson.upack)
[2026.05.12-00.20.56:253][  0]LogPakFile: OnPakFileMounted2Time == 0.000044
[2026.05.12-00.20.56:254][  0]LogPakFile: PakFile PrimaryIndexSize=189
[2026.05.12-00.20.56:254][  0]LogPakFile: PakFile PathHashIndexSize=101
[2026.05.12-00.20.56:254][  0]LogPakFile: PakFile FullDirectoryIndexSize=152
[2026.05.12-00.20.56:254][  0]LogShaderLibrary: Display: ShaderCodeLibraryPakFileMountedCallback: PakFile 'C:/Program Files/Epic Games/UE_4.27/FeaturePacks/FP_FirstPersonBP.upack' (chunk index -1, root 'root:/') mounted
[2026.05.12-00.20.56:254][  0]LogShaderLibrary: Display: ShaderCodeLibraryPakFileMountedCallback: pending pak file info (ChunkID:-1 Root:root:/ File:C:/Program Files/Epic Games/UE_4.27/FeaturePacks/FP_FirstPersonBP.upack)
[2026.05.12-00.20.56:254][  0]LogPakFile: OnPakFileMounted2Time == 0.000035
[2026.05.12-00.20.56:254][  0]LogPakFile: PakFile PrimaryIndexSize=191
[2026.05.12-00.20.56:254][  0]LogPakFile: PakFile PathHashIndexSize=101
[2026.05.12-00.20.56:254][  0]LogPakFile: PakFile FullDirectoryIndexSize=160
[2026.05.12-00.20.56:254][  0]LogShaderLibrary: Display: ShaderCodeLibraryPakFileMountedCallback: PakFile 'C:/Program Files/Epic Games/UE_4.27/FeaturePacks/MobileStarterContent.upack' (chunk index -1, root 'root:/') mounted
[2026.05.12-00.20.56:254][  0]LogShaderLibrary: Display: ShaderCodeLibraryPakFileMountedCallback: pending pak file info (ChunkID:-1 Root:root:/ File:C:/Program Files/Epic Games/UE_4.27/FeaturePacks/MobileStarterContent.upack)
[2026.05.12-00.20.56:254][  0]LogPakFile: OnPakFileMounted2Time == 0.000028
[2026.05.12-00.20.56:254][  0]LogPakFile: PakFile PrimaryIndexSize=185
[2026.05.12-00.20.56:254][  0]LogPakFile: PakFile PathHashIndexSize=101
[2026.05.12-00.20.56:254][  0]LogPakFile: PakFile FullDirectoryIndexSize=148
[2026.05.12-00.20.56:254][  0]LogShaderLibrary: Display: ShaderCodeLibraryPakFileMountedCallback: PakFile 'C:/Program Files/Epic Games/UE_4.27/FeaturePacks/StarterContent.upack' (chunk index -1, root 'root:/') mounted
[2026.05.12-00.20.56:254][  0]LogShaderLibrary: Display: ShaderCodeLibraryPakFileMountedCallback: pending pak file info (ChunkID:-1 Root:root:/ File:C:/Program Files/Epic Games/UE_4.27/FeaturePacks/StarterContent.upack)
[2026.05.12-00.20.56:254][  0]LogPakFile: OnPakFileMounted2Time == 0.000028
[2026.05.12-00.20.56:254][  0]LogPakFile: PakFile PrimaryIndexSize=190
[2026.05.12-00.20.56:254][  0]LogPakFile: PakFile PathHashIndexSize=101
[2026.05.12-00.20.56:254][  0]LogPakFile: PakFile FullDirectoryIndexSize=154
[2026.05.12-00.20.56:255][  0]LogShaderLibrary: Display: ShaderCodeLibraryPakFileMountedCallback: PakFile 'C:/Program Files/Epic Games/UE_4.27/FeaturePacks/TP_2DSideScroller.upack' (chunk index -1, root 'root:/') mounted
[2026.05.12-00.20.56:255][  0]LogShaderLibrary: Display: ShaderCodeLibraryPakFileMountedCallback: pending pak file info (ChunkID:-1 Root:root:/ File:C:/Program Files/Epic Games/UE_4.27/FeaturePacks/TP_2DSideScroller.upack)
[2026.05.12-00.20.56:255][  0]LogPakFile: OnPakFileMounted2Time == 0.000025
[2026.05.12-00.20.56:255][  0]LogPakFile: PakFile PrimaryIndexSize=192
[2026.05.12-00.20.56:255][  0]LogPakFile: PakFile PathHashIndexSize=101
[2026.05.12-00.20.56:255][  0]LogPakFile: PakFile FullDirectoryIndexSize=158
[2026.05.12-00.20.56:255][  0]LogShaderLibrary: Display: ShaderCodeLibraryPakFileMountedCallback: PakFile 'C:/Program Files/Epic Games/UE_4.27/FeaturePacks/TP_2DSideScrollerBP.upack' (chunk index -1, root 'root:/') mounted
[2026.05.12-00.20.56:255][  0]LogShaderLibrary: Display: ShaderCodeLibraryPakFileMountedCallback: pending pak file info (ChunkID:-1 Root:root:/ File:C:/Program Files/Epic Games/UE_4.27/FeaturePacks/TP_2DSideScrollerBP.upack)
[2026.05.12-00.20.56:255][  0]LogPakFile: OnPakFileMounted2Time == 0.000024
[2026.05.12-00.20.56:255][  0]LogPakFile: PakFile PrimaryIndexSize=182
[2026.05.12-00.20.56:255][  0]LogPakFile: PakFile PathHashIndexSize=101
[2026.05.12-00.20.56:255][  0]LogPakFile: PakFile FullDirectoryIndexSize=138
[2026.05.12-00.20.56:255][  0]LogShaderLibrary: Display: ShaderCodeLibraryPakFileMountedCallback: PakFile 'C:/Program Files/Epic Games/UE_4.27/FeaturePacks/TP_Flying.upack' (chunk index -1, root 'root:/') mounted
[2026.05.12-00.20.56:255][  0]LogShaderLibrary: Display: ShaderCodeLibraryPakFileMountedCallback: pending pak file info (ChunkID:-1 Root:root:/ File:C:/Program Files/Epic Games/UE_4.27/FeaturePacks/TP_Flying.upack)
[2026.05.12-00.20.56:255][  0]LogPakFile: OnPakFileMounted2Time == 0.000024
[2026.05.12-00.20.56:255][  0]LogPakFile: PakFile PrimaryIndexSize=184
[2026.05.12-00.20.56:255][  0]LogPakFile: PakFile PathHashIndexSize=101
[2026.05.12-00.20.56:255][  0]LogPakFile: PakFile FullDirectoryIndexSize=142
[2026.05.12-00.20.56:255][  0]LogShaderLibrary: Display: ShaderCodeLibraryPakFileMountedCallback: PakFile 'C:/Program Files/Epic Games/UE_4.27/FeaturePacks/TP_FlyingBP.upack' (chunk index -1, root 'root:/') mounted
[2026.05.12-00.20.56:255][  0]LogShaderLibrary: Display: ShaderCodeLibraryPakFileMountedCallback: pending pak file info (ChunkID:-1 Root:root:/ File:C:/Program Files/Epic Games/UE_4.27/FeaturePacks/TP_FlyingBP.upack)
[2026.05.12-00.20.56:255][  0]LogPakFile: OnPakFileMounted2Time == 0.000023
[2026.05.12-00.20.56:255][  0]LogPakFile: PakFile PrimaryIndexSize=188
[2026.05.12-00.20.56:255][  0]LogPakFile: PakFile PathHashIndexSize=101
[2026.05.12-00.20.56:255][  0]LogPakFile: PakFile FullDirectoryIndexSize=150
[2026.05.12-00.20.56:255][  0]LogShaderLibrary: Display: ShaderCodeLibraryPakFileMountedCallback: PakFile 'C:/Program Files/Epic Games/UE_4.27/FeaturePacks/TP_HandheldARBP.upack' (chunk index -1, root 'root:/') mounted
[2026.05.12-00.20.56:255][  0]LogShaderLibrary: Display: ShaderCodeLibraryPakFileMountedCallback: pending pak file info (ChunkID:-1 Root:root:/ File:C:/Program Files/Epic Games/UE_4.27/FeaturePacks/TP_HandheldARBP.upack)
[2026.05.12-00.20.56:255][  0]LogPakFile: OnPakFileMounted2Time == 0.000023
[2026.05.12-00.20.56:255][  0]LogPakFile: PakFile PrimaryIndexSize=182
[2026.05.12-00.20.56:255][  0]LogPakFile: PakFile PathHashIndexSize=101
[2026.05.12-00.20.56:255][  0]LogPakFile: PakFile FullDirectoryIndexSize=138
[2026.05.12-00.20.56:256][  0]LogShaderLibrary: Display: ShaderCodeLibraryPakFileMountedCallback: PakFile 'C:/Program Files/Epic Games/UE_4.27/FeaturePacks/TP_Puzzle.upack' (chunk index -1, root 'root:/') mounted
[2026.05.12-00.20.56:256][  0]LogShaderLibrary: Display: ShaderCodeLibraryPakFileMountedCallback: pending pak file info (ChunkID:-1 Root:root:/ File:C:/Program Files/Epic Games/UE_4.27/FeaturePacks/TP_Puzzle.upack)
[2026.05.12-00.20.56:256][  0]LogPakFile: OnPakFileMounted2Time == 0.000024
[2026.05.12-00.20.56:256][  0]LogPakFile: PakFile PrimaryIndexSize=184
[2026.05.12-00.20.56:256][  0]LogPakFile: PakFile PathHashIndexSize=101
[2026.05.12-00.20.56:256][  0]LogPakFile: PakFile FullDirectoryIndexSize=142
[2026.05.12-00.20.56:256][  0]LogShaderLibrary: Display: ShaderCodeLibraryPakFileMountedCallback: PakFile 'C:/Program Files/Epic Games/UE_4.27/FeaturePacks/TP_PuzzleBP.upack' (chunk index -1, root 'root:/') mounted
[2026.05.12-00.20.56:256][  0]LogShaderLibrary: Display: ShaderCodeLibraryPakFileMountedCallback: pending pak file info (ChunkID:-1 Root:root:/ File:C:/Program Files/Epic Games/UE_4.27/FeaturePacks/TP_PuzzleBP.upack)
[2026.05.12-00.20.56:256][  0]LogPakFile: OnPakFileMounted2Time == 0.000029
[2026.05.12-00.20.56:256][  0]LogPakFile: PakFile PrimaryIndexSize=183
[2026.05.12-00.20.56:256][  0]LogPakFile: PakFile PathHashIndexSize=101
[2026.05.12-00.20.56:256][  0]LogPakFile: PakFile FullDirectoryIndexSize=140
[2026.05.12-00.20.56:256][  0]LogShaderLibrary: Display: ShaderCodeLibraryPakFileMountedCallback: PakFile 'C:/Program Files/Epic Games/UE_4.27/FeaturePacks/TP_Rolling.upack' (chunk index -1, root 'root:/') mounted
[2026.05.12-00.20.56:256][  0]LogShaderLibrary: Display: ShaderCodeLibraryPakFileMountedCallback: pending pak file info (ChunkID:-1 Root:root:/ File:C:/Program Files/Epic Games/UE_4.27/FeaturePacks/TP_Rolling.upack)
[2026.05.12-00.20.56:256][  0]LogPakFile: OnPakFileMounted2Time == 0.000026
[2026.05.12-00.20.56:256][  0]LogPakFile: PakFile PrimaryIndexSize=185
[2026.05.12-00.20.56:256][  0]LogPakFile: PakFile PathHashIndexSize=101
[2026.05.12-00.20.56:256][  0]LogPakFile: PakFile FullDirectoryIndexSize=144
[2026.05.12-00.20.56:256][  0]LogShaderLibrary: Display: ShaderCodeLibraryPakFileMountedCallback: PakFile 'C:/Program Files/Epic Games/UE_4.27/FeaturePacks/TP_RollingBP.upack' (chunk index -1, root 'root:/') mounted
[2026.05.12-00.20.56:256][  0]LogShaderLibrary: Display: ShaderCodeLibraryPakFileMountedCallback: pending pak file info (ChunkID:-1 Root:root:/ File:C:/Program Files/Epic Games/UE_4.27/FeaturePacks/TP_RollingBP.upack)
[2026.05.12-00.20.56:256][  0]LogPakFile: OnPakFileMounted2Time == 0.000024
[2026.05.12-00.20.56:256][  0]LogPakFile: PakFile PrimaryIndexSize=188
[2026.05.12-00.20.56:256][  0]LogPakFile: PakFile PathHashIndexSize=101
[2026.05.12-00.20.56:256][  0]LogPakFile: PakFile FullDirectoryIndexSize=150
[2026.05.12-00.20.56:256][  0]LogShaderLibrary: Display: ShaderCodeLibraryPakFileMountedCallback: PakFile 'C:/Program Files/Epic Games/UE_4.27/FeaturePacks/TP_SideScroller.upack' (chunk index -1, root 'root:/') mounted
[2026.05.12-00.20.56:256][  0]LogShaderLibrary: Display: ShaderCodeLibraryPakFileMountedCallback: pending pak file info (ChunkID:-1 Root:root:/ File:C:/Program Files/Epic Games/UE_4.27/FeaturePacks/TP_SideScroller.upack)
[2026.05.12-00.20.56:256][  0]LogPakFile: OnPakFileMounted2Time == 0.000026
[2026.05.12-00.20.56:257][  0]LogPakFile: PakFile PrimaryIndexSize=190
[2026.05.12-00.20.56:257][  0]LogPakFile: PakFile PathHashIndexSize=101
[2026.05.12-00.20.56:257][  0]LogPakFile: PakFile FullDirectoryIndexSize=154
[2026.05.12-00.20.56:257][  0]LogShaderLibrary: Display: ShaderCodeLibraryPakFileMountedCallback: PakFile 'C:/Program Files/Epic Games/UE_4.27/FeaturePacks/TP_SideScrollerBP.upack' (chunk index -1, root 'root:/') mounted
[2026.05.12-00.20.56:257][  0]LogShaderLibrary: Display: ShaderCodeLibraryPakFileMountedCallback: pending pak file info (ChunkID:-1 Root:root:/ File:C:/Program Files/Epic Games/UE_4.27/FeaturePacks/TP_SideScrollerBP.upack)
[2026.05.12-00.20.56:257][  0]LogPakFile: OnPakFileMounted2Time == 0.000023
[2026.05.12-00.20.56:257][  0]LogPakFile: PakFile PrimaryIndexSize=187
[2026.05.12-00.20.56:257][  0]LogPakFile: PakFile PathHashIndexSize=101
[2026.05.12-00.20.56:257][  0]LogPakFile: PakFile FullDirectoryIndexSize=148
[2026.05.12-00.20.56:257][  0]LogShaderLibrary: Display: ShaderCodeLibraryPakFileMountedCallback: PakFile 'C:/Program Files/Epic Games/UE_4.27/FeaturePacks/TP_ThirdPerson.upack' (chunk index -1, root 'root:/') mounted
[2026.05.12-00.20.56:257][  0]LogShaderLibrary: Display: ShaderCodeLibraryPakFileMountedCallback: pending pak file info (ChunkID:-1 Root:root:/ File:C:/Program Files/Epic Games/UE_4.27/FeaturePacks/TP_ThirdPerson.upack)
[2026.05.12-00.20.56:257][  0]LogPakFile: OnPakFileMounted2Time == 0.000022
[2026.05.12-00.20.56:257][  0]LogPakFile: PakFile PrimaryIndexSize=189
[2026.05.12-00.20.56:257][  0]LogPakFile: PakFile PathHashIndexSize=101
[2026.05.12-00.20.56:257][  0]LogPakFile: PakFile FullDirectoryIndexSize=152
[2026.05.12-00.20.56:257][  0]LogShaderLibrary: Display: ShaderCodeLibraryPakFileMountedCallback: PakFile 'C:/Program Files/Epic Games/UE_4.27/FeaturePacks/TP_ThirdPersonBP.upack' (chunk index -1, root 'root:/') mounted
[2026.05.12-00.20.56:257][  0]LogShaderLibrary: Display: ShaderCodeLibraryPakFileMountedCallback: pending pak file info (ChunkID:-1 Root:root:/ File:C:/Program Files/Epic Games/UE_4.27/FeaturePacks/TP_ThirdPersonBP.upack)
[2026.05.12-00.20.56:257][  0]LogPakFile: OnPakFileMounted2Time == 0.000024
[2026.05.12-00.20.56:258][  0]LogPakFile: PakFile PrimaryIndexSize=183
[2026.05.12-00.20.56:258][  0]LogPakFile: PakFile PathHashIndexSize=101
[2026.05.12-00.20.56:258][  0]LogPakFile: PakFile FullDirectoryIndexSize=140
[2026.05.12-00.20.56:258][  0]LogShaderLibrary: Display: ShaderCodeLibraryPakFileMountedCallback: PakFile 'C:/Program Files/Epic Games/UE_4.27/FeaturePacks/TP_TopDown.upack' (chunk index -1, root 'root:/') mounted
[2026.05.12-00.20.56:258][  0]LogShaderLibrary: Display: ShaderCodeLibraryPakFileMountedCallback: pending pak file info (ChunkID:-1 Root:root:/ File:C:/Program Files/Epic Games/UE_4.27/FeaturePacks/TP_TopDown.upack)
[2026.05.12-00.20.56:258][  0]LogPakFile: OnPakFileMounted2Time == 0.000028
[2026.05.12-00.20.56:258][  0]LogPakFile: PakFile PrimaryIndexSize=185
[2026.05.12-00.20.56:258][  0]LogPakFile: PakFile PathHashIndexSize=101
[2026.05.12-00.20.56:258][  0]LogPakFile: PakFile FullDirectoryIndexSize=144
[2026.05.12-00.20.56:258][  0]LogShaderLibrary: Display: ShaderCodeLibraryPakFileMountedCallback: PakFile 'C:/Program Files/Epic Games/UE_4.27/FeaturePacks/TP_TopDownBP.upack' (chunk index -1, root 'root:/') mounted
[2026.05.12-00.20.56:258][  0]LogShaderLibrary: Display: ShaderCodeLibraryPakFileMountedCallback: pending pak file info (ChunkID:-1 Root:root:/ File:C:/Program Files/Epic Games/UE_4.27/FeaturePacks/TP_TopDownBP.upack)
[2026.05.12-00.20.56:258][  0]LogPakFile: OnPakFileMounted2Time == 0.000031
[2026.05.12-00.20.56:258][  0]LogPakFile: PakFile PrimaryIndexSize=185
[2026.05.12-00.20.56:258][  0]LogPakFile: PakFile PathHashIndexSize=101
[2026.05.12-00.20.56:258][  0]LogPakFile: PakFile FullDirectoryIndexSize=144
[2026.05.12-00.20.56:258][  0]LogShaderLibrary: Display: ShaderCodeLibraryPakFileMountedCallback: PakFile 'C:/Program Files/Epic Games/UE_4.27/FeaturePacks/TP_TwinStick.upack' (chunk index -1, root 'root:/') mounted
[2026.05.12-00.20.56:258][  0]LogShaderLibrary: Display: ShaderCodeLibraryPakFileMountedCallback: pending pak file info (ChunkID:-1 Root:root:/ File:C:/Program Files/Epic Games/UE_4.27/FeaturePacks/TP_TwinStick.upack)
[2026.05.12-00.20.56:258][  0]LogPakFile: OnPakFileMounted2Time == 0.000025
[2026.05.12-00.20.56:259][  0]LogPakFile: PakFile PrimaryIndexSize=187
[2026.05.12-00.20.56:259][  0]LogPakFile: PakFile PathHashIndexSize=101
[2026.05.12-00.20.56:259][  0]LogPakFile: PakFile FullDirectoryIndexSize=148
[2026.05.12-00.20.56:259][  0]LogShaderLibrary: Display: ShaderCodeLibraryPakFileMountedCallback: PakFile 'C:/Program Files/Epic Games/UE_4.27/FeaturePacks/TP_TwinStickBP.upack' (chunk index -1, root 'root:/') mounted
[2026.05.12-00.20.56:259][  0]LogShaderLibrary: Display: ShaderCodeLibraryPakFileMountedCallback: pending pak file info (ChunkID:-1 Root:root:/ File:C:/Program Files/Epic Games/UE_4.27/FeaturePacks/TP_TwinStickBP.upack)
[2026.05.12-00.20.56:259][  0]LogPakFile: OnPakFileMounted2Time == 0.000026
[2026.05.12-00.20.56:259][  0]LogPakFile: PakFile PrimaryIndexSize=183
[2026.05.12-00.20.56:259][  0]LogPakFile: PakFile PathHashIndexSize=101
[2026.05.12-00.20.56:259][  0]LogPakFile: PakFile FullDirectoryIndexSize=140
[2026.05.12-00.20.56:259][  0]LogShaderLibrary: Display: ShaderCodeLibraryPakFileMountedCallback: PakFile 'C:/Program Files/Epic Games/UE_4.27/FeaturePacks/TP_Vehicle.upack' (chunk index -1, root 'root:/') mounted
[2026.05.12-00.20.56:259][  0]LogShaderLibrary: Display: ShaderCodeLibraryPakFileMountedCallback: pending pak file info (ChunkID:-1 Root:root:/ File:C:/Program Files/Epic Games/UE_4.27/FeaturePacks/TP_Vehicle.upack)
[2026.05.12-00.20.56:259][  0]LogPakFile: OnPakFileMounted2Time == 0.000027
[2026.05.12-00.20.56:259][  0]LogPakFile: PakFile PrimaryIndexSize=186
[2026.05.12-00.20.56:259][  0]LogPakFile: PakFile PathHashIndexSize=101
[2026.05.12-00.20.56:259][  0]LogPakFile: PakFile FullDirectoryIndexSize=146
[2026.05.12-00.20.56:259][  0]LogShaderLibrary: Display: ShaderCodeLibraryPakFileMountedCallback: PakFile 'C:/Program Files/Epic Games/UE_4.27/FeaturePacks/TP_VehicleAdv.upack' (chunk index -1, root 'root:/') mounted
[2026.05.12-00.20.56:259][  0]LogShaderLibrary: Display: ShaderCodeLibraryPakFileMountedCallback: pending pak file info (ChunkID:-1 Root:root:/ File:C:/Program Files/Epic Games/UE_4.27/FeaturePacks/TP_VehicleAdv.upack)
[2026.05.12-00.20.56:259][  0]LogPakFile: OnPakFileMounted2Time == 0.000023
[2026.05.12-00.20.56:259][  0]LogPakFile: PakFile PrimaryIndexSize=188
[2026.05.12-00.20.56:259][  0]LogPakFile: PakFile PathHashIndexSize=101
[2026.05.12-00.20.56:259][  0]LogPakFile: PakFile FullDirectoryIndexSize=150
[2026.05.12-00.20.56:259][  0]LogShaderLibrary: Display: ShaderCodeLibraryPakFileMountedCallback: PakFile 'C:/Program Files/Epic Games/UE_4.27/FeaturePacks/TP_VehicleAdvBP.upack' (chunk index -1, root 'root:/') mounted
[2026.05.12-00.20.56:259][  0]LogShaderLibrary: Display: ShaderCodeLibraryPakFileMountedCallback: pending pak file info (ChunkID:-1 Root:root:/ File:C:/Program Files/Epic Games/UE_4.27/FeaturePacks/TP_VehicleAdvBP.upack)
[2026.05.12-00.20.56:259][  0]LogPakFile: OnPakFileMounted2Time == 0.000024
[2026.05.12-00.20.56:260][  0]LogPakFile: PakFile PrimaryIndexSize=185
[2026.05.12-00.20.56:260][  0]LogPakFile: PakFile PathHashIndexSize=101
[2026.05.12-00.20.56:260][  0]LogPakFile: PakFile FullDirectoryIndexSize=144
[2026.05.12-00.20.56:260][  0]LogShaderLibrary: Display: ShaderCodeLibraryPakFileMountedCallback: PakFile 'C:/Program Files/Epic Games/UE_4.27/FeaturePacks/TP_VehicleBP.upack' (chunk index -1, root 'root:/') mounted
[2026.05.12-00.20.56:260][  0]LogShaderLibrary: Display: ShaderCodeLibraryPakFileMountedCallback: pending pak file info (ChunkID:-1 Root:root:/ File:C:/Program Files/Epic Games/UE_4.27/FeaturePacks/TP_VehicleBP.upack)
[2026.05.12-00.20.56:260][  0]LogPakFile: OnPakFileMounted2Time == 0.000024
[2026.05.12-00.20.56:260][  0]LogPakFile: PakFile PrimaryIndexSize=192
[2026.05.12-00.20.56:260][  0]LogPakFile: PakFile PathHashIndexSize=101
[2026.05.12-00.20.56:260][  0]LogPakFile: PakFile FullDirectoryIndexSize=158
[2026.05.12-00.20.56:260][  0]LogShaderLibrary: Display: ShaderCodeLibraryPakFileMountedCallback: PakFile 'C:/Program Files/Epic Games/UE_4.27/FeaturePacks/TP_VirtualRealityBP.upack' (chunk index -1, root 'root:/') mounted
[2026.05.12-00.20.56:260][  0]LogShaderLibrary: Display: ShaderCodeLibraryPakFileMountedCallback: pending pak file info (ChunkID:-1 Root:root:/ File:C:/Program Files/Epic Games/UE_4.27/FeaturePacks/TP_VirtualRealityBP.upack)
[2026.05.12-00.20.56:260][  0]LogPakFile: OnPakFileMounted2Time == 0.000024
[2026.05.12-00.20.56:282][  0]LogNativeClassHierarchy: Verbose: Native class hierarchy updated for 'AddContentDialog' in 0.0002 seconds. Added 0 classes and 0 folders.
[2026.05.12-00.20.56:282][  0]LogNativeClassHierarchy: Verbose: Native class hierarchy updated for 'SceneOutliner' in 0.0001 seconds. Added 2 classes and 0 folders.
[2026.05.12-00.20.56:337][  0]LogSlate: Took 0.000129 seconds to synchronously load lazily loaded font '../../../Engine/Content/Slate/Fonts/Roboto-Regular.ttf' (155K)
[2026.05.12-00.20.56:337][  0]LogSlate: Took 0.000077 seconds to synchronously load lazily loaded font '../../../Engine/Content/Editor/Slate/Fonts/FontAwesome.ttf' (139K)
[2026.05.12-00.20.56:338][  0]LogSlate: Took 0.000083 seconds to synchronously load lazily loaded font '../../../Engine/Content/Slate/Fonts/Roboto-Bold.ttf' (160K)
[2026.05.12-00.20.56:386][  0]LogRenderer: Reallocating scene render targets to support 1208x568 Format 10 NumSamples 1 (Frame:1).
[2026.05.12-00.20.56:451][  0]LogNativeClassHierarchy: Verbose: Native class hierarchy updated for 'HierarchicalLODOutliner' in 0.0002 seconds. Added 0 classes and 0 folders.
[2026.05.12-00.20.56:451][  0]LogLoad: (Engine Initialization) Total time: 5.73 seconds
[2026.05.12-00.20.56:451][  0]LogLoad: (Engine Initialization) Total Blueprint compile time: 0.00 seconds
[2026.05.12-00.20.56:489][  0]LogAssetRegistry: Asset discovery search completed in 3.0833 seconds
[2026.05.12-00.20.56:493][  0]LogCollectionManager: Fixed up redirectors for 0 collections in 0.000004 seconds (updated 0 objects)
[2026.05.12-00.20.56:494][  0]LogContentStreaming: Texture pool size now 1000 MB
[2026.05.12-00.20.57:140][  2]LogSlate: Took 0.000365 seconds to synchronously load lazily loaded font '../../../Engine/Content/Slate/Fonts/Roboto-Light.ttf' (167K)
[2026.05.12-00.20.57:807][  4]LogSlate: Took 0.000163 seconds to synchronously load lazily loaded font '../../../Engine/Content/Slate/Fonts/Roboto-Light.ttf' (167K)
[2026.05.12-00.22.20:588][800]LogAssetEditorSubsystem: Opening Asset editor for AnimBlueprint /Game/AdvancedLocomotionV4/Blueprints/CharacterLogic/ALS_AnimBP.ALS_AnimBP
[2026.05.12-00.22.20:602][800]LogNativeClassHierarchy: Verbose: Native class hierarchy updated for 'SkeletonEditor' in 0.0002 seconds. Added 1 classes and 2 folders.
[2026.05.12-00.22.20:610][800]LogTexture: Default maximum texture size for cubemaps generated from long-lat sources has been changed from 512 to unlimited. In order to preserve old behaiour for '/Engine/EditorMaterials/AssetViewer/EpicQuadPanorama_CC+EV1.EpicQuadPanorama_CC+EV1', its maximum texture size has been explicitly set to 512.
[2026.05.12-00.22.20:685][800]LogTexture: Default maximum texture size for cubemaps generated from long-lat sources has been changed from 512 to unlimited. In order to preserve old behaiour for '/Engine/MapTemplates/Sky/SunsetAmbientCubemap.SunsetAmbientCubemap', its maximum texture size has been explicitly set to 512.
[2026.05.12-00.22.20:749][800]LogActorComponent: RegisterComponentWithWorld: (/Engine/Transient.World_1:PersistentLevel.AnimationEditorPreviewActor_0.DebugSkelMeshComponent_0) Already registered. Aborting.
[2026.05.12-00.22.20:752][800]LogNativeClassHierarchy: Verbose: Native class hierarchy updated for 'PinnedCommandList' in 0.0002 seconds. Added 1 classes and 0 folders.
[2026.05.12-00.22.21:304][800]LogNativeClassHierarchy: Verbose: Native class hierarchy updated for 'BlueprintGraph' in 0.0003 seconds. Added 126 classes and 0 folders.
[2026.05.12-00.22.21:995][800]LogSlate: Took 0.005433 seconds to synchronously load lazily loaded font '../../../Engine/Content/Slate/Fonts/Roboto-BoldCondensed.ttf' (158K)
[2026.05.12-00.22.22:078][800]LogSlate: Took 0.005035 seconds to synchronously load lazily loaded font '../../../Engine/Content/Slate/Fonts/DroidSansMono.ttf' (77K)
[2026.05.12-00.22.22:082][800]LogContentBrowser: Verbose: The majority of assets in the view are of type: AnimSequence
[2026.05.12-00.22.22:097][801]LogAudio: Display: Cached duration for Sound Cue SoundCue /Game/AdvancedLocomotionV4/Audio/Footsteps/Footstep_Cue.Footstep_Cue was zero and has changed. Consider manually Re-saving the asset
[2026.05.12-00.22.22:105][801]LogSlate: Took 0.000112 seconds to synchronously load lazily loaded font '../../../Engine/Content/Slate/Fonts/Roboto-Italic.ttf' (157K)
[2026.05.12-00.22.23:709][981]LogAssetEditorSubsystem: Opening Asset editor for AnimMontage /Game/AdvancedLocomotionV4/CharacterAssets/MannequinSkeleton/AnimationExamples/Actions/ALS_CLF_GetUp_Back_Montage_2H.ALS_CLF_GetUp_Back_Montage_2H
[2026.05.12-00.22.23:718][981]LogActorComponent: RegisterComponentWithWorld: (/Engine/Transient.World_8:PersistentLevel.AnimationEditorPreviewActor_0.DebugSkelMeshComponent_0) Already registered. Aborting.
[2026.05.12-00.22.28:703][430]LogContentBrowser: Verbose: The majority of assets in the view are of type: AnimSequence
[2026.05.12-00.22.49:590][207]LogSlate: Window 'ALS_CLF_GetUp_Back_Montage_2H' being destroyed
[2026.05.12-00.22.49:627][207]LogWorld: UWorld::CleanupWorld for World_8, bSessionEnded=true, bCleanupResources=true
[2026.05.12-00.22.49:627][207]LogSlate: InvalidateAllWidgets triggered.  All widgets were invalidated
[2026.05.12-00.22.49:706][207]LogWorld: UWorld::CleanupWorld for World_9, bSessionEnded=true, bCleanupResources=true
[2026.05.12-00.22.49:706][207]LogSlate: InvalidateAllWidgets triggered.  All widgets were invalidated
[2026.05.12-00.22.52:786][565]LogWorld: UWorld::CleanupWorld for World_1, bSessionEnded=true, bCleanupResources=true
[2026.05.12-00.22.52:786][565]LogSlate: InvalidateAllWidgets triggered.  All widgets were invalidated
[2026.05.12-00.22.52:826][565]LogWorld: UWorld::CleanupWorld for World_0, bSessionEnded=true, bCleanupResources=true
[2026.05.12-00.22.52:826][565]LogSlate: InvalidateAllWidgets triggered.  All widgets were invalidated
[2026.05.12-00.22.52:876][565]LogWorld: UWorld::CleanupWorld for World_2, bSessionEnded=true, bCleanupResources=true
[2026.05.12-00.22.52:876][565]LogSlate: InvalidateAllWidgets triggered.  All widgets were invalidated
[2026.05.12-00.22.58:079][172]LogAssetEditorSubsystem: Opening Asset editor for Blueprint /Game/AdvancedLocomotionV4/Blueprints/CharacterLogic/ALS_AnimMain_CharacterBP.ALS_AnimMain_CharacterBP
[2026.05.12-00.22.58:483][186]LogBlueprintUserMessages: [ALS_AnimBP_C_0] Hello
[2026.05.12-00.22.58:483][186]LogBlueprintUserMessages: [CustomNotify_C_0] CustomNotify
[2026.05.12-00.22.59:613][319]LogBlueprintUserMessages: [ALS_AnimBP_C_0] Hello
[2026.05.12-00.22.59:613][319]LogBlueprintUserMessages: [CustomNotify_C_0] CustomNotify
[2026.05.12-00.22.59:970][361]LogWorld: UWorld::CleanupWorld for World_11, bSessionEnded=true, bCleanupResources=true
[2026.05.12-00.22.59:970][361]LogSlate: InvalidateAllWidgets triggered.  All widgets were invalidated
[2026.05.12-00.23.00:005][361]LogAssetEditorSubsystem: Opening Asset editor for Blueprint /Game/AdvancedLocomotionV4/Blueprints/CharacterLogic/ALS_AnimMain_CharacterBP.ALS_AnimMain_CharacterBP
[2026.05.12-00.23.00:394][386]LogBlueprintUserMessages: [ALS_AnimBP_C_0] Hello
[2026.05.12-00.23.00:394][386]LogBlueprintUserMessages: [CustomNotify_C_0] CustomNotify
[2026.05.12-00.23.01:543][523]LogRenderer: Reallocating scene render targets to support 1208x704 Format 10 NumSamples 1 (Frame:1).
[2026.05.12-00.23.02:036][582]LogBlueprintUserMessages: [ALS_AnimBP_C_0] Hello
[2026.05.12-00.23.02:046][583]LogBlueprintUserMessages: [CustomNotify_C_0] CustomNotify
[2026.05.12-00.23.05:794][ 27]LogWorld: UWorld::CleanupWorld for World_14, bSessionEnded=true, bCleanupResources=true
[2026.05.12-00.23.05:794][ 27]LogSlate: InvalidateAllWidgets triggered.  All widgets were invalidated
[2026.05.12-00.23.08:220][306]LogAssetEditorSubsystem: Opening Asset editor for AimOffsetBlendSpace /Game/AdvancedLocomotionV4/Blueprints/CharacterLogic/Aim_Offset.Aim_Offset
[2026.05.12-00.23.08:223][306]LogActorComponent: RegisterComponentWithWorld: (/Engine/Transient.World_15:PersistentLevel.AnimationEditorPreviewActor_0.DebugSkelMeshComponent_0) Already registered. Aborting.
[2026.05.12-00.23.08:370][306]LogContentBrowser: Verbose: The majority of assets in the view are of type: AnimSequence
[2026.05.12-00.24.52:480][217]LogAssetEditorSubsystem: Opening Asset editor for Skeleton /Game/AdvancedLocomotionV4/CharacterAssets/MannequinSkeleton/ALS_Mannequin_Skeleton.ALS_Mannequin_Skeleton
[2026.05.12-00.24.52:483][217]LogActorComponent: RegisterComponentWithWorld: (/Engine/Transient.World_17:PersistentLevel.AnimationEditorPreviewActor_0.DebugSkelMeshComponent_0) Already registered. Aborting.
[2026.05.12-00.24.52:616][218]LogRenderer: Reallocating scene render targets to support 1208x876 Format 10 NumSamples 1 (Frame:1).
[2026.05.12-00.25.07:799][488]LogAssetEditorSubsystem: Opening Asset editor for AnimMontage /Game/AdvancedLocomotionV4/CharacterAssets/MannequinSkeleton/AnimationExamples/Actions/ALS_CLF_GetUp_Back_Montage_LH.ALS_CLF_GetUp_Back_Montage_LH
[2026.05.12-00.30.56:841][367]LogUObjectHash: Compacting FUObjectHashTables data took   2.49ms
[2026.05.12-00.30.56:849][367]LogFileHelpers: Editor autosave (incl. external actors) for '/Game/ThirdPersonBP/Maps/ThirdPersonExampleMap' took 0.067
[2026.05.12-00.30.56:851][367]OBJ SavePackage: Generating thumbnails for [1] asset(s) in package [/Game/AdvancedLocomotionV4/CharacterAssets/MannequinSkeleton/AnimationExamples/Actions/ALS_CLF_GetUp_Back_Montage_LH] ([1] browsable assets)...
[2026.05.12-00.30.56:859][367]OBJ SavePackage:     Rendered thumbnail for [AnimMontage /Game/AdvancedLocomotionV4/CharacterAssets/MannequinSkeleton/AnimationExamples/Actions/ALS_CLF_GetUp_Back_Montage_LH.ALS_CLF_GetUp_Back_Montage_LH]
[2026.05.12-00.30.56:859][367]OBJ SavePackage: Finished generating thumbnails for package [/Game/AdvancedLocomotionV4/CharacterAssets/MannequinSkeleton/AnimationExamples/Actions/ALS_CLF_GetUp_Back_Montage_LH]
[2026.05.12-00.30.56:869][367]LogSavePackage: Moving '../../../../../../UEProject/UnrealLearn/ALSV4/Saved/ALS_CLF_GetUp_Back_Montage_LH_Au041C496149AF21A9FF4A1FBEBCC48ACD.tmp' to '../../../../../../UEProject/UnrealLearn/ALSV4/Saved/Autosaves/Game/AdvancedLocomotionV4/CharacterAssets/MannequinSkeleton/AnimationExamples/Actions/ALS_CLF_GetUp_Back_Montage_LH_Auto1.uasset'
[2026.05.12-00.30.56:870][367]LogFileHelpers: Auto-saving content packages took 0.021
[2026.05.12-00.36.08:556][ 25]LogWorld: UWorld::CleanupWorld for World_15, bSessionEnded=true, bCleanupResources=true
[2026.05.12-00.36.08:556][ 25]LogSlate: InvalidateAllWidgets triggered.  All widgets were invalidated
[2026.05.12-00.36.08:646][ 25]LogWorld: UWorld::CleanupWorld for World_16, bSessionEnded=true, bCleanupResources=true
[2026.05.12-00.36.08:646][ 25]LogSlate: InvalidateAllWidgets triggered.  All widgets were invalidated
[2026.05.12-00.36.08:856][ 44]LogWorld: UWorld::CleanupWorld for World_17, bSessionEnded=true, bCleanupResources=true
[2026.05.12-00.36.08:856][ 44]LogSlate: InvalidateAllWidgets triggered.  All widgets were invalidated
[2026.05.12-00.36.12:776][493]LogAssetEditorSubsystem: Opening Asset editor for AnimBlueprint /Game/AdvancedLocomotionV4/Blueprints/CharacterLogic/ALS_AnimBP.ALS_AnimBP
[2026.05.12-00.36.12:780][493]LogActorComponent: RegisterComponentWithWorld: (/Engine/Transient.World_19:PersistentLevel.AnimationEditorPreviewActor_0.DebugSkelMeshComponent_0) Already registered. Aborting.
[2026.05.12-00.36.13:079][493]LogContentBrowser: Verbose: The majority of assets in the view are of type: AnimSequence
[2026.05.12-00.36.15:858][822]LogAssetEditorSubsystem: Opening Asset editor for BlendSpace /Game/AdvancedLocomotionV4/CharacterAssets/MannequinSkeleton/AnimationExamples/Base/Locomotion/ALS_N_WalkRun_BL.ALS_N_WalkRun_BL
[2026.05.12-00.36.15:860][822]LogActorComponent: RegisterComponentWithWorld: (/Engine/Transient.World_21:PersistentLevel.AnimationEditorPreviewActor_0.DebugSkelMeshComponent_0) Already registered. Aborting.
[2026.05.12-00.36.16:006][822]LogContentBrowser: Verbose: The majority of assets in the view are of type: AnimSequence
[2026.05.12-00.36.30:807][563]LogAssetEditorSubsystem: Opening Asset editor for Skeleton /Game/AdvancedLocomotionV4/CharacterAssets/MannequinSkeleton/ALS_Mannequin_Skeleton.ALS_Mannequin_Skeleton
[2026.05.12-00.36.30:809][563]LogActorComponent: RegisterComponentWithWorld: (/Engine/Transient.World_23:PersistentLevel.AnimationEditorPreviewActor_0.DebugSkelMeshComponent_0) Already registered. Aborting.
[2026.05.12-00.36.41:514][824]LogAssetEditorSubsystem: Opening Asset editor for SkeletalMesh /Game/AdvancedLocomotionV4/CharacterAssets/MannequinSkeleton/Meshes/AnimMan.AnimMan
[2026.05.12-00.36.41:517][824]LogActorComponent: RegisterComponentWithWorld: (/Engine/Transient.World_24:PersistentLevel.AnimationEditorPreviewActor_0.DebugSkelMeshComponent_0) Already registered. Aborting.
[2026.05.12-00.36.44:374][142]LogUObjectGlobals: Warning: Failed to find object 'Class None.ControlRigBlueprint'
[2026.05.12-00.37.51:677][793]LogSlate: Window 'Animation Notifies' being destroyed
[2026.05.12-00.37.51:682][793]LogSlate: Window 'Animation Notifies' being destroyed
[2026.05.12-00.37.58:204][560]LogSlate: Window 'Animation Data Modifiers' being destroyed
[2026.05.12-00.37.58:209][560]LogSlate: Window 'Animation Data Modifiers' being destroyed
[2026.05.12-01.05.38:127][665]LogWindows: LaunchURL https://docs.unrealengine.com/4.27/en//Engine/Animation/Sequences/index.html?utm_source=editor&utm_medium=docs&utm_campaign=doc_anchors
[2026.05.12-01.10.28:894][324]LogUObjectHash: Compacting FUObjectHashTables data took   4.32ms
[2026.05.12-01.10.28:900][324]LogFileHelpers: Editor autosave (incl. external actors) for '/Game/ThirdPersonBP/Maps/ThirdPersonExampleMap' took 0.080
[2026.05.12-01.10.28:901][324]OBJ SavePackage: Generating thumbnails for [0] asset(s) in package [/Game/AdvancedLocomotionV4/CharacterAssets/MannequinSkeleton/ALS_Mannequin_Skeleton] ([1] browsable assets)...
[2026.05.12-01.10.28:901][324]OBJ SavePackage: Finished generating thumbnails for package [/Game/AdvancedLocomotionV4/CharacterAssets/MannequinSkeleton/ALS_Mannequin_Skeleton]
[2026.05.12-01.10.28:904][324]LogSavePackage: Moving '../../../../../../UEProject/UnrealLearn/ALSV4/Saved/ALS_Mannequin_Skeleton_Auto21DE5441A4BD216734DFB34AA19F941F7.tmp' to '../../../../../../UEProject/UnrealLearn/ALSV4/Saved/Autosaves/Game/AdvancedLocomotionV4/CharacterAssets/MannequinSkeleton/ALS_Mannequin_Skeleton_Auto2.uasset'
[2026.05.12-01.10.28:906][324]LogFileHelpers: Auto-saving content packages took 0.005
[2026.05.12-01.12.50:386][103]LogAssetEditorSubsystem: Opening Asset editor for Material /Game/AdvancedLocomotionV4/CharacterAssets/MannequinSkeleton/Materials/M_AnimMan_Red.M_AnimMan_Red
[2026.05.12-01.12.50:390][103]LogMaterial: Display: Missing cached shadermap for M_AnimMan_Red in PCD3D_SM5, Default, SM5 (DDC key hash: D80D46FF5C661148BDD060644D58E5DC77D79C56), compiling. 
[2026.05.12-01.12.50:418][103]LogShaderCompilers: Display: Submitted 20 shader compile jobs with 'Normal' priority
[2026.05.12-01.12.50:479][103]LogMaterial: Display: Missing cached shadermap for M_AnimMan_Red in PCD3D_SM5, Default, SM5 (DDC key hash: FFE631EB6A1FFD3CC06FE2926A517483C3940BBD), compiling. 
[2026.05.12-01.12.50:482][103]LogMaterial: Display: Missing cached shadermap for M_AnimMan_Red in PCD3D_SM5, Default, SM5 (DDC key hash: 95DBD2D635FCC453933031948F1019FF6F9FAC29), compiling. 
[2026.05.12-01.12.50:484][103]LogMaterial: Display: Missing cached shadermap for FMatExpressionPreview MaterialExpressionVectorParameter_0 in PCD3D_SM5, Default, SM5 (DDC key hash: 915F65BEBB331BE5E7087B75A43E5BE507A023DD), compiling. 
[2026.05.12-01.12.50:485][103]LogMaterial: Display: Missing cached shadermap for FMatExpressionPreview MaterialExpressionConstant3Vector_0 in PCD3D_SM5, Default, SM5 (DDC key hash: E7DA3E5250B2DF8CEF69C8CDCBB9073D3352C246), compiling. 
[2026.05.12-01.12.50:502][103]MaterialEditorStats: Texture samplers: 0/16
[2026.05.12-01.12.50:574][104]LogShaderCompilers: Display: Submitted 2 shader compile jobs with 'ForceLocal' priority
[2026.05.12-01.12.50:574][104]LogShaderCompilers: Display: Worker (1/21): shaders left to compile 2
[2026.05.12-01.12.50:574][104]LogShaderCompilers: Display: Worker (2/21): shaders left to compile 1
[2026.05.12-01.12.50:574][104]LogShaderCompilers: Display: Started 2 'Local' shader compile jobs with 'ForceLocal' priority
[2026.05.12-01.12.50:574][104]LogShaderCompilers: Display: Submitted 18 shader compile jobs with 'Normal' priority
[2026.05.12-01.12.50:574][104]LogShaderCompilers: Display: Worker (3/21): shaders left to compile 18
[2026.05.12-01.12.50:574][104]LogShaderCompilers: Display: Worker (4/21): shaders left to compile 17
[2026.05.12-01.12.50:574][104]LogShaderCompilers: Display: Worker (5/21): shaders left to compile 16
[2026.05.12-01.12.50:574][104]LogShaderCompilers: Display: Worker (6/21): shaders left to compile 15
[2026.05.12-01.12.50:574][104]LogShaderCompilers: Display: Worker (7/21): shaders left to compile 14
[2026.05.12-01.12.50:574][104]LogShaderCompilers: Display: Worker (8/21): shaders left to compile 13
[2026.05.12-01.12.50:574][104]LogShaderCompilers: Display: Worker (9/21): shaders left to compile 12
[2026.05.12-01.12.50:574][104]LogShaderCompilers: Display: Worker (10/21): shaders left to compile 11
[2026.05.12-01.12.50:574][104]LogShaderCompilers: Display: Worker (11/21): shaders left to compile 10
[2026.05.12-01.12.50:574][104]LogShaderCompilers: Display: Worker (12/21): shaders left to compile 9
[2026.05.12-01.12.50:574][104]LogShaderCompilers: Display: Worker (13/21): shaders left to compile 8
[2026.05.12-01.12.50:574][104]LogShaderCompilers: Display: Worker (14/21): shaders left to compile 7
[2026.05.12-01.12.50:574][104]LogShaderCompilers: Display: Worker (15/21): shaders left to compile 6
[2026.05.12-01.12.50:574][104]LogShaderCompilers: Display: Worker (16/21): shaders left to compile 5
[2026.05.12-01.12.50:574][104]LogShaderCompilers: Display: Worker (17/21): shaders left to compile 4
[2026.05.12-01.12.50:574][104]LogShaderCompilers: Display: Worker (18/21): shaders left to compile 3
[2026.05.12-01.12.50:574][104]LogShaderCompilers: Display: Worker (19/21): shaders left to compile 2
[2026.05.12-01.12.50:574][104]LogShaderCompilers: Display: Worker (20/21): shaders left to compile 1
[2026.05.12-01.12.50:574][104]LogShaderCompilers: Display: Started 18 'Local' shader compile jobs with 'Normal' priority
[2026.05.12-01.12.50:638][109]LogShaderCompilers: Display: Submitted 2 shader compile jobs with 'ForceLocal' priority
[2026.05.12-01.12.50:676][113]LogShaderCompilers: Display: Submitted 2 shader compile jobs with 'ForceLocal' priority
[2026.05.12-01.12.51:426][163]LogShaderCompilers: Display: Worker (11/21): shaders left to compile 4
[2026.05.12-01.12.51:426][163]LogShaderCompilers: Display: Worker (12/21): shaders left to compile 3
[2026.05.12-01.12.51:426][163]LogShaderCompilers: Display: Started 2 'Local' shader compile jobs with 'ForceLocal' priority
[2026.05.12-01.12.51:437][163]LogShaderCompilers: Display: === FShaderJobCache stats ===
[2026.05.12-01.12.51:437][163]LogShaderCompilers: Display: Total job queries 44, among them cache hits 0 (0.00%)
[2026.05.12-01.12.51:437][163]LogShaderCompilers: Display: Tracking 2 distinct input hashes that result in 2 distinct outputs (100.00%)
[2026.05.12-01.12.51:437][163]LogShaderCompilers: Display: RAM used: 0.01 MB (0.00 GB) of 716.80 MB (0.70 GB) budget. Usage: 0.00%
[2026.05.12-01.12.51:437][163]LogShaderCompilers: Display: ================================================
[2026.05.12-01.12.51:492][166]LogShaderCompilers: Display: Worker (3/21): shaders left to compile 2
[2026.05.12-01.12.51:493][166]LogShaderCompilers: Display: Worker (15/21): shaders left to compile 1
[2026.05.12-01.12.51:493][166]LogShaderCompilers: Display: Started 2 'Local' shader compile jobs with 'ForceLocal' priority
[2026.05.12-01.12.51:646][172]MaterialEditorStats: Texture samplers: 2/16
[2026.05.12-01.12.51:973][198]MaterialEditorStats: Base pass shader: 120 instructions
[2026.05.12-01.12.51:973][198]MaterialEditorStats: Base pass shader with Volumetric Lightmap: 194 instructions
[2026.05.12-01.12.51:973][198]MaterialEditorStats: Base pass vertex shader: 42 instructions
[2026.05.12-01.12.51:973][198]MaterialEditorStats: Base pass vertex shader: 96 instructions
[2026.05.12-01.12.51:973][198]MaterialEditorStats: Texture samplers: 2/16
[2026.05.12-01.12.55:350][601]LogWorld: UWorld::CleanupWorld for World_27, bSessionEnded=true, bCleanupResources=true
[2026.05.12-01.12.55:350][601]LogSlate: InvalidateAllWidgets triggered.  All widgets were invalidated
[2026.05.12-01.24.41:581][859]BlueprintLog: New page: Compile ALS_AnimBP
[2026.05.12-01.24.41:631][859]LogUObjectHash: Compacting FUObjectHashTables data took   1.75ms
[2026.05.12-01.24.45:153][268]LogTemp: Repeating last play command: Selected Viewport
[2026.05.12-01.24.45:161][268]LogPlayLevel: PlayLevel: No blueprints needed recompiling
[2026.05.12-01.24.45:166][268]PIE: New page: PIE session: ThirdPersonExampleMap (May 12, 2026, 7:24:45 PM)
[2026.05.12-01.24.45:213][268]LogOnline: OSS: Creating online subsystem instance for: NULL
[2026.05.12-01.24.45:214][268]LogOnline: OSS: TryLoadSubsystemAndSetDefault: Loaded subsystem for module [NULL]
[2026.05.12-01.24.45:215][268]LogPlayLevel: Creating play world package: /Game/ThirdPersonBP/Maps/UEDPIE_0_ThirdPersonExampleMap
[2026.05.12-01.24.45:234][268]LogPlayLevel: PIE: StaticDuplicateObject took: (0.019515s)
[2026.05.12-01.24.45:236][268]LogAIModule: Creating AISystem for world ThirdPersonExampleMap
[2026.05.12-01.24.45:237][268]LogPlayLevel: PIE: World Init took: (0.001709s)
[2026.05.12-01.24.45:237][268]LogPlayLevel: PIE: Created PIE world by copying editor world from /Game/ThirdPersonBP/Maps/ThirdPersonExampleMap.ThirdPersonExampleMap to /Game/ThirdPersonBP/Maps/UEDPIE_0_ThirdPersonExampleMap.ThirdPersonExampleMap (0.021594s)
[2026.05.12-01.24.45:250][268]LogUObjectHash: Compacting FUObjectHashTables data took   1.70ms
[2026.05.12-01.24.45:252][268]LogAudio: Display: Creating Audio Device:                 Id: 2, Scope: Unique, Realtime: True
[2026.05.12-01.24.45:252][268]LogAudioMixer: Display: Audio Mixer Platform Settings:
[2026.05.12-01.24.45:252][268]LogAudioMixer: Display: 	Sample Rate:						  48000
[2026.05.12-01.24.45:252][268]LogAudioMixer: Display: 	Callback Buffer Frame Size Requested: 1024
[2026.05.12-01.24.45:252][268]LogAudioMixer: Display: 	Callback Buffer Frame Size To Use:	  1024
[2026.05.12-01.24.45:252][268]LogAudioMixer: Display: 	Number of buffers to queue:			  2
[2026.05.12-01.24.45:252][268]LogAudioMixer: Display: 	Max Channels (voices):				  32
[2026.05.12-01.24.45:252][268]LogAudioMixer: Display: 	Number of Async Source Workers:		  0
[2026.05.12-01.24.45:252][268]LogAudio: Display: AudioDevice MaxSources: 32
[2026.05.12-01.24.45:252][268]LogAudio: Display: Audio Spatialization Plugin: None (built-in).
[2026.05.12-01.24.45:252][268]LogAudio: Display: Audio Reverb Plugin: None (built-in).
[2026.05.12-01.24.45:252][268]LogAudio: Display: Audio Occlusion Plugin: None (built-in).
[2026.05.12-01.24.45:252][268]LogAudioMixer: Display: Initializing audio mixer.
[2026.05.12-01.24.45:256][268]LogAudioMixer: Display: 0: FrontLeft
[2026.05.12-01.24.45:256][268]LogAudioMixer: Display: 1: FrontRight
[2026.05.12-01.24.45:261][268]LogAudioMixer: Display: Using Audio Device Headphones (WF-1000XM4)
[2026.05.12-01.24.45:262][268]LogAudioMixer: Display: Initializing Sound Submixes...
[2026.05.12-01.24.45:262][268]LogAudioMixer: Display: Creating Master Submix 'MasterSubmixDefault'
[2026.05.12-01.24.45:262][268]LogAudioMixer: Display: Creating Master Submix 'MasterReverbSubmixDefault'
[2026.05.12-01.24.45:262][268]LogAudioMixer: Display: Creating Master Submix 'MasterEQSubmixDefault'
[2026.05.12-01.24.45:262][268]LogAudioMixer: FMixerPlatformXAudio2::StartAudioStream() called
[2026.05.12-01.24.45:262][268]LogAudioMixer: Display: Output buffers initialized: Frames=1024, Channels=2, Samples=2048
[2026.05.12-01.24.45:263][268]LogAudioMixer: Display: Starting AudioMixerPlatformInterface::RunInternal()
[2026.05.12-01.24.45:263][268]LogAudioMixer: Display: FMixerPlatformXAudio2::SubmitBuffer() called for the first time
[2026.05.12-01.24.45:263][268]LogInit: FAudioDevice initialized.
[2026.05.12-01.24.45:263][268]LogAudio: Display: Audio Device (ID: 2) registered with world 'ThirdPersonExampleMap'.
[2026.05.12-01.24.45:288][268]LogSlate: Updating window title bar state: overlay mode, drag disabled, window buttons hidden, title bar hidden
[2026.05.12-01.24.45:292][268]LogLoad: Game class is 'ALS_GameMode_C'
[2026.05.12-01.24.45:293][268]LogWorld: Bringing World /Game/ThirdPersonBP/Maps/UEDPIE_0_ThirdPersonExampleMap.ThirdPersonExampleMap up for play (max tick rate 0) at 2026.05.12-10.24.45
[2026.05.12-01.24.45:294][268]LogWorld: Bringing up level for play took: 0.001630
[2026.05.12-01.24.45:295][268]LogOnline: OSS: Creating online subsystem instance for: :Context_29
[2026.05.12-01.24.45:307][268]LogNativeClassHierarchy: Verbose: Native class hierarchy updated for 'MovieSceneCapture' in 0.0011 seconds. Added 20 classes and 0 folders.
[2026.05.12-01.24.45:316][268]PIE: Server logged in
[2026.05.12-01.24.45:316][268]PIE: Play in editor total start time 0.158 seconds.
[2026.05.12-01.24.45:360][269]LogRenderer: Reallocating scene render targets to support 1280x876 Format 10 NumSamples 1 (Frame:1).
[2026.05.12-01.24.45:653][270]LogBlueprintUserMessages: [ALS_AnimBP_C_0] Hello
[2026.05.12-01.24.45:653][270]LogBlueprintUserMessages: [CustomNotify_C_0] CustomNotify
[2026.05.12-01.24.46:704][382]LogBlueprintUserMessages: [ALS_AnimBP_C_0] Hello
[2026.05.12-01.24.46:712][383]LogBlueprintUserMessages: [CustomNotify_C_0] CustomNotify
[2026.05.12-01.24.47:235][437]LogSlate: Updating window title bar state: overlay mode, drag disabled, window buttons hidden, title bar hidden
[2026.05.12-01.24.47:235][437]LogWorld: BeginTearingDown for /Game/ThirdPersonBP/Maps/UEDPIE_0_ThirdPersonExampleMap
[2026.05.12-01.24.47:236][437]LogSlate: Window 'ALSV4 Preview [NetMode: Standalone]  (64-bit/Windows) ' being destroyed
[2026.05.12-01.24.47:241][437]LogWorld: UWorld::CleanupWorld for ThirdPersonExampleMap, bSessionEnded=true, bCleanupResources=true
[2026.05.12-01.24.47:242][437]LogSlate: InvalidateAllWidgets triggered.  All widgets were invalidated
[2026.05.12-01.24.47:251][437]LogPlayLevel: Display: Shutting down PIE online subsystems
[2026.05.12-01.24.47:254][437]LogSlate: InvalidateAllWidgets triggered.  All widgets were invalidated
[2026.05.12-01.24.47:273][437]LogAudio: Display: Audio Device unregistered from world 'None'.
[2026.05.12-01.24.47:279][437]LogAudioMixer: FMixerPlatformXAudio2::StopAudioStream() called
[2026.05.12-01.24.47:281][437]LogAudioMixer: FMixerPlatformXAudio2::StopAudioStream() called
[2026.05.12-01.24.47:332][437]LogUObjectHash: Compacting FUObjectHashTables data took   2.52ms
[2026.05.12-01.24.47:354][438]LogPlayLevel: Display: Destroying online subsystem :Context_29
[2026.05.12-01.24.49:091][634]LogTemp: Repeating last play command: Selected Viewport
[2026.05.12-01.24.49:095][634]LogPlayLevel: PlayLevel: No blueprints needed recompiling
[2026.05.12-01.24.49:096][634]PIE: New page: PIE session: ThirdPersonExampleMap (May 12, 2026, 7:24:49 PM)
[2026.05.12-01.24.49:116][634]LogPlayLevel: Creating play world package: /Game/ThirdPersonBP/Maps/UEDPIE_0_ThirdPersonExampleMap
[2026.05.12-01.24.49:125][634]LogPlayLevel: PIE: StaticDuplicateObject took: (0.010060s)
[2026.05.12-01.24.49:126][634]LogAIModule: Creating AISystem for world ThirdPersonExampleMap
[2026.05.12-01.24.49:135][634]LogPlayLevel: PIE: World Init took: (0.009289s)
[2026.05.12-01.24.49:135][634]LogPlayLevel: PIE: Created PIE world by copying editor world from /Game/ThirdPersonBP/Maps/ThirdPersonExampleMap.ThirdPersonExampleMap to /Game/ThirdPersonBP/Maps/UEDPIE_0_ThirdPersonExampleMap.ThirdPersonExampleMap (0.019545s)
[2026.05.12-01.24.49:152][634]LogUObjectHash: Compacting FUObjectHashTables data took   1.73ms
[2026.05.12-01.24.49:154][634]LogAudio: Display: Creating Audio Device:                 Id: 3, Scope: Unique, Realtime: True
[2026.05.12-01.24.49:154][634]LogAudioMixer: Display: Audio Mixer Platform Settings:
[2026.05.12-01.24.49:154][634]LogAudioMixer: Display: 	Sample Rate:						  48000
[2026.05.12-01.24.49:154][634]LogAudioMixer: Display: 	Callback Buffer Frame Size Requested: 1024
[2026.05.12-01.24.49:154][634]LogAudioMixer: Display: 	Callback Buffer Frame Size To Use:	  1024
[2026.05.12-01.24.49:154][634]LogAudioMixer: Display: 	Number of buffers to queue:			  2
[2026.05.12-01.24.49:154][634]LogAudioMixer: Display: 	Max Channels (voices):				  32
[2026.05.12-01.24.49:154][634]LogAudioMixer: Display: 	Number of Async Source Workers:		  0
[2026.05.12-01.24.49:154][634]LogAudio: Display: AudioDevice MaxSources: 32
[2026.05.12-01.24.49:155][634]LogAudio: Display: Audio Spatialization Plugin: None (built-in).
[2026.05.12-01.24.49:155][634]LogAudio: Display: Audio Reverb Plugin: None (built-in).
[2026.05.12-01.24.49:155][634]LogAudio: Display: Audio Occlusion Plugin: None (built-in).
[2026.05.12-01.24.49:155][634]LogAudioMixer: Display: Initializing audio mixer.
[2026.05.12-01.24.49:158][634]LogAudioMixer: Display: 0: FrontLeft
[2026.05.12-01.24.49:158][634]LogAudioMixer: Display: 1: FrontRight
[2026.05.12-01.24.49:162][634]LogAudioMixer: Display: Using Audio Device Headphones (WF-1000XM4)
[2026.05.12-01.24.49:162][634]LogAudioMixer: Display: Initializing Sound Submixes...
[2026.05.12-01.24.49:162][634]LogAudioMixer: Display: Creating Master Submix 'MasterSubmixDefault'
[2026.05.12-01.24.49:162][634]LogAudioMixer: Display: Creating Master Submix 'MasterReverbSubmixDefault'
[2026.05.12-01.24.49:162][634]LogAudioMixer: Display: Creating Master Submix 'MasterEQSubmixDefault'
[2026.05.12-01.24.49:162][634]LogAudioMixer: FMixerPlatformXAudio2::StartAudioStream() called
[2026.05.12-01.24.49:162][634]LogAudioMixer: Display: Output buffers initialized: Frames=1024, Channels=2, Samples=2048
[2026.05.12-01.24.49:163][634]LogAudioMixer: Display: Starting AudioMixerPlatformInterface::RunInternal()
[2026.05.12-01.24.49:163][634]LogAudioMixer: Display: FMixerPlatformXAudio2::SubmitBuffer() called for the first time
[2026.05.12-01.24.49:163][634]LogInit: FAudioDevice initialized.
[2026.05.12-01.24.49:163][634]LogAudio: Display: Audio Device (ID: 3) registered with world 'ThirdPersonExampleMap'.
[2026.05.12-01.24.49:173][634]LogLoad: Game class is 'ALS_GameMode_C'
[2026.05.12-01.24.49:174][634]LogWorld: Bringing World /Game/ThirdPersonBP/Maps/UEDPIE_0_ThirdPersonExampleMap.ThirdPersonExampleMap up for play (max tick rate 0) at 2026.05.12-10.24.49
[2026.05.12-01.24.49:174][634]LogWorld: Bringing up level for play took: 0.000542
[2026.05.12-01.24.49:174][634]LogOnline: OSS: Creating online subsystem instance for: :Context_30
[2026.05.12-01.24.49:177][634]PIE: Server logged in
[2026.05.12-01.24.49:178][634]PIE: Play in editor total start time 0.083 seconds.
[2026.05.12-01.24.49:518][672]LogBlueprintUserMessages: [ALS_AnimBP_C_0] Hello
[2026.05.12-01.24.49:526][673]LogBlueprintUserMessages: [CustomNotify_C_0] CustomNotify
[2026.05.12-01.24.50:651][808]LogBlueprintUserMessages: [ALS_AnimBP_C_0] Hello
[2026.05.12-01.24.50:659][809]LogBlueprintUserMessages: [CustomNotify_C_0] CustomNotify
[2026.05.12-01.24.51:784][944]LogBlueprintUserMessages: [ALS_AnimBP_C_0] Hello
[2026.05.12-01.24.51:792][945]LogBlueprintUserMessages: [CustomNotify_C_0] CustomNotify
[2026.05.12-01.24.52:436][ 17]LogSlate: Updating window title bar state: overlay mode, drag disabled, window buttons hidden, title bar hidden
[2026.05.12-01.24.52:436][ 17]LogWorld: BeginTearingDown for /Game/ThirdPersonBP/Maps/UEDPIE_0_ThirdPersonExampleMap
[2026.05.12-01.24.52:436][ 17]LogWorld: UWorld::CleanupWorld for ThirdPersonExampleMap, bSessionEnded=true, bCleanupResources=true
[2026.05.12-01.24.52:436][ 17]LogSlate: InvalidateAllWidgets triggered.  All widgets were invalidated
[2026.05.12-01.24.52:445][ 17]LogPlayLevel: Display: Shutting down PIE online subsystems
[2026.05.12-01.24.52:447][ 17]LogSlate: InvalidateAllWidgets triggered.  All widgets were invalidated
[2026.05.12-01.24.52:459][ 17]LogAudio: Display: Audio Device unregistered from world 'None'.
[2026.05.12-01.24.52:459][ 17]LogAudioMixer: FMixerPlatformXAudio2::StopAudioStream() called
[2026.05.12-01.24.52:461][ 17]LogAudioMixer: FMixerPlatformXAudio2::StopAudioStream() called
[2026.05.12-01.24.52:463][ 17]LogSlate: Updating window title bar state: overlay mode, drag disabled, window buttons hidden, title bar hidden
[2026.05.12-01.24.52:464][ 17]LogUObjectHash: Compacting FUObjectHashTables data took   1.42ms
[2026.05.12-01.24.52:498][ 19]LogPlayLevel: Display: Destroying online subsystem :Context_30
[2026.05.12-01.25.11:503][273]BlueprintLog: New page: Compile ALS_AnimBP
[2026.05.12-01.25.11:543][273]LogUObjectHash: Compacting FUObjectHashTables data took   1.88ms
[2026.05.12-01.25.13:975][544]LogTemp: Repeating last play command: Selected Viewport
[2026.05.12-01.25.13:979][544]LogPlayLevel: PlayLevel: No blueprints needed recompiling
[2026.05.12-01.25.13:979][544]PIE: New page: PIE session: ThirdPersonExampleMap (May 12, 2026, 7:25:13 PM)
[2026.05.12-01.25.14:006][544]LogPlayLevel: Creating play world package: /Game/ThirdPersonBP/Maps/UEDPIE_0_ThirdPersonExampleMap
[2026.05.12-01.25.14:015][544]LogPlayLevel: PIE: StaticDuplicateObject took: (0.009155s)
[2026.05.12-01.25.14:016][544]LogAIModule: Creating AISystem for world ThirdPersonExampleMap
[2026.05.12-01.25.14:016][544]LogPlayLevel: PIE: World Init took: (0.000839s)
[2026.05.12-01.25.14:016][544]LogPlayLevel: PIE: Created PIE world by copying editor world from /Game/ThirdPersonBP/Maps/ThirdPersonExampleMap.ThirdPersonExampleMap to /Game/ThirdPersonBP/Maps/UEDPIE_0_ThirdPersonExampleMap.ThirdPersonExampleMap (0.010141s)
[2026.05.12-01.25.14:039][544]LogUObjectHash: Compacting FUObjectHashTables data took   2.08ms
[2026.05.12-01.25.14:040][544]LogAudio: Display: Creating Audio Device:                 Id: 4, Scope: Unique, Realtime: True
[2026.05.12-01.25.14:040][544]LogAudioMixer: Display: Audio Mixer Platform Settings:
[2026.05.12-01.25.14:040][544]LogAudioMixer: Display: 	Sample Rate:						  48000
[2026.05.12-01.25.14:040][544]LogAudioMixer: Display: 	Callback Buffer Frame Size Requested: 1024
[2026.05.12-01.25.14:040][544]LogAudioMixer: Display: 	Callback Buffer Frame Size To Use:	  1024
[2026.05.12-01.25.14:040][544]LogAudioMixer: Display: 	Number of buffers to queue:			  2
[2026.05.12-01.25.14:040][544]LogAudioMixer: Display: 	Max Channels (voices):				  32
[2026.05.12-01.25.14:040][544]LogAudioMixer: Display: 	Number of Async Source Workers:		  0
[2026.05.12-01.25.14:040][544]LogAudio: Display: AudioDevice MaxSources: 32
[2026.05.12-01.25.14:040][544]LogAudio: Display: Audio Spatialization Plugin: None (built-in).
[2026.05.12-01.25.14:040][544]LogAudio: Display: Audio Reverb Plugin: None (built-in).
[2026.05.12-01.25.14:040][544]LogAudio: Display: Audio Occlusion Plugin: None (built-in).
[2026.05.12-01.25.14:040][544]LogAudioMixer: Display: Initializing audio mixer.
[2026.05.12-01.25.14:042][544]LogAudioMixer: Display: 0: FrontLeft
[2026.05.12-01.25.14:043][544]LogAudioMixer: Display: 1: FrontRight
[2026.05.12-01.25.14:046][544]LogAudioMixer: Display: Using Audio Device Headphones (WF-1000XM4)
[2026.05.12-01.25.14:046][544]LogAudioMixer: Display: Initializing Sound Submixes...
[2026.05.12-01.25.14:046][544]LogAudioMixer: Display: Creating Master Submix 'MasterSubmixDefault'
[2026.05.12-01.25.14:046][544]LogAudioMixer: Display: Creating Master Submix 'MasterReverbSubmixDefault'
[2026.05.12-01.25.14:047][544]LogAudioMixer: Display: Creating Master Submix 'MasterEQSubmixDefault'
[2026.05.12-01.25.14:047][544]LogAudioMixer: FMixerPlatformXAudio2::StartAudioStream() called
[2026.05.12-01.25.14:047][544]LogAudioMixer: Display: Output buffers initialized: Frames=1024, Channels=2, Samples=2048
[2026.05.12-01.25.14:048][544]LogAudioMixer: Display: Starting AudioMixerPlatformInterface::RunInternal()
[2026.05.12-01.25.14:048][544]LogAudioMixer: Display: FMixerPlatformXAudio2::SubmitBuffer() called for the first time
[2026.05.12-01.25.14:048][544]LogInit: FAudioDevice initialized.
[2026.05.12-01.25.14:048][544]LogAudio: Display: Audio Device (ID: 4) registered with world 'ThirdPersonExampleMap'.
[2026.05.12-01.25.14:053][544]LogLoad: Game class is 'ALS_GameMode_C'
[2026.05.12-01.25.14:054][544]LogWorld: Bringing World /Game/ThirdPersonBP/Maps/UEDPIE_0_ThirdPersonExampleMap.ThirdPersonExampleMap up for play (max tick rate 0) at 2026.05.12-10.25.14
[2026.05.12-01.25.14:054][544]LogWorld: Bringing up level for play took: 0.000605
[2026.05.12-01.25.14:054][544]LogOnline: OSS: Creating online subsystem instance for: :Context_31
[2026.05.12-01.25.14:056][544]PIE: Server logged in
[2026.05.12-01.25.14:057][544]PIE: Play in editor total start time 0.079 seconds.
[2026.05.12-01.25.14:406][584]LogBlueprintUserMessages: [ALS_AnimBP_C_0] Hello
[2026.05.12-01.25.14:406][584]LogBlueprintUserMessages: [CustomNotify_C_0] CustomNotify
[2026.05.12-01.25.16:037][774]LogSlate: Updating window title bar state: overlay mode, drag disabled, window buttons hidden, title bar hidden
[2026.05.12-01.25.16:037][774]LogWorld: BeginTearingDown for /Game/ThirdPersonBP/Maps/UEDPIE_0_ThirdPersonExampleMap
[2026.05.12-01.25.16:037][774]LogWorld: UWorld::CleanupWorld for ThirdPersonExampleMap, bSessionEnded=true, bCleanupResources=true
[2026.05.12-01.25.16:037][774]LogSlate: InvalidateAllWidgets triggered.  All widgets were invalidated
[2026.05.12-01.25.16:047][774]LogPlayLevel: Display: Shutting down PIE online subsystems
[2026.05.12-01.25.16:049][774]LogSlate: InvalidateAllWidgets triggered.  All widgets were invalidated
[2026.05.12-01.25.16:061][774]LogAudio: Display: Audio Device unregistered from world 'None'.
[2026.05.12-01.25.16:062][774]LogAudioMixer: FMixerPlatformXAudio2::StopAudioStream() called
[2026.05.12-01.25.16:063][774]LogAudioMixer: FMixerPlatformXAudio2::StopAudioStream() called
[2026.05.12-01.25.16:065][774]LogSlate: Updating window title bar state: overlay mode, drag disabled, window buttons hidden, title bar hidden
[2026.05.12-01.25.16:067][774]LogUObjectHash: Compacting FUObjectHashTables data took   1.64ms
[2026.05.12-01.25.16:102][778]LogPlayLevel: Display: Destroying online subsystem :Context_31
[2026.05.12-01.25.40:807][940]LogUObjectHash: Compacting FUObjectHashTables data took   1.46ms
[2026.05.12-01.25.40:808][940]LogFileHelpers: Editor autosave (incl. external actors) for '/Game/ThirdPersonBP/Maps/ThirdPersonExampleMap' took 0.016
[2026.05.12-01.25.40:818][940]OBJ SavePackage: Generating thumbnails for [2] asset(s) in package [/Game/AdvancedLocomotionV4/Blueprints/CharacterLogic/ALS_AnimBP] ([2] browsable assets)...
[2026.05.12-01.25.40:823][940]OBJ SavePackage:     Rendered thumbnail for [AnimBlueprint /Game/AdvancedLocomotionV4/Blueprints/CharacterLogic/ALS_AnimBP.ALS_AnimBP]
[2026.05.12-01.25.40:823][940]OBJ SavePackage: Finished generating thumbnails for package [/Game/AdvancedLocomotionV4/Blueprints/CharacterLogic/ALS_AnimBP]
[2026.05.12-01.25.40:852][940]LogSavePackage: Moving '../../../../../../UEProject/UnrealLearn/ALSV4/Saved/ALS_AnimBP_Auto3A204DCFB49FA8390CBE8558A75E73583.tmp' to '../../../../../../UEProject/UnrealLearn/ALSV4/Saved/Autosaves/Game/AdvancedLocomotionV4/Blueprints/CharacterLogic/ALS_AnimBP_Auto3.uasset'
[2026.05.12-01.25.40:853][940]LogFileHelpers: Auto-saving content packages took 0.045
[2026.05.12-02.04.18:496][890]LogAudioMixer: Warning: Changing default audio render device to new device: {0.0.0.00000000}.{37380c08-d2ac-449a-9992-c4f4a9fdd7c3}.
[2026.05.12-02.04.18:496][890]LogAudioMixer: Resetting audio stream to device id 
[2026.05.12-02.04.18:500][890]LogAudioMixer: Display: 0: FrontLeft
[2026.05.12-02.04.18:500][890]LogAudioMixer: Display: 1: FrontRight
[2026.05.12-08.06.08:673][761]LogUObjectHash: Compacting FUObjectHashTables data took   8.04ms
[2026.05.12-08.06.09:619][761]LogSlate: Window 'Save Content' being destroyed
[2026.05.12-08.06.09:703][761]LogSavePackage: Moving '../../../../../../UEProject/UnrealLearn/ALSV4/Saved/ALS_AnimBP31FAFDEB486AED8CCA9D4FAA54F1430A.tmp' to '../../../../../../UEProject/UnrealLearn/ALSV4/Content/AdvancedLocomotionV4/Blueprints/CharacterLogic/ALS_AnimBP.uasset'
[2026.05.12-08.06.09:711][761]LogSavePackage: Moving '../../../../../../UEProject/UnrealLearn/ALSV4/Saved/ALS_CLF_GetUp_Back_Montage_LH25F9C04D4B262228F7DD23BD875F25D6.tmp' to '../../../../../../UEProject/UnrealLearn/ALSV4/Content/AdvancedLocomotionV4/CharacterAssets/MannequinSkeleton/AnimationExamples/Actions/ALS_CLF_GetUp_Back_Montage_LH.uasset'
[2026.05.12-08.06.09:717][761]LogSavePackage: Moving '../../../../../../UEProject/UnrealLearn/ALSV4/Saved/ALS_Mannequin_SkeletonF1CD00F244633B077111AE8F31273F72.tmp' to '../../../../../../UEProject/UnrealLearn/ALSV4/Content/AdvancedLocomotionV4/CharacterAssets/MannequinSkeleton/ALS_Mannequin_Skeleton.uasset'
[2026.05.12-08.06.09:777][761]LogWorld: UWorld::CleanupWorld for World_25, bSessionEnded=true, bCleanupResources=true
[2026.05.12-08.06.09:777][761]LogSlate: InvalidateAllWidgets triggered.  All widgets were invalidated
[2026.05.12-08.06.09:949][761]LogWorld: UWorld::CleanupWorld for World_22, bSessionEnded=true, bCleanupResources=true
[2026.05.12-08.06.09:949][761]LogSlate: InvalidateAllWidgets triggered.  All widgets were invalidated
[2026.05.12-08.06.09:994][761]LogWorld: UWorld::CleanupWorld for World_21, bSessionEnded=true, bCleanupResources=true
[2026.05.12-08.06.09:994][761]LogSlate: InvalidateAllWidgets triggered.  All widgets were invalidated
[2026.05.12-08.06.10:118][761]LogWorld: UWorld::CleanupWorld for World_20, bSessionEnded=true, bCleanupResources=true
[2026.05.12-08.06.10:118][761]LogSlate: InvalidateAllWidgets triggered.  All widgets were invalidated
[2026.05.12-08.06.10:152][761]LogWorld: UWorld::CleanupWorld for World_19, bSessionEnded=true, bCleanupResources=true
[2026.05.12-08.06.10:152][761]LogSlate: InvalidateAllWidgets triggered.  All widgets were invalidated
[2026.05.12-08.06.10:161][761]LogWorld: UWorld::CleanupWorld for World_18, bSessionEnded=true, bCleanupResources=true
[2026.05.12-08.06.10:161][761]LogSlate: InvalidateAllWidgets triggered.  All widgets were invalidated
[2026.05.12-08.06.10:333][761]LogWorld: UWorld::CleanupWorld for World_23, bSessionEnded=true, bCleanupResources=true
[2026.05.12-08.06.10:333][761]LogSlate: InvalidateAllWidgets triggered.  All widgets were invalidated
[2026.05.12-08.06.10:452][761]LogWorld: UWorld::CleanupWorld for World_24, bSessionEnded=true, bCleanupResources=true
[2026.05.12-08.06.10:452][761]LogSlate: InvalidateAllWidgets triggered.  All widgets were invalidated
[2026.05.12-08.06.10:482][761]LogSlate: Window 'ALSV4 - Unreal Editor' being destroyed
[2026.05.12-08.06.10:677][761]AssetCheck: New page: Asset Save: multiple assets
[2026.05.12-08.06.10:677][761]LogContentValidation: Display: Validating Skeleton /Game/AdvancedLocomotionV4/CharacterAssets/MannequinSkeleton/ALS_Mannequin_Skeleton.ALS_Mannequin_Skeleton
[2026.05.12-08.06.10:678][761]LogContentValidation: Display: Validating AnimBlueprint /Game/AdvancedLocomotionV4/Blueprints/CharacterLogic/ALS_AnimBP.ALS_AnimBP
[2026.05.12-08.06.10:678][761]LogContentValidation: Display: Validating AnimMontage /Game/AdvancedLocomotionV4/CharacterAssets/MannequinSkeleton/AnimationExamples/Actions/ALS_CLF_GetUp_Back_Montage_LH.ALS_CLF_GetUp_Back_Montage_LH
[2026.05.12-08.06.10:680][762]Cmd: QUIT_EDITOR
[2026.05.12-08.06.10:680][762]LogCore: Engine exit requested (reason: UUnrealEdEngine::CloseEditor())
[2026.05.12-08.06.10:688][762]LogCore: Engine exit requested (reason: EngineExit() was called; note: exit was already requested)
[2026.05.12-08.06.11:567][762]LogAudio: Display: Beginning Audio Device Manager Shutdown (Module: AudioMixerXAudio2)...
[2026.05.12-08.06.11:567][762]LogAudio: Display: Destroying 1 Remaining Audio Device(s)...
[2026.05.12-08.06.11:568][762]LogAudio: Display: Audio Device unregistered from world 'ThirdPersonExampleMap'.
[2026.05.12-08.06.11:568][762]LogAudioMixer: FMixerPlatformXAudio2::StopAudioStream() called
[2026.05.12-08.06.11:571][762]LogAudioMixer: FMixerPlatformXAudio2::StopAudioStream() called
[2026.05.12-08.06.11:593][762]LogAudio: Display: Audio Device Manager Shutdown
[2026.05.12-08.06.11:602][762]LogWindowsTextInputMethodSystem: Display: IME system activated using TSF (搜狗拼音输入法).
[2026.05.12-08.06.11:610][762]LogExit: Preparing to exit.
[2026.05.12-08.06.12:231][762]LogUObjectHash: Compacting FUObjectHashTables data took   3.13ms
[2026.05.12-08.06.12:519][762]LogDirectoryWatcher: Display: A directory notification failed, and we were unable to create a new request. GetLastError code [6] Handle [FFFFFFFFFFFFFFFF], Path [C:/UEProject/UnrealLearn/ALSV4/Content/] 
[2026.05.12-08.06.12:557][762]LogActorComponent: UnregisterComponent: (None.None) Not registered. Aborting.
[2026.05.12-08.06.12:557][762]LogActorComponent: UnregisterComponent: (None.None) Not registered. Aborting.
[2026.05.12-08.06.12:557][762]LogActorComponent: UnregisterComponent: (None.None) Not registered. Aborting.
[2026.05.12-08.06.12:557][762]LogActorComponent: UnregisterComponent: (None.None) Not registered. Aborting.
[2026.05.12-08.06.12:557][762]LogActorComponent: UnregisterComponent: (None.None) Not registered. Aborting.
[2026.05.12-08.06.12:557][762]LogActorComponent: UnregisterComponent: (None.None) Not registered. Aborting.
[2026.05.12-08.06.12:557][762]LogActorComponent: UnregisterComponent: (None.None) Not registered. Aborting.
[2026.05.12-08.06.12:557][762]LogWorld: UWorld::CleanupWorld for None, bSessionEnded=true, bCleanupResources=true
[2026.05.12-08.06.12:558][762]LogActorComponent: UnregisterComponent: (None.None) Not registered. Aborting.
[2026.05.12-08.06.12:558][762]LogActorComponent: UnregisterComponent: (None.None) Not registered. Aborting.
[2026.05.12-08.06.12:558][762]LogActorComponent: UnregisterComponent: (None.None) Not registered. Aborting.
[2026.05.12-08.06.12:558][762]LogActorComponent: UnregisterComponent: (None.None) Not registered. Aborting.
[2026.05.12-08.06.12:558][762]LogActorComponent: UnregisterComponent: (None.None) Not registered. Aborting.
[2026.05.12-08.06.12:558][762]LogActorComponent: UnregisterComponent: (None.None) Not registered. Aborting.
[2026.05.12-08.06.12:558][762]LogActorComponent: UnregisterComponent: (None.None) Not registered. Aborting.
[2026.05.12-08.06.12:558][762]LogWorld: UWorld::CleanupWorld for None, bSessionEnded=true, bCleanupResources=true
[2026.05.12-08.06.12:558][762]LogActorComponent: UnregisterComponent: (None.None) Not registered. Aborting.
[2026.05.12-08.06.12:558][762]LogActorComponent: UnregisterComponent: (None.None) Not registered. Aborting.
[2026.05.12-08.06.12:558][762]LogActorComponent: UnregisterComponent: (None.None) Not registered. Aborting.
[2026.05.12-08.06.12:558][762]LogActorComponent: UnregisterComponent: (None.None) Not registered. Aborting.
[2026.05.12-08.06.12:558][762]LogActorComponent: UnregisterComponent: (None.None) Not registered. Aborting.
[2026.05.12-08.06.12:558][762]LogActorComponent: UnregisterComponent: (None.None) Not registered. Aborting.
[2026.05.12-08.06.12:558][762]LogActorComponent: UnregisterComponent: (None.None) Not registered. Aborting.
[2026.05.12-08.06.12:558][762]LogWorld: UWorld::CleanupWorld for None, bSessionEnded=true, bCleanupResources=true
[2026.05.12-08.06.12:558][762]LogActorComponent: UnregisterComponent: (None.None) Not registered. Aborting.
[2026.05.12-08.06.12:558][762]LogActorComponent: UnregisterComponent: (None.None) Not registered. Aborting.
[2026.05.12-08.06.12:558][762]LogActorComponent: UnregisterComponent: (None.None) Not registered. Aborting.
[2026.05.12-08.06.12:558][762]LogActorComponent: UnregisterComponent: (None.None) Not registered. Aborting.
[2026.05.12-08.06.12:558][762]LogActorComponent: UnregisterComponent: (None.None) Not registered. Aborting.
[2026.05.12-08.06.12:558][762]LogActorComponent: UnregisterComponent: (None.None) Not registered. Aborting.
[2026.05.12-08.06.12:558][762]LogActorComponent: UnregisterComponent: (None.None) Not registered. Aborting.
[2026.05.12-08.06.12:558][762]LogWorld: UWorld::CleanupWorld for None, bSessionEnded=true, bCleanupResources=true
[2026.05.12-08.06.12:558][762]LogActorComponent: UnregisterComponent: (None.None) Not registered. Aborting.
[2026.05.12-08.06.12:558][762]LogActorComponent: UnregisterComponent: (None.None) Not registered. Aborting.
[2026.05.12-08.06.12:558][762]LogActorComponent: UnregisterComponent: (None.None) Not registered. Aborting.
[2026.05.12-08.06.12:558][762]LogActorComponent: UnregisterComponent: (None.None) Not registered. Aborting.
[2026.05.12-08.06.12:558][762]LogActorComponent: UnregisterComponent: (None.None) Not registered. Aborting.
[2026.05.12-08.06.12:558][762]LogActorComponent: UnregisterComponent: (None.None) Not registered. Aborting.
[2026.05.12-08.06.12:558][762]LogActorComponent: UnregisterComponent: (None.None) Not registered. Aborting.
[2026.05.12-08.06.12:558][762]LogWorld: UWorld::CleanupWorld for None, bSessionEnded=true, bCleanupResources=true
[2026.05.12-08.06.12:558][762]LogActorComponent: UnregisterComponent: (None.None) Not registered. Aborting.
[2026.05.12-08.06.12:558][762]LogActorComponent: UnregisterComponent: (None.None) Not registered. Aborting.
[2026.05.12-08.06.12:558][762]LogActorComponent: UnregisterComponent: (None.None) Not registered. Aborting.
[2026.05.12-08.06.12:558][762]LogActorComponent: UnregisterComponent: (None.None) Not registered. Aborting.
[2026.05.12-08.06.12:558][762]LogActorComponent: UnregisterComponent: (None.None) Not registered. Aborting.
[2026.05.12-08.06.12:559][762]LogActorComponent: UnregisterComponent: (None.None) Not registered. Aborting.
[2026.05.12-08.06.12:559][762]LogActorComponent: UnregisterComponent: (None.None) Not registered. Aborting.
[2026.05.12-08.06.12:559][762]LogWorld: UWorld::CleanupWorld for None, bSessionEnded=true, bCleanupResources=true
[2026.05.12-08.06.12:559][762]LogActorComponent: UnregisterComponent: (None.None) Not registered. Aborting.
[2026.05.12-08.06.12:559][762]LogActorComponent: UnregisterComponent: (None.None) Not registered. Aborting.
[2026.05.12-08.06.12:559][762]LogActorComponent: UnregisterComponent: (None.None) Not registered. Aborting.
[2026.05.12-08.06.12:559][762]LogActorComponent: UnregisterComponent: (None.None) Not registered. Aborting.
[2026.05.12-08.06.12:559][762]LogActorComponent: UnregisterComponent: (None.None) Not registered. Aborting.
[2026.05.12-08.06.12:559][762]LogActorComponent: UnregisterComponent: (None.None) Not registered. Aborting.
[2026.05.12-08.06.12:559][762]LogActorComponent: UnregisterComponent: (None.None) Not registered. Aborting.
[2026.05.12-08.06.12:559][762]LogWorld: UWorld::CleanupWorld for None, bSessionEnded=true, bCleanupResources=true
[2026.05.12-08.06.12:559][762]LogActorComponent: UnregisterComponent: (None.None) Not registered. Aborting.
[2026.05.12-08.06.12:559][762]LogActorComponent: UnregisterComponent: (None.None) Not registered. Aborting.
[2026.05.12-08.06.12:559][762]LogActorComponent: UnregisterComponent: (None.None) Not registered. Aborting.
[2026.05.12-08.06.12:559][762]LogActorComponent: UnregisterComponent: (None.None) Not registered. Aborting.
[2026.05.12-08.06.12:559][762]LogActorComponent: UnregisterComponent: (None.None) Not registered. Aborting.
[2026.05.12-08.06.12:559][762]LogActorComponent: UnregisterComponent: (None.None) Not registered. Aborting.
[2026.05.12-08.06.12:559][762]LogActorComponent: UnregisterComponent: (None.None) Not registered. Aborting.
[2026.05.12-08.06.12:559][762]LogWorld: UWorld::CleanupWorld for None, bSessionEnded=true, bCleanupResources=true
[2026.05.12-08.06.12:559][762]LogActorComponent: UnregisterComponent: (None.None) Not registered. Aborting.
[2026.05.12-08.06.12:559][762]LogActorComponent: UnregisterComponent: (None.None) Not registered. Aborting.
[2026.05.12-08.06.12:559][762]LogActorComponent: UnregisterComponent: (None.None) Not registered. Aborting.
[2026.05.12-08.06.12:559][762]LogActorComponent: UnregisterComponent: (None.None) Not registered. Aborting.
[2026.05.12-08.06.12:559][762]LogActorComponent: UnregisterComponent: (None.None) Not registered. Aborting.
[2026.05.12-08.06.12:559][762]LogActorComponent: UnregisterComponent: (None.None) Not registered. Aborting.
[2026.05.12-08.06.12:559][762]LogActorComponent: UnregisterComponent: (None.None) Not registered. Aborting.
[2026.05.12-08.06.12:559][762]LogWorld: UWorld::CleanupWorld for None, bSessionEnded=true, bCleanupResources=true
[2026.05.12-08.06.12:620][762]LogDemo: Cleaned up 0 splitscreen connections with owner deletion
[2026.05.12-08.06.12:695][762]LogExit: Editor shut down
[2026.05.12-08.06.12:700][762]LogExit: Transaction tracking system shut down
[2026.05.12-08.06.13:332][762]LogExit: Object subsystem successfully closed.
[2026.05.12-08.06.13:375][762]LogShaderCompilers: Display: === FShaderJobCache stats ===
[2026.05.12-08.06.13:375][762]LogShaderCompilers: Display: Total job queries 45, among them cache hits 1 (2.22%)
[2026.05.12-08.06.13:375][762]LogShaderCompilers: Display: Tracking 24 distinct input hashes that result in 18 distinct outputs (75.00%)
[2026.05.12-08.06.13:376][762]LogShaderCompilers: Display: RAM used: 0.10 MB (0.00 GB) of 716.80 MB (0.70 GB) budget. Usage: 0.01%
[2026.05.12-08.06.13:376][762]LogShaderCompilers: Display: ================================================
[2026.05.12-08.06.13:410][762]LogShaderCompilers: Display: Shaders left to compile 0
[2026.05.12-08.06.13:493][762]LogModuleManager: Shutting down and abandoning module MovieSceneCapture (900)
[2026.05.12-08.06.13:493][762]LogModuleManager: Shutting down and abandoning module Voice (898)
[2026.05.12-08.06.13:493][762]LogModuleManager: Shutting down and abandoning module SequencerWidgets (896)
[2026.05.12-08.06.13:493][762]LogModuleManager: Shutting down and abandoning module AnimationEditor (894)
[2026.05.12-08.06.13:493][762]LogModuleManager: Shutting down and abandoning module BlueprintGraph (892)
[2026.05.12-08.06.13:494][762]LogModuleManager: Shutting down and abandoning module PinnedCommandList (890)
[2026.05.12-08.06.13:494][762]LogModuleManager: Shutting down and abandoning module SkeletonEditor (888)
[2026.05.12-08.06.13:494][762]LogModuleManager: Shutting down and abandoning module HierarchicalLODOutliner (886)
[2026.05.12-08.06.13:494][762]LogModuleManager: Shutting down and abandoning module SceneOutliner (884)
[2026.05.12-08.06.13:494][762]LogModuleManager: Shutting down and abandoning module AddContentDialog (882)
[2026.05.12-08.06.13:511][762]LogModuleManager: Shutting down and abandoning module WidgetCarousel (881)
[2026.05.12-08.06.13:511][762]LogModuleManager: Shutting down and abandoning module EditorWidgets (878)
[2026.05.12-08.06.13:511][762]LogModuleManager: Shutting down and abandoning module StatsViewer (876)
[2026.05.12-08.06.13:512][762]LogModuleManager: Shutting down and abandoning module PIEPreviewDeviceProfileSelector (874)
[2026.05.12-08.06.13:513][762]LogModuleManager: Shutting down and abandoning module SequenceRecorderSections (872)
[2026.05.12-08.06.13:513][762]LogModuleManager: Shutting down and abandoning module AutomationWorker (870)
[2026.05.12-08.06.13:513][762]LogModuleManager: Shutting down and abandoning module SteamVREditor (868)
[2026.05.12-08.06.13:514][762]LogModuleManager: Shutting down and abandoning module OculusMR (866)
[2026.05.12-08.06.13:514][762]LogModuleManager: Shutting down and abandoning module RiderLC (864)
[2026.05.12-08.06.13:514][762]LogModuleManager: Shutting down and abandoning module RiderShaderInfo (862)
[2026.05.12-08.06.13:514][762]LogModuleManager: Shutting down and abandoning module TakeRecorderSources (860)
[2026.05.12-08.06.13:516][762]LogModuleManager: Shutting down and abandoning module TakeRecorder (859)
[2026.05.12-08.06.13:518][762]LogModuleManager: Shutting down and abandoning module TakeTrackRecorders (856)
[2026.05.12-08.06.13:518][762]LogModuleManager: Shutting down and abandoning module TakesCore (854)
[2026.05.12-08.06.13:518][762]LogModuleManager: Shutting down and abandoning module OpenXRInput (852)
[2026.05.12-08.06.13:519][762]LogModuleManager: Shutting down and abandoning module GooglePADEditor (850)
[2026.05.12-08.06.13:519][762]LogModuleManager: Shutting down and abandoning module AudioCaptureEditor (848)
[2026.05.12-08.06.13:519][762]LogModuleManager: Shutting down and abandoning module WebMMediaFactory (846)
[2026.05.12-08.06.13:519][762]LogModuleManager: Shutting down and abandoning module WebMMediaEditor (844)
[2026.05.12-08.06.13:519][762]LogModuleManager: Shutting down and abandoning module WebMMedia (842)
[2026.05.12-08.06.13:519][762]LogModuleManager: Shutting down and abandoning module WmfMediaFactory (840)
[2026.05.12-08.06.13:519][762]LogModuleManager: Shutting down and abandoning module WmfMediaEditor (838)
[2026.05.12-08.06.13:519][762]LogModuleManager: Shutting down and abandoning module MediaPlayerEditor (836)
[2026.05.12-08.06.13:520][762]LogModuleManager: Shutting down and abandoning module OpenExrWrapper (834)
[2026.05.12-08.06.13:520][762]LogModuleManager: Shutting down and abandoning module ImgMediaFactory (832)
[2026.05.12-08.06.13:520][762]LogModuleManager: Shutting down and abandoning module ImgMediaEditor (830)
[2026.05.12-08.06.13:520][762]LogModuleManager: Shutting down and abandoning module MediaCompositingEditor (828)
[2026.05.12-08.06.13:522][762]LogModuleManager: Shutting down and abandoning module SequenceRecorder (827)
[2026.05.12-08.06.13:522][762]LogModuleManager: Shutting down and abandoning module AndroidMediaFactory (824)
[2026.05.12-08.06.13:522][762]LogModuleManager: Shutting down and abandoning module AndroidMediaEditor (822)
[2026.05.12-08.06.13:522][762]LogModuleManager: Shutting down and abandoning module AvfMediaFactory (820)
[2026.05.12-08.06.13:522][762]LogModuleManager: Shutting down and abandoning module AvfMediaEditor (818)
[2026.05.12-08.06.13:522][762]LogModuleManager: Shutting down and abandoning module TemplateSequenceEditor (816)
[2026.05.12-08.06.13:523][762]LogModuleManager: Shutting down and abandoning module MatineeToLevelSequence (814)
[2026.05.12-08.06.13:523][762]LogModuleManager: Shutting down and abandoning module LevelSequenceEditor (812)
[2026.05.12-08.06.13:524][762]LogModuleManager: Shutting down and abandoning module ActorSequenceEditor (810)
[2026.05.12-08.06.13:524][762]LogModuleManager: Shutting down and abandoning module MagicLeapMediaCodecFactory (808)
[2026.05.12-08.06.13:524][762]LogModuleManager: Shutting down and abandoning module MagicLeapMediaFactory (806)
[2026.05.12-08.06.13:524][762]LogModuleManager: Shutting down and abandoning module MagicLeapMediaEditor (804)
[2026.05.12-08.06.13:524][762]LogModuleManager: Shutting down and abandoning module PlanarCut (802)
[2026.05.12-08.06.13:524][762]LogModuleManager: Shutting down and abandoning module CharacterAI (800)
[2026.05.12-08.06.13:524][762]LogModuleManager: Shutting down and abandoning module CameraShakePreviewer (798)
[2026.05.12-08.06.13:525][762]LogModuleManager: Shutting down and abandoning module TextureAlignMode (796)
[2026.05.12-08.06.13:525][762]LogModuleManager: Shutting down and abandoning module BspMode (794)
[2026.05.12-08.06.13:525][762]LogModuleManager: Shutting down and abandoning module GeometryMode (792)
[2026.05.12-08.06.13:525][762]LogModuleManager: Shutting down and abandoning module SmartSnapping (790)
[2026.05.12-08.06.13:525][762]LogModuleManager: Shutting down and abandoning module SessionServices (788)
[2026.05.12-08.06.13:528][762]LogModuleManager: Shutting down and abandoning module MeshPaint (786)
[2026.05.12-08.06.13:530][762]LogModuleManager: Shutting down and abandoning module VirtualTexturingEditor (784)
[2026.05.12-08.06.13:530][762]LogModuleManager: Shutting down and abandoning module FoliageEdit (782)
[2026.05.12-08.06.13:530][762]LogModuleManager: Shutting down and abandoning module LandscapeEditor (780)
[2026.05.12-08.06.13:532][762]LogModuleManager: Shutting down and abandoning module MeshPaintMode (778)
[2026.05.12-08.06.13:532][762]LogModuleManager: Shutting down and abandoning module SceneDepthPickerMode (776)
[2026.05.12-08.06.13:532][762]LogModuleManager: Shutting down and abandoning module ActorPickerMode (774)
[2026.05.12-08.06.13:532][762]LogModuleManager: Shutting down and abandoning module PlacementMode (772)
[2026.05.12-08.06.13:532][762]LogModuleManager: Shutting down and abandoning module ViewportSnapping (770)
[2026.05.12-08.06.13:532][762]LogModuleManager: Shutting down and abandoning module ViewportInteraction (768)
[2026.05.12-08.06.13:532][762]LogModuleManager: Shutting down and abandoning module ClothPainter (766)
[2026.05.12-08.06.13:533][762]LogModuleManager: Shutting down and abandoning module SkeletalMeshEditor (765)
[2026.05.12-08.06.13:533][762]LogModuleManager: Shutting down and abandoning module LogVisualizer (762)
[2026.05.12-08.06.13:534][762]LogModuleManager: Shutting down and abandoning module IntroTutorials (760)
[2026.05.12-08.06.13:535][762]LogModuleManager: Shutting down and abandoning module GameProjectGeneration (759)
[2026.05.12-08.06.13:535][762]LogModuleManager: Shutting down and abandoning module LuminPlatformEditor (756)
[2026.05.12-08.06.13:535][762]LogModuleManager: Shutting down and abandoning module IOSPlatformEditor (754)
[2026.05.12-08.06.13:535][762]LogModuleManager: Shutting down and abandoning module AndroidPlatformEditor (752)
[2026.05.12-08.06.13:535][762]LogModuleManager: Shutting down and abandoning module AndroidDeviceDetection (751)
[2026.05.12-08.06.14:284][762]LogModuleManager: Shutting down and abandoning module WindowsPlatformEditor (748)
[2026.05.12-08.06.14:284][762]LogModuleManager: Shutting down and abandoning module LuminRuntimeSettings (746)
[2026.05.12-08.06.14:284][762]LogModuleManager: Shutting down and abandoning module IOSRuntimeSettings (744)
[2026.05.12-08.06.14:284][762]LogModuleManager: Shutting down and abandoning module AndroidRuntimeSettings (742)
[2026.05.12-08.06.14:284][762]LogModuleManager: Shutting down and abandoning module TraceInsights (740)
[2026.05.12-08.06.14:290][762]MemoryProfiler: Shutdown
[2026.05.12-08.06.14:290][762]NetworkingProfiler: Shutdown
[2026.05.12-08.06.14:290][762]LoadingProfiler: Shutdown
[2026.05.12-08.06.14:291][762]TimingProfiler: Shutdown
[2026.05.12-08.06.14:293][762]LogModuleManager: Shutting down and abandoning module TraceServices (739)
[2026.05.12-08.06.14:295][762]LogModuleManager: Shutting down and abandoning module EditorInteractiveToolsFramework (736)
[2026.05.12-08.06.14:295][762]LogModuleManager: Shutting down and abandoning module TimeManagementEditor (734)
[2026.05.12-08.06.14:295][762]LogModuleManager: Shutting down and abandoning module InputBindingEditor (732)
[2026.05.12-08.06.14:295][762]LogModuleManager: Shutting down and abandoning module MergeActors (730)
[2026.05.12-08.06.14:297][762]LogModuleManager: Shutting down and abandoning module LocalizationDashboard (728)
[2026.05.12-08.06.14:299][762]LogModuleManager: Shutting down and abandoning module LocalizationService (727)
[2026.05.12-08.06.14:299][762]LogModuleManager: Shutting down and abandoning module HardwareTargeting (724)
[2026.05.12-08.06.14:299][762]LogModuleManager: Shutting down and abandoning module DeviceProfileEditor (722)
[2026.05.12-08.06.14:299][762]LogModuleManager: Shutting down and abandoning module UndoHistory (720)
[2026.05.12-08.06.14:300][762]LogModuleManager: Shutting down and abandoning module XmlParser (718)
[2026.05.12-08.06.14:300][762]LogModuleManager: Shutting down and abandoning module Blutility (716)
[2026.05.12-08.06.14:300][762]LogModuleManager: Shutting down and abandoning module ProjectSettingsViewer (714)
[2026.05.12-08.06.14:301][762]LogModuleManager: Shutting down and abandoning module ProjectTargetPlatformEditor (713)
[2026.05.12-08.06.14:302][762]LogModuleManager: Shutting down and abandoning module EditorSettingsViewer (710)
[2026.05.12-08.06.14:302][762]LogModuleManager: Shutting down and abandoning module InternationalizationSettings (709)
[2026.05.12-08.06.14:302][762]LogModuleManager: Shutting down and abandoning module SettingsEditor (706)
[2026.05.12-08.06.14:303][762]LogModuleManager: Shutting down and abandoning module ProjectLauncher (704)
[2026.05.12-08.06.14:304][762]LogModuleManager: Shutting down and abandoning module SessionFrontend (702)
[2026.05.12-08.06.14:304][762]LogModuleManager: Shutting down and abandoning module ProfilerClient (700)
[2026.05.12-08.06.14:304][762]LogModuleManager: Shutting down and abandoning module DeviceManager (698)
[2026.05.12-08.06.14:305][762]LogModuleManager: Shutting down and abandoning module TargetDeviceServices (697)
[2026.05.12-08.06.14:337][762]LogModuleManager: Shutting down and abandoning module AutomationController (694)
[2026.05.12-08.06.14:337][762]LogModuleManager: Shutting down and abandoning module AutomationWindow (692)
[2026.05.12-08.06.14:337][762]LogModuleManager: Shutting down and abandoning module Layers (690)
[2026.05.12-08.06.14:339][762]LogModuleManager: Shutting down and abandoning module ComponentVisualizers (688)
[2026.05.12-08.06.14:340][762]LogModuleManager: Shutting down and abandoning module DetailCustomizations (686)
[2026.05.12-08.06.14:340][762]LogModuleManager: Shutting down and abandoning module PackagesDialog (684)
[2026.05.12-08.06.14:340][762]LogModuleManager: Shutting down and abandoning module AnimationBlueprintEditor (682)
[2026.05.12-08.06.14:341][762]LogModuleManager: Shutting down and abandoning module Persona (680)
[2026.05.12-08.06.14:341][762]LogModuleManager: Shutting down and abandoning module AdvancedPreviewScene (679)
[2026.05.12-08.06.14:341][762]LogModuleManager: Shutting down and abandoning module AnimGraph (677)
[2026.05.12-08.06.14:341][762]LogModuleManager: Shutting down and abandoning module Kismet (674)
[2026.05.12-08.06.14:367][762]LogModuleManager: Shutting down and abandoning module KismetWidgets (673)
[2026.05.12-08.06.14:367][762]LogModuleManager: Shutting down and abandoning module GraphEditor (670)
[2026.05.12-08.06.14:367][762]LogModuleManager: Shutting down and abandoning module StructViewer (668)
[2026.05.12-08.06.14:368][762]LogModuleManager: Shutting down and abandoning module ClassViewer (666)
[2026.05.12-08.06.14:368][762]LogModuleManager: Shutting down and abandoning module Toolbox (664)
[2026.05.12-08.06.14:369][762]LogModuleManager: Shutting down and abandoning module ModuleUI (662)
[2026.05.12-08.06.14:369][762]LogModuleManager: Shutting down and abandoning module OutputLog (660)
[2026.05.12-08.06.14:371][762]LogModuleManager: Shutting down and abandoning module GammaUI (658)
[2026.05.12-08.06.14:371][762]LogModuleManager: Shutting down and abandoning module Documentation (656)
[2026.05.12-08.06.14:371][762]LogModuleManager: Shutting down and abandoning module LiveCoding (654)
[2026.05.12-08.06.14:372][762]LogModuleManager: Shutting down and abandoning module LevelSequence (652)
[2026.05.12-08.06.14:372][762]LogModuleManager: Shutting down and abandoning module MovieSceneTracks (650)
[2026.05.12-08.06.14:372][762]LogModuleManager: Shutting down and abandoning module MovieScene (648)
[2026.05.12-08.06.14:372][762]LogModuleManager: Shutting down and abandoning module StreamingPauseRendering (646)
[2026.05.12-08.06.14:373][762]LogModuleManager: Shutting down and abandoning module LauncherPlatform (644)
[2026.05.12-08.06.14:373][762]LogModuleManager: Shutting down and abandoning module AnalyticsET (642)
[2026.05.12-08.06.14:373][762]LogModuleManager: Shutting down and abandoning module PortalServices (640)
[2026.05.12-08.06.14:373][762]LogModuleManager: Shutting down and abandoning module PortalRpc (638)
[2026.05.12-08.06.14:373][762]LogModuleManager: Shutting down and abandoning module MessagingRpc (636)
[2026.05.12-08.06.14:373][762]LogModuleManager: Shutting down and abandoning module AudioMixerXAudio2 (634)
[2026.05.12-08.06.14:373][762]LogModuleManager: Shutting down and abandoning module AudioMixerCore (633)
[2026.05.12-08.06.14:373][762]LogModuleManager: Shutting down and abandoning module AIModule (630)
[2026.05.12-08.06.14:373][762]LogModuleManager: Shutting down and abandoning module GameplayDebugger (629)
[2026.05.12-08.06.14:373][762]LogModuleManager: Shutting down and abandoning module AITestSuite (627)
[2026.05.12-08.06.14:373][762]LogModuleManager: Shutting down and abandoning module NavigationSystem (625)
[2026.05.12-08.06.14:373][762]LogModuleManager: Shutting down and abandoning module ImageWriteQueue (622)
[2026.05.12-08.06.14:386][762]LogModuleManager: Shutting down and abandoning module ProfilerService (620)
[2026.05.12-08.06.14:449][762]LogModuleManager: Shutting down and abandoning module TaskGraph (618)
[2026.05.12-08.06.14:450][762]LogModuleManager: Shutting down and abandoning module AudioSynesthesiaEditor (616)
[2026.05.12-08.06.14:450][762]LogModuleManager: Shutting down and abandoning module OculusEditor (614)
[2026.05.12-08.06.14:452][762]LogModuleManager: Shutting down and abandoning module OculusInput (612)
[2026.05.12-08.06.14:452][762]LogModuleManager: Shutting down and abandoning module RiderGameControl (610)
[2026.05.12-08.06.14:452][762]LogModuleManager: Shutting down and abandoning module RiderBlueprint (608)
[2026.05.12-08.06.14:453][762]LogModuleManager: Shutting down and abandoning module ContentBrowserAssetDataSource (606)
[2026.05.12-08.06.14:453][762]LogModuleManager: Shutting down and abandoning module ContentBrowserFileDataSource (604)
[2026.05.12-08.06.14:453][762]LogModuleManager: Shutting down and abandoning module ContentBrowserClassDataSource (602)
[2026.05.12-08.06.14:453][762]LogModuleManager: Shutting down and abandoning module CollectionManager (601)
[2026.05.12-08.06.14:453][762]LogModuleManager: Shutting down and abandoning module TakeSequencer (598)
[2026.05.12-08.06.14:453][762]LogModuleManager: Shutting down and abandoning module TakeMovieScene (596)
[2026.05.12-08.06.14:453][762]LogModuleManager: Shutting down and abandoning module ScreenshotTools (594)
[2026.05.12-08.06.14:453][762]LogModuleManager: Shutting down and abandoning module ProceduralMeshComponentEditor (592)
[2026.05.12-08.06.14:453][762]LogModuleManager: Shutting down and abandoning module ProceduralMeshComponent (590)
[2026.05.12-08.06.14:453][762]LogModuleManager: Shutting down and abandoning module SynthesisEditor (588)
[2026.05.12-08.06.14:453][762]LogModuleManager: Shutting down and abandoning module Synthesis (586)
[2026.05.12-08.06.14:454][762]LogModuleManager: Shutting down and abandoning module OpenXREditor (584)
[2026.05.12-08.06.14:454][762]LogModuleManager: Shutting down and abandoning module MobilePatchingUtils (582)
[2026.05.12-08.06.14:454][762]LogModuleManager: Shutting down and abandoning module AppleImageUtilsBlueprintSupport (580)
[2026.05.12-08.06.14:454][762]LogModuleManager: Shutting down and abandoning module AppleImageUtils (578)
[2026.05.12-08.06.14:454][762]LogModuleManager: Shutting down and abandoning module GooglePAD (576)
[2026.05.12-08.06.14:454][762]LogModuleManager: Shutting down and abandoning module EditableMesh (574)
[2026.05.12-08.06.14:454][762]LogModuleManager: Shutting down and abandoning module CableComponent (572)
[2026.05.12-08.06.14:454][762]LogModuleManager: Shutting down and abandoning module CustomMeshComponent (570)
[2026.05.12-08.06.14:454][762]LogModuleManager: Shutting down and abandoning module AssetTags (568)
[2026.05.12-08.06.14:454][762]LogModuleManager: Shutting down and abandoning module AudioCapture (566)
[2026.05.12-08.06.14:454][762]LogModuleManager: Shutting down and abandoning module AudioCaptureRtAudio (565)
[2026.05.12-08.06.14:455][762]LogModuleManager: Shutting down and abandoning module ArchVisCharacter (562)
[2026.05.12-08.06.14:455][762]LogModuleManager: Shutting down and abandoning module AndroidPermission (560)
[2026.05.12-08.06.14:455][762]LogModuleManager: Shutting down and abandoning module ActorLayerUtilitiesEditor (558)
[2026.05.12-08.06.14:455][762]LogModuleManager: Shutting down and abandoning module ActorLayerUtilities (556)
[2026.05.12-08.06.14:455][762]LogModuleManager: Shutting down and abandoning module ImgMedia (554)
[2026.05.12-08.06.14:455][762]LogModuleManager: Shutting down and abandoning module MediaCompositing (552)
[2026.05.12-08.06.14:455][762]LogModuleManager: Shutting down and abandoning module TemplateSequence (550)
[2026.05.12-08.06.14:455][762]LogModuleManager: Shutting down and abandoning module MagicLeapSharedWorld (548)
[2026.05.12-08.06.14:455][762]LogModuleManager: Shutting down and abandoning module NiagaraEditorWidgets (546)
[2026.05.12-08.06.14:457][762]LogModuleManager: Shutting down and abandoning module MagicLeapLightEstimation (544)
[2026.05.12-08.06.14:457][762]LogModuleManager: Shutting down and abandoning module MagicLeapHelperVulkan (542)
[2026.05.12-08.06.14:457][762]LogModuleManager: Shutting down and abandoning module MagicLeapHelperOpenGL (540)
[2026.05.12-08.06.14:457][762]LogModuleManager: Shutting down and abandoning module MagicLeapAudio (538)
[2026.05.12-08.06.14:457][762]LogModuleManager: Shutting down and abandoning module OpenImageDenoise (536)
[2026.05.12-08.06.14:457][762]LogOpenImageDenoise: OIDN shutting down
[2026.05.12-08.06.14:457][762]LogModuleManager: Shutting down and abandoning module MotoSynthEditor (534)
[2026.05.12-08.06.14:457][762]LogModuleManager: Shutting down and abandoning module MotoSynth (532)
[2026.05.12-08.06.14:457][762]LogModuleManager: Shutting down and abandoning module MeshConversion (530)
[2026.05.12-08.06.14:457][762]LogModuleManager: Shutting down and abandoning module DynamicMesh (528)
[2026.05.12-08.06.14:457][762]LogModuleManager: Shutting down and abandoning module GeometryAlgorithms (526)
[2026.05.12-08.06.14:457][762]LogModuleManager: Shutting down and abandoning module GeometricObjects (524)
[2026.05.12-08.06.14:457][762]LogModuleManager: Shutting down and abandoning module GeometryCollectionTracks (522)
[2026.05.12-08.06.14:457][762]LogModuleManager: Shutting down and abandoning module GeometryCollectionSequencer (521)
[2026.05.12-08.06.14:457][762]LogModuleManager: Shutting down and abandoning module GeometryCollectionEditor (518)
[2026.05.12-08.06.14:458][762]LogModuleManager: Shutting down and abandoning module GeometryCacheTracks (516)
[2026.05.12-08.06.14:458][762]LogModuleManager: Shutting down and abandoning module GeometryCacheStreamer (514)
[2026.05.12-08.06.14:458][762]LogModuleManager: Shutting down and abandoning module GeometryCacheSequencer (512)
[2026.05.12-08.06.14:458][762]LogModuleManager: Shutting down and abandoning module ChaosClothEditor (510)
[2026.05.12-08.06.14:458][762]LogModuleManager: Shutting down and abandoning module FractureEditor (508)
[2026.05.12-08.06.14:458][762]LogModuleManager: Shutting down and abandoning module ChaosNiagara (506)
[2026.05.12-08.06.14:458][762]LogModuleManager: Shutting down and abandoning module ChaosSolverEditor (504)
[2026.05.12-08.06.14:458][762]LogModuleManager: Shutting down and abandoning module FieldSystemEngine (503)
[2026.05.12-08.06.14:458][762]LogModuleManager: Shutting down and abandoning module BackChannel (500)
[2026.05.12-08.06.14:459][762]LogModuleManager: Shutting down and abandoning module AutomationUtilsEditor (498)
[2026.05.12-08.06.14:459][762]LogModuleManager: Shutting down and abandoning module AutomationUtils (496)
[2026.05.12-08.06.14:459][762]LogModuleManager: Shutting down and abandoning module RiderSourceCodeAccess (494)
[2026.05.12-08.06.14:459][762]LogModuleManager: Shutting down and abandoning module UObjectPlugin (492)
[2026.05.12-08.06.14:459][762]LogModuleManager: Shutting down and abandoning module AlembicImporter (490)
[2026.05.12-08.06.14:459][762]LogModuleManager: Shutting down and abandoning module AlembicLibrary (489)
[2026.05.12-08.06.14:459][762]LogModuleManager: Shutting down and abandoning module GeometryCache (488)
[2026.05.12-08.06.14:460][762]LogModuleManager: Shutting down and abandoning module GeometryCacheEd (487)
[2026.05.12-08.06.14:460][762]LogModuleManager: Shutting down and abandoning module VisualStudioCodeSourceCodeAccess (482)
[2026.05.12-08.06.14:460][762]LogModuleManager: Shutting down and abandoning module VisualStudioSourceCodeAccess (480)
[2026.05.12-08.06.14:460][762]LogModuleManager: Shutting down and abandoning module SpeedTreeImporter (478)
[2026.05.12-08.06.14:460][762]LogModuleManager: Shutting down and abandoning module SubversionSourceControl (476)
[2026.05.12-08.06.14:461][762]LogModuleManager: Shutting down and abandoning module PlasticSourceControl (474)
[2026.05.12-08.06.14:461][762]LogModuleManager: Shutting down and abandoning module PluginUtils (472)
[2026.05.12-08.06.14:462][762]LogModuleManager: Shutting down and abandoning module PerforceSourceControl (470)
[2026.05.12-08.06.14:462][762]LogModuleManager: Shutting down and abandoning module GitSourceControl (468)
[2026.05.12-08.06.14:463][762]LogModuleManager: Shutting down and abandoning module SourceControl (467)
[2026.05.12-08.06.14:463][762]LogModuleManager: Shutting down and abandoning module CLionSourceCodeAccess (464)
[2026.05.12-08.06.14:464][762]LogModuleManager: Shutting down and abandoning module AnimationSharingEd (462)
[2026.05.12-08.06.14:464][762]LogModuleManager: Shutting down and abandoning module PluginBrowser (460)
[2026.05.12-08.06.14:464][762]LogModuleManager: Shutting down and abandoning module MobileLauncherProfileWizard (458)
[2026.05.12-08.06.14:465][762]LogModuleManager: Shutting down and abandoning module MaterialAnalyzer (456)
[2026.05.12-08.06.14:465][762]LogModuleManager: Shutting down and abandoning module CurveEditorTools (454)
[2026.05.12-08.06.14:465][762]LogModuleManager: Shutting down and abandoning module CryptoKeysOpenSSL (452)
[2026.05.12-08.06.14:465][762]LogModuleManager: Shutting down and abandoning module CryptoKeys (450)
[2026.05.12-08.06.14:465][762]LogModuleManager: Shutting down and abandoning module VariantManagerContentEditor (448)
[2026.05.12-08.06.14:466][762]LogModuleManager: Shutting down and abandoning module DatasmithContentEditor (446)
[2026.05.12-08.06.14:466][762]LogModuleManager: Shutting down and abandoning module OodleNetworkHandlerComponent (444)
[2026.05.12-08.06.14:466][762]LogModuleManager: Shutting down and abandoning module LightPropagationVolumeEditor (442)
[2026.05.12-08.06.14:466][762]LogModuleManager: Shutting down and abandoning module LiveLinkSequencer (440)
[2026.05.12-08.06.14:467][762]LogModuleManager: Shutting down and abandoning module LiveLinkMovieScene (438)
[2026.05.12-08.06.14:467][762]LogModuleManager: Shutting down and abandoning module LiveLinkGraphNode (436)
[2026.05.12-08.06.14:467][762]LogModuleManager: Shutting down and abandoning module LiveLinkEditor (434)
[2026.05.12-08.06.14:467][762]LogModuleManager: Shutting down and abandoning module LiveLinkComponents (432)
[2026.05.12-08.06.14:467][762]LogModuleManager: Shutting down and abandoning module LiveLink (430)
[2026.05.12-08.06.15:359][762]LogModuleManager: Shutting down and abandoning module PaperTiledImporter (428)
[2026.05.12-08.06.15:359][762]LogModuleManager: Shutting down and abandoning module PaperSpriteSheetImporter (426)
[2026.05.12-08.06.15:359][762]LogModuleManager: Shutting down and abandoning module Paper2DEditor (424)
[2026.05.12-08.06.15:361][762]LogModuleManager: Shutting down and abandoning module MeshPaintingToolset (422)
[2026.05.12-08.06.15:362][762]LogModuleManager: Shutting down and abandoning module MeshPaintEditorMode (420)
[2026.05.12-08.06.15:362][762]LogModuleManager: Shutting down and abandoning module RiderDebuggerSupport (418)
[2026.05.12-08.06.15:362][762]LogModuleManager: Shutting down and abandoning module RiderLogging (416)
[2026.05.12-08.06.15:363][762]LogModuleManager: Shutting down and abandoning module RiderLink (414)
[2026.05.12-08.06.15:368][762]LogModuleManager: Shutting down and abandoning module RD (412)
[2026.05.12-08.06.15:368][762]LogModuleManager: Shutting down and abandoning module RuntimePhysXCooking (410)
[2026.05.12-08.06.15:368][762]LogModuleManager: Shutting down and abandoning module SoundFields (408)
[2026.05.12-08.06.15:368][762]LogModuleManager: Shutting down and abandoning module SignificanceManager (406)
[2026.05.12-08.06.15:368][762]LogModuleManager: Shutting down and abandoning module PropertyAccessEditor (404)
[2026.05.12-08.06.15:368][762]LogModuleManager: Shutting down and abandoning module PhysXVehiclesEditor (402)
[2026.05.12-08.06.15:368][762]LogModuleManager: Shutting down and abandoning module LocationServicesBPLibrary (398)
[2026.05.12-08.06.15:368][762]LogModuleManager: Shutting down and abandoning module AudioSynesthesia (396)
[2026.05.12-08.06.15:369][762]LogModuleManager: Shutting down and abandoning module AudioSynesthesiaCore (394)
[2026.05.12-08.06.15:369][762]LogModuleManager: Shutting down and abandoning module ImgMediaEngine (392)
[2026.05.12-08.06.15:369][762]LogModuleManager: Shutting down and abandoning module UdpMessaging (390)
[2026.05.12-08.06.15:470][762]LogModuleManager: Shutting down and abandoning module ActorSequence (388)
[2026.05.12-08.06.15:470][762]LogModuleManager: Shutting down and abandoning module MagicLeapARPin (386)
[2026.05.12-08.06.15:470][762]LogModuleManager: Shutting down and abandoning module TcpMessaging (384)
[2026.05.12-08.06.15:571][762]LogModuleManager: Shutting down and abandoning module NiagaraAnimNotifies (382)
[2026.05.12-08.06.15:571][762]LogModuleManager: Shutting down and abandoning module Niagara (380)
[2026.05.12-08.06.15:573][762]LogModuleManager: Shutting down and abandoning module SignalProcessing (379)
[2026.05.12-08.06.15:573][762]LogModuleManager: Shutting down and abandoning module NiagaraEditor (377)
[2026.05.12-08.06.15:576][762]LogModuleManager: Shutting down and abandoning module NiagaraCore (374)
[2026.05.12-08.06.15:576][762]LogModuleManager: Shutting down and abandoning module MagicLeapHandMeshing (372)
[2026.05.12-08.06.15:576][762]LogModuleManager: Shutting down and abandoning module MagicLeapSecureStorage (370)
[2026.05.12-08.06.15:576][762]LogModuleManager: Shutting down and abandoning module MagicLeapPrivileges (368)
[2026.05.12-08.06.15:576][762]LogModuleManager: Shutting down and abandoning module MagicLeapPlanes (366)
[2026.05.12-08.06.15:576][762]LogMagicLeapPlanes: Planes tracker already destroyed.
[2026.05.12-08.06.15:576][762]LogModuleManager: Shutting down and abandoning module MagicLeapImageTracker (364)
[2026.05.12-08.06.15:576][762]LogModuleManager: Shutting down and abandoning module MagicLeapIdentity (362)
[2026.05.12-08.06.15:576][762]LogModuleManager: Shutting down and abandoning module MagicLeapHandTracking (360)
[2026.05.12-08.06.15:576][762]LogModuleManager: Shutting down and abandoning module MagicLeapEyeTracker (358)
[2026.05.12-08.06.15:576][762]LogModuleManager: Shutting down and abandoning module MagicLeapController (356)
[2026.05.12-08.06.15:576][762]LogModuleManager: Shutting down and abandoning module MagicLeapARPinImpl (354)
[2026.05.12-08.06.15:576][762]LogModuleManager: Shutting down and abandoning module MagicLeapAR (352)
[2026.05.12-08.06.15:576][762]LogModuleManager: Shutting down and abandoning module PythonScriptPlugin (350)
[2026.05.12-08.06.15:577][762]LogModuleManager: Shutting down and abandoning module GameplayCameras (348)
[2026.05.12-08.06.15:577][762]LogModuleManager: Shutting down and abandoning module PropertyAccessNode (346)
[2026.05.12-08.06.15:577][762]LogModuleManager: Shutting down and abandoning module AnimationSharing (344)
[2026.05.12-08.06.15:577][762]LogModuleManager: Shutting down and abandoning module FacialAnimationEditor (342)
[2026.05.12-08.06.15:577][762]LogModuleManager: Shutting down and abandoning module FacialAnimation (340)
[2026.05.12-08.06.15:577][762]LogModuleManager: Shutting down and abandoning module GameplayTagsEditor (338)
[2026.05.12-08.06.15:577][762]LogModuleManager: Shutting down and abandoning module DataValidation (336)
[2026.05.12-08.06.15:577][762]LogModuleManager: Shutting down and abandoning module AssetManagerEditor (334)
[2026.05.12-08.06.15:577][762]LogModuleManager: Shutting down and abandoning module LevelEditor (333)
[2026.05.12-08.06.15:583][762]LogModuleManager: Shutting down and abandoning module PixelInspectorModule (332)
[2026.05.12-08.06.15:584][762]LogModuleManager: Shutting down and abandoning module CommonMenuExtensions (330)
[2026.05.12-08.06.15:585][762]LogModuleManager: Shutting down and abandoning module MainFrame (328)
[2026.05.12-08.06.15:586][762]LogModuleManager: Shutting down and abandoning module HotReload (327)
[2026.05.12-08.06.15:587][762]LogModuleManager: Shutting down and abandoning module ToolMenus (323)
[2026.05.12-08.06.15:588][762]LogModuleManager: Shutting down and abandoning module ContentBrowser (321)
[2026.05.12-08.06.15:588][762]LogModuleManager: Shutting down and abandoning module ContentBrowserData (320)
[2026.05.12-08.06.15:588][762]LogModuleManager: Shutting down and abandoning module TreeMap (317)
[2026.05.12-08.06.15:589][762]LogModuleManager: Shutting down and abandoning module LightPropagationVolumeRuntime (314)
[2026.05.12-08.06.15:589][762]LogModuleManager: Shutting down and abandoning module EnvironmentQueryEditor (312)
[2026.05.12-08.06.15:589][762]LogModuleManager: Shutting down and abandoning module Paper2D (310)
[2026.05.12-08.06.15:590][762]LogModuleManager: Shutting down and abandoning module WindowsMoviePlayer (308)
[2026.05.12-08.06.15:603][762]LogModuleManager: Shutting down and abandoning module WebMMoviePlayer (306)
[2026.05.12-08.06.15:603][762]LogModuleManager: Shutting down and abandoning module NetworkReplayStreaming (304)
[2026.05.12-08.06.15:604][762]LogModuleManager: Shutting down and abandoning module PacketHandler (302)
[2026.05.12-08.06.15:604][762]LogModuleManager: Shutting down and abandoning module ClothingSystemEditor (300)
[2026.05.12-08.06.15:604][762]LogModuleManager: Shutting down and abandoning module ClothingSystemRuntimeNv (298)
[2026.05.12-08.06.15:606][762]LogModuleManager: Shutting down and abandoning module MediaAssets (296)
[2026.05.12-08.06.15:606][762]LogModuleManager: Shutting down and abandoning module Overlay (294)
[2026.05.12-08.06.15:606][762]LogModuleManager: Shutting down and abandoning module OverlayEditor (293)
[2026.05.12-08.06.15:606][762]LogModuleManager: Shutting down and abandoning module VREditor (290)
[2026.05.12-08.06.15:606][762]LogModuleManager: Shutting down and abandoning module StringTableEditor (288)
[2026.05.12-08.06.15:606][762]LogModuleManager: Shutting down and abandoning module GameplayTasksEditor (286)
[2026.05.12-08.06.15:606][762]LogModuleManager: Shutting down and abandoning module BehaviorTreeEditor (284)
[2026.05.12-08.06.15:608][762]LogModuleManager: Shutting down and abandoning module FunctionalTesting (282)
[2026.05.12-08.06.15:608][762]LogModuleManager: Shutting down and abandoning module CollisionAnalyzer (280)
[2026.05.12-08.06.15:609][762]LogModuleManager: Shutting down and abandoning module WorkspaceMenuStructure (279)
[2026.05.12-08.06.15:611][762]LogModuleManager: Shutting down and abandoning module UMG (276)
[2026.05.12-08.06.15:611][762]LogModuleManager: Shutting down and abandoning module UMGEditor (275)
[2026.05.12-08.06.15:612][762]LogModuleManager: Shutting down and abandoning module MessageLog (273)
[2026.05.12-08.06.15:612][762]LogModuleManager: Shutting down and abandoning module SlateReflector (268)
[2026.05.12-08.06.15:615][762]LogModuleManager: Shutting down and abandoning module Slate (266)
[2026.05.12-08.06.15:615][762]LogModuleManager: Shutting down and abandoning module SlateCore (264)
[2026.05.12-08.06.15:615][762]LogModuleManager: Shutting down and abandoning module LandscapeEditorUtilities (262)
[2026.05.12-08.06.15:615][762]LogModuleManager: Shutting down and abandoning module UnrealEd (260)
[2026.05.12-08.06.15:615][762]LogModuleManager: Shutting down and abandoning module MRMesh (258)
[2026.05.12-08.06.15:615][762]LogModuleManager: Shutting down and abandoning module SourceCodeAccess (256)
[2026.05.12-08.06.15:615][762]LogModuleManager: Shutting down and abandoning module HeadMountedDisplay (254)
[2026.05.12-08.06.15:615][762]LogModuleManager: Shutting down and abandoning module XAudio2 (252)
[2026.05.12-08.06.15:616][762]LogModuleManager: Shutting down and abandoning module Networking (250)
[2026.05.12-08.06.15:616][762]LogModuleManager: Shutting down and abandoning module Core (248)
[2026.05.12-08.06.15:616][762]LogModuleManager: Shutting down and abandoning module MaterialEditor (246)
[2026.05.12-08.06.15:616][762]LogModuleManager: Shutting down and abandoning module MovieSceneTools (244)
[2026.05.12-08.06.15:616][762]LogModuleManager: Shutting down and abandoning module CurveEditor (243)
[2026.05.12-08.06.15:616][762]LogModuleManager: Shutting down and abandoning module Sequencer (241)
[2026.05.12-08.06.15:618][762]LogModuleManager: Shutting down and abandoning module EditorStyle (240)
[2026.05.12-08.06.15:621][762]LogModuleManager: Shutting down and abandoning module KismetCompiler (236)
[2026.05.12-08.06.15:621][762]LogModuleManager: Shutting down and abandoning module MeshBuilder (234)
[2026.05.12-08.06.15:622][762]LogModuleManager: Shutting down and abandoning module MeshUtilities (232)
[2026.05.12-08.06.15:622][762]LogModuleManager: Shutting down and abandoning module MeshMergeUtilities (231)
[2026.05.12-08.06.15:623][762]LogModuleManager: Shutting down and abandoning module MeshReductionInterface (230)
[2026.05.12-08.06.15:623][762]LogModuleManager: Shutting down and abandoning module MeshBoneReduction (229)
[2026.05.12-08.06.15:623][762]LogModuleManager: Shutting down and abandoning module SkeletalMeshReduction (227)
[2026.05.12-08.06.15:623][762]LogModuleManager: Shutting down and abandoning module ProxyLODMeshReduction (225)
[2026.05.12-08.06.15:624][762]LogModuleManager: Shutting down and abandoning module QuadricMeshReduction (223)
[2026.05.12-08.06.15:624][762]LogModuleManager: Shutting down and abandoning module MaterialBaking (219)
[2026.05.12-08.06.15:624][762]LogModuleManager: Shutting down and abandoning module NullInstallBundleManager (214)
[2026.05.12-08.06.15:624][762]LogModuleManager: Shutting down and abandoning module DerivedDataCache (212)
[2026.05.12-08.06.15:624][762]LogModuleManager: Shutting down and abandoning module TargetPlatform (210)
[2026.05.12-08.06.15:626][762]LogModuleManager: Shutting down and abandoning module VulkanShaderFormat (209)
[2026.05.12-08.06.15:629][762]LogModuleManager: Shutting down and abandoning module ShaderFormatVectorVM (207)
[2026.05.12-08.06.15:629][762]LogModuleManager: Shutting down and abandoning module ShaderFormatOpenGL (205)
[2026.05.12-08.06.15:629][762]LogModuleManager: Shutting down and abandoning module ShaderFormatD3D (203)
[2026.05.12-08.06.15:630][762]LogModuleManager: Shutting down and abandoning module MetalShaderFormat (201)
[2026.05.12-08.06.15:630][762]LogModuleManager: Shutting down and abandoning module TextureFormatOodle (199)
[2026.05.12-08.06.15:630][762]LogModuleManager: Shutting down and abandoning module TextureFormatUncompressed (197)
[2026.05.12-08.06.15:630][762]LogModuleManager: Shutting down and abandoning module TextureFormatPVR (195)
[2026.05.12-08.06.15:630][762]LogModuleManager: Shutting down and abandoning module TextureFormatETC2 (193)
[2026.05.12-08.06.15:631][762]LogModuleManager: Shutting down and abandoning module TextureFormatDXT (191)
[2026.05.12-08.06.15:631][762]LogModuleManager: Shutting down and abandoning module TextureFormatIntelISPCTexComp (189)
[2026.05.12-08.06.15:632][762]LogModuleManager: Shutting down and abandoning module TextureFormatASTC (187)
[2026.05.12-08.06.15:632][762]LogModuleManager: Shutting down and abandoning module ImageWrapper (186)
[2026.05.12-08.06.15:632][762]LogModuleManager: Shutting down and abandoning module AudioFormatOpus (183)
[2026.05.12-08.06.15:632][762]LogModuleManager: Shutting down and abandoning module AudioFormatOgg (181)
[2026.05.12-08.06.15:632][762]LogModuleManager: Shutting down and abandoning module AudioFormatADPCM (179)
[2026.05.12-08.06.15:632][762]LogModuleManager: Shutting down and abandoning module WindowsServerTargetPlatform (177)
[2026.05.12-08.06.15:632][762]LogModuleManager: Shutting down and abandoning module WindowsClientTargetPlatform (175)
[2026.05.12-08.06.15:632][762]LogModuleManager: Shutting down and abandoning module WindowsTargetPlatform (173)
[2026.05.12-08.06.15:632][762]LogModuleManager: Shutting down and abandoning module WindowsNoEditorTargetPlatform (171)
[2026.05.12-08.06.15:632][762]LogModuleManager: Shutting down and abandoning module TVOSTargetPlatform (169)
[2026.05.12-08.06.15:643][762]LogModuleManager: Shutting down and abandoning module MacServerTargetPlatform (167)
[2026.05.12-08.06.15:644][762]LogModuleManager: Shutting down and abandoning module MacClientTargetPlatform (165)
[2026.05.12-08.06.15:644][762]LogModuleManager: Shutting down and abandoning module MacTargetPlatform (163)
[2026.05.12-08.06.15:644][762]LogModuleManager: Shutting down and abandoning module MacNoEditorTargetPlatform (161)
[2026.05.12-08.06.15:644][762]LogModuleManager: Shutting down and abandoning module LuminTargetPlatform (159)
[2026.05.12-08.06.15:662][762]LogModuleManager: Shutting down and abandoning module LinuxAArch64ServerTargetPlatform (157)
[2026.05.12-08.06.15:662][762]LogModuleManager: Shutting down and abandoning module LinuxAArch64ClientTargetPlatform (155)
[2026.05.12-08.06.15:662][762]LogModuleManager: Shutting down and abandoning module LinuxAArch64NoEditorTargetPlatform (153)
[2026.05.12-08.06.15:662][762]LogModuleManager: Shutting down and abandoning module LinuxServerTargetPlatform (151)
[2026.05.12-08.06.15:662][762]LogModuleManager: Shutting down and abandoning module LinuxClientTargetPlatform (149)
[2026.05.12-08.06.15:663][762]LogModuleManager: Shutting down and abandoning module LinuxNoEditorTargetPlatform (147)
[2026.05.12-08.06.15:663][762]LogModuleManager: Shutting down and abandoning module LinuxTargetPlatform (145)
[2026.05.12-08.06.15:663][762]LogModuleManager: Shutting down and abandoning module Messaging (143)
[2026.05.12-08.06.15:663][762]LogModuleManager: Shutting down and abandoning module IOSTargetPlatform (141)
[2026.05.12-08.06.15:673][762]LogModuleManager: Shutting down and abandoning module AndroidTargetPlatform (139)
[2026.05.12-08.06.15:705][762]LogModuleManager: Shutting down and abandoning module AllDesktopTargetPlatform (137)
[2026.05.12-08.06.15:705][762]LogModuleManager: Shutting down and abandoning module D3D11RHI (134)
[2026.05.12-08.06.15:705][762]LogModuleManager: Shutting down and abandoning module InputCore (132)
[2026.05.12-08.06.15:705][762]LogModuleManager: Shutting down and abandoning module Settings (130)
[2026.05.12-08.06.15:706][762]LogModuleManager: Shutting down and abandoning module DirectoryWatcher (128)
[2026.05.12-08.06.15:707][762]LogModuleManager: Shutting down and abandoning module PhysXCooking (126)
[2026.05.12-08.06.15:707][762]LogModuleManager: Shutting down and abandoning module Chaos (124)
[2026.05.12-08.06.15:708][762]LogModuleManager: Shutting down and abandoning module WindowsPlatformFeatures (122)
[2026.05.12-08.06.15:708][762]LogModuleManager: Shutting down and abandoning module GameplayMediaEncoder (121)
[2026.05.12-08.06.15:709][762]LogModuleManager: Shutting down and abandoning module AVEncoder (120)
[2026.05.12-08.06.15:709][762]LogModuleManager: Shutting down and abandoning module SteamVRInputDevice (116)
[2026.05.12-08.06.15:709][762]LogModuleManager: Shutting down and abandoning module SteamVRInput (114)
[2026.05.12-08.06.15:709][762]LogModuleManager: Shutting down and abandoning module SteamVR (112)
[2026.05.12-08.06.15:709][762]LogHMD: Freeing OpenVRDLLHandle.
[2026.05.12-08.06.15:709][762]LogModuleManager: Shutting down and abandoning module OculusHMD (110)
[2026.05.12-08.06.15:710][762]LogModuleManager: Shutting down and abandoning module OpenXRHandTracking (108)
[2026.05.12-08.06.15:711][762]LogSlate: Slate User Destroyed.  User Index 0, Is Virtual User: 0
[2026.05.12-08.06.15:711][762]LogModuleManager: Shutting down and abandoning module OpenXREyeTracker (106)
[2026.05.12-08.06.15:711][762]LogModuleManager: Shutting down and abandoning module OpenXRAR (104)
[2026.05.12-08.06.15:711][762]LogModuleManager: Shutting down and abandoning module AugmentedReality (103)
[2026.05.12-08.06.15:711][762]LogModuleManager: Shutting down and abandoning module OpenXRHMD (100)
[2026.05.12-08.06.15:715][762]LogModuleManager: Shutting down and abandoning module ExampleDeviceProfileSelector (98)
[2026.05.12-08.06.15:715][762]LogModuleManager: Shutting down and abandoning module ChunkDownloader (96)
[2026.05.12-08.06.15:715][762]LogModuleManager: Shutting down and abandoning module WmfMedia (94)
[2026.05.12-08.06.15:718][762]LogModuleManager: Shutting down and abandoning module Media (93)
[2026.05.12-08.06.15:719][762]LogModuleManager: Shutting down and abandoning module MediaInfo (92)
[2026.05.12-08.06.15:719][762]LogModuleManager: Shutting down and abandoning module ExrReaderGpu (88)
[2026.05.12-08.06.15:719][762]LogModuleManager: Shutting down and abandoning module LauncherChunkInstaller (86)
[2026.05.12-08.06.15:719][762]LogModuleManager: Shutting down and abandoning module OnlineBlueprintSupport (84)
[2026.05.12-08.06.15:719][762]LogModuleManager: Shutting down and abandoning module OnlineSubsystem (80)
[2026.05.12-08.06.15:721][762]LogModuleManager: Shutting down and abandoning module XMPP (75)
[2026.05.12-08.06.15:722][762]LogModuleManager: Shutting down and abandoning module WebSockets (74)
[2026.05.12-08.06.15:728][762]LogModuleManager: Shutting down and abandoning module HTTP (71)
[2026.05.12-08.06.15:729][762]LogHttp: Display: Http module shutting down, but needs to wait on 1 outstanding Http requests:
[2026.05.12-08.06.15:729][762]LogHttp: Display: 	verb=[POST] url=[https://datarouter.ol.epicgames.com/datarouter/api/v1/public/data?SessionID=%7B813488C8-4EC1-B9A1-1BAE-83AE2FBFAB35%7D&AppID=UEEditor.Rocket.Release&AppVersion=4.27.2-18319896%2B%2B%2BUE4%2BRelease-4.27&UserID=55c73c474e92d0c37f07ab8febe04a38%7C81d32e9996224e89b0dfec987a357124%7Cdc1b3db0-7ab3-4480-bd05-cd7efc218524&AppEnvironment=datacollector-binary&UploadType=eteventstream] refs=[1] status=Processing
[2026.05.12-08.06.15:729][762]LogHttp: Display: cleaning up 1 outstanding Http requests.
[2026.05.12-08.06.15:732][762]LogModuleManager: Shutting down and abandoning module SSL (70)
[2026.05.12-08.06.15:738][762]LogModuleManager: Shutting down and abandoning module MLSDK (66)
[2026.05.12-08.06.15:738][762]LogModuleManager: Shutting down and abandoning module NiagaraVertexFactories (64)
[2026.05.12-08.06.15:738][762]LogModuleManager: Shutting down and abandoning module NiagaraShader (62)
[2026.05.12-08.06.15:738][762]LogModuleManager: Shutting down and abandoning module MagicLeap (60)
[2026.05.12-08.06.15:738][762]LogModuleManager: Shutting down and abandoning module ChaosCloth (58)
[2026.05.12-08.06.15:738][762]LogModuleManager: Shutting down and abandoning module PixWinPlugin (56)
[2026.05.12-08.06.15:739][762]LogModuleManager: Shutting down and abandoning module VariantManagerContent (54)
[2026.05.12-08.06.15:739][762]LogModuleManager: Shutting down and abandoning module DatasmithContent (52)
[2026.05.12-08.06.15:739][762]LogModuleManager: Shutting down and abandoning module AISupportModule (50)
[2026.05.12-08.06.15:739][762]LogModuleManager: Shutting down and abandoning module DesktopPlatform (48)
[2026.05.12-08.06.15:739][762]LogModuleManager: Shutting down and abandoning module PlatformCryptoOpenSSL (46)
[2026.05.12-08.06.15:740][762]LogModuleManager: Shutting down and abandoning module PlatformCryptoTypes (44)
[2026.05.12-08.06.15:740][762]LogModuleManager: Shutting down and abandoning module PlatformCrypto (42)
[2026.05.12-08.06.15:740][762]LogModuleManager: Shutting down and abandoning module PythonScriptPluginPreload (40)
[2026.05.12-08.06.15:740][762]LogModuleManager: Shutting down and abandoning module OodleDataCompressionFormat (38)
[2026.05.12-08.06.15:741][762]LogModuleManager: Shutting down and abandoning module XGEController (36)
[2026.05.12-08.06.15:741][762]LogXGEController: Cleaning working directory: C:/Users/LiamChen/AppData/Local/Temp/UnrealXGEWorkingDir/
[2026.05.12-08.06.15:741][762]LogModuleManager: Shutting down and abandoning module AnimationModifiers (34)
[2026.05.12-08.06.15:742][762]LogModuleManager: Shutting down and abandoning module AudioEditor (32)
[2026.05.12-08.06.15:744][762]LogModuleManager: Shutting down and abandoning module PropertyEditor (31)
[2026.05.12-08.06.15:746][762]LogModuleManager: Shutting down and abandoning module TextureCompressor (28)
[2026.05.12-08.06.15:747][762]LogModuleManager: Shutting down and abandoning module RenderCore (26)
[2026.05.12-08.06.15:747][762]LogModuleManager: Shutting down and abandoning module Landscape (24)
[2026.05.12-08.06.15:747][762]LogModuleManager: Shutting down and abandoning module SlateRHIRenderer (22)
[2026.05.12-08.06.15:753][762]LogModuleManager: Shutting down and abandoning module AnimGraphRuntime (20)
[2026.05.12-08.06.15:754][762]LogModuleManager: Shutting down and abandoning module Renderer (18)
[2026.05.12-08.06.15:754][762]LogModuleManager: Shutting down and abandoning module Engine (16)
[2026.05.12-08.06.15:754][762]LogModuleManager: Shutting down and abandoning module CoreUObject (14)
[2026.05.12-08.06.15:754][762]LogModuleManager: Shutting down and abandoning module NetworkFile (12)
[2026.05.12-08.06.15:755][762]LogModuleManager: Shutting down and abandoning module CookedIterativeFile (10)
[2026.05.12-08.06.15:755][762]LogModuleManager: Shutting down and abandoning module StreamingFile (8)
[2026.05.12-08.06.15:755][762]LogModuleManager: Shutting down and abandoning module SandboxFile (6)
[2026.05.12-08.06.15:755][762]LogModuleManager: Shutting down and abandoning module PakFile (4)
[2026.05.12-08.06.15:756][762]LogModuleManager: Shutting down and abandoning module RSA (3)
[2026.05.12-08.06.15:757][762]LogContentStreaming: Display: There are 1 unreleased StreamingManagers
[2026.05.12-08.06.15:804][762]LogD3D11RHI: Shutdown
[2026.05.12-08.06.15:804][762]LogD3D11RHI: CleanupD3DDevice
[2026.05.12-08.06.15:838][762]LogExit: Exiting.
[2026.05.12-08.06.15:862][762]Log file closed, 05/12/26 17:06:15
