Log file open, 05/14/26 09:08:21
LogWindows: Failed to load 'aqProf.dll' (GetLastError=126)
LogWindows: File 'aqProf.dll' does not exist
LogWindows: Failed to load 'VtuneApi.dll' (GetLastError=126)
LogWindows: File 'VtuneApi.dll' does not exist
LogWindows: Failed to load 'VtuneApi32e.dll' (GetLastError=126)
LogWindows: File 'VtuneApi32e.dll' does not exist
LogConsoleResponse: Display: Failed to find resolution value strings in scalability ini. Falling back to default.
LogConsoleResponse: Display: Failed to find resolution value strings in scalability ini. Falling back to default.
LogInit: Display: Running engine for game: ALSV4
LogPlatformFile: Not using cached read wrapper
LogTaskGraph: Started task graph with 5 named threads and 71 total threads with 3 sets of task threads.
LogStats: Stats thread started at 0.186727
LogICUInternationalization: ICU TimeZone Detection - Raw Offset: +9:00, Platform Override: ''
LogInit: Display: Loading text-based GConfig....
LogPluginManager: Mounting plugin MeshPainting
LogPluginManager: Mounting plugin XGEController
LogPluginManager: Mounting plugin LiveLink
LogPluginManager: Mounting plugin Paper2D
LogPluginManager: Mounting plugin LightPropagationVolume
LogPluginManager: Mounting plugin GameplayCameras
LogPluginManager: Mounting plugin OodleNetwork
LogPluginManager: Mounting plugin CameraShakePreviewer
LogPluginManager: Mounting plugin OodleData
LogPluginManager: Mounting plugin AssetManagerEditor
LogPluginManager: Mounting plugin CryptoKeys
LogPluginManager: Mounting plugin CurveEditorTools
LogPluginManager: Mounting plugin DataValidation
LogPluginManager: Mounting plugin FacialAnimation
LogPluginManager: Mounting plugin GameplayTagsEditor
LogPluginManager: Mounting plugin GeometryMode
LogPluginManager: Mounting plugin MacGraphicsSwitching
LogPluginManager: Mounting plugin MaterialAnalyzer
LogPluginManager: Mounting plugin MobileLauncherProfileWizard
LogPluginManager: Mounting plugin AnimationSharing
LogPluginManager: Mounting plugin PluginBrowser
LogPluginManager: Mounting plugin CLionSourceCodeAccess
LogPluginManager: Mounting plugin CodeLiteSourceCodeAccess
LogPluginManager: Mounting plugin GitSourceControl
LogPluginManager: Mounting plugin KDevelopSourceCodeAccess
LogPluginManager: Mounting plugin PerforceSourceControl
LogPluginManager: Mounting plugin SpeedTreeImporter
LogPluginManager: Mounting plugin PixWinPlugin
LogPluginManager: Mounting plugin NullSourceCodeAccess
LogPluginManager: Mounting plugin PlasticSourceControl
LogPluginManager: Mounting plugin PluginUtils
LogPluginManager: Mounting plugin PropertyAccessNode
LogPluginManager: Mounting plugin RiderSourceCodeAccess
LogPluginManager: Mounting plugin TextureFormatOodle
LogPluginManager: Mounting plugin SubversionSourceControl
LogPluginManager: Mounting plugin VisualStudioSourceCodeAccess
LogPluginManager: Mounting plugin AlembicImporter
LogPluginManager: Mounting plugin VisualStudioCodeSourceCodeAccess
LogPluginManager: Mounting plugin UObjectPlugin
LogPluginManager: Mounting plugin AutomationUtils
LogPluginManager: Mounting plugin Niagara
LogPluginManager: Mounting plugin ChaosClothEditor
LogPluginManager: Mounting plugin ChaosNiagara
LogPluginManager: Mounting plugin BackChannel
LogPluginManager: Mounting plugin XCodeSourceCodeAccess
LogPluginManager: Mounting plugin CharacterAI
LogPluginManager: Mounting plugin ChaosEditor
LogPluginManager: Mounting plugin ChaosSolverPlugin
LogPluginManager: Mounting plugin GeometryCollectionPlugin
LogPluginManager: Mounting plugin MagicLeap
LogPluginManager: Mounting plugin MagicLeapLightEstimation
LogPluginManager: Mounting plugin MagicLeapPassableWorld
LogPluginManager: Mounting plugin LuminPlatformFeatures
LogPluginManager: Mounting plugin MLSDK
LogPluginManager: Mounting plugin GeometryCache
LogPluginManager: Mounting plugin OpenImageDenoise
LogPluginManager: Mounting plugin GeometryProcessing
LogPluginManager: Mounting plugin PlatformCrypto
LogPluginManager: Mounting plugin PlanarCut
LogPluginManager: Mounting plugin ProxyLODPlugin
LogPluginManager: Mounting plugin PythonScriptPlugin
LogPluginManager: Mounting plugin MotoSynth
LogPluginManager: Mounting plugin MagicLeapMedia
LogPluginManager: Mounting plugin ChaosCloth
LogPluginManager: Mounting plugin SkeletalReduction
LogPluginManager: Mounting plugin DatasmithContent
LogPluginManager: Mounting plugin VariantManagerContent
LogPluginManager: Mounting plugin AndroidMedia
LogPluginManager: Mounting plugin AvfMedia
LogPluginManager: Mounting plugin LevelSequenceEditor
LogPluginManager: Mounting plugin ActorSequence
LogPluginManager: Mounting plugin MatineeToLevelSequence
LogPluginManager: Mounting plugin TemplateSequence
LogPluginManager: Mounting plugin MediaCompositing
LogPluginManager: Mounting plugin ImgMedia
LogPluginManager: Mounting plugin MediaPlayerEditor
LogPluginManager: Mounting plugin WebMMedia
LogPluginManager: Mounting plugin WmfMedia
LogPluginManager: Mounting plugin OnlineSubsystem
LogPluginManager: Mounting plugin OnlineSubsystemUtils
LogPluginManager: Mounting plugin OnlineSubsystemNull
LogPluginManager: Mounting plugin LauncherChunkInstaller
LogPluginManager: Mounting plugin TcpMessaging
LogPluginManager: Mounting plugin UdpMessaging
LogPluginManager: Mounting plugin ActorLayerUtilities
LogPluginManager: Mounting plugin AndroidPermission
LogPluginManager: Mounting plugin ScreenshotTools
LogPluginManager: Mounting plugin AppleMoviePlayer
LogPluginManager: Mounting plugin AndroidMoviePlayer
LogPluginManager: Mounting plugin AudioCapture
LogPluginManager: Mounting plugin CableComponent
LogPluginManager: Mounting plugin AudioSynesthesia
LogPluginManager: Mounting plugin ChunkDownloader
LogPluginManager: Mounting plugin CustomMeshComponent
LogPluginManager: Mounting plugin AssetTags
LogPluginManager: Mounting plugin ArchVisCharacter
LogPluginManager: Mounting plugin EditableMesh
LogPluginManager: Mounting plugin ExampleDeviceProfileSelector
LogPluginManager: Mounting plugin GoogleCloudMessaging
LogPluginManager: Mounting plugin AppleImageUtils
LogPluginManager: Mounting plugin GooglePAD
LogPluginManager: Mounting plugin AndroidDeviceProfileSelector
LogPluginManager: Mounting plugin LinuxDeviceProfileSelector
LogPluginManager: Mounting plugin IOSDeviceProfileSelector
LogPluginManager: Mounting plugin LocationServicesBPLibrary
LogPluginManager: Mounting plugin MobilePatchingUtils
LogPluginManager: Mounting plugin OpenXRHandTracking
LogPluginManager: Mounting plugin Takes
LogPluginManager: Mounting plugin OpenXR
LogPluginManager: Mounting plugin OpenXREyeTracker
LogPluginManager: Mounting plugin PostSplashScreen
LogPluginManager: Mounting plugin SoundFields
LogPluginManager: Mounting plugin PropertyAccessEditor
LogPluginManager: Mounting plugin PhysXVehicles
LogPluginManager: Mounting plugin RuntimePhysXCooking
LogPluginManager: Mounting plugin ProceduralMeshComponent
LogPluginManager: Mounting plugin SignificanceManager
LogPluginManager: Mounting plugin WebMMoviePlayer
LogPluginManager: Mounting plugin Synthesis
LogPluginManager: Mounting plugin WindowsMoviePlayer
LogPluginManager: Mounting plugin AISupport
LogPluginManager: Mounting plugin EnvironmentQueryEditor
LogPluginManager: Mounting plugin ContentBrowserAssetDataSource
LogPluginManager: Mounting plugin ContentBrowserClassDataSource
LogPluginManager: Mounting plugin ContentBrowserFileDataSource
LogPluginManager: Mounting plugin RiderLink
LogPluginManager: Mounting plugin OnlineSubsystemGooglePlay
LogPluginManager: Mounting plugin OnlineSubsystemIOS
LogPluginManager: Mounting plugin OculusVR
LogPluginManager: Mounting plugin SteamVR
PixWinPlugin: PIX capture plugin failed to initialize! Check that the process is launched from PIX.
LogInit: Using libcurl 7.55.1-DEV
LogInit:  - built for x86_64-pc-win32
LogInit:  - supports SSL with OpenSSL/1.1.1
LogInit:  - supports HTTP deflate (compression) using libz 1.2.8
LogInit:  - other features:
LogInit:      CURL_VERSION_SSL
LogInit:      CURL_VERSION_LIBZ
LogInit:      CURL_VERSION_IPV6
LogInit:      CURL_VERSION_ASYNCHDNS
LogInit:      CURL_VERSION_LARGEFILE
LogInit:      CURL_VERSION_IDN
LogInit:  CurlRequestOptions (configurable via config and command line):
LogInit:  - bVerifyPeer = true  - Libcurl will verify peer certificate
LogInit:  - bUseHttpProxy = false  - Libcurl will NOT use HTTP proxy
LogInit:  - bDontReuseConnections = false  - Libcurl will reuse connections
LogInit:  - MaxHostConnections = 16  - Libcurl will limit the number of connections to a host
LogInit:  - LocalHostAddr = Default
LogInit:  - BufferSize = 65536
LogOnline: OSS: Creating online subsystem instance for: NULL
LogInit: WinSock: version 1.1 (2.2), MaxSocks=32767, MaxUdp=65467
LogOnline: OSS: TryLoadSubsystemAndSetDefault: Loaded subsystem for module [NULL]
LogOculusPluginWrapper: OculusPlugin initialized successfully
LogHMD: Failed initializing OVRPlugin 1.59.0
LogInit: Build: ++UE4+Release-4.27-CL-18319896
LogInit: Engine Version: 4.27.2-18319896+++UE4+Release-4.27
LogInit: Compatible Engine Version: 4.27.0-17155196+++UE4+Release-4.27
LogInit: Net CL: 17155196
LogInit: OS: Windows 10 (Release 2009) (), CPU: 13th Gen Intel(R) Core(TM) i7-13700, GPU: NVIDIA GeForce RTX 4070
LogInit: Compiled (64-bit): Nov 30 2021 07:12:08
LogInit: Compiled with Visual C++: 19.24.28315.00
LogInit: Build Configuration: Development
LogInit: Branch Name: ++UE4+Release-4.27
LogInit: Command Line:  -AUTH_LOGIN=unused -AUTH_PASSWORD=0cff89e916e249a68bac94f65212d8c5 -AUTH_TYPE=exchangecode -epicapp=UE_4.27 -epicenv=Prod -EpicPortal -epicusername=夜空の星屑テレパス -epicuserid=81d32e9996224e89b0dfec987a357124 -epiclocale=zh-CN -epicsandboxid=ue
LogInit: Base Directory: C:/Program Files/Epic Games/UE_4.27/Engine/Binaries/Win64/
LogInit: Allocator: TBB
LogInit: Installed Engine Build: 1
LogDevObjectVersion: Number of dev versions registered: 29
LogDevObjectVersion:   Dev-Blueprints (B0D832E4-1F89-4F0D-ACCF-7EB736FD4AA2): 10
LogDevObjectVersion:   Dev-Build (E1C64328-A22C-4D53-A36C-8E866417BD8C): 0
LogDevObjectVersion:   Dev-Core (375EC13C-06E4-48FB-B500-84F0262A717E): 4
LogDevObjectVersion:   Dev-Editor (E4B068ED-F494-42E9-A231-DA0B2E46BB41): 40
LogDevObjectVersion:   Dev-Framework (CFFC743F-43B0-4480-9391-14DF171D2073): 37
LogDevObjectVersion:   Dev-Mobile (B02B49B5-BB20-44E9-A304-32B752E40360): 3
LogDevObjectVersion:   Dev-Networking (A4E4105C-59A1-49B5-A7C5-40C4547EDFEE): 0
LogDevObjectVersion:   Dev-Online (39C831C9-5AE6-47DC-9A44-9C173E1C8E7C): 0
LogDevObjectVersion:   Dev-Physics (78F01B33-EBEA-4F98-B9B4-84EACCB95AA2): 14
LogDevObjectVersion:   Dev-Platform (6631380F-2D4D-43E0-8009-CF276956A95A): 0
LogDevObjectVersion:   Dev-Rendering (12F88B9F-8875-4AFC-A67C-D90C383ABD29): 45
LogDevObjectVersion:   Dev-Sequencer (7B5AE74C-D270-4C10-A958-57980B212A5A): 13
LogDevObjectVersion:   Dev-VR (D7296918-1DD6-4BDD-9DE2-64A83CC13884): 3
LogDevObjectVersion:   Dev-LoadTimes (C2A15278-BFE7-4AFE-6C17-90FF531DF755): 1
LogDevObjectVersion:   Private-Geometry (6EACA3D4-40EC-4CC1-B786-8BED09428FC5): 3
LogDevObjectVersion:   Dev-AnimPhys (29E575DD-E0A3-4627-9D10-D276232CDCEA): 17
LogDevObjectVersion:   Dev-Anim (AF43A65D-7FD3-4947-9873-3E8ED9C1BB05): 15
LogDevObjectVersion:   Dev-ReflectionCapture (6B266CEC-1EC7-4B8F-A30B-E4D90942FC07): 1
LogDevObjectVersion:   Dev-Automation (0DF73D61-A23F-47EA-B727-89E90C41499A): 1
LogDevObjectVersion:   FortniteMain (601D1886-AC64-4F84-AA16-D3DE0DEAC7D6): 47
LogDevObjectVersion:   FortniteRelease (E7086368-6B23-4C58-8439-1B7016265E91): 1
LogDevObjectVersion:   Dev-Enterprise (9DFFBCD6-494F-0158-E221-12823C92A888): 10
LogDevObjectVersion:   Dev-Niagara (F2AED0AC-9AFE-416F-8664-AA7FFA26D6FC): 1
LogDevObjectVersion:   Dev-Destruction (174F1F0B-B4C6-45A5-B13F-2EE8D0FB917D): 10
LogDevObjectVersion:   Dev-Physics-Ext (35F94A83-E258-406C-A318-09F59610247C): 41
LogDevObjectVersion:   Dev-PhysicsMaterial-Chaos (B68FC16E-8B1B-42E2-B453-215C058844FE): 1
LogDevObjectVersion:   Dev-CineCamera (B2E18506-4273-CFC2-A54E-F4BB758BBA07): 1
LogDevObjectVersion:   Dev-VirtualProduction (64F58936-FD1B-42BA-BA96-7289D5D0FA4E): 1
LogDevObjectVersion:   Dev-MediaFramework (6F0ED827-A609-4895-9C91-998D90180EA4): 2
LogInit: Presizing for max 25165824 objects, including 0 objects not considered by GC, pre-allocating 0 bytes for permanent pool.
LogConfig: Applying CVar settings from Section [/Script/Engine.StreamingSettings] File [C:/UEProject/UnrealLearn/ALSV4/Saved/Config/Windows/Engine.ini]
LogConfig: Setting CVar [[s.MinBulkDataSizeForAsyncLoading:131072]]
LogConfig: Setting CVar [[s.AsyncLoadingThreadEnabled:0]]
LogConfig: Setting CVar [[s.EventDrivenLoaderEnabled:1]]
LogConfig: Setting CVar [[s.WarnIfTimeLimitExceeded:0]]
LogConfig: Setting CVar [[s.TimeLimitExceededMultiplier:1.5]]
LogConfig: Setting CVar [[s.TimeLimitExceededMinTime:0.005]]
LogConfig: Setting CVar [[s.UseBackgroundLevelStreaming:1]]
LogConfig: Setting CVar [[s.PriorityAsyncLoadingExtraTime:15.0]]
LogConfig: Setting CVar [[s.LevelStreamingActorsUpdateTimeLimit:5.0]]
LogConfig: Setting CVar [[s.PriorityLevelStreamingActorsUpdateExtraTime:5.0]]
LogConfig: Setting CVar [[s.LevelStreamingComponentsRegistrationGranularity:10]]
LogConfig: Setting CVar [[s.UnregisterComponentsTimeLimit:1.0]]
LogConfig: Setting CVar [[s.LevelStreamingComponentsUnregistrationGranularity:5]]
LogConfig: Setting CVar [[s.FlushStreamingOnExit:1]]
LogInit: Object subsystem initialized
LogConfig: Setting CVar [[con.DebugEarlyDefault:1]]
LogConfig: Setting CVar [[r.setres:1280x720]]
[2026.05.14-00.08.21:932][  0]LogConfig: Setting CVar [[r.VSync:0]]
[2026.05.14-00.08.21:932][  0]LogConfig: Setting CVar [[r.RHICmdBypass:0]]
[2026.05.14-00.08.21:932][  0]LogConfig: Applying CVar settings from Section [/Script/Engine.RendererSettings] File [C:/UEProject/UnrealLearn/ALSV4/Saved/Config/Windows/Engine.ini]
[2026.05.14-00.08.21:932][  0]LogConfig: Setting CVar [[r.GPUCrashDebugging:0]]
[2026.05.14-00.08.21:932][  0]LogConfig: Applying CVar settings from Section [/Script/Engine.RendererOverrideSettings] File [C:/UEProject/UnrealLearn/ALSV4/Saved/Config/Windows/Engine.ini]
[2026.05.14-00.08.21:932][  0]LogConfig: Applying CVar settings from Section [/Script/Engine.StreamingSettings] File [C:/UEProject/UnrealLearn/ALSV4/Saved/Config/Windows/Engine.ini]
[2026.05.14-00.08.21:932][  0]LogConfig: Setting CVar [[s.MinBulkDataSizeForAsyncLoading:131072]]
[2026.05.14-00.08.21:932][  0]LogConfig: Setting CVar [[s.AsyncLoadingThreadEnabled:0]]
[2026.05.14-00.08.21:932][  0]LogConfig: Setting CVar [[s.EventDrivenLoaderEnabled:1]]
[2026.05.14-00.08.21:932][  0]LogConfig: Setting CVar [[s.WarnIfTimeLimitExceeded:0]]
[2026.05.14-00.08.21:932][  0]LogConfig: Setting CVar [[s.TimeLimitExceededMultiplier:1.5]]
[2026.05.14-00.08.21:932][  0]LogConfig: Setting CVar [[s.TimeLimitExceededMinTime:0.005]]
[2026.05.14-00.08.21:932][  0]LogConfig: Setting CVar [[s.UseBackgroundLevelStreaming:1]]
[2026.05.14-00.08.21:932][  0]LogConfig: Setting CVar [[s.PriorityAsyncLoadingExtraTime:15.0]]
[2026.05.14-00.08.21:932][  0]LogConfig: Setting CVar [[s.LevelStreamingActorsUpdateTimeLimit:5.0]]
[2026.05.14-00.08.21:932][  0]LogConfig: Setting CVar [[s.PriorityLevelStreamingActorsUpdateExtraTime:5.0]]
[2026.05.14-00.08.21:932][  0]LogConfig: Setting CVar [[s.LevelStreamingComponentsRegistrationGranularity:10]]
[2026.05.14-00.08.21:932][  0]LogConfig: Setting CVar [[s.UnregisterComponentsTimeLimit:1.0]]
[2026.05.14-00.08.21:932][  0]LogConfig: Setting CVar [[s.LevelStreamingComponentsUnregistrationGranularity:5]]
[2026.05.14-00.08.21:932][  0]LogConfig: Setting CVar [[s.FlushStreamingOnExit:1]]
[2026.05.14-00.08.21:932][  0]LogConfig: Applying CVar settings from Section [/Script/Engine.GarbageCollectionSettings] File [C:/UEProject/UnrealLearn/ALSV4/Saved/Config/Windows/Engine.ini]
[2026.05.14-00.08.21:932][  0]LogConfig: Setting CVar [[gc.MaxObjectsNotConsideredByGC:1]]
[2026.05.14-00.08.21:932][  0]LogConfig: Setting CVar [[gc.SizeOfPermanentObjectPool:0]]
[2026.05.14-00.08.21:932][  0]LogConfig: Setting CVar [[gc.FlushStreamingOnGC:0]]
[2026.05.14-00.08.21:932][  0]LogConfig: Setting CVar [[gc.NumRetriesBeforeForcingGC:10]]
[2026.05.14-00.08.21:932][  0]LogConfig: Setting CVar [[gc.AllowParallelGC:1]]
[2026.05.14-00.08.21:932][  0]LogConfig: Setting CVar [[gc.TimeBetweenPurgingPendingKillObjects:61.1]]
[2026.05.14-00.08.21:932][  0]LogConfig: Setting CVar [[gc.MaxObjectsInEditor:25165824]]
[2026.05.14-00.08.21:932][  0]LogConfig: Setting CVar [[gc.IncrementalBeginDestroyEnabled:1]]
[2026.05.14-00.08.21:932][  0]LogConfig: Setting CVar [[gc.CreateGCClusters:1]]
[2026.05.14-00.08.21:932][  0]LogConfig: Setting CVar [[gc.MinGCClusterSize:5]]
[2026.05.14-00.08.21:932][  0]LogConfig: Setting CVar [[gc.ActorClusteringEnabled:0]]
[2026.05.14-00.08.21:932][  0]LogConfig: Setting CVar [[gc.BlueprintClusteringEnabled:0]]
[2026.05.14-00.08.21:932][  0]LogConfig: Setting CVar [[gc.UseDisregardForGCOnDedicatedServers:0]]
[2026.05.14-00.08.21:932][  0]LogConfig: Setting CVar [[gc.MultithreadedDestructionEnabled:1]]
[2026.05.14-00.08.21:932][  0]LogConfig: Applying CVar settings from Section [/Script/Engine.NetworkSettings] File [C:/UEProject/UnrealLearn/ALSV4/Saved/Config/Windows/Engine.ini]
[2026.05.14-00.08.21:932][  0]LogConfig: Applying CVar settings from Section [/Script/UnrealEd.CookerSettings] File [C:/UEProject/UnrealLearn/ALSV4/Saved/Config/Windows/Engine.ini]
[2026.05.14-00.08.21:960][  0]LogConfig: Applying CVar settings from Section [ViewDistanceQuality@3] File [C:/UEProject/UnrealLearn/ALSV4/Saved/Config/Windows/Scalability.ini]
[2026.05.14-00.08.21:960][  0]LogConfig: Setting CVar [[r.SkeletalMeshLODBias:0]]
[2026.05.14-00.08.21:960][  0]LogConfig: Setting CVar [[r.ViewDistanceScale:1.0]]
[2026.05.14-00.08.21:960][  0]LogConfig: Applying CVar settings from Section [AntiAliasingQuality@3] File [C:/UEProject/UnrealLearn/ALSV4/Saved/Config/Windows/Scalability.ini]
[2026.05.14-00.08.21:960][  0]LogConfig: Setting CVar [[r.PostProcessAAQuality:4]]
[2026.05.14-00.08.21:960][  0]LogConfig: Applying CVar settings from Section [ShadowQuality@3] File [C:/UEProject/UnrealLearn/ALSV4/Saved/Config/Windows/Scalability.ini]
[2026.05.14-00.08.21:960][  0]LogConfig: Setting CVar [[r.LightFunctionQuality:1]]
[2026.05.14-00.08.21:960][  0]LogConfig: Setting CVar [[r.ShadowQuality:5]]
[2026.05.14-00.08.21:960][  0]LogConfig: Setting CVar [[r.Shadow.CSM.MaxCascades:10]]
[2026.05.14-00.08.21:960][  0]LogConfig: Setting CVar [[r.Shadow.MaxResolution:2048]]
[2026.05.14-00.08.21:960][  0]LogConfig: Setting CVar [[r.Shadow.MaxCSMResolution:2048]]
[2026.05.14-00.08.21:960][  0]LogConfig: Setting CVar [[r.Shadow.RadiusThreshold:0.01]]
[2026.05.14-00.08.21:960][  0]LogConfig: Setting CVar [[r.Shadow.DistanceScale:1.0]]
[2026.05.14-00.08.21:960][  0]LogConfig: Setting CVar [[r.Shadow.CSM.TransitionScale:1.0]]
[2026.05.14-00.08.21:960][  0]LogConfig: Setting CVar [[r.Shadow.PreShadowResolutionFactor:1.0]]
[2026.05.14-00.08.21:960][  0]LogConfig: Setting CVar [[r.DistanceFieldShadowing:1]]
[2026.05.14-00.08.21:960][  0]LogConfig: Setting CVar [[r.DistanceFieldAO:1]]
[2026.05.14-00.08.21:960][  0]LogConfig: Setting CVar [[r.AOQuality:2]]
[2026.05.14-00.08.21:960][  0]LogConfig: Setting CVar [[r.VolumetricFog:1]]
[2026.05.14-00.08.21:960][  0]LogConfig: Setting CVar [[r.VolumetricFog.GridPixelSize:8]]
[2026.05.14-00.08.21:960][  0]LogConfig: Setting CVar [[r.VolumetricFog.GridSizeZ:128]]
[2026.05.14-00.08.21:960][  0]LogConfig: Setting CVar [[r.VolumetricFog.HistoryMissSupersampleCount:4]]
[2026.05.14-00.08.21:960][  0]LogConfig: Setting CVar [[r.LightMaxDrawDistanceScale:1]]
[2026.05.14-00.08.21:960][  0]LogConfig: Setting CVar [[r.CapsuleShadows:1]]
[2026.05.14-00.08.21:960][  0]LogConfig: Applying CVar settings from Section [PostProcessQuality@3] File [C:/UEProject/UnrealLearn/ALSV4/Saved/Config/Windows/Scalability.ini]
[2026.05.14-00.08.21:960][  0]LogConfig: Setting CVar [[r.MotionBlurQuality:4]]
[2026.05.14-00.08.21:960][  0]LogConfig: Setting CVar [[r.AmbientOcclusionMipLevelFactor:0.4]]
[2026.05.14-00.08.21:960][  0]LogConfig: Setting CVar [[r.AmbientOcclusionMaxQuality:100]]
[2026.05.14-00.08.21:960][  0]LogConfig: Setting CVar [[r.AmbientOcclusionLevels:-1]]
[2026.05.14-00.08.21:960][  0]LogConfig: Setting CVar [[r.AmbientOcclusionRadiusScale:1.0]]
[2026.05.14-00.08.21:960][  0]LogConfig: Setting CVar [[r.DepthOfFieldQuality:2]]
[2026.05.14-00.08.21:960][  0]LogConfig: Setting CVar [[r.RenderTargetPoolMin:400]]
[2026.05.14-00.08.21:960][  0]LogConfig: Setting CVar [[r.LensFlareQuality:2]]
[2026.05.14-00.08.21:960][  0]LogConfig: Setting CVar [[r.SceneColorFringeQuality:1]]
[2026.05.14-00.08.21:960][  0]LogConfig: Setting CVar [[r.EyeAdaptationQuality:2]]
[2026.05.14-00.08.21:960][  0]LogConfig: Setting CVar [[r.BloomQuality:5]]
[2026.05.14-00.08.21:960][  0]LogConfig: Setting CVar [[r.FastBlurThreshold:100]]
[2026.05.14-00.08.21:960][  0]LogConfig: Setting CVar [[r.Upscale.Quality:3]]
[2026.05.14-00.08.21:960][  0]LogConfig: Setting CVar [[r.Tonemapper.GrainQuantization:1]]
[2026.05.14-00.08.21:960][  0]LogConfig: Setting CVar [[r.LightShaftQuality:1]]
[2026.05.14-00.08.21:960][  0]LogConfig: Setting CVar [[r.Filter.SizeScale:1]]
[2026.05.14-00.08.21:960][  0]LogConfig: Setting CVar [[r.Tonemapper.Quality:5]]
[2026.05.14-00.08.21:960][  0]LogConfig: Setting CVar [[r.DOF.Gather.AccumulatorQuality:1        ; higher gathering accumulator quality]]
[2026.05.14-00.08.21:960][  0]LogConfig: Setting CVar [[r.DOF.Gather.PostfilterMethod:1          ; Median3x3 postfilering method]]
[2026.05.14-00.08.21:960][  0]LogConfig: Setting CVar [[r.DOF.Gather.EnableBokehSettings:0       ; no bokeh simulation when gathering]]
[2026.05.14-00.08.21:960][  0]LogConfig: Setting CVar [[r.DOF.Gather.RingCount:4                 ; medium number of samples when gathering]]
[2026.05.14-00.08.21:960][  0]LogConfig: Setting CVar [[r.DOF.Scatter.ForegroundCompositing:1    ; additive foreground scattering]]
[2026.05.14-00.08.21:960][  0]LogConfig: Setting CVar [[r.DOF.Scatter.BackgroundCompositing:2    ; additive background scattering]]
[2026.05.14-00.08.21:960][  0]LogConfig: Setting CVar [[r.DOF.Scatter.EnableBokehSettings:1      ; bokeh simulation when scattering]]
[2026.05.14-00.08.21:960][  0]LogConfig: Setting CVar [[r.DOF.Scatter.MaxSpriteRatio:0.1         ; only a maximum of 10% of scattered bokeh]]
[2026.05.14-00.08.21:960][  0]LogConfig: Setting CVar [[r.DOF.Recombine.Quality:1                ; cheap slight out of focus]]
[2026.05.14-00.08.21:960][  0]LogConfig: Setting CVar [[r.DOF.Recombine.EnableBokehSettings:0    ; no bokeh simulation on slight out of focus]]
[2026.05.14-00.08.21:961][  0]LogConfig: Setting CVar [[r.DOF.TemporalAAQuality:1                ; more stable temporal accumulation]]
[2026.05.14-00.08.21:961][  0]LogConfig: Setting CVar [[r.DOF.Kernel.MaxForegroundRadius:0.025]]
[2026.05.14-00.08.21:961][  0]LogConfig: Setting CVar [[r.DOF.Kernel.MaxBackgroundRadius:0.025]]
[2026.05.14-00.08.21:961][  0]LogConfig: Applying CVar settings from Section [TextureQuality@3] File [C:/UEProject/UnrealLearn/ALSV4/Saved/Config/Windows/Scalability.ini]
[2026.05.14-00.08.21:961][  0]LogConfig: Setting CVar [[r.Streaming.MipBias:0]]
[2026.05.14-00.08.21:961][  0]LogConfig: Setting CVar [[r.Streaming.AmortizeCPUToGPUCopy:0]]
[2026.05.14-00.08.21:961][  0]LogConfig: Setting CVar [[r.Streaming.MaxNumTexturesToStreamPerFrame:0]]
[2026.05.14-00.08.21:961][  0]LogConfig: Setting CVar [[r.Streaming.Boost:1]]
[2026.05.14-00.08.21:961][  0]LogConfig: Setting CVar [[r.MaxAnisotropy:8]]
[2026.05.14-00.08.21:961][  0]LogConfig: Setting CVar [[r.VT.MaxAnisotropy:8]]
[2026.05.14-00.08.21:961][  0]LogConfig: Setting CVar [[r.Streaming.LimitPoolSizeToVRAM:0]]
[2026.05.14-00.08.21:961][  0]LogConfig: Setting CVar [[r.Streaming.PoolSize:1000]]
[2026.05.14-00.08.21:961][  0]LogConfig: Setting CVar [[r.Streaming.MaxEffectiveScreenSize:0]]
[2026.05.14-00.08.21:961][  0]LogConfig: Applying CVar settings from Section [EffectsQuality@3] File [C:/UEProject/UnrealLearn/ALSV4/Saved/Config/Windows/Scalability.ini]
[2026.05.14-00.08.21:961][  0]LogConfig: Setting CVar [[r.TranslucencyLightingVolumeDim:64]]
[2026.05.14-00.08.21:961][  0]LogConfig: Setting CVar [[r.RefractionQuality:2]]
[2026.05.14-00.08.21:961][  0]LogConfig: Setting CVar [[r.SSR.Quality:3]]
[2026.05.14-00.08.21:961][  0]LogConfig: Setting CVar [[r.SSR.HalfResSceneColor:0]]
[2026.05.14-00.08.21:961][  0]LogConfig: Setting CVar [[r.SceneColorFormat:4]]
[2026.05.14-00.08.21:961][  0]LogConfig: Setting CVar [[r.DetailMode:2]]
[2026.05.14-00.08.21:961][  0]LogConfig: Setting CVar [[r.TranslucencyVolumeBlur:1]]
[2026.05.14-00.08.21:961][  0]LogConfig: Setting CVar [[r.MaterialQualityLevel:1 ; High quality]]
[2026.05.14-00.08.21:961][  0]LogConfig: Setting CVar [[r.AnisotropicMaterials:1]]
[2026.05.14-00.08.21:961][  0]LogConfig: Setting CVar [[r.SSS.Scale:1]]
[2026.05.14-00.08.21:961][  0]LogConfig: Setting CVar [[r.SSS.SampleSet:2]]
[2026.05.14-00.08.21:961][  0]LogConfig: Setting CVar [[r.SSS.Quality:1]]
[2026.05.14-00.08.21:961][  0]LogConfig: Setting CVar [[r.SSS.HalfRes:0]]
[2026.05.14-00.08.21:961][  0]LogConfig: Setting CVar [[r.SSGI.Quality:3]]
[2026.05.14-00.08.21:961][  0]LogConfig: Setting CVar [[r.EmitterSpawnRateScale:1.0]]
[2026.05.14-00.08.21:961][  0]LogConfig: Setting CVar [[r.ParticleLightQuality:2]]
[2026.05.14-00.08.21:961][  0]LogConfig: Setting CVar [[r.SkyAtmosphere.AerialPerspectiveLUT.FastApplyOnOpaque:1 ; Always have FastSkyLUT 1 in this case to avoid wrong sky]]
[2026.05.14-00.08.21:961][  0]LogConfig: Setting CVar [[r.SkyAtmosphere.AerialPerspectiveLUT.SampleCountMaxPerSlice:4]]
[2026.05.14-00.08.21:961][  0]LogConfig: Setting CVar [[r.SkyAtmosphere.AerialPerspectiveLUT.DepthResolution:16.0]]
[2026.05.14-00.08.21:961][  0]LogConfig: Setting CVar [[r.SkyAtmosphere.FastSkyLUT:1]]
[2026.05.14-00.08.21:961][  0]LogConfig: Setting CVar [[r.SkyAtmosphere.FastSkyLUT.SampleCountMin:4.0]]
[2026.05.14-00.08.21:961][  0]LogConfig: Setting CVar [[r.SkyAtmosphere.FastSkyLUT.SampleCountMax:128.0]]
[2026.05.14-00.08.21:961][  0]LogConfig: Setting CVar [[r.SkyAtmosphere.SampleCountMin:4.0]]
[2026.05.14-00.08.21:961][  0]LogConfig: Setting CVar [[r.SkyAtmosphere.SampleCountMax:128.0]]
[2026.05.14-00.08.21:961][  0]LogConfig: Setting CVar [[r.SkyAtmosphere.TransmittanceLUT.UseSmallFormat:0]]
[2026.05.14-00.08.21:961][  0]LogConfig: Setting CVar [[r.SkyAtmosphere.TransmittanceLUT.SampleCount:10.0]]
[2026.05.14-00.08.21:961][  0]LogConfig: Setting CVar [[r.SkyAtmosphere.MultiScatteringLUT.SampleCount:15.0]]
[2026.05.14-00.08.21:961][  0]LogConfig: Setting CVar [[r.SkyLight.RealTimeReflectionCapture:1]]
[2026.05.14-00.08.21:961][  0]LogConfig: Applying CVar settings from Section [FoliageQuality@3] File [C:/UEProject/UnrealLearn/ALSV4/Saved/Config/Windows/Scalability.ini]
[2026.05.14-00.08.21:961][  0]LogConfig: Setting CVar [[foliage.DensityScale:1.0]]
[2026.05.14-00.08.21:961][  0]LogConfig: Setting CVar [[grass.DensityScale:1.0]]
[2026.05.14-00.08.21:961][  0]LogConfig: Applying CVar settings from Section [ShadingQuality@3] File [C:/UEProject/UnrealLearn/ALSV4/Saved/Config/Windows/Scalability.ini]
[2026.05.14-00.08.21:961][  0]LogConfig: Setting CVar [[r.HairStrands.SkyLighting.IntegrationType:2]]
[2026.05.14-00.08.21:961][  0]LogConfig: Setting CVar [[r.HairStrands.SkyAO.SampleCount:4]]
[2026.05.14-00.08.21:961][  0]LogConfig: Setting CVar [[r.HairStrands.Visibility.MSAA.SamplePerPixel:4]]
[2026.05.14-00.08.21:961][  0]LogInit: Selected Device Profile: [Windows]
[2026.05.14-00.08.21:961][  0]LogInit: Applying CVar settings loaded from the selected device profile: [Windows]
[2026.05.14-00.08.21:961][  0]LogHAL: Display: Platform has ~ 14 GB [14665842688 / 17179869184 / 14], which maps to Larger [LargestMinGB=32, LargerMinGB=12, DefaultMinGB=8, SmallerMinGB=6, SmallestMinGB=0)
[2026.05.14-00.08.21:961][  0]LogInit: Going up to parent DeviceProfile []
[2026.05.14-00.08.21:961][  0]LogConfig: Applying CVar settings from Section [ViewDistanceQuality@3] File [C:/UEProject/UnrealLearn/ALSV4/Saved/Config/Windows/Scalability.ini]
[2026.05.14-00.08.21:961][  0]LogConfig: Setting CVar [[r.SkeletalMeshLODBias:0]]
[2026.05.14-00.08.21:961][  0]LogConfig: Setting CVar [[r.ViewDistanceScale:1.0]]
[2026.05.14-00.08.21:961][  0]LogConfig: Applying CVar settings from Section [AntiAliasingQuality@3] File [C:/UEProject/UnrealLearn/ALSV4/Saved/Config/Windows/Scalability.ini]
[2026.05.14-00.08.21:961][  0]LogConfig: Setting CVar [[r.PostProcessAAQuality:4]]
[2026.05.14-00.08.21:961][  0]LogConfig: Applying CVar settings from Section [ShadowQuality@3] File [C:/UEProject/UnrealLearn/ALSV4/Saved/Config/Windows/Scalability.ini]
[2026.05.14-00.08.21:961][  0]LogConfig: Setting CVar [[r.LightFunctionQuality:1]]
[2026.05.14-00.08.21:961][  0]LogConfig: Setting CVar [[r.ShadowQuality:5]]
[2026.05.14-00.08.21:961][  0]LogConfig: Setting CVar [[r.Shadow.CSM.MaxCascades:10]]
[2026.05.14-00.08.21:961][  0]LogConfig: Setting CVar [[r.Shadow.MaxResolution:2048]]
[2026.05.14-00.08.21:961][  0]LogConfig: Setting CVar [[r.Shadow.MaxCSMResolution:2048]]
[2026.05.14-00.08.21:961][  0]LogConfig: Setting CVar [[r.Shadow.RadiusThreshold:0.01]]
[2026.05.14-00.08.21:961][  0]LogConfig: Setting CVar [[r.Shadow.DistanceScale:1.0]]
[2026.05.14-00.08.21:961][  0]LogConfig: Setting CVar [[r.Shadow.CSM.TransitionScale:1.0]]
[2026.05.14-00.08.21:961][  0]LogConfig: Setting CVar [[r.Shadow.PreShadowResolutionFactor:1.0]]
[2026.05.14-00.08.21:961][  0]LogConfig: Setting CVar [[r.DistanceFieldShadowing:1]]
[2026.05.14-00.08.21:961][  0]LogConfig: Setting CVar [[r.DistanceFieldAO:1]]
[2026.05.14-00.08.21:961][  0]LogConfig: Setting CVar [[r.AOQuality:2]]
[2026.05.14-00.08.21:961][  0]LogConfig: Setting CVar [[r.VolumetricFog:1]]
[2026.05.14-00.08.21:961][  0]LogConfig: Setting CVar [[r.VolumetricFog.GridPixelSize:8]]
[2026.05.14-00.08.21:961][  0]LogConfig: Setting CVar [[r.VolumetricFog.GridSizeZ:128]]
[2026.05.14-00.08.21:961][  0]LogConfig: Setting CVar [[r.VolumetricFog.HistoryMissSupersampleCount:4]]
[2026.05.14-00.08.21:961][  0]LogConfig: Setting CVar [[r.LightMaxDrawDistanceScale:1]]
[2026.05.14-00.08.21:961][  0]LogConfig: Setting CVar [[r.CapsuleShadows:1]]
[2026.05.14-00.08.21:961][  0]LogConfig: Applying CVar settings from Section [PostProcessQuality@3] File [C:/UEProject/UnrealLearn/ALSV4/Saved/Config/Windows/Scalability.ini]
[2026.05.14-00.08.21:961][  0]LogConfig: Setting CVar [[r.MotionBlurQuality:4]]
[2026.05.14-00.08.21:961][  0]LogConfig: Setting CVar [[r.AmbientOcclusionMipLevelFactor:0.4]]
[2026.05.14-00.08.21:961][  0]LogConfig: Setting CVar [[r.AmbientOcclusionMaxQuality:100]]
[2026.05.14-00.08.21:961][  0]LogConfig: Setting CVar [[r.AmbientOcclusionLevels:-1]]
[2026.05.14-00.08.21:961][  0]LogConfig: Setting CVar [[r.AmbientOcclusionRadiusScale:1.0]]
[2026.05.14-00.08.21:961][  0]LogConfig: Setting CVar [[r.DepthOfFieldQuality:2]]
[2026.05.14-00.08.21:961][  0]LogConfig: Setting CVar [[r.RenderTargetPoolMin:400]]
[2026.05.14-00.08.21:961][  0]LogConfig: Setting CVar [[r.LensFlareQuality:2]]
[2026.05.14-00.08.21:961][  0]LogConfig: Setting CVar [[r.SceneColorFringeQuality:1]]
[2026.05.14-00.08.21:961][  0]LogConfig: Setting CVar [[r.EyeAdaptationQuality:2]]
[2026.05.14-00.08.21:961][  0]LogConfig: Setting CVar [[r.BloomQuality:5]]
[2026.05.14-00.08.21:961][  0]LogConfig: Setting CVar [[r.FastBlurThreshold:100]]
[2026.05.14-00.08.21:961][  0]LogConfig: Setting CVar [[r.Upscale.Quality:3]]
[2026.05.14-00.08.21:961][  0]LogConfig: Setting CVar [[r.Tonemapper.GrainQuantization:1]]
[2026.05.14-00.08.21:961][  0]LogConfig: Setting CVar [[r.LightShaftQuality:1]]
[2026.05.14-00.08.21:961][  0]LogConfig: Setting CVar [[r.Filter.SizeScale:1]]
[2026.05.14-00.08.21:961][  0]LogConfig: Setting CVar [[r.Tonemapper.Quality:5]]
[2026.05.14-00.08.21:961][  0]LogConfig: Setting CVar [[r.DOF.Gather.AccumulatorQuality:1        ; higher gathering accumulator quality]]
[2026.05.14-00.08.21:961][  0]LogConfig: Setting CVar [[r.DOF.Gather.PostfilterMethod:1          ; Median3x3 postfilering method]]
[2026.05.14-00.08.21:961][  0]LogConfig: Setting CVar [[r.DOF.Gather.EnableBokehSettings:0       ; no bokeh simulation when gathering]]
[2026.05.14-00.08.21:961][  0]LogConfig: Setting CVar [[r.DOF.Gather.RingCount:4                 ; medium number of samples when gathering]]
[2026.05.14-00.08.21:961][  0]LogConfig: Setting CVar [[r.DOF.Scatter.ForegroundCompositing:1    ; additive foreground scattering]]
[2026.05.14-00.08.21:961][  0]LogConfig: Setting CVar [[r.DOF.Scatter.BackgroundCompositing:2    ; additive background scattering]]
[2026.05.14-00.08.21:961][  0]LogConfig: Setting CVar [[r.DOF.Scatter.EnableBokehSettings:1      ; bokeh simulation when scattering]]
[2026.05.14-00.08.21:961][  0]LogConfig: Setting CVar [[r.DOF.Scatter.MaxSpriteRatio:0.1         ; only a maximum of 10% of scattered bokeh]]
[2026.05.14-00.08.21:961][  0]LogConfig: Setting CVar [[r.DOF.Recombine.Quality:1                ; cheap slight out of focus]]
[2026.05.14-00.08.21:961][  0]LogConfig: Setting CVar [[r.DOF.Recombine.EnableBokehSettings:0    ; no bokeh simulation on slight out of focus]]
[2026.05.14-00.08.21:961][  0]LogConfig: Setting CVar [[r.DOF.TemporalAAQuality:1                ; more stable temporal accumulation]]
[2026.05.14-00.08.21:961][  0]LogConfig: Setting CVar [[r.DOF.Kernel.MaxForegroundRadius:0.025]]
[2026.05.14-00.08.21:961][  0]LogConfig: Setting CVar [[r.DOF.Kernel.MaxBackgroundRadius:0.025]]
[2026.05.14-00.08.21:961][  0]LogConfig: Applying CVar settings from Section [TextureQuality@3] File [C:/UEProject/UnrealLearn/ALSV4/Saved/Config/Windows/Scalability.ini]
[2026.05.14-00.08.21:961][  0]LogConfig: Setting CVar [[r.Streaming.MipBias:0]]
[2026.05.14-00.08.21:961][  0]LogConfig: Setting CVar [[r.Streaming.AmortizeCPUToGPUCopy:0]]
[2026.05.14-00.08.21:961][  0]LogConfig: Setting CVar [[r.Streaming.MaxNumTexturesToStreamPerFrame:0]]
[2026.05.14-00.08.21:961][  0]LogConfig: Setting CVar [[r.Streaming.Boost:1]]
[2026.05.14-00.08.21:961][  0]LogConfig: Setting CVar [[r.MaxAnisotropy:8]]
[2026.05.14-00.08.21:961][  0]LogConfig: Setting CVar [[r.VT.MaxAnisotropy:8]]
[2026.05.14-00.08.21:961][  0]LogConfig: Setting CVar [[r.Streaming.LimitPoolSizeToVRAM:0]]
[2026.05.14-00.08.21:961][  0]LogConfig: Setting CVar [[r.Streaming.PoolSize:1000]]
[2026.05.14-00.08.21:961][  0]LogConfig: Setting CVar [[r.Streaming.MaxEffectiveScreenSize:0]]
[2026.05.14-00.08.21:961][  0]LogConfig: Applying CVar settings from Section [EffectsQuality@3] File [C:/UEProject/UnrealLearn/ALSV4/Saved/Config/Windows/Scalability.ini]
[2026.05.14-00.08.21:961][  0]LogConfig: Setting CVar [[r.TranslucencyLightingVolumeDim:64]]
[2026.05.14-00.08.21:961][  0]LogConfig: Setting CVar [[r.RefractionQuality:2]]
[2026.05.14-00.08.21:961][  0]LogConfig: Setting CVar [[r.SSR.Quality:3]]
[2026.05.14-00.08.21:961][  0]LogConfig: Setting CVar [[r.SSR.HalfResSceneColor:0]]
[2026.05.14-00.08.21:961][  0]LogConfig: Setting CVar [[r.SceneColorFormat:4]]
[2026.05.14-00.08.21:961][  0]LogConfig: Setting CVar [[r.DetailMode:2]]
[2026.05.14-00.08.21:961][  0]LogConfig: Setting CVar [[r.TranslucencyVolumeBlur:1]]
[2026.05.14-00.08.21:961][  0]LogConfig: Setting CVar [[r.MaterialQualityLevel:1 ; High quality]]
[2026.05.14-00.08.21:961][  0]LogConfig: Setting CVar [[r.AnisotropicMaterials:1]]
[2026.05.14-00.08.21:961][  0]LogConfig: Setting CVar [[r.SSS.Scale:1]]
[2026.05.14-00.08.21:961][  0]LogConfig: Setting CVar [[r.SSS.SampleSet:2]]
[2026.05.14-00.08.21:961][  0]LogConfig: Setting CVar [[r.SSS.Quality:1]]
[2026.05.14-00.08.21:961][  0]LogConfig: Setting CVar [[r.SSS.HalfRes:0]]
[2026.05.14-00.08.21:961][  0]LogConfig: Setting CVar [[r.SSGI.Quality:3]]
[2026.05.14-00.08.21:961][  0]LogConfig: Setting CVar [[r.EmitterSpawnRateScale:1.0]]
[2026.05.14-00.08.21:961][  0]LogConfig: Setting CVar [[r.ParticleLightQuality:2]]
[2026.05.14-00.08.21:961][  0]LogConfig: Setting CVar [[r.SkyAtmosphere.AerialPerspectiveLUT.FastApplyOnOpaque:1 ; Always have FastSkyLUT 1 in this case to avoid wrong sky]]
[2026.05.14-00.08.21:961][  0]LogConfig: Setting CVar [[r.SkyAtmosphere.AerialPerspectiveLUT.SampleCountMaxPerSlice:4]]
[2026.05.14-00.08.21:961][  0]LogConfig: Setting CVar [[r.SkyAtmosphere.AerialPerspectiveLUT.DepthResolution:16.0]]
[2026.05.14-00.08.21:961][  0]LogConfig: Setting CVar [[r.SkyAtmosphere.FastSkyLUT:1]]
[2026.05.14-00.08.21:961][  0]LogConfig: Setting CVar [[r.SkyAtmosphere.FastSkyLUT.SampleCountMin:4.0]]
[2026.05.14-00.08.21:961][  0]LogConfig: Setting CVar [[r.SkyAtmosphere.FastSkyLUT.SampleCountMax:128.0]]
[2026.05.14-00.08.21:961][  0]LogConfig: Setting CVar [[r.SkyAtmosphere.SampleCountMin:4.0]]
[2026.05.14-00.08.21:961][  0]LogConfig: Setting CVar [[r.SkyAtmosphere.SampleCountMax:128.0]]
[2026.05.14-00.08.21:961][  0]LogConfig: Setting CVar [[r.SkyAtmosphere.TransmittanceLUT.UseSmallFormat:0]]
[2026.05.14-00.08.21:961][  0]LogConfig: Setting CVar [[r.SkyAtmosphere.TransmittanceLUT.SampleCount:10.0]]
[2026.05.14-00.08.21:961][  0]LogConfig: Setting CVar [[r.SkyAtmosphere.MultiScatteringLUT.SampleCount:15.0]]
[2026.05.14-00.08.21:961][  0]LogConfig: Setting CVar [[r.SkyLight.RealTimeReflectionCapture:1]]
[2026.05.14-00.08.21:961][  0]LogConfig: Applying CVar settings from Section [FoliageQuality@3] File [C:/UEProject/UnrealLearn/ALSV4/Saved/Config/Windows/Scalability.ini]
[2026.05.14-00.08.21:961][  0]LogConfig: Setting CVar [[foliage.DensityScale:1.0]]
[2026.05.14-00.08.21:961][  0]LogConfig: Setting CVar [[grass.DensityScale:1.0]]
[2026.05.14-00.08.21:961][  0]LogConfig: Applying CVar settings from Section [ShadingQuality@3] File [C:/UEProject/UnrealLearn/ALSV4/Saved/Config/Windows/Scalability.ini]
[2026.05.14-00.08.21:961][  0]LogConfig: Setting CVar [[r.HairStrands.SkyLighting.IntegrationType:2]]
[2026.05.14-00.08.21:961][  0]LogConfig: Setting CVar [[r.HairStrands.SkyAO.SampleCount:4]]
[2026.05.14-00.08.21:961][  0]LogConfig: Setting CVar [[r.HairStrands.Visibility.MSAA.SamplePerPixel:4]]
[2026.05.14-00.08.21:961][  0]LogConfig: Applying CVar settings from Section [Startup] File [../../../Engine/Config/ConsoleVariables.ini]
[2026.05.14-00.08.21:962][  0]LogConfig: Setting CVar [[net.UseAdaptiveNetUpdateFrequency:0]]
[2026.05.14-00.08.21:962][  0]LogConfig: Setting CVar [[p.chaos.AllowCreatePhysxBodies:1]]
[2026.05.14-00.08.21:962][  0]LogConfig: Setting CVar [[fx.SkipVectorVMBackendOptimizations:1]]
[2026.05.14-00.08.21:962][  0]LogConfig: Applying CVar settings from Section [ConsoleVariables] File [C:/UEProject/UnrealLearn/ALSV4/Saved/Config/Windows/Engine.ini]
[2026.05.14-00.08.21:962][  0]LogConfig: Applying CVar settings from Section [ConsoleVariables] File [C:/UEProject/UnrealLearn/ALSV4/Saved/Config/Windows/Editor.ini]
[2026.05.14-00.08.21:962][  0]LogInit: Computer: MANKA-D-D-6017
[2026.05.14-00.08.21:962][  0]LogInit: User: LiamChen
[2026.05.14-00.08.21:962][  0]LogInit: CPU Page size=4096, Cores=16
[2026.05.14-00.08.21:962][  0]LogInit: High frequency timer resolution =10.000000 MHz
[2026.05.14-00.08.21:962][  0]LogMemory: Memory total: Physical=13.7GB (14GB approx)
[2026.05.14-00.08.21:962][  0]LogMemory: Platform Memory Stats for Windows
[2026.05.14-00.08.21:962][  0]LogMemory: Process Physical Memory: 159.82 MB used, 159.82 MB peak
[2026.05.14-00.08.21:962][  0]LogMemory: Process Virtual Memory: 136.93 MB used, 136.93 MB peak
[2026.05.14-00.08.21:962][  0]LogMemory: Physical Memory: 11468.87 MB used,  2517.57 MB free, 13986.44 MB total
[2026.05.14-00.08.21:962][  0]LogMemory: Virtual Memory: 134204328.00 MB used,  13402.67 MB free, 134217728.00 MB total
[2026.05.14-00.08.21:965][  0]LogWindows: WindowsPlatformFeatures enabled
[2026.05.14-00.08.21:979][  0]LogInit: Physics initialised using underlying interface: PhysX
[2026.05.14-00.08.21:980][  0]LogInit: Overriding language with editor language configuration option (en).
[2026.05.14-00.08.21:980][  0]LogInit: Overriding language with editor locale configuration option (en).
[2026.05.14-00.08.22:106][  0]LogInit: Setting process to per monitor DPI aware
[2026.05.14-00.08.22:165][  0]LogWindowsTextInputMethodSystem: Display: IME system deactivated.
[2026.05.14-00.08.22:172][  0]LogSlate: New Slate User Created.  User Index 0, Is Virtual User: 0
[2026.05.14-00.08.22:173][  0]LogSlate: Slate User Registered.  User Index 0, Is Virtual User: 0
[2026.05.14-00.08.22:237][  0]LogD3D11RHI: Loaded GFSDK_Aftermath_Lib.x64.dll
[2026.05.14-00.08.22:248][  0]LogHMD: Failed to initialize OpenVR with code 110
[2026.05.14-00.08.22:248][  0]LogD3D11RHI: D3D11 min allowed feature level: 11_0
[2026.05.14-00.08.22:248][  0]LogD3D11RHI: D3D11 max allowed feature level: 11_0
[2026.05.14-00.08.22:248][  0]LogD3D11RHI: D3D11 adapters:
[2026.05.14-00.08.22:376][  0]LogD3D11RHI:    0. 'NVIDIA GeForce RTX 4070' (Feature Level 11_0)
[2026.05.14-00.08.22:376][  0]LogD3D11RHI:       12012/0/6993 MB DedicatedVideo/DedicatedSystem/SharedSystem, Outputs:1, VendorId:0x10de
[2026.05.14-00.08.22:402][  0]LogD3D11RHI:    1. 'Intel(R) UHD Graphics 770' (Feature Level 11_0)
[2026.05.14-00.08.22:402][  0]LogD3D11RHI:       2048/0/6993 MB DedicatedVideo/DedicatedSystem/SharedSystem, Outputs:1, VendorId:0x8086
[2026.05.14-00.08.22:404][  0]LogD3D11RHI:    2. 'Microsoft Basic Render Driver' (Feature Level 11_0)
[2026.05.14-00.08.22:404][  0]LogD3D11RHI:       0/0/6993 MB DedicatedVideo/DedicatedSystem/SharedSystem, Outputs:0, VendorId:0x1414
[2026.05.14-00.08.22:404][  0]LogD3D11RHI: Chosen D3D11 Adapter:
[2026.05.14-00.08.22:404][  0]LogD3D11RHI:     Description : NVIDIA GeForce RTX 4070
[2026.05.14-00.08.22:404][  0]LogD3D11RHI:     VendorId    : 10de
[2026.05.14-00.08.22:404][  0]LogD3D11RHI:     DeviceId    : 2786
[2026.05.14-00.08.22:404][  0]LogD3D11RHI:     SubSysId    : 513a1028
[2026.05.14-00.08.22:404][  0]LogD3D11RHI:     Revision    : 00a1
[2026.05.14-00.08.22:404][  0]LogD3D11RHI:     DedicatedVideoMemory : 12595494912 bytes
[2026.05.14-00.08.22:404][  0]LogD3D11RHI:     DedicatedSystemMemory : 0 bytes
[2026.05.14-00.08.22:404][  0]LogD3D11RHI:     SharedSystemMemory : 7332921344 bytes
[2026.05.14-00.08.22:404][  0]LogD3D11RHI:     AdapterLuid : 0 56869
[2026.05.14-00.08.22:410][  0]LogD3D11RHI: Creating new Direct3DDevice
[2026.05.14-00.08.22:410][  0]LogD3D11RHI:     GPU DeviceId: 0x2786 (for the marketing name, search the web for "GPU Device Id")
[2026.05.14-00.08.22:410][  0]LogWindows: EnumDisplayDevices:
[2026.05.14-00.08.22:410][  0]LogWindows:    0. 'NVIDIA GeForce RTX 4070' (P:1 D:1)
[2026.05.14-00.08.22:410][  0]LogWindows:    1. 'NVIDIA GeForce RTX 4070' (P:0 D:0)
[2026.05.14-00.08.22:410][  0]LogWindows:    2. 'NVIDIA GeForce RTX 4070' (P:0 D:0)
[2026.05.14-00.08.22:410][  0]LogWindows:    3. 'NVIDIA GeForce RTX 4070' (P:0 D:0)
[2026.05.14-00.08.22:411][  0]LogWindows:    4. 'Intel(R) UHD Graphics 770' (P:0 D:1)
[2026.05.14-00.08.22:411][  0]LogWindows:    5. 'Intel(R) UHD Graphics 770' (P:0 D:0)
[2026.05.14-00.08.22:411][  0]LogWindows:    6. 'Intel(R) UHD Graphics 770' (P:0 D:0)
[2026.05.14-00.08.22:411][  0]LogWindows:    7. 'Intel(R) UHD Graphics 770' (P:0 D:0)
[2026.05.14-00.08.22:411][  0]LogWindows: DebugString: PrimaryIsNotTheChoosenAdapter PrimaryIsNotTheChoosenAdapter PrimaryIsNotTheChoosenAdapter PrimaryIsNotTheChoosenAdapter FoundDriverCount:4 
[2026.05.14-00.08.22:411][  0]LogD3D11RHI:     Adapter Name: NVIDIA GeForce RTX 4070
[2026.05.14-00.08.22:411][  0]LogD3D11RHI:   Driver Version: 581.95 (internal:32.0.15.8195, unified:581.95)
[2026.05.14-00.08.22:411][  0]LogD3D11RHI:      Driver Date: 11-18-2025
[2026.05.14-00.08.22:411][  0]LogRHI: Texture pool is 8408 MB (70% of 12012 MB)
[2026.05.14-00.08.22:411][  0]LogD3D11RHI: Creating D3DDevice using adapter:
[2026.05.14-00.08.22:411][  0]LogD3D11RHI:     Description : NVIDIA GeForce RTX 4070
[2026.05.14-00.08.22:411][  0]LogD3D11RHI:     VendorId    : 10de
[2026.05.14-00.08.22:411][  0]LogD3D11RHI:     DeviceId    : 2786
[2026.05.14-00.08.22:411][  0]LogD3D11RHI:     SubSysId    : 513a1028
[2026.05.14-00.08.22:411][  0]LogD3D11RHI:     Revision    : 00a1
[2026.05.14-00.08.22:411][  0]LogD3D11RHI:     DedicatedVideoMemory : 12595494912 bytes
[2026.05.14-00.08.22:411][  0]LogD3D11RHI:     DedicatedSystemMemory : 0 bytes
[2026.05.14-00.08.22:411][  0]LogD3D11RHI:     SharedSystemMemory : 7332921344 bytes
[2026.05.14-00.08.22:411][  0]LogD3D11RHI:     AdapterLuid : 0 56869
[2026.05.14-00.08.22:523][  0]LogD3D11RHI: RHI has support for 64 bit atomics
[2026.05.14-00.08.22:523][  0]LogD3D11RHI: Async texture creation enabled
[2026.05.14-00.08.22:523][  0]LogD3D11RHI: Array index from any shader is supported
[2026.05.14-00.08.22:524][  0]LogD3D11RHI: HDR output is supported on display 0 (NvId: 0x80061083).
[2026.05.14-00.08.22:543][  0]LogD3D11RHI: GPU Timing Frequency: 1000.000000 (Debug: 2 2)
[2026.05.14-00.08.22:566][  0]LogRHI: GeForceNow SDK initialized: 1
[2026.05.14-00.08.22:792][  0]LogTargetPlatformManager: Display: Loaded TargetPlatform 'AllDesktop'
[2026.05.14-00.08.22:806][  0]LogTargetPlatformManager: Display: Loaded TargetPlatform 'Android'
[2026.05.14-00.08.22:806][  0]LogTargetPlatformManager: Display: Loaded TargetPlatform 'Android_ASTC'
[2026.05.14-00.08.22:806][  0]LogTargetPlatformManager: Display: Loaded TargetPlatform 'Android_DXT'
[2026.05.14-00.08.22:806][  0]LogTargetPlatformManager: Display: Loaded TargetPlatform 'Android_ETC2'
[2026.05.14-00.08.22:806][  0]LogTargetPlatformManager: Display: Loaded TargetPlatform 'AndroidClient'
[2026.05.14-00.08.22:806][  0]LogTargetPlatformManager: Display: Loaded TargetPlatform 'Android_ASTCClient'
[2026.05.14-00.08.22:806][  0]LogTargetPlatformManager: Display: Loaded TargetPlatform 'Android_DXTClient'
[2026.05.14-00.08.22:806][  0]LogTargetPlatformManager: Display: Loaded TargetPlatform 'Android_ETC2Client'
[2026.05.14-00.08.22:806][  0]LogTargetPlatformManager: Display: Loaded TargetPlatform 'Android_Multi'
[2026.05.14-00.08.22:806][  0]LogTargetPlatformManager: Display: Loaded TargetPlatform 'Android_MultiClient'
[2026.05.14-00.08.22:818][  0]LogTargetPlatformManager: Display: Loaded TargetPlatform 'IOSClient'
[2026.05.14-00.08.22:818][  0]LogTargetPlatformManager: Display: Loaded TargetPlatform 'IOS'
[2026.05.14-00.08.22:825][  0]LogTargetPlatformManager: Display: Loaded TargetPlatform 'Linux'
[2026.05.14-00.08.22:828][  0]LogTargetPlatformManager: Display: Loaded TargetPlatform 'LinuxNoEditor'
[2026.05.14-00.08.22:830][  0]LogTargetPlatformManager: Display: Loaded TargetPlatform 'LinuxClient'
[2026.05.14-00.08.22:833][  0]LogTargetPlatformManager: Display: Loaded TargetPlatform 'LinuxServer'
[2026.05.14-00.08.22:839][  0]LogTargetPlatformManager: Display: Loaded TargetPlatform 'LinuxAArch64NoEditor'
[2026.05.14-00.08.22:842][  0]LogTargetPlatformManager: Display: Loaded TargetPlatform 'LinuxAArch64Client'
[2026.05.14-00.08.22:845][  0]LogTargetPlatformManager: Display: Loaded TargetPlatform 'LinuxAArch64Server'
[2026.05.14-00.08.22:859][  0]LogTargetPlatformManager: Display: Loaded TargetPlatform 'Lumin'
[2026.05.14-00.08.22:859][  0]LogTargetPlatformManager: Display: Loaded TargetPlatform 'LuminClient'
[2026.05.14-00.08.22:864][  0]LogTargetPlatformManager: Display: Loaded TargetPlatform 'MacNoEditor'
[2026.05.14-00.08.22:867][  0]LogTargetPlatformManager: Display: Loaded TargetPlatform 'Mac'
[2026.05.14-00.08.22:870][  0]LogTargetPlatformManager: Display: Loaded TargetPlatform 'MacClient'
[2026.05.14-00.08.22:873][  0]LogTargetPlatformManager: Display: Loaded TargetPlatform 'MacServer'
[2026.05.14-00.08.22:879][  0]LogTargetPlatformManager: Display: Loaded TargetPlatform 'TVOSClient'
[2026.05.14-00.08.22:879][  0]LogTargetPlatformManager: Display: Loaded TargetPlatform 'TVOS'
[2026.05.14-00.08.22:884][  0]LogTargetPlatformManager: Display: Loaded TargetPlatform 'WindowsNoEditor'
[2026.05.14-00.08.22:888][  0]LogTargetPlatformManager: Display: Loaded TargetPlatform 'Windows'
[2026.05.14-00.08.22:891][  0]LogTargetPlatformManager: Display: Loaded TargetPlatform 'WindowsClient'
[2026.05.14-00.08.22:894][  0]LogTargetPlatformManager: Display: Loaded TargetPlatform 'WindowsServer'
[2026.05.14-00.08.22:894][  0]LogTargetPlatformManager: Display: Building Assets For Windows
[2026.05.14-00.08.22:898][  0]LogAudioDebug: Display: Lib vorbis DLL was dynamically loaded.
[2026.05.14-00.08.22:917][  0]LogTextureFormatOodle: Display: Oodle Texture 2.9.0 init RDO Off
[2026.05.14-00.08.22:939][  0]LogRendererCore: Ray tracing is disabled. Reason: r.RayTracing=0.
[2026.05.14-00.08.22:939][  0]LogShaderCompilers: Guid format shader working directory is 3 characters bigger than the processId version (../../../../../../UEProject/UnrealLearn/ALSV4/Intermediate/Shaders/WorkingDirectory/12284/).
[2026.05.14-00.08.22:939][  0]LogShaderCompilers: Cleaned the shader compiler working directory 'C:/Users/LiamChen/AppData/Local/Temp/UnrealShaderWorkingDir/F37D4BEB4B55CB5E6A6AA699D8FD9CE5/'.
[2026.05.14-00.08.22:939][  0]LogXGEController: Cannot use XGE Controller as Incredibuild is not installed on this machine.
[2026.05.14-00.08.22:939][  0]LogShaderCompilers: Cannot use XGE Shader Compiler as Incredibuild is not installed on this machine.
[2026.05.14-00.08.22:939][  0]LogShaderCompilers: Display: Using Local Shader Compiler.
[2026.05.14-00.08.23:434][  0]LogDerivedDataCache: Display: Max Cache Size: 512 MB
[2026.05.14-00.08.23:501][  0]LogDerivedDataCache: Loaded boot cache 0.07s 94MB C:/Users/LiamChen/AppData/Local/UnrealEngine/4.27/DerivedDataCache/Boot.ddc.
[2026.05.14-00.08.23:501][  0]LogDerivedDataCache: Display: Loaded Boot cache: C:/Users/LiamChen/AppData/Local/UnrealEngine/4.27/DerivedDataCache/Boot.ddc
[2026.05.14-00.08.23:501][  0]LogDerivedDataCache: FDerivedDataBackendGraph:  Pak pak cache file ../../../../../../UEProject/UnrealLearn/ALSV4/DerivedDataCache/DDC.ddp not found, will not use a pak cache.
[2026.05.14-00.08.23:501][  0]LogDerivedDataCache: Unable to find inner node Pak for hierarchical cache Hierarchy.
[2026.05.14-00.08.23:501][  0]LogDerivedDataCache: FDerivedDataBackendGraph:  CompressedPak pak cache file ../../../../../../UEProject/UnrealLearn/ALSV4/DerivedDataCache/Compressed.ddp not found, will not use a pak cache.
[2026.05.14-00.08.23:501][  0]LogDerivedDataCache: Unable to find inner node CompressedPak for hierarchical cache Hierarchy.
[2026.05.14-00.08.23:513][  0]LogDerivedDataCache: Display: Pak cache opened for reading ../../../Engine/DerivedDataCache/Compressed.ddp.
[2026.05.14-00.08.23:513][  0]LogDerivedDataCache: FDerivedDataBackendGraph:  EnterprisePak pak cache file ../../../Enterprise/DerivedDataCache/Compressed.ddp not found, will not use a pak cache.
[2026.05.14-00.08.23:513][  0]LogDerivedDataCache: Unable to find inner node EnterprisePak for hierarchical cache Hierarchy.
[2026.05.14-00.08.23:518][  0]LogDerivedDataCache: Speed tests for C:/Users/LiamChen/AppData/Local/UnrealEngine/Common/DerivedDataCache took 0.00 seconds
[2026.05.14-00.08.23:518][  0]LogDerivedDataCache: Display: Performance to C:/Users/LiamChen/AppData/Local/UnrealEngine/Common/DerivedDataCache: Latency=0.02ms. RandomReadSpeed=1015.61MBs, RandomWriteSpeed=277.05MBs. Assigned SpeedClass 'Local'
[2026.05.14-00.08.23:520][  0]LogDerivedDataCache: Using Local data cache path C:/Users/LiamChen/AppData/Local/UnrealEngine/Common/DerivedDataCache: Writable
[2026.05.14-00.08.23:520][  0]LogDerivedDataCache: Shared data cache path not found in *engine.ini, will not use an Shared cache.
[2026.05.14-00.08.23:520][  0]LogDerivedDataCache: Unable to find inner node Shared for hierarchical cache Hierarchy.
[2026.05.14-00.08.23:550][  0]LogSlate: Using FreeType 2.10.0
[2026.05.14-00.08.23:551][  0]LogSlate: SlateFontServices - WITH_FREETYPE: 1, WITH_HARFBUZZ: 1
[2026.05.14-00.08.23:568][  0]LogAssetRegistry: FAssetRegistry took 0.0019 seconds to start up
[2026.05.14-00.08.23:706][  0]LogInit: Selected Device Profile: [Windows]
[2026.05.14-00.08.23:706][  0]LogInit: Active device profile: [000001E13FC8FF00][000001E1382E7BC0 49] Windows
[2026.05.14-00.08.23:706][  0]LogInit: Profiles: [000001E13FC8FF00][000001E1382E7BC0 49] Windows, [000001E13FC9FF00][000001E13E4C61C0 49] WindowsNoEditor, [000001E13FC8C200][000001E13E4CA340 49] WindowsServer, [000001E13FC9E600][000001E13E4CE4C0 49] WindowsClient, [000001E13FC8D900][000001E13E4C2600 49] IOS, [000001E13FC9DE00][000001E13E4D2740 49] iPadAir, [000001E13FC8E000][000001E13E4D6880 49] iPadAir2, [000001E13FC54300][000001E13E4E2B00 49] IPadPro, [000001E13FC54400][000001E13E4DAB40 49] iPadAir3, [000001E13FC8F800][000001E13E4E6CC0 49] iPadAir4, [000001E13FC57A00][000001E13E4EAE40 49] iPadMini2, [000001E13FC8C800][000001E1379BAFC0 49] iPadMini3, [000001E13FC55300][000001E1379BF140 49] iPadMini4, [000001E13FC8F000][000001E1379C32C0 49] iPadMini5, [000001E13FC47B00][000001E1379CB580 49] iPhone6, [000001E13FC47C00][000001E1379C75C0 49] iPodTouch6, [000001E13FC57300][000001E1379D3880 49] iPhone7, [000001E13FC57200][000001E1379CF8C0 49] iPodTouch7, [000001E13FC44700][000001E1379D7A40 49] iPhone5S, [000001E13FC57700][000001E1379DBBC0 49] iPhone6Plus, [000001E13FC47000][000001E1379DE1C0 49] iPhone6S, [000001E13FC57F00][000001E1379E2340 49] iPhone6SPlus, [000001E13FC45100][000001E1379E64C0 49] iPhone7Plus, [000001E13FC57000][000001E1379EA640 49] iPhoneSE, [000001E13FC46700][000001E13E4DE780 49] iPhone8, [000001E13FC57B00][000001E1379EE8C0 49] iPhone8Plus, [000001E13FC47400][000001E1379F2A00 49] iPhoneX, [000001E13FC54A00][000001E1379F6B40 49] iPhoneXS, [000001E13FC44D00][000001E1379FECC0 49] iPhoneXSMax, [000001E13FC56500][000001E137A02E40 49] iPhoneXR, [000001E13FC47E00][000001E137A06FC0 49] iPhone11, [000001E13FC54F00][000001E137A0B140 49] iPhone11Pro, [000001E13FC44200][000001E137A0F2C0 49] iPhone11ProMax, [000001E13FC55B00][000001E137A13440 49] iPhoneSE2, [000001E13FC44E00][000001E137A175C0 49] iPhone12Mini, [000001E13FC54D00][000001E137A1B740 49] iPhone12, [000001E13FC46F00][000001E137A1F8C0 49] iPhone12Pro, [000001E13FC57600][000001E137A23A40 49] iPhone12ProMax, [000001E13FC44C00][000001E137A27BC0 49] iPadPro105, [000001E13FC54700][000001E137A2A1C0 49] iPadPro129, [000001E13FC46E00][000001E137A2E340 49] iPadPro97, [000001E13FC54C00][000001E137A324C0 49] iPadPro2_129, [000001E13FC46800][000001E137A36640 49] iPad5, [000001E13FC57E00][000001E13F7527C0 49] iPad6, [000001E13FC44500][000001E13F756940 49] iPad7, [000001E13FC56200][000001E1379FAA80 49] iPad8, [000001E13FC45B00][000001E13F75ABC0 49] iPadPro11, [000001E13FC56900][000001E13F75ED00 49] iPadPro2_11, [000001E13FC45C00][000001E13F766E80 49] iPadPro3_129, [000001E13FC55F00][000001E13F76B000 49] iPadPro4_129, [000001E13FC44A00][000001E13F76F180 49] AppleTV, [000001E13FC56400][000001E13F773300 49] AppleTV4K, [000001E13FC44400][000001E13F777480 49] TVOS, [000001E13FC56B00][000001E13F77B600 49] Mac, [000001E13FC47D00][000001E13F77F780 49] MacClient, [000001E13FC55100][000001E13F783900 49] MacNoEditor, [000001E13FC46300][000001E13F787A80 49] MacServer, [000001E13FC56800][000001E13F78BC00 49] Linux, [000001E13FC46500][000001E13F78E200 49] LinuxAArch64, [000001E13FC54900][000001E13F792380 49] LinuxNoEditor, [000001E13FC46000][000001E13F796500 49] LinuxAArch64NoEditor, [000001E13FC57900][000001E13F79A680 49] LinuxClient, [000001E13FC47700][000001E13F79E800 49] LinuxAArch64Client, [000001E13FC56F00][000001E13F7A2980 49] LinuxServer, [000001E13FC47A00][000001E13F7A6B00 49] LinuxAArch64Server, [000001E13FC55C00][000001E13F762C40 49] Android, [000001E13FC9F800][000001E13F7AAD80 49] Android_Low, [000001E13E909C00][000001E13F7AEEC0 49] Android_Mid, [000001E13FC9FB00][000001E13F7B7040 49] Android_High, [000001E13E908700][000001E13F7BB1C0 49] Android_Default, [000001E13FC9EC00][000001E13F7BF340 49] Android_Adreno4xx, [000001E13E908200][000001E13F7C34C0 49] Android_Adreno5xx_Low, [000001E13FC9C600][000001E13F7C7640 49] Android_Adreno5xx, [000001E13E90A700][000001E13F7CB7C0 49] Android_Adreno6xx, [000001E13FC9CE00][000001E13F7CF940 49] Android_Adreno6xx_Vulkan, [000001E13E909000][000001E13F7D3AC0 49] Android_Mali_T6xx, [000001E13FC9C200][000001E13F7D60C0 49] Android_Mali_T7xx, [000001E13E909300][000001E13F7DA240 49] Android_Mali_T8xx, [000001E13FC9F000][000001E13F7DE3C0 49] Android_Mali_G71, [000001E13E90A800][000001E13F7E2540 49] Android_Mali_G72, [000001E13FC9DC00][000001E13F7E66C0 49] Android_Mali_G72_Vulkan, [000001E13E90AA00][000001E13F7EA840 49] Android_Mali_G76, [000001E13FC9E800][000001E13F7EE9C0 49] Android_Mali_G76_Vulkan, [000001E13E90B600][000001E13F7F2B40 49] Android_Mali_G77, [000001E13FC9E700][000001E13F7F6CC0 49] Android_Mali_G77_Vulkan, [000001E13E908C00][000001E13F7B2E00 49] Android_Mali_G78, [000001E13FC9F400][000001E13F7FAF40 49] Android_Mali_G78_Vulkan, [000001E13E90B000][000001E13F7FF080 49] Android_Mali_G710, [000001E13FC9C800][000001E13F8031C0 49] Android_Mali_G710_Vulkan, [000001E13E90A400][000001E13F80B340 49] Android_Vulkan_SM5, [000001E13FC9D700][000001E13F80F4C0 49] Android_PowerVR_G6xxx, [000001E13E90AF00][000001E13F813640 49] Android_PowerVR_GT7xxx, [000001E13FC9E900][000001E13F8177C0 49] Android_PowerVR_GE8xxx, [000001E13E909200][000001E13F81B940 49] Android_PowerVR_GM9xxx, [000001E13FC57100][000001E13F81FAC0 49] Android_PowerVR_GM9xxx_Vulkan, [000001E13E90B100][000001E13F8220C0 49] Android_TegraK1, [000001E13FC57800][000001E13F826240 49] Android_Unknown_Vulkan, [000001E13E909100][000001E13F82A3C0 49] Lumin, [000001E13FC57500][000001E13F82E540 49] Lumin_Desktop, [000001E13E90AD00][000001E13F8326C0 49] HoloLens, 
[2026.05.14-00.08.23:786][  0]LogMeshReduction: Using QuadricMeshReduction for automatic static mesh reduction
[2026.05.14-00.08.23:786][  0]LogMeshReduction: Using SimplygonMeshReduction for automatic skeletal mesh reduction
[2026.05.14-00.08.23:786][  0]LogMeshReduction: Using ProxyLODMeshReduction for automatic mesh merging
[2026.05.14-00.08.23:786][  0]LogMeshReduction: No distributed automatic mesh merging module available
[2026.05.14-00.08.23:786][  0]LogMeshMerging: No distributed automatic mesh merging module available
[2026.05.14-00.08.23:795][  0]LogNetVersion: ALSV4 1.0.0, NetCL: 17155196, EngineNetVer: 17, GameNetVer: 0 (Checksum: 1428757274)
[2026.05.14-00.08.24:036][  0]LogTexture: Default maximum texture size for cubemaps generated from long-lat sources has been changed from 512 to unlimited. In order to preserve old behaiour for '/Engine/MapTemplates/Sky/DaylightAmbientCubemap.DaylightAmbientCubemap', its maximum texture size has been explicitly set to 512.
[2026.05.14-00.08.24:099][  0]LogHMD: PokeAHoleMaterial loaded successfully
[2026.05.14-00.08.24:105][  0]LogUObjectArray: 17178 objects as part of root set at end of initial load.
[2026.05.14-00.08.24:105][  0]LogUObjectAllocator: 4302048 out of 0 bytes used by permanent object pool.
[2026.05.14-00.08.24:105][  0]LogUObjectArray: CloseDisregardForGC: 0/0 objects in disregard for GC pool
[2026.05.14-00.08.24:390][  0]LogNiagaraDebuggerClient: Niagara Debugger Client Initialized | Session: D2D74939488D16CCC88F5B8B36134CFC | Instance: E6ADC4814007B4D241C8858DE44E881B (MANKA-D-D-6017-12284).
[2026.05.14-00.08.24:509][  0]LogPython: Using Python 3.7.7
[2026.05.14-00.08.24:987][  0]LogTcpMessaging: Initializing TcpMessaging bridge
[2026.05.14-00.08.24:990][  0]LogUdpMessaging: Initializing bridge on interface 0.0.0.0:0 to multicast group 230.0.0.1:6666.
[2026.05.14-00.08.25:131][  0]SourceControl: Source control is disabled
[2026.05.14-00.08.25:131][  0]SourceControl: Source control is disabled
[2026.05.14-00.08.25:133][  0]SourceControl: Source control is disabled
[2026.05.14-00.08.25:155][  0]SourceControl: Source control is disabled
[2026.05.14-00.08.25:163][  0]SourceControl: Source control is disabled
[2026.05.14-00.08.25:165][  0]LogUProjectInfo: Found projects:
[2026.05.14-00.08.25:263][  0]LogOpenImageDenoise: OIDN starting up
[2026.05.14-00.08.25:304][  0]LogAndroidPermission: UAndroidPermissionCallbackProxy::GetInstance
[2026.05.14-00.08.25:310][  0]LogAudioCaptureCore: Display: No Audio Capture implementations found. Audio input will be silent.
[2026.05.14-00.08.25:310][  0]LogAudioCaptureCore: Display: No Audio Capture implementations found. Audio input will be silent.
[2026.05.14-00.08.25:414][  0]LogCollectionManager: Loaded 0 collections in 0.001331 seconds
[2026.05.14-00.08.25:440][  0]LogFileCache: Scanning file cache for directory 'C:/UEProject/UnrealLearn/ALSV4/Saved/Collections/' took 0.00s
[2026.05.14-00.08.25:440][  0]LogFileCache: Scanning file cache for directory 'C:/UEProject/UnrealLearn/ALSV4/Content/Developers/LiamChen/Collections/' took 0.00s
[2026.05.14-00.08.25:440][  0]LogFileCache: Scanning file cache for directory 'C:/UEProject/UnrealLearn/ALSV4/Content/Collections/' took 0.00s
[2026.05.14-00.08.25:440][  0]LogOcInput: OculusInput pre-init called
[2026.05.14-00.08.25:676][  0]LogEngine: Initializing Engine...
[2026.05.14-00.08.25:726][  0]LogHMD: Failed to enumerate extensions. Please check that you have a valid OpenXR runtime installed.
[2026.05.14-00.08.25:727][  0]LogHMD: Failed to initialize OpenVR with code 110
[2026.05.14-00.08.25:727][  0]LogMagicLeap: Warning: VR disabled because ZI is not enabled.  To enable, in the editor, Edit -> Project Settings -> Plugins -> Magic Leap Plugin -> Enable Zero Iteration
[2026.05.14-00.08.25:728][  0]LogStats: UGameplayTagsManager::InitializeManager -  0.000 s
[2026.05.14-00.08.25:851][  0]LogInit: Initializing FReadOnlyCVARCache
[2026.05.14-00.08.25:859][  0]LogAIModule: Creating AISystem for world Untitled
[2026.05.14-00.08.25:860][  0]LogAudio: Display: Initializing Audio Device Manager...
[2026.05.14-00.08.25:863][  0]LogAudio: Display: Loading Default Audio Settings Objects...
[2026.05.14-00.08.25:863][  0]LogAudio: Display: No default SoundConcurrencyObject specified (or failed to load).
[2026.05.14-00.08.25:863][  0]LogAudio: Display: Audio Device Manager Initialized
[2026.05.14-00.08.25:863][  0]LogAudio: Display: Creating Audio Device:                 Id: 1, Scope: Shared, Realtime: True
[2026.05.14-00.08.25:864][  0]LogAudioMixer: Display: Audio Mixer Platform Settings:
[2026.05.14-00.08.25:864][  0]LogAudioMixer: Display: 	Sample Rate:						  48000
[2026.05.14-00.08.25:864][  0]LogAudioMixer: Display: 	Callback Buffer Frame Size Requested: 1024
[2026.05.14-00.08.25:864][  0]LogAudioMixer: Display: 	Callback Buffer Frame Size To Use:	  1024
[2026.05.14-00.08.25:864][  0]LogAudioMixer: Display: 	Number of buffers to queue:			  2
[2026.05.14-00.08.25:864][  0]LogAudioMixer: Display: 	Max Channels (voices):				  32
[2026.05.14-00.08.25:864][  0]LogAudioMixer: Display: 	Number of Async Source Workers:		  0
[2026.05.14-00.08.25:864][  0]LogAudio: Display: AudioDevice MaxSources: 32
[2026.05.14-00.08.25:864][  0]LogAudio: Display: Audio Spatialization Plugin: None (built-in).
[2026.05.14-00.08.25:864][  0]LogAudio: Display: Audio Reverb Plugin: None (built-in).
[2026.05.14-00.08.25:864][  0]LogAudio: Display: Audio Occlusion Plugin: None (built-in).
[2026.05.14-00.08.25:864][  0]LogAudioMixer: Display: Initializing audio mixer.
[2026.05.14-00.08.25:873][  0]LogAudioMixer: Display: 0: FrontLeft
[2026.05.14-00.08.25:873][  0]LogAudioMixer: Display: 1: FrontRight
[2026.05.14-00.08.25:903][  0]LogAudioMixer: Display: Using Audio Device G274F (HD Audio Driver for Display Audio)
[2026.05.14-00.08.25:908][  0]LogAudioMixer: Display: Initializing Sound Submixes...
[2026.05.14-00.08.25:909][  0]LogAudioMixer: Display: Creating Master Submix 'MasterSubmixDefault'
[2026.05.14-00.08.25:909][  0]LogAudioMixer: Display: Creating Master Submix 'MasterReverbSubmixDefault'
[2026.05.14-00.08.25:910][  0]LogAudioMixer: Display: Creating Master Submix 'MasterEQSubmixDefault'
[2026.05.14-00.08.25:910][  0]LogAudioMixer: FMixerPlatformXAudio2::StartAudioStream() called
[2026.05.14-00.08.25:910][  0]LogAudioMixer: Display: Output buffers initialized: Frames=1024, Channels=2, Samples=2048
[2026.05.14-00.08.25:911][  0]LogAudioMixer: Display: Starting AudioMixerPlatformInterface::RunInternal()
[2026.05.14-00.08.25:911][  0]LogAudioMixer: Display: FMixerPlatformXAudio2::SubmitBuffer() called for the first time
[2026.05.14-00.08.25:911][  0]LogInit: FAudioDevice initialized.
[2026.05.14-00.08.25:911][  0]LogAudio: Display: Audio Device (ID: 1) registered with world 'Untitled'.
[2026.05.14-00.08.25:911][  0]LogNetVersion: Set ProjectVersion to 1.0.0.0. Version Checksum will be recalculated on next use.
[2026.05.14-00.08.25:958][  0]LogDerivedDataCache: Saved boot cache 0.05s 94MB C:/Users/LiamChen/AppData/Local/UnrealEngine/4.27/DerivedDataCache/Boot.ddc.
[2026.05.14-00.08.25:959][  0]LogInit: Texture streaming: Enabled
[2026.05.14-00.08.25:975][  0]LogAnalytics: Display: [UEEditor.Rocket.Release] APIServer = https://datarouter.ol.epicgames.com/. AppVersion = 4.27.2-18319896+++UE4+Release-4.27
[2026.05.14-00.08.25:978][  0]LogEngineSessionManager: EngineSessionManager initialized
[2026.05.14-00.08.25:978][  0]LogEditorSessionSummary: Verbose: Initializing EditorSessionSummaryWriter for editor session tracking
[2026.05.14-00.08.25:979][  0]LogEditorSessionSummary: EditorSessionSummaryWriter initialized
[2026.05.14-00.08.26:002][  0]LogInit: Transaction tracking system initialized
[2026.05.14-00.08.26:019][  0]BlueprintLog: New page: Editor Load
[2026.05.14-00.08.26:066][  0]LocalizationService: Localization service is disabled
[2026.05.14-00.08.26:090][  0]TimingProfiler: Initialize
[2026.05.14-00.08.26:090][  0]TimingProfiler: OnSessionChanged
[2026.05.14-00.08.26:090][  0]LoadingProfiler: Initialize
[2026.05.14-00.08.26:091][  0]LoadingProfiler: OnSessionChanged
[2026.05.14-00.08.26:091][  0]NetworkingProfiler: Initialize
[2026.05.14-00.08.26:091][  0]NetworkingProfiler: OnSessionChanged
[2026.05.14-00.08.26:091][  0]MemoryProfiler: Initialize
[2026.05.14-00.08.26:091][  0]MemoryProfiler: OnSessionChanged
[2026.05.14-00.08.26:227][  0]LogCook: Display: CookSettings for Memory: MemoryMaxUsedVirtual 0MiB, MemoryMaxUsedPhysical 16384MiB, MemoryMinFreeVirtual 0MiB, MemoryMinFreePhysical 1024MiB
[2026.05.14-00.08.26:227][  0]LogCook: Display: Mobile HDR setting 1
[2026.05.14-00.08.26:400][  0]LogFileCache: Scanning file cache for directory 'C:/UEProject/UnrealLearn/ALSV4/Content/' took 0.02s
[2026.05.14-00.08.26:545][  0]LogInit: Display: Engine is initialized. Leaving FEngineLoop::Init()
[2026.05.14-00.08.26:548][  0]SourceControl: Source control is disabled
[2026.05.14-00.08.26:548][  0]LogUnrealEdMisc: Loading editor; pre map load, took 5.298
[2026.05.14-00.08.26:548][  0]Cmd: MAP LOAD FILE="../../../../../../UEProject/UnrealLearn/ALSV4/Content/ThirdPersonBP/Maps/ThirdPersonExampleMap.umap" TEMPLATE=0 SHOWPROGRESS=1 FEATURELEVEL=3
[2026.05.14-00.08.26:554][  0]LightingResults: New page: Lighting Build
[2026.05.14-00.08.26:555][  0]LogWorld: UWorld::CleanupWorld for Untitled, bSessionEnded=true, bCleanupResources=true
[2026.05.14-00.08.26:555][  0]LogSlate: InvalidateAllWidgets triggered.  All widgets were invalidated
[2026.05.14-00.08.26:555][  0]MapCheck: New page: Map Check
[2026.05.14-00.08.26:555][  0]LightingResults: New page: Lighting Build
[2026.05.14-00.08.26:565][  0]LogAudio: Display: Audio Device unregistered from world 'None'.
[2026.05.14-00.08.26:569][  0]LogUObjectHash: Compacting FUObjectHashTables data took   0.52ms
[2026.05.14-00.08.26:698][  0]LogAudio: Display: Audio Device (ID: 1) registered with world 'ThirdPersonExampleMap'.
[2026.05.14-00.08.26:699][  0]LogAIModule: Creating AISystem for world ThirdPersonExampleMap
[2026.05.14-00.08.26:703][  0]LogEditorServer: Finished looking for orphan Actors (0.000 secs)
[2026.05.14-00.08.26:712][  0]LogUObjectHash: Compacting FUObjectHashTables data took   0.83ms
[2026.05.14-00.08.26:712][  0]Cmd: MAP CHECKDEP NOCLEARLOG
[2026.05.14-00.08.26:712][  0]MapCheck: Map check complete: 0 Error(s), 0 Warning(s), took 0.203ms to complete.
[2026.05.14-00.08.26:712][  0]LogFileHelpers: Loading map 'ThirdPersonExampleMap' took 0.164
[2026.05.14-00.08.26:714][  0]LogUnrealEdMisc: Total Editor Startup Time, took 5.464
[2026.05.14-00.08.26:850][  0]LogSlate: Updating window title bar state: overlay mode, drag disabled, window buttons hidden, title bar hidden
[2026.05.14-00.08.26:856][  0]LogSlate: Updating window title bar state: overlay mode, drag disabled, window buttons hidden, title bar hidden
[2026.05.14-00.08.26:861][  0]LogSlate: Updating window title bar state: overlay mode, drag disabled, window buttons hidden, title bar hidden
[2026.05.14-00.08.26:864][  0]LogSlate: Updating window title bar state: overlay mode, drag disabled, window buttons hidden, title bar hidden
[2026.05.14-00.08.26:893][  0]LogNativeClassHierarchy: Verbose: Native class hierarchy populated in 0.0065 seconds. Added 3822 classes and 928 folders.
[2026.05.14-00.08.26:899][  0]LogNativeClassHierarchy: Verbose: Native class hierarchy updated for 'WidgetCarousel' in 0.0003 seconds. Added 0 classes and 0 folders.
[2026.05.14-00.08.26:912][  0]LogPakFile: PakFile PrimaryIndexSize=187
[2026.05.14-00.08.26:912][  0]LogPakFile: PakFile PathHashIndexSize=101
[2026.05.14-00.08.26:912][  0]LogPakFile: PakFile FullDirectoryIndexSize=148
[2026.05.14-00.08.26:913][  0]LogShaderLibrary: Display: ShaderCodeLibraryPakFileMountedCallback: PakFile 'C:/Program Files/Epic Games/UE_4.27/FeaturePacks/FP_FirstPerson.upack' (chunk index -1, root 'root:/') mounted
[2026.05.14-00.08.26:913][  0]LogShaderLibrary: Display: ShaderCodeLibraryPakFileMountedCallback: pending pak file info (ChunkID:-1 Root:root:/ File:C:/Program Files/Epic Games/UE_4.27/FeaturePacks/FP_FirstPerson.upack)
[2026.05.14-00.08.26:913][  0]LogPakFile: OnPakFileMounted2Time == 0.000900
[2026.05.14-00.08.26:923][  0]LogPakFile: PakFile PrimaryIndexSize=189
[2026.05.14-00.08.26:923][  0]LogPakFile: PakFile PathHashIndexSize=101
[2026.05.14-00.08.26:923][  0]LogPakFile: PakFile FullDirectoryIndexSize=152
[2026.05.14-00.08.26:923][  0]LogShaderLibrary: Display: ShaderCodeLibraryPakFileMountedCallback: PakFile 'C:/Program Files/Epic Games/UE_4.27/FeaturePacks/FP_FirstPersonBP.upack' (chunk index -1, root 'root:/') mounted
[2026.05.14-00.08.26:923][  0]LogShaderLibrary: Display: ShaderCodeLibraryPakFileMountedCallback: pending pak file info (ChunkID:-1 Root:root:/ File:C:/Program Files/Epic Games/UE_4.27/FeaturePacks/FP_FirstPersonBP.upack)
[2026.05.14-00.08.26:923][  0]LogPakFile: OnPakFileMounted2Time == 0.000053
[2026.05.14-00.08.26:928][  0]LogPakFile: PakFile PrimaryIndexSize=191
[2026.05.14-00.08.26:928][  0]LogPakFile: PakFile PathHashIndexSize=101
[2026.05.14-00.08.26:928][  0]LogPakFile: PakFile FullDirectoryIndexSize=160
[2026.05.14-00.08.26:929][  0]LogShaderLibrary: Display: ShaderCodeLibraryPakFileMountedCallback: PakFile 'C:/Program Files/Epic Games/UE_4.27/FeaturePacks/MobileStarterContent.upack' (chunk index -1, root 'root:/') mounted
[2026.05.14-00.08.26:929][  0]LogShaderLibrary: Display: ShaderCodeLibraryPakFileMountedCallback: pending pak file info (ChunkID:-1 Root:root:/ File:C:/Program Files/Epic Games/UE_4.27/FeaturePacks/MobileStarterContent.upack)
[2026.05.14-00.08.26:929][  0]LogPakFile: OnPakFileMounted2Time == 0.000033
[2026.05.14-00.08.26:935][  0]LogPakFile: PakFile PrimaryIndexSize=185
[2026.05.14-00.08.26:935][  0]LogPakFile: PakFile PathHashIndexSize=101
[2026.05.14-00.08.26:935][  0]LogPakFile: PakFile FullDirectoryIndexSize=148
[2026.05.14-00.08.26:935][  0]LogShaderLibrary: Display: ShaderCodeLibraryPakFileMountedCallback: PakFile 'C:/Program Files/Epic Games/UE_4.27/FeaturePacks/StarterContent.upack' (chunk index -1, root 'root:/') mounted
[2026.05.14-00.08.26:935][  0]LogShaderLibrary: Display: ShaderCodeLibraryPakFileMountedCallback: pending pak file info (ChunkID:-1 Root:root:/ File:C:/Program Files/Epic Games/UE_4.27/FeaturePacks/StarterContent.upack)
[2026.05.14-00.08.26:935][  0]LogPakFile: OnPakFileMounted2Time == 0.000034
[2026.05.14-00.08.26:941][  0]LogPakFile: PakFile PrimaryIndexSize=190
[2026.05.14-00.08.26:941][  0]LogPakFile: PakFile PathHashIndexSize=101
[2026.05.14-00.08.26:941][  0]LogPakFile: PakFile FullDirectoryIndexSize=154
[2026.05.14-00.08.26:941][  0]LogShaderLibrary: Display: ShaderCodeLibraryPakFileMountedCallback: PakFile 'C:/Program Files/Epic Games/UE_4.27/FeaturePacks/TP_2DSideScroller.upack' (chunk index -1, root 'root:/') mounted
[2026.05.14-00.08.26:941][  0]LogShaderLibrary: Display: ShaderCodeLibraryPakFileMountedCallback: pending pak file info (ChunkID:-1 Root:root:/ File:C:/Program Files/Epic Games/UE_4.27/FeaturePacks/TP_2DSideScroller.upack)
[2026.05.14-00.08.26:941][  0]LogPakFile: OnPakFileMounted2Time == 0.000042
[2026.05.14-00.08.26:947][  0]LogPakFile: PakFile PrimaryIndexSize=192
[2026.05.14-00.08.26:947][  0]LogPakFile: PakFile PathHashIndexSize=101
[2026.05.14-00.08.26:947][  0]LogPakFile: PakFile FullDirectoryIndexSize=158
[2026.05.14-00.08.26:947][  0]LogShaderLibrary: Display: ShaderCodeLibraryPakFileMountedCallback: PakFile 'C:/Program Files/Epic Games/UE_4.27/FeaturePacks/TP_2DSideScrollerBP.upack' (chunk index -1, root 'root:/') mounted
[2026.05.14-00.08.26:947][  0]LogShaderLibrary: Display: ShaderCodeLibraryPakFileMountedCallback: pending pak file info (ChunkID:-1 Root:root:/ File:C:/Program Files/Epic Games/UE_4.27/FeaturePacks/TP_2DSideScrollerBP.upack)
[2026.05.14-00.08.26:947][  0]LogPakFile: OnPakFileMounted2Time == 0.000037
[2026.05.14-00.08.26:955][  0]LogPakFile: PakFile PrimaryIndexSize=182
[2026.05.14-00.08.26:956][  0]LogPakFile: PakFile PathHashIndexSize=101
[2026.05.14-00.08.26:956][  0]LogPakFile: PakFile FullDirectoryIndexSize=138
[2026.05.14-00.08.26:956][  0]LogShaderLibrary: Display: ShaderCodeLibraryPakFileMountedCallback: PakFile 'C:/Program Files/Epic Games/UE_4.27/FeaturePacks/TP_Flying.upack' (chunk index -1, root 'root:/') mounted
[2026.05.14-00.08.26:956][  0]LogShaderLibrary: Display: ShaderCodeLibraryPakFileMountedCallback: pending pak file info (ChunkID:-1 Root:root:/ File:C:/Program Files/Epic Games/UE_4.27/FeaturePacks/TP_Flying.upack)
[2026.05.14-00.08.26:956][  0]LogPakFile: OnPakFileMounted2Time == 0.000039
[2026.05.14-00.08.26:962][  0]LogPakFile: PakFile PrimaryIndexSize=184
[2026.05.14-00.08.26:963][  0]LogPakFile: PakFile PathHashIndexSize=101
[2026.05.14-00.08.26:963][  0]LogPakFile: PakFile FullDirectoryIndexSize=142
[2026.05.14-00.08.26:963][  0]LogShaderLibrary: Display: ShaderCodeLibraryPakFileMountedCallback: PakFile 'C:/Program Files/Epic Games/UE_4.27/FeaturePacks/TP_FlyingBP.upack' (chunk index -1, root 'root:/') mounted
[2026.05.14-00.08.26:963][  0]LogShaderLibrary: Display: ShaderCodeLibraryPakFileMountedCallback: pending pak file info (ChunkID:-1 Root:root:/ File:C:/Program Files/Epic Games/UE_4.27/FeaturePacks/TP_FlyingBP.upack)
[2026.05.14-00.08.26:963][  0]LogPakFile: OnPakFileMounted2Time == 0.000039
[2026.05.14-00.08.26:970][  0]LogPakFile: PakFile PrimaryIndexSize=188
[2026.05.14-00.08.26:970][  0]LogPakFile: PakFile PathHashIndexSize=101
[2026.05.14-00.08.26:970][  0]LogPakFile: PakFile FullDirectoryIndexSize=150
[2026.05.14-00.08.26:970][  0]LogShaderLibrary: Display: ShaderCodeLibraryPakFileMountedCallback: PakFile 'C:/Program Files/Epic Games/UE_4.27/FeaturePacks/TP_HandheldARBP.upack' (chunk index -1, root 'root:/') mounted
[2026.05.14-00.08.26:970][  0]LogShaderLibrary: Display: ShaderCodeLibraryPakFileMountedCallback: pending pak file info (ChunkID:-1 Root:root:/ File:C:/Program Files/Epic Games/UE_4.27/FeaturePacks/TP_HandheldARBP.upack)
[2026.05.14-00.08.26:970][  0]LogPakFile: OnPakFileMounted2Time == 0.000033
[2026.05.14-00.08.26:977][  0]LogPakFile: PakFile PrimaryIndexSize=182
[2026.05.14-00.08.26:977][  0]LogPakFile: PakFile PathHashIndexSize=101
[2026.05.14-00.08.26:977][  0]LogPakFile: PakFile FullDirectoryIndexSize=138
[2026.05.14-00.08.26:977][  0]LogShaderLibrary: Display: ShaderCodeLibraryPakFileMountedCallback: PakFile 'C:/Program Files/Epic Games/UE_4.27/FeaturePacks/TP_Puzzle.upack' (chunk index -1, root 'root:/') mounted
[2026.05.14-00.08.26:977][  0]LogShaderLibrary: Display: ShaderCodeLibraryPakFileMountedCallback: pending pak file info (ChunkID:-1 Root:root:/ File:C:/Program Files/Epic Games/UE_4.27/FeaturePacks/TP_Puzzle.upack)
[2026.05.14-00.08.26:977][  0]LogPakFile: OnPakFileMounted2Time == 0.000041
[2026.05.14-00.08.26:985][  0]LogPakFile: PakFile PrimaryIndexSize=184
[2026.05.14-00.08.26:985][  0]LogPakFile: PakFile PathHashIndexSize=101
[2026.05.14-00.08.26:985][  0]LogPakFile: PakFile FullDirectoryIndexSize=142
[2026.05.14-00.08.26:985][  0]LogShaderLibrary: Display: ShaderCodeLibraryPakFileMountedCallback: PakFile 'C:/Program Files/Epic Games/UE_4.27/FeaturePacks/TP_PuzzleBP.upack' (chunk index -1, root 'root:/') mounted
[2026.05.14-00.08.26:985][  0]LogShaderLibrary: Display: ShaderCodeLibraryPakFileMountedCallback: pending pak file info (ChunkID:-1 Root:root:/ File:C:/Program Files/Epic Games/UE_4.27/FeaturePacks/TP_PuzzleBP.upack)
[2026.05.14-00.08.26:985][  0]LogPakFile: OnPakFileMounted2Time == 0.000044
[2026.05.14-00.08.26:991][  0]LogPakFile: PakFile PrimaryIndexSize=183
[2026.05.14-00.08.26:991][  0]LogPakFile: PakFile PathHashIndexSize=101
[2026.05.14-00.08.26:991][  0]LogPakFile: PakFile FullDirectoryIndexSize=140
[2026.05.14-00.08.26:991][  0]LogShaderLibrary: Display: ShaderCodeLibraryPakFileMountedCallback: PakFile 'C:/Program Files/Epic Games/UE_4.27/FeaturePacks/TP_Rolling.upack' (chunk index -1, root 'root:/') mounted
[2026.05.14-00.08.26:991][  0]LogShaderLibrary: Display: ShaderCodeLibraryPakFileMountedCallback: pending pak file info (ChunkID:-1 Root:root:/ File:C:/Program Files/Epic Games/UE_4.27/FeaturePacks/TP_Rolling.upack)
[2026.05.14-00.08.26:991][  0]LogPakFile: OnPakFileMounted2Time == 0.000038
[2026.05.14-00.08.26:998][  0]LogPakFile: PakFile PrimaryIndexSize=185
[2026.05.14-00.08.26:998][  0]LogPakFile: PakFile PathHashIndexSize=101
[2026.05.14-00.08.26:998][  0]LogPakFile: PakFile FullDirectoryIndexSize=144
[2026.05.14-00.08.26:998][  0]LogShaderLibrary: Display: ShaderCodeLibraryPakFileMountedCallback: PakFile 'C:/Program Files/Epic Games/UE_4.27/FeaturePacks/TP_RollingBP.upack' (chunk index -1, root 'root:/') mounted
[2026.05.14-00.08.26:998][  0]LogShaderLibrary: Display: ShaderCodeLibraryPakFileMountedCallback: pending pak file info (ChunkID:-1 Root:root:/ File:C:/Program Files/Epic Games/UE_4.27/FeaturePacks/TP_RollingBP.upack)
[2026.05.14-00.08.26:998][  0]LogPakFile: OnPakFileMounted2Time == 0.000054
[2026.05.14-00.08.27:004][  0]LogPakFile: PakFile PrimaryIndexSize=188
[2026.05.14-00.08.27:004][  0]LogPakFile: PakFile PathHashIndexSize=101
[2026.05.14-00.08.27:004][  0]LogPakFile: PakFile FullDirectoryIndexSize=150
[2026.05.14-00.08.27:004][  0]LogShaderLibrary: Display: ShaderCodeLibraryPakFileMountedCallback: PakFile 'C:/Program Files/Epic Games/UE_4.27/FeaturePacks/TP_SideScroller.upack' (chunk index -1, root 'root:/') mounted
[2026.05.14-00.08.27:004][  0]LogShaderLibrary: Display: ShaderCodeLibraryPakFileMountedCallback: pending pak file info (ChunkID:-1 Root:root:/ File:C:/Program Files/Epic Games/UE_4.27/FeaturePacks/TP_SideScroller.upack)
[2026.05.14-00.08.27:005][  0]LogPakFile: OnPakFileMounted2Time == 0.000034
[2026.05.14-00.08.27:010][  0]LogPakFile: PakFile PrimaryIndexSize=190
[2026.05.14-00.08.27:010][  0]LogPakFile: PakFile PathHashIndexSize=101
[2026.05.14-00.08.27:010][  0]LogPakFile: PakFile FullDirectoryIndexSize=154
[2026.05.14-00.08.27:010][  0]LogShaderLibrary: Display: ShaderCodeLibraryPakFileMountedCallback: PakFile 'C:/Program Files/Epic Games/UE_4.27/FeaturePacks/TP_SideScrollerBP.upack' (chunk index -1, root 'root:/') mounted
[2026.05.14-00.08.27:010][  0]LogShaderLibrary: Display: ShaderCodeLibraryPakFileMountedCallback: pending pak file info (ChunkID:-1 Root:root:/ File:C:/Program Files/Epic Games/UE_4.27/FeaturePacks/TP_SideScrollerBP.upack)
[2026.05.14-00.08.27:010][  0]LogPakFile: OnPakFileMounted2Time == 0.000040
[2026.05.14-00.08.27:019][  0]LogPakFile: PakFile PrimaryIndexSize=187
[2026.05.14-00.08.27:019][  0]LogPakFile: PakFile PathHashIndexSize=101
[2026.05.14-00.08.27:019][  0]LogPakFile: PakFile FullDirectoryIndexSize=148
[2026.05.14-00.08.27:019][  0]LogShaderLibrary: Display: ShaderCodeLibraryPakFileMountedCallback: PakFile 'C:/Program Files/Epic Games/UE_4.27/FeaturePacks/TP_ThirdPerson.upack' (chunk index -1, root 'root:/') mounted
[2026.05.14-00.08.27:019][  0]LogShaderLibrary: Display: ShaderCodeLibraryPakFileMountedCallback: pending pak file info (ChunkID:-1 Root:root:/ File:C:/Program Files/Epic Games/UE_4.27/FeaturePacks/TP_ThirdPerson.upack)
[2026.05.14-00.08.27:019][  0]LogPakFile: OnPakFileMounted2Time == 0.000045
[2026.05.14-00.08.27:025][  0]LogPakFile: PakFile PrimaryIndexSize=189
[2026.05.14-00.08.27:026][  0]LogPakFile: PakFile PathHashIndexSize=101
[2026.05.14-00.08.27:026][  0]LogPakFile: PakFile FullDirectoryIndexSize=152
[2026.05.14-00.08.27:026][  0]LogShaderLibrary: Display: ShaderCodeLibraryPakFileMountedCallback: PakFile 'C:/Program Files/Epic Games/UE_4.27/FeaturePacks/TP_ThirdPersonBP.upack' (chunk index -1, root 'root:/') mounted
[2026.05.14-00.08.27:026][  0]LogShaderLibrary: Display: ShaderCodeLibraryPakFileMountedCallback: pending pak file info (ChunkID:-1 Root:root:/ File:C:/Program Files/Epic Games/UE_4.27/FeaturePacks/TP_ThirdPersonBP.upack)
[2026.05.14-00.08.27:026][  0]LogPakFile: OnPakFileMounted2Time == 0.000058
[2026.05.14-00.08.27:032][  0]LogPakFile: PakFile PrimaryIndexSize=183
[2026.05.14-00.08.27:032][  0]LogPakFile: PakFile PathHashIndexSize=101
[2026.05.14-00.08.27:032][  0]LogPakFile: PakFile FullDirectoryIndexSize=140
[2026.05.14-00.08.27:032][  0]LogShaderLibrary: Display: ShaderCodeLibraryPakFileMountedCallback: PakFile 'C:/Program Files/Epic Games/UE_4.27/FeaturePacks/TP_TopDown.upack' (chunk index -1, root 'root:/') mounted
[2026.05.14-00.08.27:032][  0]LogShaderLibrary: Display: ShaderCodeLibraryPakFileMountedCallback: pending pak file info (ChunkID:-1 Root:root:/ File:C:/Program Files/Epic Games/UE_4.27/FeaturePacks/TP_TopDown.upack)
[2026.05.14-00.08.27:032][  0]LogPakFile: OnPakFileMounted2Time == 0.000049
[2026.05.14-00.08.27:038][  0]LogPakFile: PakFile PrimaryIndexSize=185
[2026.05.14-00.08.27:038][  0]LogPakFile: PakFile PathHashIndexSize=101
[2026.05.14-00.08.27:038][  0]LogPakFile: PakFile FullDirectoryIndexSize=144
[2026.05.14-00.08.27:039][  0]LogShaderLibrary: Display: ShaderCodeLibraryPakFileMountedCallback: PakFile 'C:/Program Files/Epic Games/UE_4.27/FeaturePacks/TP_TopDownBP.upack' (chunk index -1, root 'root:/') mounted
[2026.05.14-00.08.27:039][  0]LogShaderLibrary: Display: ShaderCodeLibraryPakFileMountedCallback: pending pak file info (ChunkID:-1 Root:root:/ File:C:/Program Files/Epic Games/UE_4.27/FeaturePacks/TP_TopDownBP.upack)
[2026.05.14-00.08.27:039][  0]LogPakFile: OnPakFileMounted2Time == 0.000033
[2026.05.14-00.08.27:048][  0]LogPakFile: PakFile PrimaryIndexSize=185
[2026.05.14-00.08.27:048][  0]LogPakFile: PakFile PathHashIndexSize=101
[2026.05.14-00.08.27:048][  0]LogPakFile: PakFile FullDirectoryIndexSize=144
[2026.05.14-00.08.27:049][  0]LogShaderLibrary: Display: ShaderCodeLibraryPakFileMountedCallback: PakFile 'C:/Program Files/Epic Games/UE_4.27/FeaturePacks/TP_TwinStick.upack' (chunk index -1, root 'root:/') mounted
[2026.05.14-00.08.27:049][  0]LogShaderLibrary: Display: ShaderCodeLibraryPakFileMountedCallback: pending pak file info (ChunkID:-1 Root:root:/ File:C:/Program Files/Epic Games/UE_4.27/FeaturePacks/TP_TwinStick.upack)
[2026.05.14-00.08.27:049][  0]LogPakFile: OnPakFileMounted2Time == 0.000047
[2026.05.14-00.08.27:055][  0]LogPakFile: PakFile PrimaryIndexSize=187
[2026.05.14-00.08.27:055][  0]LogPakFile: PakFile PathHashIndexSize=101
[2026.05.14-00.08.27:055][  0]LogPakFile: PakFile FullDirectoryIndexSize=148
[2026.05.14-00.08.27:055][  0]LogShaderLibrary: Display: ShaderCodeLibraryPakFileMountedCallback: PakFile 'C:/Program Files/Epic Games/UE_4.27/FeaturePacks/TP_TwinStickBP.upack' (chunk index -1, root 'root:/') mounted
[2026.05.14-00.08.27:055][  0]LogShaderLibrary: Display: ShaderCodeLibraryPakFileMountedCallback: pending pak file info (ChunkID:-1 Root:root:/ File:C:/Program Files/Epic Games/UE_4.27/FeaturePacks/TP_TwinStickBP.upack)
[2026.05.14-00.08.27:055][  0]LogPakFile: OnPakFileMounted2Time == 0.000062
[2026.05.14-00.08.27:062][  0]LogPakFile: PakFile PrimaryIndexSize=183
[2026.05.14-00.08.27:062][  0]LogPakFile: PakFile PathHashIndexSize=101
[2026.05.14-00.08.27:063][  0]LogPakFile: PakFile FullDirectoryIndexSize=140
[2026.05.14-00.08.27:063][  0]LogShaderLibrary: Display: ShaderCodeLibraryPakFileMountedCallback: PakFile 'C:/Program Files/Epic Games/UE_4.27/FeaturePacks/TP_Vehicle.upack' (chunk index -1, root 'root:/') mounted
[2026.05.14-00.08.27:063][  0]LogShaderLibrary: Display: ShaderCodeLibraryPakFileMountedCallback: pending pak file info (ChunkID:-1 Root:root:/ File:C:/Program Files/Epic Games/UE_4.27/FeaturePacks/TP_Vehicle.upack)
[2026.05.14-00.08.27:063][  0]LogPakFile: OnPakFileMounted2Time == 0.000057
[2026.05.14-00.08.27:069][  0]LogPakFile: PakFile PrimaryIndexSize=186
[2026.05.14-00.08.27:069][  0]LogPakFile: PakFile PathHashIndexSize=101
[2026.05.14-00.08.27:069][  0]LogPakFile: PakFile FullDirectoryIndexSize=146
[2026.05.14-00.08.27:069][  0]LogShaderLibrary: Display: ShaderCodeLibraryPakFileMountedCallback: PakFile 'C:/Program Files/Epic Games/UE_4.27/FeaturePacks/TP_VehicleAdv.upack' (chunk index -1, root 'root:/') mounted
[2026.05.14-00.08.27:069][  0]LogShaderLibrary: Display: ShaderCodeLibraryPakFileMountedCallback: pending pak file info (ChunkID:-1 Root:root:/ File:C:/Program Files/Epic Games/UE_4.27/FeaturePacks/TP_VehicleAdv.upack)
[2026.05.14-00.08.27:069][  0]LogPakFile: OnPakFileMounted2Time == 0.000041
[2026.05.14-00.08.27:076][  0]LogPakFile: PakFile PrimaryIndexSize=188
[2026.05.14-00.08.27:076][  0]LogPakFile: PakFile PathHashIndexSize=101
[2026.05.14-00.08.27:076][  0]LogPakFile: PakFile FullDirectoryIndexSize=150
[2026.05.14-00.08.27:076][  0]LogShaderLibrary: Display: ShaderCodeLibraryPakFileMountedCallback: PakFile 'C:/Program Files/Epic Games/UE_4.27/FeaturePacks/TP_VehicleAdvBP.upack' (chunk index -1, root 'root:/') mounted
[2026.05.14-00.08.27:076][  0]LogShaderLibrary: Display: ShaderCodeLibraryPakFileMountedCallback: pending pak file info (ChunkID:-1 Root:root:/ File:C:/Program Files/Epic Games/UE_4.27/FeaturePacks/TP_VehicleAdvBP.upack)
[2026.05.14-00.08.27:076][  0]LogPakFile: OnPakFileMounted2Time == 0.000061
[2026.05.14-00.08.27:086][  0]LogPakFile: PakFile PrimaryIndexSize=185
[2026.05.14-00.08.27:086][  0]LogPakFile: PakFile PathHashIndexSize=101
[2026.05.14-00.08.27:086][  0]LogPakFile: PakFile FullDirectoryIndexSize=144
[2026.05.14-00.08.27:086][  0]LogShaderLibrary: Display: ShaderCodeLibraryPakFileMountedCallback: PakFile 'C:/Program Files/Epic Games/UE_4.27/FeaturePacks/TP_VehicleBP.upack' (chunk index -1, root 'root:/') mounted
[2026.05.14-00.08.27:086][  0]LogShaderLibrary: Display: ShaderCodeLibraryPakFileMountedCallback: pending pak file info (ChunkID:-1 Root:root:/ File:C:/Program Files/Epic Games/UE_4.27/FeaturePacks/TP_VehicleBP.upack)
[2026.05.14-00.08.27:086][  0]LogPakFile: OnPakFileMounted2Time == 0.000076
[2026.05.14-00.08.27:092][  0]LogPakFile: PakFile PrimaryIndexSize=192
[2026.05.14-00.08.27:092][  0]LogPakFile: PakFile PathHashIndexSize=101
[2026.05.14-00.08.27:092][  0]LogPakFile: PakFile FullDirectoryIndexSize=158
[2026.05.14-00.08.27:092][  0]LogShaderLibrary: Display: ShaderCodeLibraryPakFileMountedCallback: PakFile 'C:/Program Files/Epic Games/UE_4.27/FeaturePacks/TP_VirtualRealityBP.upack' (chunk index -1, root 'root:/') mounted
[2026.05.14-00.08.27:093][  0]LogShaderLibrary: Display: ShaderCodeLibraryPakFileMountedCallback: pending pak file info (ChunkID:-1 Root:root:/ File:C:/Program Files/Epic Games/UE_4.27/FeaturePacks/TP_VirtualRealityBP.upack)
[2026.05.14-00.08.27:093][  0]LogPakFile: OnPakFileMounted2Time == 0.000036
[2026.05.14-00.08.27:330][  0]LogNativeClassHierarchy: Verbose: Native class hierarchy updated for 'AddContentDialog' in 0.0002 seconds. Added 0 classes and 0 folders.
[2026.05.14-00.08.27:335][  0]LogNativeClassHierarchy: Verbose: Native class hierarchy updated for 'SceneOutliner' in 0.0002 seconds. Added 2 classes and 0 folders.
[2026.05.14-00.08.27:456][  0]LogSlate: Took 0.000153 seconds to synchronously load lazily loaded font '../../../Engine/Content/Slate/Fonts/Roboto-Regular.ttf' (155K)
[2026.05.14-00.08.27:462][  0]LogSlate: Took 0.005161 seconds to synchronously load lazily loaded font '../../../Engine/Content/Editor/Slate/Fonts/FontAwesome.ttf' (139K)
[2026.05.14-00.08.27:463][  0]LogSlate: Took 0.000154 seconds to synchronously load lazily loaded font '../../../Engine/Content/Slate/Fonts/Roboto-Bold.ttf' (160K)
[2026.05.14-00.08.27:622][  0]LogRenderer: Reallocating scene render targets to support 1208x568 Format 10 NumSamples 1 (Frame:1).
[2026.05.14-00.08.27:723][  0]LogNativeClassHierarchy: Verbose: Native class hierarchy updated for 'HierarchicalLODOutliner' in 0.0004 seconds. Added 0 classes and 0 folders.
[2026.05.14-00.08.27:723][  0]LogLoad: (Engine Initialization) Total time: 6.47 seconds
[2026.05.14-00.08.27:724][  0]LogLoad: (Engine Initialization) Total Blueprint compile time: 0.00 seconds
[2026.05.14-00.08.27:760][  0]LogAssetRegistry: Asset discovery search completed in 4.1943 seconds
[2026.05.14-00.08.27:765][  0]LogCollectionManager: Fixed up redirectors for 0 collections in 0.000003 seconds (updated 0 objects)
[2026.05.14-00.08.27:768][  0]LogContentStreaming: Texture pool size now 1000 MB
[2026.05.14-00.08.28:423][  2]LogSlate: Took 0.005813 seconds to synchronously load lazily loaded font '../../../Engine/Content/Slate/Fonts/Roboto-Light.ttf' (167K)
[2026.05.14-00.08.29:073][  4]LogSlate: Took 0.000152 seconds to synchronously load lazily loaded font '../../../Engine/Content/Slate/Fonts/Roboto-Light.ttf' (167K)
[2026.05.14-04.48.20:076][177]LogAudioMixer: Warning: Changing default audio render device to new device: {0.0.0.00000000}.{5e2b3661-3924-40f5-8413-c9ad5b89d2bc}.
[2026.05.14-04.48.20:083][177]LogAudioMixer: Resetting audio stream to device id 
[2026.05.14-04.48.20:097][177]LogAudioMixer: Display: 0: FrontLeft
[2026.05.14-04.48.20:097][177]LogAudioMixer: Display: 1: FrontRight
[2026.05.14-05.00.34:137][833]LogAssetEditorSubsystem: Opening Asset editor for AnimBlueprint /Game/AdvancedLocomotionV4/Blueprints/CharacterLogic/ALS_AnimBP.ALS_AnimBP
[2026.05.14-05.00.34:264][833]LogNativeClassHierarchy: Verbose: Native class hierarchy updated for 'SkeletonEditor' in 0.0024 seconds. Added 1 classes and 2 folders.
[2026.05.14-05.00.34:285][833]LogTexture: Default maximum texture size for cubemaps generated from long-lat sources has been changed from 512 to unlimited. In order to preserve old behaiour for '/Engine/EditorMaterials/AssetViewer/EpicQuadPanorama_CC+EV1.EpicQuadPanorama_CC+EV1', its maximum texture size has been explicitly set to 512.
[2026.05.14-05.00.34:409][833]LogTexture: Default maximum texture size for cubemaps generated from long-lat sources has been changed from 512 to unlimited. In order to preserve old behaiour for '/Engine/MapTemplates/Sky/SunsetAmbientCubemap.SunsetAmbientCubemap', its maximum texture size has been explicitly set to 512.
[2026.05.14-05.00.34:505][833]LogActorComponent: RegisterComponentWithWorld: (/Engine/Transient.World_1:PersistentLevel.AnimationEditorPreviewActor_0.DebugSkelMeshComponent_0) Already registered. Aborting.
[2026.05.14-05.00.34:514][833]LogNativeClassHierarchy: Verbose: Native class hierarchy updated for 'PinnedCommandList' in 0.0007 seconds. Added 1 classes and 0 folders.
[2026.05.14-05.00.35:150][833]LogNativeClassHierarchy: Verbose: Native class hierarchy updated for 'BlueprintGraph' in 0.0011 seconds. Added 126 classes and 0 folders.
[2026.05.14-05.00.35:993][833]LogSlate: Took 0.001487 seconds to synchronously load lazily loaded font '../../../Engine/Content/Slate/Fonts/Roboto-BoldCondensed.ttf' (158K)
[2026.05.14-05.00.36:047][833]LogSlate: Took 0.004144 seconds to synchronously load lazily loaded font '../../../Engine/Content/Slate/Fonts/DroidSansMono.ttf' (77K)
[2026.05.14-05.00.36:053][833]LogContentBrowser: Verbose: The majority of assets in the view are of type: AnimSequence
[2026.05.14-05.00.36:079][834]LogAudio: Display: Cached duration for Sound Cue SoundCue /Game/AdvancedLocomotionV4/Audio/Footsteps/Footstep_Cue.Footstep_Cue was zero and has changed. Consider manually Re-saving the asset
[2026.05.14-05.40.42:489][424]LogSlate: Took 0.005534 seconds to synchronously load lazily loaded font '../../../Engine/Content/Slate/Fonts/Roboto-Italic.ttf' (157K)
[2026.05.14-05.40.50:930][392]LogAssetEditorSubsystem: Opening Asset editor for BlendSpace /Game/AdvancedLocomotionV4/CharacterAssets/MannequinSkeleton/AnimationExamples/Base/Locomotion/ALS_N_WalkRun_BL.ALS_N_WalkRun_BL
[2026.05.14-05.40.50:944][392]LogActorComponent: RegisterComponentWithWorld: (/Engine/Transient.World_9:PersistentLevel.AnimationEditorPreviewActor_0.DebugSkelMeshComponent_0) Already registered. Aborting.
[2026.05.14-05.40.51:373][392]LogContentBrowser: Verbose: The majority of assets in the view are of type: AnimSequence
[2026.05.14-05.41.24:332][169]LogWindowsTextInputMethodSystem: Display: IME system deactivated.
[2026.05.14-05.41.24:333][169]LogWindowsTextInputMethodSystem: Display: IME system activated using TSF (微软输入法).
[2026.05.14-05.41.26:914][473]LogEditorTransaction: Undo Add Node
[2026.05.14-05.41.27:031][473]LogActorComponent: RegisterComponentWithWorld: (/Engine/Transient.World_1:PersistentLevel.AnimationEditorPreviewActor_0.DebugSkelMeshComponent_0) Already registered. Aborting.
[2026.05.14-05.41.27:037][473]LogActorComponent: RegisterComponentWithWorld: (/Engine/Transient.World_9:PersistentLevel.AnimationEditorPreviewActor_0.DebugSkelMeshComponent_0) Already registered. Aborting.
[2026.05.14-05.41.54:542][705]LogUObjectHash: Compacting FUObjectHashTables data took   6.26ms
[2026.05.14-05.41.54:569][705]LogFileHelpers: Editor autosave (incl. external actors) for '/Game/ThirdPersonBP/Maps/ThirdPersonExampleMap' took 0.150
[2026.05.14-05.41.54:571][705]OBJ SavePackage: Generating thumbnails for [2] asset(s) in package [/Game/AdvancedLocomotionV4/Blueprints/CharacterLogic/ALS_AnimBP] ([4] browsable assets)...
[2026.05.14-05.41.54:586][705]OBJ SavePackage:     Rendered thumbnail for [AnimBlueprint /Game/AdvancedLocomotionV4/Blueprints/CharacterLogic/ALS_AnimBP.ALS_AnimBP]
[2026.05.14-05.41.54:592][705]OBJ SavePackage:     Rendered thumbnail for [AnimBlueprint /Game/AdvancedLocomotionV4/Blueprints/CharacterLogic/ALS_AnimBP.ALS_AnimBP]
[2026.05.14-05.41.54:592][705]OBJ SavePackage: Finished generating thumbnails for package [/Game/AdvancedLocomotionV4/Blueprints/CharacterLogic/ALS_AnimBP]
[2026.05.14-05.41.54:642][705]LogSavePackage: Moving '../../../../../../UEProject/UnrealLearn/ALSV4/Saved/ALS_AnimBP_Auto147EDDBCC4CFBFC48973ABEBAE790D82B.tmp' to '../../../../../../UEProject/UnrealLearn/ALSV4/Saved/Autosaves/Game/AdvancedLocomotionV4/Blueprints/CharacterLogic/ALS_AnimBP_Auto1.uasset'
[2026.05.14-05.41.54:645][705]LogFileHelpers: Auto-saving content packages took 0.076
[2026.05.14-05.43.04:263][982]LogEditorTransaction: Undo Create Pin Link
[2026.05.14-05.43.04:353][982]LogActorComponent: RegisterComponentWithWorld: (/Engine/Transient.World_1:PersistentLevel.AnimationEditorPreviewActor_0.DebugSkelMeshComponent_0) Already registered. Aborting.
[2026.05.14-05.43.04:357][982]LogActorComponent: RegisterComponentWithWorld: (/Engine/Transient.World_9:PersistentLevel.AnimationEditorPreviewActor_0.DebugSkelMeshComponent_0) Already registered. Aborting.
[2026.05.14-05.51.55:122][281]LogUObjectHash: Compacting FUObjectHashTables data took   2.50ms
[2026.05.14-05.51.55:128][281]LogFileHelpers: Editor autosave (incl. external actors) for '/Game/ThirdPersonBP/Maps/ThirdPersonExampleMap' took 0.037
[2026.05.14-05.51.55:129][281]OBJ SavePackage: Generating thumbnails for [2] asset(s) in package [/Game/AdvancedLocomotionV4/Blueprints/CharacterLogic/ALS_AnimBP] ([4] browsable assets)...
[2026.05.14-05.51.55:135][281]OBJ SavePackage:     Rendered thumbnail for [AnimBlueprint /Game/AdvancedLocomotionV4/Blueprints/CharacterLogic/ALS_AnimBP.ALS_AnimBP]
[2026.05.14-05.51.55:140][281]OBJ SavePackage:     Rendered thumbnail for [AnimBlueprint /Game/AdvancedLocomotionV4/Blueprints/CharacterLogic/ALS_AnimBP.ALS_AnimBP]
[2026.05.14-05.51.55:140][281]OBJ SavePackage: Finished generating thumbnails for package [/Game/AdvancedLocomotionV4/Blueprints/CharacterLogic/ALS_AnimBP]
[2026.05.14-05.51.55:169][281]LogSavePackage: Moving '../../../../../../UEProject/UnrealLearn/ALSV4/Saved/ALS_AnimBP_Auto246D3766D4B5158761331DBB0D6590D1F.tmp' to '../../../../../../UEProject/UnrealLearn/ALSV4/Saved/Autosaves/Game/AdvancedLocomotionV4/Blueprints/CharacterLogic/ALS_AnimBP_Auto2.uasset'
[2026.05.14-05.51.55:170][281]LogFileHelpers: Auto-saving content packages took 0.042
[2026.05.14-06.43.57:605][586]LogAudioMixer: Warning: Changing default audio render device to new device: {0.0.0.00000000}.{37380c08-d2ac-449a-9992-c4f4a9fdd7c3}.
[2026.05.14-06.43.57:605][586]LogAudioMixer: Resetting audio stream to device id 
[2026.05.14-06.43.57:617][586]LogAudioMixer: Display: 0: FrontLeft
[2026.05.14-06.43.57:617][586]LogAudioMixer: Display: 1: FrontRight
[2026.05.14-07.33.23:209][432]LogAudioMixer: Warning: Changing default audio render device to new device: {0.0.0.00000000}.{5e2b3661-3924-40f5-8413-c9ad5b89d2bc}.
[2026.05.14-07.33.23:209][432]LogAudioMixer: Resetting audio stream to device id 
[2026.05.14-07.33.23:240][432]LogAudioMixer: Display: 0: FrontLeft
[2026.05.14-07.33.23:240][432]LogAudioMixer: Display: 1: FrontRight
[2026.05.14-07.35.22:390][787]LogAudioMixer: Warning: Changing default audio render device to new device: {0.0.0.00000000}.{37380c08-d2ac-449a-9992-c4f4a9fdd7c3}.
[2026.05.14-07.35.22:390][787]LogAudioMixer: Resetting audio stream to device id 
[2026.05.14-07.35.22:396][787]LogAudioMixer: Display: 0: FrontLeft
[2026.05.14-07.35.22:396][787]LogAudioMixer: Display: 1: FrontRight
[2026.05.14-08.03.15:238][779]LogUObjectHash: Compacting FUObjectHashTables data took   3.65ms
[2026.05.14-08.03.16:468][779]LogSlate: Window 'Save Content' being destroyed
[2026.05.14-08.03.16:529][779]LogSavePackage: Moving '../../../../../../UEProject/UnrealLearn/ALSV4/Saved/ALS_AnimBPCD6C0AD548BACE8B2C64B58BC1444280.tmp' to '../../../../../../UEProject/UnrealLearn/ALSV4/Content/AdvancedLocomotionV4/Blueprints/CharacterLogic/ALS_AnimBP.uasset'
[2026.05.14-08.03.16:678][779]LogWorld: UWorld::CleanupWorld for World_2, bSessionEnded=true, bCleanupResources=true
[2026.05.14-08.03.16:680][779]LogSlate: InvalidateAllWidgets triggered.  All widgets were invalidated
[2026.05.14-08.03.16:720][779]LogWorld: UWorld::CleanupWorld for World_1, bSessionEnded=true, bCleanupResources=true
[2026.05.14-08.03.16:720][779]LogSlate: InvalidateAllWidgets triggered.  All widgets were invalidated
[2026.05.14-08.03.16:726][779]LogWorld: UWorld::CleanupWorld for World_0, bSessionEnded=true, bCleanupResources=true
[2026.05.14-08.03.16:726][779]LogSlate: InvalidateAllWidgets triggered.  All widgets were invalidated
[2026.05.14-08.03.16:793][779]LogWorld: UWorld::CleanupWorld for World_11, bSessionEnded=true, bCleanupResources=true
[2026.05.14-08.03.16:793][779]LogSlate: InvalidateAllWidgets triggered.  All widgets were invalidated
[2026.05.14-08.03.16:881][779]LogWorld: UWorld::CleanupWorld for World_10, bSessionEnded=true, bCleanupResources=true
[2026.05.14-08.03.16:881][779]LogSlate: InvalidateAllWidgets triggered.  All widgets were invalidated
[2026.05.14-08.03.16:900][779]LogWorld: UWorld::CleanupWorld for World_9, bSessionEnded=true, bCleanupResources=true
[2026.05.14-08.03.16:900][779]LogSlate: InvalidateAllWidgets triggered.  All widgets were invalidated
[2026.05.14-08.03.16:931][779]LogSlate: Window 'ALSV4 - Unreal Editor' being destroyed
[2026.05.14-08.03.17:200][779]AssetCheck: New page: Asset Save: ALS_AnimBP
[2026.05.14-08.03.17:200][779]LogContentValidation: Display: Validating AnimBlueprint /Game/AdvancedLocomotionV4/Blueprints/CharacterLogic/ALS_AnimBP.ALS_AnimBP
[2026.05.14-08.03.17:203][780]Cmd: QUIT_EDITOR
[2026.05.14-08.03.17:204][780]LogCore: Engine exit requested (reason: UUnrealEdEngine::CloseEditor())
[2026.05.14-08.03.17:208][780]LogCore: Engine exit requested (reason: EngineExit() was called; note: exit was already requested)
[2026.05.14-08.03.17:219][780]LogAudio: Display: Beginning Audio Device Manager Shutdown (Module: AudioMixerXAudio2)...
[2026.05.14-08.03.17:219][780]LogAudio: Display: Destroying 1 Remaining Audio Device(s)...
[2026.05.14-08.03.17:219][780]LogAudio: Display: Audio Device unregistered from world 'ThirdPersonExampleMap'.
[2026.05.14-08.03.17:221][780]LogAudioMixer: FMixerPlatformXAudio2::StopAudioStream() called
[2026.05.14-08.03.17:223][780]LogAudioMixer: FMixerPlatformXAudio2::StopAudioStream() called
[2026.05.14-08.03.17:253][780]LogAudio: Display: Audio Device Manager Shutdown
[2026.05.14-08.03.17:255][780]LogWindowsTextInputMethodSystem: Display: IME system activated using TSF (微软输入法).
[2026.05.14-08.03.17:263][780]LogExit: Preparing to exit.
[2026.05.14-08.03.18:000][780]LogUObjectHash: Compacting FUObjectHashTables data took   8.11ms
[2026.05.14-08.03.18:284][780]LogWorld: UWorld::CleanupWorld for World_7, bSessionEnded=true, bCleanupResources=true
[2026.05.14-08.03.18:287][780]LogWorld: UWorld::CleanupWorld for World_5, bSessionEnded=true, bCleanupResources=true
[2026.05.14-08.03.18:288][780]LogWorld: UWorld::CleanupWorld for World_8, bSessionEnded=true, bCleanupResources=true
[2026.05.14-08.03.18:289][780]LogWorld: UWorld::CleanupWorld for World_4, bSessionEnded=true, bCleanupResources=true
[2026.05.14-08.03.18:290][780]LogWorld: UWorld::CleanupWorld for World_3, bSessionEnded=true, bCleanupResources=true
[2026.05.14-08.03.18:292][780]LogWorld: UWorld::CleanupWorld for World_6, bSessionEnded=true, bCleanupResources=true
[2026.05.14-08.03.18:382][780]LogDemo: Cleaned up 0 splitscreen connections with owner deletion
[2026.05.14-08.03.18:422][780]LogWorld: UWorld::CleanupWorld for None, bSessionEnded=true, bCleanupResources=true
[2026.05.14-08.03.18:424][780]LogExit: Editor shut down
[2026.05.14-08.03.18:429][780]LogExit: Transaction tracking system shut down
[2026.05.14-08.03.19:003][780]LogExit: Object subsystem successfully closed.
[2026.05.14-08.03.19:053][780]LogShaderCompilers: Display: === FShaderJobCache stats ===
[2026.05.14-08.03.19:054][780]LogShaderCompilers: Display: Total job queries 0, among them cache hits 0 (0.00%)
[2026.05.14-08.03.19:054][780]LogShaderCompilers: Display: Tracking 0 distinct input hashes that result in 0 distinct outputs (0.00%)
[2026.05.14-08.03.19:054][780]LogShaderCompilers: Display: RAM used: 0.00 MB (0.00 GB) of 716.80 MB (0.70 GB) budget. Usage: 0.00%
[2026.05.14-08.03.19:054][780]LogShaderCompilers: Display: ================================================
[2026.05.14-08.03.19:078][780]LogShaderCompilers: Display: Shaders left to compile 0
[2026.05.14-08.03.19:228][780]LogModuleManager: Shutting down and abandoning module SequencerWidgets (896)
[2026.05.14-08.03.19:228][780]LogModuleManager: Shutting down and abandoning module AnimationEditor (894)
[2026.05.14-08.03.19:228][780]LogModuleManager: Shutting down and abandoning module BlueprintGraph (892)
[2026.05.14-08.03.19:228][780]LogModuleManager: Shutting down and abandoning module PinnedCommandList (890)
[2026.05.14-08.03.19:228][780]LogModuleManager: Shutting down and abandoning module SkeletonEditor (888)
[2026.05.14-08.03.19:228][780]LogModuleManager: Shutting down and abandoning module HierarchicalLODOutliner (886)
[2026.05.14-08.03.19:228][780]LogModuleManager: Shutting down and abandoning module SceneOutliner (884)
[2026.05.14-08.03.19:228][780]LogModuleManager: Shutting down and abandoning module AddContentDialog (882)
[2026.05.14-08.03.19:244][780]LogModuleManager: Shutting down and abandoning module WidgetCarousel (881)
[2026.05.14-08.03.19:244][780]LogModuleManager: Shutting down and abandoning module EditorWidgets (878)
[2026.05.14-08.03.19:244][780]LogModuleManager: Shutting down and abandoning module StatsViewer (876)
[2026.05.14-08.03.19:246][780]LogModuleManager: Shutting down and abandoning module PIEPreviewDeviceProfileSelector (874)
[2026.05.14-08.03.19:246][780]LogModuleManager: Shutting down and abandoning module SequenceRecorderSections (872)
[2026.05.14-08.03.19:246][780]LogModuleManager: Shutting down and abandoning module AutomationWorker (870)
[2026.05.14-08.03.19:247][780]LogModuleManager: Shutting down and abandoning module SteamVREditor (868)
[2026.05.14-08.03.19:247][780]LogModuleManager: Shutting down and abandoning module OculusMR (866)
[2026.05.14-08.03.19:247][780]LogModuleManager: Shutting down and abandoning module RiderLC (864)
[2026.05.14-08.03.19:247][780]LogModuleManager: Shutting down and abandoning module RiderShaderInfo (862)
[2026.05.14-08.03.19:247][780]LogModuleManager: Shutting down and abandoning module OpenXRInput (860)
[2026.05.14-08.03.19:247][780]LogModuleManager: Shutting down and abandoning module TakeRecorderSources (858)
[2026.05.14-08.03.19:250][780]LogModuleManager: Shutting down and abandoning module TakeRecorder (857)
[2026.05.14-08.03.19:252][780]LogModuleManager: Shutting down and abandoning module TakeTrackRecorders (854)
[2026.05.14-08.03.19:252][780]LogModuleManager: Shutting down and abandoning module TakesCore (852)
[2026.05.14-08.03.19:253][780]LogModuleManager: Shutting down and abandoning module GooglePADEditor (850)
[2026.05.14-08.03.19:253][780]LogModuleManager: Shutting down and abandoning module AudioCaptureEditor (848)
[2026.05.14-08.03.19:253][780]LogModuleManager: Shutting down and abandoning module WmfMediaFactory (846)
[2026.05.14-08.03.19:253][780]LogModuleManager: Shutting down and abandoning module WmfMediaEditor (844)
[2026.05.14-08.03.19:253][780]LogModuleManager: Shutting down and abandoning module WebMMediaFactory (842)
[2026.05.14-08.03.19:253][780]LogModuleManager: Shutting down and abandoning module WebMMediaEditor (840)
[2026.05.14-08.03.19:253][780]LogModuleManager: Shutting down and abandoning module WebMMedia (838)
[2026.05.14-08.03.19:253][780]LogModuleManager: Shutting down and abandoning module MediaPlayerEditor (836)
[2026.05.14-08.03.19:254][780]LogModuleManager: Shutting down and abandoning module OpenExrWrapper (834)
[2026.05.14-08.03.19:254][780]LogModuleManager: Shutting down and abandoning module ImgMediaFactory (832)
[2026.05.14-08.03.19:254][780]LogModuleManager: Shutting down and abandoning module ImgMediaEditor (830)
[2026.05.14-08.03.19:254][780]LogModuleManager: Shutting down and abandoning module MediaCompositingEditor (828)
[2026.05.14-08.03.19:256][780]LogModuleManager: Shutting down and abandoning module SequenceRecorder (827)
[2026.05.14-08.03.19:256][780]LogModuleManager: Shutting down and abandoning module TemplateSequenceEditor (824)
[2026.05.14-08.03.19:257][780]LogModuleManager: Shutting down and abandoning module MatineeToLevelSequence (822)
[2026.05.14-08.03.19:257][780]LogModuleManager: Shutting down and abandoning module ActorSequenceEditor (820)
[2026.05.14-08.03.19:258][780]LogModuleManager: Shutting down and abandoning module LevelSequenceEditor (818)
[2026.05.14-08.03.19:259][780]LogModuleManager: Shutting down and abandoning module AvfMediaFactory (816)
[2026.05.14-08.03.19:260][780]LogModuleManager: Shutting down and abandoning module AvfMediaEditor (814)
[2026.05.14-08.03.19:260][780]LogModuleManager: Shutting down and abandoning module AndroidMediaFactory (812)
[2026.05.14-08.03.19:260][780]LogModuleManager: Shutting down and abandoning module AndroidMediaEditor (810)
[2026.05.14-08.03.19:260][780]LogModuleManager: Shutting down and abandoning module MagicLeapMediaCodecFactory (808)
[2026.05.14-08.03.19:260][780]LogModuleManager: Shutting down and abandoning module MagicLeapMediaFactory (806)
[2026.05.14-08.03.19:260][780]LogModuleManager: Shutting down and abandoning module MagicLeapMediaEditor (804)
[2026.05.14-08.03.19:260][780]LogModuleManager: Shutting down and abandoning module PlanarCut (802)
[2026.05.14-08.03.19:260][780]LogModuleManager: Shutting down and abandoning module CharacterAI (800)
[2026.05.14-08.03.19:260][780]LogModuleManager: Shutting down and abandoning module TextureAlignMode (798)
[2026.05.14-08.03.19:260][780]LogModuleManager: Shutting down and abandoning module BspMode (796)
[2026.05.14-08.03.19:261][780]LogModuleManager: Shutting down and abandoning module GeometryMode (794)
[2026.05.14-08.03.19:261][780]LogModuleManager: Shutting down and abandoning module CameraShakePreviewer (792)
[2026.05.14-08.03.19:261][780]LogModuleManager: Shutting down and abandoning module SmartSnapping (790)
[2026.05.14-08.03.19:261][780]LogModuleManager: Shutting down and abandoning module SessionServices (788)
[2026.05.14-08.03.19:261][780]LogModuleManager: Shutting down and abandoning module MeshPaint (786)
[2026.05.14-08.03.19:262][780]LogModuleManager: Shutting down and abandoning module VirtualTexturingEditor (784)
[2026.05.14-08.03.19:262][780]LogModuleManager: Shutting down and abandoning module FoliageEdit (782)
[2026.05.14-08.03.19:262][780]LogModuleManager: Shutting down and abandoning module LandscapeEditor (780)
[2026.05.14-08.03.19:264][780]LogModuleManager: Shutting down and abandoning module MeshPaintMode (778)
[2026.05.14-08.03.19:264][780]LogModuleManager: Shutting down and abandoning module SceneDepthPickerMode (776)
[2026.05.14-08.03.19:264][780]LogModuleManager: Shutting down and abandoning module ActorPickerMode (774)
[2026.05.14-08.03.19:264][780]LogModuleManager: Shutting down and abandoning module PlacementMode (772)
[2026.05.14-08.03.19:264][780]LogModuleManager: Shutting down and abandoning module ViewportSnapping (770)
[2026.05.14-08.03.19:264][780]LogModuleManager: Shutting down and abandoning module ViewportInteraction (768)
[2026.05.14-08.03.19:264][780]LogModuleManager: Shutting down and abandoning module ClothPainter (766)
[2026.05.14-08.03.19:266][780]LogModuleManager: Shutting down and abandoning module SkeletalMeshEditor (765)
[2026.05.14-08.03.19:267][780]LogModuleManager: Shutting down and abandoning module LogVisualizer (762)
[2026.05.14-08.03.19:268][780]LogModuleManager: Shutting down and abandoning module IntroTutorials (760)
[2026.05.14-08.03.19:269][780]LogModuleManager: Shutting down and abandoning module GameProjectGeneration (759)
[2026.05.14-08.03.19:269][780]LogModuleManager: Shutting down and abandoning module LuminPlatformEditor (756)
[2026.05.14-08.03.19:269][780]LogModuleManager: Shutting down and abandoning module IOSPlatformEditor (754)
[2026.05.14-08.03.19:269][780]LogModuleManager: Shutting down and abandoning module AndroidPlatformEditor (752)
[2026.05.14-08.03.19:269][780]LogModuleManager: Shutting down and abandoning module AndroidDeviceDetection (751)
[2026.05.14-08.03.20:216][780]LogModuleManager: Shutting down and abandoning module WindowsPlatformEditor (748)
[2026.05.14-08.03.20:216][780]LogModuleManager: Shutting down and abandoning module LuminRuntimeSettings (746)
[2026.05.14-08.03.20:216][780]LogModuleManager: Shutting down and abandoning module IOSRuntimeSettings (744)
[2026.05.14-08.03.20:216][780]LogModuleManager: Shutting down and abandoning module AndroidRuntimeSettings (742)
[2026.05.14-08.03.20:216][780]LogModuleManager: Shutting down and abandoning module TraceInsights (740)
[2026.05.14-08.03.20:219][780]MemoryProfiler: Shutdown
[2026.05.14-08.03.20:219][780]NetworkingProfiler: Shutdown
[2026.05.14-08.03.20:219][780]LoadingProfiler: Shutdown
[2026.05.14-08.03.20:220][780]TimingProfiler: Shutdown
[2026.05.14-08.03.20:221][780]LogModuleManager: Shutting down and abandoning module TraceServices (739)
[2026.05.14-08.03.20:223][780]LogModuleManager: Shutting down and abandoning module EditorInteractiveToolsFramework (736)
[2026.05.14-08.03.20:223][780]LogModuleManager: Shutting down and abandoning module TimeManagementEditor (734)
[2026.05.14-08.03.20:223][780]LogModuleManager: Shutting down and abandoning module InputBindingEditor (732)
[2026.05.14-08.03.20:223][780]LogModuleManager: Shutting down and abandoning module MergeActors (730)
[2026.05.14-08.03.20:224][780]LogModuleManager: Shutting down and abandoning module LocalizationDashboard (728)
[2026.05.14-08.03.20:226][780]LogModuleManager: Shutting down and abandoning module LocalizationService (727)
[2026.05.14-08.03.20:226][780]LogModuleManager: Shutting down and abandoning module HardwareTargeting (724)
[2026.05.14-08.03.20:226][780]LogModuleManager: Shutting down and abandoning module DeviceProfileEditor (722)
[2026.05.14-08.03.20:226][780]LogModuleManager: Shutting down and abandoning module UndoHistory (720)
[2026.05.14-08.03.20:226][780]LogModuleManager: Shutting down and abandoning module XmlParser (718)
[2026.05.14-08.03.20:226][780]LogModuleManager: Shutting down and abandoning module Blutility (716)
[2026.05.14-08.03.20:227][780]LogModuleManager: Shutting down and abandoning module ProjectSettingsViewer (714)
[2026.05.14-08.03.20:227][780]LogModuleManager: Shutting down and abandoning module ProjectTargetPlatformEditor (713)
[2026.05.14-08.03.20:227][780]LogModuleManager: Shutting down and abandoning module EditorSettingsViewer (710)
[2026.05.14-08.03.20:227][780]LogModuleManager: Shutting down and abandoning module InternationalizationSettings (709)
[2026.05.14-08.03.20:227][780]LogModuleManager: Shutting down and abandoning module SettingsEditor (706)
[2026.05.14-08.03.20:227][780]LogModuleManager: Shutting down and abandoning module ProjectLauncher (704)
[2026.05.14-08.03.20:228][780]LogModuleManager: Shutting down and abandoning module SessionFrontend (702)
[2026.05.14-08.03.20:228][780]LogModuleManager: Shutting down and abandoning module ProfilerClient (700)
[2026.05.14-08.03.20:228][780]LogModuleManager: Shutting down and abandoning module DeviceManager (698)
[2026.05.14-08.03.20:229][780]LogModuleManager: Shutting down and abandoning module TargetDeviceServices (697)
[2026.05.14-08.03.20:262][780]LogModuleManager: Shutting down and abandoning module AutomationController (694)
[2026.05.14-08.03.20:262][780]LogModuleManager: Shutting down and abandoning module AutomationWindow (692)
[2026.05.14-08.03.20:263][780]LogModuleManager: Shutting down and abandoning module Layers (690)
[2026.05.14-08.03.20:264][780]LogModuleManager: Shutting down and abandoning module ComponentVisualizers (688)
[2026.05.14-08.03.20:264][780]LogModuleManager: Shutting down and abandoning module DetailCustomizations (686)
[2026.05.14-08.03.20:264][780]LogModuleManager: Shutting down and abandoning module PackagesDialog (684)
[2026.05.14-08.03.20:264][780]LogModuleManager: Shutting down and abandoning module AnimationBlueprintEditor (682)
[2026.05.14-08.03.20:265][780]LogModuleManager: Shutting down and abandoning module Persona (680)
[2026.05.14-08.03.20:265][780]LogModuleManager: Shutting down and abandoning module AdvancedPreviewScene (679)
[2026.05.14-08.03.20:265][780]LogModuleManager: Shutting down and abandoning module AnimGraph (677)
[2026.05.14-08.03.20:265][780]LogModuleManager: Shutting down and abandoning module Kismet (674)
[2026.05.14-08.03.20:276][780]LogModuleManager: Shutting down and abandoning module KismetWidgets (673)
[2026.05.14-08.03.20:276][780]LogModuleManager: Shutting down and abandoning module GraphEditor (670)
[2026.05.14-08.03.20:276][780]LogModuleManager: Shutting down and abandoning module StructViewer (668)
[2026.05.14-08.03.20:276][780]LogModuleManager: Shutting down and abandoning module ClassViewer (666)
[2026.05.14-08.03.20:276][780]LogModuleManager: Shutting down and abandoning module Toolbox (664)
[2026.05.14-08.03.20:276][780]LogModuleManager: Shutting down and abandoning module ModuleUI (662)
[2026.05.14-08.03.20:277][780]LogModuleManager: Shutting down and abandoning module OutputLog (660)
[2026.05.14-08.03.20:279][780]LogModuleManager: Shutting down and abandoning module GammaUI (658)
[2026.05.14-08.03.20:279][780]LogModuleManager: Shutting down and abandoning module Documentation (656)
[2026.05.14-08.03.20:279][780]LogModuleManager: Shutting down and abandoning module LiveCoding (654)
[2026.05.14-08.03.20:280][780]LogModuleManager: Shutting down and abandoning module LevelSequence (652)
[2026.05.14-08.03.20:280][780]LogModuleManager: Shutting down and abandoning module MovieSceneTracks (650)
[2026.05.14-08.03.20:280][780]LogModuleManager: Shutting down and abandoning module MovieScene (648)
[2026.05.14-08.03.20:281][780]LogModuleManager: Shutting down and abandoning module StreamingPauseRendering (646)
[2026.05.14-08.03.20:282][780]LogModuleManager: Shutting down and abandoning module LauncherPlatform (644)
[2026.05.14-08.03.20:282][780]LogModuleManager: Shutting down and abandoning module AnalyticsET (642)
[2026.05.14-08.03.20:282][780]LogModuleManager: Shutting down and abandoning module PortalServices (640)
[2026.05.14-08.03.20:282][780]LogModuleManager: Shutting down and abandoning module PortalRpc (638)
[2026.05.14-08.03.20:282][780]LogModuleManager: Shutting down and abandoning module MessagingRpc (636)
[2026.05.14-08.03.20:282][780]LogModuleManager: Shutting down and abandoning module AudioMixerXAudio2 (634)
[2026.05.14-08.03.20:282][780]LogModuleManager: Shutting down and abandoning module AudioMixerCore (633)
[2026.05.14-08.03.20:282][780]LogModuleManager: Shutting down and abandoning module AIModule (630)
[2026.05.14-08.03.20:282][780]LogModuleManager: Shutting down and abandoning module GameplayDebugger (629)
[2026.05.14-08.03.20:282][780]LogModuleManager: Shutting down and abandoning module AITestSuite (627)
[2026.05.14-08.03.20:282][780]LogModuleManager: Shutting down and abandoning module NavigationSystem (625)
[2026.05.14-08.03.20:282][780]LogModuleManager: Shutting down and abandoning module ImageWriteQueue (622)
[2026.05.14-08.03.20:293][780]LogModuleManager: Shutting down and abandoning module ProfilerService (620)
[2026.05.14-08.03.20:378][780]LogModuleManager: Shutting down and abandoning module TaskGraph (618)
[2026.05.14-08.03.20:379][780]LogModuleManager: Shutting down and abandoning module AudioSynesthesiaEditor (616)
[2026.05.14-08.03.20:379][780]LogModuleManager: Shutting down and abandoning module OculusEditor (614)
[2026.05.14-08.03.20:382][780]LogModuleManager: Shutting down and abandoning module OculusInput (612)
[2026.05.14-08.03.20:382][780]LogModuleManager: Shutting down and abandoning module RiderGameControl (610)
[2026.05.14-08.03.20:383][780]LogModuleManager: Shutting down and abandoning module RiderBlueprint (608)
[2026.05.14-08.03.20:383][780]LogModuleManager: Shutting down and abandoning module ContentBrowserFileDataSource (606)
[2026.05.14-08.03.20:383][780]LogModuleManager: Shutting down and abandoning module ContentBrowserClassDataSource (604)
[2026.05.14-08.03.20:383][780]LogModuleManager: Shutting down and abandoning module ContentBrowserAssetDataSource (602)
[2026.05.14-08.03.20:383][780]LogModuleManager: Shutting down and abandoning module CollectionManager (601)
[2026.05.14-08.03.20:384][780]LogModuleManager: Shutting down and abandoning module SynthesisEditor (598)
[2026.05.14-08.03.20:384][780]LogModuleManager: Shutting down and abandoning module Synthesis (596)
[2026.05.14-08.03.20:384][780]LogModuleManager: Shutting down and abandoning module ProceduralMeshComponentEditor (594)
[2026.05.14-08.03.20:384][780]LogModuleManager: Shutting down and abandoning module ProceduralMeshComponent (592)
[2026.05.14-08.03.20:384][780]LogModuleManager: Shutting down and abandoning module OpenXREditor (590)
[2026.05.14-08.03.20:385][780]LogModuleManager: Shutting down and abandoning module TakeSequencer (588)
[2026.05.14-08.03.20:385][780]LogModuleManager: Shutting down and abandoning module TakeMovieScene (586)
[2026.05.14-08.03.20:385][780]LogModuleManager: Shutting down and abandoning module MobilePatchingUtils (584)
[2026.05.14-08.03.20:385][780]LogModuleManager: Shutting down and abandoning module GooglePAD (582)
[2026.05.14-08.03.20:385][780]LogModuleManager: Shutting down and abandoning module AppleImageUtilsBlueprintSupport (580)
[2026.05.14-08.03.20:385][780]LogModuleManager: Shutting down and abandoning module AppleImageUtils (578)
[2026.05.14-08.03.20:385][780]LogModuleManager: Shutting down and abandoning module EditableMesh (576)
[2026.05.14-08.03.20:385][780]LogModuleManager: Shutting down and abandoning module ArchVisCharacter (574)
[2026.05.14-08.03.20:385][780]LogModuleManager: Shutting down and abandoning module AssetTags (572)
[2026.05.14-08.03.20:385][780]LogModuleManager: Shutting down and abandoning module CustomMeshComponent (570)
[2026.05.14-08.03.20:385][780]LogModuleManager: Shutting down and abandoning module CableComponent (568)
[2026.05.14-08.03.20:385][780]LogModuleManager: Shutting down and abandoning module AudioCapture (566)
[2026.05.14-08.03.20:385][780]LogModuleManager: Shutting down and abandoning module AudioCaptureRtAudio (565)
[2026.05.14-08.03.20:385][780]LogModuleManager: Shutting down and abandoning module ScreenshotTools (562)
[2026.05.14-08.03.20:385][780]LogModuleManager: Shutting down and abandoning module AndroidPermission (560)
[2026.05.14-08.03.20:385][780]LogModuleManager: Shutting down and abandoning module ActorLayerUtilitiesEditor (558)
[2026.05.14-08.03.20:385][780]LogModuleManager: Shutting down and abandoning module ActorLayerUtilities (556)
[2026.05.14-08.03.20:385][780]LogModuleManager: Shutting down and abandoning module ImgMedia (554)
[2026.05.14-08.03.20:386][780]LogModuleManager: Shutting down and abandoning module MediaCompositing (552)
[2026.05.14-08.03.20:386][780]LogModuleManager: Shutting down and abandoning module TemplateSequence (550)
[2026.05.14-08.03.20:386][780]LogModuleManager: Shutting down and abandoning module VariantManagerContentEditor (548)
[2026.05.14-08.03.20:386][780]LogModuleManager: Shutting down and abandoning module DatasmithContentEditor (546)
[2026.05.14-08.03.20:386][780]LogModuleManager: Shutting down and abandoning module MotoSynthEditor (544)
[2026.05.14-08.03.20:386][780]LogModuleManager: Shutting down and abandoning module MotoSynth (542)
[2026.05.14-08.03.20:386][780]LogModuleManager: Shutting down and abandoning module MeshConversion (540)
[2026.05.14-08.03.20:386][780]LogModuleManager: Shutting down and abandoning module DynamicMesh (538)
[2026.05.14-08.03.20:387][780]LogModuleManager: Shutting down and abandoning module GeometryAlgorithms (536)
[2026.05.14-08.03.20:387][780]LogModuleManager: Shutting down and abandoning module GeometricObjects (534)
[2026.05.14-08.03.20:387][780]LogModuleManager: Shutting down and abandoning module OpenImageDenoise (532)
[2026.05.14-08.03.20:387][780]LogOpenImageDenoise: OIDN shutting down
[2026.05.14-08.03.20:387][780]LogModuleManager: Shutting down and abandoning module GeometryCacheTracks (530)
[2026.05.14-08.03.20:387][780]LogModuleManager: Shutting down and abandoning module GeometryCacheStreamer (528)
[2026.05.14-08.03.20:387][780]LogModuleManager: Shutting down and abandoning module GeometryCacheSequencer (526)
[2026.05.14-08.03.20:387][780]LogModuleManager: Shutting down and abandoning module MagicLeapSharedWorld (524)
[2026.05.14-08.03.20:387][780]LogModuleManager: Shutting down and abandoning module MagicLeapLightEstimation (522)
[2026.05.14-08.03.20:387][780]LogModuleManager: Shutting down and abandoning module MagicLeapHelperVulkan (520)
[2026.05.14-08.03.20:387][780]LogModuleManager: Shutting down and abandoning module MagicLeapHelperOpenGL (518)
[2026.05.14-08.03.20:387][780]LogModuleManager: Shutting down and abandoning module MagicLeapAudio (516)
[2026.05.14-08.03.20:388][780]LogModuleManager: Shutting down and abandoning module GeometryCollectionTracks (514)
[2026.05.14-08.03.20:388][780]LogModuleManager: Shutting down and abandoning module GeometryCollectionSequencer (513)
[2026.05.14-08.03.20:388][780]LogModuleManager: Shutting down and abandoning module GeometryCollectionEditor (510)
[2026.05.14-08.03.20:388][780]LogModuleManager: Shutting down and abandoning module ChaosSolverEditor (508)
[2026.05.14-08.03.20:388][780]LogModuleManager: Shutting down and abandoning module FractureEditor (506)
[2026.05.14-08.03.20:388][780]LogModuleManager: Shutting down and abandoning module BackChannel (504)
[2026.05.14-08.03.20:388][780]LogModuleManager: Shutting down and abandoning module ChaosNiagara (502)
[2026.05.14-08.03.20:388][780]LogModuleManager: Shutting down and abandoning module FieldSystemEngine (501)
[2026.05.14-08.03.20:388][780]LogModuleManager: Shutting down and abandoning module ChaosClothEditor (498)
[2026.05.14-08.03.20:388][780]LogModuleManager: Shutting down and abandoning module NiagaraEditorWidgets (496)
[2026.05.14-08.03.20:390][780]LogModuleManager: Shutting down and abandoning module AutomationUtilsEditor (494)
[2026.05.14-08.03.20:390][780]LogModuleManager: Shutting down and abandoning module AutomationUtils (492)
[2026.05.14-08.03.20:390][780]LogModuleManager: Shutting down and abandoning module UObjectPlugin (490)
[2026.05.14-08.03.20:390][780]LogModuleManager: Shutting down and abandoning module VisualStudioCodeSourceCodeAccess (488)
[2026.05.14-08.03.20:390][780]LogModuleManager: Shutting down and abandoning module AlembicImporter (486)
[2026.05.14-08.03.20:390][780]LogModuleManager: Shutting down and abandoning module AlembicLibrary (485)
[2026.05.14-08.03.20:390][780]LogModuleManager: Shutting down and abandoning module GeometryCache (484)
[2026.05.14-08.03.20:390][780]LogModuleManager: Shutting down and abandoning module GeometryCacheEd (483)
[2026.05.14-08.03.20:390][780]LogModuleManager: Shutting down and abandoning module VisualStudioSourceCodeAccess (478)
[2026.05.14-08.03.20:390][780]LogModuleManager: Shutting down and abandoning module SubversionSourceControl (476)
[2026.05.14-08.03.20:391][780]LogModuleManager: Shutting down and abandoning module RiderSourceCodeAccess (474)
[2026.05.14-08.03.20:391][780]LogModuleManager: Shutting down and abandoning module PluginUtils (472)
[2026.05.14-08.03.20:391][780]LogModuleManager: Shutting down and abandoning module PlasticSourceControl (470)
[2026.05.14-08.03.20:392][780]LogModuleManager: Shutting down and abandoning module SpeedTreeImporter (468)
[2026.05.14-08.03.20:392][780]LogModuleManager: Shutting down and abandoning module PerforceSourceControl (466)
[2026.05.14-08.03.20:393][780]LogModuleManager: Shutting down and abandoning module GitSourceControl (464)
[2026.05.14-08.03.20:394][780]LogModuleManager: Shutting down and abandoning module SourceControl (463)
[2026.05.14-08.03.20:394][780]LogModuleManager: Shutting down and abandoning module CLionSourceCodeAccess (460)
[2026.05.14-08.03.20:394][780]LogModuleManager: Shutting down and abandoning module PluginBrowser (458)
[2026.05.14-08.03.20:395][780]LogModuleManager: Shutting down and abandoning module AnimationSharingEd (456)
[2026.05.14-08.03.20:395][780]LogModuleManager: Shutting down and abandoning module MobileLauncherProfileWizard (454)
[2026.05.14-08.03.20:395][780]LogModuleManager: Shutting down and abandoning module MaterialAnalyzer (452)
[2026.05.14-08.03.20:396][780]LogModuleManager: Shutting down and abandoning module CurveEditorTools (450)
[2026.05.14-08.03.20:396][780]LogModuleManager: Shutting down and abandoning module CryptoKeysOpenSSL (448)
[2026.05.14-08.03.20:396][780]LogModuleManager: Shutting down and abandoning module CryptoKeys (446)
[2026.05.14-08.03.20:396][780]LogModuleManager: Shutting down and abandoning module OodleNetworkHandlerComponent (444)
[2026.05.14-08.03.20:396][780]LogModuleManager: Shutting down and abandoning module LightPropagationVolumeEditor (442)
[2026.05.14-08.03.20:396][780]LogModuleManager: Shutting down and abandoning module PaperTiledImporter (440)
[2026.05.14-08.03.20:396][780]LogModuleManager: Shutting down and abandoning module PaperSpriteSheetImporter (438)
[2026.05.14-08.03.20:396][780]LogModuleManager: Shutting down and abandoning module Paper2DEditor (436)
[2026.05.14-08.03.20:397][780]LogModuleManager: Shutting down and abandoning module LiveLinkSequencer (434)
[2026.05.14-08.03.20:397][780]LogModuleManager: Shutting down and abandoning module LiveLinkMovieScene (432)
[2026.05.14-08.03.20:397][780]LogModuleManager: Shutting down and abandoning module LiveLinkGraphNode (430)
[2026.05.14-08.03.20:397][780]LogModuleManager: Shutting down and abandoning module LiveLinkEditor (428)
[2026.05.14-08.03.20:397][780]LogModuleManager: Shutting down and abandoning module LiveLinkComponents (426)
[2026.05.14-08.03.20:397][780]LogModuleManager: Shutting down and abandoning module LiveLink (424)
[2026.05.14-08.03.21:179][780]LogModuleManager: Shutting down and abandoning module MeshPaintingToolset (422)
[2026.05.14-08.03.21:179][780]LogModuleManager: Shutting down and abandoning module MeshPaintEditorMode (420)
[2026.05.14-08.03.21:180][780]LogModuleManager: Shutting down and abandoning module RiderDebuggerSupport (418)
[2026.05.14-08.03.21:180][780]LogModuleManager: Shutting down and abandoning module RiderLogging (416)
[2026.05.14-08.03.21:181][780]LogModuleManager: Shutting down and abandoning module RiderLink (414)
[2026.05.14-08.03.21:188][780]LogModuleManager: Shutting down and abandoning module RD (412)
[2026.05.14-08.03.21:188][780]LogModuleManager: Shutting down and abandoning module EnvironmentQueryEditor (410)
[2026.05.14-08.03.21:189][780]LogModuleManager: Shutting down and abandoning module SignificanceManager (408)
[2026.05.14-08.03.21:189][780]LogModuleManager: Shutting down and abandoning module RuntimePhysXCooking (406)
[2026.05.14-08.03.21:189][780]LogModuleManager: Shutting down and abandoning module PhysXVehiclesEditor (404)
[2026.05.14-08.03.21:190][780]LogModuleManager: Shutting down and abandoning module PropertyAccessEditor (400)
[2026.05.14-08.03.21:190][780]LogModuleManager: Shutting down and abandoning module SoundFields (398)
[2026.05.14-08.03.21:190][780]LogModuleManager: Shutting down and abandoning module LocationServicesBPLibrary (396)
[2026.05.14-08.03.21:190][780]LogModuleManager: Shutting down and abandoning module AudioSynesthesia (394)
[2026.05.14-08.03.21:190][780]LogModuleManager: Shutting down and abandoning module AudioSynesthesiaCore (392)
[2026.05.14-08.03.21:190][780]LogModuleManager: Shutting down and abandoning module UdpMessaging (390)
[2026.05.14-08.03.21:291][780]LogModuleManager: Shutting down and abandoning module TcpMessaging (388)
[2026.05.14-08.03.21:393][780]LogModuleManager: Shutting down and abandoning module ImgMediaEngine (386)
[2026.05.14-08.03.21:393][780]LogModuleManager: Shutting down and abandoning module ActorSequence (384)
[2026.05.14-08.03.21:393][780]LogModuleManager: Shutting down and abandoning module PythonScriptPlugin (382)
[2026.05.14-08.03.21:393][780]LogModuleManager: Shutting down and abandoning module MagicLeapARPin (380)
[2026.05.14-08.03.21:393][780]LogModuleManager: Shutting down and abandoning module MagicLeapHandMeshing (378)
[2026.05.14-08.03.21:393][780]LogModuleManager: Shutting down and abandoning module MagicLeapSecureStorage (376)
[2026.05.14-08.03.21:393][780]LogModuleManager: Shutting down and abandoning module MagicLeapPrivileges (374)
[2026.05.14-08.03.21:393][780]LogModuleManager: Shutting down and abandoning module MagicLeapPlanes (372)
[2026.05.14-08.03.21:394][780]LogMagicLeapPlanes: Planes tracker already destroyed.
[2026.05.14-08.03.21:394][780]LogModuleManager: Shutting down and abandoning module MagicLeapImageTracker (370)
[2026.05.14-08.03.21:394][780]LogModuleManager: Shutting down and abandoning module MagicLeapIdentity (368)
[2026.05.14-08.03.21:394][780]LogModuleManager: Shutting down and abandoning module MagicLeapHandTracking (366)
[2026.05.14-08.03.21:394][780]LogModuleManager: Shutting down and abandoning module MagicLeapEyeTracker (364)
[2026.05.14-08.03.21:394][780]LogModuleManager: Shutting down and abandoning module MagicLeapController (362)
[2026.05.14-08.03.21:395][780]LogModuleManager: Shutting down and abandoning module MagicLeapARPinImpl (360)
[2026.05.14-08.03.21:395][780]LogModuleManager: Shutting down and abandoning module MagicLeapAR (358)
[2026.05.14-08.03.21:395][780]LogModuleManager: Shutting down and abandoning module NiagaraAnimNotifies (356)
[2026.05.14-08.03.21:395][780]LogModuleManager: Shutting down and abandoning module Niagara (354)
[2026.05.14-08.03.21:396][780]LogModuleManager: Shutting down and abandoning module SignalProcessing (353)
[2026.05.14-08.03.21:396][780]LogModuleManager: Shutting down and abandoning module NiagaraEditor (351)
[2026.05.14-08.03.21:398][780]LogModuleManager: Shutting down and abandoning module NiagaraCore (348)
[2026.05.14-08.03.21:398][780]LogModuleManager: Shutting down and abandoning module PropertyAccessNode (346)
[2026.05.14-08.03.21:398][780]LogModuleManager: Shutting down and abandoning module AnimationSharing (344)
[2026.05.14-08.03.21:398][780]LogModuleManager: Shutting down and abandoning module GameplayTagsEditor (342)
[2026.05.14-08.03.21:398][780]LogModuleManager: Shutting down and abandoning module FacialAnimationEditor (340)
[2026.05.14-08.03.21:398][780]LogModuleManager: Shutting down and abandoning module FacialAnimation (338)
[2026.05.14-08.03.21:398][780]LogModuleManager: Shutting down and abandoning module DataValidation (336)
[2026.05.14-08.03.21:398][780]LogModuleManager: Shutting down and abandoning module AssetManagerEditor (334)
[2026.05.14-08.03.21:399][780]LogModuleManager: Shutting down and abandoning module LevelEditor (333)
[2026.05.14-08.03.21:404][780]LogModuleManager: Shutting down and abandoning module PixelInspectorModule (332)
[2026.05.14-08.03.21:405][780]LogModuleManager: Shutting down and abandoning module CommonMenuExtensions (330)
[2026.05.14-08.03.21:405][780]LogModuleManager: Shutting down and abandoning module MainFrame (328)
[2026.05.14-08.03.21:405][780]LogModuleManager: Shutting down and abandoning module HotReload (327)
[2026.05.14-08.03.21:406][780]LogModuleManager: Shutting down and abandoning module ToolMenus (323)
[2026.05.14-08.03.21:406][780]LogModuleManager: Shutting down and abandoning module ContentBrowser (321)
[2026.05.14-08.03.21:406][780]LogModuleManager: Shutting down and abandoning module ContentBrowserData (320)
[2026.05.14-08.03.21:406][780]LogModuleManager: Shutting down and abandoning module TreeMap (317)
[2026.05.14-08.03.21:407][780]LogModuleManager: Shutting down and abandoning module GameplayCameras (314)
[2026.05.14-08.03.21:407][780]LogModuleManager: Shutting down and abandoning module LightPropagationVolumeRuntime (312)
[2026.05.14-08.03.21:407][780]LogModuleManager: Shutting down and abandoning module Paper2D (310)
[2026.05.14-08.03.21:407][780]LogModuleManager: Shutting down and abandoning module WindowsMoviePlayer (308)
[2026.05.14-08.03.21:420][780]LogModuleManager: Shutting down and abandoning module WebMMoviePlayer (306)
[2026.05.14-08.03.21:420][780]LogModuleManager: Shutting down and abandoning module NetworkReplayStreaming (304)
[2026.05.14-08.03.21:420][780]LogModuleManager: Shutting down and abandoning module PacketHandler (302)
[2026.05.14-08.03.21:420][780]LogModuleManager: Shutting down and abandoning module ClothingSystemEditor (300)
[2026.05.14-08.03.21:420][780]LogModuleManager: Shutting down and abandoning module ClothingSystemRuntimeNv (298)
[2026.05.14-08.03.21:421][780]LogModuleManager: Shutting down and abandoning module MediaAssets (296)
[2026.05.14-08.03.21:421][780]LogModuleManager: Shutting down and abandoning module Overlay (294)
[2026.05.14-08.03.21:421][780]LogModuleManager: Shutting down and abandoning module OverlayEditor (293)
[2026.05.14-08.03.21:421][780]LogModuleManager: Shutting down and abandoning module VREditor (290)
[2026.05.14-08.03.21:421][780]LogModuleManager: Shutting down and abandoning module StringTableEditor (288)
[2026.05.14-08.03.21:422][780]LogModuleManager: Shutting down and abandoning module GameplayTasksEditor (286)
[2026.05.14-08.03.21:422][780]LogModuleManager: Shutting down and abandoning module BehaviorTreeEditor (284)
[2026.05.14-08.03.21:422][780]LogModuleManager: Shutting down and abandoning module FunctionalTesting (282)
[2026.05.14-08.03.21:422][780]LogModuleManager: Shutting down and abandoning module CollisionAnalyzer (280)
[2026.05.14-08.03.21:424][780]LogModuleManager: Shutting down and abandoning module WorkspaceMenuStructure (279)
[2026.05.14-08.03.21:425][780]LogModuleManager: Shutting down and abandoning module UMG (276)
[2026.05.14-08.03.21:425][780]LogModuleManager: Shutting down and abandoning module UMGEditor (275)
[2026.05.14-08.03.21:427][780]LogModuleManager: Shutting down and abandoning module MessageLog (273)
[2026.05.14-08.03.21:427][780]LogModuleManager: Shutting down and abandoning module SlateReflector (268)
[2026.05.14-08.03.21:429][780]LogModuleManager: Shutting down and abandoning module Slate (266)
[2026.05.14-08.03.21:429][780]LogModuleManager: Shutting down and abandoning module SlateCore (264)
[2026.05.14-08.03.21:430][780]LogModuleManager: Shutting down and abandoning module LandscapeEditorUtilities (262)
[2026.05.14-08.03.21:430][780]LogModuleManager: Shutting down and abandoning module UnrealEd (260)
[2026.05.14-08.03.21:430][780]LogModuleManager: Shutting down and abandoning module MRMesh (258)
[2026.05.14-08.03.21:430][780]LogModuleManager: Shutting down and abandoning module SourceCodeAccess (256)
[2026.05.14-08.03.21:430][780]LogModuleManager: Shutting down and abandoning module HeadMountedDisplay (254)
[2026.05.14-08.03.21:430][780]LogModuleManager: Shutting down and abandoning module XAudio2 (252)
[2026.05.14-08.03.21:430][780]LogModuleManager: Shutting down and abandoning module Networking (250)
[2026.05.14-08.03.21:430][780]LogModuleManager: Shutting down and abandoning module Core (248)
[2026.05.14-08.03.21:430][780]LogModuleManager: Shutting down and abandoning module MaterialEditor (246)
[2026.05.14-08.03.21:431][780]LogModuleManager: Shutting down and abandoning module MovieSceneTools (244)
[2026.05.14-08.03.21:431][780]LogModuleManager: Shutting down and abandoning module CurveEditor (243)
[2026.05.14-08.03.21:432][780]LogModuleManager: Shutting down and abandoning module Sequencer (241)
[2026.05.14-08.03.21:432][780]LogModuleManager: Shutting down and abandoning module EditorStyle (240)
[2026.05.14-08.03.21:435][780]LogModuleManager: Shutting down and abandoning module KismetCompiler (236)
[2026.05.14-08.03.21:435][780]LogModuleManager: Shutting down and abandoning module MeshBuilder (234)
[2026.05.14-08.03.21:435][780]LogModuleManager: Shutting down and abandoning module MeshUtilities (232)
[2026.05.14-08.03.21:435][780]LogModuleManager: Shutting down and abandoning module MeshMergeUtilities (231)
[2026.05.14-08.03.21:435][780]LogModuleManager: Shutting down and abandoning module MeshReductionInterface (230)
[2026.05.14-08.03.21:435][780]LogModuleManager: Shutting down and abandoning module MeshBoneReduction (229)
[2026.05.14-08.03.21:436][780]LogModuleManager: Shutting down and abandoning module SkeletalMeshReduction (227)
[2026.05.14-08.03.21:436][780]LogModuleManager: Shutting down and abandoning module ProxyLODMeshReduction (225)
[2026.05.14-08.03.21:437][780]LogModuleManager: Shutting down and abandoning module QuadricMeshReduction (223)
[2026.05.14-08.03.21:437][780]LogModuleManager: Shutting down and abandoning module MaterialBaking (219)
[2026.05.14-08.03.21:437][780]LogModuleManager: Shutting down and abandoning module NullInstallBundleManager (214)
[2026.05.14-08.03.21:437][780]LogModuleManager: Shutting down and abandoning module DerivedDataCache (212)
[2026.05.14-08.03.21:438][780]LogModuleManager: Shutting down and abandoning module TargetPlatform (210)
[2026.05.14-08.03.21:440][780]LogModuleManager: Shutting down and abandoning module VulkanShaderFormat (209)
[2026.05.14-08.03.21:441][780]LogModuleManager: Shutting down and abandoning module ShaderFormatVectorVM (207)
[2026.05.14-08.03.21:442][780]LogModuleManager: Shutting down and abandoning module ShaderFormatOpenGL (205)
[2026.05.14-08.03.21:442][780]LogModuleManager: Shutting down and abandoning module ShaderFormatD3D (203)
[2026.05.14-08.03.21:442][780]LogModuleManager: Shutting down and abandoning module MetalShaderFormat (201)
[2026.05.14-08.03.21:442][780]LogModuleManager: Shutting down and abandoning module TextureFormatOodle (199)
[2026.05.14-08.03.21:443][780]LogModuleManager: Shutting down and abandoning module TextureFormatUncompressed (197)
[2026.05.14-08.03.21:443][780]LogModuleManager: Shutting down and abandoning module TextureFormatPVR (195)
[2026.05.14-08.03.21:443][780]LogModuleManager: Shutting down and abandoning module TextureFormatETC2 (193)
[2026.05.14-08.03.21:443][780]LogModuleManager: Shutting down and abandoning module TextureFormatDXT (191)
[2026.05.14-08.03.21:443][780]LogModuleManager: Shutting down and abandoning module TextureFormatIntelISPCTexComp (189)
[2026.05.14-08.03.21:443][780]LogModuleManager: Shutting down and abandoning module TextureFormatASTC (187)
[2026.05.14-08.03.21:443][780]LogModuleManager: Shutting down and abandoning module ImageWrapper (186)
[2026.05.14-08.03.21:443][780]LogModuleManager: Shutting down and abandoning module AudioFormatOpus (183)
[2026.05.14-08.03.21:443][780]LogModuleManager: Shutting down and abandoning module AudioFormatOgg (181)
[2026.05.14-08.03.21:443][780]LogModuleManager: Shutting down and abandoning module AudioFormatADPCM (179)
[2026.05.14-08.03.21:444][780]LogModuleManager: Shutting down and abandoning module WindowsServerTargetPlatform (177)
[2026.05.14-08.03.21:444][780]LogModuleManager: Shutting down and abandoning module WindowsClientTargetPlatform (175)
[2026.05.14-08.03.21:444][780]LogModuleManager: Shutting down and abandoning module WindowsTargetPlatform (173)
[2026.05.14-08.03.21:444][780]LogModuleManager: Shutting down and abandoning module WindowsNoEditorTargetPlatform (171)
[2026.05.14-08.03.21:444][780]LogModuleManager: Shutting down and abandoning module TVOSTargetPlatform (169)
[2026.05.14-08.03.21:455][780]LogModuleManager: Shutting down and abandoning module MacServerTargetPlatform (167)
[2026.05.14-08.03.21:455][780]LogModuleManager: Shutting down and abandoning module MacClientTargetPlatform (165)
[2026.05.14-08.03.21:455][780]LogModuleManager: Shutting down and abandoning module MacTargetPlatform (163)
[2026.05.14-08.03.21:455][780]LogModuleManager: Shutting down and abandoning module MacNoEditorTargetPlatform (161)
[2026.05.14-08.03.21:455][780]LogModuleManager: Shutting down and abandoning module LuminTargetPlatform (159)
[2026.05.14-08.03.21:470][780]LogModuleManager: Shutting down and abandoning module LinuxAArch64ServerTargetPlatform (157)
[2026.05.14-08.03.21:470][780]LogModuleManager: Shutting down and abandoning module LinuxAArch64ClientTargetPlatform (155)
[2026.05.14-08.03.21:471][780]LogModuleManager: Shutting down and abandoning module LinuxAArch64NoEditorTargetPlatform (153)
[2026.05.14-08.03.21:471][780]LogModuleManager: Shutting down and abandoning module LinuxServerTargetPlatform (151)
[2026.05.14-08.03.21:471][780]LogModuleManager: Shutting down and abandoning module LinuxClientTargetPlatform (149)
[2026.05.14-08.03.21:471][780]LogModuleManager: Shutting down and abandoning module LinuxNoEditorTargetPlatform (147)
[2026.05.14-08.03.21:471][780]LogModuleManager: Shutting down and abandoning module LinuxTargetPlatform (145)
[2026.05.14-08.03.21:471][780]LogModuleManager: Shutting down and abandoning module Messaging (143)
[2026.05.14-08.03.21:471][780]LogModuleManager: Shutting down and abandoning module IOSTargetPlatform (141)
[2026.05.14-08.03.21:477][780]LogModuleManager: Shutting down and abandoning module AndroidTargetPlatform (139)
[2026.05.14-08.03.21:494][780]LogModuleManager: Shutting down and abandoning module AllDesktopTargetPlatform (137)
[2026.05.14-08.03.21:494][780]LogModuleManager: Shutting down and abandoning module D3D11RHI (134)
[2026.05.14-08.03.21:494][780]LogModuleManager: Shutting down and abandoning module InputCore (132)
[2026.05.14-08.03.21:494][780]LogModuleManager: Shutting down and abandoning module Settings (130)
[2026.05.14-08.03.21:495][780]LogModuleManager: Shutting down and abandoning module DirectoryWatcher (128)
[2026.05.14-08.03.21:496][780]LogModuleManager: Shutting down and abandoning module PhysXCooking (126)
[2026.05.14-08.03.21:496][780]LogModuleManager: Shutting down and abandoning module Chaos (124)
[2026.05.14-08.03.21:497][780]LogModuleManager: Shutting down and abandoning module WindowsPlatformFeatures (122)
[2026.05.14-08.03.21:497][780]LogModuleManager: Shutting down and abandoning module GameplayMediaEncoder (121)
[2026.05.14-08.03.21:497][780]LogModuleManager: Shutting down and abandoning module AVEncoder (120)
[2026.05.14-08.03.21:497][780]LogModuleManager: Shutting down and abandoning module SteamVRInputDevice (116)
[2026.05.14-08.03.21:497][780]LogModuleManager: Shutting down and abandoning module SteamVRInput (114)
[2026.05.14-08.03.21:499][780]LogModuleManager: Shutting down and abandoning module SteamVR (112)
[2026.05.14-08.03.21:499][780]LogHMD: Freeing OpenVRDLLHandle.
[2026.05.14-08.03.21:499][780]LogModuleManager: Shutting down and abandoning module OculusHMD (110)
[2026.05.14-08.03.21:499][780]LogModuleManager: Shutting down and abandoning module AISupportModule (108)
[2026.05.14-08.03.21:499][780]LogModuleManager: Shutting down and abandoning module OpenXREyeTracker (106)
[2026.05.14-08.03.21:499][780]LogModuleManager: Shutting down and abandoning module OpenXRAR (104)
[2026.05.14-08.03.21:499][780]LogModuleManager: Shutting down and abandoning module AugmentedReality (103)
[2026.05.14-08.03.21:499][780]LogModuleManager: Shutting down and abandoning module OpenXRHandTracking (100)
[2026.05.14-08.03.21:500][780]LogSlate: Slate User Destroyed.  User Index 0, Is Virtual User: 0
[2026.05.14-08.03.21:500][780]LogModuleManager: Shutting down and abandoning module OpenXRHMD (99)
[2026.05.14-08.03.21:501][780]LogModuleManager: Shutting down and abandoning module ExampleDeviceProfileSelector (96)
[2026.05.14-08.03.21:501][780]LogModuleManager: Shutting down and abandoning module ChunkDownloader (94)
[2026.05.14-08.03.21:501][780]LogModuleManager: Shutting down and abandoning module LauncherChunkInstaller (92)
[2026.05.14-08.03.21:501][780]LogModuleManager: Shutting down and abandoning module OnlineBlueprintSupport (90)
[2026.05.14-08.03.21:501][780]LogModuleManager: Shutting down and abandoning module OnlineSubsystem (86)
[2026.05.14-08.03.21:507][780]LogModuleManager: Shutting down and abandoning module XMPP (81)
[2026.05.14-08.03.21:508][780]LogModuleManager: Shutting down and abandoning module WebSockets (80)
[2026.05.14-08.03.21:525][780]LogModuleManager: Shutting down and abandoning module HTTP (77)
[2026.05.14-08.03.21:525][780]LogHttp: Display: Http module shutting down, but needs to wait on 1 outstanding Http requests:
[2026.05.14-08.03.21:525][780]LogHttp: Display: 	verb=[POST] url=[https://datarouter.ol.epicgames.com/datarouter/api/v1/public/data?SessionID=%7BBB05F440-4C56-2642-77B6-508DE7F4119B%7D&AppID=UEEditor.Rocket.Release&AppVersion=4.27.2-18319896%2B%2B%2BUE4%2BRelease-4.27&UserID=55c73c474e92d0c37f07ab8febe04a38%7C81d32e9996224e89b0dfec987a357124%7Cdc1b3db0-7ab3-4480-bd05-cd7efc218524&AppEnvironment=datacollector-binary&UploadType=eteventstream] refs=[1] status=Processing
[2026.05.14-08.03.21:525][780]LogHttp: Display: cleaning up 1 outstanding Http requests.
[2026.05.14-08.03.21:539][780]LogModuleManager: Shutting down and abandoning module SSL (76)
[2026.05.14-08.03.21:544][780]LogModuleManager: Shutting down and abandoning module WmfMedia (72)
[2026.05.14-08.03.21:548][780]LogModuleManager: Shutting down and abandoning module Media (71)
[2026.05.14-08.03.21:550][780]LogModuleManager: Shutting down and abandoning module MediaInfo (70)
[2026.05.14-08.03.21:550][780]LogModuleManager: Shutting down and abandoning module ExrReaderGpu (66)
[2026.05.14-08.03.21:550][780]LogModuleManager: Shutting down and abandoning module VariantManagerContent (64)
[2026.05.14-08.03.21:550][780]LogModuleManager: Shutting down and abandoning module DatasmithContent (62)
[2026.05.14-08.03.21:550][780]LogModuleManager: Shutting down and abandoning module ChaosCloth (60)
[2026.05.14-08.03.21:550][780]LogModuleManager: Shutting down and abandoning module MLSDK (58)
[2026.05.14-08.03.21:550][780]LogModuleManager: Shutting down and abandoning module MagicLeap (56)
[2026.05.14-08.03.21:551][780]LogModuleManager: Shutting down and abandoning module NiagaraVertexFactories (54)
[2026.05.14-08.03.21:551][780]LogModuleManager: Shutting down and abandoning module NiagaraShader (52)
[2026.05.14-08.03.21:551][780]LogModuleManager: Shutting down and abandoning module PixWinPlugin (50)
[2026.05.14-08.03.21:551][780]LogModuleManager: Shutting down and abandoning module DesktopPlatform (48)
[2026.05.14-08.03.21:551][780]LogModuleManager: Shutting down and abandoning module PythonScriptPluginPreload (46)
[2026.05.14-08.03.21:552][780]LogModuleManager: Shutting down and abandoning module PlatformCryptoOpenSSL (44)
[2026.05.14-08.03.21:553][780]LogModuleManager: Shutting down and abandoning module PlatformCryptoTypes (42)
[2026.05.14-08.03.21:553][780]LogModuleManager: Shutting down and abandoning module PlatformCrypto (40)
[2026.05.14-08.03.21:553][780]LogModuleManager: Shutting down and abandoning module OodleDataCompressionFormat (38)
[2026.05.14-08.03.21:553][780]LogModuleManager: Shutting down and abandoning module XGEController (36)
[2026.05.14-08.03.21:554][780]LogModuleManager: Shutting down and abandoning module AnimationModifiers (34)
[2026.05.14-08.03.21:554][780]LogModuleManager: Shutting down and abandoning module AudioEditor (32)
[2026.05.14-08.03.21:559][780]LogModuleManager: Shutting down and abandoning module PropertyEditor (31)
[2026.05.14-08.03.21:561][780]LogModuleManager: Shutting down and abandoning module TextureCompressor (28)
[2026.05.14-08.03.21:561][780]LogModuleManager: Shutting down and abandoning module RenderCore (26)
[2026.05.14-08.03.21:561][780]LogModuleManager: Shutting down and abandoning module Landscape (24)
[2026.05.14-08.03.21:561][780]LogModuleManager: Shutting down and abandoning module SlateRHIRenderer (22)
[2026.05.14-08.03.21:564][780]LogModuleManager: Shutting down and abandoning module AnimGraphRuntime (20)
[2026.05.14-08.03.21:565][780]LogModuleManager: Shutting down and abandoning module Renderer (18)
[2026.05.14-08.03.21:565][780]LogModuleManager: Shutting down and abandoning module Engine (16)
[2026.05.14-08.03.21:565][780]LogModuleManager: Shutting down and abandoning module CoreUObject (14)
[2026.05.14-08.03.21:565][780]LogModuleManager: Shutting down and abandoning module NetworkFile (12)
[2026.05.14-08.03.21:565][780]LogModuleManager: Shutting down and abandoning module CookedIterativeFile (10)
[2026.05.14-08.03.21:565][780]LogModuleManager: Shutting down and abandoning module StreamingFile (8)
[2026.05.14-08.03.21:566][780]LogModuleManager: Shutting down and abandoning module SandboxFile (6)
[2026.05.14-08.03.21:566][780]LogModuleManager: Shutting down and abandoning module PakFile (4)
[2026.05.14-08.03.21:566][780]LogModuleManager: Shutting down and abandoning module RSA (3)
[2026.05.14-08.03.21:566][780]LogContentStreaming: Display: There are 1 unreleased StreamingManagers
[2026.05.14-08.03.21:604][780]LogD3D11RHI: Shutdown
[2026.05.14-08.03.21:604][780]LogD3D11RHI: CleanupD3DDevice
[2026.05.14-08.03.21:629][780]LogExit: Exiting.
[2026.05.14-08.03.21:639][780]Log file closed, 05/14/26 17:03:21
