Log file open, 05/11/26 08:59:37
LogWindows: Failed to load 'aqProf.dll' (GetLastError=126)
LogWindows: File 'aqProf.dll' does not exist
LogWindows: Failed to load 'VtuneApi.dll' (GetLastError=126)
LogWindows: File 'VtuneApi.dll' does not exist
LogWindows: Failed to load 'VtuneApi32e.dll' (GetLastError=126)
LogWindows: File 'VtuneApi32e.dll' does not exist
LogConsoleResponse: Display: Failed to find resolution value strings in scalability ini. Falling back to default.
LogConsoleResponse: Display: Failed to find resolution value strings in scalability ini. Falling back to default.
LogInit: Display: Running engine for game: ALSV4
LogPlatformFile: Not using cached read wrapper
LogTaskGraph: Started task graph with 5 named threads and 71 total threads with 3 sets of task threads.
LogStats: Stats thread started at 0.186218
LogICUInternationalization: ICU TimeZone Detection - Raw Offset: +9:00, Platform Override: ''
LogInit: Display: Loading text-based GConfig....
LogPluginManager: Mounting plugin MeshPainting
LogPluginManager: Mounting plugin XGEController
LogPluginManager: Mounting plugin Paper2D
LogPluginManager: Mounting plugin AISupport
LogPluginManager: Mounting plugin EnvironmentQueryEditor
LogPluginManager: Mounting plugin GameplayCameras
LogPluginManager: Mounting plugin LightPropagationVolume
LogPluginManager: Mounting plugin CameraShakePreviewer
LogPluginManager: Mounting plugin AnimationSharing
LogPluginManager: Mounting plugin CLionSourceCodeAccess
LogPluginManager: Mounting plugin CodeLiteSourceCodeAccess
LogPluginManager: Mounting plugin GitSourceControl
LogPluginManager: Mounting plugin PerforceSourceControl
LogPluginManager: Mounting plugin PixWinPlugin
LogPluginManager: Mounting plugin RiderSourceCodeAccess
LogPluginManager: Mounting plugin SubversionSourceControl
LogPluginManager: Mounting plugin PropertyAccessNode
LogPluginManager: Mounting plugin TextureFormatOodle
LogPluginManager: Mounting plugin PlasticSourceControl
LogPluginManager: Mounting plugin NullSourceCodeAccess
LogPluginManager: Mounting plugin PluginUtils
LogPluginManager: Mounting plugin OodleNetwork
LogPluginManager: Mounting plugin KDevelopSourceCodeAccess
LogPluginManager: Mounting plugin UObjectPlugin
LogPluginManager: Mounting plugin LiveLink
LogPluginManager: Mounting plugin VisualStudioSourceCodeAccess
LogPluginManager: Mounting plugin XCodeSourceCodeAccess
LogPluginManager: Mounting plugin DataValidation
LogPluginManager: Mounting plugin CryptoKeys
LogPluginManager: Mounting plugin AssetManagerEditor
LogPluginManager: Mounting plugin FacialAnimation
LogPluginManager: Mounting plugin OodleData
LogPluginManager: Mounting plugin GameplayTagsEditor
LogPluginManager: Mounting plugin VisualStudioCodeSourceCodeAccess
LogPluginManager: Mounting plugin GeometryMode
LogPluginManager: Mounting plugin MacGraphicsSwitching
LogPluginManager: Mounting plugin MobileLauncherProfileWizard
LogPluginManager: Mounting plugin MaterialAnalyzer
LogPluginManager: Mounting plugin CurveEditorTools
LogPluginManager: Mounting plugin PluginBrowser
LogPluginManager: Mounting plugin VariantManagerContent
LogPluginManager: Mounting plugin SpeedTreeImporter
LogPluginManager: Mounting plugin MagicLeap
LogPluginManager: Mounting plugin Niagara
LogPluginManager: Mounting plugin DatasmithContent
LogPluginManager: Mounting plugin LuminPlatformFeatures
LogPluginManager: Mounting plugin MagicLeapMedia
LogPluginManager: Mounting plugin AlembicImporter
LogPluginManager: Mounting plugin AutomationUtils
LogPluginManager: Mounting plugin MLSDK
LogPluginManager: Mounting plugin MagicLeapLightEstimation
LogPluginManager: Mounting plugin MagicLeapPassableWorld
LogPluginManager: Mounting plugin ChaosCloth
LogPluginManager: Mounting plugin BackChannel
LogPluginManager: Mounting plugin ChaosNiagara
LogPluginManager: Mounting plugin ChaosEditor
LogPluginManager: Mounting plugin ChaosClothEditor
LogPluginManager: Mounting plugin CharacterAI
LogPluginManager: Mounting plugin ChaosSolverPlugin
LogPluginManager: Mounting plugin GeometryCollectionPlugin
LogPluginManager: Mounting plugin GeometryProcessing
LogPluginManager: Mounting plugin GeometryCache
LogPluginManager: Mounting plugin OpenImageDenoise
LogPluginManager: Mounting plugin MotoSynth
LogPluginManager: Mounting plugin PlatformCrypto
LogPluginManager: Mounting plugin ProxyLODPlugin
LogPluginManager: Mounting plugin PlanarCut
LogPluginManager: Mounting plugin SkeletalReduction
LogPluginManager: Mounting plugin PythonScriptPlugin
LogPluginManager: Mounting plugin AndroidMedia
LogPluginManager: Mounting plugin AvfMedia
LogPluginManager: Mounting plugin MediaCompositing
LogPluginManager: Mounting plugin MediaPlayerEditor
LogPluginManager: Mounting plugin ImgMedia
LogPluginManager: Mounting plugin WmfMedia
LogPluginManager: Mounting plugin WebMMedia
LogPluginManager: Mounting plugin UdpMessaging
LogPluginManager: Mounting plugin TcpMessaging
LogPluginManager: Mounting plugin MatineeToLevelSequence
LogPluginManager: Mounting plugin LevelSequenceEditor
LogPluginManager: Mounting plugin ActorSequence
LogPluginManager: Mounting plugin TemplateSequence
LogPluginManager: Mounting plugin LauncherChunkInstaller
LogPluginManager: Mounting plugin OnlineSubsystem
LogPluginManager: Mounting plugin OnlineSubsystemNull
LogPluginManager: Mounting plugin ActorLayerUtilities
LogPluginManager: Mounting plugin AndroidDeviceProfileSelector
LogPluginManager: Mounting plugin OnlineSubsystemUtils
LogPluginManager: Mounting plugin AppleMoviePlayer
LogPluginManager: Mounting plugin AndroidPermission
LogPluginManager: Mounting plugin AssetTags
LogPluginManager: Mounting plugin AndroidMoviePlayer
LogPluginManager: Mounting plugin AudioSynesthesia
LogPluginManager: Mounting plugin AppleImageUtils
LogPluginManager: Mounting plugin AudioCapture
LogPluginManager: Mounting plugin ArchVisCharacter
LogPluginManager: Mounting plugin CustomMeshComponent
LogPluginManager: Mounting plugin ChunkDownloader
LogPluginManager: Mounting plugin ExampleDeviceProfileSelector
LogPluginManager: Mounting plugin CableComponent
LogPluginManager: Mounting plugin EditableMesh
LogPluginManager: Mounting plugin GoogleCloudMessaging
LogPluginManager: Mounting plugin GooglePAD
LogPluginManager: Mounting plugin IOSDeviceProfileSelector
LogPluginManager: Mounting plugin LinuxDeviceProfileSelector
LogPluginManager: Mounting plugin LocationServicesBPLibrary
LogPluginManager: Mounting plugin MobilePatchingUtils
LogPluginManager: Mounting plugin OpenXREyeTracker
LogPluginManager: Mounting plugin OpenXR
LogPluginManager: Mounting plugin OpenXRHandTracking
LogPluginManager: Mounting plugin PhysXVehicles
LogPluginManager: Mounting plugin ScreenshotTools
LogPluginManager: Mounting plugin PostSplashScreen
LogPluginManager: Mounting plugin PropertyAccessEditor
LogPluginManager: Mounting plugin ProceduralMeshComponent
LogPluginManager: Mounting plugin Takes
LogPluginManager: Mounting plugin RuntimePhysXCooking
LogPluginManager: Mounting plugin SignificanceManager
LogPluginManager: Mounting plugin SoundFields
LogPluginManager: Mounting plugin Synthesis
LogPluginManager: Mounting plugin WindowsMoviePlayer
LogPluginManager: Mounting plugin WebMMoviePlayer
LogPluginManager: Mounting plugin ContentBrowserAssetDataSource
LogPluginManager: Mounting plugin ContentBrowserClassDataSource
LogPluginManager: Mounting plugin ContentBrowserFileDataSource
LogPluginManager: Mounting plugin RiderLink
LogPluginManager: Mounting plugin OnlineSubsystemGooglePlay
LogPluginManager: Mounting plugin OnlineSubsystemIOS
LogPluginManager: Mounting plugin OculusVR
LogPluginManager: Mounting plugin SteamVR
PixWinPlugin: PIX capture plugin failed to initialize! Check that the process is launched from PIX.
LogInit: Using libcurl 7.55.1-DEV
LogInit:  - built for x86_64-pc-win32
LogInit:  - supports SSL with OpenSSL/1.1.1
LogInit:  - supports HTTP deflate (compression) using libz 1.2.8
LogInit:  - other features:
LogInit:      CURL_VERSION_SSL
LogInit:      CURL_VERSION_LIBZ
LogInit:      CURL_VERSION_IPV6
LogInit:      CURL_VERSION_ASYNCHDNS
LogInit:      CURL_VERSION_LARGEFILE
LogInit:      CURL_VERSION_IDN
LogInit:  CurlRequestOptions (configurable via config and command line):
LogInit:  - bVerifyPeer = true  - Libcurl will verify peer certificate
LogInit:  - bUseHttpProxy = false  - Libcurl will NOT use HTTP proxy
LogInit:  - bDontReuseConnections = false  - Libcurl will reuse connections
LogInit:  - MaxHostConnections = 16  - Libcurl will limit the number of connections to a host
LogInit:  - LocalHostAddr = Default
LogInit:  - BufferSize = 65536
LogOnline: OSS: Creating online subsystem instance for: NULL
LogInit: WinSock: version 1.1 (2.2), MaxSocks=32767, MaxUdp=65467
LogOnline: OSS: TryLoadSubsystemAndSetDefault: Loaded subsystem for module [NULL]
LogOculusPluginWrapper: OculusPlugin initialized successfully
LogHMD: Failed initializing OVRPlugin 1.59.0
LogInit: Build: ++UE4+Release-4.27-CL-18319896
LogInit: Engine Version: 4.27.2-18319896+++UE4+Release-4.27
LogInit: Compatible Engine Version: 4.27.0-17155196+++UE4+Release-4.27
LogInit: Net CL: 17155196
LogInit: OS: Windows 10 (Release 2009) (), CPU: 13th Gen Intel(R) Core(TM) i7-13700, GPU: NVIDIA GeForce RTX 4070
LogInit: Compiled (64-bit): Nov 30 2021 07:12:08
LogInit: Compiled with Visual C++: 19.24.28315.00
LogInit: Build Configuration: Development
LogInit: Branch Name: ++UE4+Release-4.27
LogInit: Command Line:  -AUTH_LOGIN=unused -AUTH_PASSWORD=e69b50c165cd4dbbb31335f3e6acafc5 -AUTH_TYPE=exchangecode -epicapp=UE_4.27 -epicenv=Prod -EpicPortal -epicusername=夜空の星屑テレパス -epicuserid=81d32e9996224e89b0dfec987a357124 -epiclocale=zh-CN -epicsandboxid=ue
LogInit: Base Directory: C:/Program Files/Epic Games/UE_4.27/Engine/Binaries/Win64/
LogInit: Allocator: TBB
LogInit: Installed Engine Build: 1
LogDevObjectVersion: Number of dev versions registered: 29
LogDevObjectVersion:   Dev-Blueprints (B0D832E4-1F89-4F0D-ACCF-7EB736FD4AA2): 10
LogDevObjectVersion:   Dev-Build (E1C64328-A22C-4D53-A36C-8E866417BD8C): 0
LogDevObjectVersion:   Dev-Core (375EC13C-06E4-48FB-B500-84F0262A717E): 4
LogDevObjectVersion:   Dev-Editor (E4B068ED-F494-42E9-A231-DA0B2E46BB41): 40
LogDevObjectVersion:   Dev-Framework (CFFC743F-43B0-4480-9391-14DF171D2073): 37
LogDevObjectVersion:   Dev-Mobile (B02B49B5-BB20-44E9-A304-32B752E40360): 3
LogDevObjectVersion:   Dev-Networking (A4E4105C-59A1-49B5-A7C5-40C4547EDFEE): 0
LogDevObjectVersion:   Dev-Online (39C831C9-5AE6-47DC-9A44-9C173E1C8E7C): 0
LogDevObjectVersion:   Dev-Physics (78F01B33-EBEA-4F98-B9B4-84EACCB95AA2): 14
LogDevObjectVersion:   Dev-Platform (6631380F-2D4D-43E0-8009-CF276956A95A): 0
LogDevObjectVersion:   Dev-Rendering (12F88B9F-8875-4AFC-A67C-D90C383ABD29): 45
LogDevObjectVersion:   Dev-Sequencer (7B5AE74C-D270-4C10-A958-57980B212A5A): 13
LogDevObjectVersion:   Dev-VR (D7296918-1DD6-4BDD-9DE2-64A83CC13884): 3
LogDevObjectVersion:   Dev-LoadTimes (C2A15278-BFE7-4AFE-6C17-90FF531DF755): 1
LogDevObjectVersion:   Private-Geometry (6EACA3D4-40EC-4CC1-B786-8BED09428FC5): 3
LogDevObjectVersion:   Dev-AnimPhys (29E575DD-E0A3-4627-9D10-D276232CDCEA): 17
LogDevObjectVersion:   Dev-Anim (AF43A65D-7FD3-4947-9873-3E8ED9C1BB05): 15
LogDevObjectVersion:   Dev-ReflectionCapture (6B266CEC-1EC7-4B8F-A30B-E4D90942FC07): 1
LogDevObjectVersion:   Dev-Automation (0DF73D61-A23F-47EA-B727-89E90C41499A): 1
LogDevObjectVersion:   FortniteMain (601D1886-AC64-4F84-AA16-D3DE0DEAC7D6): 47
LogDevObjectVersion:   FortniteRelease (E7086368-6B23-4C58-8439-1B7016265E91): 1
LogDevObjectVersion:   Dev-Enterprise (9DFFBCD6-494F-0158-E221-12823C92A888): 10
LogDevObjectVersion:   Dev-Niagara (F2AED0AC-9AFE-416F-8664-AA7FFA26D6FC): 1
LogDevObjectVersion:   Dev-Destruction (174F1F0B-B4C6-45A5-B13F-2EE8D0FB917D): 10
LogDevObjectVersion:   Dev-Physics-Ext (35F94A83-E258-406C-A318-09F59610247C): 41
LogDevObjectVersion:   Dev-PhysicsMaterial-Chaos (B68FC16E-8B1B-42E2-B453-215C058844FE): 1
LogDevObjectVersion:   Dev-CineCamera (B2E18506-4273-CFC2-A54E-F4BB758BBA07): 1
LogDevObjectVersion:   Dev-VirtualProduction (64F58936-FD1B-42BA-BA96-7289D5D0FA4E): 1
LogDevObjectVersion:   Dev-MediaFramework (6F0ED827-A609-4895-9C91-998D90180EA4): 2
LogInit: Presizing for max 25165824 objects, including 0 objects not considered by GC, pre-allocating 0 bytes for permanent pool.
LogConfig: Applying CVar settings from Section [/Script/Engine.StreamingSettings] File [C:/UEProject/UnrealLearn/ALSV4/Saved/Config/Windows/Engine.ini]
LogConfig: Setting CVar [[s.MinBulkDataSizeForAsyncLoading:131072]]
LogConfig: Setting CVar [[s.AsyncLoadingThreadEnabled:0]]
LogConfig: Setting CVar [[s.EventDrivenLoaderEnabled:1]]
LogConfig: Setting CVar [[s.WarnIfTimeLimitExceeded:0]]
LogConfig: Setting CVar [[s.TimeLimitExceededMultiplier:1.5]]
LogConfig: Setting CVar [[s.TimeLimitExceededMinTime:0.005]]
LogConfig: Setting CVar [[s.UseBackgroundLevelStreaming:1]]
LogConfig: Setting CVar [[s.PriorityAsyncLoadingExtraTime:15.0]]
LogConfig: Setting CVar [[s.LevelStreamingActorsUpdateTimeLimit:5.0]]
LogConfig: Setting CVar [[s.PriorityLevelStreamingActorsUpdateExtraTime:5.0]]
LogConfig: Setting CVar [[s.LevelStreamingComponentsRegistrationGranularity:10]]
LogConfig: Setting CVar [[s.UnregisterComponentsTimeLimit:1.0]]
LogConfig: Setting CVar [[s.LevelStreamingComponentsUnregistrationGranularity:5]]
LogConfig: Setting CVar [[s.FlushStreamingOnExit:1]]
LogInit: Object subsystem initialized
LogConfig: Setting CVar [[con.DebugEarlyDefault:1]]
LogConfig: Setting CVar [[r.setres:1280x720]]
[2026.05.10-23.59.37:681][  0]LogConfig: Setting CVar [[r.VSync:0]]
[2026.05.10-23.59.37:681][  0]LogConfig: Setting CVar [[r.RHICmdBypass:0]]
[2026.05.10-23.59.37:681][  0]LogConfig: Applying CVar settings from Section [/Script/Engine.RendererSettings] File [C:/UEProject/UnrealLearn/ALSV4/Saved/Config/Windows/Engine.ini]
[2026.05.10-23.59.37:681][  0]LogConfig: Setting CVar [[r.GPUCrashDebugging:0]]
[2026.05.10-23.59.37:681][  0]LogConfig: Applying CVar settings from Section [/Script/Engine.RendererOverrideSettings] File [C:/UEProject/UnrealLearn/ALSV4/Saved/Config/Windows/Engine.ini]
[2026.05.10-23.59.37:681][  0]LogConfig: Applying CVar settings from Section [/Script/Engine.StreamingSettings] File [C:/UEProject/UnrealLearn/ALSV4/Saved/Config/Windows/Engine.ini]
[2026.05.10-23.59.37:681][  0]LogConfig: Setting CVar [[s.MinBulkDataSizeForAsyncLoading:131072]]
[2026.05.10-23.59.37:681][  0]LogConfig: Setting CVar [[s.AsyncLoadingThreadEnabled:0]]
[2026.05.10-23.59.37:681][  0]LogConfig: Setting CVar [[s.EventDrivenLoaderEnabled:1]]
[2026.05.10-23.59.37:681][  0]LogConfig: Setting CVar [[s.WarnIfTimeLimitExceeded:0]]
[2026.05.10-23.59.37:681][  0]LogConfig: Setting CVar [[s.TimeLimitExceededMultiplier:1.5]]
[2026.05.10-23.59.37:681][  0]LogConfig: Setting CVar [[s.TimeLimitExceededMinTime:0.005]]
[2026.05.10-23.59.37:681][  0]LogConfig: Setting CVar [[s.UseBackgroundLevelStreaming:1]]
[2026.05.10-23.59.37:681][  0]LogConfig: Setting CVar [[s.PriorityAsyncLoadingExtraTime:15.0]]
[2026.05.10-23.59.37:681][  0]LogConfig: Setting CVar [[s.LevelStreamingActorsUpdateTimeLimit:5.0]]
[2026.05.10-23.59.37:681][  0]LogConfig: Setting CVar [[s.PriorityLevelStreamingActorsUpdateExtraTime:5.0]]
[2026.05.10-23.59.37:681][  0]LogConfig: Setting CVar [[s.LevelStreamingComponentsRegistrationGranularity:10]]
[2026.05.10-23.59.37:681][  0]LogConfig: Setting CVar [[s.UnregisterComponentsTimeLimit:1.0]]
[2026.05.10-23.59.37:681][  0]LogConfig: Setting CVar [[s.LevelStreamingComponentsUnregistrationGranularity:5]]
[2026.05.10-23.59.37:681][  0]LogConfig: Setting CVar [[s.FlushStreamingOnExit:1]]
[2026.05.10-23.59.37:681][  0]LogConfig: Applying CVar settings from Section [/Script/Engine.GarbageCollectionSettings] File [C:/UEProject/UnrealLearn/ALSV4/Saved/Config/Windows/Engine.ini]
[2026.05.10-23.59.37:681][  0]LogConfig: Setting CVar [[gc.MaxObjectsNotConsideredByGC:1]]
[2026.05.10-23.59.37:681][  0]LogConfig: Setting CVar [[gc.SizeOfPermanentObjectPool:0]]
[2026.05.10-23.59.37:681][  0]LogConfig: Setting CVar [[gc.FlushStreamingOnGC:0]]
[2026.05.10-23.59.37:681][  0]LogConfig: Setting CVar [[gc.NumRetriesBeforeForcingGC:10]]
[2026.05.10-23.59.37:681][  0]LogConfig: Setting CVar [[gc.AllowParallelGC:1]]
[2026.05.10-23.59.37:681][  0]LogConfig: Setting CVar [[gc.TimeBetweenPurgingPendingKillObjects:61.1]]
[2026.05.10-23.59.37:681][  0]LogConfig: Setting CVar [[gc.MaxObjectsInEditor:25165824]]
[2026.05.10-23.59.37:681][  0]LogConfig: Setting CVar [[gc.IncrementalBeginDestroyEnabled:1]]
[2026.05.10-23.59.37:681][  0]LogConfig: Setting CVar [[gc.CreateGCClusters:1]]
[2026.05.10-23.59.37:681][  0]LogConfig: Setting CVar [[gc.MinGCClusterSize:5]]
[2026.05.10-23.59.37:681][  0]LogConfig: Setting CVar [[gc.ActorClusteringEnabled:0]]
[2026.05.10-23.59.37:681][  0]LogConfig: Setting CVar [[gc.BlueprintClusteringEnabled:0]]
[2026.05.10-23.59.37:681][  0]LogConfig: Setting CVar [[gc.UseDisregardForGCOnDedicatedServers:0]]
[2026.05.10-23.59.37:681][  0]LogConfig: Setting CVar [[gc.MultithreadedDestructionEnabled:1]]
[2026.05.10-23.59.37:681][  0]LogConfig: Applying CVar settings from Section [/Script/Engine.NetworkSettings] File [C:/UEProject/UnrealLearn/ALSV4/Saved/Config/Windows/Engine.ini]
[2026.05.10-23.59.37:681][  0]LogConfig: Applying CVar settings from Section [/Script/UnrealEd.CookerSettings] File [C:/UEProject/UnrealLearn/ALSV4/Saved/Config/Windows/Engine.ini]
[2026.05.10-23.59.37:707][  0]LogConfig: Applying CVar settings from Section [ViewDistanceQuality@3] File [C:/UEProject/UnrealLearn/ALSV4/Saved/Config/Windows/Scalability.ini]
[2026.05.10-23.59.37:707][  0]LogConfig: Setting CVar [[r.SkeletalMeshLODBias:0]]
[2026.05.10-23.59.37:707][  0]LogConfig: Setting CVar [[r.ViewDistanceScale:1.0]]
[2026.05.10-23.59.37:707][  0]LogConfig: Applying CVar settings from Section [AntiAliasingQuality@3] File [C:/UEProject/UnrealLearn/ALSV4/Saved/Config/Windows/Scalability.ini]
[2026.05.10-23.59.37:707][  0]LogConfig: Setting CVar [[r.PostProcessAAQuality:4]]
[2026.05.10-23.59.37:707][  0]LogConfig: Applying CVar settings from Section [ShadowQuality@3] File [C:/UEProject/UnrealLearn/ALSV4/Saved/Config/Windows/Scalability.ini]
[2026.05.10-23.59.37:707][  0]LogConfig: Setting CVar [[r.LightFunctionQuality:1]]
[2026.05.10-23.59.37:707][  0]LogConfig: Setting CVar [[r.ShadowQuality:5]]
[2026.05.10-23.59.37:707][  0]LogConfig: Setting CVar [[r.Shadow.CSM.MaxCascades:10]]
[2026.05.10-23.59.37:707][  0]LogConfig: Setting CVar [[r.Shadow.MaxResolution:2048]]
[2026.05.10-23.59.37:707][  0]LogConfig: Setting CVar [[r.Shadow.MaxCSMResolution:2048]]
[2026.05.10-23.59.37:707][  0]LogConfig: Setting CVar [[r.Shadow.RadiusThreshold:0.01]]
[2026.05.10-23.59.37:707][  0]LogConfig: Setting CVar [[r.Shadow.DistanceScale:1.0]]
[2026.05.10-23.59.37:707][  0]LogConfig: Setting CVar [[r.Shadow.CSM.TransitionScale:1.0]]
[2026.05.10-23.59.37:707][  0]LogConfig: Setting CVar [[r.Shadow.PreShadowResolutionFactor:1.0]]
[2026.05.10-23.59.37:707][  0]LogConfig: Setting CVar [[r.DistanceFieldShadowing:1]]
[2026.05.10-23.59.37:707][  0]LogConfig: Setting CVar [[r.DistanceFieldAO:1]]
[2026.05.10-23.59.37:707][  0]LogConfig: Setting CVar [[r.AOQuality:2]]
[2026.05.10-23.59.37:707][  0]LogConfig: Setting CVar [[r.VolumetricFog:1]]
[2026.05.10-23.59.37:707][  0]LogConfig: Setting CVar [[r.VolumetricFog.GridPixelSize:8]]
[2026.05.10-23.59.37:708][  0]LogConfig: Setting CVar [[r.VolumetricFog.GridSizeZ:128]]
[2026.05.10-23.59.37:708][  0]LogConfig: Setting CVar [[r.VolumetricFog.HistoryMissSupersampleCount:4]]
[2026.05.10-23.59.37:708][  0]LogConfig: Setting CVar [[r.LightMaxDrawDistanceScale:1]]
[2026.05.10-23.59.37:708][  0]LogConfig: Setting CVar [[r.CapsuleShadows:1]]
[2026.05.10-23.59.37:708][  0]LogConfig: Applying CVar settings from Section [PostProcessQuality@3] File [C:/UEProject/UnrealLearn/ALSV4/Saved/Config/Windows/Scalability.ini]
[2026.05.10-23.59.37:708][  0]LogConfig: Setting CVar [[r.MotionBlurQuality:4]]
[2026.05.10-23.59.37:708][  0]LogConfig: Setting CVar [[r.AmbientOcclusionMipLevelFactor:0.4]]
[2026.05.10-23.59.37:708][  0]LogConfig: Setting CVar [[r.AmbientOcclusionMaxQuality:100]]
[2026.05.10-23.59.37:708][  0]LogConfig: Setting CVar [[r.AmbientOcclusionLevels:-1]]
[2026.05.10-23.59.37:708][  0]LogConfig: Setting CVar [[r.AmbientOcclusionRadiusScale:1.0]]
[2026.05.10-23.59.37:708][  0]LogConfig: Setting CVar [[r.DepthOfFieldQuality:2]]
[2026.05.10-23.59.37:708][  0]LogConfig: Setting CVar [[r.RenderTargetPoolMin:400]]
[2026.05.10-23.59.37:708][  0]LogConfig: Setting CVar [[r.LensFlareQuality:2]]
[2026.05.10-23.59.37:708][  0]LogConfig: Setting CVar [[r.SceneColorFringeQuality:1]]
[2026.05.10-23.59.37:708][  0]LogConfig: Setting CVar [[r.EyeAdaptationQuality:2]]
[2026.05.10-23.59.37:708][  0]LogConfig: Setting CVar [[r.BloomQuality:5]]
[2026.05.10-23.59.37:708][  0]LogConfig: Setting CVar [[r.FastBlurThreshold:100]]
[2026.05.10-23.59.37:708][  0]LogConfig: Setting CVar [[r.Upscale.Quality:3]]
[2026.05.10-23.59.37:708][  0]LogConfig: Setting CVar [[r.Tonemapper.GrainQuantization:1]]
[2026.05.10-23.59.37:708][  0]LogConfig: Setting CVar [[r.LightShaftQuality:1]]
[2026.05.10-23.59.37:708][  0]LogConfig: Setting CVar [[r.Filter.SizeScale:1]]
[2026.05.10-23.59.37:708][  0]LogConfig: Setting CVar [[r.Tonemapper.Quality:5]]
[2026.05.10-23.59.37:708][  0]LogConfig: Setting CVar [[r.DOF.Gather.AccumulatorQuality:1        ; higher gathering accumulator quality]]
[2026.05.10-23.59.37:708][  0]LogConfig: Setting CVar [[r.DOF.Gather.PostfilterMethod:1          ; Median3x3 postfilering method]]
[2026.05.10-23.59.37:708][  0]LogConfig: Setting CVar [[r.DOF.Gather.EnableBokehSettings:0       ; no bokeh simulation when gathering]]
[2026.05.10-23.59.37:708][  0]LogConfig: Setting CVar [[r.DOF.Gather.RingCount:4                 ; medium number of samples when gathering]]
[2026.05.10-23.59.37:708][  0]LogConfig: Setting CVar [[r.DOF.Scatter.ForegroundCompositing:1    ; additive foreground scattering]]
[2026.05.10-23.59.37:708][  0]LogConfig: Setting CVar [[r.DOF.Scatter.BackgroundCompositing:2    ; additive background scattering]]
[2026.05.10-23.59.37:708][  0]LogConfig: Setting CVar [[r.DOF.Scatter.EnableBokehSettings:1      ; bokeh simulation when scattering]]
[2026.05.10-23.59.37:708][  0]LogConfig: Setting CVar [[r.DOF.Scatter.MaxSpriteRatio:0.1         ; only a maximum of 10% of scattered bokeh]]
[2026.05.10-23.59.37:708][  0]LogConfig: Setting CVar [[r.DOF.Recombine.Quality:1                ; cheap slight out of focus]]
[2026.05.10-23.59.37:708][  0]LogConfig: Setting CVar [[r.DOF.Recombine.EnableBokehSettings:0    ; no bokeh simulation on slight out of focus]]
[2026.05.10-23.59.37:708][  0]LogConfig: Setting CVar [[r.DOF.TemporalAAQuality:1                ; more stable temporal accumulation]]
[2026.05.10-23.59.37:708][  0]LogConfig: Setting CVar [[r.DOF.Kernel.MaxForegroundRadius:0.025]]
[2026.05.10-23.59.37:708][  0]LogConfig: Setting CVar [[r.DOF.Kernel.MaxBackgroundRadius:0.025]]
[2026.05.10-23.59.37:708][  0]LogConfig: Applying CVar settings from Section [TextureQuality@3] File [C:/UEProject/UnrealLearn/ALSV4/Saved/Config/Windows/Scalability.ini]
[2026.05.10-23.59.37:708][  0]LogConfig: Setting CVar [[r.Streaming.MipBias:0]]
[2026.05.10-23.59.37:708][  0]LogConfig: Setting CVar [[r.Streaming.AmortizeCPUToGPUCopy:0]]
[2026.05.10-23.59.37:708][  0]LogConfig: Setting CVar [[r.Streaming.MaxNumTexturesToStreamPerFrame:0]]
[2026.05.10-23.59.37:708][  0]LogConfig: Setting CVar [[r.Streaming.Boost:1]]
[2026.05.10-23.59.37:708][  0]LogConfig: Setting CVar [[r.MaxAnisotropy:8]]
[2026.05.10-23.59.37:708][  0]LogConfig: Setting CVar [[r.VT.MaxAnisotropy:8]]
[2026.05.10-23.59.37:708][  0]LogConfig: Setting CVar [[r.Streaming.LimitPoolSizeToVRAM:0]]
[2026.05.10-23.59.37:708][  0]LogConfig: Setting CVar [[r.Streaming.PoolSize:1000]]
[2026.05.10-23.59.37:708][  0]LogConfig: Setting CVar [[r.Streaming.MaxEffectiveScreenSize:0]]
[2026.05.10-23.59.37:708][  0]LogConfig: Applying CVar settings from Section [EffectsQuality@3] File [C:/UEProject/UnrealLearn/ALSV4/Saved/Config/Windows/Scalability.ini]
[2026.05.10-23.59.37:708][  0]LogConfig: Setting CVar [[r.TranslucencyLightingVolumeDim:64]]
[2026.05.10-23.59.37:708][  0]LogConfig: Setting CVar [[r.RefractionQuality:2]]
[2026.05.10-23.59.37:708][  0]LogConfig: Setting CVar [[r.SSR.Quality:3]]
[2026.05.10-23.59.37:708][  0]LogConfig: Setting CVar [[r.SSR.HalfResSceneColor:0]]
[2026.05.10-23.59.37:708][  0]LogConfig: Setting CVar [[r.SceneColorFormat:4]]
[2026.05.10-23.59.37:708][  0]LogConfig: Setting CVar [[r.DetailMode:2]]
[2026.05.10-23.59.37:708][  0]LogConfig: Setting CVar [[r.TranslucencyVolumeBlur:1]]
[2026.05.10-23.59.37:708][  0]LogConfig: Setting CVar [[r.MaterialQualityLevel:1 ; High quality]]
[2026.05.10-23.59.37:708][  0]LogConfig: Setting CVar [[r.AnisotropicMaterials:1]]
[2026.05.10-23.59.37:708][  0]LogConfig: Setting CVar [[r.SSS.Scale:1]]
[2026.05.10-23.59.37:708][  0]LogConfig: Setting CVar [[r.SSS.SampleSet:2]]
[2026.05.10-23.59.37:708][  0]LogConfig: Setting CVar [[r.SSS.Quality:1]]
[2026.05.10-23.59.37:708][  0]LogConfig: Setting CVar [[r.SSS.HalfRes:0]]
[2026.05.10-23.59.37:708][  0]LogConfig: Setting CVar [[r.SSGI.Quality:3]]
[2026.05.10-23.59.37:708][  0]LogConfig: Setting CVar [[r.EmitterSpawnRateScale:1.0]]
[2026.05.10-23.59.37:708][  0]LogConfig: Setting CVar [[r.ParticleLightQuality:2]]
[2026.05.10-23.59.37:708][  0]LogConfig: Setting CVar [[r.SkyAtmosphere.AerialPerspectiveLUT.FastApplyOnOpaque:1 ; Always have FastSkyLUT 1 in this case to avoid wrong sky]]
[2026.05.10-23.59.37:708][  0]LogConfig: Setting CVar [[r.SkyAtmosphere.AerialPerspectiveLUT.SampleCountMaxPerSlice:4]]
[2026.05.10-23.59.37:708][  0]LogConfig: Setting CVar [[r.SkyAtmosphere.AerialPerspectiveLUT.DepthResolution:16.0]]
[2026.05.10-23.59.37:708][  0]LogConfig: Setting CVar [[r.SkyAtmosphere.FastSkyLUT:1]]
[2026.05.10-23.59.37:708][  0]LogConfig: Setting CVar [[r.SkyAtmosphere.FastSkyLUT.SampleCountMin:4.0]]
[2026.05.10-23.59.37:708][  0]LogConfig: Setting CVar [[r.SkyAtmosphere.FastSkyLUT.SampleCountMax:128.0]]
[2026.05.10-23.59.37:708][  0]LogConfig: Setting CVar [[r.SkyAtmosphere.SampleCountMin:4.0]]
[2026.05.10-23.59.37:708][  0]LogConfig: Setting CVar [[r.SkyAtmosphere.SampleCountMax:128.0]]
[2026.05.10-23.59.37:708][  0]LogConfig: Setting CVar [[r.SkyAtmosphere.TransmittanceLUT.UseSmallFormat:0]]
[2026.05.10-23.59.37:708][  0]LogConfig: Setting CVar [[r.SkyAtmosphere.TransmittanceLUT.SampleCount:10.0]]
[2026.05.10-23.59.37:708][  0]LogConfig: Setting CVar [[r.SkyAtmosphere.MultiScatteringLUT.SampleCount:15.0]]
[2026.05.10-23.59.37:708][  0]LogConfig: Setting CVar [[r.SkyLight.RealTimeReflectionCapture:1]]
[2026.05.10-23.59.37:708][  0]LogConfig: Applying CVar settings from Section [FoliageQuality@3] File [C:/UEProject/UnrealLearn/ALSV4/Saved/Config/Windows/Scalability.ini]
[2026.05.10-23.59.37:708][  0]LogConfig: Setting CVar [[foliage.DensityScale:1.0]]
[2026.05.10-23.59.37:708][  0]LogConfig: Setting CVar [[grass.DensityScale:1.0]]
[2026.05.10-23.59.37:708][  0]LogConfig: Applying CVar settings from Section [ShadingQuality@3] File [C:/UEProject/UnrealLearn/ALSV4/Saved/Config/Windows/Scalability.ini]
[2026.05.10-23.59.37:708][  0]LogConfig: Setting CVar [[r.HairStrands.SkyLighting.IntegrationType:2]]
[2026.05.10-23.59.37:708][  0]LogConfig: Setting CVar [[r.HairStrands.SkyAO.SampleCount:4]]
[2026.05.10-23.59.37:708][  0]LogConfig: Setting CVar [[r.HairStrands.Visibility.MSAA.SamplePerPixel:4]]
[2026.05.10-23.59.37:708][  0]LogInit: Selected Device Profile: [Windows]
[2026.05.10-23.59.37:708][  0]LogInit: Applying CVar settings loaded from the selected device profile: [Windows]
[2026.05.10-23.59.37:708][  0]LogHAL: Display: Platform has ~ 14 GB [14665842688 / 17179869184 / 14], which maps to Larger [LargestMinGB=32, LargerMinGB=12, DefaultMinGB=8, SmallerMinGB=6, SmallestMinGB=0)
[2026.05.10-23.59.37:708][  0]LogInit: Going up to parent DeviceProfile []
[2026.05.10-23.59.37:708][  0]LogConfig: Applying CVar settings from Section [ViewDistanceQuality@3] File [C:/UEProject/UnrealLearn/ALSV4/Saved/Config/Windows/Scalability.ini]
[2026.05.10-23.59.37:708][  0]LogConfig: Setting CVar [[r.SkeletalMeshLODBias:0]]
[2026.05.10-23.59.37:708][  0]LogConfig: Setting CVar [[r.ViewDistanceScale:1.0]]
[2026.05.10-23.59.37:708][  0]LogConfig: Applying CVar settings from Section [AntiAliasingQuality@3] File [C:/UEProject/UnrealLearn/ALSV4/Saved/Config/Windows/Scalability.ini]
[2026.05.10-23.59.37:708][  0]LogConfig: Setting CVar [[r.PostProcessAAQuality:4]]
[2026.05.10-23.59.37:708][  0]LogConfig: Applying CVar settings from Section [ShadowQuality@3] File [C:/UEProject/UnrealLearn/ALSV4/Saved/Config/Windows/Scalability.ini]
[2026.05.10-23.59.37:708][  0]LogConfig: Setting CVar [[r.LightFunctionQuality:1]]
[2026.05.10-23.59.37:708][  0]LogConfig: Setting CVar [[r.ShadowQuality:5]]
[2026.05.10-23.59.37:708][  0]LogConfig: Setting CVar [[r.Shadow.CSM.MaxCascades:10]]
[2026.05.10-23.59.37:708][  0]LogConfig: Setting CVar [[r.Shadow.MaxResolution:2048]]
[2026.05.10-23.59.37:709][  0]LogConfig: Setting CVar [[r.Shadow.MaxCSMResolution:2048]]
[2026.05.10-23.59.37:709][  0]LogConfig: Setting CVar [[r.Shadow.RadiusThreshold:0.01]]
[2026.05.10-23.59.37:709][  0]LogConfig: Setting CVar [[r.Shadow.DistanceScale:1.0]]
[2026.05.10-23.59.37:709][  0]LogConfig: Setting CVar [[r.Shadow.CSM.TransitionScale:1.0]]
[2026.05.10-23.59.37:709][  0]LogConfig: Setting CVar [[r.Shadow.PreShadowResolutionFactor:1.0]]
[2026.05.10-23.59.37:709][  0]LogConfig: Setting CVar [[r.DistanceFieldShadowing:1]]
[2026.05.10-23.59.37:709][  0]LogConfig: Setting CVar [[r.DistanceFieldAO:1]]
[2026.05.10-23.59.37:709][  0]LogConfig: Setting CVar [[r.AOQuality:2]]
[2026.05.10-23.59.37:709][  0]LogConfig: Setting CVar [[r.VolumetricFog:1]]
[2026.05.10-23.59.37:709][  0]LogConfig: Setting CVar [[r.VolumetricFog.GridPixelSize:8]]
[2026.05.10-23.59.37:709][  0]LogConfig: Setting CVar [[r.VolumetricFog.GridSizeZ:128]]
[2026.05.10-23.59.37:709][  0]LogConfig: Setting CVar [[r.VolumetricFog.HistoryMissSupersampleCount:4]]
[2026.05.10-23.59.37:709][  0]LogConfig: Setting CVar [[r.LightMaxDrawDistanceScale:1]]
[2026.05.10-23.59.37:709][  0]LogConfig: Setting CVar [[r.CapsuleShadows:1]]
[2026.05.10-23.59.37:709][  0]LogConfig: Applying CVar settings from Section [PostProcessQuality@3] File [C:/UEProject/UnrealLearn/ALSV4/Saved/Config/Windows/Scalability.ini]
[2026.05.10-23.59.37:709][  0]LogConfig: Setting CVar [[r.MotionBlurQuality:4]]
[2026.05.10-23.59.37:709][  0]LogConfig: Setting CVar [[r.AmbientOcclusionMipLevelFactor:0.4]]
[2026.05.10-23.59.37:709][  0]LogConfig: Setting CVar [[r.AmbientOcclusionMaxQuality:100]]
[2026.05.10-23.59.37:709][  0]LogConfig: Setting CVar [[r.AmbientOcclusionLevels:-1]]
[2026.05.10-23.59.37:709][  0]LogConfig: Setting CVar [[r.AmbientOcclusionRadiusScale:1.0]]
[2026.05.10-23.59.37:709][  0]LogConfig: Setting CVar [[r.DepthOfFieldQuality:2]]
[2026.05.10-23.59.37:709][  0]LogConfig: Setting CVar [[r.RenderTargetPoolMin:400]]
[2026.05.10-23.59.37:709][  0]LogConfig: Setting CVar [[r.LensFlareQuality:2]]
[2026.05.10-23.59.37:709][  0]LogConfig: Setting CVar [[r.SceneColorFringeQuality:1]]
[2026.05.10-23.59.37:709][  0]LogConfig: Setting CVar [[r.EyeAdaptationQuality:2]]
[2026.05.10-23.59.37:709][  0]LogConfig: Setting CVar [[r.BloomQuality:5]]
[2026.05.10-23.59.37:709][  0]LogConfig: Setting CVar [[r.FastBlurThreshold:100]]
[2026.05.10-23.59.37:709][  0]LogConfig: Setting CVar [[r.Upscale.Quality:3]]
[2026.05.10-23.59.37:709][  0]LogConfig: Setting CVar [[r.Tonemapper.GrainQuantization:1]]
[2026.05.10-23.59.37:709][  0]LogConfig: Setting CVar [[r.LightShaftQuality:1]]
[2026.05.10-23.59.37:709][  0]LogConfig: Setting CVar [[r.Filter.SizeScale:1]]
[2026.05.10-23.59.37:709][  0]LogConfig: Setting CVar [[r.Tonemapper.Quality:5]]
[2026.05.10-23.59.37:709][  0]LogConfig: Setting CVar [[r.DOF.Gather.AccumulatorQuality:1        ; higher gathering accumulator quality]]
[2026.05.10-23.59.37:709][  0]LogConfig: Setting CVar [[r.DOF.Gather.PostfilterMethod:1          ; Median3x3 postfilering method]]
[2026.05.10-23.59.37:709][  0]LogConfig: Setting CVar [[r.DOF.Gather.EnableBokehSettings:0       ; no bokeh simulation when gathering]]
[2026.05.10-23.59.37:709][  0]LogConfig: Setting CVar [[r.DOF.Gather.RingCount:4                 ; medium number of samples when gathering]]
[2026.05.10-23.59.37:709][  0]LogConfig: Setting CVar [[r.DOF.Scatter.ForegroundCompositing:1    ; additive foreground scattering]]
[2026.05.10-23.59.37:709][  0]LogConfig: Setting CVar [[r.DOF.Scatter.BackgroundCompositing:2    ; additive background scattering]]
[2026.05.10-23.59.37:709][  0]LogConfig: Setting CVar [[r.DOF.Scatter.EnableBokehSettings:1      ; bokeh simulation when scattering]]
[2026.05.10-23.59.37:709][  0]LogConfig: Setting CVar [[r.DOF.Scatter.MaxSpriteRatio:0.1         ; only a maximum of 10% of scattered bokeh]]
[2026.05.10-23.59.37:709][  0]LogConfig: Setting CVar [[r.DOF.Recombine.Quality:1                ; cheap slight out of focus]]
[2026.05.10-23.59.37:709][  0]LogConfig: Setting CVar [[r.DOF.Recombine.EnableBokehSettings:0    ; no bokeh simulation on slight out of focus]]
[2026.05.10-23.59.37:709][  0]LogConfig: Setting CVar [[r.DOF.TemporalAAQuality:1                ; more stable temporal accumulation]]
[2026.05.10-23.59.37:709][  0]LogConfig: Setting CVar [[r.DOF.Kernel.MaxForegroundRadius:0.025]]
[2026.05.10-23.59.37:709][  0]LogConfig: Setting CVar [[r.DOF.Kernel.MaxBackgroundRadius:0.025]]
[2026.05.10-23.59.37:709][  0]LogConfig: Applying CVar settings from Section [TextureQuality@3] File [C:/UEProject/UnrealLearn/ALSV4/Saved/Config/Windows/Scalability.ini]
[2026.05.10-23.59.37:709][  0]LogConfig: Setting CVar [[r.Streaming.MipBias:0]]
[2026.05.10-23.59.37:709][  0]LogConfig: Setting CVar [[r.Streaming.AmortizeCPUToGPUCopy:0]]
[2026.05.10-23.59.37:709][  0]LogConfig: Setting CVar [[r.Streaming.MaxNumTexturesToStreamPerFrame:0]]
[2026.05.10-23.59.37:709][  0]LogConfig: Setting CVar [[r.Streaming.Boost:1]]
[2026.05.10-23.59.37:709][  0]LogConfig: Setting CVar [[r.MaxAnisotropy:8]]
[2026.05.10-23.59.37:709][  0]LogConfig: Setting CVar [[r.VT.MaxAnisotropy:8]]
[2026.05.10-23.59.37:709][  0]LogConfig: Setting CVar [[r.Streaming.LimitPoolSizeToVRAM:0]]
[2026.05.10-23.59.37:709][  0]LogConfig: Setting CVar [[r.Streaming.PoolSize:1000]]
[2026.05.10-23.59.37:709][  0]LogConfig: Setting CVar [[r.Streaming.MaxEffectiveScreenSize:0]]
[2026.05.10-23.59.37:709][  0]LogConfig: Applying CVar settings from Section [EffectsQuality@3] File [C:/UEProject/UnrealLearn/ALSV4/Saved/Config/Windows/Scalability.ini]
[2026.05.10-23.59.37:709][  0]LogConfig: Setting CVar [[r.TranslucencyLightingVolumeDim:64]]
[2026.05.10-23.59.37:709][  0]LogConfig: Setting CVar [[r.RefractionQuality:2]]
[2026.05.10-23.59.37:709][  0]LogConfig: Setting CVar [[r.SSR.Quality:3]]
[2026.05.10-23.59.37:709][  0]LogConfig: Setting CVar [[r.SSR.HalfResSceneColor:0]]
[2026.05.10-23.59.37:709][  0]LogConfig: Setting CVar [[r.SceneColorFormat:4]]
[2026.05.10-23.59.37:709][  0]LogConfig: Setting CVar [[r.DetailMode:2]]
[2026.05.10-23.59.37:709][  0]LogConfig: Setting CVar [[r.TranslucencyVolumeBlur:1]]
[2026.05.10-23.59.37:709][  0]LogConfig: Setting CVar [[r.MaterialQualityLevel:1 ; High quality]]
[2026.05.10-23.59.37:709][  0]LogConfig: Setting CVar [[r.AnisotropicMaterials:1]]
[2026.05.10-23.59.37:709][  0]LogConfig: Setting CVar [[r.SSS.Scale:1]]
[2026.05.10-23.59.37:709][  0]LogConfig: Setting CVar [[r.SSS.SampleSet:2]]
[2026.05.10-23.59.37:709][  0]LogConfig: Setting CVar [[r.SSS.Quality:1]]
[2026.05.10-23.59.37:709][  0]LogConfig: Setting CVar [[r.SSS.HalfRes:0]]
[2026.05.10-23.59.37:709][  0]LogConfig: Setting CVar [[r.SSGI.Quality:3]]
[2026.05.10-23.59.37:709][  0]LogConfig: Setting CVar [[r.EmitterSpawnRateScale:1.0]]
[2026.05.10-23.59.37:709][  0]LogConfig: Setting CVar [[r.ParticleLightQuality:2]]
[2026.05.10-23.59.37:709][  0]LogConfig: Setting CVar [[r.SkyAtmosphere.AerialPerspectiveLUT.FastApplyOnOpaque:1 ; Always have FastSkyLUT 1 in this case to avoid wrong sky]]
[2026.05.10-23.59.37:709][  0]LogConfig: Setting CVar [[r.SkyAtmosphere.AerialPerspectiveLUT.SampleCountMaxPerSlice:4]]
[2026.05.10-23.59.37:709][  0]LogConfig: Setting CVar [[r.SkyAtmosphere.AerialPerspectiveLUT.DepthResolution:16.0]]
[2026.05.10-23.59.37:709][  0]LogConfig: Setting CVar [[r.SkyAtmosphere.FastSkyLUT:1]]
[2026.05.10-23.59.37:709][  0]LogConfig: Setting CVar [[r.SkyAtmosphere.FastSkyLUT.SampleCountMin:4.0]]
[2026.05.10-23.59.37:709][  0]LogConfig: Setting CVar [[r.SkyAtmosphere.FastSkyLUT.SampleCountMax:128.0]]
[2026.05.10-23.59.37:709][  0]LogConfig: Setting CVar [[r.SkyAtmosphere.SampleCountMin:4.0]]
[2026.05.10-23.59.37:709][  0]LogConfig: Setting CVar [[r.SkyAtmosphere.SampleCountMax:128.0]]
[2026.05.10-23.59.37:709][  0]LogConfig: Setting CVar [[r.SkyAtmosphere.TransmittanceLUT.UseSmallFormat:0]]
[2026.05.10-23.59.37:709][  0]LogConfig: Setting CVar [[r.SkyAtmosphere.TransmittanceLUT.SampleCount:10.0]]
[2026.05.10-23.59.37:709][  0]LogConfig: Setting CVar [[r.SkyAtmosphere.MultiScatteringLUT.SampleCount:15.0]]
[2026.05.10-23.59.37:709][  0]LogConfig: Setting CVar [[r.SkyLight.RealTimeReflectionCapture:1]]
[2026.05.10-23.59.37:709][  0]LogConfig: Applying CVar settings from Section [FoliageQuality@3] File [C:/UEProject/UnrealLearn/ALSV4/Saved/Config/Windows/Scalability.ini]
[2026.05.10-23.59.37:709][  0]LogConfig: Setting CVar [[foliage.DensityScale:1.0]]
[2026.05.10-23.59.37:709][  0]LogConfig: Setting CVar [[grass.DensityScale:1.0]]
[2026.05.10-23.59.37:709][  0]LogConfig: Applying CVar settings from Section [ShadingQuality@3] File [C:/UEProject/UnrealLearn/ALSV4/Saved/Config/Windows/Scalability.ini]
[2026.05.10-23.59.37:709][  0]LogConfig: Setting CVar [[r.HairStrands.SkyLighting.IntegrationType:2]]
[2026.05.10-23.59.37:709][  0]LogConfig: Setting CVar [[r.HairStrands.SkyAO.SampleCount:4]]
[2026.05.10-23.59.37:709][  0]LogConfig: Setting CVar [[r.HairStrands.Visibility.MSAA.SamplePerPixel:4]]
[2026.05.10-23.59.37:709][  0]LogConfig: Applying CVar settings from Section [Startup] File [../../../Engine/Config/ConsoleVariables.ini]
[2026.05.10-23.59.37:709][  0]LogConfig: Setting CVar [[net.UseAdaptiveNetUpdateFrequency:0]]
[2026.05.10-23.59.37:709][  0]LogConfig: Setting CVar [[p.chaos.AllowCreatePhysxBodies:1]]
[2026.05.10-23.59.37:709][  0]LogConfig: Setting CVar [[fx.SkipVectorVMBackendOptimizations:1]]
[2026.05.10-23.59.37:709][  0]LogConfig: Applying CVar settings from Section [ConsoleVariables] File [C:/UEProject/UnrealLearn/ALSV4/Saved/Config/Windows/Engine.ini]
[2026.05.10-23.59.37:709][  0]LogConfig: Applying CVar settings from Section [ConsoleVariables] File [C:/UEProject/UnrealLearn/ALSV4/Saved/Config/Windows/Editor.ini]
[2026.05.10-23.59.37:709][  0]LogInit: Computer: MANKA-D-D-6017
[2026.05.10-23.59.37:709][  0]LogInit: User: LiamChen
[2026.05.10-23.59.37:709][  0]LogInit: CPU Page size=4096, Cores=16
[2026.05.10-23.59.37:709][  0]LogInit: High frequency timer resolution =10.000000 MHz
[2026.05.10-23.59.37:709][  0]LogMemory: Memory total: Physical=13.7GB (14GB approx)
[2026.05.10-23.59.37:709][  0]LogMemory: Platform Memory Stats for Windows
[2026.05.10-23.59.37:709][  0]LogMemory: Process Physical Memory: 154.13 MB used, 154.13 MB peak
[2026.05.10-23.59.37:709][  0]LogMemory: Process Virtual Memory: 134.79 MB used, 134.79 MB peak
[2026.05.10-23.59.37:709][  0]LogMemory: Physical Memory: 8736.72 MB used,  5249.72 MB free, 13986.44 MB total
[2026.05.10-23.59.37:709][  0]LogMemory: Virtual Memory: 134202256.00 MB used,  15473.78 MB free, 134217728.00 MB total
[2026.05.10-23.59.37:714][  0]LogWindows: WindowsPlatformFeatures enabled
[2026.05.10-23.59.37:729][  0]LogInit: Physics initialised using underlying interface: PhysX
[2026.05.10-23.59.37:730][  0]LogInit: Overriding language with editor language configuration option (en).
[2026.05.10-23.59.37:730][  0]LogInit: Overriding language with editor locale configuration option (en).
[2026.05.10-23.59.37:851][  0]LogInit: Setting process to per monitor DPI aware
[2026.05.10-23.59.37:918][  0]LogWindowsTextInputMethodSystem: Display: IME system deactivated.
[2026.05.10-23.59.37:926][  0]LogSlate: New Slate User Created.  User Index 0, Is Virtual User: 0
[2026.05.10-23.59.37:926][  0]LogSlate: Slate User Registered.  User Index 0, Is Virtual User: 0
[2026.05.10-23.59.37:992][  0]LogD3D11RHI: Loaded GFSDK_Aftermath_Lib.x64.dll
[2026.05.10-23.59.38:000][  0]LogHMD: Failed to initialize OpenVR with code 110
[2026.05.10-23.59.38:000][  0]LogD3D11RHI: D3D11 min allowed feature level: 11_0
[2026.05.10-23.59.38:000][  0]LogD3D11RHI: D3D11 max allowed feature level: 11_0
[2026.05.10-23.59.38:000][  0]LogD3D11RHI: D3D11 adapters:
[2026.05.10-23.59.38:132][  0]LogD3D11RHI:    0. 'NVIDIA GeForce RTX 4070' (Feature Level 11_0)
[2026.05.10-23.59.38:132][  0]LogD3D11RHI:       12012/0/6993 MB DedicatedVideo/DedicatedSystem/SharedSystem, Outputs:1, VendorId:0x10de
[2026.05.10-23.59.38:155][  0]LogD3D11RHI:    1. 'Intel(R) UHD Graphics 770' (Feature Level 11_0)
[2026.05.10-23.59.38:155][  0]LogD3D11RHI:       2048/0/6993 MB DedicatedVideo/DedicatedSystem/SharedSystem, Outputs:1, VendorId:0x8086
[2026.05.10-23.59.38:157][  0]LogD3D11RHI:    2. 'Microsoft Basic Render Driver' (Feature Level 11_0)
[2026.05.10-23.59.38:157][  0]LogD3D11RHI:       0/0/6993 MB DedicatedVideo/DedicatedSystem/SharedSystem, Outputs:0, VendorId:0x1414
[2026.05.10-23.59.38:157][  0]LogD3D11RHI: Chosen D3D11 Adapter:
[2026.05.10-23.59.38:157][  0]LogD3D11RHI:     Description : NVIDIA GeForce RTX 4070
[2026.05.10-23.59.38:157][  0]LogD3D11RHI:     VendorId    : 10de
[2026.05.10-23.59.38:157][  0]LogD3D11RHI:     DeviceId    : 2786
[2026.05.10-23.59.38:157][  0]LogD3D11RHI:     SubSysId    : 513a1028
[2026.05.10-23.59.38:157][  0]LogD3D11RHI:     Revision    : 00a1
[2026.05.10-23.59.38:157][  0]LogD3D11RHI:     DedicatedVideoMemory : 12595494912 bytes
[2026.05.10-23.59.38:157][  0]LogD3D11RHI:     DedicatedSystemMemory : 0 bytes
[2026.05.10-23.59.38:157][  0]LogD3D11RHI:     SharedSystemMemory : 7332921344 bytes
[2026.05.10-23.59.38:157][  0]LogD3D11RHI:     AdapterLuid : 0 56869
[2026.05.10-23.59.38:163][  0]LogD3D11RHI: Creating new Direct3DDevice
[2026.05.10-23.59.38:163][  0]LogD3D11RHI:     GPU DeviceId: 0x2786 (for the marketing name, search the web for "GPU Device Id")
[2026.05.10-23.59.38:163][  0]LogWindows: EnumDisplayDevices:
[2026.05.10-23.59.38:164][  0]LogWindows:    0. 'NVIDIA GeForce RTX 4070' (P:1 D:1)
[2026.05.10-23.59.38:164][  0]LogWindows:    1. 'NVIDIA GeForce RTX 4070' (P:0 D:0)
[2026.05.10-23.59.38:164][  0]LogWindows:    2. 'NVIDIA GeForce RTX 4070' (P:0 D:0)
[2026.05.10-23.59.38:164][  0]LogWindows:    3. 'NVIDIA GeForce RTX 4070' (P:0 D:0)
[2026.05.10-23.59.38:164][  0]LogWindows:    4. 'Intel(R) UHD Graphics 770' (P:0 D:1)
[2026.05.10-23.59.38:164][  0]LogWindows:    5. 'Intel(R) UHD Graphics 770' (P:0 D:0)
[2026.05.10-23.59.38:164][  0]LogWindows:    6. 'Intel(R) UHD Graphics 770' (P:0 D:0)
[2026.05.10-23.59.38:164][  0]LogWindows:    7. 'Intel(R) UHD Graphics 770' (P:0 D:0)
[2026.05.10-23.59.38:164][  0]LogWindows: DebugString: PrimaryIsNotTheChoosenAdapter PrimaryIsNotTheChoosenAdapter PrimaryIsNotTheChoosenAdapter PrimaryIsNotTheChoosenAdapter FoundDriverCount:4 
[2026.05.10-23.59.38:164][  0]LogD3D11RHI:     Adapter Name: NVIDIA GeForce RTX 4070
[2026.05.10-23.59.38:164][  0]LogD3D11RHI:   Driver Version: 581.95 (internal:32.0.15.8195, unified:581.95)
[2026.05.10-23.59.38:164][  0]LogD3D11RHI:      Driver Date: 11-18-2025
[2026.05.10-23.59.38:164][  0]LogRHI: Texture pool is 8408 MB (70% of 12012 MB)
[2026.05.10-23.59.38:164][  0]LogD3D11RHI: Creating D3DDevice using adapter:
[2026.05.10-23.59.38:164][  0]LogD3D11RHI:     Description : NVIDIA GeForce RTX 4070
[2026.05.10-23.59.38:164][  0]LogD3D11RHI:     VendorId    : 10de
[2026.05.10-23.59.38:164][  0]LogD3D11RHI:     DeviceId    : 2786
[2026.05.10-23.59.38:164][  0]LogD3D11RHI:     SubSysId    : 513a1028
[2026.05.10-23.59.38:164][  0]LogD3D11RHI:     Revision    : 00a1
[2026.05.10-23.59.38:164][  0]LogD3D11RHI:     DedicatedVideoMemory : 12595494912 bytes
[2026.05.10-23.59.38:164][  0]LogD3D11RHI:     DedicatedSystemMemory : 0 bytes
[2026.05.10-23.59.38:164][  0]LogD3D11RHI:     SharedSystemMemory : 7332921344 bytes
[2026.05.10-23.59.38:164][  0]LogD3D11RHI:     AdapterLuid : 0 56869
[2026.05.10-23.59.38:264][  0]LogD3D11RHI: RHI has support for 64 bit atomics
[2026.05.10-23.59.38:264][  0]LogD3D11RHI: Async texture creation enabled
[2026.05.10-23.59.38:264][  0]LogD3D11RHI: Array index from any shader is supported
[2026.05.10-23.59.38:265][  0]LogD3D11RHI: HDR output is supported on display 0 (NvId: 0x80061083).
[2026.05.10-23.59.38:283][  0]LogD3D11RHI: GPU Timing Frequency: 1000.000000 (Debug: 2 2)
[2026.05.10-23.59.38:302][  0]LogRHI: GeForceNow SDK initialized: 1
[2026.05.10-23.59.38:495][  0]LogTargetPlatformManager: Display: Loaded TargetPlatform 'AllDesktop'
[2026.05.10-23.59.38:508][  0]LogTargetPlatformManager: Display: Loaded TargetPlatform 'Android'
[2026.05.10-23.59.38:508][  0]LogTargetPlatformManager: Display: Loaded TargetPlatform 'Android_ASTC'
[2026.05.10-23.59.38:508][  0]LogTargetPlatformManager: Display: Loaded TargetPlatform 'Android_DXT'
[2026.05.10-23.59.38:508][  0]LogTargetPlatformManager: Display: Loaded TargetPlatform 'Android_ETC2'
[2026.05.10-23.59.38:508][  0]LogTargetPlatformManager: Display: Loaded TargetPlatform 'AndroidClient'
[2026.05.10-23.59.38:508][  0]LogTargetPlatformManager: Display: Loaded TargetPlatform 'Android_ASTCClient'
[2026.05.10-23.59.38:509][  0]LogTargetPlatformManager: Display: Loaded TargetPlatform 'Android_DXTClient'
[2026.05.10-23.59.38:509][  0]LogTargetPlatformManager: Display: Loaded TargetPlatform 'Android_ETC2Client'
[2026.05.10-23.59.38:509][  0]LogTargetPlatformManager: Display: Loaded TargetPlatform 'Android_Multi'
[2026.05.10-23.59.38:509][  0]LogTargetPlatformManager: Display: Loaded TargetPlatform 'Android_MultiClient'
[2026.05.10-23.59.38:521][  0]LogTargetPlatformManager: Display: Loaded TargetPlatform 'IOSClient'
[2026.05.10-23.59.38:521][  0]LogTargetPlatformManager: Display: Loaded TargetPlatform 'IOS'
[2026.05.10-23.59.38:527][  0]LogTargetPlatformManager: Display: Loaded TargetPlatform 'Linux'
[2026.05.10-23.59.38:530][  0]LogTargetPlatformManager: Display: Loaded TargetPlatform 'LinuxNoEditor'
[2026.05.10-23.59.38:533][  0]LogTargetPlatformManager: Display: Loaded TargetPlatform 'LinuxClient'
[2026.05.10-23.59.38:537][  0]LogTargetPlatformManager: Display: Loaded TargetPlatform 'LinuxServer'
[2026.05.10-23.59.38:542][  0]LogTargetPlatformManager: Display: Loaded TargetPlatform 'LinuxAArch64NoEditor'
[2026.05.10-23.59.38:545][  0]LogTargetPlatformManager: Display: Loaded TargetPlatform 'LinuxAArch64Client'
[2026.05.10-23.59.38:548][  0]LogTargetPlatformManager: Display: Loaded TargetPlatform 'LinuxAArch64Server'
[2026.05.10-23.59.38:561][  0]LogTargetPlatformManager: Display: Loaded TargetPlatform 'Lumin'
[2026.05.10-23.59.38:561][  0]LogTargetPlatformManager: Display: Loaded TargetPlatform 'LuminClient'
[2026.05.10-23.59.38:566][  0]LogTargetPlatformManager: Display: Loaded TargetPlatform 'MacNoEditor'
[2026.05.10-23.59.38:570][  0]LogTargetPlatformManager: Display: Loaded TargetPlatform 'Mac'
[2026.05.10-23.59.38:573][  0]LogTargetPlatformManager: Display: Loaded TargetPlatform 'MacClient'
[2026.05.10-23.59.38:576][  0]LogTargetPlatformManager: Display: Loaded TargetPlatform 'MacServer'
[2026.05.10-23.59.38:582][  0]LogTargetPlatformManager: Display: Loaded TargetPlatform 'TVOSClient'
[2026.05.10-23.59.38:582][  0]LogTargetPlatformManager: Display: Loaded TargetPlatform 'TVOS'
[2026.05.10-23.59.38:587][  0]LogTargetPlatformManager: Display: Loaded TargetPlatform 'WindowsNoEditor'
[2026.05.10-23.59.38:590][  0]LogTargetPlatformManager: Display: Loaded TargetPlatform 'Windows'
[2026.05.10-23.59.38:593][  0]LogTargetPlatformManager: Display: Loaded TargetPlatform 'WindowsClient'
[2026.05.10-23.59.38:597][  0]LogTargetPlatformManager: Display: Loaded TargetPlatform 'WindowsServer'
[2026.05.10-23.59.38:597][  0]LogTargetPlatformManager: Display: Building Assets For Windows
[2026.05.10-23.59.38:602][  0]LogAudioDebug: Display: Lib vorbis DLL was dynamically loaded.
[2026.05.10-23.59.38:625][  0]LogTextureFormatOodle: Display: Oodle Texture 2.9.0 init RDO Off
[2026.05.10-23.59.38:648][  0]LogRendererCore: Ray tracing is disabled. Reason: r.RayTracing=0.
[2026.05.10-23.59.38:648][  0]LogShaderCompilers: Guid format shader working directory is 3 characters bigger than the processId version (../../../../../../UEProject/UnrealLearn/ALSV4/Intermediate/Shaders/WorkingDirectory/30676/).
[2026.05.10-23.59.38:648][  0]LogShaderCompilers: Cleaned the shader compiler working directory 'C:/Users/LiamChen/AppData/Local/Temp/UnrealShaderWorkingDir/EE7070124C41AA620879718B7D5D34DF/'.
[2026.05.10-23.59.38:648][  0]LogXGEController: Cannot use XGE Controller as Incredibuild is not installed on this machine.
[2026.05.10-23.59.38:648][  0]LogShaderCompilers: Cannot use XGE Shader Compiler as Incredibuild is not installed on this machine.
[2026.05.10-23.59.38:648][  0]LogShaderCompilers: Display: Using Local Shader Compiler.
[2026.05.10-23.59.39:116][  0]LogDerivedDataCache: Display: Max Cache Size: 512 MB
[2026.05.10-23.59.39:172][  0]LogDerivedDataCache: Loaded boot cache 0.06s 94MB C:/Users/LiamChen/AppData/Local/UnrealEngine/4.27/DerivedDataCache/Boot.ddc.
[2026.05.10-23.59.39:172][  0]LogDerivedDataCache: Display: Loaded Boot cache: C:/Users/LiamChen/AppData/Local/UnrealEngine/4.27/DerivedDataCache/Boot.ddc
[2026.05.10-23.59.39:172][  0]LogDerivedDataCache: FDerivedDataBackendGraph:  Pak pak cache file ../../../../../../UEProject/UnrealLearn/ALSV4/DerivedDataCache/DDC.ddp not found, will not use a pak cache.
[2026.05.10-23.59.39:172][  0]LogDerivedDataCache: Unable to find inner node Pak for hierarchical cache Hierarchy.
[2026.05.10-23.59.39:172][  0]LogDerivedDataCache: FDerivedDataBackendGraph:  CompressedPak pak cache file ../../../../../../UEProject/UnrealLearn/ALSV4/DerivedDataCache/Compressed.ddp not found, will not use a pak cache.
[2026.05.10-23.59.39:172][  0]LogDerivedDataCache: Unable to find inner node CompressedPak for hierarchical cache Hierarchy.
[2026.05.10-23.59.39:184][  0]LogDerivedDataCache: Display: Pak cache opened for reading ../../../Engine/DerivedDataCache/Compressed.ddp.
[2026.05.10-23.59.39:184][  0]LogDerivedDataCache: FDerivedDataBackendGraph:  EnterprisePak pak cache file ../../../Enterprise/DerivedDataCache/Compressed.ddp not found, will not use a pak cache.
[2026.05.10-23.59.39:184][  0]LogDerivedDataCache: Unable to find inner node EnterprisePak for hierarchical cache Hierarchy.
[2026.05.10-23.59.39:188][  0]LogDerivedDataCache: Speed tests for C:/Users/LiamChen/AppData/Local/UnrealEngine/Common/DerivedDataCache took 0.00 seconds
[2026.05.10-23.59.39:188][  0]LogDerivedDataCache: Display: Performance to C:/Users/LiamChen/AppData/Local/UnrealEngine/Common/DerivedDataCache: Latency=0.01ms. RandomReadSpeed=1602.63MBs, RandomWriteSpeed=350.79MBs. Assigned SpeedClass 'Local'
[2026.05.10-23.59.39:189][  0]LogDerivedDataCache: Using Local data cache path C:/Users/LiamChen/AppData/Local/UnrealEngine/Common/DerivedDataCache: Writable
[2026.05.10-23.59.39:189][  0]LogDerivedDataCache: Shared data cache path not found in *engine.ini, will not use an Shared cache.
[2026.05.10-23.59.39:189][  0]LogDerivedDataCache: Unable to find inner node Shared for hierarchical cache Hierarchy.
[2026.05.10-23.59.39:215][  0]LogSlate: Using FreeType 2.10.0
[2026.05.10-23.59.39:215][  0]LogSlate: SlateFontServices - WITH_FREETYPE: 1, WITH_HARFBUZZ: 1
[2026.05.10-23.59.39:234][  0]LogAssetRegistry: FAssetRegistry took 0.0019 seconds to start up
[2026.05.10-23.59.39:366][  0]LogInit: Selected Device Profile: [Windows]
[2026.05.10-23.59.39:366][  0]LogInit: Active device profile: [000001CD51344B00][000001CD49161880 49] Windows
[2026.05.10-23.59.39:366][  0]LogInit: Profiles: [000001CD51344B00][000001CD49161880 49] Windows, [000001CD51316100][000001CD4F607A00 49] WindowsNoEditor, [000001CD51345900][000001CD4F60BB80 49] WindowsServer, [000001CD51316E00][000001CD48B7E180 49] WindowsClient, [000001CD51347C00][000001CD48B82300 49] IOS, [000001CD51314F00][000001CD48B86480 49] iPadAir, [000001CD51347E00][000001CD491645C0 49] iPadAir2, [000001CD512D0C00][000001CD48B8E800 49] IPadPro, [000001CD512D0D00][000001CD48B8A840 49] iPadAir3, [000001CD51317B00][000001CD48B92980 49] iPadAir4, [000001CD512D3600][000001CD500B2B00 49] iPadMini2, [000001CD51317200][000001CD500B6C80 49] iPadMini3, [000001CD512D3800][000001CD500BAE00 49] iPadMini4, [000001CD51317800][000001CD500BEF80 49] iPadMini5, [000001CD512D8600][000001CD500C7240 49] iPhone6, [000001CD512D8700][000001CD500C3280 49] iPodTouch6, [000001CD51346900][000001CD500CF540 49] iPhone7, [000001CD51346800][000001CD500CB580 49] iPodTouch7, [000001CD512D8100][000001CD500D3700 49] iPhone5S, [000001CD512D0700][000001CD500D7880 49] iPhone6Plus, [000001CD512DA500][000001CD500DBA00 49] iPhone6S, [000001CD512D1300][000001CD500DFB80 49] iPhone6SPlus, [000001CD512DBB00][000001CD500E2180 49] iPhone7Plus, [000001CD512D3500][000001CD500E6300 49] iPhoneSE, [000001CD51346600][000001CD500EA480 49] iPhone8, [000001CD512D0600][000001CD500EE600 49] iPhone8Plus, [000001CD51346200][000001CD48B96740 49] iPhoneX, [000001CD512D3300][000001CD500F2880 49] iPhoneXS, [000001CD51347400][000001CD500F69C0 49] iPhoneXSMax, [000001CD512D2D00][000001CD500FAB00 49] iPhoneXR, [000001CD51344200][000001CD50102C80 49] iPhone11, [000001CD512D1E00][000001CD50106E00 49] iPhone11Pro, [000001CD51346A00][000001CD5010AF80 49] iPhone11ProMax, [000001CD512D3700][000001CD5010F100 49] iPhoneSE2, [000001CD51344D00][000001CD50113280 49] iPhone12Mini, [000001CD512D1F00][000001CD50117400 49] iPhone12, [000001CD51344700][000001CD5011B580 49] iPhone12Pro, [000001CD512D1400][000001CD5011F700 49] iPhone12ProMax, [000001CD51344C00][000001CD50123880 49] iPadPro105, [000001CD512D1700][000001CD50127A00 49] iPadPro129, [000001CD51344100][000001CD5012BB80 49] iPadPro97, [000001CD512D3C00][000001CD5012E180 49] iPadPro2_129, [000001CD51344800][000001CD50132300 49] iPad5, [000001CD512D3100][000001CD50136480 49] iPad6, [000001CD51344500][000001CD5013A600 49] iPad7, [000001CD512D2800][000001CD5013E780 49] iPad8, [000001CD51345500][000001CD50142900 49] iPadPro11, [000001CD512D1500][000001CD500FEA40 49] iPadPro2_11, [000001CD51344F00][000001CD50146B80 49] iPadPro3_129, [000001CD512D2C00][000001CD5014ACC0 49] iPadPro4_129, [000001CD51346500][000001CD50152E40 49] AppleTV, [000001CD512D1100][000001CD50156FC0 49] AppleTV4K, [000001CD51344400][000001CD5015B140 49] TVOS, [000001CD512D2600][000001CD5015F2C0 49] Mac, [000001CD51347D00][000001CD50163440 49] MacClient, [000001CD512D1800][000001CD501675C0 49] MacNoEditor, [000001CD51347100][000001CD5016B740 49] MacServer, [000001CD512D3900][000001CD5016F8C0 49] Linux, [000001CD51344900][000001CD50173A40 49] LinuxAArch64, [000001CD512D3F00][000001CD50177BC0 49] LinuxNoEditor, [000001CD51345B00][000001CD5017A1C0 49] LinuxAArch64NoEditor, [000001CD512D3400][000001CD5017E340 49] LinuxClient, [000001CD51345C00][000001CD501824C0 49] LinuxAArch64Client, [000001CD512D1D00][000001CD50186640 49] LinuxServer, [000001CD51346F00][000001CD5018A7C0 49] LinuxAArch64Server, [000001CD512D0500][000001CD5018E940 49] Android, [000001CD51345E00][000001CD50192AC0 49] Android_Low, [000001CD512D3000][000001CD5014EC00 49] Android_Mid, [000001CD51346400][000001CD50196D40 49] Android_High, [000001CD512D0800][000001CD5019AE80 49] Android_Default, [000001CD51347200][000001CD5019EFC0 49] Android_Adreno4xx, [000001CD51316400][000001CD501A7140 49] Android_Adreno5xx_Low, [000001CD512D9C00][000001CD501AB2C0 49] Android_Adreno5xx, [000001CD51317D00][000001CD501AF440 49] Android_Adreno6xx, [000001CD512DAB00][000001CD501B35C0 49] Android_Adreno6xx_Vulkan, [000001CD51317E00][000001CD501B7740 49] Android_Mali_T6xx, [000001CD512D8F00][000001CD501BB8C0 49] Android_Mali_T7xx, [000001CD51315300][000001CD501BFA40 49] Android_Mali_T8xx, [000001CD512D9F00][000001CD501C3BC0 49] Android_Mali_G71, [000001CD51315C00][000001CD501C61C0 49] Android_Mali_G72, [000001CD512DA400][000001CD501CA340 49] Android_Mali_G72_Vulkan, [000001CD51317600][000001CD501CE4C0 49] Android_Mali_G76, [000001CD512DA100][000001CD501D2640 49] Android_Mali_G76_Vulkan, [000001CD51315B00][000001CD501D67C0 49] Android_Mali_G77, [000001CD512D8A00][000001CD501DA940 49] Android_Mali_G77_Vulkan, [000001CD51317400][000001CD501DEAC0 49] Android_Mali_G78, [000001CD512D9300][000001CD501E2C40 49] Android_Mali_G78_Vulkan, [000001CD51316900][000001CD501A2D80 49] Android_Mali_G710, [000001CD512DBD00][000001CD501E6EC0 49] Android_Mali_G710_Vulkan, [000001CD51315E00][000001CD501EB000 49] Android_Vulkan_SM5, [000001CD512D8900][000001CD501EF140 49] Android_PowerVR_G6xxx, [000001CD51315F00][000001CD501F72C0 49] Android_PowerVR_GT7xxx, [000001CD512DA700][000001CD501FB440 49] Android_PowerVR_GE8xxx, [000001CD51316300][000001CD501FF5C0 49] Android_PowerVR_GM9xxx, [000001CD512DB200][000001CD50203740 49] Android_PowerVR_GM9xxx_Vulkan, [000001CD51317000][000001CD502078C0 49] Android_TegraK1, [000001CD512D9700][000001CD5020BA40 49] Android_Unknown_Vulkan, [000001CD51317700][000001CD5020FBC0 49] Lumin, [000001CD512D8200][000001CD502121C0 49] Lumin_Desktop, [000001CD51316200][000001CD50216340 49] HoloLens, 
[2026.05.10-23.59.39:443][  0]LogMeshReduction: Using QuadricMeshReduction for automatic static mesh reduction
[2026.05.10-23.59.39:443][  0]LogMeshReduction: Using SimplygonMeshReduction for automatic skeletal mesh reduction
[2026.05.10-23.59.39:443][  0]LogMeshReduction: Using ProxyLODMeshReduction for automatic mesh merging
[2026.05.10-23.59.39:443][  0]LogMeshReduction: No distributed automatic mesh merging module available
[2026.05.10-23.59.39:443][  0]LogMeshMerging: No distributed automatic mesh merging module available
[2026.05.10-23.59.39:452][  0]LogNetVersion: ALSV4 1.0.0, NetCL: 17155196, EngineNetVer: 17, GameNetVer: 0 (Checksum: 1428757274)
[2026.05.10-23.59.39:674][  0]LogTexture: Default maximum texture size for cubemaps generated from long-lat sources has been changed from 512 to unlimited. In order to preserve old behaiour for '/Engine/MapTemplates/Sky/DaylightAmbientCubemap.DaylightAmbientCubemap', its maximum texture size has been explicitly set to 512.
[2026.05.10-23.59.39:715][  0]LogHMD: PokeAHoleMaterial loaded successfully
[2026.05.10-23.59.39:719][  0]LogUObjectArray: 17178 objects as part of root set at end of initial load.
[2026.05.10-23.59.39:719][  0]LogUObjectAllocator: 4302048 out of 0 bytes used by permanent object pool.
[2026.05.10-23.59.39:719][  0]LogUObjectArray: CloseDisregardForGC: 0/0 objects in disregard for GC pool
[2026.05.10-23.59.39:961][  0]LogNiagaraDebuggerClient: Niagara Debugger Client Initialized | Session: 2B018A0241EBEB78D55DAD81C511BB64 | Instance: 41211D1C42497F26E98649AA8A671F57 (MANKA-D-D-6017-30676).
[2026.05.10-23.59.39:986][  0]LogPython: Using Python 3.7.7
[2026.05.10-23.59.40:287][  0]LogUdpMessaging: Initializing bridge on interface 0.0.0.0:0 to multicast group 230.0.0.1:6666.
[2026.05.10-23.59.40:292][  0]LogTcpMessaging: Initializing TcpMessaging bridge
[2026.05.10-23.59.40:369][  0]SourceControl: Source control is disabled
[2026.05.10-23.59.40:369][  0]SourceControl: Source control is disabled
[2026.05.10-23.59.40:371][  0]SourceControl: Source control is disabled
[2026.05.10-23.59.40:379][  0]SourceControl: Source control is disabled
[2026.05.10-23.59.40:381][  0]SourceControl: Source control is disabled
[2026.05.10-23.59.40:429][  0]LogUProjectInfo: Found projects:
[2026.05.10-23.59.40:578][  0]LogOpenImageDenoise: OIDN starting up
[2026.05.10-23.59.40:605][  0]LogAndroidPermission: UAndroidPermissionCallbackProxy::GetInstance
[2026.05.10-23.59.40:617][  0]LogAudioCaptureCore: Display: No Audio Capture implementations found. Audio input will be silent.
[2026.05.10-23.59.40:617][  0]LogAudioCaptureCore: Display: No Audio Capture implementations found. Audio input will be silent.
[2026.05.10-23.59.40:702][  0]LogCollectionManager: Loaded 0 collections in 0.001044 seconds
[2026.05.10-23.59.40:721][  0]LogFileCache: Scanning file cache for directory 'C:/UEProject/UnrealLearn/ALSV4/Saved/Collections/' took 0.00s
[2026.05.10-23.59.40:721][  0]LogFileCache: Scanning file cache for directory 'C:/UEProject/UnrealLearn/ALSV4/Content/Developers/LiamChen/Collections/' took 0.00s
[2026.05.10-23.59.40:721][  0]LogFileCache: Scanning file cache for directory 'C:/UEProject/UnrealLearn/ALSV4/Content/Collections/' took 0.00s
[2026.05.10-23.59.40:721][  0]LogOcInput: OculusInput pre-init called
[2026.05.10-23.59.40:881][  0]LogEngine: Initializing Engine...
[2026.05.10-23.59.40:948][  0]LogHMD: Failed to enumerate extensions. Please check that you have a valid OpenXR runtime installed.
[2026.05.10-23.59.40:948][  0]LogHMD: Failed to initialize OpenVR with code 110
[2026.05.10-23.59.40:949][  0]LogMagicLeap: Warning: VR disabled because ZI is not enabled.  To enable, in the editor, Edit -> Project Settings -> Plugins -> Magic Leap Plugin -> Enable Zero Iteration
[2026.05.10-23.59.40:949][  0]LogStats: UGameplayTagsManager::InitializeManager -  0.000 s
[2026.05.10-23.59.41:035][  0]LogInit: Initializing FReadOnlyCVARCache
[2026.05.10-23.59.41:043][  0]LogAIModule: Creating AISystem for world Untitled
[2026.05.10-23.59.41:053][  0]LogAudio: Display: Initializing Audio Device Manager...
[2026.05.10-23.59.41:056][  0]LogAudio: Display: Loading Default Audio Settings Objects...
[2026.05.10-23.59.41:056][  0]LogAudio: Display: No default SoundConcurrencyObject specified (or failed to load).
[2026.05.10-23.59.41:056][  0]LogAudio: Display: Audio Device Manager Initialized
[2026.05.10-23.59.41:056][  0]LogAudio: Display: Creating Audio Device:                 Id: 1, Scope: Shared, Realtime: True
[2026.05.10-23.59.41:057][  0]LogAudioMixer: Display: Audio Mixer Platform Settings:
[2026.05.10-23.59.41:057][  0]LogAudioMixer: Display: 	Sample Rate:						  48000
[2026.05.10-23.59.41:057][  0]LogAudioMixer: Display: 	Callback Buffer Frame Size Requested: 1024
[2026.05.10-23.59.41:057][  0]LogAudioMixer: Display: 	Callback Buffer Frame Size To Use:	  1024
[2026.05.10-23.59.41:057][  0]LogAudioMixer: Display: 	Number of buffers to queue:			  2
[2026.05.10-23.59.41:057][  0]LogAudioMixer: Display: 	Max Channels (voices):				  32
[2026.05.10-23.59.41:057][  0]LogAudioMixer: Display: 	Number of Async Source Workers:		  0
[2026.05.10-23.59.41:057][  0]LogAudio: Display: AudioDevice MaxSources: 32
[2026.05.10-23.59.41:057][  0]LogAudio: Display: Audio Spatialization Plugin: None (built-in).
[2026.05.10-23.59.41:057][  0]LogAudio: Display: Audio Reverb Plugin: None (built-in).
[2026.05.10-23.59.41:057][  0]LogAudio: Display: Audio Occlusion Plugin: None (built-in).
[2026.05.10-23.59.41:057][  0]LogAudioMixer: Display: Initializing audio mixer.
[2026.05.10-23.59.41:064][  0]LogAudioMixer: Display: 0: FrontLeft
[2026.05.10-23.59.41:065][  0]LogAudioMixer: Display: 1: FrontRight
[2026.05.10-23.59.41:087][  0]LogAudioMixer: Display: Using Audio Device G274F (HD Audio Driver for Display Audio)
[2026.05.10-23.59.41:088][  0]LogAudioMixer: Display: Initializing Sound Submixes...
[2026.05.10-23.59.41:090][  0]LogAudioMixer: Display: Creating Master Submix 'MasterSubmixDefault'
[2026.05.10-23.59.41:090][  0]LogAudioMixer: Display: Creating Master Submix 'MasterReverbSubmixDefault'
[2026.05.10-23.59.41:091][  0]LogAudioMixer: Display: Creating Master Submix 'MasterEQSubmixDefault'
[2026.05.10-23.59.41:091][  0]LogAudioMixer: FMixerPlatformXAudio2::StartAudioStream() called
[2026.05.10-23.59.41:091][  0]LogAudioMixer: Display: Output buffers initialized: Frames=1024, Channels=2, Samples=2048
[2026.05.10-23.59.41:091][  0]LogAudioMixer: Display: Starting AudioMixerPlatformInterface::RunInternal()
[2026.05.10-23.59.41:092][  0]LogAudioMixer: Display: FMixerPlatformXAudio2::SubmitBuffer() called for the first time
[2026.05.10-23.59.41:092][  0]LogInit: FAudioDevice initialized.
[2026.05.10-23.59.41:092][  0]LogAudio: Display: Audio Device (ID: 1) registered with world 'Untitled'.
[2026.05.10-23.59.41:092][  0]LogNetVersion: Set ProjectVersion to 1.0.0.0. Version Checksum will be recalculated on next use.
[2026.05.10-23.59.41:138][  0]LogDerivedDataCache: Saved boot cache 0.05s 94MB C:/Users/LiamChen/AppData/Local/UnrealEngine/4.27/DerivedDataCache/Boot.ddc.
[2026.05.10-23.59.41:138][  0]LogInit: Texture streaming: Enabled
[2026.05.10-23.59.41:155][  0]LogAnalytics: Display: [UEEditor.Rocket.Release] APIServer = https://datarouter.ol.epicgames.com/. AppVersion = 4.27.2-18319896+++UE4+Release-4.27
[2026.05.10-23.59.41:159][  0]LogEngineSessionManager: EngineSessionManager initialized
[2026.05.10-23.59.41:159][  0]LogEditorSessionSummary: Verbose: Initializing EditorSessionSummaryWriter for editor session tracking
[2026.05.10-23.59.41:161][  0]LogEditorSessionSummary: EditorSessionSummaryWriter initialized
[2026.05.10-23.59.41:181][  0]LogInit: Transaction tracking system initialized
[2026.05.10-23.59.41:201][  0]BlueprintLog: New page: Editor Load
[2026.05.10-23.59.41:246][  0]LocalizationService: Localization service is disabled
[2026.05.10-23.59.41:264][  0]TimingProfiler: Initialize
[2026.05.10-23.59.41:264][  0]TimingProfiler: OnSessionChanged
[2026.05.10-23.59.41:264][  0]LoadingProfiler: Initialize
[2026.05.10-23.59.41:264][  0]LoadingProfiler: OnSessionChanged
[2026.05.10-23.59.41:264][  0]NetworkingProfiler: Initialize
[2026.05.10-23.59.41:264][  0]NetworkingProfiler: OnSessionChanged
[2026.05.10-23.59.41:264][  0]MemoryProfiler: Initialize
[2026.05.10-23.59.41:264][  0]MemoryProfiler: OnSessionChanged
[2026.05.10-23.59.41:366][  0]LogCook: Display: CookSettings for Memory: MemoryMaxUsedVirtual 0MiB, MemoryMaxUsedPhysical 16384MiB, MemoryMinFreeVirtual 0MiB, MemoryMinFreePhysical 1024MiB
[2026.05.10-23.59.41:366][  0]LogCook: Display: Mobile HDR setting 1
[2026.05.10-23.59.41:513][  0]LogFileCache: Scanning file cache for directory 'C:/UEProject/UnrealLearn/ALSV4/Content/' took 0.01s
[2026.05.10-23.59.41:631][  0]LogInit: Display: Engine is initialized. Leaving FEngineLoop::Init()
[2026.05.10-23.59.41:633][  0]SourceControl: Source control is disabled
[2026.05.10-23.59.41:633][  0]LogUnrealEdMisc: Loading editor; pre map load, took 4.641
[2026.05.10-23.59.41:633][  0]Cmd: MAP LOAD FILE="../../../../../../UEProject/UnrealLearn/ALSV4/Content/ThirdPersonBP/Maps/ThirdPersonExampleMap.umap" TEMPLATE=0 SHOWPROGRESS=1 FEATURELEVEL=3
[2026.05.10-23.59.41:639][  0]LightingResults: New page: Lighting Build
[2026.05.10-23.59.41:640][  0]LogWorld: UWorld::CleanupWorld for Untitled, bSessionEnded=true, bCleanupResources=true
[2026.05.10-23.59.41:640][  0]LogSlate: InvalidateAllWidgets triggered.  All widgets were invalidated
[2026.05.10-23.59.41:640][  0]MapCheck: New page: Map Check
[2026.05.10-23.59.41:640][  0]LightingResults: New page: Lighting Build
[2026.05.10-23.59.41:649][  0]LogAudio: Display: Audio Device unregistered from world 'None'.
[2026.05.10-23.59.41:651][  0]LogUObjectHash: Compacting FUObjectHashTables data took   0.45ms
[2026.05.10-23.59.41:746][  0]LogAudio: Display: Audio Device (ID: 1) registered with world 'ThirdPersonExampleMap'.
[2026.05.10-23.59.41:746][  0]LogAIModule: Creating AISystem for world ThirdPersonExampleMap
[2026.05.10-23.59.41:749][  0]LogEditorServer: Finished looking for orphan Actors (0.000 secs)
[2026.05.10-23.59.41:754][  0]LogUObjectHash: Compacting FUObjectHashTables data took   0.46ms
[2026.05.10-23.59.41:754][  0]Cmd: MAP CHECKDEP NOCLEARLOG
[2026.05.10-23.59.41:754][  0]MapCheck: Map check complete: 0 Error(s), 0 Warning(s), took 0.128ms to complete.
[2026.05.10-23.59.41:754][  0]LogFileHelpers: Loading map 'ThirdPersonExampleMap' took 0.122
[2026.05.10-23.59.41:755][  0]LogUnrealEdMisc: Total Editor Startup Time, took 4.764
[2026.05.10-23.59.41:897][  0]LogSlate: Updating window title bar state: overlay mode, drag disabled, window buttons hidden, title bar hidden
[2026.05.10-23.59.41:901][  0]LogSlate: Updating window title bar state: overlay mode, drag disabled, window buttons hidden, title bar hidden
[2026.05.10-23.59.41:905][  0]LogSlate: Updating window title bar state: overlay mode, drag disabled, window buttons hidden, title bar hidden
[2026.05.10-23.59.41:908][  0]LogSlate: Updating window title bar state: overlay mode, drag disabled, window buttons hidden, title bar hidden
[2026.05.10-23.59.41:929][  0]LogNativeClassHierarchy: Verbose: Native class hierarchy populated in 0.0067 seconds. Added 3822 classes and 928 folders.
[2026.05.10-23.59.41:932][  0]LogNativeClassHierarchy: Verbose: Native class hierarchy updated for 'WidgetCarousel' in 0.0001 seconds. Added 0 classes and 0 folders.
[2026.05.10-23.59.41:945][  0]LogPakFile: PakFile PrimaryIndexSize=187
[2026.05.10-23.59.41:945][  0]LogPakFile: PakFile PathHashIndexSize=101
[2026.05.10-23.59.41:945][  0]LogPakFile: PakFile FullDirectoryIndexSize=148
[2026.05.10-23.59.41:946][  0]LogShaderLibrary: Display: ShaderCodeLibraryPakFileMountedCallback: PakFile 'C:/Program Files/Epic Games/UE_4.27/FeaturePacks/FP_FirstPerson.upack' (chunk index -1, root 'root:/') mounted
[2026.05.10-23.59.41:946][  0]LogShaderLibrary: Display: ShaderCodeLibraryPakFileMountedCallback: pending pak file info (ChunkID:-1 Root:root:/ File:C:/Program Files/Epic Games/UE_4.27/FeaturePacks/FP_FirstPerson.upack)
[2026.05.10-23.59.41:946][  0]LogPakFile: OnPakFileMounted2Time == 0.000681
[2026.05.10-23.59.41:954][  0]LogPakFile: PakFile PrimaryIndexSize=189
[2026.05.10-23.59.41:954][  0]LogPakFile: PakFile PathHashIndexSize=101
[2026.05.10-23.59.41:954][  0]LogPakFile: PakFile FullDirectoryIndexSize=152
[2026.05.10-23.59.41:954][  0]LogShaderLibrary: Display: ShaderCodeLibraryPakFileMountedCallback: PakFile 'C:/Program Files/Epic Games/UE_4.27/FeaturePacks/FP_FirstPersonBP.upack' (chunk index -1, root 'root:/') mounted
[2026.05.10-23.59.41:954][  0]LogShaderLibrary: Display: ShaderCodeLibraryPakFileMountedCallback: pending pak file info (ChunkID:-1 Root:root:/ File:C:/Program Files/Epic Games/UE_4.27/FeaturePacks/FP_FirstPersonBP.upack)
[2026.05.10-23.59.41:954][  0]LogPakFile: OnPakFileMounted2Time == 0.000040
[2026.05.10-23.59.41:960][  0]LogPakFile: PakFile PrimaryIndexSize=191
[2026.05.10-23.59.41:960][  0]LogPakFile: PakFile PathHashIndexSize=101
[2026.05.10-23.59.41:960][  0]LogPakFile: PakFile FullDirectoryIndexSize=160
[2026.05.10-23.59.41:960][  0]LogShaderLibrary: Display: ShaderCodeLibraryPakFileMountedCallback: PakFile 'C:/Program Files/Epic Games/UE_4.27/FeaturePacks/MobileStarterContent.upack' (chunk index -1, root 'root:/') mounted
[2026.05.10-23.59.41:960][  0]LogShaderLibrary: Display: ShaderCodeLibraryPakFileMountedCallback: pending pak file info (ChunkID:-1 Root:root:/ File:C:/Program Files/Epic Games/UE_4.27/FeaturePacks/MobileStarterContent.upack)
[2026.05.10-23.59.41:960][  0]LogPakFile: OnPakFileMounted2Time == 0.000030
[2026.05.10-23.59.41:965][  0]LogPakFile: PakFile PrimaryIndexSize=185
[2026.05.10-23.59.41:965][  0]LogPakFile: PakFile PathHashIndexSize=101
[2026.05.10-23.59.41:965][  0]LogPakFile: PakFile FullDirectoryIndexSize=148
[2026.05.10-23.59.41:965][  0]LogShaderLibrary: Display: ShaderCodeLibraryPakFileMountedCallback: PakFile 'C:/Program Files/Epic Games/UE_4.27/FeaturePacks/StarterContent.upack' (chunk index -1, root 'root:/') mounted
[2026.05.10-23.59.41:965][  0]LogShaderLibrary: Display: ShaderCodeLibraryPakFileMountedCallback: pending pak file info (ChunkID:-1 Root:root:/ File:C:/Program Files/Epic Games/UE_4.27/FeaturePacks/StarterContent.upack)
[2026.05.10-23.59.41:965][  0]LogPakFile: OnPakFileMounted2Time == 0.000032
[2026.05.10-23.59.41:971][  0]LogPakFile: PakFile PrimaryIndexSize=190
[2026.05.10-23.59.41:971][  0]LogPakFile: PakFile PathHashIndexSize=101
[2026.05.10-23.59.41:971][  0]LogPakFile: PakFile FullDirectoryIndexSize=154
[2026.05.10-23.59.41:971][  0]LogShaderLibrary: Display: ShaderCodeLibraryPakFileMountedCallback: PakFile 'C:/Program Files/Epic Games/UE_4.27/FeaturePacks/TP_2DSideScroller.upack' (chunk index -1, root 'root:/') mounted
[2026.05.10-23.59.41:971][  0]LogShaderLibrary: Display: ShaderCodeLibraryPakFileMountedCallback: pending pak file info (ChunkID:-1 Root:root:/ File:C:/Program Files/Epic Games/UE_4.27/FeaturePacks/TP_2DSideScroller.upack)
[2026.05.10-23.59.41:971][  0]LogPakFile: OnPakFileMounted2Time == 0.000036
[2026.05.10-23.59.41:977][  0]LogPakFile: PakFile PrimaryIndexSize=192
[2026.05.10-23.59.41:977][  0]LogPakFile: PakFile PathHashIndexSize=101
[2026.05.10-23.59.41:977][  0]LogPakFile: PakFile FullDirectoryIndexSize=158
[2026.05.10-23.59.41:977][  0]LogShaderLibrary: Display: ShaderCodeLibraryPakFileMountedCallback: PakFile 'C:/Program Files/Epic Games/UE_4.27/FeaturePacks/TP_2DSideScrollerBP.upack' (chunk index -1, root 'root:/') mounted
[2026.05.10-23.59.41:977][  0]LogShaderLibrary: Display: ShaderCodeLibraryPakFileMountedCallback: pending pak file info (ChunkID:-1 Root:root:/ File:C:/Program Files/Epic Games/UE_4.27/FeaturePacks/TP_2DSideScrollerBP.upack)
[2026.05.10-23.59.41:977][  0]LogPakFile: OnPakFileMounted2Time == 0.000032
[2026.05.10-23.59.41:982][  0]LogPakFile: PakFile PrimaryIndexSize=182
[2026.05.10-23.59.41:982][  0]LogPakFile: PakFile PathHashIndexSize=101
[2026.05.10-23.59.41:982][  0]LogPakFile: PakFile FullDirectoryIndexSize=138
[2026.05.10-23.59.41:982][  0]LogShaderLibrary: Display: ShaderCodeLibraryPakFileMountedCallback: PakFile 'C:/Program Files/Epic Games/UE_4.27/FeaturePacks/TP_Flying.upack' (chunk index -1, root 'root:/') mounted
[2026.05.10-23.59.41:982][  0]LogShaderLibrary: Display: ShaderCodeLibraryPakFileMountedCallback: pending pak file info (ChunkID:-1 Root:root:/ File:C:/Program Files/Epic Games/UE_4.27/FeaturePacks/TP_Flying.upack)
[2026.05.10-23.59.41:982][  0]LogPakFile: OnPakFileMounted2Time == 0.000030
[2026.05.10-23.59.41:987][  0]LogPakFile: PakFile PrimaryIndexSize=184
[2026.05.10-23.59.41:987][  0]LogPakFile: PakFile PathHashIndexSize=101
[2026.05.10-23.59.41:987][  0]LogPakFile: PakFile FullDirectoryIndexSize=142
[2026.05.10-23.59.41:987][  0]LogShaderLibrary: Display: ShaderCodeLibraryPakFileMountedCallback: PakFile 'C:/Program Files/Epic Games/UE_4.27/FeaturePacks/TP_FlyingBP.upack' (chunk index -1, root 'root:/') mounted
[2026.05.10-23.59.41:987][  0]LogShaderLibrary: Display: ShaderCodeLibraryPakFileMountedCallback: pending pak file info (ChunkID:-1 Root:root:/ File:C:/Program Files/Epic Games/UE_4.27/FeaturePacks/TP_FlyingBP.upack)
[2026.05.10-23.59.41:988][  0]LogPakFile: OnPakFileMounted2Time == 0.000031
[2026.05.10-23.59.41:992][  0]LogPakFile: PakFile PrimaryIndexSize=188
[2026.05.10-23.59.41:992][  0]LogPakFile: PakFile PathHashIndexSize=101
[2026.05.10-23.59.41:992][  0]LogPakFile: PakFile FullDirectoryIndexSize=150
[2026.05.10-23.59.41:992][  0]LogShaderLibrary: Display: ShaderCodeLibraryPakFileMountedCallback: PakFile 'C:/Program Files/Epic Games/UE_4.27/FeaturePacks/TP_HandheldARBP.upack' (chunk index -1, root 'root:/') mounted
[2026.05.10-23.59.41:992][  0]LogShaderLibrary: Display: ShaderCodeLibraryPakFileMountedCallback: pending pak file info (ChunkID:-1 Root:root:/ File:C:/Program Files/Epic Games/UE_4.27/FeaturePacks/TP_HandheldARBP.upack)
[2026.05.10-23.59.41:992][  0]LogPakFile: OnPakFileMounted2Time == 0.000030
[2026.05.10-23.59.41:998][  0]LogPakFile: PakFile PrimaryIndexSize=182
[2026.05.10-23.59.41:998][  0]LogPakFile: PakFile PathHashIndexSize=101
[2026.05.10-23.59.41:998][  0]LogPakFile: PakFile FullDirectoryIndexSize=138
[2026.05.10-23.59.41:998][  0]LogShaderLibrary: Display: ShaderCodeLibraryPakFileMountedCallback: PakFile 'C:/Program Files/Epic Games/UE_4.27/FeaturePacks/TP_Puzzle.upack' (chunk index -1, root 'root:/') mounted
[2026.05.10-23.59.41:998][  0]LogShaderLibrary: Display: ShaderCodeLibraryPakFileMountedCallback: pending pak file info (ChunkID:-1 Root:root:/ File:C:/Program Files/Epic Games/UE_4.27/FeaturePacks/TP_Puzzle.upack)
[2026.05.10-23.59.41:998][  0]LogPakFile: OnPakFileMounted2Time == 0.000032
[2026.05.10-23.59.42:003][  0]LogPakFile: PakFile PrimaryIndexSize=184
[2026.05.10-23.59.42:003][  0]LogPakFile: PakFile PathHashIndexSize=101
[2026.05.10-23.59.42:003][  0]LogPakFile: PakFile FullDirectoryIndexSize=142
[2026.05.10-23.59.42:003][  0]LogShaderLibrary: Display: ShaderCodeLibraryPakFileMountedCallback: PakFile 'C:/Program Files/Epic Games/UE_4.27/FeaturePacks/TP_PuzzleBP.upack' (chunk index -1, root 'root:/') mounted
[2026.05.10-23.59.42:003][  0]LogShaderLibrary: Display: ShaderCodeLibraryPakFileMountedCallback: pending pak file info (ChunkID:-1 Root:root:/ File:C:/Program Files/Epic Games/UE_4.27/FeaturePacks/TP_PuzzleBP.upack)
[2026.05.10-23.59.42:003][  0]LogPakFile: OnPakFileMounted2Time == 0.000032
[2026.05.10-23.59.42:008][  0]LogPakFile: PakFile PrimaryIndexSize=183
[2026.05.10-23.59.42:008][  0]LogPakFile: PakFile PathHashIndexSize=101
[2026.05.10-23.59.42:008][  0]LogPakFile: PakFile FullDirectoryIndexSize=140
[2026.05.10-23.59.42:008][  0]LogShaderLibrary: Display: ShaderCodeLibraryPakFileMountedCallback: PakFile 'C:/Program Files/Epic Games/UE_4.27/FeaturePacks/TP_Rolling.upack' (chunk index -1, root 'root:/') mounted
[2026.05.10-23.59.42:008][  0]LogShaderLibrary: Display: ShaderCodeLibraryPakFileMountedCallback: pending pak file info (ChunkID:-1 Root:root:/ File:C:/Program Files/Epic Games/UE_4.27/FeaturePacks/TP_Rolling.upack)
[2026.05.10-23.59.42:008][  0]LogPakFile: OnPakFileMounted2Time == 0.000031
[2026.05.10-23.59.42:013][  0]LogPakFile: PakFile PrimaryIndexSize=185
[2026.05.10-23.59.42:013][  0]LogPakFile: PakFile PathHashIndexSize=101
[2026.05.10-23.59.42:013][  0]LogPakFile: PakFile FullDirectoryIndexSize=144
[2026.05.10-23.59.42:013][  0]LogShaderLibrary: Display: ShaderCodeLibraryPakFileMountedCallback: PakFile 'C:/Program Files/Epic Games/UE_4.27/FeaturePacks/TP_RollingBP.upack' (chunk index -1, root 'root:/') mounted
[2026.05.10-23.59.42:013][  0]LogShaderLibrary: Display: ShaderCodeLibraryPakFileMountedCallback: pending pak file info (ChunkID:-1 Root:root:/ File:C:/Program Files/Epic Games/UE_4.27/FeaturePacks/TP_RollingBP.upack)
[2026.05.10-23.59.42:013][  0]LogPakFile: OnPakFileMounted2Time == 0.000034
[2026.05.10-23.59.42:018][  0]LogPakFile: PakFile PrimaryIndexSize=188
[2026.05.10-23.59.42:018][  0]LogPakFile: PakFile PathHashIndexSize=101
[2026.05.10-23.59.42:018][  0]LogPakFile: PakFile FullDirectoryIndexSize=150
[2026.05.10-23.59.42:018][  0]LogShaderLibrary: Display: ShaderCodeLibraryPakFileMountedCallback: PakFile 'C:/Program Files/Epic Games/UE_4.27/FeaturePacks/TP_SideScroller.upack' (chunk index -1, root 'root:/') mounted
[2026.05.10-23.59.42:018][  0]LogShaderLibrary: Display: ShaderCodeLibraryPakFileMountedCallback: pending pak file info (ChunkID:-1 Root:root:/ File:C:/Program Files/Epic Games/UE_4.27/FeaturePacks/TP_SideScroller.upack)
[2026.05.10-23.59.42:018][  0]LogPakFile: OnPakFileMounted2Time == 0.000030
[2026.05.10-23.59.42:023][  0]LogPakFile: PakFile PrimaryIndexSize=190
[2026.05.10-23.59.42:023][  0]LogPakFile: PakFile PathHashIndexSize=101
[2026.05.10-23.59.42:023][  0]LogPakFile: PakFile FullDirectoryIndexSize=154
[2026.05.10-23.59.42:023][  0]LogShaderLibrary: Display: ShaderCodeLibraryPakFileMountedCallback: PakFile 'C:/Program Files/Epic Games/UE_4.27/FeaturePacks/TP_SideScrollerBP.upack' (chunk index -1, root 'root:/') mounted
[2026.05.10-23.59.42:023][  0]LogShaderLibrary: Display: ShaderCodeLibraryPakFileMountedCallback: pending pak file info (ChunkID:-1 Root:root:/ File:C:/Program Files/Epic Games/UE_4.27/FeaturePacks/TP_SideScrollerBP.upack)
[2026.05.10-23.59.42:023][  0]LogPakFile: OnPakFileMounted2Time == 0.000061
[2026.05.10-23.59.42:028][  0]LogPakFile: PakFile PrimaryIndexSize=187
[2026.05.10-23.59.42:028][  0]LogPakFile: PakFile PathHashIndexSize=101
[2026.05.10-23.59.42:028][  0]LogPakFile: PakFile FullDirectoryIndexSize=148
[2026.05.10-23.59.42:028][  0]LogShaderLibrary: Display: ShaderCodeLibraryPakFileMountedCallback: PakFile 'C:/Program Files/Epic Games/UE_4.27/FeaturePacks/TP_ThirdPerson.upack' (chunk index -1, root 'root:/') mounted
[2026.05.10-23.59.42:028][  0]LogShaderLibrary: Display: ShaderCodeLibraryPakFileMountedCallback: pending pak file info (ChunkID:-1 Root:root:/ File:C:/Program Files/Epic Games/UE_4.27/FeaturePacks/TP_ThirdPerson.upack)
[2026.05.10-23.59.42:028][  0]LogPakFile: OnPakFileMounted2Time == 0.000030
[2026.05.10-23.59.42:033][  0]LogPakFile: PakFile PrimaryIndexSize=189
[2026.05.10-23.59.42:033][  0]LogPakFile: PakFile PathHashIndexSize=101
[2026.05.10-23.59.42:033][  0]LogPakFile: PakFile FullDirectoryIndexSize=152
[2026.05.10-23.59.42:033][  0]LogShaderLibrary: Display: ShaderCodeLibraryPakFileMountedCallback: PakFile 'C:/Program Files/Epic Games/UE_4.27/FeaturePacks/TP_ThirdPersonBP.upack' (chunk index -1, root 'root:/') mounted
[2026.05.10-23.59.42:034][  0]LogShaderLibrary: Display: ShaderCodeLibraryPakFileMountedCallback: pending pak file info (ChunkID:-1 Root:root:/ File:C:/Program Files/Epic Games/UE_4.27/FeaturePacks/TP_ThirdPersonBP.upack)
[2026.05.10-23.59.42:034][  0]LogPakFile: OnPakFileMounted2Time == 0.000047
[2026.05.10-23.59.42:039][  0]LogPakFile: PakFile PrimaryIndexSize=183
[2026.05.10-23.59.42:039][  0]LogPakFile: PakFile PathHashIndexSize=101
[2026.05.10-23.59.42:039][  0]LogPakFile: PakFile FullDirectoryIndexSize=140
[2026.05.10-23.59.42:039][  0]LogShaderLibrary: Display: ShaderCodeLibraryPakFileMountedCallback: PakFile 'C:/Program Files/Epic Games/UE_4.27/FeaturePacks/TP_TopDown.upack' (chunk index -1, root 'root:/') mounted
[2026.05.10-23.59.42:040][  0]LogShaderLibrary: Display: ShaderCodeLibraryPakFileMountedCallback: pending pak file info (ChunkID:-1 Root:root:/ File:C:/Program Files/Epic Games/UE_4.27/FeaturePacks/TP_TopDown.upack)
[2026.05.10-23.59.42:040][  0]LogPakFile: OnPakFileMounted2Time == 0.000044
[2026.05.10-23.59.42:044][  0]LogPakFile: PakFile PrimaryIndexSize=185
[2026.05.10-23.59.42:044][  0]LogPakFile: PakFile PathHashIndexSize=101
[2026.05.10-23.59.42:044][  0]LogPakFile: PakFile FullDirectoryIndexSize=144
[2026.05.10-23.59.42:044][  0]LogShaderLibrary: Display: ShaderCodeLibraryPakFileMountedCallback: PakFile 'C:/Program Files/Epic Games/UE_4.27/FeaturePacks/TP_TopDownBP.upack' (chunk index -1, root 'root:/') mounted
[2026.05.10-23.59.42:044][  0]LogShaderLibrary: Display: ShaderCodeLibraryPakFileMountedCallback: pending pak file info (ChunkID:-1 Root:root:/ File:C:/Program Files/Epic Games/UE_4.27/FeaturePacks/TP_TopDownBP.upack)
[2026.05.10-23.59.42:044][  0]LogPakFile: OnPakFileMounted2Time == 0.000031
[2026.05.10-23.59.42:050][  0]LogPakFile: PakFile PrimaryIndexSize=185
[2026.05.10-23.59.42:050][  0]LogPakFile: PakFile PathHashIndexSize=101
[2026.05.10-23.59.42:050][  0]LogPakFile: PakFile FullDirectoryIndexSize=144
[2026.05.10-23.59.42:050][  0]LogShaderLibrary: Display: ShaderCodeLibraryPakFileMountedCallback: PakFile 'C:/Program Files/Epic Games/UE_4.27/FeaturePacks/TP_TwinStick.upack' (chunk index -1, root 'root:/') mounted
[2026.05.10-23.59.42:050][  0]LogShaderLibrary: Display: ShaderCodeLibraryPakFileMountedCallback: pending pak file info (ChunkID:-1 Root:root:/ File:C:/Program Files/Epic Games/UE_4.27/FeaturePacks/TP_TwinStick.upack)
[2026.05.10-23.59.42:050][  0]LogPakFile: OnPakFileMounted2Time == 0.000034
[2026.05.10-23.59.42:056][  0]LogPakFile: PakFile PrimaryIndexSize=187
[2026.05.10-23.59.42:056][  0]LogPakFile: PakFile PathHashIndexSize=101
[2026.05.10-23.59.42:056][  0]LogPakFile: PakFile FullDirectoryIndexSize=148
[2026.05.10-23.59.42:056][  0]LogShaderLibrary: Display: ShaderCodeLibraryPakFileMountedCallback: PakFile 'C:/Program Files/Epic Games/UE_4.27/FeaturePacks/TP_TwinStickBP.upack' (chunk index -1, root 'root:/') mounted
[2026.05.10-23.59.42:056][  0]LogShaderLibrary: Display: ShaderCodeLibraryPakFileMountedCallback: pending pak file info (ChunkID:-1 Root:root:/ File:C:/Program Files/Epic Games/UE_4.27/FeaturePacks/TP_TwinStickBP.upack)
[2026.05.10-23.59.42:056][  0]LogPakFile: OnPakFileMounted2Time == 0.000032
[2026.05.10-23.59.42:062][  0]LogPakFile: PakFile PrimaryIndexSize=183
[2026.05.10-23.59.42:062][  0]LogPakFile: PakFile PathHashIndexSize=101
[2026.05.10-23.59.42:062][  0]LogPakFile: PakFile FullDirectoryIndexSize=140
[2026.05.10-23.59.42:062][  0]LogShaderLibrary: Display: ShaderCodeLibraryPakFileMountedCallback: PakFile 'C:/Program Files/Epic Games/UE_4.27/FeaturePacks/TP_Vehicle.upack' (chunk index -1, root 'root:/') mounted
[2026.05.10-23.59.42:062][  0]LogShaderLibrary: Display: ShaderCodeLibraryPakFileMountedCallback: pending pak file info (ChunkID:-1 Root:root:/ File:C:/Program Files/Epic Games/UE_4.27/FeaturePacks/TP_Vehicle.upack)
[2026.05.10-23.59.42:062][  0]LogPakFile: OnPakFileMounted2Time == 0.000030
[2026.05.10-23.59.42:067][  0]LogPakFile: PakFile PrimaryIndexSize=186
[2026.05.10-23.59.42:067][  0]LogPakFile: PakFile PathHashIndexSize=101
[2026.05.10-23.59.42:067][  0]LogPakFile: PakFile FullDirectoryIndexSize=146
[2026.05.10-23.59.42:067][  0]LogShaderLibrary: Display: ShaderCodeLibraryPakFileMountedCallback: PakFile 'C:/Program Files/Epic Games/UE_4.27/FeaturePacks/TP_VehicleAdv.upack' (chunk index -1, root 'root:/') mounted
[2026.05.10-23.59.42:067][  0]LogShaderLibrary: Display: ShaderCodeLibraryPakFileMountedCallback: pending pak file info (ChunkID:-1 Root:root:/ File:C:/Program Files/Epic Games/UE_4.27/FeaturePacks/TP_VehicleAdv.upack)
[2026.05.10-23.59.42:067][  0]LogPakFile: OnPakFileMounted2Time == 0.000030
[2026.05.10-23.59.42:071][  0]LogPakFile: PakFile PrimaryIndexSize=188
[2026.05.10-23.59.42:071][  0]LogPakFile: PakFile PathHashIndexSize=101
[2026.05.10-23.59.42:071][  0]LogPakFile: PakFile FullDirectoryIndexSize=150
[2026.05.10-23.59.42:071][  0]LogShaderLibrary: Display: ShaderCodeLibraryPakFileMountedCallback: PakFile 'C:/Program Files/Epic Games/UE_4.27/FeaturePacks/TP_VehicleAdvBP.upack' (chunk index -1, root 'root:/') mounted
[2026.05.10-23.59.42:071][  0]LogShaderLibrary: Display: ShaderCodeLibraryPakFileMountedCallback: pending pak file info (ChunkID:-1 Root:root:/ File:C:/Program Files/Epic Games/UE_4.27/FeaturePacks/TP_VehicleAdvBP.upack)
[2026.05.10-23.59.42:071][  0]LogPakFile: OnPakFileMounted2Time == 0.000030
[2026.05.10-23.59.42:075][  0]LogPakFile: PakFile PrimaryIndexSize=185
[2026.05.10-23.59.42:075][  0]LogPakFile: PakFile PathHashIndexSize=101
[2026.05.10-23.59.42:075][  0]LogPakFile: PakFile FullDirectoryIndexSize=144
[2026.05.10-23.59.42:075][  0]LogShaderLibrary: Display: ShaderCodeLibraryPakFileMountedCallback: PakFile 'C:/Program Files/Epic Games/UE_4.27/FeaturePacks/TP_VehicleBP.upack' (chunk index -1, root 'root:/') mounted
[2026.05.10-23.59.42:075][  0]LogShaderLibrary: Display: ShaderCodeLibraryPakFileMountedCallback: pending pak file info (ChunkID:-1 Root:root:/ File:C:/Program Files/Epic Games/UE_4.27/FeaturePacks/TP_VehicleBP.upack)
[2026.05.10-23.59.42:075][  0]LogPakFile: OnPakFileMounted2Time == 0.000030
[2026.05.10-23.59.42:081][  0]LogPakFile: PakFile PrimaryIndexSize=192
[2026.05.10-23.59.42:081][  0]LogPakFile: PakFile PathHashIndexSize=101
[2026.05.10-23.59.42:081][  0]LogPakFile: PakFile FullDirectoryIndexSize=158
[2026.05.10-23.59.42:081][  0]LogShaderLibrary: Display: ShaderCodeLibraryPakFileMountedCallback: PakFile 'C:/Program Files/Epic Games/UE_4.27/FeaturePacks/TP_VirtualRealityBP.upack' (chunk index -1, root 'root:/') mounted
[2026.05.10-23.59.42:081][  0]LogShaderLibrary: Display: ShaderCodeLibraryPakFileMountedCallback: pending pak file info (ChunkID:-1 Root:root:/ File:C:/Program Files/Epic Games/UE_4.27/FeaturePacks/TP_VirtualRealityBP.upack)
[2026.05.10-23.59.42:081][  0]LogPakFile: OnPakFileMounted2Time == 0.000036
[2026.05.10-23.59.42:249][  0]LogNativeClassHierarchy: Verbose: Native class hierarchy updated for 'AddContentDialog' in 0.0003 seconds. Added 0 classes and 0 folders.
[2026.05.10-23.59.42:253][  0]LogNativeClassHierarchy: Verbose: Native class hierarchy updated for 'SceneOutliner' in 0.0002 seconds. Added 2 classes and 0 folders.
[2026.05.10-23.59.42:361][  0]LogSlate: Took 0.000149 seconds to synchronously load lazily loaded font '../../../Engine/Content/Slate/Fonts/Roboto-Regular.ttf' (155K)
[2026.05.10-23.59.42:366][  0]LogSlate: Took 0.004569 seconds to synchronously load lazily loaded font '../../../Engine/Content/Editor/Slate/Fonts/FontAwesome.ttf' (139K)
[2026.05.10-23.59.42:367][  0]LogSlate: Took 0.000136 seconds to synchronously load lazily loaded font '../../../Engine/Content/Slate/Fonts/Roboto-Bold.ttf' (160K)
[2026.05.10-23.59.42:490][  0]LogRenderer: Reallocating scene render targets to support 1208x568 Format 10 NumSamples 1 (Frame:1).
[2026.05.10-23.59.42:577][  0]LogNativeClassHierarchy: Verbose: Native class hierarchy updated for 'HierarchicalLODOutliner' in 0.0002 seconds. Added 0 classes and 0 folders.
[2026.05.10-23.59.42:578][  0]LogLoad: (Engine Initialization) Total time: 5.59 seconds
[2026.05.10-23.59.42:578][  0]LogLoad: (Engine Initialization) Total Blueprint compile time: 0.00 seconds
[2026.05.10-23.59.42:612][  0]LogAssetRegistry: Asset discovery search completed in 3.3788 seconds
[2026.05.10-23.59.42:615][  0]LogCollectionManager: Fixed up redirectors for 0 collections in 0.000003 seconds (updated 0 objects)
[2026.05.10-23.59.42:618][  0]LogContentStreaming: Texture pool size now 1000 MB
[2026.05.10-23.59.42:700][  5]LogSlate: Took 0.005469 seconds to synchronously load lazily loaded font '../../../Engine/Content/Slate/Fonts/Roboto-Light.ttf' (167K)
[2026.05.11-00.22.58:933][605]LogSlate: Took 0.000152 seconds to synchronously load lazily loaded font '../../../Engine/Content/Slate/Fonts/Roboto-Light.ttf' (167K)
[2026.05.11-00.23.01:151][605]LogSlate: Window 'Pick Skeleton' being destroyed
[2026.05.11-00.23.01:161][605]LogContentBrowser: Deferred new asset file creation: NewAnimMontage
[2026.05.11-00.23.01:168][605]LogContentBrowser: Creating deferred item: NewAnimMontage
[2026.05.11-00.23.03:002][823]LogContentBrowser: Attempting asset rename: NewAnimMontage -> NewAnimMontage
[2026.05.11-00.23.03:007][823]LogContentBrowser: End creating deferred item NewAnimMontage
[2026.05.11-00.23.07:218][315]LogAssetEditorSubsystem: Opening Asset editor for AnimMontage /Game/AdvancedLocomotionV4/Blueprints/CharacterLogic/NewAnimMontage.NewAnimMontage
[2026.05.11-00.23.07:230][315]LogNativeClassHierarchy: Verbose: Native class hierarchy updated for 'SkeletonEditor' in 0.0002 seconds. Added 1 classes and 2 folders.
[2026.05.11-00.23.07:240][315]LogTexture: Default maximum texture size for cubemaps generated from long-lat sources has been changed from 512 to unlimited. In order to preserve old behaiour for '/Engine/EditorMaterials/AssetViewer/EpicQuadPanorama_CC+EV1.EpicQuadPanorama_CC+EV1', its maximum texture size has been explicitly set to 512.
[2026.05.11-00.23.07:313][315]LogTexture: Default maximum texture size for cubemaps generated from long-lat sources has been changed from 512 to unlimited. In order to preserve old behaiour for '/Engine/MapTemplates/Sky/SunsetAmbientCubemap.SunsetAmbientCubemap', its maximum texture size has been explicitly set to 512.
[2026.05.11-00.23.07:379][315]LogActorComponent: RegisterComponentWithWorld: (/Engine/Transient.World_1:PersistentLevel.AnimationEditorPreviewActor_0.DebugSkelMeshComponent_0) Already registered. Aborting.
[2026.05.11-00.23.07:380][315]LogNativeClassHierarchy: Verbose: Native class hierarchy updated for 'PinnedCommandList' in 0.0002 seconds. Added 1 classes and 0 folders.
[2026.05.11-00.23.28:935][765]LogContentBrowser: Verbose: The majority of assets in the view are of type: AnimSequence
[2026.05.11-00.24.00:836][366]LogSlate: Window 'Widget Reflector' being destroyed
[2026.05.11-00.24.00:843][366]LogSlate: Window 'Widget Reflector' being destroyed
[2026.05.11-00.39.23:231][555]LogAssetEditorSubsystem: Opening Asset editor for AnimBlueprint /Game/AdvancedLocomotionV4/Blueprints/CharacterLogic/ALS_AnimBP.ALS_AnimBP
[2026.05.11-00.39.23:241][555]LogActorComponent: RegisterComponentWithWorld: (/Engine/Transient.World_6:PersistentLevel.AnimationEditorPreviewActor_0.DebugSkelMeshComponent_0) Already registered. Aborting.
[2026.05.11-00.39.23:780][555]LogNativeClassHierarchy: Verbose: Native class hierarchy updated for 'BlueprintGraph' in 0.0005 seconds. Added 126 classes and 0 folders.
[2026.05.11-00.39.24:387][555]LogSlate: Took 0.000688 seconds to synchronously load lazily loaded font '../../../Engine/Content/Slate/Fonts/Roboto-BoldCondensed.ttf' (158K)
[2026.05.11-00.39.24:496][555]LogSlate: Took 0.004288 seconds to synchronously load lazily loaded font '../../../Engine/Content/Slate/Fonts/DroidSansMono.ttf' (77K)
[2026.05.11-00.39.24:500][555]LogContentBrowser: Verbose: The majority of assets in the view are of type: AnimSequence
[2026.05.11-00.39.24:512][556]LogAudio: Display: Cached duration for Sound Cue SoundCue /Game/AdvancedLocomotionV4/Audio/Footsteps/Footstep_Cue.Footstep_Cue was zero and has changed. Consider manually Re-saving the asset
[2026.05.11-00.39.24:525][556]LogSlate: Took 0.004876 seconds to synchronously load lazily loaded font '../../../Engine/Content/Slate/Fonts/Roboto-Italic.ttf' (157K)
[2026.05.11-00.43.29:485][797]LogAudioMixer: Warning: Changing default audio render device to new device: {0.0.0.00000000}.{5e2b3661-3924-40f5-8413-c9ad5b89d2bc}.
[2026.05.11-00.43.29:485][797]LogAudioMixer: Resetting audio stream to device id 
[2026.05.11-00.43.29:491][797]LogAudioMixer: Display: 0: FrontLeft
[2026.05.11-00.43.29:491][797]LogAudioMixer: Display: 1: FrontRight
[2026.05.11-00.48.52:186][990]LogSlate: Window 'NewAnimMontage' being destroyed
[2026.05.11-00.49.14:262][ 81]LogSavePackage: Moving '../../../../../../UEProject/UnrealLearn/ALSV4/Saved/ALS_AnimBP21F50395417F82383C808481A2A55522.tmp' to '../../../../../../UEProject/UnrealLearn/ALSV4/Content/AdvancedLocomotionV4/Blueprints/CharacterLogic/ALS_AnimBP.uasset'
[2026.05.11-00.49.14:278][ 81]AssetCheck: New page: Asset Save: ALS_AnimBP
[2026.05.11-00.49.14:278][ 81]LogContentValidation: Display: Validating AnimBlueprint /Game/AdvancedLocomotionV4/Blueprints/CharacterLogic/ALS_AnimBP.ALS_AnimBP
[2026.05.11-00.59.15:713][397]LogUObjectHash: Compacting FUObjectHashTables data took   2.11ms
[2026.05.11-00.59.15:718][397]LogFileHelpers: Editor autosave (incl. external actors) for '/Game/ThirdPersonBP/Maps/ThirdPersonExampleMap' took 0.034
[2026.05.11-00.59.15:719][397]OBJ SavePackage: Generating thumbnails for [2] asset(s) in package [/Game/AdvancedLocomotionV4/Blueprints/CharacterLogic/ALS_AnimBP] ([2] browsable assets)...
[2026.05.11-00.59.15:728][397]OBJ SavePackage:     Rendered thumbnail for [AnimBlueprint /Game/AdvancedLocomotionV4/Blueprints/CharacterLogic/ALS_AnimBP.ALS_AnimBP]
[2026.05.11-00.59.15:728][397]OBJ SavePackage: Finished generating thumbnails for package [/Game/AdvancedLocomotionV4/Blueprints/CharacterLogic/ALS_AnimBP]
[2026.05.11-00.59.15:750][397]LogSavePackage: Moving '../../../../../../UEProject/UnrealLearn/ALSV4/Saved/ALS_AnimBP_Auto1E1ECECC749D19DE757C91CB61546438E.tmp' to '../../../../../../UEProject/UnrealLearn/ALSV4/Saved/Autosaves/Game/AdvancedLocomotionV4/Blueprints/CharacterLogic/ALS_AnimBP_Auto1.uasset'
[2026.05.11-00.59.15:751][397]LogFileHelpers: Auto-saving content packages took 0.033
[2026.05.11-01.02.14:585][354]LogSavePackage: Moving '../../../../../../UEProject/UnrealLearn/ALSV4/Saved/ALS_AnimBP6144D2154731228D51EAE1BDF7E31FED.tmp' to '../../../../../../UEProject/UnrealLearn/ALSV4/Content/AdvancedLocomotionV4/Blueprints/CharacterLogic/ALS_AnimBP.uasset'
[2026.05.11-01.02.14:605][354]AssetCheck: New page: Asset Save: ALS_AnimBP
[2026.05.11-01.02.14:605][354]LogContentValidation: Display: Validating AnimBlueprint /Game/AdvancedLocomotionV4/Blueprints/CharacterLogic/ALS_AnimBP.ALS_AnimBP
[2026.05.11-01.02.15:148][417]LogUObjectHash: Compacting FUObjectHashTables data took   0.96ms
[2026.05.11-01.02.16:007][417]LogSlate: Window 'Save Content' being destroyed
[2026.05.11-01.02.16:040][417]LogSavePackage: Moving '../../../../../../UEProject/UnrealLearn/ALSV4/Saved/NewAnimMontageCFB72291436FF3CB9B792EA5F154323B.tmp' to '../../../../../../UEProject/UnrealLearn/ALSV4/Content/AdvancedLocomotionV4/Blueprints/CharacterLogic/NewAnimMontage.uasset'
[2026.05.11-01.02.16:107][417]LogWorld: UWorld::CleanupWorld for World_2, bSessionEnded=true, bCleanupResources=true
[2026.05.11-01.02.16:107][417]LogSlate: InvalidateAllWidgets triggered.  All widgets were invalidated
[2026.05.11-01.02.16:125][417]LogWorld: UWorld::CleanupWorld for World_1, bSessionEnded=true, bCleanupResources=true
[2026.05.11-01.02.16:125][417]LogSlate: InvalidateAllWidgets triggered.  All widgets were invalidated
[2026.05.11-01.02.16:164][417]LogWorld: UWorld::CleanupWorld for World_7, bSessionEnded=true, bCleanupResources=true
[2026.05.11-01.02.16:165][417]LogSlate: InvalidateAllWidgets triggered.  All widgets were invalidated
[2026.05.11-01.02.16:186][417]LogWorld: UWorld::CleanupWorld for World_6, bSessionEnded=true, bCleanupResources=true
[2026.05.11-01.02.16:187][417]LogSlate: InvalidateAllWidgets triggered.  All widgets were invalidated
[2026.05.11-01.02.16:192][417]LogWorld: UWorld::CleanupWorld for World_5, bSessionEnded=true, bCleanupResources=true
[2026.05.11-01.02.16:192][417]LogSlate: InvalidateAllWidgets triggered.  All widgets were invalidated
[2026.05.11-01.02.16:230][417]LogSlate: Window 'ALSV4 - Unreal Editor' being destroyed
[2026.05.11-01.02.16:349][417]AssetCheck: New page: Asset Save: NewAnimMontage
[2026.05.11-01.02.16:349][417]LogContentValidation: Display: Validating AnimMontage /Game/AdvancedLocomotionV4/Blueprints/CharacterLogic/NewAnimMontage.NewAnimMontage
[2026.05.11-01.02.16:350][418]Cmd: QUIT_EDITOR
[2026.05.11-01.02.16:350][418]LogCore: Engine exit requested (reason: UUnrealEdEngine::CloseEditor())
[2026.05.11-01.02.16:353][418]LogCore: Engine exit requested (reason: EngineExit() was called; note: exit was already requested)
[2026.05.11-01.02.16:358][418]LogAudio: Display: Beginning Audio Device Manager Shutdown (Module: AudioMixerXAudio2)...
[2026.05.11-01.02.16:358][418]LogAudio: Display: Destroying 1 Remaining Audio Device(s)...
[2026.05.11-01.02.16:359][418]LogAudio: Display: Audio Device unregistered from world 'ThirdPersonExampleMap'.
[2026.05.11-01.02.16:360][418]LogAudioMixer: FMixerPlatformXAudio2::StopAudioStream() called
[2026.05.11-01.02.16:361][418]LogAudioMixer: FMixerPlatformXAudio2::StopAudioStream() called
[2026.05.11-01.02.16:368][418]LogAudio: Display: Audio Device Manager Shutdown
[2026.05.11-01.02.16:371][418]LogWindowsTextInputMethodSystem: Display: IME system activated using TSF (搜狗拼音输入法).
[2026.05.11-01.02.16:375][418]LogExit: Preparing to exit.
[2026.05.11-01.02.17:279][418]LogUObjectHash: Compacting FUObjectHashTables data took   2.46ms
[2026.05.11-01.02.17:362][418]LogWorld: UWorld::CleanupWorld for World_8, bSessionEnded=true, bCleanupResources=true
[2026.05.11-01.02.17:363][418]LogWorld: UWorld::CleanupWorld for World_3, bSessionEnded=true, bCleanupResources=true
[2026.05.11-01.02.17:365][418]LogWorld: UWorld::CleanupWorld for World_0, bSessionEnded=true, bCleanupResources=true
[2026.05.11-01.02.17:366][418]LogWorld: UWorld::CleanupWorld for World_9, bSessionEnded=true, bCleanupResources=true
[2026.05.11-01.02.17:367][418]LogWorld: UWorld::CleanupWorld for World_10, bSessionEnded=true, bCleanupResources=true
[2026.05.11-01.02.17:368][418]LogWorld: UWorld::CleanupWorld for World_4, bSessionEnded=true, bCleanupResources=true
[2026.05.11-01.02.17:409][418]LogDirectoryWatcher: Display: A directory notification failed, and we were unable to create a new request. GetLastError code [6] Handle [FFFFFFFFFFFFFFFF], Path [C:/UEProject/UnrealLearn/ALSV4/Content/] 
[2026.05.11-01.02.17:447][418]LogDemo: Cleaned up 0 splitscreen connections with owner deletion
[2026.05.11-01.02.17:461][418]LogExit: Editor shut down
[2026.05.11-01.02.17:463][418]LogExit: Transaction tracking system shut down
[2026.05.11-01.02.17:723][418]LogExit: Object subsystem successfully closed.
[2026.05.11-01.02.17:751][418]LogShaderCompilers: Display: === FShaderJobCache stats ===
[2026.05.11-01.02.17:751][418]LogShaderCompilers: Display: Total job queries 0, among them cache hits 0 (0.00%)
[2026.05.11-01.02.17:751][418]LogShaderCompilers: Display: Tracking 0 distinct input hashes that result in 0 distinct outputs (0.00%)
[2026.05.11-01.02.17:753][418]LogShaderCompilers: Display: RAM used: 0.00 MB (0.00 GB) of 716.80 MB (0.70 GB) budget. Usage: 0.00%
[2026.05.11-01.02.17:753][418]LogShaderCompilers: Display: ================================================
[2026.05.11-01.02.17:766][418]LogShaderCompilers: Display: Shaders left to compile 0
[2026.05.11-01.02.17:805][418]LogModuleManager: Shutting down and abandoning module BlueprintGraph (896)
[2026.05.11-01.02.17:805][418]LogModuleManager: Shutting down and abandoning module SequencerWidgets (894)
[2026.05.11-01.02.17:805][418]LogModuleManager: Shutting down and abandoning module PinnedCommandList (892)
[2026.05.11-01.02.17:805][418]LogModuleManager: Shutting down and abandoning module SkeletonEditor (890)
[2026.05.11-01.02.17:805][418]LogModuleManager: Shutting down and abandoning module AnimationEditor (888)
[2026.05.11-01.02.17:805][418]LogModuleManager: Shutting down and abandoning module HierarchicalLODOutliner (886)
[2026.05.11-01.02.17:805][418]LogModuleManager: Shutting down and abandoning module SceneOutliner (884)
[2026.05.11-01.02.17:805][418]LogModuleManager: Shutting down and abandoning module AddContentDialog (882)
[2026.05.11-01.02.17:807][418]LogModuleManager: Shutting down and abandoning module WidgetCarousel (881)
[2026.05.11-01.02.17:807][418]LogModuleManager: Shutting down and abandoning module EditorWidgets (878)
[2026.05.11-01.02.17:807][418]LogModuleManager: Shutting down and abandoning module StatsViewer (876)
[2026.05.11-01.02.17:807][418]LogModuleManager: Shutting down and abandoning module PIEPreviewDeviceProfileSelector (874)
[2026.05.11-01.02.17:808][418]LogModuleManager: Shutting down and abandoning module SequenceRecorderSections (872)
[2026.05.11-01.02.17:808][418]LogModuleManager: Shutting down and abandoning module AutomationWorker (870)
[2026.05.11-01.02.17:808][418]LogModuleManager: Shutting down and abandoning module SteamVREditor (868)
[2026.05.11-01.02.17:808][418]LogModuleManager: Shutting down and abandoning module OculusMR (866)
[2026.05.11-01.02.17:808][418]LogModuleManager: Shutting down and abandoning module RiderLC (864)
[2026.05.11-01.02.17:808][418]LogModuleManager: Shutting down and abandoning module RiderShaderInfo (862)
[2026.05.11-01.02.17:808][418]LogModuleManager: Shutting down and abandoning module TakeRecorderSources (860)
[2026.05.11-01.02.17:809][418]LogModuleManager: Shutting down and abandoning module TakeRecorder (859)
[2026.05.11-01.02.17:810][418]LogModuleManager: Shutting down and abandoning module TakeTrackRecorders (856)
[2026.05.11-01.02.17:810][418]LogModuleManager: Shutting down and abandoning module TakesCore (854)
[2026.05.11-01.02.17:810][418]LogModuleManager: Shutting down and abandoning module OpenXRInput (852)
[2026.05.11-01.02.17:810][418]LogModuleManager: Shutting down and abandoning module GooglePADEditor (850)
[2026.05.11-01.02.17:810][418]LogModuleManager: Shutting down and abandoning module AudioCaptureEditor (848)
[2026.05.11-01.02.17:810][418]LogModuleManager: Shutting down and abandoning module TemplateSequenceEditor (846)
[2026.05.11-01.02.17:810][418]LogModuleManager: Shutting down and abandoning module ActorSequenceEditor (844)
[2026.05.11-01.02.17:811][418]LogModuleManager: Shutting down and abandoning module LevelSequenceEditor (842)
[2026.05.11-01.02.17:811][418]LogModuleManager: Shutting down and abandoning module MatineeToLevelSequence (840)
[2026.05.11-01.02.17:811][418]LogModuleManager: Shutting down and abandoning module WebMMediaFactory (838)
[2026.05.11-01.02.17:811][418]LogModuleManager: Shutting down and abandoning module WebMMediaEditor (836)
[2026.05.11-01.02.17:811][418]LogModuleManager: Shutting down and abandoning module WebMMedia (834)
[2026.05.11-01.02.17:812][418]LogModuleManager: Shutting down and abandoning module WmfMediaFactory (832)
[2026.05.11-01.02.17:812][418]LogModuleManager: Shutting down and abandoning module WmfMediaEditor (830)
[2026.05.11-01.02.17:812][418]LogModuleManager: Shutting down and abandoning module OpenExrWrapper (828)
[2026.05.11-01.02.17:812][418]LogModuleManager: Shutting down and abandoning module ImgMediaFactory (826)
[2026.05.11-01.02.17:812][418]LogModuleManager: Shutting down and abandoning module ImgMediaEditor (824)
[2026.05.11-01.02.17:812][418]LogModuleManager: Shutting down and abandoning module MediaPlayerEditor (822)
[2026.05.11-01.02.17:813][418]LogModuleManager: Shutting down and abandoning module MediaCompositingEditor (820)
[2026.05.11-01.02.17:813][418]LogModuleManager: Shutting down and abandoning module SequenceRecorder (819)
[2026.05.11-01.02.17:813][418]LogModuleManager: Shutting down and abandoning module AvfMediaFactory (816)
[2026.05.11-01.02.17:813][418]LogModuleManager: Shutting down and abandoning module AvfMediaEditor (814)
[2026.05.11-01.02.17:813][418]LogModuleManager: Shutting down and abandoning module AndroidMediaFactory (812)
[2026.05.11-01.02.17:813][418]LogModuleManager: Shutting down and abandoning module AndroidMediaEditor (810)
[2026.05.11-01.02.17:813][418]LogModuleManager: Shutting down and abandoning module PlanarCut (808)
[2026.05.11-01.02.17:813][418]LogModuleManager: Shutting down and abandoning module CharacterAI (806)
[2026.05.11-01.02.17:813][418]LogModuleManager: Shutting down and abandoning module MagicLeapMediaCodecFactory (804)
[2026.05.11-01.02.17:813][418]LogModuleManager: Shutting down and abandoning module MagicLeapMediaFactory (802)
[2026.05.11-01.02.17:813][418]LogModuleManager: Shutting down and abandoning module MagicLeapMediaEditor (800)
[2026.05.11-01.02.17:813][418]LogModuleManager: Shutting down and abandoning module TextureAlignMode (798)
[2026.05.11-01.02.17:813][418]LogModuleManager: Shutting down and abandoning module BspMode (796)
[2026.05.11-01.02.17:813][418]LogModuleManager: Shutting down and abandoning module GeometryMode (794)
[2026.05.11-01.02.17:813][418]LogModuleManager: Shutting down and abandoning module CameraShakePreviewer (792)
[2026.05.11-01.02.17:813][418]LogModuleManager: Shutting down and abandoning module SmartSnapping (790)
[2026.05.11-01.02.17:814][418]LogModuleManager: Shutting down and abandoning module SessionServices (788)
[2026.05.11-01.02.17:814][418]LogModuleManager: Shutting down and abandoning module MeshPaint (786)
[2026.05.11-01.02.17:814][418]LogModuleManager: Shutting down and abandoning module VirtualTexturingEditor (784)
[2026.05.11-01.02.17:814][418]LogModuleManager: Shutting down and abandoning module FoliageEdit (782)
[2026.05.11-01.02.17:814][418]LogModuleManager: Shutting down and abandoning module LandscapeEditor (780)
[2026.05.11-01.02.17:815][418]LogModuleManager: Shutting down and abandoning module MeshPaintMode (778)
[2026.05.11-01.02.17:815][418]LogModuleManager: Shutting down and abandoning module SceneDepthPickerMode (776)
[2026.05.11-01.02.17:815][418]LogModuleManager: Shutting down and abandoning module ActorPickerMode (774)
[2026.05.11-01.02.17:815][418]LogModuleManager: Shutting down and abandoning module PlacementMode (772)
[2026.05.11-01.02.17:815][418]LogModuleManager: Shutting down and abandoning module ViewportSnapping (770)
[2026.05.11-01.02.17:815][418]LogModuleManager: Shutting down and abandoning module ViewportInteraction (768)
[2026.05.11-01.02.17:815][418]LogModuleManager: Shutting down and abandoning module ClothPainter (766)
[2026.05.11-01.02.17:816][418]LogModuleManager: Shutting down and abandoning module SkeletalMeshEditor (765)
[2026.05.11-01.02.17:816][418]LogModuleManager: Shutting down and abandoning module LogVisualizer (762)
[2026.05.11-01.02.17:817][418]LogModuleManager: Shutting down and abandoning module IntroTutorials (760)
[2026.05.11-01.02.17:817][418]LogModuleManager: Shutting down and abandoning module GameProjectGeneration (759)
[2026.05.11-01.02.17:817][418]LogModuleManager: Shutting down and abandoning module LuminPlatformEditor (756)
[2026.05.11-01.02.17:817][418]LogModuleManager: Shutting down and abandoning module IOSPlatformEditor (754)
[2026.05.11-01.02.17:817][418]LogModuleManager: Shutting down and abandoning module AndroidPlatformEditor (752)
[2026.05.11-01.02.17:818][418]LogModuleManager: Shutting down and abandoning module AndroidDeviceDetection (751)
[2026.05.11-01.02.18:433][418]LogModuleManager: Shutting down and abandoning module WindowsPlatformEditor (748)
[2026.05.11-01.02.18:433][418]LogModuleManager: Shutting down and abandoning module LuminRuntimeSettings (746)
[2026.05.11-01.02.18:433][418]LogModuleManager: Shutting down and abandoning module IOSRuntimeSettings (744)
[2026.05.11-01.02.18:433][418]LogModuleManager: Shutting down and abandoning module AndroidRuntimeSettings (742)
[2026.05.11-01.02.18:433][418]LogModuleManager: Shutting down and abandoning module TraceInsights (740)
[2026.05.11-01.02.18:445][418]MemoryProfiler: Shutdown
[2026.05.11-01.02.18:446][418]NetworkingProfiler: Shutdown
[2026.05.11-01.02.18:446][418]LoadingProfiler: Shutdown
[2026.05.11-01.02.18:446][418]TimingProfiler: Shutdown
[2026.05.11-01.02.18:447][418]LogModuleManager: Shutting down and abandoning module TraceServices (739)
[2026.05.11-01.02.18:449][418]LogModuleManager: Shutting down and abandoning module EditorInteractiveToolsFramework (736)
[2026.05.11-01.02.18:449][418]LogModuleManager: Shutting down and abandoning module TimeManagementEditor (734)
[2026.05.11-01.02.18:449][418]LogModuleManager: Shutting down and abandoning module InputBindingEditor (732)
[2026.05.11-01.02.18:449][418]LogModuleManager: Shutting down and abandoning module MergeActors (730)
[2026.05.11-01.02.18:450][418]LogModuleManager: Shutting down and abandoning module LocalizationDashboard (728)
[2026.05.11-01.02.18:451][418]LogModuleManager: Shutting down and abandoning module LocalizationService (727)
[2026.05.11-01.02.18:451][418]LogModuleManager: Shutting down and abandoning module HardwareTargeting (724)
[2026.05.11-01.02.18:451][418]LogModuleManager: Shutting down and abandoning module DeviceProfileEditor (722)
[2026.05.11-01.02.18:451][418]LogModuleManager: Shutting down and abandoning module UndoHistory (720)
[2026.05.11-01.02.18:451][418]LogModuleManager: Shutting down and abandoning module XmlParser (718)
[2026.05.11-01.02.18:452][418]LogModuleManager: Shutting down and abandoning module Blutility (716)
[2026.05.11-01.02.18:452][418]LogModuleManager: Shutting down and abandoning module ProjectSettingsViewer (714)
[2026.05.11-01.02.18:452][418]LogModuleManager: Shutting down and abandoning module ProjectTargetPlatformEditor (713)
[2026.05.11-01.02.18:452][418]LogModuleManager: Shutting down and abandoning module EditorSettingsViewer (710)
[2026.05.11-01.02.18:452][418]LogModuleManager: Shutting down and abandoning module InternationalizationSettings (709)
[2026.05.11-01.02.18:452][418]LogModuleManager: Shutting down and abandoning module SettingsEditor (706)
[2026.05.11-01.02.18:453][418]LogModuleManager: Shutting down and abandoning module ProjectLauncher (704)
[2026.05.11-01.02.18:453][418]LogModuleManager: Shutting down and abandoning module SessionFrontend (702)
[2026.05.11-01.02.18:453][418]LogModuleManager: Shutting down and abandoning module ProfilerClient (700)
[2026.05.11-01.02.18:453][418]LogModuleManager: Shutting down and abandoning module DeviceManager (698)
[2026.05.11-01.02.18:454][418]LogModuleManager: Shutting down and abandoning module TargetDeviceServices (697)
[2026.05.11-01.02.18:487][418]LogModuleManager: Shutting down and abandoning module AutomationController (694)
[2026.05.11-01.02.18:487][418]LogModuleManager: Shutting down and abandoning module AutomationWindow (692)
[2026.05.11-01.02.18:488][418]LogModuleManager: Shutting down and abandoning module Layers (690)
[2026.05.11-01.02.18:489][418]LogModuleManager: Shutting down and abandoning module ComponentVisualizers (688)
[2026.05.11-01.02.18:489][418]LogModuleManager: Shutting down and abandoning module DetailCustomizations (686)
[2026.05.11-01.02.18:489][418]LogModuleManager: Shutting down and abandoning module PackagesDialog (684)
[2026.05.11-01.02.18:489][418]LogModuleManager: Shutting down and abandoning module AnimationBlueprintEditor (682)
[2026.05.11-01.02.18:490][418]LogModuleManager: Shutting down and abandoning module Persona (680)
[2026.05.11-01.02.18:490][418]LogModuleManager: Shutting down and abandoning module AdvancedPreviewScene (679)
[2026.05.11-01.02.18:490][418]LogModuleManager: Shutting down and abandoning module AnimGraph (677)
[2026.05.11-01.02.18:491][418]LogModuleManager: Shutting down and abandoning module Kismet (674)
[2026.05.11-01.02.18:498][418]LogModuleManager: Shutting down and abandoning module KismetWidgets (673)
[2026.05.11-01.02.18:498][418]LogModuleManager: Shutting down and abandoning module GraphEditor (670)
[2026.05.11-01.02.18:498][418]LogModuleManager: Shutting down and abandoning module StructViewer (668)
[2026.05.11-01.02.18:498][418]LogModuleManager: Shutting down and abandoning module ClassViewer (666)
[2026.05.11-01.02.18:498][418]LogModuleManager: Shutting down and abandoning module Toolbox (664)
[2026.05.11-01.02.18:498][418]LogModuleManager: Shutting down and abandoning module ModuleUI (662)
[2026.05.11-01.02.18:498][418]LogModuleManager: Shutting down and abandoning module OutputLog (660)
[2026.05.11-01.02.18:499][418]LogModuleManager: Shutting down and abandoning module GammaUI (658)
[2026.05.11-01.02.18:499][418]LogModuleManager: Shutting down and abandoning module Documentation (656)
[2026.05.11-01.02.18:499][418]LogModuleManager: Shutting down and abandoning module LiveCoding (654)
[2026.05.11-01.02.18:499][418]LogModuleManager: Shutting down and abandoning module LevelSequence (652)
[2026.05.11-01.02.18:500][418]LogModuleManager: Shutting down and abandoning module MovieSceneTracks (650)
[2026.05.11-01.02.18:500][418]LogModuleManager: Shutting down and abandoning module MovieScene (648)
[2026.05.11-01.02.18:500][418]LogModuleManager: Shutting down and abandoning module StreamingPauseRendering (646)
[2026.05.11-01.02.18:500][418]LogModuleManager: Shutting down and abandoning module LauncherPlatform (644)
[2026.05.11-01.02.18:500][418]LogModuleManager: Shutting down and abandoning module AnalyticsET (642)
[2026.05.11-01.02.18:500][418]LogModuleManager: Shutting down and abandoning module PortalServices (640)
[2026.05.11-01.02.18:500][418]LogModuleManager: Shutting down and abandoning module PortalRpc (638)
[2026.05.11-01.02.18:500][418]LogModuleManager: Shutting down and abandoning module MessagingRpc (636)
[2026.05.11-01.02.18:500][418]LogModuleManager: Shutting down and abandoning module AudioMixerXAudio2 (634)
[2026.05.11-01.02.18:500][418]LogModuleManager: Shutting down and abandoning module AudioMixerCore (633)
[2026.05.11-01.02.18:500][418]LogModuleManager: Shutting down and abandoning module AIModule (630)
[2026.05.11-01.02.18:501][418]LogModuleManager: Shutting down and abandoning module GameplayDebugger (629)
[2026.05.11-01.02.18:501][418]LogModuleManager: Shutting down and abandoning module AITestSuite (627)
[2026.05.11-01.02.18:501][418]LogModuleManager: Shutting down and abandoning module NavigationSystem (625)
[2026.05.11-01.02.18:501][418]LogModuleManager: Shutting down and abandoning module ImageWriteQueue (622)
[2026.05.11-01.02.18:513][418]LogModuleManager: Shutting down and abandoning module ProfilerService (620)
[2026.05.11-01.02.18:626][418]LogModuleManager: Shutting down and abandoning module TaskGraph (618)
[2026.05.11-01.02.18:626][418]LogModuleManager: Shutting down and abandoning module AudioSynesthesiaEditor (616)
[2026.05.11-01.02.18:626][418]LogModuleManager: Shutting down and abandoning module OculusEditor (614)
[2026.05.11-01.02.18:628][418]LogModuleManager: Shutting down and abandoning module OculusInput (612)
[2026.05.11-01.02.18:628][418]LogModuleManager: Shutting down and abandoning module RiderGameControl (610)
[2026.05.11-01.02.18:628][418]LogModuleManager: Shutting down and abandoning module RiderBlueprint (608)
[2026.05.11-01.02.18:628][418]LogModuleManager: Shutting down and abandoning module ContentBrowserFileDataSource (606)
[2026.05.11-01.02.18:628][418]LogModuleManager: Shutting down and abandoning module ContentBrowserClassDataSource (604)
[2026.05.11-01.02.18:628][418]LogModuleManager: Shutting down and abandoning module ContentBrowserAssetDataSource (602)
[2026.05.11-01.02.18:628][418]LogModuleManager: Shutting down and abandoning module CollectionManager (601)
[2026.05.11-01.02.18:628][418]LogModuleManager: Shutting down and abandoning module SynthesisEditor (598)
[2026.05.11-01.02.18:628][418]LogModuleManager: Shutting down and abandoning module Synthesis (596)
[2026.05.11-01.02.18:629][418]LogModuleManager: Shutting down and abandoning module TakeSequencer (594)
[2026.05.11-01.02.18:629][418]LogModuleManager: Shutting down and abandoning module TakeMovieScene (592)
[2026.05.11-01.02.18:629][418]LogModuleManager: Shutting down and abandoning module ProceduralMeshComponentEditor (590)
[2026.05.11-01.02.18:629][418]LogModuleManager: Shutting down and abandoning module ProceduralMeshComponent (588)
[2026.05.11-01.02.18:629][418]LogModuleManager: Shutting down and abandoning module ScreenshotTools (586)
[2026.05.11-01.02.18:629][418]LogModuleManager: Shutting down and abandoning module OpenXREditor (584)
[2026.05.11-01.02.18:629][418]LogModuleManager: Shutting down and abandoning module MobilePatchingUtils (582)
[2026.05.11-01.02.18:629][418]LogModuleManager: Shutting down and abandoning module GooglePAD (580)
[2026.05.11-01.02.18:629][418]LogModuleManager: Shutting down and abandoning module EditableMesh (578)
[2026.05.11-01.02.18:629][418]LogModuleManager: Shutting down and abandoning module CableComponent (576)
[2026.05.11-01.02.18:629][418]LogModuleManager: Shutting down and abandoning module CustomMeshComponent (574)
[2026.05.11-01.02.18:629][418]LogModuleManager: Shutting down and abandoning module ArchVisCharacter (572)
[2026.05.11-01.02.18:629][418]LogModuleManager: Shutting down and abandoning module AudioCapture (570)
[2026.05.11-01.02.18:629][418]LogModuleManager: Shutting down and abandoning module AudioCaptureRtAudio (569)
[2026.05.11-01.02.18:629][418]LogModuleManager: Shutting down and abandoning module AppleImageUtilsBlueprintSupport (566)
[2026.05.11-01.02.18:629][418]LogModuleManager: Shutting down and abandoning module AppleImageUtils (564)
[2026.05.11-01.02.18:629][418]LogModuleManager: Shutting down and abandoning module AssetTags (562)
[2026.05.11-01.02.18:629][418]LogModuleManager: Shutting down and abandoning module AndroidPermission (560)
[2026.05.11-01.02.18:629][418]LogModuleManager: Shutting down and abandoning module ActorLayerUtilitiesEditor (558)
[2026.05.11-01.02.18:629][418]LogModuleManager: Shutting down and abandoning module ActorLayerUtilities (556)
[2026.05.11-01.02.18:629][418]LogModuleManager: Shutting down and abandoning module TemplateSequence (554)
[2026.05.11-01.02.18:630][418]LogModuleManager: Shutting down and abandoning module ImgMedia (552)
[2026.05.11-01.02.18:630][418]LogModuleManager: Shutting down and abandoning module MediaCompositing (550)
[2026.05.11-01.02.18:630][418]LogModuleManager: Shutting down and abandoning module MotoSynthEditor (548)
[2026.05.11-01.02.18:630][418]LogModuleManager: Shutting down and abandoning module MotoSynth (546)
[2026.05.11-01.02.18:630][418]LogModuleManager: Shutting down and abandoning module OpenImageDenoise (544)
[2026.05.11-01.02.18:630][418]LogOpenImageDenoise: OIDN shutting down
[2026.05.11-01.02.18:630][418]LogModuleManager: Shutting down and abandoning module GeometryCacheTracks (542)
[2026.05.11-01.02.18:630][418]LogModuleManager: Shutting down and abandoning module GeometryCacheStreamer (540)
[2026.05.11-01.02.18:630][418]LogModuleManager: Shutting down and abandoning module GeometryCacheSequencer (538)
[2026.05.11-01.02.18:630][418]LogModuleManager: Shutting down and abandoning module MeshConversion (536)
[2026.05.11-01.02.18:630][418]LogModuleManager: Shutting down and abandoning module DynamicMesh (534)
[2026.05.11-01.02.18:630][418]LogModuleManager: Shutting down and abandoning module GeometryAlgorithms (532)
[2026.05.11-01.02.18:630][418]LogModuleManager: Shutting down and abandoning module GeometricObjects (530)
[2026.05.11-01.02.18:631][418]LogModuleManager: Shutting down and abandoning module GeometryCollectionTracks (528)
[2026.05.11-01.02.18:631][418]LogModuleManager: Shutting down and abandoning module GeometryCollectionSequencer (527)
[2026.05.11-01.02.18:631][418]LogModuleManager: Shutting down and abandoning module GeometryCollectionEditor (524)
[2026.05.11-01.02.18:631][418]LogModuleManager: Shutting down and abandoning module ChaosSolverEditor (522)
[2026.05.11-01.02.18:631][418]LogModuleManager: Shutting down and abandoning module ChaosClothEditor (520)
[2026.05.11-01.02.18:631][418]LogModuleManager: Shutting down and abandoning module FractureEditor (518)
[2026.05.11-01.02.18:631][418]LogModuleManager: Shutting down and abandoning module ChaosNiagara (516)
[2026.05.11-01.02.18:631][418]LogModuleManager: Shutting down and abandoning module FieldSystemEngine (515)
[2026.05.11-01.02.18:631][418]LogModuleManager: Shutting down and abandoning module BackChannel (512)
[2026.05.11-01.02.18:631][418]LogModuleManager: Shutting down and abandoning module MagicLeapSharedWorld (510)
[2026.05.11-01.02.18:631][418]LogModuleManager: Shutting down and abandoning module MagicLeapLightEstimation (508)
[2026.05.11-01.02.18:631][418]LogModuleManager: Shutting down and abandoning module AutomationUtilsEditor (506)
[2026.05.11-01.02.18:631][418]LogModuleManager: Shutting down and abandoning module AutomationUtils (504)
[2026.05.11-01.02.18:631][418]LogModuleManager: Shutting down and abandoning module AlembicImporter (502)
[2026.05.11-01.02.18:631][418]LogModuleManager: Shutting down and abandoning module AlembicLibrary (501)
[2026.05.11-01.02.18:631][418]LogModuleManager: Shutting down and abandoning module GeometryCache (500)
[2026.05.11-01.02.18:631][418]LogModuleManager: Shutting down and abandoning module GeometryCacheEd (499)
[2026.05.11-01.02.18:631][418]LogModuleManager: Shutting down and abandoning module DatasmithContentEditor (494)
[2026.05.11-01.02.18:633][418]LogModuleManager: Shutting down and abandoning module NiagaraEditorWidgets (492)
[2026.05.11-01.02.18:633][418]LogModuleManager: Shutting down and abandoning module MagicLeapHelperVulkan (490)
[2026.05.11-01.02.18:633][418]LogModuleManager: Shutting down and abandoning module MagicLeapHelperOpenGL (488)
[2026.05.11-01.02.18:633][418]LogModuleManager: Shutting down and abandoning module MagicLeapAudio (486)
[2026.05.11-01.02.18:633][418]LogModuleManager: Shutting down and abandoning module SpeedTreeImporter (484)
[2026.05.11-01.02.18:633][418]LogModuleManager: Shutting down and abandoning module VariantManagerContentEditor (482)
[2026.05.11-01.02.18:633][418]LogModuleManager: Shutting down and abandoning module PluginBrowser (480)
[2026.05.11-01.02.18:634][418]LogModuleManager: Shutting down and abandoning module CurveEditorTools (478)
[2026.05.11-01.02.18:635][418]LogModuleManager: Shutting down and abandoning module MaterialAnalyzer (476)
[2026.05.11-01.02.18:635][418]LogModuleManager: Shutting down and abandoning module MobileLauncherProfileWizard (474)
[2026.05.11-01.02.18:635][418]LogModuleManager: Shutting down and abandoning module VisualStudioCodeSourceCodeAccess (472)
[2026.05.11-01.02.18:635][418]LogModuleManager: Shutting down and abandoning module CryptoKeysOpenSSL (470)
[2026.05.11-01.02.18:635][418]LogModuleManager: Shutting down and abandoning module CryptoKeys (468)
[2026.05.11-01.02.18:635][418]LogModuleManager: Shutting down and abandoning module VisualStudioSourceCodeAccess (466)
[2026.05.11-01.02.18:635][418]LogModuleManager: Shutting down and abandoning module LiveLinkSequencer (464)
[2026.05.11-01.02.18:636][418]LogModuleManager: Shutting down and abandoning module LiveLinkMovieScene (462)
[2026.05.11-01.02.18:636][418]LogModuleManager: Shutting down and abandoning module LiveLinkGraphNode (460)
[2026.05.11-01.02.18:636][418]LogModuleManager: Shutting down and abandoning module LiveLinkEditor (458)
[2026.05.11-01.02.18:636][418]LogModuleManager: Shutting down and abandoning module LiveLinkComponents (456)
[2026.05.11-01.02.18:636][418]LogModuleManager: Shutting down and abandoning module LiveLink (454)
[2026.05.11-01.02.19:528][418]LogModuleManager: Shutting down and abandoning module UObjectPlugin (452)
[2026.05.11-01.02.19:528][418]LogModuleManager: Shutting down and abandoning module OodleNetworkHandlerComponent (450)
[2026.05.11-01.02.19:528][418]LogModuleManager: Shutting down and abandoning module PluginUtils (448)
[2026.05.11-01.02.19:528][418]LogModuleManager: Shutting down and abandoning module PlasticSourceControl (446)
[2026.05.11-01.02.19:528][418]LogModuleManager: Shutting down and abandoning module SubversionSourceControl (444)
[2026.05.11-01.02.19:529][418]LogModuleManager: Shutting down and abandoning module RiderSourceCodeAccess (442)
[2026.05.11-01.02.19:529][418]LogModuleManager: Shutting down and abandoning module PerforceSourceControl (440)
[2026.05.11-01.02.19:530][418]LogModuleManager: Shutting down and abandoning module GitSourceControl (438)
[2026.05.11-01.02.19:531][418]LogModuleManager: Shutting down and abandoning module SourceControl (437)
[2026.05.11-01.02.19:531][418]LogModuleManager: Shutting down and abandoning module CLionSourceCodeAccess (434)
[2026.05.11-01.02.19:531][418]LogModuleManager: Shutting down and abandoning module AnimationSharingEd (432)
[2026.05.11-01.02.19:531][418]LogModuleManager: Shutting down and abandoning module LightPropagationVolumeEditor (430)
[2026.05.11-01.02.19:531][418]LogModuleManager: Shutting down and abandoning module PaperTiledImporter (428)
[2026.05.11-01.02.19:531][418]LogModuleManager: Shutting down and abandoning module PaperSpriteSheetImporter (426)
[2026.05.11-01.02.19:531][418]LogModuleManager: Shutting down and abandoning module Paper2DEditor (424)
[2026.05.11-01.02.19:533][418]LogModuleManager: Shutting down and abandoning module MeshPaintingToolset (422)
[2026.05.11-01.02.19:533][418]LogModuleManager: Shutting down and abandoning module MeshPaintEditorMode (420)
[2026.05.11-01.02.19:533][418]LogModuleManager: Shutting down and abandoning module RiderDebuggerSupport (418)
[2026.05.11-01.02.19:533][418]LogModuleManager: Shutting down and abandoning module RiderLogging (416)
[2026.05.11-01.02.19:534][418]LogModuleManager: Shutting down and abandoning module RiderLink (414)
[2026.05.11-01.02.19:538][418]LogModuleManager: Shutting down and abandoning module RD (412)
[2026.05.11-01.02.19:538][418]LogModuleManager: Shutting down and abandoning module SoundFields (410)
[2026.05.11-01.02.19:538][418]LogModuleManager: Shutting down and abandoning module SignificanceManager (408)
[2026.05.11-01.02.19:538][418]LogModuleManager: Shutting down and abandoning module RuntimePhysXCooking (406)
[2026.05.11-01.02.19:538][418]LogModuleManager: Shutting down and abandoning module PropertyAccessEditor (404)
[2026.05.11-01.02.19:538][418]LogModuleManager: Shutting down and abandoning module PhysXVehiclesEditor (402)
[2026.05.11-01.02.19:538][418]LogModuleManager: Shutting down and abandoning module LocationServicesBPLibrary (398)
[2026.05.11-01.02.19:538][418]LogModuleManager: Shutting down and abandoning module AudioSynesthesia (396)
[2026.05.11-01.02.19:538][418]LogModuleManager: Shutting down and abandoning module AudioSynesthesiaCore (394)
[2026.05.11-01.02.19:538][418]LogModuleManager: Shutting down and abandoning module ActorSequence (392)
[2026.05.11-01.02.19:538][418]LogModuleManager: Shutting down and abandoning module TcpMessaging (390)
[2026.05.11-01.02.19:640][418]LogModuleManager: Shutting down and abandoning module UdpMessaging (388)
[2026.05.11-01.02.19:741][418]LogModuleManager: Shutting down and abandoning module ImgMediaEngine (386)
[2026.05.11-01.02.19:741][418]LogModuleManager: Shutting down and abandoning module PythonScriptPlugin (384)
[2026.05.11-01.02.19:741][418]LogModuleManager: Shutting down and abandoning module MagicLeapARPin (382)
[2026.05.11-01.02.19:741][418]LogModuleManager: Shutting down and abandoning module NiagaraAnimNotifies (380)
[2026.05.11-01.02.19:741][418]LogModuleManager: Shutting down and abandoning module Niagara (378)
[2026.05.11-01.02.19:742][418]LogModuleManager: Shutting down and abandoning module SignalProcessing (377)
[2026.05.11-01.02.19:742][418]LogModuleManager: Shutting down and abandoning module NiagaraEditor (375)
[2026.05.11-01.02.19:743][418]LogModuleManager: Shutting down and abandoning module NiagaraCore (372)
[2026.05.11-01.02.19:743][418]LogModuleManager: Shutting down and abandoning module MagicLeapHandMeshing (370)
[2026.05.11-01.02.19:743][418]LogModuleManager: Shutting down and abandoning module MagicLeapSecureStorage (368)
[2026.05.11-01.02.19:743][418]LogModuleManager: Shutting down and abandoning module MagicLeapPrivileges (366)
[2026.05.11-01.02.19:743][418]LogModuleManager: Shutting down and abandoning module MagicLeapPlanes (364)
[2026.05.11-01.02.19:743][418]LogMagicLeapPlanes: Planes tracker already destroyed.
[2026.05.11-01.02.19:743][418]LogModuleManager: Shutting down and abandoning module MagicLeapImageTracker (362)
[2026.05.11-01.02.19:743][418]LogModuleManager: Shutting down and abandoning module MagicLeapIdentity (360)
[2026.05.11-01.02.19:743][418]LogModuleManager: Shutting down and abandoning module MagicLeapHandTracking (358)
[2026.05.11-01.02.19:743][418]LogModuleManager: Shutting down and abandoning module MagicLeapEyeTracker (356)
[2026.05.11-01.02.19:743][418]LogModuleManager: Shutting down and abandoning module MagicLeapController (354)
[2026.05.11-01.02.19:743][418]LogModuleManager: Shutting down and abandoning module MagicLeapARPinImpl (352)
[2026.05.11-01.02.19:743][418]LogModuleManager: Shutting down and abandoning module MagicLeapAR (350)
[2026.05.11-01.02.19:743][418]LogModuleManager: Shutting down and abandoning module GameplayTagsEditor (348)
[2026.05.11-01.02.19:743][418]LogModuleManager: Shutting down and abandoning module FacialAnimationEditor (346)
[2026.05.11-01.02.19:743][418]LogModuleManager: Shutting down and abandoning module FacialAnimation (344)
[2026.05.11-01.02.19:743][418]LogModuleManager: Shutting down and abandoning module AssetManagerEditor (342)
[2026.05.11-01.02.19:744][418]LogModuleManager: Shutting down and abandoning module LevelEditor (341)
[2026.05.11-01.02.19:746][418]LogModuleManager: Shutting down and abandoning module PixelInspectorModule (340)
[2026.05.11-01.02.19:746][418]LogModuleManager: Shutting down and abandoning module CommonMenuExtensions (338)
[2026.05.11-01.02.19:746][418]LogModuleManager: Shutting down and abandoning module MainFrame (336)
[2026.05.11-01.02.19:746][418]LogModuleManager: Shutting down and abandoning module HotReload (335)
[2026.05.11-01.02.19:747][418]LogModuleManager: Shutting down and abandoning module ToolMenus (331)
[2026.05.11-01.02.19:747][418]LogModuleManager: Shutting down and abandoning module TreeMap (329)
[2026.05.11-01.02.19:747][418]LogModuleManager: Shutting down and abandoning module DataValidation (326)
[2026.05.11-01.02.19:747][418]LogModuleManager: Shutting down and abandoning module ContentBrowser (325)
[2026.05.11-01.02.19:747][418]LogModuleManager: Shutting down and abandoning module ContentBrowserData (324)
[2026.05.11-01.02.19:747][418]LogModuleManager: Shutting down and abandoning module PropertyAccessNode (320)
[2026.05.11-01.02.19:747][418]LogModuleManager: Shutting down and abandoning module AnimationSharing (318)
[2026.05.11-01.02.19:747][418]LogModuleManager: Shutting down and abandoning module LightPropagationVolumeRuntime (316)
[2026.05.11-01.02.19:747][418]LogModuleManager: Shutting down and abandoning module GameplayCameras (314)
[2026.05.11-01.02.19:747][418]LogModuleManager: Shutting down and abandoning module EnvironmentQueryEditor (312)
[2026.05.11-01.02.19:747][418]LogModuleManager: Shutting down and abandoning module Paper2D (310)
[2026.05.11-01.02.19:747][418]LogModuleManager: Shutting down and abandoning module WebMMoviePlayer (308)
[2026.05.11-01.02.19:747][418]LogModuleManager: Shutting down and abandoning module WindowsMoviePlayer (306)
[2026.05.11-01.02.19:753][418]LogModuleManager: Shutting down and abandoning module NetworkReplayStreaming (304)
[2026.05.11-01.02.19:753][418]LogModuleManager: Shutting down and abandoning module PacketHandler (302)
[2026.05.11-01.02.19:753][418]LogModuleManager: Shutting down and abandoning module ClothingSystemEditor (300)
[2026.05.11-01.02.19:753][418]LogModuleManager: Shutting down and abandoning module ClothingSystemRuntimeNv (298)
[2026.05.11-01.02.19:754][418]LogModuleManager: Shutting down and abandoning module MediaAssets (296)
[2026.05.11-01.02.19:754][418]LogModuleManager: Shutting down and abandoning module Overlay (294)
[2026.05.11-01.02.19:754][418]LogModuleManager: Shutting down and abandoning module OverlayEditor (293)
[2026.05.11-01.02.19:754][418]LogModuleManager: Shutting down and abandoning module VREditor (290)
[2026.05.11-01.02.19:754][418]LogModuleManager: Shutting down and abandoning module StringTableEditor (288)
[2026.05.11-01.02.19:755][418]LogModuleManager: Shutting down and abandoning module GameplayTasksEditor (286)
[2026.05.11-01.02.19:755][418]LogModuleManager: Shutting down and abandoning module BehaviorTreeEditor (284)
[2026.05.11-01.02.19:755][418]LogModuleManager: Shutting down and abandoning module FunctionalTesting (282)
[2026.05.11-01.02.19:755][418]LogModuleManager: Shutting down and abandoning module CollisionAnalyzer (280)
[2026.05.11-01.02.19:755][418]LogModuleManager: Shutting down and abandoning module WorkspaceMenuStructure (279)
[2026.05.11-01.02.19:755][418]LogModuleManager: Shutting down and abandoning module UMG (276)
[2026.05.11-01.02.19:755][418]LogModuleManager: Shutting down and abandoning module UMGEditor (275)
[2026.05.11-01.02.19:756][418]LogModuleManager: Shutting down and abandoning module MessageLog (273)
[2026.05.11-01.02.19:756][418]LogModuleManager: Shutting down and abandoning module SlateReflector (268)
[2026.05.11-01.02.19:757][418]LogModuleManager: Shutting down and abandoning module Slate (266)
[2026.05.11-01.02.19:757][418]LogModuleManager: Shutting down and abandoning module SlateCore (264)
[2026.05.11-01.02.19:757][418]LogModuleManager: Shutting down and abandoning module LandscapeEditorUtilities (262)
[2026.05.11-01.02.19:757][418]LogModuleManager: Shutting down and abandoning module UnrealEd (260)
[2026.05.11-01.02.19:757][418]LogModuleManager: Shutting down and abandoning module MRMesh (258)
[2026.05.11-01.02.19:757][418]LogModuleManager: Shutting down and abandoning module SourceCodeAccess (256)
[2026.05.11-01.02.19:757][418]LogModuleManager: Shutting down and abandoning module HeadMountedDisplay (254)
[2026.05.11-01.02.19:757][418]LogModuleManager: Shutting down and abandoning module XAudio2 (252)
[2026.05.11-01.02.19:757][418]LogModuleManager: Shutting down and abandoning module Networking (250)
[2026.05.11-01.02.19:757][418]LogModuleManager: Shutting down and abandoning module Core (248)
[2026.05.11-01.02.19:757][418]LogModuleManager: Shutting down and abandoning module MaterialEditor (246)
[2026.05.11-01.02.19:758][418]LogModuleManager: Shutting down and abandoning module MovieSceneTools (244)
[2026.05.11-01.02.19:758][418]LogModuleManager: Shutting down and abandoning module CurveEditor (243)
[2026.05.11-01.02.19:759][418]LogModuleManager: Shutting down and abandoning module Sequencer (241)
[2026.05.11-01.02.19:759][418]LogModuleManager: Shutting down and abandoning module EditorStyle (240)
[2026.05.11-01.02.19:760][418]LogModuleManager: Shutting down and abandoning module KismetCompiler (236)
[2026.05.11-01.02.19:760][418]LogModuleManager: Shutting down and abandoning module MeshBuilder (234)
[2026.05.11-01.02.19:760][418]LogModuleManager: Shutting down and abandoning module MeshUtilities (232)
[2026.05.11-01.02.19:760][418]LogModuleManager: Shutting down and abandoning module MeshMergeUtilities (231)
[2026.05.11-01.02.19:761][418]LogModuleManager: Shutting down and abandoning module MeshReductionInterface (230)
[2026.05.11-01.02.19:761][418]LogModuleManager: Shutting down and abandoning module MeshBoneReduction (229)
[2026.05.11-01.02.19:761][418]LogModuleManager: Shutting down and abandoning module SkeletalMeshReduction (227)
[2026.05.11-01.02.19:761][418]LogModuleManager: Shutting down and abandoning module ProxyLODMeshReduction (225)
[2026.05.11-01.02.19:761][418]LogModuleManager: Shutting down and abandoning module QuadricMeshReduction (223)
[2026.05.11-01.02.19:761][418]LogModuleManager: Shutting down and abandoning module MaterialBaking (219)
[2026.05.11-01.02.19:762][418]LogModuleManager: Shutting down and abandoning module NullInstallBundleManager (214)
[2026.05.11-01.02.19:762][418]LogModuleManager: Shutting down and abandoning module DerivedDataCache (212)
[2026.05.11-01.02.19:762][418]LogModuleManager: Shutting down and abandoning module TargetPlatform (210)
[2026.05.11-01.02.19:762][418]LogModuleManager: Shutting down and abandoning module VulkanShaderFormat (209)
[2026.05.11-01.02.19:762][418]LogModuleManager: Shutting down and abandoning module ShaderFormatVectorVM (207)
[2026.05.11-01.02.19:763][418]LogModuleManager: Shutting down and abandoning module ShaderFormatOpenGL (205)
[2026.05.11-01.02.19:763][418]LogModuleManager: Shutting down and abandoning module ShaderFormatD3D (203)
[2026.05.11-01.02.19:763][418]LogModuleManager: Shutting down and abandoning module MetalShaderFormat (201)
[2026.05.11-01.02.19:763][418]LogModuleManager: Shutting down and abandoning module TextureFormatOodle (199)
[2026.05.11-01.02.19:763][418]LogModuleManager: Shutting down and abandoning module TextureFormatUncompressed (197)
[2026.05.11-01.02.19:763][418]LogModuleManager: Shutting down and abandoning module TextureFormatPVR (195)
[2026.05.11-01.02.19:763][418]LogModuleManager: Shutting down and abandoning module TextureFormatETC2 (193)
[2026.05.11-01.02.19:763][418]LogModuleManager: Shutting down and abandoning module TextureFormatDXT (191)
[2026.05.11-01.02.19:763][418]LogModuleManager: Shutting down and abandoning module TextureFormatIntelISPCTexComp (189)
[2026.05.11-01.02.19:765][418]LogModuleManager: Shutting down and abandoning module TextureFormatASTC (187)
[2026.05.11-01.02.19:765][418]LogModuleManager: Shutting down and abandoning module ImageWrapper (186)
[2026.05.11-01.02.19:765][418]LogModuleManager: Shutting down and abandoning module AudioFormatOpus (183)
[2026.05.11-01.02.19:765][418]LogModuleManager: Shutting down and abandoning module AudioFormatOgg (181)
[2026.05.11-01.02.19:765][418]LogModuleManager: Shutting down and abandoning module AudioFormatADPCM (179)
[2026.05.11-01.02.19:765][418]LogModuleManager: Shutting down and abandoning module WindowsServerTargetPlatform (177)
[2026.05.11-01.02.19:765][418]LogModuleManager: Shutting down and abandoning module WindowsClientTargetPlatform (175)
[2026.05.11-01.02.19:765][418]LogModuleManager: Shutting down and abandoning module WindowsTargetPlatform (173)
[2026.05.11-01.02.19:765][418]LogModuleManager: Shutting down and abandoning module WindowsNoEditorTargetPlatform (171)
[2026.05.11-01.02.19:765][418]LogModuleManager: Shutting down and abandoning module TVOSTargetPlatform (169)
[2026.05.11-01.02.19:767][418]LogModuleManager: Shutting down and abandoning module MacServerTargetPlatform (167)
[2026.05.11-01.02.19:767][418]LogModuleManager: Shutting down and abandoning module MacClientTargetPlatform (165)
[2026.05.11-01.02.19:767][418]LogModuleManager: Shutting down and abandoning module MacTargetPlatform (163)
[2026.05.11-01.02.19:767][418]LogModuleManager: Shutting down and abandoning module MacNoEditorTargetPlatform (161)
[2026.05.11-01.02.19:767][418]LogModuleManager: Shutting down and abandoning module LuminTargetPlatform (159)
[2026.05.11-01.02.19:770][418]LogModuleManager: Shutting down and abandoning module LinuxAArch64ServerTargetPlatform (157)
[2026.05.11-01.02.19:770][418]LogModuleManager: Shutting down and abandoning module LinuxAArch64ClientTargetPlatform (155)
[2026.05.11-01.02.19:770][418]LogModuleManager: Shutting down and abandoning module LinuxAArch64NoEditorTargetPlatform (153)
[2026.05.11-01.02.19:770][418]LogModuleManager: Shutting down and abandoning module LinuxServerTargetPlatform (151)
[2026.05.11-01.02.19:770][418]LogModuleManager: Shutting down and abandoning module LinuxClientTargetPlatform (149)
[2026.05.11-01.02.19:770][418]LogModuleManager: Shutting down and abandoning module LinuxNoEditorTargetPlatform (147)
[2026.05.11-01.02.19:770][418]LogModuleManager: Shutting down and abandoning module LinuxTargetPlatform (145)
[2026.05.11-01.02.19:770][418]LogModuleManager: Shutting down and abandoning module Messaging (143)
[2026.05.11-01.02.19:770][418]LogModuleManager: Shutting down and abandoning module IOSTargetPlatform (141)
[2026.05.11-01.02.19:772][418]LogModuleManager: Shutting down and abandoning module AndroidTargetPlatform (139)
[2026.05.11-01.02.19:780][418]LogModuleManager: Shutting down and abandoning module AllDesktopTargetPlatform (137)
[2026.05.11-01.02.19:780][418]LogModuleManager: Shutting down and abandoning module D3D11RHI (134)
[2026.05.11-01.02.19:780][418]LogModuleManager: Shutting down and abandoning module InputCore (132)
[2026.05.11-01.02.19:780][418]LogModuleManager: Shutting down and abandoning module Settings (130)
[2026.05.11-01.02.19:780][418]LogModuleManager: Shutting down and abandoning module DirectoryWatcher (128)
[2026.05.11-01.02.19:780][418]LogModuleManager: Shutting down and abandoning module PhysXCooking (126)
[2026.05.11-01.02.19:780][418]LogModuleManager: Shutting down and abandoning module Chaos (124)
[2026.05.11-01.02.19:780][418]LogModuleManager: Shutting down and abandoning module WindowsPlatformFeatures (122)
[2026.05.11-01.02.19:781][418]LogModuleManager: Shutting down and abandoning module GameplayMediaEncoder (121)
[2026.05.11-01.02.19:781][418]LogModuleManager: Shutting down and abandoning module AVEncoder (120)
[2026.05.11-01.02.19:781][418]LogModuleManager: Shutting down and abandoning module SteamVRInputDevice (116)
[2026.05.11-01.02.19:781][418]LogModuleManager: Shutting down and abandoning module SteamVRInput (114)
[2026.05.11-01.02.19:781][418]LogModuleManager: Shutting down and abandoning module SteamVR (112)
[2026.05.11-01.02.19:781][418]LogHMD: Freeing OpenVRDLLHandle.
[2026.05.11-01.02.19:781][418]LogModuleManager: Shutting down and abandoning module OculusHMD (110)
[2026.05.11-01.02.19:781][418]LogModuleManager: Shutting down and abandoning module OpenXRHandTracking (108)
[2026.05.11-01.02.19:781][418]LogSlate: Slate User Destroyed.  User Index 0, Is Virtual User: 0
[2026.05.11-01.02.19:781][418]LogModuleManager: Shutting down and abandoning module OpenXRAR (106)
[2026.05.11-01.02.19:781][418]LogModuleManager: Shutting down and abandoning module AugmentedReality (105)
[2026.05.11-01.02.19:781][418]LogModuleManager: Shutting down and abandoning module OpenXRHMD (102)
[2026.05.11-01.02.19:783][418]LogModuleManager: Shutting down and abandoning module OpenXREyeTracker (100)
[2026.05.11-01.02.19:783][418]LogModuleManager: Shutting down and abandoning module ExampleDeviceProfileSelector (98)
[2026.05.11-01.02.19:783][418]LogModuleManager: Shutting down and abandoning module ChunkDownloader (96)
[2026.05.11-01.02.19:783][418]LogModuleManager: Shutting down and abandoning module OnlineBlueprintSupport (94)
[2026.05.11-01.02.19:783][418]LogModuleManager: Shutting down and abandoning module OnlineSubsystem (90)
[2026.05.11-01.02.19:785][418]LogModuleManager: Shutting down and abandoning module XMPP (85)
[2026.05.11-01.02.19:786][418]LogModuleManager: Shutting down and abandoning module WebSockets (84)
[2026.05.11-01.02.19:794][418]LogModuleManager: Shutting down and abandoning module HTTP (81)
[2026.05.11-01.02.19:794][418]LogHttp: Display: Http module shutting down, but needs to wait on 1 outstanding Http requests:
[2026.05.11-01.02.19:794][418]LogHttp: Display: 	verb=[POST] url=[https://datarouter.ol.epicgames.com/datarouter/api/v1/public/data?SessionID=%7BD3324FCC-47E4-521C-2EFA-F4B25DD3D05E%7D&AppID=UEEditor.Rocket.Release&AppVersion=4.27.2-18319896%2B%2B%2BUE4%2BRelease-4.27&UserID=55c73c474e92d0c37f07ab8febe04a38%7C81d32e9996224e89b0dfec987a357124%7Cdc1b3db0-7ab3-4480-bd05-cd7efc218524&AppEnvironment=datacollector-binary&UploadType=eteventstream] refs=[1] status=Processing
[2026.05.11-01.02.19:794][418]LogHttp: Display: cleaning up 1 outstanding Http requests.
[2026.05.11-01.02.19:820][418]LogModuleManager: Shutting down and abandoning module SSL (80)
[2026.05.11-01.02.19:820][418]LogModuleManager: Shutting down and abandoning module LauncherChunkInstaller (76)
[2026.05.11-01.02.19:820][418]LogModuleManager: Shutting down and abandoning module WmfMedia (74)
[2026.05.11-01.02.19:822][418]LogModuleManager: Shutting down and abandoning module Media (73)
[2026.05.11-01.02.19:823][418]LogModuleManager: Shutting down and abandoning module MediaInfo (72)
[2026.05.11-01.02.19:823][418]LogModuleManager: Shutting down and abandoning module ExrReaderGpu (68)
[2026.05.11-01.02.19:823][418]LogModuleManager: Shutting down and abandoning module ChaosCloth (66)
[2026.05.11-01.02.19:823][418]LogModuleManager: Shutting down and abandoning module MLSDK (64)
[2026.05.11-01.02.19:823][418]LogModuleManager: Shutting down and abandoning module DatasmithContent (62)
[2026.05.11-01.02.19:823][418]LogModuleManager: Shutting down and abandoning module NiagaraVertexFactories (60)
[2026.05.11-01.02.19:823][418]LogModuleManager: Shutting down and abandoning module NiagaraShader (58)
[2026.05.11-01.02.19:823][418]LogModuleManager: Shutting down and abandoning module MagicLeap (56)
[2026.05.11-01.02.19:823][418]LogModuleManager: Shutting down and abandoning module VariantManagerContent (54)
[2026.05.11-01.02.19:823][418]LogModuleManager: Shutting down and abandoning module PixWinPlugin (52)
[2026.05.11-01.02.19:823][418]LogModuleManager: Shutting down and abandoning module AISupportModule (50)
[2026.05.11-01.02.19:823][418]LogModuleManager: Shutting down and abandoning module DesktopPlatform (48)
[2026.05.11-01.02.19:823][418]LogModuleManager: Shutting down and abandoning module PythonScriptPluginPreload (46)
[2026.05.11-01.02.19:823][418]LogModuleManager: Shutting down and abandoning module PlatformCryptoOpenSSL (44)
[2026.05.11-01.02.19:824][418]LogModuleManager: Shutting down and abandoning module PlatformCryptoTypes (42)
[2026.05.11-01.02.19:824][418]LogModuleManager: Shutting down and abandoning module PlatformCrypto (40)
[2026.05.11-01.02.19:824][418]LogModuleManager: Shutting down and abandoning module OodleDataCompressionFormat (38)
[2026.05.11-01.02.19:824][418]LogModuleManager: Shutting down and abandoning module XGEController (36)
[2026.05.11-01.02.19:824][418]LogModuleManager: Shutting down and abandoning module AnimationModifiers (34)
[2026.05.11-01.02.19:824][418]LogModuleManager: Shutting down and abandoning module AudioEditor (32)
[2026.05.11-01.02.19:824][418]LogModuleManager: Shutting down and abandoning module PropertyEditor (31)
[2026.05.11-01.02.19:826][418]LogModuleManager: Shutting down and abandoning module TextureCompressor (28)
[2026.05.11-01.02.19:826][418]LogModuleManager: Shutting down and abandoning module RenderCore (26)
[2026.05.11-01.02.19:826][418]LogModuleManager: Shutting down and abandoning module Landscape (24)
[2026.05.11-01.02.19:826][418]LogModuleManager: Shutting down and abandoning module SlateRHIRenderer (22)
[2026.05.11-01.02.19:827][418]LogModuleManager: Shutting down and abandoning module AnimGraphRuntime (20)
[2026.05.11-01.02.19:828][418]LogModuleManager: Shutting down and abandoning module Renderer (18)
[2026.05.11-01.02.19:828][418]LogModuleManager: Shutting down and abandoning module Engine (16)
[2026.05.11-01.02.19:828][418]LogModuleManager: Shutting down and abandoning module CoreUObject (14)
[2026.05.11-01.02.19:828][418]LogModuleManager: Shutting down and abandoning module NetworkFile (12)
[2026.05.11-01.02.19:828][418]LogModuleManager: Shutting down and abandoning module CookedIterativeFile (10)
[2026.05.11-01.02.19:828][418]LogModuleManager: Shutting down and abandoning module StreamingFile (8)
[2026.05.11-01.02.19:828][418]LogModuleManager: Shutting down and abandoning module SandboxFile (6)
[2026.05.11-01.02.19:828][418]LogModuleManager: Shutting down and abandoning module PakFile (4)
[2026.05.11-01.02.19:828][418]LogModuleManager: Shutting down and abandoning module RSA (3)
[2026.05.11-01.02.19:829][418]LogContentStreaming: Display: There are 1 unreleased StreamingManagers
[2026.05.11-01.02.19:857][418]LogD3D11RHI: Shutdown
[2026.05.11-01.02.19:857][418]LogD3D11RHI: CleanupD3DDevice
[2026.05.11-01.02.19:861][418]LogExit: Exiting.
[2026.05.11-01.02.19:869][418]Log file closed, 05/11/26 10:02:19
