Log file open, 06/05/26 16:21:24
LogWindows: Failed to load 'aqProf.dll' (GetLastError=126)
LogWindows: File 'aqProf.dll' does not exist
LogWindows: Failed to load 'VtuneApi.dll' (GetLastError=126)
LogWindows: File 'VtuneApi.dll' does not exist
LogWindows: Failed to load 'VtuneApi32e.dll' (GetLastError=126)
LogWindows: File 'VtuneApi32e.dll' does not exist
LogConsoleResponse: Display: Failed to find resolution value strings in scalability ini. Falling back to default.
LogConsoleResponse: Display: Failed to find resolution value strings in scalability ini. Falling back to default.
LogInit: Display: Running engine for game: Alsv4
LogPlatformFile: Not using cached read wrapper
LogTaskGraph: Started task graph with 5 named threads and 71 total threads with 3 sets of task threads.
LogStats: Stats thread started at 0.193594
LogICUInternationalization: ICU TimeZone Detection - Raw Offset: +9:00, Platform Override: ''
LogInit: Display: Loading text-based GConfig....
LogPluginManager: Mounting plugin MeshPainting
LogPluginManager: Mounting plugin XGEController
LogPluginManager: Mounting plugin EnvironmentQueryEditor
LogPluginManager: Mounting plugin Paper2D
LogPluginManager: Mounting plugin AISupport
LogPluginManager: Mounting plugin LightPropagationVolume
LogPluginManager: Mounting plugin CameraShakePreviewer
LogPluginManager: Mounting plugin LiveLink
LogPluginManager: Mounting plugin GameplayCameras
LogPluginManager: Mounting plugin OodleData
LogPluginManager: Mounting plugin OodleNetwork
LogPluginManager: Mounting plugin AssetManagerEditor
LogPluginManager: Mounting plugin CurveEditorTools
LogPluginManager: Mounting plugin DataValidation
LogPluginManager: Mounting plugin MacGraphicsSwitching
LogPluginManager: Mounting plugin MaterialAnalyzer
LogPluginManager: Mounting plugin CryptoKeys
LogPluginManager: Mounting plugin PluginBrowser
LogPluginManager: Mounting plugin MobileLauncherProfileWizard
LogPluginManager: Mounting plugin FacialAnimation
LogPluginManager: Mounting plugin SpeedTreeImporter
LogPluginManager: Mounting plugin GeometryMode
LogPluginManager: Mounting plugin GameplayTagsEditor
LogPluginManager: Mounting plugin VariantManagerContent
LogPluginManager: Mounting plugin Niagara
LogPluginManager: Mounting plugin AnimationSharing
LogPluginManager: Mounting plugin CodeLiteSourceCodeAccess
LogPluginManager: Mounting plugin DatasmithContent
LogPluginManager: Mounting plugin GitSourceControl
LogPluginManager: Mounting plugin KDevelopSourceCodeAccess
LogPluginManager: Mounting plugin NullSourceCodeAccess
LogPluginManager: Mounting plugin PerforceSourceControl
LogPluginManager: Mounting plugin PlasticSourceControl
LogPluginManager: Mounting plugin PluginUtils
LogPluginManager: Mounting plugin PixWinPlugin
LogPluginManager: Mounting plugin CLionSourceCodeAccess
LogPluginManager: Mounting plugin TextureFormatOodle
LogPluginManager: Mounting plugin UObjectPlugin
LogPluginManager: Mounting plugin XCodeSourceCodeAccess
LogPluginManager: Mounting plugin VisualStudioCodeSourceCodeAccess
LogPluginManager: Mounting plugin VisualStudioSourceCodeAccess
LogPluginManager: Mounting plugin SubversionSourceControl
LogPluginManager: Mounting plugin AlembicImporter
LogPluginManager: Mounting plugin MagicLeap
LogPluginManager: Mounting plugin LuminPlatformFeatures
LogPluginManager: Mounting plugin RiderSourceCodeAccess
LogPluginManager: Mounting plugin BackChannel
LogPluginManager: Mounting plugin ChaosCloth
LogPluginManager: Mounting plugin ChaosEditor
LogPluginManager: Mounting plugin ChaosNiagara
LogPluginManager: Mounting plugin CharacterAI
LogPluginManager: Mounting plugin PropertyAccessNode
LogPluginManager: Mounting plugin ChaosSolverPlugin
LogPluginManager: Mounting plugin ChaosClothEditor
LogPluginManager: Mounting plugin AvfMedia
LogPluginManager: Mounting plugin AndroidMedia
LogPluginManager: Mounting plugin AutomationUtils
LogPluginManager: Mounting plugin MagicLeapLightEstimation
LogPluginManager: Mounting plugin GeometryCollectionPlugin
LogPluginManager: Mounting plugin MagicLeapMedia
LogPluginManager: Mounting plugin MLSDK
LogPluginManager: Mounting plugin MagicLeapPassableWorld
LogPluginManager: Mounting plugin ImgMedia
LogPluginManager: Mounting plugin MediaCompositing
LogPluginManager: Mounting plugin MediaPlayerEditor
LogPluginManager: Mounting plugin GeometryCache
LogPluginManager: Mounting plugin WmfMedia
LogPluginManager: Mounting plugin WebMMedia
LogPluginManager: Mounting plugin TcpMessaging
LogPluginManager: Mounting plugin UdpMessaging
LogPluginManager: Mounting plugin GeometryProcessing
LogPluginManager: Mounting plugin MotoSynth
LogPluginManager: Mounting plugin OpenImageDenoise
LogPluginManager: Mounting plugin PythonScriptPlugin
LogPluginManager: Mounting plugin PlatformCrypto
LogPluginManager: Mounting plugin PlanarCut
LogPluginManager: Mounting plugin ProxyLODPlugin
LogPluginManager: Mounting plugin LevelSequenceEditor
LogPluginManager: Mounting plugin SkeletalReduction
LogPluginManager: Mounting plugin TemplateSequence
LogPluginManager: Mounting plugin MatineeToLevelSequence
LogPluginManager: Mounting plugin OnlineSubsystem
LogPluginManager: Mounting plugin LauncherChunkInstaller
LogPluginManager: Mounting plugin OnlineSubsystemUtils
LogPluginManager: Mounting plugin OnlineSubsystemNull
LogPluginManager: Mounting plugin ActorSequence
LogPluginManager: Mounting plugin AndroidDeviceProfileSelector
LogPluginManager: Mounting plugin AndroidMoviePlayer
LogPluginManager: Mounting plugin AndroidPermission
LogPluginManager: Mounting plugin ActorLayerUtilities
LogPluginManager: Mounting plugin AppleMoviePlayer
LogPluginManager: Mounting plugin AssetTags
LogPluginManager: Mounting plugin AudioSynesthesia
LogPluginManager: Mounting plugin AppleImageUtils
LogPluginManager: Mounting plugin AudioCapture
LogPluginManager: Mounting plugin CustomMeshComponent
LogPluginManager: Mounting plugin ArchVisCharacter
LogPluginManager: Mounting plugin GoogleCloudMessaging
LogPluginManager: Mounting plugin EditableMesh
LogPluginManager: Mounting plugin GooglePAD
LogPluginManager: Mounting plugin CableComponent
LogPluginManager: Mounting plugin ChunkDownloader
LogPluginManager: Mounting plugin ExampleDeviceProfileSelector
LogPluginManager: Mounting plugin LinuxDeviceProfileSelector
LogPluginManager: Mounting plugin IOSDeviceProfileSelector
LogPluginManager: Mounting plugin MobilePatchingUtils
LogPluginManager: Mounting plugin LocationServicesBPLibrary
LogPluginManager: Mounting plugin ScreenshotTools
LogPluginManager: Mounting plugin OpenXREyeTracker
LogPluginManager: Mounting plugin OpenXR
LogPluginManager: Mounting plugin OpenXRHandTracking
LogPluginManager: Mounting plugin PhysXVehicles
LogPluginManager: Mounting plugin SignificanceManager
LogPluginManager: Mounting plugin RuntimePhysXCooking
LogPluginManager: Mounting plugin PropertyAccessEditor
LogPluginManager: Mounting plugin SoundFields
LogPluginManager: Mounting plugin ProceduralMeshComponent
LogPluginManager: Mounting plugin PostSplashScreen
LogPluginManager: Mounting plugin Synthesis
LogPluginManager: Mounting plugin WindowsMoviePlayer
LogPluginManager: Mounting plugin Takes
LogPluginManager: Mounting plugin WebMMoviePlayer
LogPluginManager: Mounting plugin ContentBrowserFileDataSource
LogPluginManager: Mounting plugin ContentBrowserAssetDataSource
LogPluginManager: Mounting plugin ContentBrowserClassDataSource
LogPluginManager: Mounting plugin RiderLink
LogPluginManager: Mounting plugin OnlineSubsystemGooglePlay
LogPluginManager: Mounting plugin OnlineSubsystemIOS
LogPluginManager: Mounting plugin OculusVR
LogPluginManager: Mounting plugin SteamVR
PixWinPlugin: PIX capture plugin failed to initialize! Check that the process is launched from PIX.
LogInit: Using libcurl 7.55.1-DEV
LogInit:  - built for x86_64-pc-win32
LogInit:  - supports SSL with OpenSSL/1.1.1
LogInit:  - supports HTTP deflate (compression) using libz 1.2.8
LogInit:  - other features:
LogInit:      CURL_VERSION_SSL
LogInit:      CURL_VERSION_LIBZ
LogInit:      CURL_VERSION_IPV6
LogInit:      CURL_VERSION_ASYNCHDNS
LogInit:      CURL_VERSION_LARGEFILE
LogInit:      CURL_VERSION_IDN
LogInit:  CurlRequestOptions (configurable via config and command line):
LogInit:  - bVerifyPeer = true  - Libcurl will verify peer certificate
LogInit:  - bUseHttpProxy = false  - Libcurl will NOT use HTTP proxy
LogInit:  - bDontReuseConnections = false  - Libcurl will reuse connections
LogInit:  - MaxHostConnections = 16  - Libcurl will limit the number of connections to a host
LogInit:  - LocalHostAddr = Default
LogInit:  - BufferSize = 65536
LogOnline: OSS: Creating online subsystem instance for: NULL
LogInit: WinSock: version 1.1 (2.2), MaxSocks=32767, MaxUdp=65467
LogOnline: OSS: TryLoadSubsystemAndSetDefault: Loaded subsystem for module [NULL]
LogOculusPluginWrapper: OculusPlugin initialized successfully
LogHMD: Failed initializing OVRPlugin 1.59.0
LogInit: Build: ++UE4+Release-4.27-CL-18319896
LogInit: Engine Version: 4.27.2-18319896+++UE4+Release-4.27
LogInit: Compatible Engine Version: 4.27.0-17155196+++UE4+Release-4.27
LogInit: Net CL: 17155196
LogInit: OS: Windows 10 (Release 2009) (), CPU: 13th Gen Intel(R) Core(TM) i7-13700, GPU: Intel(R) UHD Graphics 770
LogInit: Compiled (64-bit): Nov 30 2021 07:12:08
LogInit: Compiled with Visual C++: 19.24.28315.00
LogInit: Build Configuration: Development
LogInit: Branch Name: ++UE4+Release-4.27
LogInit: Command Line: 
LogInit: Base Directory: C:/Program Files/Epic Games/UE_4.27/Engine/Binaries/Win64/
LogInit: Allocator: TBB
LogInit: Installed Engine Build: 1
LogDevObjectVersion: Number of dev versions registered: 29
LogDevObjectVersion:   Dev-Blueprints (B0D832E4-1F89-4F0D-ACCF-7EB736FD4AA2): 10
LogDevObjectVersion:   Dev-Build (E1C64328-A22C-4D53-A36C-8E866417BD8C): 0
LogDevObjectVersion:   Dev-Core (375EC13C-06E4-48FB-B500-84F0262A717E): 4
LogDevObjectVersion:   Dev-Editor (E4B068ED-F494-42E9-A231-DA0B2E46BB41): 40
LogDevObjectVersion:   Dev-Framework (CFFC743F-43B0-4480-9391-14DF171D2073): 37
LogDevObjectVersion:   Dev-Mobile (B02B49B5-BB20-44E9-A304-32B752E40360): 3
LogDevObjectVersion:   Dev-Networking (A4E4105C-59A1-49B5-A7C5-40C4547EDFEE): 0
LogDevObjectVersion:   Dev-Online (39C831C9-5AE6-47DC-9A44-9C173E1C8E7C): 0
LogDevObjectVersion:   Dev-Physics (78F01B33-EBEA-4F98-B9B4-84EACCB95AA2): 14
LogDevObjectVersion:   Dev-Platform (6631380F-2D4D-43E0-8009-CF276956A95A): 0
LogDevObjectVersion:   Dev-Rendering (12F88B9F-8875-4AFC-A67C-D90C383ABD29): 45
LogDevObjectVersion:   Dev-Sequencer (7B5AE74C-D270-4C10-A958-57980B212A5A): 13
LogDevObjectVersion:   Dev-VR (D7296918-1DD6-4BDD-9DE2-64A83CC13884): 3
LogDevObjectVersion:   Dev-LoadTimes (C2A15278-BFE7-4AFE-6C17-90FF531DF755): 1
LogDevObjectVersion:   Private-Geometry (6EACA3D4-40EC-4CC1-B786-8BED09428FC5): 3
LogDevObjectVersion:   Dev-AnimPhys (29E575DD-E0A3-4627-9D10-D276232CDCEA): 17
LogDevObjectVersion:   Dev-Anim (AF43A65D-7FD3-4947-9873-3E8ED9C1BB05): 15
LogDevObjectVersion:   Dev-ReflectionCapture (6B266CEC-1EC7-4B8F-A30B-E4D90942FC07): 1
LogDevObjectVersion:   Dev-Automation (0DF73D61-A23F-47EA-B727-89E90C41499A): 1
LogDevObjectVersion:   FortniteMain (601D1886-AC64-4F84-AA16-D3DE0DEAC7D6): 47
LogDevObjectVersion:   FortniteRelease (E7086368-6B23-4C58-8439-1B7016265E91): 1
LogDevObjectVersion:   Dev-Enterprise (9DFFBCD6-494F-0158-E221-12823C92A888): 10
LogDevObjectVersion:   Dev-Niagara (F2AED0AC-9AFE-416F-8664-AA7FFA26D6FC): 1
LogDevObjectVersion:   Dev-Destruction (174F1F0B-B4C6-45A5-B13F-2EE8D0FB917D): 10
LogDevObjectVersion:   Dev-Physics-Ext (35F94A83-E258-406C-A318-09F59610247C): 41
LogDevObjectVersion:   Dev-PhysicsMaterial-Chaos (B68FC16E-8B1B-42E2-B453-215C058844FE): 1
LogDevObjectVersion:   Dev-CineCamera (B2E18506-4273-CFC2-A54E-F4BB758BBA07): 1
LogDevObjectVersion:   Dev-VirtualProduction (64F58936-FD1B-42BA-BA96-7289D5D0FA4E): 1
LogDevObjectVersion:   Dev-MediaFramework (6F0ED827-A609-4895-9C91-998D90180EA4): 2
LogInit: Presizing for max 25165824 objects, including 0 objects not considered by GC, pre-allocating 0 bytes for permanent pool.
LogConfig: Applying CVar settings from Section [/Script/Engine.StreamingSettings] File [C:/UEProject/UnrealLearn/Alsv4/Saved/Config/Windows/Engine.ini]
LogConfig: Setting CVar [[s.MinBulkDataSizeForAsyncLoading:131072]]
LogConfig: Setting CVar [[s.AsyncLoadingThreadEnabled:0]]
LogConfig: Setting CVar [[s.EventDrivenLoaderEnabled:1]]
LogConfig: Setting CVar [[s.WarnIfTimeLimitExceeded:0]]
LogConfig: Setting CVar [[s.TimeLimitExceededMultiplier:1.5]]
LogConfig: Setting CVar [[s.TimeLimitExceededMinTime:0.005]]
LogConfig: Setting CVar [[s.UseBackgroundLevelStreaming:1]]
LogConfig: Setting CVar [[s.PriorityAsyncLoadingExtraTime:15.0]]
LogConfig: Setting CVar [[s.LevelStreamingActorsUpdateTimeLimit:5.0]]
LogConfig: Setting CVar [[s.PriorityLevelStreamingActorsUpdateExtraTime:5.0]]
LogConfig: Setting CVar [[s.LevelStreamingComponentsRegistrationGranularity:10]]
LogConfig: Setting CVar [[s.UnregisterComponentsTimeLimit:1.0]]
LogConfig: Setting CVar [[s.LevelStreamingComponentsUnregistrationGranularity:5]]
LogConfig: Setting CVar [[s.FlushStreamingOnExit:1]]
LogInit: Object subsystem initialized
LogConfig: Setting CVar [[con.DebugEarlyDefault:1]]
LogConfig: Setting CVar [[r.setres:1280x720]]
[2026.06.05-07.21.25:110][  0]LogConfig: Setting CVar [[r.VSync:0]]
[2026.06.05-07.21.25:110][  0]LogConfig: Setting CVar [[r.RHICmdBypass:0]]
[2026.06.05-07.21.25:110][  0]LogConfig: Applying CVar settings from Section [/Script/Engine.RendererSettings] File [C:/UEProject/UnrealLearn/Alsv4/Saved/Config/Windows/Engine.ini]
[2026.06.05-07.21.25:110][  0]LogConfig: Setting CVar [[r.GPUCrashDebugging:0]]
[2026.06.05-07.21.25:110][  0]LogConfig: Applying CVar settings from Section [/Script/Engine.RendererOverrideSettings] File [C:/UEProject/UnrealLearn/Alsv4/Saved/Config/Windows/Engine.ini]
[2026.06.05-07.21.25:110][  0]LogConfig: Applying CVar settings from Section [/Script/Engine.StreamingSettings] File [C:/UEProject/UnrealLearn/Alsv4/Saved/Config/Windows/Engine.ini]
[2026.06.05-07.21.25:110][  0]LogConfig: Setting CVar [[s.MinBulkDataSizeForAsyncLoading:131072]]
[2026.06.05-07.21.25:110][  0]LogConfig: Setting CVar [[s.AsyncLoadingThreadEnabled:0]]
[2026.06.05-07.21.25:110][  0]LogConfig: Setting CVar [[s.EventDrivenLoaderEnabled:1]]
[2026.06.05-07.21.25:110][  0]LogConfig: Setting CVar [[s.WarnIfTimeLimitExceeded:0]]
[2026.06.05-07.21.25:110][  0]LogConfig: Setting CVar [[s.TimeLimitExceededMultiplier:1.5]]
[2026.06.05-07.21.25:110][  0]LogConfig: Setting CVar [[s.TimeLimitExceededMinTime:0.005]]
[2026.06.05-07.21.25:110][  0]LogConfig: Setting CVar [[s.UseBackgroundLevelStreaming:1]]
[2026.06.05-07.21.25:110][  0]LogConfig: Setting CVar [[s.PriorityAsyncLoadingExtraTime:15.0]]
[2026.06.05-07.21.25:110][  0]LogConfig: Setting CVar [[s.LevelStreamingActorsUpdateTimeLimit:5.0]]
[2026.06.05-07.21.25:110][  0]LogConfig: Setting CVar [[s.PriorityLevelStreamingActorsUpdateExtraTime:5.0]]
[2026.06.05-07.21.25:110][  0]LogConfig: Setting CVar [[s.LevelStreamingComponentsRegistrationGranularity:10]]
[2026.06.05-07.21.25:110][  0]LogConfig: Setting CVar [[s.UnregisterComponentsTimeLimit:1.0]]
[2026.06.05-07.21.25:110][  0]LogConfig: Setting CVar [[s.LevelStreamingComponentsUnregistrationGranularity:5]]
[2026.06.05-07.21.25:110][  0]LogConfig: Setting CVar [[s.FlushStreamingOnExit:1]]
[2026.06.05-07.21.25:111][  0]LogConfig: Applying CVar settings from Section [/Script/Engine.GarbageCollectionSettings] File [C:/UEProject/UnrealLearn/Alsv4/Saved/Config/Windows/Engine.ini]
[2026.06.05-07.21.25:111][  0]LogConfig: Setting CVar [[gc.MaxObjectsNotConsideredByGC:1]]
[2026.06.05-07.21.25:111][  0]LogConfig: Setting CVar [[gc.SizeOfPermanentObjectPool:0]]
[2026.06.05-07.21.25:111][  0]LogConfig: Setting CVar [[gc.FlushStreamingOnGC:0]]
[2026.06.05-07.21.25:111][  0]LogConfig: Setting CVar [[gc.NumRetriesBeforeForcingGC:10]]
[2026.06.05-07.21.25:111][  0]LogConfig: Setting CVar [[gc.AllowParallelGC:1]]
[2026.06.05-07.21.25:111][  0]LogConfig: Setting CVar [[gc.TimeBetweenPurgingPendingKillObjects:61.1]]
[2026.06.05-07.21.25:111][  0]LogConfig: Setting CVar [[gc.MaxObjectsInEditor:25165824]]
[2026.06.05-07.21.25:111][  0]LogConfig: Setting CVar [[gc.IncrementalBeginDestroyEnabled:1]]
[2026.06.05-07.21.25:111][  0]LogConfig: Setting CVar [[gc.CreateGCClusters:1]]
[2026.06.05-07.21.25:111][  0]LogConfig: Setting CVar [[gc.MinGCClusterSize:5]]
[2026.06.05-07.21.25:111][  0]LogConfig: Setting CVar [[gc.ActorClusteringEnabled:0]]
[2026.06.05-07.21.25:111][  0]LogConfig: Setting CVar [[gc.BlueprintClusteringEnabled:0]]
[2026.06.05-07.21.25:111][  0]LogConfig: Setting CVar [[gc.UseDisregardForGCOnDedicatedServers:0]]
[2026.06.05-07.21.25:111][  0]LogConfig: Setting CVar [[gc.MultithreadedDestructionEnabled:1]]
[2026.06.05-07.21.25:111][  0]LogConfig: Applying CVar settings from Section [/Script/Engine.NetworkSettings] File [C:/UEProject/UnrealLearn/Alsv4/Saved/Config/Windows/Engine.ini]
[2026.06.05-07.21.25:111][  0]LogConfig: Applying CVar settings from Section [/Script/UnrealEd.CookerSettings] File [C:/UEProject/UnrealLearn/Alsv4/Saved/Config/Windows/Engine.ini]
[2026.06.05-07.21.25:137][  0]LogConfig: Applying CVar settings from Section [ViewDistanceQuality@3] File [C:/UEProject/UnrealLearn/Alsv4/Saved/Config/Windows/Scalability.ini]
[2026.06.05-07.21.25:137][  0]LogConfig: Setting CVar [[r.SkeletalMeshLODBias:0]]
[2026.06.05-07.21.25:137][  0]LogConfig: Setting CVar [[r.ViewDistanceScale:1.0]]
[2026.06.05-07.21.25:137][  0]LogConfig: Applying CVar settings from Section [AntiAliasingQuality@3] File [C:/UEProject/UnrealLearn/Alsv4/Saved/Config/Windows/Scalability.ini]
[2026.06.05-07.21.25:137][  0]LogConfig: Setting CVar [[r.PostProcessAAQuality:4]]
[2026.06.05-07.21.25:137][  0]LogConfig: Applying CVar settings from Section [ShadowQuality@3] File [C:/UEProject/UnrealLearn/Alsv4/Saved/Config/Windows/Scalability.ini]
[2026.06.05-07.21.25:137][  0]LogConfig: Setting CVar [[r.LightFunctionQuality:1]]
[2026.06.05-07.21.25:137][  0]LogConfig: Setting CVar [[r.ShadowQuality:5]]
[2026.06.05-07.21.25:137][  0]LogConfig: Setting CVar [[r.Shadow.CSM.MaxCascades:10]]
[2026.06.05-07.21.25:137][  0]LogConfig: Setting CVar [[r.Shadow.MaxResolution:2048]]
[2026.06.05-07.21.25:137][  0]LogConfig: Setting CVar [[r.Shadow.MaxCSMResolution:2048]]
[2026.06.05-07.21.25:137][  0]LogConfig: Setting CVar [[r.Shadow.RadiusThreshold:0.01]]
[2026.06.05-07.21.25:137][  0]LogConfig: Setting CVar [[r.Shadow.DistanceScale:1.0]]
[2026.06.05-07.21.25:137][  0]LogConfig: Setting CVar [[r.Shadow.CSM.TransitionScale:1.0]]
[2026.06.05-07.21.25:137][  0]LogConfig: Setting CVar [[r.Shadow.PreShadowResolutionFactor:1.0]]
[2026.06.05-07.21.25:137][  0]LogConfig: Setting CVar [[r.DistanceFieldShadowing:1]]
[2026.06.05-07.21.25:137][  0]LogConfig: Setting CVar [[r.DistanceFieldAO:1]]
[2026.06.05-07.21.25:137][  0]LogConfig: Setting CVar [[r.AOQuality:2]]
[2026.06.05-07.21.25:137][  0]LogConfig: Setting CVar [[r.VolumetricFog:1]]
[2026.06.05-07.21.25:137][  0]LogConfig: Setting CVar [[r.VolumetricFog.GridPixelSize:8]]
[2026.06.05-07.21.25:137][  0]LogConfig: Setting CVar [[r.VolumetricFog.GridSizeZ:128]]
[2026.06.05-07.21.25:137][  0]LogConfig: Setting CVar [[r.VolumetricFog.HistoryMissSupersampleCount:4]]
[2026.06.05-07.21.25:137][  0]LogConfig: Setting CVar [[r.LightMaxDrawDistanceScale:1]]
[2026.06.05-07.21.25:137][  0]LogConfig: Setting CVar [[r.CapsuleShadows:1]]
[2026.06.05-07.21.25:137][  0]LogConfig: Applying CVar settings from Section [PostProcessQuality@3] File [C:/UEProject/UnrealLearn/Alsv4/Saved/Config/Windows/Scalability.ini]
[2026.06.05-07.21.25:137][  0]LogConfig: Setting CVar [[r.MotionBlurQuality:4]]
[2026.06.05-07.21.25:137][  0]LogConfig: Setting CVar [[r.AmbientOcclusionMipLevelFactor:0.4]]
[2026.06.05-07.21.25:137][  0]LogConfig: Setting CVar [[r.AmbientOcclusionMaxQuality:100]]
[2026.06.05-07.21.25:137][  0]LogConfig: Setting CVar [[r.AmbientOcclusionLevels:-1]]
[2026.06.05-07.21.25:137][  0]LogConfig: Setting CVar [[r.AmbientOcclusionRadiusScale:1.0]]
[2026.06.05-07.21.25:137][  0]LogConfig: Setting CVar [[r.DepthOfFieldQuality:2]]
[2026.06.05-07.21.25:137][  0]LogConfig: Setting CVar [[r.RenderTargetPoolMin:400]]
[2026.06.05-07.21.25:137][  0]LogConfig: Setting CVar [[r.LensFlareQuality:2]]
[2026.06.05-07.21.25:137][  0]LogConfig: Setting CVar [[r.SceneColorFringeQuality:1]]
[2026.06.05-07.21.25:137][  0]LogConfig: Setting CVar [[r.EyeAdaptationQuality:2]]
[2026.06.05-07.21.25:137][  0]LogConfig: Setting CVar [[r.BloomQuality:5]]
[2026.06.05-07.21.25:137][  0]LogConfig: Setting CVar [[r.FastBlurThreshold:100]]
[2026.06.05-07.21.25:137][  0]LogConfig: Setting CVar [[r.Upscale.Quality:3]]
[2026.06.05-07.21.25:137][  0]LogConfig: Setting CVar [[r.Tonemapper.GrainQuantization:1]]
[2026.06.05-07.21.25:137][  0]LogConfig: Setting CVar [[r.LightShaftQuality:1]]
[2026.06.05-07.21.25:137][  0]LogConfig: Setting CVar [[r.Filter.SizeScale:1]]
[2026.06.05-07.21.25:137][  0]LogConfig: Setting CVar [[r.Tonemapper.Quality:5]]
[2026.06.05-07.21.25:137][  0]LogConfig: Setting CVar [[r.DOF.Gather.AccumulatorQuality:1        ; higher gathering accumulator quality]]
[2026.06.05-07.21.25:137][  0]LogConfig: Setting CVar [[r.DOF.Gather.PostfilterMethod:1          ; Median3x3 postfilering method]]
[2026.06.05-07.21.25:137][  0]LogConfig: Setting CVar [[r.DOF.Gather.EnableBokehSettings:0       ; no bokeh simulation when gathering]]
[2026.06.05-07.21.25:137][  0]LogConfig: Setting CVar [[r.DOF.Gather.RingCount:4                 ; medium number of samples when gathering]]
[2026.06.05-07.21.25:137][  0]LogConfig: Setting CVar [[r.DOF.Scatter.ForegroundCompositing:1    ; additive foreground scattering]]
[2026.06.05-07.21.25:137][  0]LogConfig: Setting CVar [[r.DOF.Scatter.BackgroundCompositing:2    ; additive background scattering]]
[2026.06.05-07.21.25:137][  0]LogConfig: Setting CVar [[r.DOF.Scatter.EnableBokehSettings:1      ; bokeh simulation when scattering]]
[2026.06.05-07.21.25:137][  0]LogConfig: Setting CVar [[r.DOF.Scatter.MaxSpriteRatio:0.1         ; only a maximum of 10% of scattered bokeh]]
[2026.06.05-07.21.25:137][  0]LogConfig: Setting CVar [[r.DOF.Recombine.Quality:1                ; cheap slight out of focus]]
[2026.06.05-07.21.25:137][  0]LogConfig: Setting CVar [[r.DOF.Recombine.EnableBokehSettings:0    ; no bokeh simulation on slight out of focus]]
[2026.06.05-07.21.25:137][  0]LogConfig: Setting CVar [[r.DOF.TemporalAAQuality:1                ; more stable temporal accumulation]]
[2026.06.05-07.21.25:137][  0]LogConfig: Setting CVar [[r.DOF.Kernel.MaxForegroundRadius:0.025]]
[2026.06.05-07.21.25:137][  0]LogConfig: Setting CVar [[r.DOF.Kernel.MaxBackgroundRadius:0.025]]
[2026.06.05-07.21.25:137][  0]LogConfig: Applying CVar settings from Section [TextureQuality@3] File [C:/UEProject/UnrealLearn/Alsv4/Saved/Config/Windows/Scalability.ini]
[2026.06.05-07.21.25:137][  0]LogConfig: Setting CVar [[r.Streaming.MipBias:0]]
[2026.06.05-07.21.25:137][  0]LogConfig: Setting CVar [[r.Streaming.AmortizeCPUToGPUCopy:0]]
[2026.06.05-07.21.25:137][  0]LogConfig: Setting CVar [[r.Streaming.MaxNumTexturesToStreamPerFrame:0]]
[2026.06.05-07.21.25:137][  0]LogConfig: Setting CVar [[r.Streaming.Boost:1]]
[2026.06.05-07.21.25:137][  0]LogConfig: Setting CVar [[r.MaxAnisotropy:8]]
[2026.06.05-07.21.25:137][  0]LogConfig: Setting CVar [[r.VT.MaxAnisotropy:8]]
[2026.06.05-07.21.25:137][  0]LogConfig: Setting CVar [[r.Streaming.LimitPoolSizeToVRAM:0]]
[2026.06.05-07.21.25:137][  0]LogConfig: Setting CVar [[r.Streaming.PoolSize:1000]]
[2026.06.05-07.21.25:137][  0]LogConfig: Setting CVar [[r.Streaming.MaxEffectiveScreenSize:0]]
[2026.06.05-07.21.25:137][  0]LogConfig: Applying CVar settings from Section [EffectsQuality@3] File [C:/UEProject/UnrealLearn/Alsv4/Saved/Config/Windows/Scalability.ini]
[2026.06.05-07.21.25:137][  0]LogConfig: Setting CVar [[r.TranslucencyLightingVolumeDim:64]]
[2026.06.05-07.21.25:137][  0]LogConfig: Setting CVar [[r.RefractionQuality:2]]
[2026.06.05-07.21.25:137][  0]LogConfig: Setting CVar [[r.SSR.Quality:3]]
[2026.06.05-07.21.25:137][  0]LogConfig: Setting CVar [[r.SSR.HalfResSceneColor:0]]
[2026.06.05-07.21.25:137][  0]LogConfig: Setting CVar [[r.SceneColorFormat:4]]
[2026.06.05-07.21.25:137][  0]LogConfig: Setting CVar [[r.DetailMode:2]]
[2026.06.05-07.21.25:137][  0]LogConfig: Setting CVar [[r.TranslucencyVolumeBlur:1]]
[2026.06.05-07.21.25:137][  0]LogConfig: Setting CVar [[r.MaterialQualityLevel:1 ; High quality]]
[2026.06.05-07.21.25:137][  0]LogConfig: Setting CVar [[r.AnisotropicMaterials:1]]
[2026.06.05-07.21.25:137][  0]LogConfig: Setting CVar [[r.SSS.Scale:1]]
[2026.06.05-07.21.25:137][  0]LogConfig: Setting CVar [[r.SSS.SampleSet:2]]
[2026.06.05-07.21.25:137][  0]LogConfig: Setting CVar [[r.SSS.Quality:1]]
[2026.06.05-07.21.25:137][  0]LogConfig: Setting CVar [[r.SSS.HalfRes:0]]
[2026.06.05-07.21.25:137][  0]LogConfig: Setting CVar [[r.SSGI.Quality:3]]
[2026.06.05-07.21.25:137][  0]LogConfig: Setting CVar [[r.EmitterSpawnRateScale:1.0]]
[2026.06.05-07.21.25:137][  0]LogConfig: Setting CVar [[r.ParticleLightQuality:2]]
[2026.06.05-07.21.25:137][  0]LogConfig: Setting CVar [[r.SkyAtmosphere.AerialPerspectiveLUT.FastApplyOnOpaque:1 ; Always have FastSkyLUT 1 in this case to avoid wrong sky]]
[2026.06.05-07.21.25:137][  0]LogConfig: Setting CVar [[r.SkyAtmosphere.AerialPerspectiveLUT.SampleCountMaxPerSlice:4]]
[2026.06.05-07.21.25:137][  0]LogConfig: Setting CVar [[r.SkyAtmosphere.AerialPerspectiveLUT.DepthResolution:16.0]]
[2026.06.05-07.21.25:137][  0]LogConfig: Setting CVar [[r.SkyAtmosphere.FastSkyLUT:1]]
[2026.06.05-07.21.25:137][  0]LogConfig: Setting CVar [[r.SkyAtmosphere.FastSkyLUT.SampleCountMin:4.0]]
[2026.06.05-07.21.25:137][  0]LogConfig: Setting CVar [[r.SkyAtmosphere.FastSkyLUT.SampleCountMax:128.0]]
[2026.06.05-07.21.25:137][  0]LogConfig: Setting CVar [[r.SkyAtmosphere.SampleCountMin:4.0]]
[2026.06.05-07.21.25:137][  0]LogConfig: Setting CVar [[r.SkyAtmosphere.SampleCountMax:128.0]]
[2026.06.05-07.21.25:137][  0]LogConfig: Setting CVar [[r.SkyAtmosphere.TransmittanceLUT.UseSmallFormat:0]]
[2026.06.05-07.21.25:137][  0]LogConfig: Setting CVar [[r.SkyAtmosphere.TransmittanceLUT.SampleCount:10.0]]
[2026.06.05-07.21.25:138][  0]LogConfig: Setting CVar [[r.SkyAtmosphere.MultiScatteringLUT.SampleCount:15.0]]
[2026.06.05-07.21.25:138][  0]LogConfig: Setting CVar [[r.SkyLight.RealTimeReflectionCapture:1]]
[2026.06.05-07.21.25:138][  0]LogConfig: Applying CVar settings from Section [FoliageQuality@3] File [C:/UEProject/UnrealLearn/Alsv4/Saved/Config/Windows/Scalability.ini]
[2026.06.05-07.21.25:138][  0]LogConfig: Setting CVar [[foliage.DensityScale:1.0]]
[2026.06.05-07.21.25:138][  0]LogConfig: Setting CVar [[grass.DensityScale:1.0]]
[2026.06.05-07.21.25:138][  0]LogConfig: Applying CVar settings from Section [ShadingQuality@3] File [C:/UEProject/UnrealLearn/Alsv4/Saved/Config/Windows/Scalability.ini]
[2026.06.05-07.21.25:138][  0]LogConfig: Setting CVar [[r.HairStrands.SkyLighting.IntegrationType:2]]
[2026.06.05-07.21.25:138][  0]LogConfig: Setting CVar [[r.HairStrands.SkyAO.SampleCount:4]]
[2026.06.05-07.21.25:138][  0]LogConfig: Setting CVar [[r.HairStrands.Visibility.MSAA.SamplePerPixel:4]]
[2026.06.05-07.21.25:138][  0]LogInit: Selected Device Profile: [Windows]
[2026.06.05-07.21.25:138][  0]LogInit: Applying CVar settings loaded from the selected device profile: [Windows]
[2026.06.05-07.21.25:138][  0]LogHAL: Display: Platform has ~ 14 GB [14665842688 / 17179869184 / 14], which maps to Larger [LargestMinGB=32, LargerMinGB=12, DefaultMinGB=8, SmallerMinGB=6, SmallestMinGB=0)
[2026.06.05-07.21.25:138][  0]LogInit: Going up to parent DeviceProfile []
[2026.06.05-07.21.25:138][  0]LogConfig: Applying CVar settings from Section [ViewDistanceQuality@3] File [C:/UEProject/UnrealLearn/Alsv4/Saved/Config/Windows/Scalability.ini]
[2026.06.05-07.21.25:138][  0]LogConfig: Setting CVar [[r.SkeletalMeshLODBias:0]]
[2026.06.05-07.21.25:138][  0]LogConfig: Setting CVar [[r.ViewDistanceScale:1.0]]
[2026.06.05-07.21.25:138][  0]LogConfig: Applying CVar settings from Section [AntiAliasingQuality@3] File [C:/UEProject/UnrealLearn/Alsv4/Saved/Config/Windows/Scalability.ini]
[2026.06.05-07.21.25:138][  0]LogConfig: Setting CVar [[r.PostProcessAAQuality:4]]
[2026.06.05-07.21.25:138][  0]LogConfig: Applying CVar settings from Section [ShadowQuality@3] File [C:/UEProject/UnrealLearn/Alsv4/Saved/Config/Windows/Scalability.ini]
[2026.06.05-07.21.25:138][  0]LogConfig: Setting CVar [[r.LightFunctionQuality:1]]
[2026.06.05-07.21.25:138][  0]LogConfig: Setting CVar [[r.ShadowQuality:5]]
[2026.06.05-07.21.25:138][  0]LogConfig: Setting CVar [[r.Shadow.CSM.MaxCascades:10]]
[2026.06.05-07.21.25:138][  0]LogConfig: Setting CVar [[r.Shadow.MaxResolution:2048]]
[2026.06.05-07.21.25:138][  0]LogConfig: Setting CVar [[r.Shadow.MaxCSMResolution:2048]]
[2026.06.05-07.21.25:138][  0]LogConfig: Setting CVar [[r.Shadow.RadiusThreshold:0.01]]
[2026.06.05-07.21.25:138][  0]LogConfig: Setting CVar [[r.Shadow.DistanceScale:1.0]]
[2026.06.05-07.21.25:138][  0]LogConfig: Setting CVar [[r.Shadow.CSM.TransitionScale:1.0]]
[2026.06.05-07.21.25:138][  0]LogConfig: Setting CVar [[r.Shadow.PreShadowResolutionFactor:1.0]]
[2026.06.05-07.21.25:138][  0]LogConfig: Setting CVar [[r.DistanceFieldShadowing:1]]
[2026.06.05-07.21.25:138][  0]LogConfig: Setting CVar [[r.DistanceFieldAO:1]]
[2026.06.05-07.21.25:138][  0]LogConfig: Setting CVar [[r.AOQuality:2]]
[2026.06.05-07.21.25:138][  0]LogConfig: Setting CVar [[r.VolumetricFog:1]]
[2026.06.05-07.21.25:138][  0]LogConfig: Setting CVar [[r.VolumetricFog.GridPixelSize:8]]
[2026.06.05-07.21.25:138][  0]LogConfig: Setting CVar [[r.VolumetricFog.GridSizeZ:128]]
[2026.06.05-07.21.25:138][  0]LogConfig: Setting CVar [[r.VolumetricFog.HistoryMissSupersampleCount:4]]
[2026.06.05-07.21.25:138][  0]LogConfig: Setting CVar [[r.LightMaxDrawDistanceScale:1]]
[2026.06.05-07.21.25:138][  0]LogConfig: Setting CVar [[r.CapsuleShadows:1]]
[2026.06.05-07.21.25:138][  0]LogConfig: Applying CVar settings from Section [PostProcessQuality@3] File [C:/UEProject/UnrealLearn/Alsv4/Saved/Config/Windows/Scalability.ini]
[2026.06.05-07.21.25:138][  0]LogConfig: Setting CVar [[r.MotionBlurQuality:4]]
[2026.06.05-07.21.25:138][  0]LogConfig: Setting CVar [[r.AmbientOcclusionMipLevelFactor:0.4]]
[2026.06.05-07.21.25:138][  0]LogConfig: Setting CVar [[r.AmbientOcclusionMaxQuality:100]]
[2026.06.05-07.21.25:138][  0]LogConfig: Setting CVar [[r.AmbientOcclusionLevels:-1]]
[2026.06.05-07.21.25:138][  0]LogConfig: Setting CVar [[r.AmbientOcclusionRadiusScale:1.0]]
[2026.06.05-07.21.25:138][  0]LogConfig: Setting CVar [[r.DepthOfFieldQuality:2]]
[2026.06.05-07.21.25:138][  0]LogConfig: Setting CVar [[r.RenderTargetPoolMin:400]]
[2026.06.05-07.21.25:138][  0]LogConfig: Setting CVar [[r.LensFlareQuality:2]]
[2026.06.05-07.21.25:138][  0]LogConfig: Setting CVar [[r.SceneColorFringeQuality:1]]
[2026.06.05-07.21.25:138][  0]LogConfig: Setting CVar [[r.EyeAdaptationQuality:2]]
[2026.06.05-07.21.25:138][  0]LogConfig: Setting CVar [[r.BloomQuality:5]]
[2026.06.05-07.21.25:138][  0]LogConfig: Setting CVar [[r.FastBlurThreshold:100]]
[2026.06.05-07.21.25:138][  0]LogConfig: Setting CVar [[r.Upscale.Quality:3]]
[2026.06.05-07.21.25:138][  0]LogConfig: Setting CVar [[r.Tonemapper.GrainQuantization:1]]
[2026.06.05-07.21.25:138][  0]LogConfig: Setting CVar [[r.LightShaftQuality:1]]
[2026.06.05-07.21.25:138][  0]LogConfig: Setting CVar [[r.Filter.SizeScale:1]]
[2026.06.05-07.21.25:138][  0]LogConfig: Setting CVar [[r.Tonemapper.Quality:5]]
[2026.06.05-07.21.25:138][  0]LogConfig: Setting CVar [[r.DOF.Gather.AccumulatorQuality:1        ; higher gathering accumulator quality]]
[2026.06.05-07.21.25:138][  0]LogConfig: Setting CVar [[r.DOF.Gather.PostfilterMethod:1          ; Median3x3 postfilering method]]
[2026.06.05-07.21.25:138][  0]LogConfig: Setting CVar [[r.DOF.Gather.EnableBokehSettings:0       ; no bokeh simulation when gathering]]
[2026.06.05-07.21.25:138][  0]LogConfig: Setting CVar [[r.DOF.Gather.RingCount:4                 ; medium number of samples when gathering]]
[2026.06.05-07.21.25:138][  0]LogConfig: Setting CVar [[r.DOF.Scatter.ForegroundCompositing:1    ; additive foreground scattering]]
[2026.06.05-07.21.25:138][  0]LogConfig: Setting CVar [[r.DOF.Scatter.BackgroundCompositing:2    ; additive background scattering]]
[2026.06.05-07.21.25:138][  0]LogConfig: Setting CVar [[r.DOF.Scatter.EnableBokehSettings:1      ; bokeh simulation when scattering]]
[2026.06.05-07.21.25:138][  0]LogConfig: Setting CVar [[r.DOF.Scatter.MaxSpriteRatio:0.1         ; only a maximum of 10% of scattered bokeh]]
[2026.06.05-07.21.25:138][  0]LogConfig: Setting CVar [[r.DOF.Recombine.Quality:1                ; cheap slight out of focus]]
[2026.06.05-07.21.25:138][  0]LogConfig: Setting CVar [[r.DOF.Recombine.EnableBokehSettings:0    ; no bokeh simulation on slight out of focus]]
[2026.06.05-07.21.25:138][  0]LogConfig: Setting CVar [[r.DOF.TemporalAAQuality:1                ; more stable temporal accumulation]]
[2026.06.05-07.21.25:138][  0]LogConfig: Setting CVar [[r.DOF.Kernel.MaxForegroundRadius:0.025]]
[2026.06.05-07.21.25:138][  0]LogConfig: Setting CVar [[r.DOF.Kernel.MaxBackgroundRadius:0.025]]
[2026.06.05-07.21.25:138][  0]LogConfig: Applying CVar settings from Section [TextureQuality@3] File [C:/UEProject/UnrealLearn/Alsv4/Saved/Config/Windows/Scalability.ini]
[2026.06.05-07.21.25:138][  0]LogConfig: Setting CVar [[r.Streaming.MipBias:0]]
[2026.06.05-07.21.25:138][  0]LogConfig: Setting CVar [[r.Streaming.AmortizeCPUToGPUCopy:0]]
[2026.06.05-07.21.25:138][  0]LogConfig: Setting CVar [[r.Streaming.MaxNumTexturesToStreamPerFrame:0]]
[2026.06.05-07.21.25:138][  0]LogConfig: Setting CVar [[r.Streaming.Boost:1]]
[2026.06.05-07.21.25:138][  0]LogConfig: Setting CVar [[r.MaxAnisotropy:8]]
[2026.06.05-07.21.25:138][  0]LogConfig: Setting CVar [[r.VT.MaxAnisotropy:8]]
[2026.06.05-07.21.25:138][  0]LogConfig: Setting CVar [[r.Streaming.LimitPoolSizeToVRAM:0]]
[2026.06.05-07.21.25:138][  0]LogConfig: Setting CVar [[r.Streaming.PoolSize:1000]]
[2026.06.05-07.21.25:138][  0]LogConfig: Setting CVar [[r.Streaming.MaxEffectiveScreenSize:0]]
[2026.06.05-07.21.25:138][  0]LogConfig: Applying CVar settings from Section [EffectsQuality@3] File [C:/UEProject/UnrealLearn/Alsv4/Saved/Config/Windows/Scalability.ini]
[2026.06.05-07.21.25:138][  0]LogConfig: Setting CVar [[r.TranslucencyLightingVolumeDim:64]]
[2026.06.05-07.21.25:138][  0]LogConfig: Setting CVar [[r.RefractionQuality:2]]
[2026.06.05-07.21.25:138][  0]LogConfig: Setting CVar [[r.SSR.Quality:3]]
[2026.06.05-07.21.25:138][  0]LogConfig: Setting CVar [[r.SSR.HalfResSceneColor:0]]
[2026.06.05-07.21.25:138][  0]LogConfig: Setting CVar [[r.SceneColorFormat:4]]
[2026.06.05-07.21.25:138][  0]LogConfig: Setting CVar [[r.DetailMode:2]]
[2026.06.05-07.21.25:138][  0]LogConfig: Setting CVar [[r.TranslucencyVolumeBlur:1]]
[2026.06.05-07.21.25:138][  0]LogConfig: Setting CVar [[r.MaterialQualityLevel:1 ; High quality]]
[2026.06.05-07.21.25:138][  0]LogConfig: Setting CVar [[r.AnisotropicMaterials:1]]
[2026.06.05-07.21.25:138][  0]LogConfig: Setting CVar [[r.SSS.Scale:1]]
[2026.06.05-07.21.25:138][  0]LogConfig: Setting CVar [[r.SSS.SampleSet:2]]
[2026.06.05-07.21.25:138][  0]LogConfig: Setting CVar [[r.SSS.Quality:1]]
[2026.06.05-07.21.25:138][  0]LogConfig: Setting CVar [[r.SSS.HalfRes:0]]
[2026.06.05-07.21.25:138][  0]LogConfig: Setting CVar [[r.SSGI.Quality:3]]
[2026.06.05-07.21.25:138][  0]LogConfig: Setting CVar [[r.EmitterSpawnRateScale:1.0]]
[2026.06.05-07.21.25:138][  0]LogConfig: Setting CVar [[r.ParticleLightQuality:2]]
[2026.06.05-07.21.25:138][  0]LogConfig: Setting CVar [[r.SkyAtmosphere.AerialPerspectiveLUT.FastApplyOnOpaque:1 ; Always have FastSkyLUT 1 in this case to avoid wrong sky]]
[2026.06.05-07.21.25:138][  0]LogConfig: Setting CVar [[r.SkyAtmosphere.AerialPerspectiveLUT.SampleCountMaxPerSlice:4]]
[2026.06.05-07.21.25:138][  0]LogConfig: Setting CVar [[r.SkyAtmosphere.AerialPerspectiveLUT.DepthResolution:16.0]]
[2026.06.05-07.21.25:138][  0]LogConfig: Setting CVar [[r.SkyAtmosphere.FastSkyLUT:1]]
[2026.06.05-07.21.25:138][  0]LogConfig: Setting CVar [[r.SkyAtmosphere.FastSkyLUT.SampleCountMin:4.0]]
[2026.06.05-07.21.25:138][  0]LogConfig: Setting CVar [[r.SkyAtmosphere.FastSkyLUT.SampleCountMax:128.0]]
[2026.06.05-07.21.25:138][  0]LogConfig: Setting CVar [[r.SkyAtmosphere.SampleCountMin:4.0]]
[2026.06.05-07.21.25:138][  0]LogConfig: Setting CVar [[r.SkyAtmosphere.SampleCountMax:128.0]]
[2026.06.05-07.21.25:138][  0]LogConfig: Setting CVar [[r.SkyAtmosphere.TransmittanceLUT.UseSmallFormat:0]]
[2026.06.05-07.21.25:138][  0]LogConfig: Setting CVar [[r.SkyAtmosphere.TransmittanceLUT.SampleCount:10.0]]
[2026.06.05-07.21.25:138][  0]LogConfig: Setting CVar [[r.SkyAtmosphere.MultiScatteringLUT.SampleCount:15.0]]
[2026.06.05-07.21.25:138][  0]LogConfig: Setting CVar [[r.SkyLight.RealTimeReflectionCapture:1]]
[2026.06.05-07.21.25:138][  0]LogConfig: Applying CVar settings from Section [FoliageQuality@3] File [C:/UEProject/UnrealLearn/Alsv4/Saved/Config/Windows/Scalability.ini]
[2026.06.05-07.21.25:138][  0]LogConfig: Setting CVar [[foliage.DensityScale:1.0]]
[2026.06.05-07.21.25:138][  0]LogConfig: Setting CVar [[grass.DensityScale:1.0]]
[2026.06.05-07.21.25:138][  0]LogConfig: Applying CVar settings from Section [ShadingQuality@3] File [C:/UEProject/UnrealLearn/Alsv4/Saved/Config/Windows/Scalability.ini]
[2026.06.05-07.21.25:138][  0]LogConfig: Setting CVar [[r.HairStrands.SkyLighting.IntegrationType:2]]
[2026.06.05-07.21.25:138][  0]LogConfig: Setting CVar [[r.HairStrands.SkyAO.SampleCount:4]]
[2026.06.05-07.21.25:138][  0]LogConfig: Setting CVar [[r.HairStrands.Visibility.MSAA.SamplePerPixel:4]]
[2026.06.05-07.21.25:138][  0]LogConfig: Applying CVar settings from Section [Startup] File [../../../Engine/Config/ConsoleVariables.ini]
[2026.06.05-07.21.25:138][  0]LogConfig: Setting CVar [[net.UseAdaptiveNetUpdateFrequency:0]]
[2026.06.05-07.21.25:138][  0]LogConfig: Setting CVar [[p.chaos.AllowCreatePhysxBodies:1]]
[2026.06.05-07.21.25:138][  0]LogConfig: Setting CVar [[fx.SkipVectorVMBackendOptimizations:1]]
[2026.06.05-07.21.25:138][  0]LogConfig: Applying CVar settings from Section [ConsoleVariables] File [C:/UEProject/UnrealLearn/Alsv4/Saved/Config/Windows/Engine.ini]
[2026.06.05-07.21.25:138][  0]LogConfig: Applying CVar settings from Section [ConsoleVariables] File [C:/UEProject/UnrealLearn/Alsv4/Saved/Config/Windows/Editor.ini]
[2026.06.05-07.21.25:138][  0]LogInit: Computer: MANKA-D-D-6017
[2026.06.05-07.21.25:138][  0]LogInit: User: LiamChen
[2026.06.05-07.21.25:139][  0]LogInit: CPU Page size=4096, Cores=16
[2026.06.05-07.21.25:139][  0]LogInit: High frequency timer resolution =10.000000 MHz
[2026.06.05-07.21.25:139][  0]LogMemory: Memory total: Physical=13.7GB (14GB approx)
[2026.06.05-07.21.25:139][  0]LogMemory: Platform Memory Stats for Windows
[2026.06.05-07.21.25:139][  0]LogMemory: Process Physical Memory: 161.47 MB used, 161.47 MB peak
[2026.06.05-07.21.25:139][  0]LogMemory: Process Virtual Memory: 128.83 MB used, 128.83 MB peak
[2026.06.05-07.21.25:139][  0]LogMemory: Physical Memory: 8922.95 MB used,  5063.49 MB free, 13986.44 MB total
[2026.06.05-07.21.25:139][  0]LogMemory: Virtual Memory: 134205648.00 MB used,  12081.52 MB free, 134217728.00 MB total
[2026.06.05-07.21.25:143][  0]LogWindows: WindowsPlatformFeatures enabled
[2026.06.05-07.21.25:160][  0]LogInit: Physics initialised using underlying interface: PhysX
[2026.06.05-07.21.25:161][  0]LogInit: Overriding language with editor language configuration option (en).
[2026.06.05-07.21.25:161][  0]LogInit: Overriding language with editor locale configuration option (en).
[2026.06.05-07.21.25:273][  0]LogInit: Setting process to per monitor DPI aware
[2026.06.05-07.21.25:329][  0]LogWindowsTextInputMethodSystem: Display: IME system deactivated.
[2026.06.05-07.21.25:336][  0]LogSlate: New Slate User Created.  User Index 0, Is Virtual User: 0
[2026.06.05-07.21.25:336][  0]LogSlate: Slate User Registered.  User Index 0, Is Virtual User: 0
[2026.06.05-07.21.25:392][  0]LogD3D11RHI: Loaded GFSDK_Aftermath_Lib.x64.dll
[2026.06.05-07.21.25:404][  0]LogHMD: Failed to initialize OpenVR with code 110
[2026.06.05-07.21.25:404][  0]LogD3D11RHI: D3D11 min allowed feature level: 11_0
[2026.06.05-07.21.25:404][  0]LogD3D11RHI: D3D11 max allowed feature level: 11_0
[2026.06.05-07.21.25:404][  0]LogD3D11RHI: D3D11 adapters:
[2026.06.05-07.21.25:538][  0]LogD3D11RHI:    0. 'NVIDIA GeForce RTX 4070' (Feature Level 11_0)
[2026.06.05-07.21.25:538][  0]LogD3D11RHI:       12012/0/6993 MB DedicatedVideo/DedicatedSystem/SharedSystem, Outputs:1, VendorId:0x10de
[2026.06.05-07.21.25:561][  0]LogD3D11RHI:    1. 'Intel(R) UHD Graphics 770' (Feature Level 11_0)
[2026.06.05-07.21.25:561][  0]LogD3D11RHI:       2048/0/6993 MB DedicatedVideo/DedicatedSystem/SharedSystem, Outputs:1, VendorId:0x8086
[2026.06.05-07.21.25:565][  0]LogD3D11RHI:    2. 'Microsoft Basic Render Driver' (Feature Level 11_0)
[2026.06.05-07.21.25:565][  0]LogD3D11RHI:       0/0/6993 MB DedicatedVideo/DedicatedSystem/SharedSystem, Outputs:0, VendorId:0x1414
[2026.06.05-07.21.25:565][  0]LogD3D11RHI: Chosen D3D11 Adapter:
[2026.06.05-07.21.25:565][  0]LogD3D11RHI:     Description : NVIDIA GeForce RTX 4070
[2026.06.05-07.21.25:565][  0]LogD3D11RHI:     VendorId    : 10de
[2026.06.05-07.21.25:565][  0]LogD3D11RHI:     DeviceId    : 2786
[2026.06.05-07.21.25:565][  0]LogD3D11RHI:     SubSysId    : 513a1028
[2026.06.05-07.21.25:565][  0]LogD3D11RHI:     Revision    : 00a1
[2026.06.05-07.21.25:565][  0]LogD3D11RHI:     DedicatedVideoMemory : 12595494912 bytes
[2026.06.05-07.21.25:565][  0]LogD3D11RHI:     DedicatedSystemMemory : 0 bytes
[2026.06.05-07.21.25:565][  0]LogD3D11RHI:     SharedSystemMemory : 7332921344 bytes
[2026.06.05-07.21.25:565][  0]LogD3D11RHI:     AdapterLuid : 0 58581
[2026.06.05-07.21.25:571][  0]LogD3D11RHI: Creating new Direct3DDevice
[2026.06.05-07.21.25:571][  0]LogD3D11RHI:     GPU DeviceId: 0x2786 (for the marketing name, search the web for "GPU Device Id")
[2026.06.05-07.21.25:571][  0]LogWindows: EnumDisplayDevices:
[2026.06.05-07.21.25:571][  0]LogWindows:    0. 'Intel(R) UHD Graphics 770' (P:0 D:1)
[2026.06.05-07.21.25:571][  0]LogWindows:    1. 'Intel(R) UHD Graphics 770' (P:0 D:0)
[2026.06.05-07.21.25:571][  0]LogWindows:    2. 'Intel(R) UHD Graphics 770' (P:0 D:0)
[2026.06.05-07.21.25:572][  0]LogWindows:    3. 'Intel(R) UHD Graphics 770' (P:0 D:0)
[2026.06.05-07.21.25:572][  0]LogWindows:    4. 'NVIDIA GeForce RTX 4070' (P:1 D:1)
[2026.06.05-07.21.25:572][  0]LogWindows:    5. 'NVIDIA GeForce RTX 4070' (P:0 D:0)
[2026.06.05-07.21.25:572][  0]LogWindows:    6. 'NVIDIA GeForce RTX 4070' (P:0 D:0)
[2026.06.05-07.21.25:572][  0]LogWindows:    7. 'NVIDIA GeForce RTX 4070' (P:0 D:0)
[2026.06.05-07.21.25:572][  0]LogWindows: DebugString: PrimaryIsNotTheChoosenAdapter PrimaryIsNotTheChoosenAdapter PrimaryIsNotTheChoosenAdapter PrimaryIsNotTheChoosenAdapter FoundDriverCount:4 
[2026.06.05-07.21.25:572][  0]LogD3D11RHI:     Adapter Name: NVIDIA GeForce RTX 4070
[2026.06.05-07.21.25:572][  0]LogD3D11RHI:   Driver Version: 581.95 (internal:32.0.15.8195, unified:581.95)
[2026.06.05-07.21.25:572][  0]LogD3D11RHI:      Driver Date: 11-18-2025
[2026.06.05-07.21.25:572][  0]LogRHI: Texture pool is 8408 MB (70% of 12012 MB)
[2026.06.05-07.21.25:572][  0]LogD3D11RHI: Creating D3DDevice using adapter:
[2026.06.05-07.21.25:572][  0]LogD3D11RHI:     Description : NVIDIA GeForce RTX 4070
[2026.06.05-07.21.25:572][  0]LogD3D11RHI:     VendorId    : 10de
[2026.06.05-07.21.25:572][  0]LogD3D11RHI:     DeviceId    : 2786
[2026.06.05-07.21.25:572][  0]LogD3D11RHI:     SubSysId    : 513a1028
[2026.06.05-07.21.25:572][  0]LogD3D11RHI:     Revision    : 00a1
[2026.06.05-07.21.25:572][  0]LogD3D11RHI:     DedicatedVideoMemory : 12595494912 bytes
[2026.06.05-07.21.25:572][  0]LogD3D11RHI:     DedicatedSystemMemory : 0 bytes
[2026.06.05-07.21.25:572][  0]LogD3D11RHI:     SharedSystemMemory : 7332921344 bytes
[2026.06.05-07.21.25:572][  0]LogD3D11RHI:     AdapterLuid : 0 58581
[2026.06.05-07.21.25:678][  0]LogD3D11RHI: RHI has support for 64 bit atomics
[2026.06.05-07.21.25:678][  0]LogD3D11RHI: Async texture creation enabled
[2026.06.05-07.21.25:678][  0]LogD3D11RHI: Array index from any shader is supported
[2026.06.05-07.21.25:679][  0]LogD3D11RHI: HDR output is supported on display 0 (NvId: 0x80061083).
[2026.06.05-07.21.25:698][  0]LogD3D11RHI: GPU Timing Frequency: 1000.000000 (Debug: 2 2)
[2026.06.05-07.21.25:717][  0]LogRHI: GeForceNow SDK initialized: 1
[2026.06.05-07.21.25:911][  0]LogTargetPlatformManager: Display: Loaded TargetPlatform 'AllDesktop'
[2026.06.05-07.21.25:923][  0]LogTargetPlatformManager: Display: Loaded TargetPlatform 'Android'
[2026.06.05-07.21.25:923][  0]LogTargetPlatformManager: Display: Loaded TargetPlatform 'Android_ASTC'
[2026.06.05-07.21.25:923][  0]LogTargetPlatformManager: Display: Loaded TargetPlatform 'Android_DXT'
[2026.06.05-07.21.25:923][  0]LogTargetPlatformManager: Display: Loaded TargetPlatform 'Android_ETC2'
[2026.06.05-07.21.25:923][  0]LogTargetPlatformManager: Display: Loaded TargetPlatform 'AndroidClient'
[2026.06.05-07.21.25:923][  0]LogTargetPlatformManager: Display: Loaded TargetPlatform 'Android_ASTCClient'
[2026.06.05-07.21.25:923][  0]LogTargetPlatformManager: Display: Loaded TargetPlatform 'Android_DXTClient'
[2026.06.05-07.21.25:923][  0]LogTargetPlatformManager: Display: Loaded TargetPlatform 'Android_ETC2Client'
[2026.06.05-07.21.25:923][  0]LogTargetPlatformManager: Display: Loaded TargetPlatform 'Android_Multi'
[2026.06.05-07.21.25:923][  0]LogTargetPlatformManager: Display: Loaded TargetPlatform 'Android_MultiClient'
[2026.06.05-07.21.25:936][  0]LogTargetPlatformManager: Display: Loaded TargetPlatform 'IOSClient'
[2026.06.05-07.21.25:936][  0]LogTargetPlatformManager: Display: Loaded TargetPlatform 'IOS'
[2026.06.05-07.21.25:941][  0]LogTargetPlatformManager: Display: Loaded TargetPlatform 'Linux'
[2026.06.05-07.21.25:945][  0]LogTargetPlatformManager: Display: Loaded TargetPlatform 'LinuxNoEditor'
[2026.06.05-07.21.25:948][  0]LogTargetPlatformManager: Display: Loaded TargetPlatform 'LinuxClient'
[2026.06.05-07.21.25:952][  0]LogTargetPlatformManager: Display: Loaded TargetPlatform 'LinuxServer'
[2026.06.05-07.21.25:957][  0]LogTargetPlatformManager: Display: Loaded TargetPlatform 'LinuxAArch64NoEditor'
[2026.06.05-07.21.25:961][  0]LogTargetPlatformManager: Display: Loaded TargetPlatform 'LinuxAArch64Client'
[2026.06.05-07.21.25:964][  0]LogTargetPlatformManager: Display: Loaded TargetPlatform 'LinuxAArch64Server'
[2026.06.05-07.21.25:977][  0]LogTargetPlatformManager: Display: Loaded TargetPlatform 'Lumin'
[2026.06.05-07.21.25:977][  0]LogTargetPlatformManager: Display: Loaded TargetPlatform 'LuminClient'
[2026.06.05-07.21.25:982][  0]LogTargetPlatformManager: Display: Loaded TargetPlatform 'MacNoEditor'
[2026.06.05-07.21.25:985][  0]LogTargetPlatformManager: Display: Loaded TargetPlatform 'Mac'
[2026.06.05-07.21.25:988][  0]LogTargetPlatformManager: Display: Loaded TargetPlatform 'MacClient'
[2026.06.05-07.21.25:992][  0]LogTargetPlatformManager: Display: Loaded TargetPlatform 'MacServer'
[2026.06.05-07.21.25:998][  0]LogTargetPlatformManager: Display: Loaded TargetPlatform 'TVOSClient'
[2026.06.05-07.21.25:998][  0]LogTargetPlatformManager: Display: Loaded TargetPlatform 'TVOS'
[2026.06.05-07.21.26:003][  0]LogTargetPlatformManager: Display: Loaded TargetPlatform 'WindowsNoEditor'
[2026.06.05-07.21.26:006][  0]LogTargetPlatformManager: Display: Loaded TargetPlatform 'Windows'
[2026.06.05-07.21.26:010][  0]LogTargetPlatformManager: Display: Loaded TargetPlatform 'WindowsClient'
[2026.06.05-07.21.26:012][  0]LogTargetPlatformManager: Display: Loaded TargetPlatform 'WindowsServer'
[2026.06.05-07.21.26:012][  0]LogTargetPlatformManager: Display: Building Assets For Windows
[2026.06.05-07.21.26:019][  0]LogAudioDebug: Display: Lib vorbis DLL was dynamically loaded.
[2026.06.05-07.21.26:040][  0]LogTextureFormatOodle: Display: Oodle Texture 2.9.0 init RDO Off
[2026.06.05-07.21.26:065][  0]LogRendererCore: Ray tracing is disabled. Reason: r.RayTracing=0.
[2026.06.05-07.21.26:065][  0]LogShaderCompilers: Guid format shader working directory is 3 characters bigger than the processId version (../../../../../../UEProject/UnrealLearn/Alsv4/Intermediate/Shaders/WorkingDirectory/26084/).
[2026.06.05-07.21.26:065][  0]LogShaderCompilers: Cleaned the shader compiler working directory 'C:/Users/LiamChen/AppData/Local/Temp/UnrealShaderWorkingDir/5BAFA11B4C1BCA0D0EEFB4932D5430B4/'.
[2026.06.05-07.21.26:065][  0]LogXGEController: Cannot use XGE Controller as Incredibuild is not installed on this machine.
[2026.06.05-07.21.26:065][  0]LogShaderCompilers: Cannot use XGE Shader Compiler as Incredibuild is not installed on this machine.
[2026.06.05-07.21.26:065][  0]LogShaderCompilers: Display: Using Local Shader Compiler.
[2026.06.05-07.21.26:522][  0]LogDerivedDataCache: Display: Max Cache Size: 512 MB
[2026.06.05-07.21.26:567][  0]LogDerivedDataCache: Loaded boot cache 0.05s 94MB C:/Users/LiamChen/AppData/Local/UnrealEngine/4.27/DerivedDataCache/Boot.ddc.
[2026.06.05-07.21.26:568][  0]LogDerivedDataCache: Display: Loaded Boot cache: C:/Users/LiamChen/AppData/Local/UnrealEngine/4.27/DerivedDataCache/Boot.ddc
[2026.06.05-07.21.26:568][  0]LogDerivedDataCache: FDerivedDataBackendGraph:  Pak pak cache file ../../../../../../UEProject/UnrealLearn/Alsv4/DerivedDataCache/DDC.ddp not found, will not use a pak cache.
[2026.06.05-07.21.26:568][  0]LogDerivedDataCache: Unable to find inner node Pak for hierarchical cache Hierarchy.
[2026.06.05-07.21.26:568][  0]LogDerivedDataCache: FDerivedDataBackendGraph:  CompressedPak pak cache file ../../../../../../UEProject/UnrealLearn/Alsv4/DerivedDataCache/Compressed.ddp not found, will not use a pak cache.
[2026.06.05-07.21.26:568][  0]LogDerivedDataCache: Unable to find inner node CompressedPak for hierarchical cache Hierarchy.
[2026.06.05-07.21.26:579][  0]LogDerivedDataCache: Display: Pak cache opened for reading ../../../Engine/DerivedDataCache/Compressed.ddp.
[2026.06.05-07.21.26:579][  0]LogDerivedDataCache: FDerivedDataBackendGraph:  EnterprisePak pak cache file ../../../Enterprise/DerivedDataCache/Compressed.ddp not found, will not use a pak cache.
[2026.06.05-07.21.26:579][  0]LogDerivedDataCache: Unable to find inner node EnterprisePak for hierarchical cache Hierarchy.
[2026.06.05-07.21.26:591][  0]LogDerivedDataCache: Speed tests for C:/Users/LiamChen/AppData/Local/UnrealEngine/Common/DerivedDataCache took 0.01 seconds
[2026.06.05-07.21.26:591][  0]LogDerivedDataCache: Display: Performance to C:/Users/LiamChen/AppData/Local/UnrealEngine/Common/DerivedDataCache: Latency=0.02ms. RandomReadSpeed=1932.02MBs, RandomWriteSpeed=82.08MBs. Assigned SpeedClass 'Local'
[2026.06.05-07.21.26:592][  0]LogDerivedDataCache: Using Local data cache path C:/Users/LiamChen/AppData/Local/UnrealEngine/Common/DerivedDataCache: Writable
[2026.06.05-07.21.26:592][  0]LogDerivedDataCache: Shared data cache path not found in *engine.ini, will not use an Shared cache.
[2026.06.05-07.21.26:592][  0]LogDerivedDataCache: Unable to find inner node Shared for hierarchical cache Hierarchy.
[2026.06.05-07.21.26:619][  0]LogSlate: Using FreeType 2.10.0
[2026.06.05-07.21.26:619][  0]LogSlate: SlateFontServices - WITH_FREETYPE: 1, WITH_HARFBUZZ: 1
[2026.06.05-07.21.26:636][  0]LogAssetRegistry: FAssetRegistry took 0.0020 seconds to start up
[2026.06.05-07.21.26:769][  0]LogInit: Selected Device Profile: [Windows]
[2026.06.05-07.21.26:769][  0]LogInit: Active device profile: [0000022F9538CB00][0000022F959E8200 49] Windows
[2026.06.05-07.21.26:769][  0]LogInit: Profiles: [0000022F9538CB00][0000022F959E8200 49] Windows, [0000022F9535E100][0000022F959F0380 49] WindowsNoEditor, [0000022F9538D900][0000022F959F4500 49] WindowsServer, [0000022F9535EE00][0000022F959EC640 49] WindowsClient, [0000022F9538FC00][0000022F959F8780 49] IOS, [0000022F9535CF00][0000022F959FC8C0 49] iPadAir, [0000022F9538FE00][0000022F95A04A40 49] iPadAir2, [0000022F95314C00][0000022F95A0CD00 49] IPadPro, [0000022F95314D00][0000022F95A08D40 49] iPadAir3, [0000022F9535FB00][0000022F95A10EC0 49] iPadAir4, [0000022F95317600][0000022F95A15040 49] iPadMini2, [0000022F9535F200][0000022F95A191C0 49] iPadMini3, [0000022F95317800][0000022F95A1D340 49] iPadMini4, [0000022F9535F800][0000022F95A214C0 49] iPadMini5, [0000022F95340600][0000022F95A29780 49] iPhone6, [0000022F95340700][0000022F95A257C0 49] iPodTouch6, [0000022F9538E900][0000022F95A31A80 49] iPhone7, [0000022F9538E800][0000022F95A2DAC0 49] iPodTouch7, [0000022F95340100][0000022F95A340C0 49] iPhone5S, [0000022F95314700][0000022F95A38240 49] iPhone6Plus, [0000022F95342500][0000022F95A3C3C0 49] iPhone6S, [0000022F95315300][0000022F95A40540 49] iPhone6SPlus, [0000022F95343B00][0000022F95A446C0 49] iPhone7Plus, [0000022F95317500][0000022F95A00800 49] iPhoneSE, [0000022F9538E600][0000022F95A48940 49] iPhone8, [0000022F95314600][0000022F95A4CA80 49] iPhone8Plus, [0000022F9538E200][0000022F95A50BC0 49] iPhoneX, [0000022F95317300][0000022F95A58D40 49] iPhoneXS, [0000022F9538F400][0000022F95A5CEC0 49] iPhoneXSMax, [0000022F95316D00][0000022F95A61040 49] iPhoneXR, [0000022F9538C200][0000022F95A651C0 49] iPhone11, [0000022F95315E00][0000022F95A69340 49] iPhone11Pro, [0000022F9538EA00][0000022F95A6D4C0 49] iPhone11ProMax, [0000022F95317700][0000022F95A71640 49] iPhoneSE2, [0000022F9538CD00][0000022F95A757C0 49] iPhone12Mini, [0000022F95315F00][0000022F95A79940 49] iPhone12, [0000022F9538C700][0000022F95A7DAC0 49] iPhone12Pro, [0000022F95315400][0000022F95A800C0 49] iPhone12ProMax, [0000022F9538CC00][0000022F95A84240 49] iPadPro105, [0000022F95315700][0000022F95A883C0 49] iPadPro129, [0000022F9538C100][0000022F95A8C540 49] iPadPro97, [0000022F95317C00][0000022F95A906C0 49] iPadPro2_129, [0000022F9538C800][0000022F95A94840 49] iPad5, [0000022F95317100][0000022F95A54980 49] iPad6, [0000022F9538C500][0000022F95A98AC0 49] iPad7, [0000022F95316800][0000022F95A9CC00 49] iPad8, [0000022F9538D500][0000022F95AA0D40 49] iPadPro11, [0000022F95315500][0000022F95AA8EC0 49] iPadPro2_11, [0000022F9538CF00][0000022F95AAD040 49] iPadPro3_129, [0000022F95316C00][0000022F95AB11C0 49] iPadPro4_129, [0000022F9538E500][0000022F95AB5340 49] AppleTV, [0000022F95315100][0000022F95AB94C0 49] AppleTV4K, [0000022F9538C400][0000022F95ABD640 49] TVOS, [0000022F95316600][0000022F95AC17C0 49] Mac, [0000022F9538FD00][0000022F95AC5940 49] MacClient, [0000022F95315800][0000022F95AC9AC0 49] MacNoEditor, [0000022F9538F100][0000022F95ACC0C0 49] MacServer, [0000022F95317900][0000022F95AD0240 49] Linux, [0000022F9538C900][0000022F95AD43C0 49] LinuxAArch64, [0000022F95317F00][0000022F95AD8540 49] LinuxNoEditor, [0000022F9538DB00][0000022F95ADC6C0 49] LinuxAArch64NoEditor, [0000022F95317400][0000022F95AE0840 49] LinuxClient, [0000022F9538DC00][0000022F95AE49C0 49] LinuxAArch64Client, [0000022F95315D00][0000022F95AE8B40 49] LinuxServer, [0000022F9538EF00][0000022F95AA4C80 49] LinuxAArch64Server, [0000022F95314500][0000022F95AECDC0 49] Android, [0000022F9538DE00][0000022F95AF0F00 49] Android_Low, [0000022F95317000][0000022F95AF9080 49] Android_Mid, [0000022F9538E400][0000022F95AFD200 49] Android_High, [0000022F95314800][0000022F95B01380 49] Android_Default, [0000022F9538F200][0000022F95B05500 49] Android_Adreno4xx, [0000022F9535E400][0000022F95B09680 49] Android_Adreno5xx_Low, [0000022F95341C00][0000022F95B0D800 49] Android_Adreno5xx, [0000022F9535FD00][0000022F95B11980 49] Android_Adreno6xx, [0000022F95342B00][0000022F95B15B00 49] Android_Adreno6xx_Vulkan, [0000022F9535FE00][0000022F95B18100 49] Android_Mali_T6xx, [0000022F95340F00][0000022F95B1C280 49] Android_Mali_T7xx, [0000022F9535D300][0000022F95B20400 49] Android_Mali_T8xx, [0000022F95341F00][0000022F95B24580 49] Android_Mali_G71, [0000022F9535DC00][0000022F95B28700 49] Android_Mali_G72, [0000022F95342400][0000022F95B2C880 49] Android_Mali_G72_Vulkan, [0000022F9535F600][0000022F95B30A00 49] Android_Mali_G76, [0000022F95342100][0000022F95B34B80 49] Android_Mali_G76_Vulkan, [0000022F9535DB00][0000022F95B38D00 49] Android_Mali_G77, [0000022F95340A00][0000022F95AF4E40 49] Android_Mali_G77_Vulkan, [0000022F9535F400][0000022F95B3CF80 49] Android_Mali_G78, [0000022F95341300][0000022F95BB10C0 49] Android_Mali_G78_Vulkan, [0000022F9535E900][0000022F95BB9240 49] Android_Mali_G710, [0000022F95343D00][0000022F95BBD3C0 49] Android_Mali_G710_Vulkan, [0000022F9535DE00][0000022F95BF9540 49] Android_Vulkan_SM5, [0000022F95340900][0000022F95C056C0 49] Android_PowerVR_G6xxx, [0000022F9535DF00][0000022F95C15840 49] Android_PowerVR_GT7xxx, [0000022F95342700][0000022F95C199C0 49] Android_PowerVR_GE8xxx, [0000022F9535E300][0000022FFE04FB40 49] Android_PowerVR_GM9xxx, [0000022F95343200][0000022FFD6A6140 49] Android_PowerVR_GM9xxx_Vulkan, [0000022F9535F000][0000022FFE07A2C0 49] Android_TegraK1, [0000022F95341700][0000022FFE07E440 49] Android_Unknown_Vulkan, [0000022F9535F700][0000022FFE0825C0 49] Lumin, [0000022F95340200][0000022FFE086740 49] Lumin_Desktop, [0000022F9535E200][0000022FFE08E8C0 49] HoloLens, 
[2026.06.05-07.21.26:848][  0]LogMeshReduction: Using QuadricMeshReduction for automatic static mesh reduction
[2026.06.05-07.21.26:848][  0]LogMeshReduction: Using SimplygonMeshReduction for automatic skeletal mesh reduction
[2026.06.05-07.21.26:848][  0]LogMeshReduction: Using ProxyLODMeshReduction for automatic mesh merging
[2026.06.05-07.21.26:848][  0]LogMeshReduction: No distributed automatic mesh merging module available
[2026.06.05-07.21.26:848][  0]LogMeshMerging: No distributed automatic mesh merging module available
[2026.06.05-07.21.26:857][  0]LogNetVersion: Alsv4 1.0.0, NetCL: 17155196, EngineNetVer: 17, GameNetVer: 0 (Checksum: 1428757274)
[2026.06.05-07.21.27:080][  0]LogTexture: Default maximum texture size for cubemaps generated from long-lat sources has been changed from 512 to unlimited. In order to preserve old behaiour for '/Engine/MapTemplates/Sky/DaylightAmbientCubemap.DaylightAmbientCubemap', its maximum texture size has been explicitly set to 512.
[2026.06.05-07.21.27:123][  0]LogHMD: PokeAHoleMaterial loaded successfully
[2026.06.05-07.21.27:127][  0]LogUObjectArray: 17178 objects as part of root set at end of initial load.
[2026.06.05-07.21.27:127][  0]LogUObjectAllocator: 4302048 out of 0 bytes used by permanent object pool.
[2026.06.05-07.21.27:127][  0]LogUObjectArray: CloseDisregardForGC: 0/0 objects in disregard for GC pool
[2026.06.05-07.21.27:323][  0]LogNiagaraDebuggerClient: Niagara Debugger Client Initialized | Session: EE9BC01C4EB395CA2FAE2C9013834382 | Instance: F4E3E60C40C404D8551883A10314BE45 (MANKA-D-D-6017-26084).
[2026.06.05-07.21.27:424][  0]LogTcpMessaging: Initializing TcpMessaging bridge
[2026.06.05-07.21.27:428][  0]LogUdpMessaging: Initializing bridge on interface 0.0.0.0:0 to multicast group 230.0.0.1:6666.
[2026.06.05-07.21.27:438][  0]LogPython: Using Python 3.7.7
[2026.06.05-07.21.27:963][  0]SourceControl: Source control is disabled
[2026.06.05-07.21.27:963][  0]SourceControl: Source control is disabled
[2026.06.05-07.21.27:965][  0]SourceControl: Source control is disabled
[2026.06.05-07.21.27:967][  0]SourceControl: Source control is disabled
[2026.06.05-07.21.27:975][  0]LogUProjectInfo: Found projects:
[2026.06.05-07.21.27:983][  0]SourceControl: Source control is disabled
[2026.06.05-07.21.28:101][  0]LogOpenImageDenoise: OIDN starting up
[2026.06.05-07.21.28:104][  0]LogAndroidPermission: UAndroidPermissionCallbackProxy::GetInstance
[2026.06.05-07.21.28:124][  0]LogAudioCaptureCore: Display: No Audio Capture implementations found. Audio input will be silent.
[2026.06.05-07.21.28:124][  0]LogAudioCaptureCore: Display: No Audio Capture implementations found. Audio input will be silent.
[2026.06.05-07.21.28:213][  0]LogCollectionManager: Loaded 0 collections in 0.002077 seconds
[2026.06.05-07.21.28:234][  0]LogFileCache: Scanning file cache for directory 'C:/UEProject/UnrealLearn/Alsv4/Saved/Collections/' took 0.00s
[2026.06.05-07.21.28:234][  0]LogFileCache: Scanning file cache for directory 'C:/UEProject/UnrealLearn/Alsv4/Content/Developers/LiamChen/Collections/' took 0.00s
[2026.06.05-07.21.28:234][  0]LogFileCache: Scanning file cache for directory 'C:/UEProject/UnrealLearn/Alsv4/Content/Collections/' took 0.00s
[2026.06.05-07.21.28:234][  0]LogOcInput: OculusInput pre-init called
[2026.06.05-07.21.28:429][  0]LogEngine: Initializing Engine...
[2026.06.05-07.21.28:430][  0]LogHMD: Failed to enumerate extensions. Please check that you have a valid OpenXR runtime installed.
[2026.06.05-07.21.28:431][  0]LogHMD: Failed to initialize OpenVR with code 110
[2026.06.05-07.21.28:431][  0]LogMagicLeap: Warning: VR disabled because ZI is not enabled.  To enable, in the editor, Edit -> Project Settings -> Plugins -> Magic Leap Plugin -> Enable Zero Iteration
[2026.06.05-07.21.28:431][  0]LogStats: UGameplayTagsManager::InitializeManager -  0.000 s
[2026.06.05-07.21.28:544][  0]LogInit: Initializing FReadOnlyCVARCache
[2026.06.05-07.21.28:550][  0]LogAIModule: Creating AISystem for world Untitled
[2026.06.05-07.21.28:551][  0]LogAudio: Display: Initializing Audio Device Manager...
[2026.06.05-07.21.28:554][  0]LogAudio: Display: Loading Default Audio Settings Objects...
[2026.06.05-07.21.28:554][  0]LogAudio: Display: No default SoundConcurrencyObject specified (or failed to load).
[2026.06.05-07.21.28:554][  0]LogAudio: Display: Audio Device Manager Initialized
[2026.06.05-07.21.28:554][  0]LogAudio: Display: Creating Audio Device:                 Id: 1, Scope: Shared, Realtime: True
[2026.06.05-07.21.28:554][  0]LogAudioMixer: Display: Audio Mixer Platform Settings:
[2026.06.05-07.21.28:554][  0]LogAudioMixer: Display: 	Sample Rate:						  48000
[2026.06.05-07.21.28:554][  0]LogAudioMixer: Display: 	Callback Buffer Frame Size Requested: 1024
[2026.06.05-07.21.28:554][  0]LogAudioMixer: Display: 	Callback Buffer Frame Size To Use:	  1024
[2026.06.05-07.21.28:554][  0]LogAudioMixer: Display: 	Number of buffers to queue:			  2
[2026.06.05-07.21.28:554][  0]LogAudioMixer: Display: 	Max Channels (voices):				  32
[2026.06.05-07.21.28:554][  0]LogAudioMixer: Display: 	Number of Async Source Workers:		  0
[2026.06.05-07.21.28:554][  0]LogAudio: Display: AudioDevice MaxSources: 32
[2026.06.05-07.21.28:555][  0]LogAudio: Display: Audio Spatialization Plugin: None (built-in).
[2026.06.05-07.21.28:555][  0]LogAudio: Display: Audio Reverb Plugin: None (built-in).
[2026.06.05-07.21.28:555][  0]LogAudio: Display: Audio Occlusion Plugin: None (built-in).
[2026.06.05-07.21.28:555][  0]LogAudioMixer: Display: Initializing audio mixer.
[2026.06.05-07.21.28:563][  0]LogAudioMixer: Display: 0: FrontLeft
[2026.06.05-07.21.28:563][  0]LogAudioMixer: Display: 1: FrontRight
[2026.06.05-07.21.28:593][  0]LogAudioMixer: Display: Using Audio Device G274F (HD Audio Driver for Display Audio)
[2026.06.05-07.21.28:596][  0]LogAudioMixer: Display: Initializing Sound Submixes...
[2026.06.05-07.21.28:597][  0]LogAudioMixer: Display: Creating Master Submix 'MasterSubmixDefault'
[2026.06.05-07.21.28:597][  0]LogAudioMixer: Display: Creating Master Submix 'MasterReverbSubmixDefault'
[2026.06.05-07.21.28:598][  0]LogAudioMixer: Display: Creating Master Submix 'MasterEQSubmixDefault'
[2026.06.05-07.21.28:598][  0]LogAudioMixer: FMixerPlatformXAudio2::StartAudioStream() called
[2026.06.05-07.21.28:598][  0]LogAudioMixer: Display: Output buffers initialized: Frames=1024, Channels=2, Samples=2048
[2026.06.05-07.21.28:599][  0]LogAudioMixer: Display: Starting AudioMixerPlatformInterface::RunInternal()
[2026.06.05-07.21.28:599][  0]LogAudioMixer: Display: FMixerPlatformXAudio2::SubmitBuffer() called for the first time
[2026.06.05-07.21.28:599][  0]LogInit: FAudioDevice initialized.
[2026.06.05-07.21.28:599][  0]LogAudio: Display: Audio Device (ID: 1) registered with world 'Untitled'.
[2026.06.05-07.21.28:599][  0]LogNetVersion: Set ProjectVersion to 1.0.0.0. Version Checksum will be recalculated on next use.
[2026.06.05-07.21.28:641][  0]LogDerivedDataCache: Saved boot cache 0.04s 94MB C:/Users/LiamChen/AppData/Local/UnrealEngine/4.27/DerivedDataCache/Boot.ddc.
[2026.06.05-07.21.28:641][  0]LogInit: Texture streaming: Enabled
[2026.06.05-07.21.28:651][  0]LogAnalytics: Display: [UEEditor.Rocket.Release] APIServer = https://datarouter.ol.epicgames.com/. AppVersion = 4.27.2-18319896+++UE4+Release-4.27
[2026.06.05-07.21.28:654][  0]LogEngineSessionManager: EngineSessionManager initialized
[2026.06.05-07.21.28:654][  0]LogEngineSessionManager: EngineSessionManager sent abnormal shutdown report. Type=Crashed, SessionId={B5D9F49A-493A-1855-E505-DB8837DCADC0}
[2026.06.05-07.21.28:655][  0]LogEditorSessionSummary: Verbose: Initializing EditorSessionSummaryWriter for editor session tracking
[2026.06.05-07.21.28:656][  0]LogEditorSessionSummary: EditorSessionSummaryWriter initialized
[2026.06.05-07.21.28:676][  0]LogInit: Transaction tracking system initialized
[2026.06.05-07.21.28:694][  0]BlueprintLog: New page: Editor Load
[2026.06.05-07.21.28:738][  0]LocalizationService: Localization service is disabled
[2026.06.05-07.21.28:756][  0]TimingProfiler: Initialize
[2026.06.05-07.21.28:756][  0]TimingProfiler: OnSessionChanged
[2026.06.05-07.21.28:756][  0]LoadingProfiler: Initialize
[2026.06.05-07.21.28:756][  0]LoadingProfiler: OnSessionChanged
[2026.06.05-07.21.28:756][  0]NetworkingProfiler: Initialize
[2026.06.05-07.21.28:756][  0]NetworkingProfiler: OnSessionChanged
[2026.06.05-07.21.28:756][  0]MemoryProfiler: Initialize
[2026.06.05-07.21.28:756][  0]MemoryProfiler: OnSessionChanged
[2026.06.05-07.21.28:841][  0]LogCook: Display: CookSettings for Memory: MemoryMaxUsedVirtual 0MiB, MemoryMaxUsedPhysical 16384MiB, MemoryMinFreeVirtual 0MiB, MemoryMinFreePhysical 1024MiB
[2026.06.05-07.21.28:841][  0]LogCook: Display: Mobile HDR setting 1
[2026.06.05-07.21.28:878][  0]LogFileCache: Scanning file cache for directory 'C:/UEProject/UnrealLearn/Alsv4/Content/' took 0.00s
[2026.06.05-07.21.29:091][  0]LogInit: Display: Engine is initialized. Leaving FEngineLoop::Init()
[2026.06.05-07.21.29:093][  0]SourceControl: Source control is disabled
[2026.06.05-07.21.29:093][  0]LogUnrealEdMisc: Loading editor; pre map load, took 4.629
[2026.06.05-07.21.29:093][  0]Cmd: MAP LOAD FILE="../../../../../../UEProject/UnrealLearn/Alsv4/Content/ThirdPersonBP/Maps/ThirdPersonExampleMap.umap" TEMPLATE=0 SHOWPROGRESS=1 FEATURELEVEL=3
[2026.06.05-07.21.29:093][  0]LightingResults: New page: Lighting Build
[2026.06.05-07.21.29:094][  0]LogWorld: UWorld::CleanupWorld for Untitled, bSessionEnded=true, bCleanupResources=true
[2026.06.05-07.21.29:094][  0]LogSlate: InvalidateAllWidgets triggered.  All widgets were invalidated
[2026.06.05-07.21.29:095][  0]MapCheck: New page: Map Check
[2026.06.05-07.21.29:095][  0]LightingResults: New page: Lighting Build
[2026.06.05-07.21.29:098][  0]LogAudio: Display: Audio Device unregistered from world 'None'.
[2026.06.05-07.21.29:100][  0]LogUObjectHash: Compacting FUObjectHashTables data took   0.44ms
[2026.06.05-07.21.29:139][  0]LogAudio: Display: Audio Device (ID: 1) registered with world 'ThirdPersonExampleMap'.
[2026.06.05-07.21.29:139][  0]LogAIModule: Creating AISystem for world ThirdPersonExampleMap
[2026.06.05-07.21.29:141][  0]LogEditorServer: Finished looking for orphan Actors (0.000 secs)
[2026.06.05-07.21.29:145][  0]LogUObjectHash: Compacting FUObjectHashTables data took   0.44ms
[2026.06.05-07.21.29:146][  0]Cmd: MAP CHECKDEP NOCLEARLOG
[2026.06.05-07.21.29:146][  0]MapCheck: Map check complete: 0 Error(s), 0 Warning(s), took 0.104ms to complete.
[2026.06.05-07.21.29:146][  0]LogFileHelpers: Loading map 'ThirdPersonExampleMap' took 0.053
[2026.06.05-07.21.29:147][  0]LogUnrealEdMisc: Total Editor Startup Time, took 4.684
[2026.06.05-07.21.29:233][  0]LogSlate: Updating window title bar state: overlay mode, drag disabled, window buttons hidden, title bar hidden
[2026.06.05-07.21.29:236][  0]LogSlate: Updating window title bar state: overlay mode, drag disabled, window buttons hidden, title bar hidden
[2026.06.05-07.21.29:239][  0]LogSlate: Updating window title bar state: overlay mode, drag disabled, window buttons hidden, title bar hidden
[2026.06.05-07.21.29:243][  0]LogSlate: Updating window title bar state: overlay mode, drag disabled, window buttons hidden, title bar hidden
[2026.06.05-07.21.29:251][  0]LogNativeClassHierarchy: Verbose: Native class hierarchy populated in 0.0059 seconds. Added 3822 classes and 928 folders.
[2026.06.05-07.21.29:253][  0]LogNativeClassHierarchy: Verbose: Native class hierarchy updated for 'WidgetCarousel' in 0.0002 seconds. Added 0 classes and 0 folders.
[2026.06.05-07.21.29:254][  0]LogPakFile: PakFile PrimaryIndexSize=187
[2026.06.05-07.21.29:254][  0]LogPakFile: PakFile PathHashIndexSize=101
[2026.06.05-07.21.29:254][  0]LogPakFile: PakFile FullDirectoryIndexSize=148
[2026.06.05-07.21.29:254][  0]LogShaderLibrary: Display: ShaderCodeLibraryPakFileMountedCallback: PakFile 'C:/Program Files/Epic Games/UE_4.27/FeaturePacks/FP_FirstPerson.upack' (chunk index -1, root 'root:/') mounted
[2026.06.05-07.21.29:254][  0]LogShaderLibrary: Display: ShaderCodeLibraryPakFileMountedCallback: pending pak file info (ChunkID:-1 Root:root:/ File:C:/Program Files/Epic Games/UE_4.27/FeaturePacks/FP_FirstPerson.upack)
[2026.06.05-07.21.29:254][  0]LogPakFile: OnPakFileMounted2Time == 0.000050
[2026.06.05-07.21.29:254][  0]LogPakFile: PakFile PrimaryIndexSize=189
[2026.06.05-07.21.29:254][  0]LogPakFile: PakFile PathHashIndexSize=101
[2026.06.05-07.21.29:254][  0]LogPakFile: PakFile FullDirectoryIndexSize=152
[2026.06.05-07.21.29:254][  0]LogShaderLibrary: Display: ShaderCodeLibraryPakFileMountedCallback: PakFile 'C:/Program Files/Epic Games/UE_4.27/FeaturePacks/FP_FirstPersonBP.upack' (chunk index -1, root 'root:/') mounted
[2026.06.05-07.21.29:254][  0]LogShaderLibrary: Display: ShaderCodeLibraryPakFileMountedCallback: pending pak file info (ChunkID:-1 Root:root:/ File:C:/Program Files/Epic Games/UE_4.27/FeaturePacks/FP_FirstPersonBP.upack)
[2026.06.05-07.21.29:254][  0]LogPakFile: OnPakFileMounted2Time == 0.000032
[2026.06.05-07.21.29:255][  0]LogPakFile: PakFile PrimaryIndexSize=191
[2026.06.05-07.21.29:255][  0]LogPakFile: PakFile PathHashIndexSize=101
[2026.06.05-07.21.29:255][  0]LogPakFile: PakFile FullDirectoryIndexSize=160
[2026.06.05-07.21.29:255][  0]LogShaderLibrary: Display: ShaderCodeLibraryPakFileMountedCallback: PakFile 'C:/Program Files/Epic Games/UE_4.27/FeaturePacks/MobileStarterContent.upack' (chunk index -1, root 'root:/') mounted
[2026.06.05-07.21.29:255][  0]LogShaderLibrary: Display: ShaderCodeLibraryPakFileMountedCallback: pending pak file info (ChunkID:-1 Root:root:/ File:C:/Program Files/Epic Games/UE_4.27/FeaturePacks/MobileStarterContent.upack)
[2026.06.05-07.21.29:255][  0]LogPakFile: OnPakFileMounted2Time == 0.000026
[2026.06.05-07.21.29:255][  0]LogPakFile: PakFile PrimaryIndexSize=185
[2026.06.05-07.21.29:255][  0]LogPakFile: PakFile PathHashIndexSize=101
[2026.06.05-07.21.29:255][  0]LogPakFile: PakFile FullDirectoryIndexSize=148
[2026.06.05-07.21.29:255][  0]LogShaderLibrary: Display: ShaderCodeLibraryPakFileMountedCallback: PakFile 'C:/Program Files/Epic Games/UE_4.27/FeaturePacks/StarterContent.upack' (chunk index -1, root 'root:/') mounted
[2026.06.05-07.21.29:255][  0]LogShaderLibrary: Display: ShaderCodeLibraryPakFileMountedCallback: pending pak file info (ChunkID:-1 Root:root:/ File:C:/Program Files/Epic Games/UE_4.27/FeaturePacks/StarterContent.upack)
[2026.06.05-07.21.29:255][  0]LogPakFile: OnPakFileMounted2Time == 0.000028
[2026.06.05-07.21.29:255][  0]LogPakFile: PakFile PrimaryIndexSize=190
[2026.06.05-07.21.29:255][  0]LogPakFile: PakFile PathHashIndexSize=101
[2026.06.05-07.21.29:255][  0]LogPakFile: PakFile FullDirectoryIndexSize=154
[2026.06.05-07.21.29:255][  0]LogShaderLibrary: Display: ShaderCodeLibraryPakFileMountedCallback: PakFile 'C:/Program Files/Epic Games/UE_4.27/FeaturePacks/TP_2DSideScroller.upack' (chunk index -1, root 'root:/') mounted
[2026.06.05-07.21.29:255][  0]LogShaderLibrary: Display: ShaderCodeLibraryPakFileMountedCallback: pending pak file info (ChunkID:-1 Root:root:/ File:C:/Program Files/Epic Games/UE_4.27/FeaturePacks/TP_2DSideScroller.upack)
[2026.06.05-07.21.29:255][  0]LogPakFile: OnPakFileMounted2Time == 0.000025
[2026.06.05-07.21.29:256][  0]LogPakFile: PakFile PrimaryIndexSize=192
[2026.06.05-07.21.29:256][  0]LogPakFile: PakFile PathHashIndexSize=101
[2026.06.05-07.21.29:256][  0]LogPakFile: PakFile FullDirectoryIndexSize=158
[2026.06.05-07.21.29:256][  0]LogShaderLibrary: Display: ShaderCodeLibraryPakFileMountedCallback: PakFile 'C:/Program Files/Epic Games/UE_4.27/FeaturePacks/TP_2DSideScrollerBP.upack' (chunk index -1, root 'root:/') mounted
[2026.06.05-07.21.29:256][  0]LogShaderLibrary: Display: ShaderCodeLibraryPakFileMountedCallback: pending pak file info (ChunkID:-1 Root:root:/ File:C:/Program Files/Epic Games/UE_4.27/FeaturePacks/TP_2DSideScrollerBP.upack)
[2026.06.05-07.21.29:256][  0]LogPakFile: OnPakFileMounted2Time == 0.000028
[2026.06.05-07.21.29:256][  0]LogPakFile: PakFile PrimaryIndexSize=182
[2026.06.05-07.21.29:256][  0]LogPakFile: PakFile PathHashIndexSize=101
[2026.06.05-07.21.29:256][  0]LogPakFile: PakFile FullDirectoryIndexSize=138
[2026.06.05-07.21.29:256][  0]LogShaderLibrary: Display: ShaderCodeLibraryPakFileMountedCallback: PakFile 'C:/Program Files/Epic Games/UE_4.27/FeaturePacks/TP_Flying.upack' (chunk index -1, root 'root:/') mounted
[2026.06.05-07.21.29:256][  0]LogShaderLibrary: Display: ShaderCodeLibraryPakFileMountedCallback: pending pak file info (ChunkID:-1 Root:root:/ File:C:/Program Files/Epic Games/UE_4.27/FeaturePacks/TP_Flying.upack)
[2026.06.05-07.21.29:256][  0]LogPakFile: OnPakFileMounted2Time == 0.000025
[2026.06.05-07.21.29:256][  0]LogPakFile: PakFile PrimaryIndexSize=184
[2026.06.05-07.21.29:256][  0]LogPakFile: PakFile PathHashIndexSize=101
[2026.06.05-07.21.29:256][  0]LogPakFile: PakFile FullDirectoryIndexSize=142
[2026.06.05-07.21.29:256][  0]LogShaderLibrary: Display: ShaderCodeLibraryPakFileMountedCallback: PakFile 'C:/Program Files/Epic Games/UE_4.27/FeaturePacks/TP_FlyingBP.upack' (chunk index -1, root 'root:/') mounted
[2026.06.05-07.21.29:256][  0]LogShaderLibrary: Display: ShaderCodeLibraryPakFileMountedCallback: pending pak file info (ChunkID:-1 Root:root:/ File:C:/Program Files/Epic Games/UE_4.27/FeaturePacks/TP_FlyingBP.upack)
[2026.06.05-07.21.29:256][  0]LogPakFile: OnPakFileMounted2Time == 0.000022
[2026.06.05-07.21.29:256][  0]LogPakFile: PakFile PrimaryIndexSize=188
[2026.06.05-07.21.29:256][  0]LogPakFile: PakFile PathHashIndexSize=101
[2026.06.05-07.21.29:256][  0]LogPakFile: PakFile FullDirectoryIndexSize=150
[2026.06.05-07.21.29:256][  0]LogShaderLibrary: Display: ShaderCodeLibraryPakFileMountedCallback: PakFile 'C:/Program Files/Epic Games/UE_4.27/FeaturePacks/TP_HandheldARBP.upack' (chunk index -1, root 'root:/') mounted
[2026.06.05-07.21.29:256][  0]LogShaderLibrary: Display: ShaderCodeLibraryPakFileMountedCallback: pending pak file info (ChunkID:-1 Root:root:/ File:C:/Program Files/Epic Games/UE_4.27/FeaturePacks/TP_HandheldARBP.upack)
[2026.06.05-07.21.29:256][  0]LogPakFile: OnPakFileMounted2Time == 0.000022
[2026.06.05-07.21.29:257][  0]LogPakFile: PakFile PrimaryIndexSize=182
[2026.06.05-07.21.29:257][  0]LogPakFile: PakFile PathHashIndexSize=101
[2026.06.05-07.21.29:257][  0]LogPakFile: PakFile FullDirectoryIndexSize=138
[2026.06.05-07.21.29:257][  0]LogShaderLibrary: Display: ShaderCodeLibraryPakFileMountedCallback: PakFile 'C:/Program Files/Epic Games/UE_4.27/FeaturePacks/TP_Puzzle.upack' (chunk index -1, root 'root:/') mounted
[2026.06.05-07.21.29:257][  0]LogShaderLibrary: Display: ShaderCodeLibraryPakFileMountedCallback: pending pak file info (ChunkID:-1 Root:root:/ File:C:/Program Files/Epic Games/UE_4.27/FeaturePacks/TP_Puzzle.upack)
[2026.06.05-07.21.29:257][  0]LogPakFile: OnPakFileMounted2Time == 0.000025
[2026.06.05-07.21.29:257][  0]LogPakFile: PakFile PrimaryIndexSize=184
[2026.06.05-07.21.29:257][  0]LogPakFile: PakFile PathHashIndexSize=101
[2026.06.05-07.21.29:257][  0]LogPakFile: PakFile FullDirectoryIndexSize=142
[2026.06.05-07.21.29:257][  0]LogShaderLibrary: Display: ShaderCodeLibraryPakFileMountedCallback: PakFile 'C:/Program Files/Epic Games/UE_4.27/FeaturePacks/TP_PuzzleBP.upack' (chunk index -1, root 'root:/') mounted
[2026.06.05-07.21.29:257][  0]LogShaderLibrary: Display: ShaderCodeLibraryPakFileMountedCallback: pending pak file info (ChunkID:-1 Root:root:/ File:C:/Program Files/Epic Games/UE_4.27/FeaturePacks/TP_PuzzleBP.upack)
[2026.06.05-07.21.29:257][  0]LogPakFile: OnPakFileMounted2Time == 0.000028
[2026.06.05-07.21.29:257][  0]LogPakFile: PakFile PrimaryIndexSize=183
[2026.06.05-07.21.29:257][  0]LogPakFile: PakFile PathHashIndexSize=101
[2026.06.05-07.21.29:257][  0]LogPakFile: PakFile FullDirectoryIndexSize=140
[2026.06.05-07.21.29:258][  0]LogShaderLibrary: Display: ShaderCodeLibraryPakFileMountedCallback: PakFile 'C:/Program Files/Epic Games/UE_4.27/FeaturePacks/TP_Rolling.upack' (chunk index -1, root 'root:/') mounted
[2026.06.05-07.21.29:258][  0]LogShaderLibrary: Display: ShaderCodeLibraryPakFileMountedCallback: pending pak file info (ChunkID:-1 Root:root:/ File:C:/Program Files/Epic Games/UE_4.27/FeaturePacks/TP_Rolling.upack)
[2026.06.05-07.21.29:258][  0]LogPakFile: OnPakFileMounted2Time == 0.000029
[2026.06.05-07.21.29:258][  0]LogPakFile: PakFile PrimaryIndexSize=185
[2026.06.05-07.21.29:258][  0]LogPakFile: PakFile PathHashIndexSize=101
[2026.06.05-07.21.29:258][  0]LogPakFile: PakFile FullDirectoryIndexSize=144
[2026.06.05-07.21.29:258][  0]LogShaderLibrary: Display: ShaderCodeLibraryPakFileMountedCallback: PakFile 'C:/Program Files/Epic Games/UE_4.27/FeaturePacks/TP_RollingBP.upack' (chunk index -1, root 'root:/') mounted
[2026.06.05-07.21.29:258][  0]LogShaderLibrary: Display: ShaderCodeLibraryPakFileMountedCallback: pending pak file info (ChunkID:-1 Root:root:/ File:C:/Program Files/Epic Games/UE_4.27/FeaturePacks/TP_RollingBP.upack)
[2026.06.05-07.21.29:258][  0]LogPakFile: OnPakFileMounted2Time == 0.000028
[2026.06.05-07.21.29:258][  0]LogPakFile: PakFile PrimaryIndexSize=188
[2026.06.05-07.21.29:258][  0]LogPakFile: PakFile PathHashIndexSize=101
[2026.06.05-07.21.29:258][  0]LogPakFile: PakFile FullDirectoryIndexSize=150
[2026.06.05-07.21.29:258][  0]LogShaderLibrary: Display: ShaderCodeLibraryPakFileMountedCallback: PakFile 'C:/Program Files/Epic Games/UE_4.27/FeaturePacks/TP_SideScroller.upack' (chunk index -1, root 'root:/') mounted
[2026.06.05-07.21.29:258][  0]LogShaderLibrary: Display: ShaderCodeLibraryPakFileMountedCallback: pending pak file info (ChunkID:-1 Root:root:/ File:C:/Program Files/Epic Games/UE_4.27/FeaturePacks/TP_SideScroller.upack)
[2026.06.05-07.21.29:258][  0]LogPakFile: OnPakFileMounted2Time == 0.000025
[2026.06.05-07.21.29:258][  0]LogPakFile: PakFile PrimaryIndexSize=190
[2026.06.05-07.21.29:258][  0]LogPakFile: PakFile PathHashIndexSize=101
[2026.06.05-07.21.29:258][  0]LogPakFile: PakFile FullDirectoryIndexSize=154
[2026.06.05-07.21.29:258][  0]LogShaderLibrary: Display: ShaderCodeLibraryPakFileMountedCallback: PakFile 'C:/Program Files/Epic Games/UE_4.27/FeaturePacks/TP_SideScrollerBP.upack' (chunk index -1, root 'root:/') mounted
[2026.06.05-07.21.29:258][  0]LogShaderLibrary: Display: ShaderCodeLibraryPakFileMountedCallback: pending pak file info (ChunkID:-1 Root:root:/ File:C:/Program Files/Epic Games/UE_4.27/FeaturePacks/TP_SideScrollerBP.upack)
[2026.06.05-07.21.29:258][  0]LogPakFile: OnPakFileMounted2Time == 0.000023
[2026.06.05-07.21.29:259][  0]LogPakFile: PakFile PrimaryIndexSize=187
[2026.06.05-07.21.29:259][  0]LogPakFile: PakFile PathHashIndexSize=101
[2026.06.05-07.21.29:259][  0]LogPakFile: PakFile FullDirectoryIndexSize=148
[2026.06.05-07.21.29:259][  0]LogShaderLibrary: Display: ShaderCodeLibraryPakFileMountedCallback: PakFile 'C:/Program Files/Epic Games/UE_4.27/FeaturePacks/TP_ThirdPerson.upack' (chunk index -1, root 'root:/') mounted
[2026.06.05-07.21.29:259][  0]LogShaderLibrary: Display: ShaderCodeLibraryPakFileMountedCallback: pending pak file info (ChunkID:-1 Root:root:/ File:C:/Program Files/Epic Games/UE_4.27/FeaturePacks/TP_ThirdPerson.upack)
[2026.06.05-07.21.29:259][  0]LogPakFile: OnPakFileMounted2Time == 0.000024
[2026.06.05-07.21.29:259][  0]LogPakFile: PakFile PrimaryIndexSize=189
[2026.06.05-07.21.29:259][  0]LogPakFile: PakFile PathHashIndexSize=101
[2026.06.05-07.21.29:259][  0]LogPakFile: PakFile FullDirectoryIndexSize=152
[2026.06.05-07.21.29:259][  0]LogShaderLibrary: Display: ShaderCodeLibraryPakFileMountedCallback: PakFile 'C:/Program Files/Epic Games/UE_4.27/FeaturePacks/TP_ThirdPersonBP.upack' (chunk index -1, root 'root:/') mounted
[2026.06.05-07.21.29:259][  0]LogShaderLibrary: Display: ShaderCodeLibraryPakFileMountedCallback: pending pak file info (ChunkID:-1 Root:root:/ File:C:/Program Files/Epic Games/UE_4.27/FeaturePacks/TP_ThirdPersonBP.upack)
[2026.06.05-07.21.29:259][  0]LogPakFile: OnPakFileMounted2Time == 0.000024
[2026.06.05-07.21.29:259][  0]LogPakFile: PakFile PrimaryIndexSize=183
[2026.06.05-07.21.29:259][  0]LogPakFile: PakFile PathHashIndexSize=101
[2026.06.05-07.21.29:259][  0]LogPakFile: PakFile FullDirectoryIndexSize=140
[2026.06.05-07.21.29:259][  0]LogShaderLibrary: Display: ShaderCodeLibraryPakFileMountedCallback: PakFile 'C:/Program Files/Epic Games/UE_4.27/FeaturePacks/TP_TopDown.upack' (chunk index -1, root 'root:/') mounted
[2026.06.05-07.21.29:259][  0]LogShaderLibrary: Display: ShaderCodeLibraryPakFileMountedCallback: pending pak file info (ChunkID:-1 Root:root:/ File:C:/Program Files/Epic Games/UE_4.27/FeaturePacks/TP_TopDown.upack)
[2026.06.05-07.21.29:259][  0]LogPakFile: OnPakFileMounted2Time == 0.000034
[2026.06.05-07.21.29:259][  0]LogPakFile: PakFile PrimaryIndexSize=185
[2026.06.05-07.21.29:259][  0]LogPakFile: PakFile PathHashIndexSize=101
[2026.06.05-07.21.29:259][  0]LogPakFile: PakFile FullDirectoryIndexSize=144
[2026.06.05-07.21.29:259][  0]LogShaderLibrary: Display: ShaderCodeLibraryPakFileMountedCallback: PakFile 'C:/Program Files/Epic Games/UE_4.27/FeaturePacks/TP_TopDownBP.upack' (chunk index -1, root 'root:/') mounted
[2026.06.05-07.21.29:259][  0]LogShaderLibrary: Display: ShaderCodeLibraryPakFileMountedCallback: pending pak file info (ChunkID:-1 Root:root:/ File:C:/Program Files/Epic Games/UE_4.27/FeaturePacks/TP_TopDownBP.upack)
[2026.06.05-07.21.29:259][  0]LogPakFile: OnPakFileMounted2Time == 0.000025
[2026.06.05-07.21.29:260][  0]LogPakFile: PakFile PrimaryIndexSize=185
[2026.06.05-07.21.29:260][  0]LogPakFile: PakFile PathHashIndexSize=101
[2026.06.05-07.21.29:260][  0]LogPakFile: PakFile FullDirectoryIndexSize=144
[2026.06.05-07.21.29:260][  0]LogShaderLibrary: Display: ShaderCodeLibraryPakFileMountedCallback: PakFile 'C:/Program Files/Epic Games/UE_4.27/FeaturePacks/TP_TwinStick.upack' (chunk index -1, root 'root:/') mounted
[2026.06.05-07.21.29:260][  0]LogShaderLibrary: Display: ShaderCodeLibraryPakFileMountedCallback: pending pak file info (ChunkID:-1 Root:root:/ File:C:/Program Files/Epic Games/UE_4.27/FeaturePacks/TP_TwinStick.upack)
[2026.06.05-07.21.29:260][  0]LogPakFile: OnPakFileMounted2Time == 0.000024
[2026.06.05-07.21.29:260][  0]LogPakFile: PakFile PrimaryIndexSize=187
[2026.06.05-07.21.29:260][  0]LogPakFile: PakFile PathHashIndexSize=101
[2026.06.05-07.21.29:260][  0]LogPakFile: PakFile FullDirectoryIndexSize=148
[2026.06.05-07.21.29:260][  0]LogShaderLibrary: Display: ShaderCodeLibraryPakFileMountedCallback: PakFile 'C:/Program Files/Epic Games/UE_4.27/FeaturePacks/TP_TwinStickBP.upack' (chunk index -1, root 'root:/') mounted
[2026.06.05-07.21.29:260][  0]LogShaderLibrary: Display: ShaderCodeLibraryPakFileMountedCallback: pending pak file info (ChunkID:-1 Root:root:/ File:C:/Program Files/Epic Games/UE_4.27/FeaturePacks/TP_TwinStickBP.upack)
[2026.06.05-07.21.29:260][  0]LogPakFile: OnPakFileMounted2Time == 0.000023
[2026.06.05-07.21.29:260][  0]LogPakFile: PakFile PrimaryIndexSize=183
[2026.06.05-07.21.29:260][  0]LogPakFile: PakFile PathHashIndexSize=101
[2026.06.05-07.21.29:260][  0]LogPakFile: PakFile FullDirectoryIndexSize=140
[2026.06.05-07.21.29:260][  0]LogShaderLibrary: Display: ShaderCodeLibraryPakFileMountedCallback: PakFile 'C:/Program Files/Epic Games/UE_4.27/FeaturePacks/TP_Vehicle.upack' (chunk index -1, root 'root:/') mounted
[2026.06.05-07.21.29:260][  0]LogShaderLibrary: Display: ShaderCodeLibraryPakFileMountedCallback: pending pak file info (ChunkID:-1 Root:root:/ File:C:/Program Files/Epic Games/UE_4.27/FeaturePacks/TP_Vehicle.upack)
[2026.06.05-07.21.29:260][  0]LogPakFile: OnPakFileMounted2Time == 0.000023
[2026.06.05-07.21.29:260][  0]LogPakFile: PakFile PrimaryIndexSize=186
[2026.06.05-07.21.29:260][  0]LogPakFile: PakFile PathHashIndexSize=101
[2026.06.05-07.21.29:260][  0]LogPakFile: PakFile FullDirectoryIndexSize=146
[2026.06.05-07.21.29:260][  0]LogShaderLibrary: Display: ShaderCodeLibraryPakFileMountedCallback: PakFile 'C:/Program Files/Epic Games/UE_4.27/FeaturePacks/TP_VehicleAdv.upack' (chunk index -1, root 'root:/') mounted
[2026.06.05-07.21.29:260][  0]LogShaderLibrary: Display: ShaderCodeLibraryPakFileMountedCallback: pending pak file info (ChunkID:-1 Root:root:/ File:C:/Program Files/Epic Games/UE_4.27/FeaturePacks/TP_VehicleAdv.upack)
[2026.06.05-07.21.29:260][  0]LogPakFile: OnPakFileMounted2Time == 0.000028
[2026.06.05-07.21.29:261][  0]LogPakFile: PakFile PrimaryIndexSize=188
[2026.06.05-07.21.29:261][  0]LogPakFile: PakFile PathHashIndexSize=101
[2026.06.05-07.21.29:261][  0]LogPakFile: PakFile FullDirectoryIndexSize=150
[2026.06.05-07.21.29:261][  0]LogShaderLibrary: Display: ShaderCodeLibraryPakFileMountedCallback: PakFile 'C:/Program Files/Epic Games/UE_4.27/FeaturePacks/TP_VehicleAdvBP.upack' (chunk index -1, root 'root:/') mounted
[2026.06.05-07.21.29:261][  0]LogShaderLibrary: Display: ShaderCodeLibraryPakFileMountedCallback: pending pak file info (ChunkID:-1 Root:root:/ File:C:/Program Files/Epic Games/UE_4.27/FeaturePacks/TP_VehicleAdvBP.upack)
[2026.06.05-07.21.29:261][  0]LogPakFile: OnPakFileMounted2Time == 0.000021
[2026.06.05-07.21.29:261][  0]LogPakFile: PakFile PrimaryIndexSize=185
[2026.06.05-07.21.29:261][  0]LogPakFile: PakFile PathHashIndexSize=101
[2026.06.05-07.21.29:261][  0]LogPakFile: PakFile FullDirectoryIndexSize=144
[2026.06.05-07.21.29:261][  0]LogShaderLibrary: Display: ShaderCodeLibraryPakFileMountedCallback: PakFile 'C:/Program Files/Epic Games/UE_4.27/FeaturePacks/TP_VehicleBP.upack' (chunk index -1, root 'root:/') mounted
[2026.06.05-07.21.29:261][  0]LogShaderLibrary: Display: ShaderCodeLibraryPakFileMountedCallback: pending pak file info (ChunkID:-1 Root:root:/ File:C:/Program Files/Epic Games/UE_4.27/FeaturePacks/TP_VehicleBP.upack)
[2026.06.05-07.21.29:261][  0]LogPakFile: OnPakFileMounted2Time == 0.000024
[2026.06.05-07.21.29:262][  0]LogPakFile: PakFile PrimaryIndexSize=192
[2026.06.05-07.21.29:262][  0]LogPakFile: PakFile PathHashIndexSize=101
[2026.06.05-07.21.29:262][  0]LogPakFile: PakFile FullDirectoryIndexSize=158
[2026.06.05-07.21.29:262][  0]LogShaderLibrary: Display: ShaderCodeLibraryPakFileMountedCallback: PakFile 'C:/Program Files/Epic Games/UE_4.27/FeaturePacks/TP_VirtualRealityBP.upack' (chunk index -1, root 'root:/') mounted
[2026.06.05-07.21.29:262][  0]LogShaderLibrary: Display: ShaderCodeLibraryPakFileMountedCallback: pending pak file info (ChunkID:-1 Root:root:/ File:C:/Program Files/Epic Games/UE_4.27/FeaturePacks/TP_VirtualRealityBP.upack)
[2026.06.05-07.21.29:262][  0]LogPakFile: OnPakFileMounted2Time == 0.000025
[2026.06.05-07.21.29:283][  0]LogNativeClassHierarchy: Verbose: Native class hierarchy updated for 'AddContentDialog' in 0.0002 seconds. Added 0 classes and 0 folders.
[2026.06.05-07.21.29:287][  0]LogNativeClassHierarchy: Verbose: Native class hierarchy updated for 'SceneOutliner' in 0.0002 seconds. Added 2 classes and 0 folders.
[2026.06.05-07.21.29:337][  0]LogSlate: Took 0.000250 seconds to synchronously load lazily loaded font '../../../Engine/Content/Slate/Fonts/Roboto-Regular.ttf' (155K)
[2026.06.05-07.21.29:338][  0]LogSlate: Took 0.000099 seconds to synchronously load lazily loaded font '../../../Engine/Content/Editor/Slate/Fonts/FontAwesome.ttf' (139K)
[2026.06.05-07.21.29:338][  0]LogSlate: Took 0.000095 seconds to synchronously load lazily loaded font '../../../Engine/Content/Slate/Fonts/Roboto-Bold.ttf' (160K)
[2026.06.05-07.21.29:341][  0]LogSlate: Took 0.000101 seconds to synchronously load lazily loaded font '../../../Engine/Content/Slate/Fonts/DroidSansMono.ttf' (77K)
[2026.06.05-07.21.29:424][  0]LogRenderer: Reallocating scene render targets to support 1208x568 Format 10 NumSamples 1 (Frame:1).
[2026.06.05-07.21.29:486][  0]LogNativeClassHierarchy: Verbose: Native class hierarchy updated for 'HierarchicalLODOutliner' in 0.0002 seconds. Added 0 classes and 0 folders.
[2026.06.05-07.21.29:486][  0]LogLoad: (Engine Initialization) Total time: 5.02 seconds
[2026.06.05-07.21.29:486][  0]LogLoad: (Engine Initialization) Total Blueprint compile time: 0.00 seconds
[2026.06.05-07.21.29:524][  0]LogAssetRegistry: Asset discovery search completed in 2.8885 seconds
[2026.06.05-07.21.29:527][  0]LogCollectionManager: Fixed up redirectors for 0 collections in 0.000006 seconds (updated 0 objects)
[2026.06.05-07.21.29:529][  0]LogContentStreaming: Texture pool size now 1000 MB
[2026.06.05-07.23.06:919][403]LogSlate: Took 0.000134 seconds to synchronously load lazily loaded font '../../../Engine/Content/Slate/Fonts/Roboto-Light.ttf' (167K)
[2026.06.05-07.23.10:765][856]LogSlate: Took 0.000112 seconds to synchronously load lazily loaded font '../../../Engine/Content/Slate/Fonts/Roboto-Light.ttf' (167K)
[2026.06.05-07.23.10:782][856]LogAssetEditorSubsystem: Opening Asset editor for AnimSequence /Game/AdvancedLocomotionV4/CharacterAssets/MannequinSkeleton/AnimationExamples/Base/Locomotion/Detail/ALS_N_Run_BasePose.ALS_N_Run_BasePose
[2026.06.05-07.23.10:829][856]LogNativeClassHierarchy: Verbose: Native class hierarchy updated for 'SkeletonEditor' in 0.0002 seconds. Added 1 classes and 2 folders.
[2026.06.05-07.23.10:833][856]LogTexture: Default maximum texture size for cubemaps generated from long-lat sources has been changed from 512 to unlimited. In order to preserve old behaiour for '/Engine/EditorMaterials/AssetViewer/EpicQuadPanorama_CC+EV1.EpicQuadPanorama_CC+EV1', its maximum texture size has been explicitly set to 512.
[2026.06.05-07.23.10:893][856]LogTexture: Default maximum texture size for cubemaps generated from long-lat sources has been changed from 512 to unlimited. In order to preserve old behaiour for '/Engine/MapTemplates/Sky/SunsetAmbientCubemap.SunsetAmbientCubemap', its maximum texture size has been explicitly set to 512.
[2026.06.05-07.23.10:946][856]LogActorComponent: RegisterComponentWithWorld: (/Engine/Transient.World_0:PersistentLevel.AnimationEditorPreviewActor_0.DebugSkelMeshComponent_0) Already registered. Aborting.
[2026.06.05-07.23.10:947][856]LogNativeClassHierarchy: Verbose: Native class hierarchy updated for 'PinnedCommandList' in 0.0002 seconds. Added 1 classes and 0 folders.
[2026.06.05-07.23.11:210][856]LogContentBrowser: Verbose: The majority of assets in the view are of type: AnimSequence
[2026.06.05-07.23.12:777][ 23]LogSlate: Window 'ALS_N_Run_BasePose' being destroyed
[2026.06.05-07.23.12:784][ 23]LogWorld: UWorld::CleanupWorld for World_0, bSessionEnded=true, bCleanupResources=true
[2026.06.05-07.23.12:784][ 23]LogSlate: InvalidateAllWidgets triggered.  All widgets were invalidated
[2026.06.05-07.23.12:796][ 23]LogWorld: UWorld::CleanupWorld for World_5, bSessionEnded=true, bCleanupResources=true
[2026.06.05-07.23.12:796][ 23]LogSlate: InvalidateAllWidgets triggered.  All widgets were invalidated
[2026.06.05-07.23.12:838][ 23]LogWorld: UWorld::CleanupWorld for World_1, bSessionEnded=true, bCleanupResources=true
[2026.06.05-07.23.12:838][ 23]LogSlate: InvalidateAllWidgets triggered.  All widgets were invalidated
[2026.06.05-07.23.13:526][ 83]LogAssetEditorSubsystem: Opening Asset editor for Blueprint /Game/AdvancedLocomotionV4/Blueprints/CharacterLogic/ALS_Base_CharacterBP.ALS_Base_CharacterBP
[2026.06.05-07.23.13:643][ 83]LogNativeClassHierarchy: Verbose: Native class hierarchy updated for 'BlueprintGraph' in 0.0003 seconds. Added 126 classes and 0 folders.
[2026.06.05-07.23.14:175][ 83]LogSlate: Took 0.001317 seconds to synchronously load lazily loaded font '../../../Engine/Content/Slate/Fonts/Roboto-BoldCondensed.ttf' (158K)
[2026.06.05-07.23.14:255][ 84]LogAudio: Display: Cached duration for Sound Cue SoundCue /Game/AdvancedLocomotionV4/Audio/Footsteps/Footstep_Cue.Footstep_Cue was zero and has changed. Consider manually Re-saving the asset
[2026.06.05-07.23.14:259][ 84]LogSlate: Took 0.002826 seconds to synchronously load lazily loaded font '../../../Engine/Content/Slate/Fonts/DroidSansFallback.ttf' (3848K)
[2026.06.05-07.23.15:918][281]LogSlate: Took 0.000185 seconds to synchronously load lazily loaded font '../../../Engine/Content/Slate/Fonts/Roboto-Italic.ttf' (157K)
[2026.06.05-07.24.27:114][774]LogSavePackage: Moving '../../../../../../UEProject/UnrealLearn/Alsv4/Saved/ALS_Base_CharacterBP683E7E4E455EF8037BEC9A8E86BBEE73.tmp' to '../../../../../../UEProject/UnrealLearn/Alsv4/Content/AdvancedLocomotionV4/Blueprints/CharacterLogic/ALS_Base_CharacterBP.uasset'
[2026.06.05-07.24.27:128][774]AssetCheck: New page: Asset Save: ALS_Base_CharacterBP
[2026.06.05-07.24.27:128][774]LogContentValidation: Display: Validating Blueprint /Game/AdvancedLocomotionV4/Blueprints/CharacterLogic/ALS_Base_CharacterBP.ALS_Base_CharacterBP
[2026.06.05-07.28.41:238][139]LogSavePackage: Moving '../../../../../../UEProject/UnrealLearn/Alsv4/Saved/ALS_Base_CharacterBPFE9EF7DA4C05B7BF20FF419FA4D4FF84.tmp' to '../../../../../../UEProject/UnrealLearn/Alsv4/Content/AdvancedLocomotionV4/Blueprints/CharacterLogic/ALS_Base_CharacterBP.uasset'
[2026.06.05-07.28.41:250][139]AssetCheck: New page: Asset Save: ALS_Base_CharacterBP
[2026.06.05-07.28.41:250][139]LogContentValidation: Display: Validating Blueprint /Game/AdvancedLocomotionV4/Blueprints/CharacterLogic/ALS_Base_CharacterBP.ALS_Base_CharacterBP
[2026.06.05-07.29.48:041][141]LogSavePackage: Moving '../../../../../../UEProject/UnrealLearn/Alsv4/Saved/ALS_Base_CharacterBP5D73AA0B4D54305FDA4B7F9FA61653D8.tmp' to '../../../../../../UEProject/UnrealLearn/Alsv4/Content/AdvancedLocomotionV4/Blueprints/CharacterLogic/ALS_Base_CharacterBP.uasset'
[2026.06.05-07.29.48:050][141]AssetCheck: New page: Asset Save: ALS_Base_CharacterBP
[2026.06.05-07.29.48:050][141]LogContentValidation: Display: Validating Blueprint /Game/AdvancedLocomotionV4/Blueprints/CharacterLogic/ALS_Base_CharacterBP.ALS_Base_CharacterBP
[2026.06.05-07.33.41:481][461]LogTemp: Repeating last play command: Selected Viewport
[2026.06.05-07.33.41:485][461]LogPlayLevel: PlayLevel: No blueprints needed recompiling
[2026.06.05-07.33.41:493][461]PIE: New page: PIE session: ThirdPersonExampleMap (Jun 6, 2026, 1:33:41 AM)
[2026.06.05-07.33.41:495][461]LogOnline: OSS: Creating online subsystem instance for: NULL
[2026.06.05-07.33.41:496][461]LogOnline: OSS: TryLoadSubsystemAndSetDefault: Loaded subsystem for module [NULL]
[2026.06.05-07.33.41:496][461]LogPlayLevel: Creating play world package: /Game/ThirdPersonBP/Maps/UEDPIE_0_ThirdPersonExampleMap
[2026.06.05-07.33.41:507][461]LogPlayLevel: PIE: StaticDuplicateObject took: (0.011231s)
[2026.06.05-07.33.41:507][461]LogAIModule: Creating AISystem for world ThirdPersonExampleMap
[2026.06.05-07.33.41:508][461]LogPlayLevel: PIE: World Init took: (0.000873s)
[2026.06.05-07.33.41:508][461]LogPlayLevel: PIE: Created PIE world by copying editor world from /Game/ThirdPersonBP/Maps/ThirdPersonExampleMap.ThirdPersonExampleMap to /Game/ThirdPersonBP/Maps/UEDPIE_0_ThirdPersonExampleMap.ThirdPersonExampleMap (0.012228s)
[2026.06.05-07.33.41:529][461]LogUObjectHash: Compacting FUObjectHashTables data took   1.60ms
[2026.06.05-07.33.41:530][461]LogAudio: Display: Creating Audio Device:                 Id: 2, Scope: Unique, Realtime: True
[2026.06.05-07.33.41:531][461]LogAudioMixer: Display: Audio Mixer Platform Settings:
[2026.06.05-07.33.41:531][461]LogAudioMixer: Display: 	Sample Rate:						  48000
[2026.06.05-07.33.41:531][461]LogAudioMixer: Display: 	Callback Buffer Frame Size Requested: 1024
[2026.06.05-07.33.41:531][461]LogAudioMixer: Display: 	Callback Buffer Frame Size To Use:	  1024
[2026.06.05-07.33.41:531][461]LogAudioMixer: Display: 	Number of buffers to queue:			  2
[2026.06.05-07.33.41:531][461]LogAudioMixer: Display: 	Max Channels (voices):				  32
[2026.06.05-07.33.41:531][461]LogAudioMixer: Display: 	Number of Async Source Workers:		  0
[2026.06.05-07.33.41:531][461]LogAudio: Display: AudioDevice MaxSources: 32
[2026.06.05-07.33.41:531][461]LogAudio: Display: Audio Spatialization Plugin: None (built-in).
[2026.06.05-07.33.41:531][461]LogAudio: Display: Audio Reverb Plugin: None (built-in).
[2026.06.05-07.33.41:531][461]LogAudio: Display: Audio Occlusion Plugin: None (built-in).
[2026.06.05-07.33.41:531][461]LogAudioMixer: Display: Initializing audio mixer.
[2026.06.05-07.33.41:533][461]LogAudioMixer: Display: 0: FrontLeft
[2026.06.05-07.33.41:533][461]LogAudioMixer: Display: 1: FrontRight
[2026.06.05-07.33.41:538][461]LogAudioMixer: Display: Using Audio Device G274F (HD Audio Driver for Display Audio)
[2026.06.05-07.33.41:538][461]LogAudioMixer: Display: Initializing Sound Submixes...
[2026.06.05-07.33.41:538][461]LogAudioMixer: Display: Creating Master Submix 'MasterSubmixDefault'
[2026.06.05-07.33.41:538][461]LogAudioMixer: Display: Creating Master Submix 'MasterReverbSubmixDefault'
[2026.06.05-07.33.41:539][461]LogAudioMixer: Display: Creating Master Submix 'MasterEQSubmixDefault'
[2026.06.05-07.33.41:539][461]LogAudioMixer: FMixerPlatformXAudio2::StartAudioStream() called
[2026.06.05-07.33.41:539][461]LogAudioMixer: Display: Output buffers initialized: Frames=1024, Channels=2, Samples=2048
[2026.06.05-07.33.41:540][461]LogAudioMixer: Display: Starting AudioMixerPlatformInterface::RunInternal()
[2026.06.05-07.33.41:540][461]LogAudioMixer: Display: FMixerPlatformXAudio2::SubmitBuffer() called for the first time
[2026.06.05-07.33.41:540][461]LogInit: FAudioDevice initialized.
[2026.06.05-07.33.41:540][461]LogAudio: Display: Audio Device (ID: 2) registered with world 'ThirdPersonExampleMap'.
[2026.06.05-07.33.41:549][461]LogLoad: Game class is 'ALS_GameMode_C'
[2026.06.05-07.33.41:550][461]LogWorld: Bringing World /Game/ThirdPersonBP/Maps/UEDPIE_0_ThirdPersonExampleMap.ThirdPersonExampleMap up for play (max tick rate 0) at 2026.06.05-16.33.41
[2026.06.05-07.33.41:550][461]LogWorld: Bringing up level for play took: 0.000612
[2026.06.05-07.33.41:550][461]LogOnline: OSS: Creating online subsystem instance for: :Context_10
[2026.06.05-07.33.41:552][461]LogNativeClassHierarchy: Verbose: Native class hierarchy updated for 'MovieSceneCapture' in 0.0002 seconds. Added 20 classes and 0 folders.
[2026.06.05-07.33.41:554][461]PIE: Server logged in
[2026.06.05-07.33.41:555][461]PIE: Play in editor total start time 0.071 seconds.
[2026.06.05-07.33.41:556][461]LogBlueprintUserMessages: [ALS_Base_CharacterBP_C_0] Floor
[2026.06.05-07.33.41:729][462]LogBlueprintUserMessages: [ALS_Base_CharacterBP_C_0] Floor
[2026.06.05-07.33.41:745][463]LogBlueprintUserMessages: [ALS_Base_CharacterBP_C_0] Floor
[2026.06.05-07.33.41:764][464]LogBlueprintUserMessages: [ALS_Base_CharacterBP_C_0] Floor
[2026.06.05-07.33.41:776][465]LogBlueprintUserMessages: [ALS_Base_CharacterBP_C_0] Floor
[2026.06.05-07.33.41:783][466]LogBlueprintUserMessages: [ALS_Base_CharacterBP_C_0] Floor
[2026.06.05-07.33.41:792][467]LogBlueprintUserMessages: [ALS_Base_CharacterBP_C_0] Floor
[2026.06.05-07.33.41:799][468]LogBlueprintUserMessages: [ALS_Base_CharacterBP_C_0] Floor
[2026.06.05-07.33.41:809][469]LogBlueprintUserMessages: [ALS_Base_CharacterBP_C_0] Floor
[2026.06.05-07.33.41:816][470]LogBlueprintUserMessages: [ALS_Base_CharacterBP_C_0] Floor
[2026.06.05-07.33.41:826][471]LogBlueprintUserMessages: [ALS_Base_CharacterBP_C_0] Floor
[2026.06.05-07.33.41:833][472]LogBlueprintUserMessages: [ALS_Base_CharacterBP_C_0] Floor
[2026.06.05-07.33.41:841][473]LogBlueprintUserMessages: [ALS_Base_CharacterBP_C_0] Floor
[2026.06.05-07.33.41:849][474]LogBlueprintUserMessages: [ALS_Base_CharacterBP_C_0] Floor
[2026.06.05-07.33.41:858][475]LogBlueprintUserMessages: [ALS_Base_CharacterBP_C_0] Floor
[2026.06.05-07.33.41:866][476]LogBlueprintUserMessages: [ALS_Base_CharacterBP_C_0] Floor
[2026.06.05-07.33.41:875][477]LogBlueprintUserMessages: [ALS_Base_CharacterBP_C_0] Floor
[2026.06.05-07.33.41:883][478]LogBlueprintUserMessages: [ALS_Base_CharacterBP_C_0] Floor
[2026.06.05-07.33.41:891][479]LogBlueprintUserMessages: [ALS_Base_CharacterBP_C_0] Floor
[2026.06.05-07.33.41:899][480]LogBlueprintUserMessages: [ALS_Base_CharacterBP_C_0] Floor
[2026.06.05-07.33.41:908][481]LogBlueprintUserMessages: [ALS_Base_CharacterBP_C_0] Floor
[2026.06.05-07.33.41:916][482]LogBlueprintUserMessages: [ALS_Base_CharacterBP_C_0] Floor
[2026.06.05-07.33.41:925][483]LogBlueprintUserMessages: [ALS_Base_CharacterBP_C_0] Floor
[2026.06.05-07.33.41:932][484]LogBlueprintUserMessages: [ALS_Base_CharacterBP_C_0] Floor
[2026.06.05-07.33.41:941][485]LogBlueprintUserMessages: [ALS_Base_CharacterBP_C_0] Floor
[2026.06.05-07.33.41:949][486]LogBlueprintUserMessages: [ALS_Base_CharacterBP_C_0] Floor
[2026.06.05-07.33.41:958][487]LogBlueprintUserMessages: [ALS_Base_CharacterBP_C_0] Floor
[2026.06.05-07.33.41:966][488]LogBlueprintUserMessages: [ALS_Base_CharacterBP_C_0] Floor
[2026.06.05-07.33.41:974][489]LogBlueprintUserMessages: [ALS_Base_CharacterBP_C_0] Floor
[2026.06.05-07.33.41:983][490]LogBlueprintUserMessages: [ALS_Base_CharacterBP_C_0] Floor
[2026.06.05-07.33.41:991][491]LogBlueprintUserMessages: [ALS_Base_CharacterBP_C_0] Floor
[2026.06.05-07.33.41:999][492]LogBlueprintUserMessages: [ALS_Base_CharacterBP_C_0] Floor
[2026.06.05-07.33.42:008][493]LogBlueprintUserMessages: [ALS_Base_CharacterBP_C_0] Floor
[2026.06.05-07.33.42:016][494]LogBlueprintUserMessages: [ALS_Base_CharacterBP_C_0] Floor
[2026.06.05-07.33.42:024][495]LogBlueprintUserMessages: [ALS_Base_CharacterBP_C_0] Floor
[2026.06.05-07.33.42:033][496]LogBlueprintUserMessages: [ALS_Base_CharacterBP_C_0] Floor
[2026.06.05-07.33.42:041][497]LogBlueprintUserMessages: [ALS_Base_CharacterBP_C_0] Floor
[2026.06.05-07.33.42:049][498]LogBlueprintUserMessages: [ALS_Base_CharacterBP_C_0] Floor
[2026.06.05-07.33.42:058][499]LogBlueprintUserMessages: [ALS_Base_CharacterBP_C_0] Floor
[2026.06.05-07.33.42:066][500]LogBlueprintUserMessages: [ALS_Base_CharacterBP_C_0] Floor
[2026.06.05-07.33.42:075][501]LogBlueprintUserMessages: [ALS_Base_CharacterBP_C_0] Floor
[2026.06.05-07.33.42:083][502]LogBlueprintUserMessages: [ALS_Base_CharacterBP_C_0] Floor
[2026.06.05-07.33.42:091][503]LogBlueprintUserMessages: [ALS_Base_CharacterBP_C_0] Floor
[2026.06.05-07.33.42:100][504]LogBlueprintUserMessages: [ALS_Base_CharacterBP_C_0] Floor
[2026.06.05-07.33.42:107][505]LogBlueprintUserMessages: [ALS_Base_CharacterBP_C_0] Floor
[2026.06.05-07.33.42:116][506]LogBlueprintUserMessages: [ALS_Base_CharacterBP_C_0] Floor
[2026.06.05-07.33.42:125][507]LogBlueprintUserMessages: [ALS_Base_CharacterBP_C_0] Floor
[2026.06.05-07.33.42:132][508]LogBlueprintUserMessages: [ALS_Base_CharacterBP_C_0] Floor
[2026.06.05-07.33.42:141][509]LogBlueprintUserMessages: [ALS_Base_CharacterBP_C_0] Floor
[2026.06.05-07.33.42:149][510]LogBlueprintUserMessages: [ALS_Base_CharacterBP_C_0] Floor
[2026.06.05-07.33.42:157][511]LogBlueprintUserMessages: [ALS_Base_CharacterBP_C_0] Floor
[2026.06.05-07.33.42:166][512]LogBlueprintUserMessages: [ALS_Base_CharacterBP_C_0] Floor
[2026.06.05-07.33.42:174][513]LogBlueprintUserMessages: [ALS_Base_CharacterBP_C_0] Floor
[2026.06.05-07.33.42:184][514]LogBlueprintUserMessages: [ALS_Base_CharacterBP_C_0] Floor
[2026.06.05-07.33.42:191][515]LogBlueprintUserMessages: [ALS_Base_CharacterBP_C_0] Floor
[2026.06.05-07.33.42:200][516]LogBlueprintUserMessages: [ALS_Base_CharacterBP_C_0] Floor
[2026.06.05-07.33.42:208][517]LogBlueprintUserMessages: [ALS_Base_CharacterBP_C_0] Floor
[2026.06.05-07.33.42:217][518]LogBlueprintUserMessages: [ALS_Base_CharacterBP_C_0] Floor
[2026.06.05-07.33.42:224][519]LogBlueprintUserMessages: [ALS_Base_CharacterBP_C_0] Floor
[2026.06.05-07.33.42:233][520]LogBlueprintUserMessages: [ALS_Base_CharacterBP_C_0] Floor
[2026.06.05-07.33.42:241][521]LogBlueprintUserMessages: [ALS_Base_CharacterBP_C_0] Floor
[2026.06.05-07.33.42:249][522]LogBlueprintUserMessages: [ALS_Base_CharacterBP_C_0] Floor
[2026.06.05-07.33.42:258][523]LogBlueprintUserMessages: [ALS_Base_CharacterBP_C_0] Floor
[2026.06.05-07.33.42:266][524]LogBlueprintUserMessages: [ALS_Base_CharacterBP_C_0] Floor
[2026.06.05-07.33.42:274][525]LogBlueprintUserMessages: [ALS_Base_CharacterBP_C_0] Floor
[2026.06.05-07.33.42:283][526]LogBlueprintUserMessages: [ALS_Base_CharacterBP_C_0] Floor
[2026.06.05-07.33.42:291][527]LogBlueprintUserMessages: [ALS_Base_CharacterBP_C_0] Floor
[2026.06.05-07.33.42:299][528]LogBlueprintUserMessages: [ALS_Base_CharacterBP_C_0] Floor
[2026.06.05-07.33.42:309][529]LogBlueprintUserMessages: [ALS_Base_CharacterBP_C_0] Floor
[2026.06.05-07.33.42:317][530]LogBlueprintUserMessages: [ALS_Base_CharacterBP_C_0] Floor
[2026.06.05-07.33.42:325][531]LogBlueprintUserMessages: [ALS_Base_CharacterBP_C_0] Floor
[2026.06.05-07.33.42:333][532]LogBlueprintUserMessages: [ALS_Base_CharacterBP_C_0] Floor
[2026.06.05-07.33.42:341][533]LogBlueprintUserMessages: [ALS_Base_CharacterBP_C_0] Floor
[2026.06.05-07.33.42:349][534]LogBlueprintUserMessages: [ALS_Base_CharacterBP_C_0] Floor
[2026.06.05-07.33.42:358][535]LogBlueprintUserMessages: [ALS_Base_CharacterBP_C_0] Floor
[2026.06.05-07.33.42:366][536]LogBlueprintUserMessages: [ALS_Base_CharacterBP_C_0] Floor
[2026.06.05-07.33.42:375][537]LogBlueprintUserMessages: [ALS_Base_CharacterBP_C_0] Floor
[2026.06.05-07.33.42:383][538]LogBlueprintUserMessages: [ALS_Base_CharacterBP_C_0] Floor
[2026.06.05-07.33.42:391][539]LogBlueprintUserMessages: [ALS_Base_CharacterBP_C_0] Floor
[2026.06.05-07.33.42:400][540]LogBlueprintUserMessages: [ALS_Base_CharacterBP_C_0] Floor
[2026.06.05-07.33.42:407][541]LogBlueprintUserMessages: [ALS_Base_CharacterBP_C_0] Floor
[2026.06.05-07.33.42:417][542]LogBlueprintUserMessages: [ALS_Base_CharacterBP_C_0] Floor
[2026.06.05-07.33.42:425][543]LogBlueprintUserMessages: [ALS_Base_CharacterBP_C_0] Floor
[2026.06.05-07.33.42:432][544]LogBlueprintUserMessages: [ALS_Base_CharacterBP_C_0] Floor
[2026.06.05-07.33.42:441][545]LogBlueprintUserMessages: [ALS_Base_CharacterBP_C_0] Floor
[2026.06.05-07.33.42:450][546]LogBlueprintUserMessages: [ALS_Base_CharacterBP_C_0] Floor
[2026.06.05-07.33.42:457][547]LogBlueprintUserMessages: [ALS_Base_CharacterBP_C_0] Floor
[2026.06.05-07.33.42:466][548]LogBlueprintUserMessages: [ALS_Base_CharacterBP_C_0] Floor
[2026.06.05-07.33.42:475][549]LogBlueprintUserMessages: [ALS_Base_CharacterBP_C_0] Floor
[2026.06.05-07.33.42:483][550]LogBlueprintUserMessages: [ALS_Base_CharacterBP_C_0] Floor
[2026.06.05-07.33.42:491][551]LogBlueprintUserMessages: [ALS_Base_CharacterBP_C_0] Floor
[2026.06.05-07.33.42:499][552]LogBlueprintUserMessages: [ALS_Base_CharacterBP_C_0] Floor
[2026.06.05-07.33.42:508][553]LogBlueprintUserMessages: [ALS_Base_CharacterBP_C_0] Floor
[2026.06.05-07.33.42:516][554]LogBlueprintUserMessages: [ALS_Base_CharacterBP_C_0] Floor
[2026.06.05-07.33.42:525][555]LogBlueprintUserMessages: [ALS_Base_CharacterBP_C_0] Floor
[2026.06.05-07.33.42:532][556]LogBlueprintUserMessages: [ALS_Base_CharacterBP_C_0] Floor
[2026.06.05-07.33.42:541][557]LogBlueprintUserMessages: [ALS_Base_CharacterBP_C_0] Floor
[2026.06.05-07.33.42:549][558]LogBlueprintUserMessages: [ALS_Base_CharacterBP_C_0] Floor
[2026.06.05-07.33.42:558][559]LogBlueprintUserMessages: [ALS_Base_CharacterBP_C_0] Floor
[2026.06.05-07.33.42:566][560]LogBlueprintUserMessages: [ALS_Base_CharacterBP_C_0] Floor
[2026.06.05-07.33.42:574][561]LogBlueprintUserMessages: [ALS_Base_CharacterBP_C_0] Floor
[2026.06.05-07.33.42:583][562]LogBlueprintUserMessages: [ALS_Base_CharacterBP_C_0] Floor
[2026.06.05-07.33.42:591][563]LogBlueprintUserMessages: [ALS_Base_CharacterBP_C_0] Floor
[2026.06.05-07.33.42:599][564]LogBlueprintUserMessages: [ALS_Base_CharacterBP_C_0] Floor
[2026.06.05-07.33.42:607][565]LogBlueprintUserMessages: [ALS_Base_CharacterBP_C_0] Floor
[2026.06.05-07.33.42:616][566]LogBlueprintUserMessages: [ALS_Base_CharacterBP_C_0] Floor
[2026.06.05-07.33.42:624][567]LogBlueprintUserMessages: [ALS_Base_CharacterBP_C_0] Floor
[2026.06.05-07.33.42:633][568]LogBlueprintUserMessages: [ALS_Base_CharacterBP_C_0] Floor
[2026.06.05-07.33.42:641][569]LogBlueprintUserMessages: [ALS_Base_CharacterBP_C_0] Floor
[2026.06.05-07.33.42:650][570]LogBlueprintUserMessages: [ALS_Base_CharacterBP_C_0] Floor
[2026.06.05-07.33.42:658][571]LogBlueprintUserMessages: [ALS_Base_CharacterBP_C_0] Floor
[2026.06.05-07.33.42:666][572]LogBlueprintUserMessages: [ALS_Base_CharacterBP_C_0] Floor
[2026.06.05-07.33.42:674][573]LogBlueprintUserMessages: [ALS_Base_CharacterBP_C_0] Floor
[2026.06.05-07.33.42:683][574]LogBlueprintUserMessages: [ALS_Base_CharacterBP_C_0] Floor
[2026.06.05-07.33.42:691][575]LogBlueprintUserMessages: [ALS_Base_CharacterBP_C_0] Floor
[2026.06.05-07.33.42:699][576]LogBlueprintUserMessages: [ALS_Base_CharacterBP_C_0] Floor
[2026.06.05-07.33.42:708][577]LogBlueprintUserMessages: [ALS_Base_CharacterBP_C_0] Floor
[2026.06.05-07.33.42:716][578]LogBlueprintUserMessages: [ALS_Base_CharacterBP_C_0] Floor
[2026.06.05-07.33.42:724][579]LogBlueprintUserMessages: [ALS_Base_CharacterBP_C_0] Floor
[2026.06.05-07.33.42:733][580]LogBlueprintUserMessages: [ALS_Base_CharacterBP_C_0] Floor
[2026.06.05-07.33.42:741][581]LogBlueprintUserMessages: [ALS_Base_CharacterBP_C_0] Floor
[2026.06.05-07.33.42:749][582]LogBlueprintUserMessages: [ALS_Base_CharacterBP_C_0] Floor
[2026.06.05-07.33.42:758][583]LogBlueprintUserMessages: [ALS_Base_CharacterBP_C_0] Floor
[2026.06.05-07.33.42:766][584]LogBlueprintUserMessages: [ALS_Base_CharacterBP_C_0] Floor
[2026.06.05-07.33.42:774][585]LogBlueprintUserMessages: [ALS_Base_CharacterBP_C_0] Floor
[2026.06.05-07.33.42:782][586]LogBlueprintUserMessages: [ALS_Base_CharacterBP_C_0] Floor
[2026.06.05-07.33.42:791][587]LogBlueprintUserMessages: [ALS_Base_CharacterBP_C_0] Floor
[2026.06.05-07.33.42:799][588]LogBlueprintUserMessages: [ALS_Base_CharacterBP_C_0] Floor
[2026.06.05-07.33.42:807][589]LogBlueprintUserMessages: [ALS_Base_CharacterBP_C_0] Floor
[2026.06.05-07.33.42:816][590]LogBlueprintUserMessages: [ALS_Base_CharacterBP_C_0] Floor
[2026.06.05-07.33.42:824][591]LogBlueprintUserMessages: [ALS_Base_CharacterBP_C_0] Floor
[2026.06.05-07.33.42:833][592]LogBlueprintUserMessages: [ALS_Base_CharacterBP_C_0] Floor
[2026.06.05-07.33.42:841][593]LogBlueprintUserMessages: [ALS_Base_CharacterBP_C_0] Floor
[2026.06.05-07.33.42:849][594]LogBlueprintUserMessages: [ALS_Base_CharacterBP_C_0] Floor
[2026.06.05-07.33.42:858][595]LogBlueprintUserMessages: [ALS_Base_CharacterBP_C_0] Floor
[2026.06.05-07.33.42:866][596]LogBlueprintUserMessages: [ALS_Base_CharacterBP_C_0] Floor
[2026.06.05-07.33.42:875][597]LogBlueprintUserMessages: [ALS_Base_CharacterBP_C_0] Floor
[2026.06.05-07.33.42:882][598]LogBlueprintUserMessages: [ALS_Base_CharacterBP_C_0] Floor
[2026.06.05-07.33.42:892][599]LogBlueprintUserMessages: [ALS_Base_CharacterBP_C_0] Floor
[2026.06.05-07.33.42:900][600]LogBlueprintUserMessages: [ALS_Base_CharacterBP_C_0] Floor
[2026.06.05-07.33.42:908][601]LogBlueprintUserMessages: [ALS_Base_CharacterBP_C_0] Floor
[2026.06.05-07.33.42:916][602]LogBlueprintUserMessages: [ALS_Base_CharacterBP_C_0] Floor
[2026.06.05-07.33.42:925][603]LogBlueprintUserMessages: [ALS_Base_CharacterBP_C_0] Floor
[2026.06.05-07.33.42:932][604]LogBlueprintUserMessages: [ALS_Base_CharacterBP_C_0] Floor
[2026.06.05-07.33.42:941][605]LogBlueprintUserMessages: [ALS_Base_CharacterBP_C_0] Floor
[2026.06.05-07.33.42:950][606]LogBlueprintUserMessages: [ALS_Base_CharacterBP_C_0] Floor
[2026.06.05-07.33.42:957][607]LogBlueprintUserMessages: [ALS_Base_CharacterBP_C_0] Floor
[2026.06.05-07.33.42:966][608]LogBlueprintUserMessages: [ALS_Base_CharacterBP_C_0] Floor
[2026.06.05-07.33.42:975][609]LogBlueprintUserMessages: [ALS_Base_CharacterBP_C_0] Floor
[2026.06.05-07.33.42:983][610]LogBlueprintUserMessages: [ALS_Base_CharacterBP_C_0] Floor
[2026.06.05-07.33.42:991][611]LogBlueprintUserMessages: [ALS_Base_CharacterBP_C_0] Floor
[2026.06.05-07.33.43:000][612]LogBlueprintUserMessages: [ALS_Base_CharacterBP_C_0] Floor
[2026.06.05-07.33.43:008][613]LogBlueprintUserMessages: [ALS_Base_CharacterBP_C_0] Floor
[2026.06.05-07.33.43:016][614]LogBlueprintUserMessages: [ALS_Base_CharacterBP_C_0] Floor
[2026.06.05-07.33.43:024][615]LogBlueprintUserMessages: [ALS_Base_CharacterBP_C_0] Floor
[2026.06.05-07.33.43:033][616]LogBlueprintUserMessages: [ALS_Base_CharacterBP_C_0] Floor
[2026.06.05-07.33.43:041][617]LogBlueprintUserMessages: [ALS_Base_CharacterBP_C_0] Floor
[2026.06.05-07.33.43:049][618]LogBlueprintUserMessages: [ALS_Base_CharacterBP_C_0] Floor
[2026.06.05-07.33.43:058][619]LogBlueprintUserMessages: [ALS_Base_CharacterBP_C_0] Floor
[2026.06.05-07.33.43:066][620]LogBlueprintUserMessages: [ALS_Base_CharacterBP_C_0] Floor
[2026.06.05-07.33.43:075][621]LogBlueprintUserMessages: [ALS_Base_CharacterBP_C_0] Floor
[2026.06.05-07.33.43:083][622]LogBlueprintUserMessages: [ALS_Base_CharacterBP_C_0] Floor
[2026.06.05-07.33.43:091][623]LogBlueprintUserMessages: [ALS_Base_CharacterBP_C_0] Floor
[2026.06.05-07.33.43:099][624]LogBlueprintUserMessages: [ALS_Base_CharacterBP_C_0] Floor
[2026.06.05-07.33.43:108][625]LogBlueprintUserMessages: [ALS_Base_CharacterBP_C_0] Floor
[2026.06.05-07.33.43:116][626]LogBlueprintUserMessages: [ALS_Base_CharacterBP_C_0] Floor
[2026.06.05-07.33.43:124][627]LogBlueprintUserMessages: [ALS_Base_CharacterBP_C_0] Floor
[2026.06.05-07.33.43:132][628]LogBlueprintUserMessages: [ALS_Base_CharacterBP_C_0] Floor
[2026.06.05-07.33.43:141][629]LogBlueprintUserMessages: [ALS_Base_CharacterBP_C_0] Floor
[2026.06.05-07.33.43:150][630]LogBlueprintUserMessages: [ALS_Base_CharacterBP_C_0] Floor
[2026.06.05-07.33.43:158][631]LogBlueprintUserMessages: [ALS_Base_CharacterBP_C_0] Floor
[2026.06.05-07.33.43:166][632]LogBlueprintUserMessages: [ALS_Base_CharacterBP_C_0] Floor
[2026.06.05-07.33.43:174][633]LogBlueprintUserMessages: [ALS_Base_CharacterBP_C_0] Floor
[2026.06.05-07.33.43:183][634]LogBlueprintUserMessages: [ALS_Base_CharacterBP_C_0] Floor
[2026.06.05-07.33.43:191][635]LogBlueprintUserMessages: [ALS_Base_CharacterBP_C_0] Floor
[2026.06.05-07.33.43:199][636]LogBlueprintUserMessages: [ALS_Base_CharacterBP_C_0] Floor
[2026.06.05-07.33.43:207][637]LogBlueprintUserMessages: [ALS_Base_CharacterBP_C_0] Floor
[2026.06.05-07.33.43:216][638]LogBlueprintUserMessages: [ALS_Base_CharacterBP_C_0] Floor
[2026.06.05-07.33.43:224][639]LogBlueprintUserMessages: [ALS_Base_CharacterBP_C_0] Floor
[2026.06.05-07.33.43:233][640]LogBlueprintUserMessages: [ALS_Base_CharacterBP_C_0] Floor
[2026.06.05-07.33.43:241][641]LogBlueprintUserMessages: [ALS_Base_CharacterBP_C_0] Floor
[2026.06.05-07.33.43:250][642]LogBlueprintUserMessages: [ALS_Base_CharacterBP_C_0] Floor
[2026.06.05-07.33.43:258][643]LogBlueprintUserMessages: [ALS_Base_CharacterBP_C_0] Floor
[2026.06.05-07.33.43:266][644]LogBlueprintUserMessages: [ALS_Base_CharacterBP_C_0] Floor
[2026.06.05-07.33.43:275][645]LogBlueprintUserMessages: [ALS_Base_CharacterBP_C_0] Floor
[2026.06.05-07.33.43:283][646]LogBlueprintUserMessages: [ALS_Base_CharacterBP_C_0] Floor
[2026.06.05-07.33.43:291][647]LogBlueprintUserMessages: [ALS_Base_CharacterBP_C_0] Floor
[2026.06.05-07.33.43:299][648]LogBlueprintUserMessages: [ALS_Base_CharacterBP_C_0] Floor
[2026.06.05-07.33.43:308][649]LogBlueprintUserMessages: [ALS_Base_CharacterBP_C_0] Floor
[2026.06.05-07.33.43:316][650]LogBlueprintUserMessages: [ALS_Base_CharacterBP_C_0] Floor
[2026.06.05-07.33.43:324][651]LogBlueprintUserMessages: [ALS_Base_CharacterBP_C_0] Floor
[2026.06.05-07.33.43:333][652]LogBlueprintUserMessages: [ALS_Base_CharacterBP_C_0] Floor
[2026.06.05-07.33.43:341][653]LogBlueprintUserMessages: [ALS_Base_CharacterBP_C_0] Floor
[2026.06.05-07.33.43:349][654]LogBlueprintUserMessages: [ALS_Base_CharacterBP_C_0] Floor
[2026.06.05-07.33.43:358][655]LogBlueprintUserMessages: [ALS_Base_CharacterBP_C_0] Floor
[2026.06.05-07.33.43:366][656]LogBlueprintUserMessages: [ALS_Base_CharacterBP_C_0] Floor
[2026.06.05-07.33.43:374][657]LogBlueprintUserMessages: [ALS_Base_CharacterBP_C_0] Floor
[2026.06.05-07.33.43:382][658]LogBlueprintUserMessages: [ALS_Base_CharacterBP_C_0] Floor
[2026.06.05-07.33.43:391][659]LogBlueprintUserMessages: [ALS_Base_CharacterBP_C_0] Floor
[2026.06.05-07.33.43:399][660]LogBlueprintUserMessages: [ALS_Base_CharacterBP_C_0] Floor
[2026.06.05-07.33.43:408][661]LogBlueprintUserMessages: [ALS_Base_CharacterBP_C_0] Floor
[2026.06.05-07.33.43:416][662]LogBlueprintUserMessages: [ALS_Base_CharacterBP_C_0] Floor
[2026.06.05-07.33.43:424][663]LogBlueprintUserMessages: [ALS_Base_CharacterBP_C_0] Floor
[2026.06.05-07.33.43:433][664]LogBlueprintUserMessages: [ALS_Base_CharacterBP_C_0] Floor
[2026.06.05-07.33.43:441][665]LogBlueprintUserMessages: [ALS_Base_CharacterBP_C_0] Floor
[2026.06.05-07.33.43:449][666]LogBlueprintUserMessages: [ALS_Base_CharacterBP_C_0] Floor
[2026.06.05-07.33.43:458][667]LogBlueprintUserMessages: [ALS_Base_CharacterBP_C_0] Floor
[2026.06.05-07.33.43:466][668]LogBlueprintUserMessages: [ALS_Base_CharacterBP_C_0] Floor
[2026.06.05-07.33.43:475][669]LogBlueprintUserMessages: [ALS_Base_CharacterBP_C_0] Floor
[2026.06.05-07.33.43:483][670]LogBlueprintUserMessages: [ALS_Base_CharacterBP_C_0] Floor
[2026.06.05-07.33.43:491][671]LogBlueprintUserMessages: [ALS_Base_CharacterBP_C_0] Floor
[2026.06.05-07.33.43:499][672]LogBlueprintUserMessages: [ALS_Base_CharacterBP_C_0] Floor
[2026.06.05-07.33.43:508][673]LogBlueprintUserMessages: [ALS_Base_CharacterBP_C_0] Floor
[2026.06.05-07.33.43:516][674]LogBlueprintUserMessages: [ALS_Base_CharacterBP_C_0] Floor
[2026.06.05-07.33.43:525][675]LogBlueprintUserMessages: [ALS_Base_CharacterBP_C_0] Floor
[2026.06.05-07.33.43:532][676]LogBlueprintUserMessages: [ALS_Base_CharacterBP_C_0] Floor
[2026.06.05-07.33.43:541][677]LogBlueprintUserMessages: [ALS_Base_CharacterBP_C_0] Floor
[2026.06.05-07.33.43:549][678]LogBlueprintUserMessages: [ALS_Base_CharacterBP_C_0] Floor
[2026.06.05-07.33.43:558][679]LogBlueprintUserMessages: [ALS_Base_CharacterBP_C_0] Floor
[2026.06.05-07.33.43:566][680]LogBlueprintUserMessages: [ALS_Base_CharacterBP_C_0] Floor
[2026.06.05-07.33.43:575][681]LogBlueprintUserMessages: [ALS_Base_CharacterBP_C_0] Floor
[2026.06.05-07.33.43:583][682]LogBlueprintUserMessages: [ALS_Base_CharacterBP_C_0] Floor
[2026.06.05-07.33.43:591][683]LogBlueprintUserMessages: [ALS_Base_CharacterBP_C_0] Floor
[2026.06.05-07.33.43:600][684]LogBlueprintUserMessages: [ALS_Base_CharacterBP_C_0] Floor
[2026.06.05-07.33.43:608][685]LogBlueprintUserMessages: [ALS_Base_CharacterBP_C_0] Floor
[2026.06.05-07.33.43:617][686]LogBlueprintUserMessages: [ALS_Base_CharacterBP_C_0] Floor
[2026.06.05-07.33.43:624][687]LogBlueprintUserMessages: [ALS_Base_CharacterBP_C_0] Floor
[2026.06.05-07.33.43:634][688]LogBlueprintUserMessages: [ALS_Base_CharacterBP_C_0] Floor
[2026.06.05-07.33.43:642][689]LogBlueprintUserMessages: [ALS_Base_CharacterBP_C_0] Floor
[2026.06.05-07.33.43:650][690]LogBlueprintUserMessages: [ALS_Base_CharacterBP_C_0] Floor
[2026.06.05-07.33.43:658][691]LogBlueprintUserMessages: [ALS_Base_CharacterBP_C_0] Floor
[2026.06.05-07.33.43:666][692]LogBlueprintUserMessages: [ALS_Base_CharacterBP_C_0] Floor
[2026.06.05-07.33.43:675][693]LogBlueprintUserMessages: [ALS_Base_CharacterBP_C_0] Floor
[2026.06.05-07.33.43:682][694]LogBlueprintUserMessages: [ALS_Base_CharacterBP_C_0] Floor
[2026.06.05-07.33.43:691][695]LogBlueprintUserMessages: [ALS_Base_CharacterBP_C_0] Floor
[2026.06.05-07.33.43:699][696]LogBlueprintUserMessages: [ALS_Base_CharacterBP_C_0] Floor
[2026.06.05-07.33.43:707][697]LogBlueprintUserMessages: [ALS_Base_CharacterBP_C_0] Floor
[2026.06.05-07.33.43:716][698]LogBlueprintUserMessages: [ALS_Base_CharacterBP_C_0] Floor
[2026.06.05-07.33.43:724][699]LogBlueprintUserMessages: [ALS_Base_CharacterBP_C_0] Floor
[2026.06.05-07.33.43:733][700]LogBlueprintUserMessages: [ALS_Base_CharacterBP_C_0] Floor
[2026.06.05-07.33.43:741][701]LogBlueprintUserMessages: [ALS_Base_CharacterBP_C_0] Floor
[2026.06.05-07.33.43:750][702]LogBlueprintUserMessages: [ALS_Base_CharacterBP_C_0] Floor
[2026.06.05-07.33.43:758][703]LogBlueprintUserMessages: [ALS_Base_CharacterBP_C_0] Floor
[2026.06.05-07.33.43:766][704]LogBlueprintUserMessages: [ALS_Base_CharacterBP_C_0] Floor
[2026.06.05-07.33.43:775][705]LogBlueprintUserMessages: [ALS_Base_CharacterBP_C_0] Floor
[2026.06.05-07.33.43:782][706]LogBlueprintUserMessages: [ALS_Base_CharacterBP_C_0] Floor
[2026.06.05-07.33.43:791][707]LogBlueprintUserMessages: [ALS_Base_CharacterBP_C_0] Floor
[2026.06.05-07.33.43:800][708]LogBlueprintUserMessages: [ALS_Base_CharacterBP_C_0] Floor
[2026.06.05-07.33.43:807][709]LogBlueprintUserMessages: [ALS_Base_CharacterBP_C_0] Floor
[2026.06.05-07.33.43:816][710]LogBlueprintUserMessages: [ALS_Base_CharacterBP_C_0] Floor
[2026.06.05-07.33.43:824][711]LogBlueprintUserMessages: [ALS_Base_CharacterBP_C_0] Floor
[2026.06.05-07.33.43:833][712]LogBlueprintUserMessages: [ALS_Base_CharacterBP_C_0] Floor
[2026.06.05-07.33.43:841][713]LogBlueprintUserMessages: [ALS_Base_CharacterBP_C_0] Floor
[2026.06.05-07.33.43:849][714]LogBlueprintUserMessages: [ALS_Base_CharacterBP_C_0] Floor
[2026.06.05-07.33.43:858][715]LogBlueprintUserMessages: [ALS_Base_CharacterBP_C_0] Floor
[2026.06.05-07.33.43:867][716]LogBlueprintUserMessages: [ALS_Base_CharacterBP_C_0] Floor
[2026.06.05-07.33.43:875][717]LogBlueprintUserMessages: [ALS_Base_CharacterBP_C_0] Floor
[2026.06.05-07.33.43:883][718]LogBlueprintUserMessages: [ALS_Base_CharacterBP_C_0] Floor
[2026.06.05-07.33.43:891][719]LogBlueprintUserMessages: [ALS_Base_CharacterBP_C_0] Floor
[2026.06.05-07.33.43:899][720]LogBlueprintUserMessages: [ALS_Base_CharacterBP_C_0] Floor
[2026.06.05-07.33.43:908][721]LogBlueprintUserMessages: [ALS_Base_CharacterBP_C_0] Floor
[2026.06.05-07.33.43:916][722]LogBlueprintUserMessages: [ALS_Base_CharacterBP_C_0] Floor
[2026.06.05-07.33.43:925][723]LogBlueprintUserMessages: [ALS_Base_CharacterBP_C_0] Floor
[2026.06.05-07.33.43:933][724]LogBlueprintUserMessages: [ALS_Base_CharacterBP_C_0] Floor
[2026.06.05-07.33.43:941][725]LogBlueprintUserMessages: [ALS_Base_CharacterBP_C_0] Floor
[2026.06.05-07.33.43:950][726]LogBlueprintUserMessages: [ALS_Base_CharacterBP_C_0] Floor
[2026.06.05-07.33.43:958][727]LogBlueprintUserMessages: [ALS_Base_CharacterBP_C_0] Floor
[2026.06.05-07.33.43:966][728]LogBlueprintUserMessages: [ALS_Base_CharacterBP_C_0] Floor
[2026.06.05-07.33.43:974][729]LogBlueprintUserMessages: [ALS_Base_CharacterBP_C_0] Floor
[2026.06.05-07.33.43:983][730]LogBlueprintUserMessages: [ALS_Base_CharacterBP_C_0] Floor
[2026.06.05-07.33.43:992][731]LogBlueprintUserMessages: [ALS_Base_CharacterBP_C_0] Floor
[2026.06.05-07.33.44:000][732]LogBlueprintUserMessages: [ALS_Base_CharacterBP_C_0] Floor
[2026.06.05-07.33.44:008][733]LogBlueprintUserMessages: [ALS_Base_CharacterBP_C_0] Floor
[2026.06.05-07.33.44:016][734]LogBlueprintUserMessages: [ALS_Base_CharacterBP_C_0] Floor
[2026.06.05-07.33.44:025][735]LogBlueprintUserMessages: [ALS_Base_CharacterBP_C_0] Floor
[2026.06.05-07.33.44:033][736]LogBlueprintUserMessages: [ALS_Base_CharacterBP_C_0] Floor
[2026.06.05-07.33.44:041][737]LogBlueprintUserMessages: [ALS_Base_CharacterBP_C_0] Floor
[2026.06.05-07.33.44:049][738]LogBlueprintUserMessages: [ALS_Base_CharacterBP_C_0] Floor
[2026.06.05-07.33.44:058][739]LogBlueprintUserMessages: [ALS_Base_CharacterBP_C_0] Floor
[2026.06.05-07.33.44:066][740]LogBlueprintUserMessages: [ALS_Base_CharacterBP_C_0] Floor
[2026.06.05-07.33.44:075][741]LogBlueprintUserMessages: [ALS_Base_CharacterBP_C_0] Floor
[2026.06.05-07.33.44:083][742]LogBlueprintUserMessages: [ALS_Base_CharacterBP_C_0] Floor
[2026.06.05-07.33.44:091][743]LogBlueprintUserMessages: [ALS_Base_CharacterBP_C_0] Floor
[2026.06.05-07.33.44:100][744]LogBlueprintUserMessages: [ALS_Base_CharacterBP_C_0] Floor
[2026.06.05-07.33.44:108][745]LogBlueprintUserMessages: [ALS_Base_CharacterBP_C_0] Floor
[2026.06.05-07.33.44:116][746]LogBlueprintUserMessages: [ALS_Base_CharacterBP_C_0] Floor
[2026.06.05-07.33.44:124][747]LogBlueprintUserMessages: [ALS_Base_CharacterBP_C_0] Floor
[2026.06.05-07.33.44:132][748]LogBlueprintUserMessages: [ALS_Base_CharacterBP_C_0] Floor
[2026.06.05-07.33.44:141][749]LogBlueprintUserMessages: [ALS_Base_CharacterBP_C_0] Floor
[2026.06.05-07.33.44:149][750]LogBlueprintUserMessages: [ALS_Base_CharacterBP_C_0] Floor
[2026.06.05-07.33.44:158][751]LogBlueprintUserMessages: [ALS_Base_CharacterBP_C_0] Floor
[2026.06.05-07.33.44:165][752]LogBlueprintUserMessages: [ALS_Base_CharacterBP_C_0] Floor
[2026.06.05-07.33.44:174][753]LogBlueprintUserMessages: [ALS_Base_CharacterBP_C_0] Floor
[2026.06.05-07.33.44:183][754]LogBlueprintUserMessages: [ALS_Base_CharacterBP_C_0] Floor
[2026.06.05-07.33.44:192][755]LogBlueprintUserMessages: [ALS_Base_CharacterBP_C_0] Floor
[2026.06.05-07.33.44:200][756]LogBlueprintUserMessages: [ALS_Base_CharacterBP_C_0] Floor
[2026.06.05-07.33.44:207][757]LogBlueprintUserMessages: [ALS_Base_CharacterBP_C_0] Floor
[2026.06.05-07.33.44:216][758]LogBlueprintUserMessages: [ALS_Base_CharacterBP_C_0] Floor
[2026.06.05-07.33.44:224][759]LogBlueprintUserMessages: [ALS_Base_CharacterBP_C_0] Floor
[2026.06.05-07.33.44:233][760]LogBlueprintUserMessages: [ALS_Base_CharacterBP_C_0] Floor
[2026.06.05-07.33.44:241][761]LogBlueprintUserMessages: [ALS_Base_CharacterBP_C_0] Floor
[2026.06.05-07.33.44:249][762]LogBlueprintUserMessages: [ALS_Base_CharacterBP_C_0] Floor
[2026.06.05-07.33.44:258][763]LogBlueprintUserMessages: [ALS_Base_CharacterBP_C_0] Floor
[2026.06.05-07.33.44:265][764]LogBlueprintUserMessages: [ALS_Base_CharacterBP_C_0] Floor
[2026.06.05-07.33.44:274][765]LogBlueprintUserMessages: [ALS_Base_CharacterBP_C_0] Floor
[2026.06.05-07.33.44:282][766]LogBlueprintUserMessages: [ALS_Base_CharacterBP_C_0] Floor
[2026.06.05-07.33.44:291][767]LogBlueprintUserMessages: [ALS_Base_CharacterBP_C_0] Floor
[2026.06.05-07.33.44:299][768]LogBlueprintUserMessages: [ALS_Base_CharacterBP_C_0] Floor
[2026.06.05-07.33.44:308][769]LogBlueprintUserMessages: [ALS_Base_CharacterBP_C_0] Floor
[2026.06.05-07.33.44:316][770]LogBlueprintUserMessages: [ALS_Base_CharacterBP_C_0] Floor
[2026.06.05-07.33.44:325][771]LogBlueprintUserMessages: [ALS_Base_CharacterBP_C_0] Floor
[2026.06.05-07.33.44:332][772]LogBlueprintUserMessages: [ALS_Base_CharacterBP_C_0] Floor
[2026.06.05-07.33.44:341][773]LogBlueprintUserMessages: [ALS_Base_CharacterBP_C_0] Floor
[2026.06.05-07.33.44:349][774]LogBlueprintUserMessages: [ALS_Base_CharacterBP_C_0] Floor
[2026.06.05-07.33.44:358][775]LogBlueprintUserMessages: [ALS_Base_CharacterBP_C_0] Floor
[2026.06.05-07.33.44:366][776]LogBlueprintUserMessages: [ALS_Base_CharacterBP_C_0] Floor
[2026.06.05-07.33.44:374][777]LogBlueprintUserMessages: [ALS_Base_CharacterBP_C_0] Floor
[2026.06.05-07.33.44:382][778]LogBlueprintUserMessages: [ALS_Base_CharacterBP_C_0] Floor
[2026.06.05-07.33.44:391][779]LogBlueprintUserMessages: [ALS_Base_CharacterBP_C_0] Floor
[2026.06.05-07.33.44:399][780]LogBlueprintUserMessages: [ALS_Base_CharacterBP_C_0] Floor
[2026.06.05-07.33.44:408][781]LogBlueprintUserMessages: [ALS_Base_CharacterBP_C_0] Floor
[2026.06.05-07.33.44:416][782]LogBlueprintUserMessages: [ALS_Base_CharacterBP_C_0] Floor
[2026.06.05-07.33.44:425][783]LogBlueprintUserMessages: [ALS_Base_CharacterBP_C_0] Floor
[2026.06.05-07.33.44:433][784]LogBlueprintUserMessages: [ALS_Base_CharacterBP_C_0] Floor
[2026.06.05-07.33.44:441][785]LogBlueprintUserMessages: [ALS_Base_CharacterBP_C_0] Floor
[2026.06.05-07.33.44:449][786]LogBlueprintUserMessages: [ALS_Base_CharacterBP_C_0] Floor
[2026.06.05-07.33.44:458][787]LogBlueprintUserMessages: [ALS_Base_CharacterBP_C_0] Floor
[2026.06.05-07.33.44:466][788]LogBlueprintUserMessages: [ALS_Base_CharacterBP_C_0] Floor
[2026.06.05-07.33.44:474][789]LogBlueprintUserMessages: [ALS_Base_CharacterBP_C_0] Floor
[2026.06.05-07.33.44:483][790]LogBlueprintUserMessages: [ALS_Base_CharacterBP_C_0] Floor
[2026.06.05-07.33.44:491][791]LogBlueprintUserMessages: [ALS_Base_CharacterBP_C_0] Floor
[2026.06.05-07.33.44:499][792]LogBlueprintUserMessages: [ALS_Base_CharacterBP_C_0] Floor
[2026.06.05-07.33.44:508][793]LogBlueprintUserMessages: [ALS_Base_CharacterBP_C_0] Floor
[2026.06.05-07.33.44:516][794]LogBlueprintUserMessages: [ALS_Base_CharacterBP_C_0] Floor
[2026.06.05-07.33.44:525][795]LogBlueprintUserMessages: [ALS_Base_CharacterBP_C_0] Floor
[2026.06.05-07.33.44:533][796]LogBlueprintUserMessages: [ALS_Base_CharacterBP_C_0] Floor
[2026.06.05-07.33.44:541][797]LogBlueprintUserMessages: [ALS_Base_CharacterBP_C_0] Floor
[2026.06.05-07.33.44:550][798]LogBlueprintUserMessages: [ALS_Base_CharacterBP_C_0] Floor
[2026.06.05-07.33.44:557][799]LogBlueprintUserMessages: [ALS_Base_CharacterBP_C_0] Floor
[2026.06.05-07.33.44:566][800]LogBlueprintUserMessages: [ALS_Base_CharacterBP_C_0] Floor
[2026.06.05-07.33.44:574][801]LogBlueprintUserMessages: [ALS_Base_CharacterBP_C_0] Floor
[2026.06.05-07.33.44:583][802]LogBlueprintUserMessages: [ALS_Base_CharacterBP_C_0] Floor
[2026.06.05-07.33.44:591][803]LogBlueprintUserMessages: [ALS_Base_CharacterBP_C_0] Floor
[2026.06.05-07.33.44:600][804]LogBlueprintUserMessages: [ALS_Base_CharacterBP_C_0] Floor
[2026.06.05-07.33.44:607][805]LogBlueprintUserMessages: [ALS_Base_CharacterBP_C_0] Floor
[2026.06.05-07.33.44:616][806]LogBlueprintUserMessages: [ALS_Base_CharacterBP_C_0] Floor
[2026.06.05-07.33.44:624][807]LogBlueprintUserMessages: [ALS_Base_CharacterBP_C_0] Floor
[2026.06.05-07.33.44:633][808]LogBlueprintUserMessages: [ALS_Base_CharacterBP_C_0] Floor
[2026.06.05-07.33.44:641][809]LogBlueprintUserMessages: [ALS_Base_CharacterBP_C_0] Floor
[2026.06.05-07.33.44:649][810]LogBlueprintUserMessages: [ALS_Base_CharacterBP_C_0] Floor
[2026.06.05-07.33.44:658][811]LogBlueprintUserMessages: [ALS_Base_CharacterBP_C_0] Floor
[2026.06.05-07.33.44:666][812]LogBlueprintUserMessages: [ALS_Base_CharacterBP_C_0] Floor
[2026.06.05-07.33.44:674][813]LogBlueprintUserMessages: [ALS_Base_CharacterBP_C_0] Floor
[2026.06.05-07.33.44:683][814]LogBlueprintUserMessages: [ALS_Base_CharacterBP_C_0] Floor
[2026.06.05-07.33.44:691][815]LogBlueprintUserMessages: [ALS_Base_CharacterBP_C_0] Floor
[2026.06.05-07.33.44:699][816]LogBlueprintUserMessages: [ALS_Base_CharacterBP_C_0] Floor
[2026.06.05-07.33.44:708][817]LogBlueprintUserMessages: [ALS_Base_CharacterBP_C_0] Floor
[2026.06.05-07.33.44:715][818]LogBlueprintUserMessages: [ALS_Base_CharacterBP_C_0] Floor
[2026.06.05-07.33.44:725][819]LogBlueprintUserMessages: [ALS_Base_CharacterBP_C_0] Floor
[2026.06.05-07.33.44:732][820]LogBlueprintUserMessages: [ALS_Base_CharacterBP_C_0] Floor
[2026.06.05-07.33.44:741][821]LogBlueprintUserMessages: [ALS_Base_CharacterBP_C_0] Floor
[2026.06.05-07.33.44:749][822]LogBlueprintUserMessages: [ALS_Base_CharacterBP_C_0] Floor
[2026.06.05-07.33.44:758][823]LogBlueprintUserMessages: [ALS_Base_CharacterBP_C_0] Floor
[2026.06.05-07.33.44:766][824]LogBlueprintUserMessages: [ALS_Base_CharacterBP_C_0] Floor
[2026.06.05-07.33.44:774][825]LogBlueprintUserMessages: [ALS_Base_CharacterBP_C_0] Floor
[2026.06.05-07.33.44:783][826]LogBlueprintUserMessages: [ALS_Base_CharacterBP_C_0] Floor
[2026.06.05-07.33.44:791][827]LogBlueprintUserMessages: [ALS_Base_CharacterBP_C_0] Floor
[2026.06.05-07.33.44:799][828]LogBlueprintUserMessages: [ALS_Base_CharacterBP_C_0] Floor
[2026.06.05-07.33.44:808][829]LogBlueprintUserMessages: [ALS_Base_CharacterBP_C_0] Floor
[2026.06.05-07.33.44:816][830]LogBlueprintUserMessages: [ALS_Base_CharacterBP_C_0] Floor
[2026.06.05-07.33.44:825][831]LogBlueprintUserMessages: [ALS_Base_CharacterBP_C_0] Floor
[2026.06.05-07.33.44:833][832]LogBlueprintUserMessages: [ALS_Base_CharacterBP_C_0] Floor
[2026.06.05-07.33.44:842][833]LogBlueprintUserMessages: [ALS_Base_CharacterBP_C_0] Floor
[2026.06.05-07.33.44:849][834]LogBlueprintUserMessages: [ALS_Base_CharacterBP_C_0] Floor
[2026.06.05-07.33.44:858][835]LogBlueprintUserMessages: [ALS_Base_CharacterBP_C_0] Floor
[2026.06.05-07.33.44:866][836]LogBlueprintUserMessages: [ALS_Base_CharacterBP_C_0] Floor
[2026.06.05-07.33.44:875][837]LogBlueprintUserMessages: [ALS_Base_CharacterBP_C_0] Floor
[2026.06.05-07.33.44:883][838]LogBlueprintUserMessages: [ALS_Base_CharacterBP_C_0] Floor
[2026.06.05-07.33.44:892][839]LogBlueprintUserMessages: [ALS_Base_CharacterBP_C_0] Floor
[2026.06.05-07.33.44:900][840]LogBlueprintUserMessages: [ALS_Base_CharacterBP_C_0] Floor
[2026.06.05-07.33.44:907][841]LogBlueprintUserMessages: [ALS_Base_CharacterBP_C_0] Floor
[2026.06.05-07.33.44:916][842]LogBlueprintUserMessages: [ALS_Base_CharacterBP_C_0] Floor
[2026.06.05-07.33.44:924][843]LogBlueprintUserMessages: [ALS_Base_CharacterBP_C_0] Floor
[2026.06.05-07.33.44:933][844]LogBlueprintUserMessages: [ALS_Base_CharacterBP_C_0] Floor
[2026.06.05-07.33.44:941][845]LogBlueprintUserMessages: [ALS_Base_CharacterBP_C_0] Floor
[2026.06.05-07.33.44:950][846]LogBlueprintUserMessages: [ALS_Base_CharacterBP_C_0] Floor
[2026.06.05-07.33.44:957][847]LogBlueprintUserMessages: [ALS_Base_CharacterBP_C_0] Floor
[2026.06.05-07.33.44:966][848]LogBlueprintUserMessages: [ALS_Base_CharacterBP_C_0] Floor
[2026.06.05-07.33.44:974][849]LogBlueprintUserMessages: [ALS_Base_CharacterBP_C_0] Floor
[2026.06.05-07.33.44:983][850]LogBlueprintUserMessages: [ALS_Base_CharacterBP_C_0] Floor
[2026.06.05-07.33.44:991][851]LogBlueprintUserMessages: [ALS_Base_CharacterBP_C_0] Floor
[2026.06.05-07.33.44:999][852]LogBlueprintUserMessages: [ALS_Base_CharacterBP_C_0] Floor
[2026.06.05-07.33.45:008][853]LogBlueprintUserMessages: [ALS_Base_CharacterBP_C_0] Floor
[2026.06.05-07.33.45:016][854]LogBlueprintUserMessages: [ALS_Base_CharacterBP_C_0] Floor
[2026.06.05-07.33.45:024][855]LogBlueprintUserMessages: [ALS_Base_CharacterBP_C_0] Floor
[2026.06.05-07.33.45:033][856]LogBlueprintUserMessages: [ALS_Base_CharacterBP_C_0] Floor
[2026.06.05-07.33.45:041][857]LogBlueprintUserMessages: [ALS_Base_CharacterBP_C_0] Floor
[2026.06.05-07.33.45:049][858]LogBlueprintUserMessages: [ALS_Base_CharacterBP_C_0] Floor
[2026.06.05-07.33.45:058][859]LogBlueprintUserMessages: [ALS_Base_CharacterBP_C_0] Floor
[2026.06.05-07.33.45:066][860]LogBlueprintUserMessages: [ALS_Base_CharacterBP_C_0] Floor
[2026.06.05-07.33.45:075][861]LogBlueprintUserMessages: [ALS_Base_CharacterBP_C_0] Floor
[2026.06.05-07.33.45:083][862]LogBlueprintUserMessages: [ALS_Base_CharacterBP_C_0] Floor
[2026.06.05-07.33.45:091][863]LogBlueprintUserMessages: [ALS_Base_CharacterBP_C_0] Floor
[2026.06.05-07.33.45:100][864]LogBlueprintUserMessages: [ALS_Base_CharacterBP_C_0] Floor
[2026.06.05-07.33.45:107][865]LogBlueprintUserMessages: [ALS_Base_CharacterBP_C_0] Floor
[2026.06.05-07.33.45:116][866]LogBlueprintUserMessages: [ALS_Base_CharacterBP_C_0] Floor
[2026.06.05-07.33.45:124][867]LogBlueprintUserMessages: [ALS_Base_CharacterBP_C_0] Floor
[2026.06.05-07.33.45:133][868]LogBlueprintUserMessages: [ALS_Base_CharacterBP_C_0] Floor
[2026.06.05-07.33.45:141][869]LogBlueprintUserMessages: [ALS_Base_CharacterBP_C_0] Floor
[2026.06.05-07.33.45:150][870]LogBlueprintUserMessages: [ALS_Base_CharacterBP_C_0] Floor
[2026.06.05-07.33.45:158][871]LogBlueprintUserMessages: [ALS_Base_CharacterBP_C_0] Floor
[2026.06.05-07.33.45:167][872]LogBlueprintUserMessages: [ALS_Base_CharacterBP_C_0] Floor
[2026.06.05-07.33.45:175][873]LogBlueprintUserMessages: [ALS_Base_CharacterBP_C_0] Floor
[2026.06.05-07.33.45:184][874]LogBlueprintUserMessages: [ALS_Base_CharacterBP_C_0] Floor
[2026.06.05-07.33.45:192][875]LogBlueprintUserMessages: [ALS_Base_CharacterBP_C_0] Floor
[2026.06.05-07.33.45:201][876]LogBlueprintUserMessages: [ALS_Base_CharacterBP_C_0] Floor
[2026.06.05-07.33.45:208][877]LogBlueprintUserMessages: [ALS_Base_CharacterBP_C_0] Floor
[2026.06.05-07.33.45:216][878]LogBlueprintUserMessages: [ALS_Base_CharacterBP_C_0] Floor
[2026.06.05-07.33.45:224][879]LogBlueprintUserMessages: [ALS_Base_CharacterBP_C_0] Floor
[2026.06.05-07.33.45:233][880]LogBlueprintUserMessages: [ALS_Base_CharacterBP_C_0] Floor
[2026.06.05-07.33.45:241][881]LogBlueprintUserMessages: [ALS_Base_CharacterBP_C_0] Floor
[2026.06.05-07.33.45:250][882]LogBlueprintUserMessages: [ALS_Base_CharacterBP_C_0] Floor
[2026.06.05-07.33.45:258][883]LogBlueprintUserMessages: [ALS_Base_CharacterBP_C_0] Floor
[2026.06.05-07.33.45:267][884]LogBlueprintUserMessages: [ALS_Base_CharacterBP_C_0] Floor
[2026.06.05-07.33.45:275][885]LogBlueprintUserMessages: [ALS_Base_CharacterBP_C_0] Floor
[2026.06.05-07.33.45:283][886]LogBlueprintUserMessages: [ALS_Base_CharacterBP_C_0] Floor
[2026.06.05-07.33.45:292][887]LogBlueprintUserMessages: [ALS_Base_CharacterBP_C_0] Floor
[2026.06.05-07.33.45:299][888]LogBlueprintUserMessages: [ALS_Base_CharacterBP_C_0] Floor
[2026.06.05-07.33.45:308][889]LogBlueprintUserMessages: [ALS_Base_CharacterBP_C_0] Floor
[2026.06.05-07.33.45:316][890]LogBlueprintUserMessages: [ALS_Base_CharacterBP_C_0] Floor
[2026.06.05-07.33.45:325][891]LogBlueprintUserMessages: [ALS_Base_CharacterBP_C_0] Floor
[2026.06.05-07.33.45:333][892]LogBlueprintUserMessages: [ALS_Base_CharacterBP_C_0] Floor
[2026.06.05-07.33.45:341][893]LogBlueprintUserMessages: [ALS_Base_CharacterBP_C_0] Floor
[2026.06.05-07.33.45:349][894]LogBlueprintUserMessages: [ALS_Base_CharacterBP_C_0] Floor
[2026.06.05-07.33.45:358][895]LogBlueprintUserMessages: [ALS_Base_CharacterBP_C_0] Floor
[2026.06.05-07.33.45:366][896]LogBlueprintUserMessages: [ALS_Base_CharacterBP_C_0] Floor
[2026.06.05-07.33.45:374][897]LogBlueprintUserMessages: [ALS_Base_CharacterBP_C_0] Floor
[2026.06.05-07.33.45:383][898]LogBlueprintUserMessages: [ALS_Base_CharacterBP_C_0] Floor
[2026.06.05-07.33.45:391][899]LogBlueprintUserMessages: [ALS_Base_CharacterBP_C_0] Floor
[2026.06.05-07.33.45:400][900]LogBlueprintUserMessages: [ALS_Base_CharacterBP_C_0] Floor
[2026.06.05-07.33.45:408][901]LogBlueprintUserMessages: [ALS_Base_CharacterBP_C_0] Floor
[2026.06.05-07.33.45:416][902]LogBlueprintUserMessages: [ALS_Base_CharacterBP_C_0] Floor
[2026.06.05-07.33.45:424][903]LogBlueprintUserMessages: [ALS_Base_CharacterBP_C_0] Floor
[2026.06.05-07.33.45:433][904]LogBlueprintUserMessages: [ALS_Base_CharacterBP_C_0] Floor
[2026.06.05-07.33.45:441][905]LogBlueprintUserMessages: [ALS_Base_CharacterBP_C_0] Floor
[2026.06.05-07.33.45:449][906]LogBlueprintUserMessages: [ALS_Base_CharacterBP_C_0] Floor
[2026.06.05-07.33.45:458][907]LogBlueprintUserMessages: [ALS_Base_CharacterBP_C_0] Floor
[2026.06.05-07.33.45:466][908]LogBlueprintUserMessages: [ALS_Base_CharacterBP_C_0] Floor
[2026.06.05-07.33.45:474][909]LogBlueprintUserMessages: [ALS_Base_CharacterBP_C_0] Floor
[2026.06.05-07.33.45:483][910]LogBlueprintUserMessages: [ALS_Base_CharacterBP_C_0] Floor
[2026.06.05-07.33.45:491][911]LogBlueprintUserMessages: [ALS_Base_CharacterBP_C_0] Floor
[2026.06.05-07.33.45:499][912]LogBlueprintUserMessages: [ALS_Base_CharacterBP_C_0] Floor
[2026.06.05-07.33.45:508][913]LogBlueprintUserMessages: [ALS_Base_CharacterBP_C_0] Floor
[2026.06.05-07.33.45:516][914]LogBlueprintUserMessages: [ALS_Base_CharacterBP_C_0] Floor
[2026.06.05-07.33.45:525][915]LogBlueprintUserMessages: [ALS_Base_CharacterBP_C_0] Floor
[2026.06.05-07.33.45:532][916]LogBlueprintUserMessages: [ALS_Base_CharacterBP_C_0] Floor
[2026.06.05-07.33.45:541][917]LogBlueprintUserMessages: [ALS_Base_CharacterBP_C_0] Floor
[2026.06.05-07.33.45:549][918]LogBlueprintUserMessages: [ALS_Base_CharacterBP_C_0] Floor
[2026.06.05-07.33.45:558][919]LogBlueprintUserMessages: [ALS_Base_CharacterBP_C_0] Floor
[2026.06.05-07.33.45:566][920]LogBlueprintUserMessages: [ALS_Base_CharacterBP_C_0] Floor
[2026.06.05-07.33.45:574][921]LogBlueprintUserMessages: [ALS_Base_CharacterBP_C_0] Floor
[2026.06.05-07.33.45:583][922]LogBlueprintUserMessages: [ALS_Base_CharacterBP_C_0] Floor
[2026.06.05-07.33.45:591][923]LogBlueprintUserMessages: [ALS_Base_CharacterBP_C_0] Floor
[2026.06.05-07.33.45:599][924]LogBlueprintUserMessages: [ALS_Base_CharacterBP_C_0] Floor
[2026.06.05-07.33.45:607][925]LogBlueprintUserMessages: [ALS_Base_CharacterBP_C_0] Floor
[2026.06.05-07.33.45:616][926]LogBlueprintUserMessages: [ALS_Base_CharacterBP_C_0] Floor
[2026.06.05-07.33.45:624][927]LogBlueprintUserMessages: [ALS_Base_CharacterBP_C_0] Floor
[2026.06.05-07.33.45:632][928]LogBlueprintUserMessages: [ALS_Base_CharacterBP_C_0] Floor
[2026.06.05-07.33.45:641][929]LogBlueprintUserMessages: [ALS_Base_CharacterBP_C_0] Floor
[2026.06.05-07.33.45:649][930]LogBlueprintUserMessages: [ALS_Base_CharacterBP_C_0] Floor
[2026.06.05-07.33.45:657][931]LogBlueprintUserMessages: [ALS_Base_CharacterBP_C_0] Floor
[2026.06.05-07.33.45:666][932]LogBlueprintUserMessages: [ALS_Base_CharacterBP_C_0] Floor
[2026.06.05-07.33.45:674][933]LogBlueprintUserMessages: [ALS_Base_CharacterBP_C_0] Floor
[2026.06.05-07.33.45:683][934]LogBlueprintUserMessages: [ALS_Base_CharacterBP_C_0] Floor
[2026.06.05-07.33.45:691][935]LogBlueprintUserMessages: [ALS_Base_CharacterBP_C_0] Floor
[2026.06.05-07.33.45:699][936]LogBlueprintUserMessages: [ALS_Base_CharacterBP_C_0] Floor
[2026.06.05-07.33.45:708][937]LogBlueprintUserMessages: [ALS_Base_CharacterBP_C_0] Floor
[2026.06.05-07.33.45:716][938]LogBlueprintUserMessages: [ALS_Base_CharacterBP_C_0] Floor
[2026.06.05-07.33.45:725][939]LogBlueprintUserMessages: [ALS_Base_CharacterBP_C_0] Floor
[2026.06.05-07.33.45:733][940]LogBlueprintUserMessages: [ALS_Base_CharacterBP_C_0] Floor
[2026.06.05-07.33.45:741][941]LogBlueprintUserMessages: [ALS_Base_CharacterBP_C_0] Floor
[2026.06.05-07.33.45:750][942]LogBlueprintUserMessages: [ALS_Base_CharacterBP_C_0] Floor
[2026.06.05-07.33.45:758][943]LogBlueprintUserMessages: [ALS_Base_CharacterBP_C_0] Floor
[2026.06.05-07.33.45:766][944]LogBlueprintUserMessages: [ALS_Base_CharacterBP_C_0] Floor
[2026.06.05-07.33.45:774][945]LogBlueprintUserMessages: [ALS_Base_CharacterBP_C_0] Floor
[2026.06.05-07.33.45:783][946]LogBlueprintUserMessages: [ALS_Base_CharacterBP_C_0] Floor
[2026.06.05-07.33.45:791][947]LogBlueprintUserMessages: [ALS_Base_CharacterBP_C_0] Floor
[2026.06.05-07.33.45:799][948]LogBlueprintUserMessages: [ALS_Base_CharacterBP_C_0] Floor
[2026.06.05-07.33.45:808][949]LogBlueprintUserMessages: [ALS_Base_CharacterBP_C_0] Floor
[2026.06.05-07.33.45:816][950]LogBlueprintUserMessages: [ALS_Base_CharacterBP_C_0] Floor
[2026.06.05-07.33.45:824][951]LogBlueprintUserMessages: [ALS_Base_CharacterBP_C_0] Floor
[2026.06.05-07.33.45:833][952]LogBlueprintUserMessages: [ALS_Base_CharacterBP_C_0] Floor
[2026.06.05-07.33.45:841][953]LogBlueprintUserMessages: [ALS_Base_CharacterBP_C_0] Floor
[2026.06.05-07.33.45:849][954]LogBlueprintUserMessages: [ALS_Base_CharacterBP_C_0] Floor
[2026.06.05-07.33.45:857][955]LogBlueprintUserMessages: [ALS_Base_CharacterBP_C_0] Floor
[2026.06.05-07.33.45:866][956]LogBlueprintUserMessages: [ALS_Base_CharacterBP_C_0] Floor
[2026.06.05-07.33.45:875][957]LogBlueprintUserMessages: [ALS_Base_CharacterBP_C_0] Floor
[2026.06.05-07.33.45:883][958]LogBlueprintUserMessages: [ALS_Base_CharacterBP_C_0] Floor
[2026.06.05-07.33.45:891][959]LogBlueprintUserMessages: [ALS_Base_CharacterBP_C_0] Floor
[2026.06.05-07.33.45:899][960]LogBlueprintUserMessages: [ALS_Base_CharacterBP_C_0] Floor
[2026.06.05-07.33.45:908][961]LogBlueprintUserMessages: [ALS_Base_CharacterBP_C_0] Floor
[2026.06.05-07.33.45:916][962]LogBlueprintUserMessages: [ALS_Base_CharacterBP_C_0] Floor
[2026.06.05-07.33.45:925][963]LogBlueprintUserMessages: [ALS_Base_CharacterBP_C_0] Floor
[2026.06.05-07.33.45:933][964]LogBlueprintUserMessages: [ALS_Base_CharacterBP_C_0] Floor
[2026.06.05-07.33.45:941][965]LogBlueprintUserMessages: [ALS_Base_CharacterBP_C_0] Floor
[2026.06.05-07.33.45:949][966]LogBlueprintUserMessages: [ALS_Base_CharacterBP_C_0] Floor
[2026.06.05-07.33.45:958][967]LogBlueprintUserMessages: [ALS_Base_CharacterBP_C_0] Floor
[2026.06.05-07.33.45:966][968]LogBlueprintUserMessages: [ALS_Base_CharacterBP_C_0] Floor
[2026.06.05-07.33.45:974][969]LogBlueprintUserMessages: [ALS_Base_CharacterBP_C_0] Floor
[2026.06.05-07.33.45:983][970]LogBlueprintUserMessages: [ALS_Base_CharacterBP_C_0] Floor
[2026.06.05-07.33.45:991][971]LogBlueprintUserMessages: [ALS_Base_CharacterBP_C_0] Floor
[2026.06.05-07.33.46:000][972]LogBlueprintUserMessages: [ALS_Base_CharacterBP_C_0] Floor
[2026.06.05-07.33.46:007][973]LogBlueprintUserMessages: [ALS_Base_CharacterBP_C_0] Floor
[2026.06.05-07.33.46:016][974]LogBlueprintUserMessages: [ALS_Base_CharacterBP_C_0] Floor
[2026.06.05-07.33.46:025][975]LogBlueprintUserMessages: [ALS_Base_CharacterBP_C_0] Floor
[2026.06.05-07.33.46:033][976]LogBlueprintUserMessages: [ALS_Base_CharacterBP_C_0] Floor
[2026.06.05-07.33.46:042][977]LogBlueprintUserMessages: [ALS_Base_CharacterBP_C_0] Floor
[2026.06.05-07.33.46:050][978]LogBlueprintUserMessages: [ALS_Base_CharacterBP_C_0] Floor
[2026.06.05-07.33.46:057][979]LogBlueprintUserMessages: [ALS_Base_CharacterBP_C_0] Floor
[2026.06.05-07.33.46:066][980]LogBlueprintUserMessages: [ALS_Base_CharacterBP_C_0] Floor
[2026.06.05-07.33.46:075][981]LogBlueprintUserMessages: [ALS_Base_CharacterBP_C_0] Floor
[2026.06.05-07.33.46:082][982]LogBlueprintUserMessages: [ALS_Base_CharacterBP_C_0] Floor
[2026.06.05-07.33.46:091][983]LogBlueprintUserMessages: [ALS_Base_CharacterBP_C_0] Floor
[2026.06.05-07.33.46:099][984]LogBlueprintUserMessages: [ALS_Base_CharacterBP_C_0] Floor
[2026.06.05-07.33.46:108][985]LogBlueprintUserMessages: [ALS_Base_CharacterBP_C_0] Floor
[2026.06.05-07.33.46:116][986]LogBlueprintUserMessages: [ALS_Base_CharacterBP_C_0] Floor
[2026.06.05-07.33.46:125][987]LogBlueprintUserMessages: [ALS_Base_CharacterBP_C_0] Floor
[2026.06.05-07.33.46:133][988]LogBlueprintUserMessages: [ALS_Base_CharacterBP_C_0] Floor
[2026.06.05-07.33.46:142][989]LogBlueprintUserMessages: [ALS_Base_CharacterBP_C_0] Floor
[2026.06.05-07.33.46:149][990]LogBlueprintUserMessages: [ALS_Base_CharacterBP_C_0] Floor
[2026.06.05-07.33.46:158][991]LogBlueprintUserMessages: [ALS_Base_CharacterBP_C_0] Floor
[2026.06.05-07.33.46:166][992]LogBlueprintUserMessages: [ALS_Base_CharacterBP_C_0] Floor
[2026.06.05-07.33.46:174][993]LogBlueprintUserMessages: [ALS_Base_CharacterBP_C_0] Floor
[2026.06.05-07.33.46:183][994]LogBlueprintUserMessages: [ALS_Base_CharacterBP_C_0] Floor
[2026.06.05-07.33.46:191][995]LogBlueprintUserMessages: [ALS_Base_CharacterBP_C_0] Floor
[2026.06.05-07.33.46:200][996]LogBlueprintUserMessages: [ALS_Base_CharacterBP_C_0] Floor
[2026.06.05-07.33.46:208][997]LogBlueprintUserMessages: [ALS_Base_CharacterBP_C_0] Floor
[2026.06.05-07.33.46:216][998]LogBlueprintUserMessages: [ALS_Base_CharacterBP_C_0] Floor
[2026.06.05-07.33.46:225][999]LogBlueprintUserMessages: [ALS_Base_CharacterBP_C_0] Floor
[2026.06.05-07.33.46:232][  0]LogBlueprintUserMessages: [ALS_Base_CharacterBP_C_0] Floor
[2026.06.05-07.33.46:241][  1]LogBlueprintUserMessages: [ALS_Base_CharacterBP_C_0] Floor
[2026.06.05-07.33.46:249][  2]LogBlueprintUserMessages: [ALS_Base_CharacterBP_C_0] Floor
[2026.06.05-07.33.46:257][  3]LogBlueprintUserMessages: [ALS_Base_CharacterBP_C_0] Floor
[2026.06.05-07.33.46:266][  4]LogBlueprintUserMessages: [ALS_Base_CharacterBP_C_0] Floor
[2026.06.05-07.33.46:275][  5]LogBlueprintUserMessages: [ALS_Base_CharacterBP_C_0] Floor
[2026.06.05-07.33.46:283][  6]LogBlueprintUserMessages: [ALS_Base_CharacterBP_C_0] Floor
[2026.06.05-07.33.46:292][  7]LogBlueprintUserMessages: [ALS_Base_CharacterBP_C_0] Floor
[2026.06.05-07.33.46:299][  8]LogBlueprintUserMessages: [ALS_Base_CharacterBP_C_0] Floor
[2026.06.05-07.33.46:308][  9]LogBlueprintUserMessages: [ALS_Base_CharacterBP_C_0] Floor
[2026.06.05-07.33.46:316][ 10]LogBlueprintUserMessages: [ALS_Base_CharacterBP_C_0] Floor
[2026.06.05-07.33.46:324][ 11]LogBlueprintUserMessages: [ALS_Base_CharacterBP_C_0] Floor
[2026.06.05-07.33.46:332][ 12]LogBlueprintUserMessages: [ALS_Base_CharacterBP_C_0] Floor
[2026.06.05-07.33.46:341][ 13]LogBlueprintUserMessages: [ALS_Base_CharacterBP_C_0] Floor
[2026.06.05-07.33.46:349][ 14]LogBlueprintUserMessages: [ALS_Base_CharacterBP_C_0] Floor
[2026.06.05-07.33.46:358][ 15]LogBlueprintUserMessages: [ALS_Base_CharacterBP_C_0] Floor
[2026.06.05-07.33.46:366][ 16]LogBlueprintUserMessages: [ALS_Base_CharacterBP_C_0] Floor
[2026.06.05-07.33.46:374][ 17]LogBlueprintUserMessages: [ALS_Base_CharacterBP_C_0] Floor
[2026.06.05-07.33.46:383][ 18]LogBlueprintUserMessages: [ALS_Base_CharacterBP_C_0] Floor
[2026.06.05-07.33.46:391][ 19]LogBlueprintUserMessages: [ALS_Base_CharacterBP_C_0] Floor
[2026.06.05-07.33.46:399][ 20]LogBlueprintUserMessages: [ALS_Base_CharacterBP_C_0] Floor
[2026.06.05-07.33.46:407][ 21]LogBlueprintUserMessages: [ALS_Base_CharacterBP_C_0] Floor
[2026.06.05-07.33.46:416][ 22]LogBlueprintUserMessages: [ALS_Base_CharacterBP_C_0] Floor
[2026.06.05-07.33.46:424][ 23]LogBlueprintUserMessages: [ALS_Base_CharacterBP_C_0] Floor
[2026.06.05-07.33.46:433][ 24]LogBlueprintUserMessages: [ALS_Base_CharacterBP_C_0] Floor
[2026.06.05-07.33.46:441][ 25]LogBlueprintUserMessages: [ALS_Base_CharacterBP_C_0] Floor
[2026.06.05-07.33.46:449][ 26]LogBlueprintUserMessages: [ALS_Base_CharacterBP_C_0] Floor
[2026.06.05-07.33.46:458][ 27]LogBlueprintUserMessages: [ALS_Base_CharacterBP_C_0] Floor
[2026.06.05-07.33.46:467][ 28]LogBlueprintUserMessages: [ALS_Base_CharacterBP_C_0] Floor
[2026.06.05-07.33.46:475][ 29]LogBlueprintUserMessages: [ALS_Base_CharacterBP_C_0] Floor
[2026.06.05-07.33.46:483][ 30]LogBlueprintUserMessages: [ALS_Base_CharacterBP_C_0] Floor
[2026.06.05-07.33.46:491][ 31]LogBlueprintUserMessages: [ALS_Base_CharacterBP_C_0] Floor
[2026.06.05-07.33.46:500][ 32]LogBlueprintUserMessages: [ALS_Base_CharacterBP_C_0] Floor
[2026.06.05-07.33.46:508][ 33]LogBlueprintUserMessages: [ALS_Base_CharacterBP_C_0] Floor
[2026.06.05-07.33.46:516][ 34]LogBlueprintUserMessages: [ALS_Base_CharacterBP_C_0] Floor
[2026.06.05-07.33.46:525][ 35]LogBlueprintUserMessages: [ALS_Base_CharacterBP_C_0] Floor
[2026.06.05-07.33.46:532][ 36]LogBlueprintUserMessages: [ALS_Base_CharacterBP_C_0] Floor
[2026.06.05-07.33.46:541][ 37]LogBlueprintUserMessages: [ALS_Base_CharacterBP_C_0] Floor
[2026.06.05-07.33.46:549][ 38]LogBlueprintUserMessages: [ALS_Base_CharacterBP_C_0] Floor
[2026.06.05-07.33.46:557][ 39]LogBlueprintUserMessages: [ALS_Base_CharacterBP_C_0] Floor
[2026.06.05-07.33.46:566][ 40]LogBlueprintUserMessages: [ALS_Base_CharacterBP_C_0] Floor
[2026.06.05-07.33.46:574][ 41]LogBlueprintUserMessages: [ALS_Base_CharacterBP_C_0] Floor
[2026.06.05-07.33.46:583][ 42]LogBlueprintUserMessages: [ALS_Base_CharacterBP_C_0] Floor
[2026.06.05-07.33.46:591][ 43]LogBlueprintUserMessages: [ALS_Base_CharacterBP_C_0] Floor
[2026.06.05-07.33.46:599][ 44]LogBlueprintUserMessages: [ALS_Base_CharacterBP_C_0] Floor
[2026.06.05-07.33.46:608][ 45]LogBlueprintUserMessages: [ALS_Base_CharacterBP_C_0] Floor
[2026.06.05-07.33.46:616][ 46]LogBlueprintUserMessages: [ALS_Base_CharacterBP_C_0] Floor
[2026.06.05-07.33.46:625][ 47]LogBlueprintUserMessages: [ALS_Base_CharacterBP_C_0] Floor
[2026.06.05-07.33.46:633][ 48]LogBlueprintUserMessages: [ALS_Base_CharacterBP_C_0] Floor
[2026.06.05-07.33.46:641][ 49]LogBlueprintUserMessages: [ALS_Base_CharacterBP_C_0] Floor
[2026.06.05-07.33.46:649][ 50]LogBlueprintUserMessages: [ALS_Base_CharacterBP_C_0] Floor
[2026.06.05-07.33.46:658][ 51]LogBlueprintUserMessages: [ALS_Base_CharacterBP_C_0] Floor
[2026.06.05-07.33.46:666][ 52]LogBlueprintUserMessages: [ALS_Base_CharacterBP_C_0] Floor
[2026.06.05-07.33.46:675][ 53]LogBlueprintUserMessages: [ALS_Base_CharacterBP_C_0] Floor
[2026.06.05-07.33.46:682][ 54]LogBlueprintUserMessages: [ALS_Base_CharacterBP_C_0] Floor
[2026.06.05-07.33.46:691][ 55]LogBlueprintUserMessages: [ALS_Base_CharacterBP_C_0] Floor
[2026.06.05-07.33.46:700][ 56]LogBlueprintUserMessages: [ALS_Base_CharacterBP_C_0] Floor
[2026.06.05-07.33.46:707][ 57]LogBlueprintUserMessages: [ALS_Base_CharacterBP_C_0] Floor
[2026.06.05-07.33.46:716][ 58]LogBlueprintUserMessages: [ALS_Base_CharacterBP_C_0] Floor
[2026.06.05-07.33.46:724][ 59]LogBlueprintUserMessages: [ALS_Base_CharacterBP_C_0] Floor
[2026.06.05-07.33.46:733][ 60]LogBlueprintUserMessages: [ALS_Base_CharacterBP_C_0] Floor
[2026.06.05-07.33.46:741][ 61]LogBlueprintUserMessages: [ALS_Base_CharacterBP_C_0] Floor
[2026.06.05-07.33.46:749][ 62]LogBlueprintUserMessages: [ALS_Base_CharacterBP_C_0] Floor
[2026.06.05-07.33.46:758][ 63]LogBlueprintUserMessages: [ALS_Base_CharacterBP_C_0] Floor
[2026.06.05-07.33.46:766][ 64]LogBlueprintUserMessages: [ALS_Base_CharacterBP_C_0] Floor
[2026.06.05-07.33.46:774][ 65]LogBlueprintUserMessages: [ALS_Base_CharacterBP_C_0] Floor
[2026.06.05-07.33.46:782][ 66]LogBlueprintUserMessages: [ALS_Base_CharacterBP_C_0] Floor
[2026.06.05-07.33.46:791][ 67]LogBlueprintUserMessages: [ALS_Base_CharacterBP_C_0] Floor
[2026.06.05-07.33.46:799][ 68]LogBlueprintUserMessages: [ALS_Base_CharacterBP_C_0] Floor
[2026.06.05-07.33.46:807][ 69]LogBlueprintUserMessages: [ALS_Base_CharacterBP_C_0] Floor
[2026.06.05-07.33.46:817][ 70]LogBlueprintUserMessages: [ALS_Base_CharacterBP_C_0] Floor
[2026.06.05-07.33.46:824][ 71]LogBlueprintUserMessages: [ALS_Base_CharacterBP_C_0] Floor
[2026.06.05-07.33.46:833][ 72]LogBlueprintUserMessages: [ALS_Base_CharacterBP_C_0] Floor
[2026.06.05-07.33.46:841][ 73]LogBlueprintUserMessages: [ALS_Base_CharacterBP_C_0] Floor
[2026.06.05-07.33.46:850][ 74]LogBlueprintUserMessages: [ALS_Base_CharacterBP_C_0] Floor
[2026.06.05-07.33.46:858][ 75]LogBlueprintUserMessages: [ALS_Base_CharacterBP_C_0] Floor
[2026.06.05-07.33.46:867][ 76]LogBlueprintUserMessages: [ALS_Base_CharacterBP_C_0] Floor
[2026.06.05-07.33.46:875][ 77]LogBlueprintUserMessages: [ALS_Base_CharacterBP_C_0] Floor
[2026.06.05-07.33.46:883][ 78]LogBlueprintUserMessages: [ALS_Base_CharacterBP_C_0] Floor
[2026.06.05-07.33.46:892][ 79]LogBlueprintUserMessages: [ALS_Base_CharacterBP_C_0] Floor
[2026.06.05-07.33.46:900][ 80]LogBlueprintUserMessages: [ALS_Base_CharacterBP_C_0] Floor
[2026.06.05-07.33.46:907][ 81]LogBlueprintUserMessages: [ALS_Base_CharacterBP_C_0] Floor
[2026.06.05-07.33.46:916][ 82]LogBlueprintUserMessages: [ALS_Base_CharacterBP_C_0] Floor
[2026.06.05-07.33.46:924][ 83]LogBlueprintUserMessages: [ALS_Base_CharacterBP_C_0] Floor
[2026.06.05-07.33.46:933][ 84]LogBlueprintUserMessages: [ALS_Base_CharacterBP_C_0] Floor
[2026.06.05-07.33.46:941][ 85]LogBlueprintUserMessages: [ALS_Base_CharacterBP_C_0] Floor
[2026.06.05-07.33.46:950][ 86]LogBlueprintUserMessages: [ALS_Base_CharacterBP_C_0] Floor
[2026.06.05-07.33.46:958][ 87]LogBlueprintUserMessages: [ALS_Base_CharacterBP_C_0] Floor
[2026.06.05-07.33.46:966][ 88]LogBlueprintUserMessages: [ALS_Base_CharacterBP_C_0] Floor
[2026.06.05-07.33.46:975][ 89]LogBlueprintUserMessages: [ALS_Base_CharacterBP_C_0] Floor
[2026.06.05-07.33.46:982][ 90]LogBlueprintUserMessages: [ALS_Base_CharacterBP_C_0] Floor
[2026.06.05-07.33.46:991][ 91]LogBlueprintUserMessages: [ALS_Base_CharacterBP_C_0] Floor
[2026.06.05-07.33.46:999][ 92]LogBlueprintUserMessages: [ALS_Base_CharacterBP_C_0] Floor
[2026.06.05-07.33.47:007][ 93]LogBlueprintUserMessages: [ALS_Base_CharacterBP_C_0] Floor
[2026.06.05-07.33.47:016][ 94]LogBlueprintUserMessages: [ALS_Base_CharacterBP_C_0] Floor
[2026.06.05-07.33.47:025][ 95]LogBlueprintUserMessages: [ALS_Base_CharacterBP_C_0] Floor
[2026.06.05-07.33.47:033][ 96]LogBlueprintUserMessages: [ALS_Base_CharacterBP_C_0] Floor
[2026.06.05-07.33.47:041][ 97]LogBlueprintUserMessages: [ALS_Base_CharacterBP_C_0] Floor
[2026.06.05-07.33.47:050][ 98]LogBlueprintUserMessages: [ALS_Base_CharacterBP_C_0] Floor
[2026.06.05-07.33.47:058][ 99]LogBlueprintUserMessages: [ALS_Base_CharacterBP_C_0] Floor
[2026.06.05-07.33.47:067][100]LogBlueprintUserMessages: [ALS_Base_CharacterBP_C_0] Floor
[2026.06.05-07.33.47:075][101]LogBlueprintUserMessages: [ALS_Base_CharacterBP_C_0] Floor
[2026.06.05-07.33.47:083][102]LogBlueprintUserMessages: [ALS_Base_CharacterBP_C_0] Floor
[2026.06.05-07.33.47:091][103]LogBlueprintUserMessages: [ALS_Base_CharacterBP_C_0] Floor
[2026.06.05-07.33.47:099][104]LogBlueprintUserMessages: [ALS_Base_CharacterBP_C_0] Floor
[2026.06.05-07.33.47:108][105]LogBlueprintUserMessages: [ALS_Base_CharacterBP_C_0] Floor
[2026.06.05-07.33.47:117][106]LogBlueprintUserMessages: [ALS_Base_CharacterBP_C_0] Floor
[2026.06.05-07.33.47:125][107]LogBlueprintUserMessages: [ALS_Base_CharacterBP_C_0] Floor
[2026.06.05-07.33.47:133][108]LogBlueprintUserMessages: [ALS_Base_CharacterBP_C_0] Floor
[2026.06.05-07.33.47:142][109]LogBlueprintUserMessages: [ALS_Base_CharacterBP_C_0] Floor
[2026.06.05-07.33.47:149][110]LogBlueprintUserMessages: [ALS_Base_CharacterBP_C_0] Floor
[2026.06.05-07.33.47:158][111]LogBlueprintUserMessages: [ALS_Base_CharacterBP_C_0] Floor
[2026.06.05-07.33.47:166][112]LogBlueprintUserMessages: [ALS_Base_CharacterBP_C_0] Floor
[2026.06.05-07.33.47:175][113]LogBlueprintUserMessages: [ALS_Base_CharacterBP_C_0] Floor
[2026.06.05-07.33.47:182][114]LogBlueprintUserMessages: [ALS_Base_CharacterBP_C_0] Floor
[2026.06.05-07.33.47:192][115]LogBlueprintUserMessages: [ALS_Base_CharacterBP_C_0] Floor
[2026.06.05-07.33.47:200][116]LogBlueprintUserMessages: [ALS_Base_CharacterBP_C_0] Floor
[2026.06.05-07.33.47:207][117]LogBlueprintUserMessages: [ALS_Base_CharacterBP_C_0] Floor
[2026.06.05-07.33.47:216][118]LogBlueprintUserMessages: [ALS_Base_CharacterBP_C_0] Floor
[2026.06.05-07.33.47:225][119]LogBlueprintUserMessages: [ALS_Base_CharacterBP_C_0] Floor
[2026.06.05-07.33.47:233][120]LogBlueprintUserMessages: [ALS_Base_CharacterBP_C_0] Floor
[2026.06.05-07.33.47:241][121]LogBlueprintUserMessages: [ALS_Base_CharacterBP_C_0] Floor
[2026.06.05-07.33.47:250][122]LogBlueprintUserMessages: [ALS_Base_CharacterBP_C_0] Floor
[2026.06.05-07.33.47:258][123]LogBlueprintUserMessages: [ALS_Base_CharacterBP_C_0] Floor
[2026.06.05-07.33.47:266][124]LogBlueprintUserMessages: [ALS_Base_CharacterBP_C_0] Floor
[2026.06.05-07.33.47:274][125]LogBlueprintUserMessages: [ALS_Base_CharacterBP_C_0] Floor
[2026.06.05-07.33.47:283][126]LogBlueprintUserMessages: [ALS_Base_CharacterBP_C_0] Floor
[2026.06.05-07.33.47:291][127]LogBlueprintUserMessages: [ALS_Base_CharacterBP_C_0] Floor
[2026.06.05-07.33.47:299][128]LogBlueprintUserMessages: [ALS_Base_CharacterBP_C_0] Floor
[2026.06.05-07.33.47:308][129]LogBlueprintUserMessages: [ALS_Base_CharacterBP_C_0] Floor
[2026.06.05-07.33.47:317][130]LogBlueprintUserMessages: [ALS_Base_CharacterBP_C_0] Floor
[2026.06.05-07.33.47:324][131]LogBlueprintUserMessages: [ALS_Base_CharacterBP_C_0] Floor
[2026.06.05-07.33.47:333][132]LogBlueprintUserMessages: [ALS_Base_CharacterBP_C_0] Floor
[2026.06.05-07.33.47:341][133]LogBlueprintUserMessages: [ALS_Base_CharacterBP_C_0] Floor
[2026.06.05-07.33.47:349][134]LogBlueprintUserMessages: [ALS_Base_CharacterBP_C_0] Floor
[2026.06.05-07.33.47:357][135]LogBlueprintUserMessages: [ALS_Base_CharacterBP_C_0] Floor
[2026.06.05-07.33.47:366][136]LogBlueprintUserMessages: [ALS_Base_CharacterBP_C_0] Floor
[2026.06.05-07.33.47:375][137]LogBlueprintUserMessages: [ALS_Base_CharacterBP_C_0] Floor
[2026.06.05-07.33.47:383][138]LogBlueprintUserMessages: [ALS_Base_CharacterBP_C_0] Floor
[2026.06.05-07.33.47:392][139]LogBlueprintUserMessages: [ALS_Base_CharacterBP_C_0] Floor
[2026.06.05-07.33.47:400][140]LogBlueprintUserMessages: [ALS_Base_CharacterBP_C_0] Floor
[2026.06.05-07.33.47:408][141]LogBlueprintUserMessages: [ALS_Base_CharacterBP_C_0] Floor
[2026.06.05-07.33.47:416][142]LogBlueprintUserMessages: [ALS_Base_CharacterBP_C_0] Floor
[2026.06.05-07.33.47:424][143]LogBlueprintUserMessages: [ALS_Base_CharacterBP_C_0] Floor
[2026.06.05-07.33.47:433][144]LogBlueprintUserMessages: [ALS_Base_CharacterBP_C_0] Floor
[2026.06.05-07.33.47:441][145]LogBlueprintUserMessages: [ALS_Base_CharacterBP_C_0] Floor
[2026.06.05-07.33.47:450][146]LogBlueprintUserMessages: [ALS_Base_CharacterBP_C_0] Floor
[2026.06.05-07.33.47:458][147]LogBlueprintUserMessages: [ALS_Base_CharacterBP_C_0] Floor
[2026.06.05-07.33.47:466][148]LogBlueprintUserMessages: [ALS_Base_CharacterBP_C_0] Floor
[2026.06.05-07.33.47:474][149]LogBlueprintUserMessages: [ALS_Base_CharacterBP_C_0] Floor
[2026.06.05-07.33.47:483][150]LogBlueprintUserMessages: [ALS_Base_CharacterBP_C_0] Floor
[2026.06.05-07.33.47:491][151]LogBlueprintUserMessages: [ALS_Base_CharacterBP_C_0] Floor
[2026.06.05-07.33.47:500][152]LogBlueprintUserMessages: [ALS_Base_CharacterBP_C_0] Floor
[2026.06.05-07.33.47:508][153]LogBlueprintUserMessages: [ALS_Base_CharacterBP_C_0] Floor
[2026.06.05-07.33.47:517][154]LogBlueprintUserMessages: [ALS_Base_CharacterBP_C_0] Floor
[2026.06.05-07.33.47:525][155]LogBlueprintUserMessages: [ALS_Base_CharacterBP_C_0] Floor
[2026.06.05-07.33.47:533][156]LogBlueprintUserMessages: [ALS_Base_CharacterBP_C_0] Floor
[2026.06.05-07.33.47:542][157]LogBlueprintUserMessages: [ALS_Base_CharacterBP_C_0] Floor
[2026.06.05-07.33.47:550][158]LogBlueprintUserMessages: [ALS_Base_CharacterBP_C_0] Floor
[2026.06.05-07.33.47:557][159]LogBlueprintUserMessages: [ALS_Base_CharacterBP_C_0] Floor
[2026.06.05-07.33.47:566][160]LogBlueprintUserMessages: [ALS_Base_CharacterBP_C_0] Floor
[2026.06.05-07.33.47:574][161]LogBlueprintUserMessages: [ALS_Base_CharacterBP_C_0] Floor
[2026.06.05-07.33.47:584][162]LogBlueprintUserMessages: [ALS_Base_CharacterBP_C_0] Floor
[2026.06.05-07.33.47:592][163]LogBlueprintUserMessages: [ALS_Base_CharacterBP_C_0] Floor
[2026.06.05-07.33.47:600][164]LogBlueprintUserMessages: [ALS_Base_CharacterBP_C_0] Floor
[2026.06.05-07.33.47:608][165]LogBlueprintUserMessages: [ALS_Base_CharacterBP_C_0] Floor
[2026.06.05-07.33.47:617][166]LogBlueprintUserMessages: [ALS_Base_CharacterBP_C_0] Floor
[2026.06.05-07.33.47:625][167]LogBlueprintUserMessages: [ALS_Base_CharacterBP_C_0] Floor
[2026.06.05-07.33.47:633][168]LogBlueprintUserMessages: [ALS_Base_CharacterBP_C_0] Floor
[2026.06.05-07.33.47:642][169]LogBlueprintUserMessages: [ALS_Base_CharacterBP_C_0] Floor
[2026.06.05-07.33.47:649][170]LogBlueprintUserMessages: [ALS_Base_CharacterBP_C_0] Floor
[2026.06.05-07.33.47:658][171]LogBlueprintUserMessages: [ALS_Base_CharacterBP_C_0] Floor
[2026.06.05-07.33.47:666][172]LogBlueprintUserMessages: [ALS_Base_CharacterBP_C_0] Floor
[2026.06.05-07.33.47:675][173]LogBlueprintUserMessages: [ALS_Base_CharacterBP_C_0] Floor
[2026.06.05-07.33.47:683][174]LogBlueprintUserMessages: [ALS_Base_CharacterBP_C_0] Floor
[2026.06.05-07.33.47:691][175]LogBlueprintUserMessages: [ALS_Base_CharacterBP_C_0] Floor
[2026.06.05-07.33.47:700][176]LogBlueprintUserMessages: [ALS_Base_CharacterBP_C_0] Floor
[2026.06.05-07.33.47:708][177]LogBlueprintUserMessages: [ALS_Base_CharacterBP_C_0] Floor
[2026.06.05-07.33.47:716][178]LogBlueprintUserMessages: [ALS_Base_CharacterBP_C_0] Floor
[2026.06.05-07.33.47:725][179]LogBlueprintUserMessages: [ALS_Base_CharacterBP_C_0] Floor
[2026.06.05-07.33.47:733][180]LogBlueprintUserMessages: [ALS_Base_CharacterBP_C_0] Floor
[2026.06.05-07.33.47:741][181]LogBlueprintUserMessages: [ALS_Base_CharacterBP_C_0] Floor
[2026.06.05-07.33.47:749][182]LogBlueprintUserMessages: [ALS_Base_CharacterBP_C_0] Floor
[2026.06.05-07.33.47:758][183]LogBlueprintUserMessages: [ALS_Base_CharacterBP_C_0] Floor
[2026.06.05-07.33.47:766][184]LogBlueprintUserMessages: [ALS_Base_CharacterBP_C_0] Floor
[2026.06.05-07.33.47:774][185]LogBlueprintUserMessages: [ALS_Base_CharacterBP_C_0] Floor
[2026.06.05-07.33.47:783][186]LogBlueprintUserMessages: [ALS_Base_CharacterBP_C_0] Floor
[2026.06.05-07.33.47:792][187]LogBlueprintUserMessages: [ALS_Base_CharacterBP_C_0] Floor
[2026.06.05-07.33.47:800][188]LogBlueprintUserMessages: [ALS_Base_CharacterBP_C_0] Floor
[2026.06.05-07.33.47:808][189]LogBlueprintUserMessages: [ALS_Base_CharacterBP_C_0] Floor
[2026.06.05-07.33.47:816][190]LogBlueprintUserMessages: [ALS_Base_CharacterBP_C_0] Floor
[2026.06.05-07.33.47:825][191]LogBlueprintUserMessages: [ALS_Base_CharacterBP_C_0] Floor
[2026.06.05-07.33.47:833][192]LogBlueprintUserMessages: [ALS_Base_CharacterBP_C_0] Floor
[2026.06.05-07.33.47:841][193]LogBlueprintUserMessages: [ALS_Base_CharacterBP_C_0] Floor
[2026.06.05-07.33.47:850][194]LogBlueprintUserMessages: [ALS_Base_CharacterBP_C_0] Floor
[2026.06.05-07.33.47:858][195]LogBlueprintUserMessages: [ALS_Base_CharacterBP_C_0] Floor
[2026.06.05-07.33.47:867][196]LogBlueprintUserMessages: [ALS_Base_CharacterBP_C_0] Floor
[2026.06.05-07.33.47:875][197]LogBlueprintUserMessages: [ALS_Base_CharacterBP_C_0] Floor
[2026.06.05-07.33.47:883][198]LogBlueprintUserMessages: [ALS_Base_CharacterBP_C_0] Floor
[2026.06.05-07.33.47:891][199]LogBlueprintUserMessages: [ALS_Base_CharacterBP_C_0] Floor
[2026.06.05-07.33.47:899][200]LogBlueprintUserMessages: [ALS_Base_CharacterBP_C_0] Floor
[2026.06.05-07.33.47:908][201]LogBlueprintUserMessages: [ALS_Base_CharacterBP_C_0] Floor
[2026.06.05-07.33.47:917][202]LogBlueprintUserMessages: [ALS_Base_CharacterBP_C_0] Floor
[2026.06.05-07.33.47:925][203]LogBlueprintUserMessages: [ALS_Base_CharacterBP_C_0] Floor
[2026.06.05-07.33.47:933][204]LogBlueprintUserMessages: [ALS_Base_CharacterBP_C_0] Floor
[2026.06.05-07.33.47:942][205]LogBlueprintUserMessages: [ALS_Base_CharacterBP_C_0] Floor
[2026.06.05-07.33.47:949][206]LogBlueprintUserMessages: [ALS_Base_CharacterBP_C_0] Floor
[2026.06.05-07.33.47:958][207]LogBlueprintUserMessages: [ALS_Base_CharacterBP_C_0] Floor
[2026.06.05-07.33.47:967][208]LogBlueprintUserMessages: [ALS_Base_CharacterBP_C_0] Floor
[2026.06.05-07.33.47:975][209]LogBlueprintUserMessages: [ALS_Base_CharacterBP_C_0] Floor
[2026.06.05-07.33.47:984][210]LogBlueprintUserMessages: [ALS_Base_CharacterBP_C_0] Floor
[2026.06.05-07.33.47:992][211]LogBlueprintUserMessages: [ALS_Base_CharacterBP_C_0] Floor
[2026.06.05-07.33.48:000][212]LogBlueprintUserMessages: [ALS_Base_CharacterBP_C_0] Floor
[2026.06.05-07.33.48:008][213]LogBlueprintUserMessages: [ALS_Base_CharacterBP_C_0] Floor
[2026.06.05-07.33.48:017][214]LogBlueprintUserMessages: [ALS_Base_CharacterBP_C_0] Floor
[2026.06.05-07.33.48:025][215]LogBlueprintUserMessages: [ALS_Base_CharacterBP_C_0] Floor
[2026.06.05-07.33.48:033][216]LogBlueprintUserMessages: [ALS_Base_CharacterBP_C_0] Floor
[2026.06.05-07.33.48:041][217]LogBlueprintUserMessages: [ALS_Base_CharacterBP_C_0] Floor
[2026.06.05-07.33.48:050][218]LogBlueprintUserMessages: [ALS_Base_CharacterBP_C_0] Floor
[2026.06.05-07.33.48:057][219]LogBlueprintUserMessages: [ALS_Base_CharacterBP_C_0] Floor
[2026.06.05-07.33.48:066][220]LogBlueprintUserMessages: [ALS_Base_CharacterBP_C_0] Floor
[2026.06.05-07.33.48:075][221]LogBlueprintUserMessages: [ALS_Base_CharacterBP_C_0] Floor
[2026.06.05-07.33.48:083][222]LogBlueprintUserMessages: [ALS_Base_CharacterBP_C_0] Floor
[2026.06.05-07.33.48:092][223]LogBlueprintUserMessages: [ALS_Base_CharacterBP_C_0] Floor
[2026.06.05-07.33.48:100][224]LogBlueprintUserMessages: [ALS_Base_CharacterBP_C_0] Floor
[2026.06.05-07.33.48:108][225]LogBlueprintUserMessages: [ALS_Base_CharacterBP_C_0] Floor
[2026.06.05-07.33.48:116][226]LogBlueprintUserMessages: [ALS_Base_CharacterBP_C_0] Floor
[2026.06.05-07.33.48:125][227]LogBlueprintUserMessages: [ALS_Base_CharacterBP_C_0] Floor
[2026.06.05-07.33.48:132][228]LogBlueprintUserMessages: [ALS_Base_CharacterBP_C_0] Floor
[2026.06.05-07.33.48:141][229]LogBlueprintUserMessages: [ALS_Base_CharacterBP_C_0] Floor
[2026.06.05-07.33.48:149][230]LogBlueprintUserMessages: [ALS_Base_CharacterBP_C_0] Floor
[2026.06.05-07.33.48:158][231]LogBlueprintUserMessages: [ALS_Base_CharacterBP_C_0] Floor
[2026.06.05-07.33.48:167][232]LogBlueprintUserMessages: [ALS_Base_CharacterBP_C_0] Floor
[2026.06.05-07.33.48:175][233]LogBlueprintUserMessages: [ALS_Base_CharacterBP_C_0] Floor
[2026.06.05-07.33.48:183][234]LogBlueprintUserMessages: [ALS_Base_CharacterBP_C_0] Floor
[2026.06.05-07.33.48:192][235]LogBlueprintUserMessages: [ALS_Base_CharacterBP_C_0] Floor
[2026.06.05-07.33.48:200][236]LogBlueprintUserMessages: [ALS_Base_CharacterBP_C_0] Floor
[2026.06.05-07.33.48:208][237]LogBlueprintUserMessages: [ALS_Base_CharacterBP_C_0] Floor
[2026.06.05-07.33.48:216][238]LogBlueprintUserMessages: [ALS_Base_CharacterBP_C_0] Floor
[2026.06.05-07.33.48:225][239]LogBlueprintUserMessages: [ALS_Base_CharacterBP_C_0] Floor
[2026.06.05-07.33.48:233][240]LogBlueprintUserMessages: [ALS_Base_CharacterBP_C_0] Floor
[2026.06.05-07.33.48:241][241]LogBlueprintUserMessages: [ALS_Base_CharacterBP_C_0] Floor
[2026.06.05-07.33.48:250][242]LogBlueprintUserMessages: [ALS_Base_CharacterBP_C_0] Floor
[2026.06.05-07.33.48:258][243]LogBlueprintUserMessages: [ALS_Base_CharacterBP_C_0] Floor
[2026.06.05-07.33.48:266][244]LogBlueprintUserMessages: [ALS_Base_CharacterBP_C_0] Floor
[2026.06.05-07.33.48:275][245]LogBlueprintUserMessages: [ALS_Base_CharacterBP_C_0] Floor
[2026.06.05-07.33.48:283][246]LogBlueprintUserMessages: [ALS_Base_CharacterBP_C_0] Floor
[2026.06.05-07.33.48:291][247]LogBlueprintUserMessages: [ALS_Base_CharacterBP_C_0] Floor
[2026.06.05-07.33.48:299][248]LogBlueprintUserMessages: [ALS_Base_CharacterBP_C_0] Floor
[2026.06.05-07.33.48:308][249]LogBlueprintUserMessages: [ALS_Base_CharacterBP_C_0] Floor
[2026.06.05-07.33.48:316][250]LogBlueprintUserMessages: [ALS_Base_CharacterBP_C_0] Floor
[2026.06.05-07.33.48:325][251]LogBlueprintUserMessages: [ALS_Base_CharacterBP_C_0] Floor
[2026.06.05-07.33.48:333][252]LogBlueprintUserMessages: [ALS_Base_CharacterBP_C_0] Floor
[2026.06.05-07.33.48:341][253]LogBlueprintUserMessages: [ALS_Base_CharacterBP_C_0] Floor
[2026.06.05-07.33.48:349][254]LogBlueprintUserMessages: [ALS_Base_CharacterBP_C_0] Floor
[2026.06.05-07.33.48:358][255]LogBlueprintUserMessages: [ALS_Base_CharacterBP_C_0] Floor
[2026.06.05-07.33.48:366][256]LogBlueprintUserMessages: [ALS_Base_CharacterBP_C_0] Floor
[2026.06.05-07.33.48:374][257]LogBlueprintUserMessages: [ALS_Base_CharacterBP_C_0] Floor
[2026.06.05-07.33.48:383][258]LogBlueprintUserMessages: [ALS_Base_CharacterBP_C_0] Floor
[2026.06.05-07.33.48:391][259]LogBlueprintUserMessages: [ALS_Base_CharacterBP_C_0] Floor
[2026.06.05-07.33.48:399][260]LogBlueprintUserMessages: [ALS_Base_CharacterBP_C_0] Floor
[2026.06.05-07.33.48:408][261]LogBlueprintUserMessages: [ALS_Base_CharacterBP_C_0] Floor
[2026.06.05-07.33.48:416][262]LogBlueprintUserMessages: [ALS_Base_CharacterBP_C_0] Floor
[2026.06.05-07.33.48:425][263]LogBlueprintUserMessages: [ALS_Base_CharacterBP_C_0] Floor
[2026.06.05-07.33.48:433][264]LogBlueprintUserMessages: [ALS_Base_CharacterBP_C_0] Floor
[2026.06.05-07.33.48:441][265]LogBlueprintUserMessages: [ALS_Base_CharacterBP_C_0] Floor
[2026.06.05-07.33.48:449][266]LogBlueprintUserMessages: [ALS_Base_CharacterBP_C_0] Floor
[2026.06.05-07.33.48:458][267]LogBlueprintUserMessages: [ALS_Base_CharacterBP_C_0] Floor
[2026.06.05-07.33.48:466][268]LogBlueprintUserMessages: [ALS_Base_CharacterBP_C_0] Floor
[2026.06.05-07.33.48:475][269]LogBlueprintUserMessages: [ALS_Base_CharacterBP_C_0] Floor
[2026.06.05-07.33.48:484][270]LogBlueprintUserMessages: [ALS_Base_CharacterBP_C_0] Floor
[2026.06.05-07.33.48:491][271]LogBlueprintUserMessages: [ALS_Base_CharacterBP_C_0] Floor
[2026.06.05-07.33.48:499][272]LogBlueprintUserMessages: [ALS_Base_CharacterBP_C_0] Floor
[2026.06.05-07.33.48:509][273]LogBlueprintUserMessages: [ALS_Base_CharacterBP_C_0] Floor
[2026.06.05-07.33.48:516][274]LogBlueprintUserMessages: [ALS_Base_CharacterBP_C_0] Floor
[2026.06.05-07.33.48:525][275]LogBlueprintUserMessages: [ALS_Base_CharacterBP_C_0] Floor
[2026.06.05-07.33.48:533][276]LogBlueprintUserMessages: [ALS_Base_CharacterBP_C_0] Floor
[2026.06.05-07.33.48:541][277]LogBlueprintUserMessages: [ALS_Base_CharacterBP_C_0] Floor
[2026.06.05-07.33.48:549][278]LogBlueprintUserMessages: [ALS_Base_CharacterBP_C_0] Floor
[2026.06.05-07.33.48:558][279]LogBlueprintUserMessages: [ALS_Base_CharacterBP_C_0] Floor
[2026.06.05-07.33.48:566][280]LogBlueprintUserMessages: [ALS_Base_CharacterBP_C_0] Floor
[2026.06.05-07.33.48:574][281]LogBlueprintUserMessages: [ALS_Base_CharacterBP_C_0] Floor
[2026.06.05-07.33.48:583][282]LogBlueprintUserMessages: [ALS_Base_CharacterBP_C_0] Floor
[2026.06.05-07.33.48:591][283]LogBlueprintUserMessages: [ALS_Base_CharacterBP_C_0] Floor
[2026.06.05-07.33.48:599][284]LogBlueprintUserMessages: [ALS_Base_CharacterBP_C_0] Floor
[2026.06.05-07.33.48:609][285]LogBlueprintUserMessages: [ALS_Base_CharacterBP_C_0] Floor
[2026.06.05-07.33.48:617][286]LogBlueprintUserMessages: [ALS_Base_CharacterBP_C_0] Floor
[2026.06.05-07.33.48:624][287]LogBlueprintUserMessages: [ALS_Base_CharacterBP_C_0] Floor
[2026.06.05-07.33.48:633][288]LogBlueprintUserMessages: [ALS_Base_CharacterBP_C_0] Floor
[2026.06.05-07.33.48:641][289]LogBlueprintUserMessages: [ALS_Base_CharacterBP_C_0] Floor
[2026.06.05-07.33.48:650][290]LogBlueprintUserMessages: [ALS_Base_CharacterBP_C_0] Floor
[2026.06.05-07.33.48:659][291]LogBlueprintUserMessages: [ALS_Base_CharacterBP_C_0] Floor
[2026.06.05-07.33.48:666][292]LogBlueprintUserMessages: [ALS_Base_CharacterBP_C_0] Floor
[2026.06.05-07.33.48:675][293]LogBlueprintUserMessages: [ALS_Base_CharacterBP_C_0] Floor
[2026.06.05-07.33.48:683][294]LogBlueprintUserMessages: [ALS_Base_CharacterBP_C_0] Floor
[2026.06.05-07.33.48:691][295]LogBlueprintUserMessages: [ALS_Base_CharacterBP_C_0] Floor
[2026.06.05-07.33.48:701][296]LogBlueprintUserMessages: [ALS_Base_CharacterBP_C_0] Floor
[2026.06.05-07.33.48:710][297]LogBlueprintUserMessages: [ALS_Base_CharacterBP_C_0] Floor
[2026.06.05-07.33.48:716][298]LogBlueprintUserMessages: [ALS_Base_CharacterBP_C_0] Floor
[2026.06.05-07.33.48:725][299]LogBlueprintUserMessages: [ALS_Base_CharacterBP_C_0] Floor
[2026.06.05-07.33.48:733][300]LogBlueprintUserMessages: [ALS_Base_CharacterBP_C_0] Floor
[2026.06.05-07.33.48:741][301]LogBlueprintUserMessages: [ALS_Base_CharacterBP_C_0] Floor
[2026.06.05-07.33.48:749][302]LogBlueprintUserMessages: [ALS_Base_CharacterBP_C_0] Floor
[2026.06.05-07.33.48:757][303]LogBlueprintUserMessages: [ALS_Base_CharacterBP_C_0] Floor
[2026.06.05-07.33.48:766][304]LogBlueprintUserMessages: [ALS_Base_CharacterBP_C_0] Floor
[2026.06.05-07.33.48:774][305]LogBlueprintUserMessages: [ALS_Base_CharacterBP_C_0] Floor
[2026.06.05-07.33.48:783][306]LogBlueprintUserMessages: [ALS_Base_CharacterBP_C_0] Floor
[2026.06.05-07.33.48:791][307]LogBlueprintUserMessages: [ALS_Base_CharacterBP_C_0] Floor
[2026.06.05-07.33.48:800][308]LogBlueprintUserMessages: [ALS_Base_CharacterBP_C_0] Floor
[2026.06.05-07.33.48:808][309]LogBlueprintUserMessages: [ALS_Base_CharacterBP_C_0] Floor
[2026.06.05-07.33.48:816][310]LogBlueprintUserMessages: [ALS_Base_CharacterBP_C_0] Floor
[2026.06.05-07.33.48:825][311]LogBlueprintUserMessages: [ALS_Base_CharacterBP_C_0] Floor
[2026.06.05-07.33.48:833][312]LogBlueprintUserMessages: [ALS_Base_CharacterBP_C_0] Floor
[2026.06.05-07.33.48:842][313]LogBlueprintUserMessages: [ALS_Base_CharacterBP_C_0] Floor
[2026.06.05-07.33.48:849][314]LogBlueprintUserMessages: [ALS_Base_CharacterBP_C_0] Floor
[2026.06.05-07.33.48:858][315]LogBlueprintUserMessages: [ALS_Base_CharacterBP_C_0] Floor
[2026.06.05-07.33.48:866][316]LogBlueprintUserMessages: [ALS_Base_CharacterBP_C_0] Floor
[2026.06.05-07.33.48:875][317]LogBlueprintUserMessages: [ALS_Base_CharacterBP_C_0] Floor
[2026.06.05-07.33.48:883][318]LogBlueprintUserMessages: [ALS_Base_CharacterBP_C_0] Floor
[2026.06.05-07.33.48:891][319]LogBlueprintUserMessages: [ALS_Base_CharacterBP_C_0] Floor
[2026.06.05-07.33.48:900][320]LogBlueprintUserMessages: [ALS_Base_CharacterBP_C_0] Floor
[2026.06.05-07.33.48:908][321]LogBlueprintUserMessages: [ALS_Base_CharacterBP_C_0] Floor
[2026.06.05-07.33.48:916][322]LogBlueprintUserMessages: [ALS_Base_CharacterBP_C_0] Floor
[2026.06.05-07.33.48:924][323]LogBlueprintUserMessages: [ALS_Base_CharacterBP_C_0] Floor
[2026.06.05-07.33.48:933][324]LogBlueprintUserMessages: [ALS_Base_CharacterBP_C_0] Floor
[2026.06.05-07.33.48:941][325]LogBlueprintUserMessages: [ALS_Base_CharacterBP_C_0] Floor
[2026.06.05-07.33.48:951][326]LogBlueprintUserMessages: [ALS_Base_CharacterBP_C_0] Floor
[2026.06.05-07.33.48:959][327]LogBlueprintUserMessages: [ALS_Base_CharacterBP_C_0] Floor
[2026.06.05-07.33.48:966][328]LogBlueprintUserMessages: [ALS_Base_CharacterBP_C_0] Floor
[2026.06.05-07.33.48:975][329]LogBlueprintUserMessages: [ALS_Base_CharacterBP_C_0] Floor
[2026.06.05-07.33.48:983][330]LogBlueprintUserMessages: [ALS_Base_CharacterBP_C_0] Floor
[2026.06.05-07.33.48:992][331]LogBlueprintUserMessages: [ALS_Base_CharacterBP_C_0] Floor
[2026.06.05-07.33.49:000][332]LogBlueprintUserMessages: [ALS_Base_CharacterBP_C_0] Floor
[2026.06.05-07.33.49:008][333]LogBlueprintUserMessages: [ALS_Base_CharacterBP_C_0] Floor
[2026.06.05-07.33.49:017][334]LogBlueprintUserMessages: [ALS_Base_CharacterBP_C_0] Floor
[2026.06.05-07.33.49:026][335]LogBlueprintUserMessages: [ALS_Base_CharacterBP_C_0] Floor
[2026.06.05-07.33.49:034][336]LogBlueprintUserMessages: [ALS_Base_CharacterBP_C_0] Floor
[2026.06.05-07.33.49:043][337]LogBlueprintUserMessages: [ALS_Base_CharacterBP_C_0] Floor
[2026.06.05-07.33.49:051][338]LogBlueprintUserMessages: [ALS_Base_CharacterBP_C_0] Floor
[2026.06.05-07.33.49:059][339]LogBlueprintUserMessages: [ALS_Base_CharacterBP_C_0] Floor
[2026.06.05-07.33.49:067][340]LogBlueprintUserMessages: [ALS_Base_CharacterBP_C_0] Floor
[2026.06.05-07.33.49:076][341]LogBlueprintUserMessages: [ALS_Base_CharacterBP_C_0] Floor
[2026.06.05-07.33.49:084][342]LogBlueprintUserMessages: [ALS_Base_CharacterBP_C_0] Floor
[2026.06.05-07.33.49:092][343]LogBlueprintUserMessages: [ALS_Base_CharacterBP_C_0] Floor
[2026.06.05-07.33.49:101][344]LogBlueprintUserMessages: [ALS_Base_CharacterBP_C_0] Floor
[2026.06.05-07.33.49:109][345]LogBlueprintUserMessages: [ALS_Base_CharacterBP_C_0] Floor
[2026.06.05-07.33.49:117][346]LogBlueprintUserMessages: [ALS_Base_CharacterBP_C_0] Floor
[2026.06.05-07.33.49:125][347]LogBlueprintUserMessages: [ALS_Base_CharacterBP_C_0] Floor
[2026.06.05-07.33.49:135][348]LogBlueprintUserMessages: [ALS_Base_CharacterBP_C_0] Floor
[2026.06.05-07.33.49:142][349]LogBlueprintUserMessages: [ALS_Base_CharacterBP_C_0] Floor
[2026.06.05-07.33.49:151][350]LogBlueprintUserMessages: [ALS_Base_CharacterBP_C_0] Floor
[2026.06.05-07.33.49:159][351]LogBlueprintUserMessages: [ALS_Base_CharacterBP_C_0] Floor
[2026.06.05-07.33.49:167][352]LogBlueprintUserMessages: [ALS_Base_CharacterBP_C_0] Floor
[2026.06.05-07.33.49:176][353]LogBlueprintUserMessages: [ALS_Base_CharacterBP_C_0] Floor
[2026.06.05-07.33.49:184][354]LogBlueprintUserMessages: [ALS_Base_CharacterBP_C_0] Floor
[2026.06.05-07.33.49:192][355]LogBlueprintUserMessages: [ALS_Base_CharacterBP_C_0] Floor
[2026.06.05-07.33.49:201][356]LogBlueprintUserMessages: [ALS_Base_CharacterBP_C_0] Floor
[2026.06.05-07.33.49:209][357]LogBlueprintUserMessages: [ALS_Base_CharacterBP_C_0] Floor
[2026.06.05-07.33.49:217][358]LogBlueprintUserMessages: [ALS_Base_CharacterBP_C_0] Floor
[2026.06.05-07.33.49:226][359]LogBlueprintUserMessages: [ALS_Base_CharacterBP_C_0] Floor
[2026.06.05-07.33.49:233][360]LogBlueprintUserMessages: [ALS_Base_CharacterBP_C_0] Floor
[2026.06.05-07.33.49:242][361]LogBlueprintUserMessages: [ALS_Base_CharacterBP_C_0] Floor
[2026.06.05-07.33.49:251][362]LogBlueprintUserMessages: [ALS_Base_CharacterBP_C_0] Floor
[2026.06.05-07.33.49:259][363]LogBlueprintUserMessages: [ALS_Base_CharacterBP_C_0] Floor
[2026.06.05-07.33.49:268][364]LogBlueprintUserMessages: [ALS_Base_CharacterBP_C_0] Floor
[2026.06.05-07.33.49:275][365]LogBlueprintUserMessages: [ALS_Base_CharacterBP_C_0] Floor
[2026.06.05-07.33.49:284][366]LogBlueprintUserMessages: [ALS_Base_CharacterBP_C_0] Floor
[2026.06.05-07.33.49:292][367]LogBlueprintUserMessages: [ALS_Base_CharacterBP_C_0] Floor
[2026.06.05-07.33.49:299][368]LogBlueprintUserMessages: [ALS_Base_CharacterBP_C_0] Floor
[2026.06.05-07.33.49:309][369]LogBlueprintUserMessages: [ALS_Base_CharacterBP_C_0] Floor
[2026.06.05-07.33.49:316][370]LogBlueprintUserMessages: [ALS_Base_CharacterBP_C_0] Floor
[2026.06.05-07.33.49:325][371]LogBlueprintUserMessages: [ALS_Base_CharacterBP_C_0] Floor
[2026.06.05-07.33.49:333][372]LogBlueprintUserMessages: [ALS_Base_CharacterBP_C_0] Floor
[2026.06.05-07.33.49:342][373]LogBlueprintUserMessages: [ALS_Base_CharacterBP_C_0] Floor
[2026.06.05-07.33.49:349][374]LogBlueprintUserMessages: [ALS_Base_CharacterBP_C_0] Floor
[2026.06.05-07.33.49:359][375]LogBlueprintUserMessages: [ALS_Base_CharacterBP_C_0] Floor
[2026.06.05-07.33.49:366][376]LogBlueprintUserMessages: [ALS_Base_CharacterBP_C_0] Floor
[2026.06.05-07.33.49:375][377]LogBlueprintUserMessages: [ALS_Base_CharacterBP_C_0] Floor
[2026.06.05-07.33.49:383][378]LogBlueprintUserMessages: [ALS_Base_CharacterBP_C_0] Floor
[2026.06.05-07.33.49:392][379]LogBlueprintUserMessages: [ALS_Base_CharacterBP_C_0] Floor
[2026.06.05-07.33.49:399][380]LogBlueprintUserMessages: [ALS_Base_CharacterBP_C_0] Floor
[2026.06.05-07.33.49:409][381]LogBlueprintUserMessages: [ALS_Base_CharacterBP_C_0] Floor
[2026.06.05-07.33.49:417][382]LogBlueprintUserMessages: [ALS_Base_CharacterBP_C_0] Floor
[2026.06.05-07.33.49:425][383]LogBlueprintUserMessages: [ALS_Base_CharacterBP_C_0] Floor
[2026.06.05-07.33.49:433][384]LogBlueprintUserMessages: [ALS_Base_CharacterBP_C_0] Floor
[2026.06.05-07.33.49:442][385]LogBlueprintUserMessages: [ALS_Base_CharacterBP_C_0] Floor
[2026.06.05-07.33.49:449][386]LogBlueprintUserMessages: [ALS_Base_CharacterBP_C_0] Floor
[2026.06.05-07.33.49:458][387]LogBlueprintUserMessages: [ALS_Base_CharacterBP_C_0] Floor
[2026.06.05-07.33.49:466][388]LogBlueprintUserMessages: [ALS_Base_CharacterBP_C_0] Floor
[2026.06.05-07.33.49:475][389]LogBlueprintUserMessages: [ALS_Base_CharacterBP_C_0] Floor
[2026.06.05-07.33.49:483][390]LogBlueprintUserMessages: [ALS_Base_CharacterBP_C_0] Floor
[2026.06.05-07.33.49:492][391]LogBlueprintUserMessages: [ALS_Base_CharacterBP_C_0] Floor
[2026.06.05-07.33.49:500][392]LogBlueprintUserMessages: [ALS_Base_CharacterBP_C_0] Floor
[2026.06.05-07.33.49:509][393]LogBlueprintUserMessages: [ALS_Base_CharacterBP_C_0] Floor
[2026.06.05-07.33.49:517][394]LogBlueprintUserMessages: [ALS_Base_CharacterBP_C_0] Floor
[2026.06.05-07.33.49:525][395]LogBlueprintUserMessages: [ALS_Base_CharacterBP_C_0] Floor
[2026.06.05-07.33.49:533][396]LogBlueprintUserMessages: [ALS_Base_CharacterBP_C_0] Floor
[2026.06.05-07.33.49:541][397]LogBlueprintUserMessages: [ALS_Base_CharacterBP_C_0] Floor
[2026.06.05-07.33.49:550][398]LogBlueprintUserMessages: [ALS_Base_CharacterBP_C_0] Floor
[2026.06.05-07.33.49:558][399]LogBlueprintUserMessages: [ALS_Base_CharacterBP_C_0] Floor
[2026.06.05-07.33.49:567][400]LogBlueprintUserMessages: [ALS_Base_CharacterBP_C_0] Floor
[2026.06.05-07.33.49:575][401]LogBlueprintUserMessages: [ALS_Base_CharacterBP_C_0] Floor
[2026.06.05-07.33.49:583][402]LogBlueprintUserMessages: [ALS_Base_CharacterBP_C_0] Floor
[2026.06.05-07.33.49:592][403]LogBlueprintUserMessages: [ALS_Base_CharacterBP_C_0] Floor
[2026.06.05-07.33.49:599][404]LogBlueprintUserMessages: [ALS_Base_CharacterBP_C_0] Floor
[2026.06.05-07.33.49:608][405]LogBlueprintUserMessages: [ALS_Base_CharacterBP_C_0] Floor
[2026.06.05-07.33.49:617][406]LogBlueprintUserMessages: [ALS_Base_CharacterBP_C_0] Floor
[2026.06.05-07.33.49:625][407]LogBlueprintUserMessages: [ALS_Base_CharacterBP_C_0] Floor
[2026.06.05-07.33.49:634][408]LogBlueprintUserMessages: [ALS_Base_CharacterBP_C_0] Floor
[2026.06.05-07.33.49:642][409]LogBlueprintUserMessages: [ALS_Base_CharacterBP_C_0] Floor
[2026.06.05-07.33.49:649][410]LogBlueprintUserMessages: [ALS_Base_CharacterBP_C_0] Floor
[2026.06.05-07.33.49:659][411]LogBlueprintUserMessages: [ALS_Base_CharacterBP_C_0] Floor
[2026.06.05-07.33.49:667][412]LogBlueprintUserMessages: [ALS_Base_CharacterBP_C_0] Floor
[2026.06.05-07.33.49:676][413]LogBlueprintUserMessages: [ALS_Base_CharacterBP_C_0] Floor
[2026.06.05-07.33.49:684][414]LogBlueprintUserMessages: [ALS_Base_CharacterBP_C_0] Floor
[2026.06.05-07.33.49:692][415]LogBlueprintUserMessages: [ALS_Base_CharacterBP_C_0] Floor
[2026.06.05-07.33.49:701][416]LogBlueprintUserMessages: [ALS_Base_CharacterBP_C_0] Floor
[2026.06.05-07.33.49:709][417]LogBlueprintUserMessages: [ALS_Base_CharacterBP_C_0] Floor
[2026.06.05-07.33.49:717][418]LogBlueprintUserMessages: [ALS_Base_CharacterBP_C_0] Floor
[2026.06.05-07.33.49:725][419]LogBlueprintUserMessages: [ALS_Base_CharacterBP_C_0] Floor
[2026.06.05-07.33.49:734][420]LogBlueprintUserMessages: [ALS_Base_CharacterBP_C_0] Floor
[2026.06.05-07.33.49:742][421]LogBlueprintUserMessages: [ALS_Base_CharacterBP_C_0] Floor
[2026.06.05-07.33.49:750][422]LogBlueprintUserMessages: [ALS_Base_CharacterBP_C_0] Floor
[2026.06.05-07.33.49:759][423]LogBlueprintUserMessages: [ALS_Base_CharacterBP_C_0] Floor
[2026.06.05-07.33.49:767][424]LogBlueprintUserMessages: [ALS_Base_CharacterBP_C_0] Floor
[2026.06.05-07.33.49:776][425]LogBlueprintUserMessages: [ALS_Base_CharacterBP_C_0] Floor
[2026.06.05-07.33.49:784][426]LogBlueprintUserMessages: [ALS_Base_CharacterBP_C_0] Floor
[2026.06.05-07.33.49:792][427]LogBlueprintUserMessages: [ALS_Base_CharacterBP_C_0] Floor
[2026.06.05-07.33.49:801][428]LogBlueprintUserMessages: [ALS_Base_CharacterBP_C_0] Floor
[2026.06.05-07.33.49:809][429]LogBlueprintUserMessages: [ALS_Base_CharacterBP_C_0] Floor
[2026.06.05-07.33.49:817][430]LogBlueprintUserMessages: [ALS_Base_CharacterBP_C_0] Floor
[2026.06.05-07.33.49:826][431]LogBlueprintUserMessages: [ALS_Base_CharacterBP_C_0] Floor
[2026.06.05-07.33.49:833][432]LogBlueprintUserMessages: [ALS_Base_CharacterBP_C_0] Floor
[2026.06.05-07.33.49:842][433]LogBlueprintUserMessages: [ALS_Base_CharacterBP_C_0] Floor
[2026.06.05-07.33.49:851][434]LogBlueprintUserMessages: [ALS_Base_CharacterBP_C_0] Floor
[2026.06.05-07.33.49:859][435]LogBlueprintUserMessages: [ALS_Base_CharacterBP_C_0] Floor
[2026.06.05-07.33.49:868][436]LogBlueprintUserMessages: [ALS_Base_CharacterBP_C_0] Floor
[2026.06.05-07.33.49:876][437]LogBlueprintUserMessages: [ALS_Base_CharacterBP_C_0] Floor
[2026.06.05-07.33.49:885][438]LogBlueprintUserMessages: [ALS_Base_CharacterBP_C_0] Floor
[2026.06.05-07.33.49:892][439]LogBlueprintUserMessages: [ALS_Base_CharacterBP_C_0] Floor
[2026.06.05-07.33.49:901][440]LogBlueprintUserMessages: [ALS_Base_CharacterBP_C_0] Floor
[2026.06.05-07.33.49:910][441]LogBlueprintUserMessages: [ALS_Base_CharacterBP_C_0] Floor
[2026.06.05-07.33.49:918][442]LogBlueprintUserMessages: [ALS_Base_CharacterBP_C_0] Floor
[2026.06.05-07.33.49:926][443]LogBlueprintUserMessages: [ALS_Base_CharacterBP_C_0] Floor
[2026.06.05-07.33.49:935][444]LogBlueprintUserMessages: [ALS_Base_CharacterBP_C_0] Floor
[2026.06.05-07.33.49:943][445]LogBlueprintUserMessages: [ALS_Base_CharacterBP_C_0] Floor
[2026.06.05-07.33.49:951][446]LogBlueprintUserMessages: [ALS_Base_CharacterBP_C_0] Floor
[2026.06.05-07.33.49:959][447]LogBlueprintUserMessages: [ALS_Base_CharacterBP_C_0] Floor
[2026.06.05-07.33.49:967][448]LogBlueprintUserMessages: [ALS_Base_CharacterBP_C_0] Floor
[2026.06.05-07.33.49:977][449]LogBlueprintUserMessages: [ALS_Base_CharacterBP_C_0] Floor
[2026.06.05-07.33.49:984][450]LogBlueprintUserMessages: [ALS_Base_CharacterBP_C_0] Floor
[2026.06.05-07.33.49:993][451]LogBlueprintUserMessages: [ALS_Base_CharacterBP_C_0] Floor
[2026.06.05-07.33.50:002][452]LogBlueprintUserMessages: [ALS_Base_CharacterBP_C_0] Floor
[2026.06.05-07.33.50:009][453]LogBlueprintUserMessages: [ALS_Base_CharacterBP_C_0] Floor
[2026.06.05-07.33.50:018][454]LogBlueprintUserMessages: [ALS_Base_CharacterBP_C_0] Floor
[2026.06.05-07.33.50:026][455]LogBlueprintUserMessages: [ALS_Base_CharacterBP_C_0] Floor
[2026.06.05-07.33.50:034][456]LogBlueprintUserMessages: [ALS_Base_CharacterBP_C_0] Floor
[2026.06.05-07.33.50:042][457]LogBlueprintUserMessages: [ALS_Base_CharacterBP_C_0] Floor
[2026.06.05-07.33.50:051][458]LogBlueprintUserMessages: [ALS_Base_CharacterBP_C_0] Floor
[2026.06.05-07.33.50:059][459]LogBlueprintUserMessages: [ALS_Base_CharacterBP_C_0] Floor
[2026.06.05-07.33.50:068][460]LogBlueprintUserMessages: [ALS_Base_CharacterBP_C_0] Floor
[2026.06.05-07.33.50:076][461]LogBlueprintUserMessages: [ALS_Base_CharacterBP_C_0] Floor
[2026.06.05-07.33.50:084][462]LogBlueprintUserMessages: [ALS_Base_CharacterBP_C_0] Floor
[2026.06.05-07.33.50:092][463]LogBlueprintUserMessages: [ALS_Base_CharacterBP_C_0] Floor
[2026.06.05-07.33.50:101][464]LogBlueprintUserMessages: [ALS_Base_CharacterBP_C_0] Floor
[2026.06.05-07.33.50:110][465]LogBlueprintUserMessages: [ALS_Base_CharacterBP_C_0] Floor
[2026.06.05-07.33.50:118][466]LogBlueprintUserMessages: [ALS_Base_CharacterBP_C_0] Floor
[2026.06.05-07.33.50:126][467]LogBlueprintUserMessages: [ALS_Base_CharacterBP_C_0] Floor
[2026.06.05-07.33.50:133][468]LogBlueprintUserMessages: [ALS_Base_CharacterBP_C_0] Floor
[2026.06.05-07.33.50:142][469]LogBlueprintUserMessages: [ALS_Base_CharacterBP_C_0] Floor
[2026.06.05-07.33.50:149][470]LogBlueprintUserMessages: [ALS_Base_CharacterBP_C_0] Floor
[2026.06.05-07.33.50:159][471]LogBlueprintUserMessages: [ALS_Base_CharacterBP_C_0] Floor
[2026.06.05-07.33.50:166][472]LogBlueprintUserMessages: [ALS_Base_CharacterBP_C_0] Floor
[2026.06.05-07.33.50:175][473]LogBlueprintUserMessages: [ALS_Base_CharacterBP_C_0] Floor
[2026.06.05-07.33.50:183][474]LogBlueprintUserMessages: [ALS_Base_CharacterBP_C_0] Floor
[2026.06.05-07.33.50:192][475]LogBlueprintUserMessages: [ALS_Base_CharacterBP_C_0] Floor
[2026.06.05-07.33.50:200][476]LogBlueprintUserMessages: [ALS_Base_CharacterBP_C_0] Floor
[2026.06.05-07.33.50:208][477]LogBlueprintUserMessages: [ALS_Base_CharacterBP_C_0] Floor
[2026.06.05-07.33.50:216][478]LogBlueprintUserMessages: [ALS_Base_CharacterBP_C_0] Floor
[2026.06.05-07.33.50:225][479]LogBlueprintUserMessages: [ALS_Base_CharacterBP_C_0] Floor
[2026.06.05-07.33.50:233][480]LogBlueprintUserMessages: [ALS_Base_CharacterBP_C_0] Floor
[2026.06.05-07.33.50:242][481]LogBlueprintUserMessages: [ALS_Base_CharacterBP_C_0] Floor
[2026.06.05-07.33.50:249][482]LogBlueprintUserMessages: [ALS_Base_CharacterBP_C_0] Floor
[2026.06.05-07.33.50:259][483]LogBlueprintUserMessages: [ALS_Base_CharacterBP_C_0] Floor
[2026.06.05-07.33.50:267][484]LogBlueprintUserMessages: [ALS_Base_CharacterBP_C_0] Floor
[2026.06.05-07.33.50:276][485]LogBlueprintUserMessages: [ALS_Base_CharacterBP_C_0] Floor
[2026.06.05-07.33.50:283][486]LogBlueprintUserMessages: [ALS_Base_CharacterBP_C_0] Floor
[2026.06.05-07.33.50:292][487]LogBlueprintUserMessages: [ALS_Base_CharacterBP_C_0] Floor
[2026.06.05-07.33.50:300][488]LogBlueprintUserMessages: [ALS_Base_CharacterBP_C_0] Floor
[2026.06.05-07.33.50:308][489]LogBlueprintUserMessages: [ALS_Base_CharacterBP_C_0] Floor
[2026.06.05-07.33.50:317][490]LogBlueprintUserMessages: [ALS_Base_CharacterBP_C_0] Floor
[2026.06.05-07.33.50:325][491]LogBlueprintUserMessages: [ALS_Base_CharacterBP_C_0] Floor
[2026.06.05-07.33.50:333][492]LogBlueprintUserMessages: [ALS_Base_CharacterBP_C_0] Floor
[2026.06.05-07.33.50:342][493]LogBlueprintUserMessages: [ALS_Base_CharacterBP_C_0] Floor
[2026.06.05-07.33.50:349][494]LogBlueprintUserMessages: [ALS_Base_CharacterBP_C_0] Floor
[2026.06.05-07.33.50:358][495]LogBlueprintUserMessages: [ALS_Base_CharacterBP_C_0] Floor
[2026.06.05-07.33.50:366][496]LogBlueprintUserMessages: [ALS_Base_CharacterBP_C_0] Floor
[2026.06.05-07.33.50:375][497]LogBlueprintUserMessages: [ALS_Base_CharacterBP_C_0] Floor
[2026.06.05-07.33.50:383][498]LogBlueprintUserMessages: [ALS_Base_CharacterBP_C_0] Floor
[2026.06.05-07.33.50:392][499]LogBlueprintUserMessages: [ALS_Base_CharacterBP_C_0] Floor
[2026.06.05-07.33.50:400][500]LogBlueprintUserMessages: [ALS_Base_CharacterBP_C_0] Floor
[2026.06.05-07.33.50:408][501]LogBlueprintUserMessages: [ALS_Base_CharacterBP_C_0] Floor
[2026.06.05-07.33.50:417][502]LogBlueprintUserMessages: [ALS_Base_CharacterBP_C_0] Floor
[2026.06.05-07.33.50:425][503]LogBlueprintUserMessages: [ALS_Base_CharacterBP_C_0] Floor
[2026.06.05-07.33.50:434][504]LogBlueprintUserMessages: [ALS_Base_CharacterBP_C_0] Floor
[2026.06.05-07.33.50:441][505]LogBlueprintUserMessages: [ALS_Base_CharacterBP_C_0] Floor
[2026.06.05-07.33.50:450][506]LogBlueprintUserMessages: [ALS_Base_CharacterBP_C_0] Floor
[2026.06.05-07.33.50:458][507]LogBlueprintUserMessages: [ALS_Base_CharacterBP_C_0] Floor
[2026.06.05-07.33.50:467][508]LogBlueprintUserMessages: [ALS_Base_CharacterBP_C_0] Floor
[2026.06.05-07.33.50:475][509]LogBlueprintUserMessages: [ALS_Base_CharacterBP_C_0] Floor
[2026.06.05-07.33.50:483][510]LogBlueprintUserMessages: [ALS_Base_CharacterBP_C_0] Floor
[2026.06.05-07.33.50:492][511]LogBlueprintUserMessages: [ALS_Base_CharacterBP_C_0] Floor
[2026.06.05-07.33.50:500][512]LogBlueprintUserMessages: [ALS_Base_CharacterBP_C_0] Floor
[2026.06.05-07.33.50:508][513]LogBlueprintUserMessages: [ALS_Base_CharacterBP_C_0] Floor
[2026.06.05-07.33.50:517][514]LogBlueprintUserMessages: [ALS_Base_CharacterBP_C_0] Floor
[2026.06.05-07.33.50:525][515]LogBlueprintUserMessages: [ALS_Base_CharacterBP_C_0] Floor
[2026.06.05-07.33.50:533][516]LogBlueprintUserMessages: [ALS_Base_CharacterBP_C_0] Floor
[2026.06.05-07.33.50:542][517]LogBlueprintUserMessages: [ALS_Base_CharacterBP_C_0] Floor
[2026.06.05-07.33.50:549][518]LogBlueprintUserMessages: [ALS_Base_CharacterBP_C_0] Floor
[2026.06.05-07.33.50:559][519]LogBlueprintUserMessages: [ALS_Base_CharacterBP_C_0] Floor
[2026.06.05-07.33.50:567][520]LogBlueprintUserMessages: [ALS_Base_CharacterBP_C_0] Floor
[2026.06.05-07.33.50:576][521]LogBlueprintUserMessages: [ALS_Base_CharacterBP_C_0] Floor
[2026.06.05-07.33.50:583][522]LogBlueprintUserMessages: [ALS_Base_CharacterBP_C_0] Floor
[2026.06.05-07.33.50:591][523]LogBlueprintUserMessages: [ALS_Base_CharacterBP_C_0] Floor
[2026.06.05-07.33.50:599][524]LogBlueprintUserMessages: [ALS_Base_CharacterBP_C_0] Floor
[2026.06.05-07.33.50:609][525]LogBlueprintUserMessages: [ALS_Base_CharacterBP_C_0] Floor
[2026.06.05-07.33.50:617][526]LogBlueprintUserMessages: [ALS_Base_CharacterBP_C_0] Floor
[2026.06.05-07.33.50:625][527]LogBlueprintUserMessages: [ALS_Base_CharacterBP_C_0] Floor
[2026.06.05-07.33.50:633][528]LogBlueprintUserMessages: [ALS_Base_CharacterBP_C_0] Floor
[2026.06.05-07.33.50:642][529]LogBlueprintUserMessages: [ALS_Base_CharacterBP_C_0] Floor
[2026.06.05-07.33.50:649][530]LogBlueprintUserMessages: [ALS_Base_CharacterBP_C_0] Floor
[2026.06.05-07.33.50:659][531]LogBlueprintUserMessages: [ALS_Base_CharacterBP_C_0] Floor
[2026.06.05-07.33.50:666][532]LogBlueprintUserMessages: [ALS_Base_CharacterBP_C_0] Floor
[2026.06.05-07.33.50:675][533]LogBlueprintUserMessages: [ALS_Base_CharacterBP_C_0] Floor
[2026.06.05-07.33.50:683][534]LogBlueprintUserMessages: [ALS_Base_CharacterBP_C_0] Floor
[2026.06.05-07.33.50:692][535]LogBlueprintUserMessages: [ALS_Base_CharacterBP_C_0] Floor
[2026.06.05-07.33.50:700][536]LogBlueprintUserMessages: [ALS_Base_CharacterBP_C_0] Floor
[2026.06.05-07.33.50:709][537]LogBlueprintUserMessages: [ALS_Base_CharacterBP_C_0] Floor
[2026.06.05-07.33.50:717][538]LogBlueprintUserMessages: [ALS_Base_CharacterBP_C_0] Floor
[2026.06.05-07.33.50:725][539]LogBlueprintUserMessages: [ALS_Base_CharacterBP_C_0] Floor
[2026.06.05-07.33.50:733][540]LogBlueprintUserMessages: [ALS_Base_CharacterBP_C_0] Floor
[2026.06.05-07.33.50:742][541]LogBlueprintUserMessages: [ALS_Base_CharacterBP_C_0] Floor
[2026.06.05-07.33.50:749][542]LogBlueprintUserMessages: [ALS_Base_CharacterBP_C_0] Floor
[2026.06.05-07.33.50:758][543]LogBlueprintUserMessages: [ALS_Base_CharacterBP_C_0] Floor
[2026.06.05-07.33.50:766][544]LogBlueprintUserMessages: [ALS_Base_CharacterBP_C_0] Floor
[2026.06.05-07.33.50:775][545]LogBlueprintUserMessages: [ALS_Base_CharacterBP_C_0] Floor
[2026.06.05-07.33.50:783][546]LogBlueprintUserMessages: [ALS_Base_CharacterBP_C_0] Floor
[2026.06.05-07.33.50:791][547]LogBlueprintUserMessages: [ALS_Base_CharacterBP_C_0] Floor
[2026.06.05-07.33.50:799][548]LogBlueprintUserMessages: [ALS_Base_CharacterBP_C_0] Floor
[2026.06.05-07.33.50:808][549]LogBlueprintUserMessages: [ALS_Base_CharacterBP_C_0] Floor
[2026.06.05-07.33.50:816][550]LogBlueprintUserMessages: [ALS_Base_CharacterBP_C_0] Floor
[2026.06.05-07.33.50:825][551]LogBlueprintUserMessages: [ALS_Base_CharacterBP_C_0] Floor
[2026.06.05-07.33.50:833][552]LogBlueprintUserMessages: [ALS_Base_CharacterBP_C_0] Floor
[2026.06.05-07.33.50:842][553]LogBlueprintUserMessages: [ALS_Base_CharacterBP_C_0] Floor
[2026.06.05-07.33.50:849][554]LogBlueprintUserMessages: [ALS_Base_CharacterBP_C_0] Floor
[2026.06.05-07.33.50:858][555]LogBlueprintUserMessages: [ALS_Base_CharacterBP_C_0] Floor
[2026.06.05-07.33.50:866][556]LogBlueprintUserMessages: [ALS_Base_CharacterBP_C_0] Floor
[2026.06.05-07.33.50:875][557]LogBlueprintUserMessages: [ALS_Base_CharacterBP_C_0] Floor
[2026.06.05-07.33.50:883][558]LogBlueprintUserMessages: [ALS_Base_CharacterBP_C_0] Floor
[2026.06.05-07.33.50:891][559]LogBlueprintUserMessages: [ALS_Base_CharacterBP_C_0] Floor
[2026.06.05-07.33.50:899][560]LogBlueprintUserMessages: [ALS_Base_CharacterBP_C_0] Floor
[2026.06.05-07.33.50:909][561]LogBlueprintUserMessages: [ALS_Base_CharacterBP_C_0] Floor
[2026.06.05-07.33.50:916][562]LogBlueprintUserMessages: [ALS_Base_CharacterBP_C_0] Floor
[2026.06.05-07.33.50:925][563]LogBlueprintUserMessages: [ALS_Base_CharacterBP_C_0] Floor
[2026.06.05-07.33.50:933][564]LogBlueprintUserMessages: [ALS_Base_CharacterBP_C_0] Floor
[2026.06.05-07.33.50:942][565]LogBlueprintUserMessages: [ALS_Base_CharacterBP_C_0] Floor
[2026.06.05-07.33.50:949][566]LogBlueprintUserMessages: [ALS_Base_CharacterBP_C_0] Floor
[2026.06.05-07.33.50:959][567]LogBlueprintUserMessages: [ALS_Base_CharacterBP_C_0] Floor
[2026.06.05-07.33.50:966][568]LogBlueprintUserMessages: [ALS_Base_CharacterBP_C_0] Floor
[2026.06.05-07.33.50:976][569]LogBlueprintUserMessages: [ALS_Base_CharacterBP_C_0] Floor
[2026.06.05-07.33.50:983][570]LogBlueprintUserMessages: [ALS_Base_CharacterBP_C_0] Floor
[2026.06.05-07.33.50:992][571]LogBlueprintUserMessages: [ALS_Base_CharacterBP_C_0] Floor
[2026.06.05-07.33.51:001][572]LogBlueprintUserMessages: [ALS_Base_CharacterBP_C_0] Floor
[2026.06.05-07.33.51:009][573]LogBlueprintUserMessages: [ALS_Base_CharacterBP_C_0] Floor
[2026.06.05-07.33.51:017][574]LogBlueprintUserMessages: [ALS_Base_CharacterBP_C_0] Floor
[2026.06.05-07.33.51:026][575]LogBlueprintUserMessages: [ALS_Base_CharacterBP_C_0] Floor
[2026.06.05-07.33.51:034][576]LogBlueprintUserMessages: [ALS_Base_CharacterBP_C_0] Floor
[2026.06.05-07.33.51:625][647]LogBlueprintUserMessages: [ALS_Base_CharacterBP_C_0] Floor
[2026.06.05-07.33.51:634][648]LogBlueprintUserMessages: [ALS_Base_CharacterBP_C_0] Floor
[2026.06.05-07.33.51:643][649]LogBlueprintUserMessages: [ALS_Base_CharacterBP_C_0] Floor
[2026.06.05-07.33.51:651][650]LogBlueprintUserMessages: [ALS_Base_CharacterBP_C_0] Floor
[2026.06.05-07.33.51:659][651]LogBlueprintUserMessages: [ALS_Base_CharacterBP_C_0] Floor
[2026.06.05-07.33.51:667][652]LogBlueprintUserMessages: [ALS_Base_CharacterBP_C_0] Floor
[2026.06.05-07.33.51:676][653]LogBlueprintUserMessages: [ALS_Base_CharacterBP_C_0] Floor
[2026.06.05-07.33.51:683][654]LogBlueprintUserMessages: [ALS_Base_CharacterBP_C_0] Floor
[2026.06.05-07.33.51:694][655]LogBlueprintUserMessages: [ALS_Base_CharacterBP_C_0] Floor
[2026.06.05-07.33.51:701][656]LogBlueprintUserMessages: [ALS_Base_CharacterBP_C_0] Floor
[2026.06.05-07.33.51:709][657]LogBlueprintUserMessages: [ALS_Base_CharacterBP_C_0] Floor
[2026.06.05-07.33.51:717][658]LogBlueprintUserMessages: [ALS_Base_CharacterBP_C_0] Floor
[2026.06.05-07.33.51:726][659]LogBlueprintUserMessages: [ALS_Base_CharacterBP_C_0] Floor
[2026.06.05-07.33.51:734][660]LogBlueprintUserMessages: [ALS_Base_CharacterBP_C_0] Floor
[2026.06.05-07.33.51:743][661]LogBlueprintUserMessages: [ALS_Base_CharacterBP_C_0] Floor
[2026.06.05-07.33.51:749][662]LogBlueprintUserMessages: [ALS_Base_CharacterBP_C_0] Floor
[2026.06.05-07.33.51:760][663]LogBlueprintUserMessages: [ALS_Base_CharacterBP_C_0] Floor
[2026.06.05-07.33.51:767][664]LogBlueprintUserMessages: [ALS_Base_CharacterBP_C_0] Floor
[2026.06.05-07.33.51:776][665]LogBlueprintUserMessages: [ALS_Base_CharacterBP_C_0] Floor
[2026.06.05-07.33.51:784][666]LogBlueprintUserMessages: [ALS_Base_CharacterBP_C_0] Floor
[2026.06.05-07.33.51:793][667]LogBlueprintUserMessages: [ALS_Base_CharacterBP_C_0] Floor
[2026.06.05-07.33.51:801][668]LogBlueprintUserMessages: [ALS_Base_CharacterBP_C_0] Floor
[2026.06.05-07.33.51:809][669]LogBlueprintUserMessages: [ALS_Base_CharacterBP_C_0] Floor
[2026.06.05-07.33.51:818][670]LogBlueprintUserMessages: [ALS_Base_CharacterBP_C_0] Floor
[2026.06.05-07.33.51:825][671]LogBlueprintUserMessages: [ALS_Base_CharacterBP_C_0] Floor
[2026.06.05-07.33.51:834][672]LogBlueprintUserMessages: [ALS_Base_CharacterBP_C_0] Floor
[2026.06.05-07.33.51:842][673]LogBlueprintUserMessages: [ALS_Base_CharacterBP_C_0] Floor
[2026.06.05-07.33.51:851][674]LogBlueprintUserMessages: [ALS_Base_CharacterBP_C_0] Floor
[2026.06.05-07.33.51:859][675]LogBlueprintUserMessages: [ALS_Base_CharacterBP_C_0] Floor
[2026.06.05-07.33.51:868][676]LogBlueprintUserMessages: [ALS_Base_CharacterBP_C_0] Floor
[2026.06.05-07.33.51:876][677]LogBlueprintUserMessages: [ALS_Base_CharacterBP_C_0] Floor
[2026.06.05-07.33.51:884][678]LogBlueprintUserMessages: [ALS_Base_CharacterBP_C_0] Floor
[2026.06.05-07.33.51:892][679]LogBlueprintUserMessages: [ALS_Base_CharacterBP_C_0] Floor
[2026.06.05-07.33.51:900][680]LogBlueprintUserMessages: [ALS_Base_CharacterBP_C_0] Floor
[2026.06.05-07.33.51:908][681]LogBlueprintUserMessages: [ALS_Base_CharacterBP_C_0] Floor
[2026.06.05-07.33.51:917][682]LogBlueprintUserMessages: [ALS_Base_CharacterBP_C_0] Floor
[2026.06.05-07.33.51:924][683]LogBlueprintUserMessages: [ALS_Base_CharacterBP_C_0] Floor
[2026.06.05-07.33.51:933][684]LogBlueprintUserMessages: [ALS_Base_CharacterBP_C_0] Floor
[2026.06.05-07.33.51:941][685]LogBlueprintUserMessages: [ALS_Base_CharacterBP_C_0] Floor
[2026.06.05-07.33.51:949][686]LogBlueprintUserMessages: [ALS_Base_CharacterBP_C_0] Floor
[2026.06.05-07.33.51:958][687]LogBlueprintUserMessages: [ALS_Base_CharacterBP_C_0] Floor
[2026.06.05-07.33.51:967][688]LogBlueprintUserMessages: [ALS_Base_CharacterBP_C_0] Floor
[2026.06.05-07.33.51:975][689]LogBlueprintUserMessages: [ALS_Base_CharacterBP_C_0] Floor
[2026.06.05-07.33.51:983][690]LogBlueprintUserMessages: [ALS_Base_CharacterBP_C_0] Floor
[2026.06.05-07.33.51:991][691]LogBlueprintUserMessages: [ALS_Base_CharacterBP_C_0] Floor
[2026.06.05-07.33.51:999][692]LogBlueprintUserMessages: [ALS_Base_CharacterBP_C_0] Floor
[2026.06.05-07.33.52:008][693]LogBlueprintUserMessages: [ALS_Base_CharacterBP_C_0] Floor
[2026.06.05-07.33.52:017][694]LogBlueprintUserMessages: [ALS_Base_CharacterBP_C_0] Floor
[2026.06.05-07.33.52:025][695]LogBlueprintUserMessages: [ALS_Base_CharacterBP_C_0] Floor
[2026.06.05-07.33.52:033][696]LogBlueprintUserMessages: [ALS_Base_CharacterBP_C_0] Floor
[2026.06.05-07.33.52:041][697]LogBlueprintUserMessages: [ALS_Base_CharacterBP_C_0] Floor
[2026.06.05-07.33.52:050][698]LogBlueprintUserMessages: [ALS_Base_CharacterBP_C_0] Floor
[2026.06.05-07.33.52:058][699]LogBlueprintUserMessages: [ALS_Base_CharacterBP_C_0] Floor
[2026.06.05-07.33.52:066][700]LogBlueprintUserMessages: [ALS_Base_CharacterBP_C_0] Floor
[2026.06.05-07.33.52:075][701]LogBlueprintUserMessages: [ALS_Base_CharacterBP_C_0] Floor
[2026.06.05-07.33.52:083][702]LogBlueprintUserMessages: [ALS_Base_CharacterBP_C_0] Floor
[2026.06.05-07.33.52:092][703]LogBlueprintUserMessages: [ALS_Base_CharacterBP_C_0] Floor
[2026.06.05-07.33.52:100][704]LogBlueprintUserMessages: [ALS_Base_CharacterBP_C_0] Floor
[2026.06.05-07.33.52:108][705]LogBlueprintUserMessages: [ALS_Base_CharacterBP_C_0] Floor
[2026.06.05-07.33.52:117][706]LogBlueprintUserMessages: [ALS_Base_CharacterBP_C_0] Floor
[2026.06.05-07.33.52:125][707]LogBlueprintUserMessages: [ALS_Base_CharacterBP_C_0] Floor
[2026.06.05-07.33.52:717][778]LogBlueprintUserMessages: [ALS_Base_CharacterBP_C_0] Floor
[2026.06.05-07.33.52:725][779]LogBlueprintUserMessages: [ALS_Base_CharacterBP_C_0] Floor
[2026.06.05-07.33.52:733][780]LogBlueprintUserMessages: [ALS_Base_CharacterBP_C_0] Floor
[2026.06.05-07.33.52:741][781]LogBlueprintUserMessages: [ALS_Base_CharacterBP_C_0] Floor
[2026.06.05-07.33.52:750][782]LogBlueprintUserMessages: [ALS_Base_CharacterBP_C_0] Floor
[2026.06.05-07.33.52:759][783]LogBlueprintUserMessages: [ALS_Base_CharacterBP_C_0] Floor
[2026.06.05-07.33.52:767][784]LogBlueprintUserMessages: [ALS_Base_CharacterBP_C_0] Floor
[2026.06.05-07.33.52:775][785]LogBlueprintUserMessages: [ALS_Base_CharacterBP_C_0] Floor
[2026.06.05-07.33.52:784][786]LogBlueprintUserMessages: [ALS_Base_CharacterBP_C_0] Floor
[2026.06.05-07.33.52:792][787]LogBlueprintUserMessages: [ALS_Base_CharacterBP_C_0] Floor
[2026.06.05-07.33.52:800][788]LogBlueprintUserMessages: [ALS_Base_CharacterBP_C_0] Floor
[2026.06.05-07.33.52:808][789]LogBlueprintUserMessages: [ALS_Base_CharacterBP_C_0] Floor
[2026.06.05-07.33.52:817][790]LogBlueprintUserMessages: [ALS_Base_CharacterBP_C_0] Floor
[2026.06.05-07.33.52:825][791]LogBlueprintUserMessages: [ALS_Base_CharacterBP_C_0] Floor
[2026.06.05-07.33.52:833][792]LogBlueprintUserMessages: [ALS_Base_CharacterBP_C_0] Floor
[2026.06.05-07.33.52:842][793]LogBlueprintUserMessages: [ALS_Base_CharacterBP_C_0] Floor
[2026.06.05-07.33.52:849][794]LogBlueprintUserMessages: [ALS_Base_CharacterBP_C_0] Floor
[2026.06.05-07.33.52:858][795]LogBlueprintUserMessages: [ALS_Base_CharacterBP_C_0] Floor
[2026.06.05-07.33.52:867][796]LogBlueprintUserMessages: [ALS_Base_CharacterBP_C_0] Floor
[2026.06.05-07.33.52:875][797]LogBlueprintUserMessages: [ALS_Base_CharacterBP_C_0] Floor
[2026.06.05-07.33.52:883][798]LogBlueprintUserMessages: [ALS_Base_CharacterBP_C_0] Floor
[2026.06.05-07.33.52:892][799]LogBlueprintUserMessages: [ALS_Base_CharacterBP_C_0] Floor
[2026.06.05-07.33.52:900][800]LogBlueprintUserMessages: [ALS_Base_CharacterBP_C_0] Floor
[2026.06.05-07.33.52:908][801]LogBlueprintUserMessages: [ALS_Base_CharacterBP_C_0] Floor
[2026.06.05-07.33.52:917][802]LogBlueprintUserMessages: [ALS_Base_CharacterBP_C_0] Floor
[2026.06.05-07.33.52:925][803]LogBlueprintUserMessages: [ALS_Base_CharacterBP_C_0] Floor
[2026.06.05-07.33.52:934][804]LogBlueprintUserMessages: [ALS_Base_CharacterBP_C_0] Floor
[2026.06.05-07.33.52:941][805]LogBlueprintUserMessages: [ALS_Base_CharacterBP_C_0] Floor
[2026.06.05-07.33.52:950][806]LogBlueprintUserMessages: [ALS_Base_CharacterBP_C_0] Floor
[2026.06.05-07.33.52:958][807]LogBlueprintUserMessages: [ALS_Base_CharacterBP_C_0] Floor
[2026.06.05-07.33.52:967][808]LogBlueprintUserMessages: [ALS_Base_CharacterBP_C_0] Floor
[2026.06.05-07.33.52:974][809]LogBlueprintUserMessages: [ALS_Base_CharacterBP_C_0] Floor
[2026.06.05-07.33.52:983][810]LogBlueprintUserMessages: [ALS_Base_CharacterBP_C_0] Floor
[2026.06.05-07.33.52:991][811]LogBlueprintUserMessages: [ALS_Base_CharacterBP_C_0] Floor
[2026.06.05-07.33.52:999][812]LogBlueprintUserMessages: [ALS_Base_CharacterBP_C_0] Floor
[2026.06.05-07.33.53:008][813]LogBlueprintUserMessages: [ALS_Base_CharacterBP_C_0] Floor
[2026.06.05-07.33.53:016][814]LogBlueprintUserMessages: [ALS_Base_CharacterBP_C_0] Floor
[2026.06.05-07.33.53:024][815]LogBlueprintUserMessages: [ALS_Base_CharacterBP_C_0] Floor
[2026.06.05-07.33.53:033][816]LogBlueprintUserMessages: [ALS_Base_CharacterBP_C_0] Floor
[2026.06.05-07.33.53:041][817]LogBlueprintUserMessages: [ALS_Base_CharacterBP_C_0] Floor
[2026.06.05-07.33.53:050][818]LogBlueprintUserMessages: [ALS_Base_CharacterBP_C_0] Floor
[2026.06.05-07.33.53:058][819]LogBlueprintUserMessages: [ALS_Base_CharacterBP_C_0] Floor
[2026.06.05-07.33.53:067][820]LogBlueprintUserMessages: [ALS_Base_CharacterBP_C_0] Floor
[2026.06.05-07.33.53:075][821]LogBlueprintUserMessages: [ALS_Base_CharacterBP_C_0] Floor
[2026.06.05-07.33.53:083][822]LogBlueprintUserMessages: [ALS_Base_CharacterBP_C_0] Floor
[2026.06.05-07.33.53:091][823]LogBlueprintUserMessages: [ALS_Base_CharacterBP_C_0] Floor
[2026.06.05-07.33.53:099][824]LogBlueprintUserMessages: [ALS_Base_CharacterBP_C_0] Floor
[2026.06.05-07.33.53:108][825]LogBlueprintUserMessages: [ALS_Base_CharacterBP_C_0] Floor
[2026.06.05-07.33.53:116][826]LogBlueprintUserMessages: [ALS_Base_CharacterBP_C_0] Floor
[2026.06.05-07.33.53:125][827]LogBlueprintUserMessages: [ALS_Base_CharacterBP_C_0] Floor
[2026.06.05-07.33.53:133][828]LogBlueprintUserMessages: [ALS_Base_CharacterBP_C_0] Floor
[2026.06.05-07.33.53:141][829]LogBlueprintUserMessages: [ALS_Base_CharacterBP_C_0] Floor
[2026.06.05-07.33.53:150][830]LogBlueprintUserMessages: [ALS_Base_CharacterBP_C_0] Floor
[2026.06.05-07.33.53:158][831]LogBlueprintUserMessages: [ALS_Base_CharacterBP_C_0] Floor
[2026.06.05-07.33.53:167][832]LogBlueprintUserMessages: [ALS_Base_CharacterBP_C_0] Floor
[2026.06.05-07.33.53:175][833]LogBlueprintUserMessages: [ALS_Base_CharacterBP_C_0] Floor
[2026.06.05-07.33.53:183][834]LogBlueprintUserMessages: [ALS_Base_CharacterBP_C_0] Floor
[2026.06.05-07.33.53:192][835]LogBlueprintUserMessages: [ALS_Base_CharacterBP_C_0] Floor
[2026.06.05-07.33.53:200][836]LogBlueprintUserMessages: [ALS_Base_CharacterBP_C_0] Floor
[2026.06.05-07.33.53:208][837]LogBlueprintUserMessages: [ALS_Base_CharacterBP_C_0] Floor
[2026.06.05-07.33.53:217][838]LogBlueprintUserMessages: [ALS_Base_CharacterBP_C_0] Floor
[2026.06.05-07.33.53:225][839]LogBlueprintUserMessages: [ALS_Base_CharacterBP_C_0] Floor
[2026.06.05-07.33.53:234][840]LogBlueprintUserMessages: [ALS_Base_CharacterBP_C_0] Floor
[2026.06.05-07.33.53:242][841]LogBlueprintUserMessages: [ALS_Base_CharacterBP_C_0] Floor
[2026.06.05-07.33.53:249][842]LogBlueprintUserMessages: [ALS_Base_CharacterBP_C_0] Floor
[2026.06.05-07.33.53:258][843]LogBlueprintUserMessages: [ALS_Base_CharacterBP_C_0] Floor
[2026.06.05-07.33.53:266][844]LogBlueprintUserMessages: [ALS_Base_CharacterBP_C_0] Floor
[2026.06.05-07.33.53:275][845]LogBlueprintUserMessages: [ALS_Base_CharacterBP_C_0] Floor
[2026.06.05-07.33.53:283][846]LogBlueprintUserMessages: [ALS_Base_CharacterBP_C_0] Floor
[2026.06.05-07.33.53:291][847]LogBlueprintUserMessages: [ALS_Base_CharacterBP_C_0] Floor
[2026.06.05-07.33.53:299][848]LogBlueprintUserMessages: [ALS_Base_CharacterBP_C_0] Floor
[2026.06.05-07.33.53:309][849]LogBlueprintUserMessages: [ALS_Base_CharacterBP_C_0] Floor
[2026.06.05-07.33.53:317][850]LogBlueprintUserMessages: [ALS_Base_CharacterBP_C_0] Floor
[2026.06.05-07.33.53:325][851]LogBlueprintUserMessages: [ALS_Base_CharacterBP_C_0] Floor
[2026.06.05-07.33.53:334][852]LogBlueprintUserMessages: [ALS_Base_CharacterBP_C_0] Floor
[2026.06.05-07.33.53:342][853]LogBlueprintUserMessages: [ALS_Base_CharacterBP_C_0] Floor
[2026.06.05-07.33.53:349][854]LogBlueprintUserMessages: [ALS_Base_CharacterBP_C_0] Floor
[2026.06.05-07.33.53:358][855]LogBlueprintUserMessages: [ALS_Base_CharacterBP_C_0] Floor
[2026.06.05-07.33.53:366][856]LogBlueprintUserMessages: [ALS_Base_CharacterBP_C_0] Floor
[2026.06.05-07.33.53:375][857]LogBlueprintUserMessages: [ALS_Base_CharacterBP_C_0] Floor
[2026.06.05-07.33.53:383][858]LogBlueprintUserMessages: [ALS_Base_CharacterBP_C_0] Floor
[2026.06.05-07.33.53:391][859]LogBlueprintUserMessages: [ALS_Base_CharacterBP_C_0] Floor
[2026.06.05-07.33.53:983][930]LogBlueprintUserMessages: [ALS_Base_CharacterBP_C_0] Floor
[2026.06.05-07.33.53:991][931]LogBlueprintUserMessages: [ALS_Base_CharacterBP_C_0] Floor
[2026.06.05-07.33.53:999][932]LogBlueprintUserMessages: [ALS_Base_CharacterBP_C_0] Floor
[2026.06.05-07.33.54:008][933]LogBlueprintUserMessages: [ALS_Base_CharacterBP_C_0] Floor
[2026.06.05-07.33.54:016][934]LogBlueprintUserMessages: [ALS_Base_CharacterBP_C_0] Floor
[2026.06.05-07.33.54:025][935]LogBlueprintUserMessages: [ALS_Base_CharacterBP_C_0] Floor
[2026.06.05-07.33.54:033][936]LogBlueprintUserMessages: [ALS_Base_CharacterBP_C_0] Floor
[2026.06.05-07.33.54:042][937]LogBlueprintUserMessages: [ALS_Base_CharacterBP_C_0] Floor
[2026.06.05-07.33.54:049][938]LogBlueprintUserMessages: [ALS_Base_CharacterBP_C_0] Floor
[2026.06.05-07.33.54:058][939]LogBlueprintUserMessages: [ALS_Base_CharacterBP_C_0] Floor
[2026.06.05-07.33.54:066][940]LogBlueprintUserMessages: [ALS_Base_CharacterBP_C_0] Floor
[2026.06.05-07.33.54:075][941]LogBlueprintUserMessages: [ALS_Base_CharacterBP_C_0] Floor
[2026.06.05-07.33.54:083][942]LogBlueprintUserMessages: [ALS_Base_CharacterBP_C_0] Floor
[2026.06.05-07.33.54:092][943]LogBlueprintUserMessages: [ALS_Base_CharacterBP_C_0] Floor
[2026.06.05-07.33.54:100][944]LogBlueprintUserMessages: [ALS_Base_CharacterBP_C_0] Floor
[2026.06.05-07.33.54:108][945]LogBlueprintUserMessages: [ALS_Base_CharacterBP_C_0] Floor
[2026.06.05-07.33.54:117][946]LogBlueprintUserMessages: [ALS_Base_CharacterBP_C_0] Floor
[2026.06.05-07.33.54:125][947]LogBlueprintUserMessages: [ALS_Base_CharacterBP_C_0] Floor
[2026.06.05-07.33.54:133][948]LogBlueprintUserMessages: [ALS_Base_CharacterBP_C_0] Floor
[2026.06.05-07.33.54:142][949]LogBlueprintUserMessages: [ALS_Base_CharacterBP_C_0] Floor
[2026.06.05-07.33.54:150][950]LogBlueprintUserMessages: [ALS_Base_CharacterBP_C_0] Floor
[2026.06.05-07.33.54:158][951]LogBlueprintUserMessages: [ALS_Base_CharacterBP_C_0] Floor
[2026.06.05-07.33.54:166][952]LogBlueprintUserMessages: [ALS_Base_CharacterBP_C_0] Floor
[2026.06.05-07.33.54:175][953]LogBlueprintUserMessages: [ALS_Base_CharacterBP_C_0] Floor
[2026.06.05-07.33.54:183][954]LogBlueprintUserMessages: [ALS_Base_CharacterBP_C_0] Floor
[2026.06.05-07.33.54:192][955]LogBlueprintUserMessages: [ALS_Base_CharacterBP_C_0] Floor
[2026.06.05-07.33.54:199][956]LogBlueprintUserMessages: [ALS_Base_CharacterBP_C_0] Floor
[2026.06.05-07.33.54:208][957]LogBlueprintUserMessages: [ALS_Base_CharacterBP_C_0] Floor
[2026.06.05-07.33.54:217][958]LogBlueprintUserMessages: [ALS_Base_CharacterBP_C_0] Floor
[2026.06.05-07.33.54:225][959]LogBlueprintUserMessages: [ALS_Base_CharacterBP_C_0] Floor
[2026.06.05-07.33.54:233][960]LogBlueprintUserMessages: [ALS_Base_CharacterBP_C_0] Floor
[2026.06.05-07.33.54:241][961]LogBlueprintUserMessages: [ALS_Base_CharacterBP_C_0] Floor
[2026.06.05-07.33.54:250][962]LogBlueprintUserMessages: [ALS_Base_CharacterBP_C_0] Floor
[2026.06.05-07.33.54:258][963]LogBlueprintUserMessages: [ALS_Base_CharacterBP_C_0] Floor
[2026.06.05-07.33.54:266][964]LogBlueprintUserMessages: [ALS_Base_CharacterBP_C_0] Floor
[2026.06.05-07.33.54:275][965]LogBlueprintUserMessages: [ALS_Base_CharacterBP_C_0] Floor
[2026.06.05-07.33.54:283][966]LogBlueprintUserMessages: [ALS_Base_CharacterBP_C_0] Floor
[2026.06.05-07.33.54:292][967]LogBlueprintUserMessages: [ALS_Base_CharacterBP_C_0] Floor
[2026.06.05-07.33.54:300][968]LogBlueprintUserMessages: [ALS_Base_CharacterBP_C_0] Floor
[2026.06.05-07.33.54:308][969]LogBlueprintUserMessages: [ALS_Base_CharacterBP_C_0] Floor
[2026.06.05-07.33.54:316][970]LogBlueprintUserMessages: [ALS_Base_CharacterBP_C_0] Floor
[2026.06.05-07.33.54:325][971]LogBlueprintUserMessages: [ALS_Base_CharacterBP_C_0] Floor
[2026.06.05-07.33.54:333][972]LogBlueprintUserMessages: [ALS_Base_CharacterBP_C_0] Floor
[2026.06.05-07.33.54:342][973]LogBlueprintUserMessages: [ALS_Base_CharacterBP_C_0] Floor
[2026.06.05-07.33.54:350][974]LogBlueprintUserMessages: [ALS_Base_CharacterBP_C_0] Floor
[2026.06.05-07.33.54:359][975]LogBlueprintUserMessages: [ALS_Base_CharacterBP_C_0] Floor
[2026.06.05-07.33.54:366][976]LogBlueprintUserMessages: [ALS_Base_CharacterBP_C_0] Floor
[2026.06.05-07.33.54:375][977]LogBlueprintUserMessages: [ALS_Base_CharacterBP_C_0] Floor
[2026.06.05-07.33.54:383][978]LogBlueprintUserMessages: [ALS_Base_CharacterBP_C_0] Floor
[2026.06.05-07.33.54:392][979]LogBlueprintUserMessages: [ALS_Base_CharacterBP_C_0] Floor
[2026.06.05-07.33.54:400][980]LogBlueprintUserMessages: [ALS_Base_CharacterBP_C_0] Floor
[2026.06.05-07.33.54:408][981]LogBlueprintUserMessages: [ALS_Base_CharacterBP_C_0] Floor
[2026.06.05-07.33.54:417][982]LogBlueprintUserMessages: [ALS_Base_CharacterBP_C_0] Floor
[2026.06.05-07.33.54:424][983]LogBlueprintUserMessages: [ALS_Base_CharacterBP_C_0] Floor
[2026.06.05-07.33.54:433][984]LogBlueprintUserMessages: [ALS_Base_CharacterBP_C_0] Floor
[2026.06.05-07.33.54:442][985]LogBlueprintUserMessages: [ALS_Base_CharacterBP_C_0] Floor
[2026.06.05-07.33.54:450][986]LogBlueprintUserMessages: [ALS_Base_CharacterBP_C_0] Floor
[2026.06.05-07.33.54:458][987]LogBlueprintUserMessages: [ALS_Base_CharacterBP_C_0] Floor
[2026.06.05-07.33.54:467][988]LogBlueprintUserMessages: [ALS_Base_CharacterBP_C_0] Floor
[2026.06.05-07.33.54:475][989]LogBlueprintUserMessages: [ALS_Base_CharacterBP_C_0] Floor
[2026.06.05-07.33.54:483][990]LogBlueprintUserMessages: [ALS_Base_CharacterBP_C_0] Floor
[2026.06.05-07.33.54:492][991]LogBlueprintUserMessages: [ALS_Base_CharacterBP_C_0] Floor
[2026.06.05-07.33.54:500][992]LogBlueprintUserMessages: [ALS_Base_CharacterBP_C_0] Floor
[2026.06.05-07.33.54:508][993]LogBlueprintUserMessages: [ALS_Base_CharacterBP_C_0] Floor
[2026.06.05-07.33.54:516][994]LogBlueprintUserMessages: [ALS_Base_CharacterBP_C_0] Floor
[2026.06.05-07.33.54:525][995]LogBlueprintUserMessages: [ALS_Base_CharacterBP_C_0] Floor
[2026.06.05-07.33.54:533][996]LogBlueprintUserMessages: [ALS_Base_CharacterBP_C_0] Floor
[2026.06.05-07.33.54:542][997]LogBlueprintUserMessages: [ALS_Base_CharacterBP_C_0] Floor
[2026.06.05-07.33.54:549][998]LogBlueprintUserMessages: [ALS_Base_CharacterBP_C_0] Floor
[2026.06.05-07.33.54:558][999]LogBlueprintUserMessages: [ALS_Base_CharacterBP_C_0] Floor
[2026.06.05-07.33.54:566][  0]LogBlueprintUserMessages: [ALS_Base_CharacterBP_C_0] Floor
[2026.06.05-07.33.54:575][  1]LogBlueprintUserMessages: [ALS_Base_CharacterBP_C_0] Floor
[2026.06.05-07.33.54:583][  2]LogBlueprintUserMessages: [ALS_Base_CharacterBP_C_0] Floor
[2026.06.05-07.33.54:592][  3]LogBlueprintUserMessages: [ALS_Base_CharacterBP_C_0] Floor
[2026.06.05-07.33.54:600][  4]LogBlueprintUserMessages: [ALS_Base_CharacterBP_C_0] Floor
[2026.06.05-07.33.54:609][  5]LogBlueprintUserMessages: [ALS_Base_CharacterBP_C_0] Floor
[2026.06.05-07.33.54:617][  6]LogBlueprintUserMessages: [ALS_Base_CharacterBP_C_0] Floor
[2026.06.05-07.33.54:625][  7]LogBlueprintUserMessages: [ALS_Base_CharacterBP_C_0] Floor
[2026.06.05-07.33.54:634][  8]LogBlueprintUserMessages: [ALS_Base_CharacterBP_C_0] Floor
[2026.06.05-07.33.54:642][  9]LogBlueprintUserMessages: [ALS_Base_CharacterBP_C_0] Floor
[2026.06.05-07.33.54:649][ 10]LogBlueprintUserMessages: [ALS_Base_CharacterBP_C_0] Floor
[2026.06.05-07.33.54:658][ 11]LogBlueprintUserMessages: [ALS_Base_CharacterBP_C_0] Floor
[2026.06.05-07.33.54:667][ 12]LogBlueprintUserMessages: [ALS_Base_CharacterBP_C_0] Floor
[2026.06.05-07.33.54:675][ 13]LogBlueprintUserMessages: [ALS_Base_CharacterBP_C_0] Floor
[2026.06.05-07.33.54:683][ 14]LogBlueprintUserMessages: [ALS_Base_CharacterBP_C_0] Floor
[2026.06.05-07.33.54:692][ 15]LogBlueprintUserMessages: [ALS_Base_CharacterBP_C_0] Floor
[2026.06.05-07.33.54:700][ 16]LogBlueprintUserMessages: [ALS_Base_CharacterBP_C_0] Floor
[2026.06.05-07.33.54:708][ 17]LogBlueprintUserMessages: [ALS_Base_CharacterBP_C_0] Floor
[2026.06.05-07.33.54:717][ 18]LogBlueprintUserMessages: [ALS_Base_CharacterBP_C_0] Floor
[2026.06.05-07.33.54:725][ 19]LogBlueprintUserMessages: [ALS_Base_CharacterBP_C_0] Floor
[2026.06.05-07.33.54:734][ 20]LogBlueprintUserMessages: [ALS_Base_CharacterBP_C_0] Floor
[2026.06.05-07.33.54:742][ 21]LogBlueprintUserMessages: [ALS_Base_CharacterBP_C_0] Floor
[2026.06.05-07.33.54:749][ 22]LogBlueprintUserMessages: [ALS_Base_CharacterBP_C_0] Floor
[2026.06.05-07.33.54:759][ 23]LogBlueprintUserMessages: [ALS_Base_CharacterBP_C_0] Floor
[2026.06.05-07.33.54:766][ 24]LogBlueprintUserMessages: [ALS_Base_CharacterBP_C_0] Floor
[2026.06.05-07.33.54:775][ 25]LogBlueprintUserMessages: [ALS_Base_CharacterBP_C_0] Floor
[2026.06.05-07.33.54:783][ 26]LogBlueprintUserMessages: [ALS_Base_CharacterBP_C_0] Floor
[2026.06.05-07.33.54:792][ 27]LogBlueprintUserMessages: [ALS_Base_CharacterBP_C_0] Floor
[2026.06.05-07.33.54:799][ 28]LogBlueprintUserMessages: [ALS_Base_CharacterBP_C_0] Floor
[2026.06.05-07.33.54:808][ 29]LogBlueprintUserMessages: [ALS_Base_CharacterBP_C_0] Floor
[2026.06.05-07.33.54:817][ 30]LogBlueprintUserMessages: [ALS_Base_CharacterBP_C_0] Floor
[2026.06.05-07.33.54:825][ 31]LogBlueprintUserMessages: [ALS_Base_CharacterBP_C_0] Floor
[2026.06.05-07.33.54:834][ 32]LogBlueprintUserMessages: [ALS_Base_CharacterBP_C_0] Floor
[2026.06.05-07.33.55:425][103]LogBlueprintUserMessages: [ALS_Base_CharacterBP_C_0] Floor
[2026.06.05-07.33.55:434][104]LogBlueprintUserMessages: [ALS_Base_CharacterBP_C_0] Floor
[2026.06.05-07.33.55:442][105]LogBlueprintUserMessages: [ALS_Base_CharacterBP_C_0] Floor
[2026.06.05-07.33.55:450][106]LogBlueprintUserMessages: [ALS_Base_CharacterBP_C_0] Floor
[2026.06.05-07.33.55:459][107]LogBlueprintUserMessages: [ALS_Base_CharacterBP_C_0] Floor
[2026.06.05-07.33.55:466][108]LogBlueprintUserMessages: [ALS_Base_CharacterBP_C_0] Floor
[2026.06.05-07.33.55:476][109]LogBlueprintUserMessages: [ALS_Base_CharacterBP_C_0] Floor
[2026.06.05-07.33.55:483][110]LogBlueprintUserMessages: [ALS_Base_CharacterBP_C_0] Floor
[2026.06.05-07.33.55:492][111]LogBlueprintUserMessages: [ALS_Base_CharacterBP_C_0] Floor
[2026.06.05-07.33.55:500][112]LogBlueprintUserMessages: [ALS_Base_CharacterBP_C_0] Floor
[2026.06.05-07.33.55:508][113]LogBlueprintUserMessages: [ALS_Base_CharacterBP_C_0] Floor
[2026.06.05-07.33.55:517][114]LogBlueprintUserMessages: [ALS_Base_CharacterBP_C_0] Floor
[2026.06.05-07.33.55:525][115]LogBlueprintUserMessages: [ALS_Base_CharacterBP_C_0] Floor
[2026.06.05-07.33.55:533][116]LogBlueprintUserMessages: [ALS_Base_CharacterBP_C_0] Floor
[2026.06.05-07.33.55:542][117]LogBlueprintUserMessages: [ALS_Base_CharacterBP_C_0] Floor
[2026.06.05-07.33.55:549][118]LogBlueprintUserMessages: [ALS_Base_CharacterBP_C_0] Floor
[2026.06.05-07.33.55:558][119]LogBlueprintUserMessages: [ALS_Base_CharacterBP_C_0] Floor
[2026.06.05-07.33.55:567][120]LogBlueprintUserMessages: [ALS_Base_CharacterBP_C_0] Floor
[2026.06.05-07.33.55:575][121]LogBlueprintUserMessages: [ALS_Base_CharacterBP_C_0] Floor
[2026.06.05-07.33.55:584][122]LogBlueprintUserMessages: [ALS_Base_CharacterBP_C_0] Floor
[2026.06.05-07.33.55:592][123]LogBlueprintUserMessages: [ALS_Base_CharacterBP_C_0] Floor
[2026.06.05-07.33.55:599][124]LogBlueprintUserMessages: [ALS_Base_CharacterBP_C_0] Floor
[2026.06.05-07.33.55:608][125]LogBlueprintUserMessages: [ALS_Base_CharacterBP_C_0] Floor
[2026.06.05-07.33.55:617][126]LogBlueprintUserMessages: [ALS_Base_CharacterBP_C_0] Floor
[2026.06.05-07.33.55:625][127]LogBlueprintUserMessages: [ALS_Base_CharacterBP_C_0] Floor
[2026.06.05-07.33.55:633][128]LogBlueprintUserMessages: [ALS_Base_CharacterBP_C_0] Floor
[2026.06.05-07.33.55:642][129]LogBlueprintUserMessages: [ALS_Base_CharacterBP_C_0] Floor
[2026.06.05-07.33.55:649][130]LogBlueprintUserMessages: [ALS_Base_CharacterBP_C_0] Floor
[2026.06.05-07.33.55:658][131]LogBlueprintUserMessages: [ALS_Base_CharacterBP_C_0] Floor
[2026.06.05-07.33.55:667][132]LogBlueprintUserMessages: [ALS_Base_CharacterBP_C_0] Floor
[2026.06.05-07.33.55:675][133]LogBlueprintUserMessages: [ALS_Base_CharacterBP_C_0] Floor
[2026.06.05-07.33.55:684][134]LogBlueprintUserMessages: [ALS_Base_CharacterBP_C_0] Floor
[2026.06.05-07.33.55:692][135]LogBlueprintUserMessages: [ALS_Base_CharacterBP_C_0] Floor
[2026.06.05-07.33.55:700][136]LogBlueprintUserMessages: [ALS_Base_CharacterBP_C_0] Floor
[2026.06.05-07.33.55:708][137]LogBlueprintUserMessages: [ALS_Base_CharacterBP_C_0] Floor
[2026.06.05-07.33.55:717][138]LogBlueprintUserMessages: [ALS_Base_CharacterBP_C_0] Floor
[2026.06.05-07.33.55:725][139]LogBlueprintUserMessages: [ALS_Base_CharacterBP_C_0] Floor
[2026.06.05-07.33.55:733][140]LogBlueprintUserMessages: [ALS_Base_CharacterBP_C_0] Floor
[2026.06.05-07.33.55:741][141]LogBlueprintUserMessages: [ALS_Base_CharacterBP_C_0] Floor
[2026.06.05-07.33.55:749][142]LogBlueprintUserMessages: [ALS_Base_CharacterBP_C_0] Floor
[2026.06.05-07.33.55:758][143]LogBlueprintUserMessages: [ALS_Base_CharacterBP_C_0] Floor
[2026.06.05-07.33.55:767][144]LogBlueprintUserMessages: [ALS_Base_CharacterBP_C_0] Floor
[2026.06.05-07.33.56:358][215]LogBlueprintUserMessages: [ALS_Base_CharacterBP_C_0] Floor
[2026.06.05-07.33.56:366][216]LogBlueprintUserMessages: [ALS_Base_CharacterBP_C_0] Floor
[2026.06.05-07.33.56:375][217]LogBlueprintUserMessages: [ALS_Base_CharacterBP_C_0] Floor
[2026.06.05-07.33.56:383][218]LogBlueprintUserMessages: [ALS_Base_CharacterBP_C_0] Floor
[2026.06.05-07.33.56:392][219]LogBlueprintUserMessages: [ALS_Base_CharacterBP_C_0] Floor
[2026.06.05-07.33.56:399][220]LogBlueprintUserMessages: [ALS_Base_CharacterBP_C_0] Floor
[2026.06.05-07.33.56:409][221]LogBlueprintUserMessages: [ALS_Base_CharacterBP_C_0] Floor
[2026.06.05-07.33.56:416][222]LogBlueprintUserMessages: [ALS_Base_CharacterBP_C_0] Floor
[2026.06.05-07.33.56:425][223]LogBlueprintUserMessages: [ALS_Base_CharacterBP_C_0] Floor
[2026.06.05-07.33.56:433][224]LogBlueprintUserMessages: [ALS_Base_CharacterBP_C_0] Floor
[2026.06.05-07.33.56:441][225]LogBlueprintUserMessages: [ALS_Base_CharacterBP_C_0] Floor
[2026.06.05-07.33.56:450][226]LogBlueprintUserMessages: [ALS_Base_CharacterBP_C_0] Floor
[2026.06.05-07.33.56:459][227]LogBlueprintUserMessages: [ALS_Base_CharacterBP_C_0] Floor
[2026.06.05-07.33.56:467][228]LogBlueprintUserMessages: [ALS_Base_CharacterBP_C_0] Floor
[2026.06.05-07.33.56:475][229]LogBlueprintUserMessages: [ALS_Base_CharacterBP_C_0] Floor
[2026.06.05-07.33.56:483][230]LogBlueprintUserMessages: [ALS_Base_CharacterBP_C_0] Floor
[2026.06.05-07.33.56:492][231]LogBlueprintUserMessages: [ALS_Base_CharacterBP_C_0] Floor
[2026.06.05-07.33.56:500][232]LogBlueprintUserMessages: [ALS_Base_CharacterBP_C_0] Floor
[2026.06.05-07.33.56:508][233]LogBlueprintUserMessages: [ALS_Base_CharacterBP_C_0] Floor
[2026.06.05-07.33.56:517][234]LogBlueprintUserMessages: [ALS_Base_CharacterBP_C_0] Floor
[2026.06.05-07.33.56:525][235]LogBlueprintUserMessages: [ALS_Base_CharacterBP_C_0] Floor
[2026.06.05-07.33.56:533][236]LogBlueprintUserMessages: [ALS_Base_CharacterBP_C_0] Floor
[2026.06.05-07.33.56:542][237]LogBlueprintUserMessages: [ALS_Base_CharacterBP_C_0] Floor
[2026.06.05-07.33.56:549][238]LogBlueprintUserMessages: [ALS_Base_CharacterBP_C_0] Floor
[2026.06.05-07.33.56:558][239]LogBlueprintUserMessages: [ALS_Base_CharacterBP_C_0] Floor
[2026.06.05-07.33.56:567][240]LogBlueprintUserMessages: [ALS_Base_CharacterBP_C_0] Floor
[2026.06.05-07.33.56:575][241]LogBlueprintUserMessages: [ALS_Base_CharacterBP_C_0] Floor
[2026.06.05-07.33.56:583][242]LogBlueprintUserMessages: [ALS_Base_CharacterBP_C_0] Floor
[2026.06.05-07.33.56:592][243]LogBlueprintUserMessages: [ALS_Base_CharacterBP_C_0] Floor
[2026.06.05-07.33.56:600][244]LogBlueprintUserMessages: [ALS_Base_CharacterBP_C_0] Floor
[2026.06.05-07.33.56:608][245]LogBlueprintUserMessages: [ALS_Base_CharacterBP_C_0] Floor
[2026.06.05-07.33.56:617][246]LogBlueprintUserMessages: [ALS_Base_CharacterBP_C_0] Floor
[2026.06.05-07.33.56:625][247]LogBlueprintUserMessages: [ALS_Base_CharacterBP_C_0] Floor
[2026.06.05-07.33.56:633][248]LogBlueprintUserMessages: [ALS_Base_CharacterBP_C_0] Floor
[2026.06.05-07.33.56:642][249]LogBlueprintUserMessages: [ALS_Base_CharacterBP_C_0] Floor
[2026.06.05-07.33.56:649][250]LogBlueprintUserMessages: [ALS_Base_CharacterBP_C_0] Floor
[2026.06.05-07.33.56:658][251]LogBlueprintUserMessages: [ALS_Base_CharacterBP_C_0] Floor
[2026.06.05-07.33.56:667][252]LogBlueprintUserMessages: [ALS_Base_CharacterBP_C_0] Floor
[2026.06.05-07.33.56:675][253]LogBlueprintUserMessages: [ALS_Base_CharacterBP_C_0] Floor
[2026.06.05-07.33.56:684][254]LogBlueprintUserMessages: [ALS_Base_CharacterBP_C_0] Floor
[2026.06.05-07.33.56:692][255]LogBlueprintUserMessages: [ALS_Base_CharacterBP_C_0] Floor
[2026.06.05-07.33.56:700][256]LogBlueprintUserMessages: [ALS_Base_CharacterBP_C_0] Floor
[2026.06.05-07.33.56:708][257]LogBlueprintUserMessages: [ALS_Base_CharacterBP_C_0] Floor
[2026.06.05-07.33.56:717][258]LogBlueprintUserMessages: [ALS_Base_CharacterBP_C_0] Floor
[2026.06.05-07.33.56:725][259]LogBlueprintUserMessages: [ALS_Base_CharacterBP_C_0] Floor
[2026.06.05-07.33.56:733][260]LogBlueprintUserMessages: [ALS_Base_CharacterBP_C_0] Floor
[2026.06.05-07.33.56:741][261]LogBlueprintUserMessages: [ALS_Base_CharacterBP_C_0] Floor
[2026.06.05-07.33.56:750][262]LogBlueprintUserMessages: [ALS_Base_CharacterBP_C_0] Floor
[2026.06.05-07.33.56:758][263]LogBlueprintUserMessages: [ALS_Base_CharacterBP_C_0] Floor
[2026.06.05-07.33.56:767][264]LogBlueprintUserMessages: [ALS_Base_CharacterBP_C_0] Floor
[2026.06.05-07.33.56:775][265]LogBlueprintUserMessages: [ALS_Base_CharacterBP_C_0] Floor
[2026.06.05-07.33.56:783][266]LogBlueprintUserMessages: [ALS_Base_CharacterBP_C_0] Floor
[2026.06.05-07.33.56:792][267]LogBlueprintUserMessages: [ALS_Base_CharacterBP_C_0] Floor
[2026.06.05-07.33.56:800][268]LogBlueprintUserMessages: [ALS_Base_CharacterBP_C_0] Floor
[2026.06.05-07.33.56:808][269]LogBlueprintUserMessages: [ALS_Base_CharacterBP_C_0] Floor
[2026.06.05-07.33.56:817][270]LogBlueprintUserMessages: [ALS_Base_CharacterBP_C_0] Floor
[2026.06.05-07.33.56:825][271]LogBlueprintUserMessages: [ALS_Base_CharacterBP_C_0] Floor
[2026.06.05-07.33.56:833][272]LogBlueprintUserMessages: [ALS_Base_CharacterBP_C_0] Floor
[2026.06.05-07.33.56:841][273]LogBlueprintUserMessages: [ALS_Base_CharacterBP_C_0] Floor
[2026.06.05-07.33.56:850][274]LogBlueprintUserMessages: [ALS_Base_CharacterBP_C_0] Floor
[2026.06.05-07.33.56:859][275]LogBlueprintUserMessages: [ALS_Base_CharacterBP_C_0] Floor
[2026.06.05-07.33.56:866][276]LogBlueprintUserMessages: [ALS_Base_CharacterBP_C_0] Floor
[2026.06.05-07.33.56:875][277]LogBlueprintUserMessages: [ALS_Base_CharacterBP_C_0] Floor
[2026.06.05-07.33.56:884][278]LogBlueprintUserMessages: [ALS_Base_CharacterBP_C_0] Floor
[2026.06.05-07.33.56:892][279]LogBlueprintUserMessages: [ALS_Base_CharacterBP_C_0] Floor
[2026.06.05-07.33.56:900][280]LogBlueprintUserMessages: [ALS_Base_CharacterBP_C_0] Floor
[2026.06.05-07.33.56:908][281]LogBlueprintUserMessages: [ALS_Base_CharacterBP_C_0] Floor
[2026.06.05-07.33.57:499][352]LogBlueprintUserMessages: [ALS_Base_CharacterBP_C_0] Floor
[2026.06.05-07.33.57:508][353]LogBlueprintUserMessages: [ALS_Base_CharacterBP_C_0] Floor
[2026.06.05-07.33.57:517][354]LogBlueprintUserMessages: [ALS_Base_CharacterBP_C_0] Floor
[2026.06.05-07.33.57:525][355]LogBlueprintUserMessages: [ALS_Base_CharacterBP_C_0] Floor
[2026.06.05-07.33.57:534][356]LogBlueprintUserMessages: [ALS_Base_CharacterBP_C_0] Floor
[2026.06.05-07.33.57:542][357]LogBlueprintUserMessages: [ALS_Base_CharacterBP_C_0] Floor
[2026.06.05-07.33.57:549][358]LogBlueprintUserMessages: [ALS_Base_CharacterBP_C_0] Floor
[2026.06.05-07.33.57:559][359]LogBlueprintUserMessages: [ALS_Base_CharacterBP_C_0] Floor
[2026.06.05-07.33.57:567][360]LogBlueprintUserMessages: [ALS_Base_CharacterBP_C_0] Floor
[2026.06.05-07.33.57:575][361]LogBlueprintUserMessages: [ALS_Base_CharacterBP_C_0] Floor
[2026.06.05-07.33.57:583][362]LogBlueprintUserMessages: [ALS_Base_CharacterBP_C_0] Floor
[2026.06.05-07.33.57:591][363]LogBlueprintUserMessages: [ALS_Base_CharacterBP_C_0] Floor
[2026.06.05-07.33.57:599][364]LogBlueprintUserMessages: [ALS_Base_CharacterBP_C_0] Floor
[2026.06.05-07.33.57:609][365]LogBlueprintUserMessages: [ALS_Base_CharacterBP_C_0] Floor
[2026.06.05-07.33.57:616][366]LogBlueprintUserMessages: [ALS_Base_CharacterBP_C_0] Floor
[2026.06.05-07.33.57:625][367]LogBlueprintUserMessages: [ALS_Base_CharacterBP_C_0] Floor
[2026.06.05-07.33.57:633][368]LogBlueprintUserMessages: [ALS_Base_CharacterBP_C_0] Floor
[2026.06.05-07.33.57:642][369]LogBlueprintUserMessages: [ALS_Base_CharacterBP_C_0] Floor
[2026.06.05-07.33.57:650][370]LogBlueprintUserMessages: [ALS_Base_CharacterBP_C_0] Floor
[2026.06.05-07.33.57:658][371]LogBlueprintUserMessages: [ALS_Base_CharacterBP_C_0] Floor
[2026.06.05-07.33.57:667][372]LogBlueprintUserMessages: [ALS_Base_CharacterBP_C_0] Floor
[2026.06.05-07.33.57:675][373]LogBlueprintUserMessages: [ALS_Base_CharacterBP_C_0] Floor
[2026.06.05-07.33.57:684][374]LogBlueprintUserMessages: [ALS_Base_CharacterBP_C_0] Floor
[2026.06.05-07.33.57:692][375]LogBlueprintUserMessages: [ALS_Base_CharacterBP_C_0] Floor
[2026.06.05-07.33.57:700][376]LogBlueprintUserMessages: [ALS_Base_CharacterBP_C_0] Floor
[2026.06.05-07.33.57:709][377]LogBlueprintUserMessages: [ALS_Base_CharacterBP_C_0] Floor
[2026.06.05-07.33.57:717][378]LogBlueprintUserMessages: [ALS_Base_CharacterBP_C_0] Floor
[2026.06.05-07.33.57:726][379]LogBlueprintUserMessages: [ALS_Base_CharacterBP_C_0] Floor
[2026.06.05-07.33.57:734][380]LogBlueprintUserMessages: [ALS_Base_CharacterBP_C_0] Floor
[2026.06.05-07.33.57:742][381]LogBlueprintUserMessages: [ALS_Base_CharacterBP_C_0] Floor
[2026.06.05-07.33.57:750][382]LogBlueprintUserMessages: [ALS_Base_CharacterBP_C_0] Floor
[2026.06.05-07.33.57:759][383]LogBlueprintUserMessages: [ALS_Base_CharacterBP_C_0] Floor
[2026.06.05-07.33.57:767][384]LogBlueprintUserMessages: [ALS_Base_CharacterBP_C_0] Floor
[2026.06.05-07.33.57:775][385]LogBlueprintUserMessages: [ALS_Base_CharacterBP_C_0] Floor
[2026.06.05-07.33.57:783][386]LogBlueprintUserMessages: [ALS_Base_CharacterBP_C_0] Floor
[2026.06.05-07.33.57:792][387]LogBlueprintUserMessages: [ALS_Base_CharacterBP_C_0] Floor
[2026.06.05-07.33.57:801][388]LogBlueprintUserMessages: [ALS_Base_CharacterBP_C_0] Floor
[2026.06.05-07.33.57:809][389]LogBlueprintUserMessages: [ALS_Base_CharacterBP_C_0] Floor
[2026.06.05-07.33.57:816][390]LogBlueprintUserMessages: [ALS_Base_CharacterBP_C_0] Floor
[2026.06.05-07.33.57:825][391]LogBlueprintUserMessages: [ALS_Base_CharacterBP_C_0] Floor
[2026.06.05-07.33.57:833][392]LogBlueprintUserMessages: [ALS_Base_CharacterBP_C_0] Floor
[2026.06.05-07.33.57:842][393]LogBlueprintUserMessages: [ALS_Base_CharacterBP_C_0] Floor
[2026.06.05-07.33.57:850][394]LogBlueprintUserMessages: [ALS_Base_CharacterBP_C_0] Floor
[2026.06.05-07.33.57:858][395]LogBlueprintUserMessages: [ALS_Base_CharacterBP_C_0] Floor
[2026.06.05-07.33.57:867][396]LogBlueprintUserMessages: [ALS_Base_CharacterBP_C_0] Floor
[2026.06.05-07.33.57:875][397]LogBlueprintUserMessages: [ALS_Base_CharacterBP_C_0] Floor
[2026.06.05-07.33.57:884][398]LogBlueprintUserMessages: [ALS_Base_CharacterBP_C_0] Floor
[2026.06.05-07.33.57:892][399]LogBlueprintUserMessages: [ALS_Base_CharacterBP_C_0] Floor
[2026.06.05-07.33.57:900][400]LogBlueprintUserMessages: [ALS_Base_CharacterBP_C_0] Floor
[2026.06.05-07.33.57:908][401]LogBlueprintUserMessages: [ALS_Base_CharacterBP_C_0] Floor
[2026.06.05-07.33.57:916][402]LogBlueprintUserMessages: [ALS_Base_CharacterBP_C_0] Floor
[2026.06.05-07.33.57:925][403]LogBlueprintUserMessages: [ALS_Base_CharacterBP_C_0] Floor
[2026.06.05-07.33.57:933][404]LogBlueprintUserMessages: [ALS_Base_CharacterBP_C_0] Floor
[2026.06.05-07.33.57:941][405]LogBlueprintUserMessages: [ALS_Base_CharacterBP_C_0] Floor
[2026.06.05-07.33.57:950][406]LogBlueprintUserMessages: [ALS_Base_CharacterBP_C_0] Floor
[2026.06.05-07.33.57:958][407]LogBlueprintUserMessages: [ALS_Base_CharacterBP_C_0] Floor
[2026.06.05-07.33.57:966][408]LogBlueprintUserMessages: [ALS_Base_CharacterBP_C_0] Floor
[2026.06.05-07.33.57:975][409]LogBlueprintUserMessages: [ALS_Base_CharacterBP_C_0] Floor
[2026.06.05-07.33.57:983][410]LogBlueprintUserMessages: [ALS_Base_CharacterBP_C_0] Floor
[2026.06.05-07.33.57:991][411]LogBlueprintUserMessages: [ALS_Base_CharacterBP_C_0] Floor
[2026.06.05-07.33.57:999][412]LogBlueprintUserMessages: [ALS_Base_CharacterBP_C_0] Floor
[2026.06.05-07.33.58:008][413]LogBlueprintUserMessages: [ALS_Base_CharacterBP_C_0] Floor
[2026.06.05-07.33.58:016][414]LogBlueprintUserMessages: [ALS_Base_CharacterBP_C_0] Floor
[2026.06.05-07.33.58:025][415]LogBlueprintUserMessages: [ALS_Base_CharacterBP_C_0] Floor
[2026.06.05-07.33.58:033][416]LogBlueprintUserMessages: [ALS_Base_CharacterBP_C_0] Floor
[2026.06.05-07.33.58:042][417]LogBlueprintUserMessages: [ALS_Base_CharacterBP_C_0] Floor
[2026.06.05-07.33.58:050][418]LogBlueprintUserMessages: [ALS_Base_CharacterBP_C_0] Floor
[2026.06.05-07.33.58:058][419]LogBlueprintUserMessages: [ALS_Base_CharacterBP_C_0] Floor
[2026.06.05-07.33.58:066][420]LogBlueprintUserMessages: [ALS_Base_CharacterBP_C_0] Floor
[2026.06.05-07.33.58:075][421]LogBlueprintUserMessages: [ALS_Base_CharacterBP_C_0] Floor
[2026.06.05-07.33.58:083][422]LogBlueprintUserMessages: [ALS_Base_CharacterBP_C_0] Floor
[2026.06.05-07.33.58:092][423]LogBlueprintUserMessages: [ALS_Base_CharacterBP_C_0] Floor
[2026.06.05-07.33.58:100][424]LogBlueprintUserMessages: [ALS_Base_CharacterBP_C_0] Floor
[2026.06.05-07.33.58:109][425]LogBlueprintUserMessages: [ALS_Base_CharacterBP_C_0] Floor
[2026.06.05-07.33.58:117][426]LogBlueprintUserMessages: [ALS_Base_CharacterBP_C_0] Floor
[2026.06.05-07.33.58:125][427]LogBlueprintUserMessages: [ALS_Base_CharacterBP_C_0] Floor
[2026.06.05-07.33.58:134][428]LogBlueprintUserMessages: [ALS_Base_CharacterBP_C_0] Floor
[2026.06.05-07.33.58:142][429]LogBlueprintUserMessages: [ALS_Base_CharacterBP_C_0] Floor
[2026.06.05-07.33.58:150][430]LogBlueprintUserMessages: [ALS_Base_CharacterBP_C_0] Floor
[2026.06.05-07.33.58:159][431]LogBlueprintUserMessages: [ALS_Base_CharacterBP_C_0] Floor
[2026.06.05-07.33.58:167][432]LogBlueprintUserMessages: [ALS_Base_CharacterBP_C_0] Floor
[2026.06.05-07.33.58:175][433]LogBlueprintUserMessages: [ALS_Base_CharacterBP_C_0] Floor
[2026.06.05-07.33.58:184][434]LogBlueprintUserMessages: [ALS_Base_CharacterBP_C_0] Floor
[2026.06.05-07.33.58:192][435]LogBlueprintUserMessages: [ALS_Base_CharacterBP_C_0] Floor
[2026.06.05-07.33.58:200][436]LogBlueprintUserMessages: [ALS_Base_CharacterBP_C_0] Floor
[2026.06.05-07.33.58:209][437]LogBlueprintUserMessages: [ALS_Base_CharacterBP_C_0] Floor
[2026.06.05-07.33.58:217][438]LogBlueprintUserMessages: [ALS_Base_CharacterBP_C_0] Floor
[2026.06.05-07.33.58:226][439]LogBlueprintUserMessages: [ALS_Base_CharacterBP_C_0] Floor
[2026.06.05-07.33.58:233][440]LogBlueprintUserMessages: [ALS_Base_CharacterBP_C_0] Floor
[2026.06.05-07.33.58:243][441]LogBlueprintUserMessages: [ALS_Base_CharacterBP_C_0] Floor
[2026.06.05-07.33.58:251][442]LogBlueprintUserMessages: [ALS_Base_CharacterBP_C_0] Floor
[2026.06.05-07.33.58:258][443]LogBlueprintUserMessages: [ALS_Base_CharacterBP_C_0] Floor
[2026.06.05-07.33.58:267][444]LogBlueprintUserMessages: [ALS_Base_CharacterBP_C_0] Floor
[2026.06.05-07.33.58:275][445]LogBlueprintUserMessages: [ALS_Base_CharacterBP_C_0] Floor
[2026.06.05-07.33.58:284][446]LogBlueprintUserMessages: [ALS_Base_CharacterBP_C_0] Floor
[2026.06.05-07.33.58:292][447]LogBlueprintUserMessages: [ALS_Base_CharacterBP_C_0] Floor
[2026.06.05-07.33.58:300][448]LogBlueprintUserMessages: [ALS_Base_CharacterBP_C_0] Floor
[2026.06.05-07.33.58:892][519]LogBlueprintUserMessages: [ALS_Base_CharacterBP_C_0] Floor
[2026.06.05-07.33.58:900][520]LogBlueprintUserMessages: [ALS_Base_CharacterBP_C_0] Floor
[2026.06.05-07.33.58:909][521]LogBlueprintUserMessages: [ALS_Base_CharacterBP_C_0] Floor
[2026.06.05-07.33.58:917][522]LogBlueprintUserMessages: [ALS_Base_CharacterBP_C_0] Floor
[2026.06.05-07.33.58:926][523]LogBlueprintUserMessages: [ALS_Base_CharacterBP_C_0] Floor
[2026.06.05-07.33.58:933][524]LogBlueprintUserMessages: [ALS_Base_CharacterBP_C_0] Floor
[2026.06.05-07.33.58:942][525]LogBlueprintUserMessages: [ALS_Base_CharacterBP_C_0] Floor
[2026.06.05-07.33.58:951][526]LogBlueprintUserMessages: [ALS_Base_CharacterBP_C_0] Floor
[2026.06.05-07.33.58:959][527]LogBlueprintUserMessages: [ALS_Base_CharacterBP_C_0] Floor
[2026.06.05-07.33.58:967][528]LogBlueprintUserMessages: [ALS_Base_CharacterBP_C_0] Floor
[2026.06.05-07.33.58:975][529]LogBlueprintUserMessages: [ALS_Base_CharacterBP_C_0] Floor
[2026.06.05-07.33.58:984][530]LogBlueprintUserMessages: [ALS_Base_CharacterBP_C_0] Floor
[2026.06.05-07.33.58:992][531]LogBlueprintUserMessages: [ALS_Base_CharacterBP_C_0] Floor
[2026.06.05-07.33.59:001][532]LogBlueprintUserMessages: [ALS_Base_CharacterBP_C_0] Floor
[2026.06.05-07.33.59:009][533]LogBlueprintUserMessages: [ALS_Base_CharacterBP_C_0] Floor
[2026.06.05-07.33.59:017][534]LogBlueprintUserMessages: [ALS_Base_CharacterBP_C_0] Floor
[2026.06.05-07.33.59:025][535]LogBlueprintUserMessages: [ALS_Base_CharacterBP_C_0] Floor
[2026.06.05-07.33.59:034][536]LogBlueprintUserMessages: [ALS_Base_CharacterBP_C_0] Floor
[2026.06.05-07.33.59:042][537]LogBlueprintUserMessages: [ALS_Base_CharacterBP_C_0] Floor
[2026.06.05-07.33.59:051][538]LogBlueprintUserMessages: [ALS_Base_CharacterBP_C_0] Floor
[2026.06.05-07.33.59:059][539]LogBlueprintUserMessages: [ALS_Base_CharacterBP_C_0] Floor
[2026.06.05-07.33.59:067][540]LogBlueprintUserMessages: [ALS_Base_CharacterBP_C_0] Floor
[2026.06.05-07.33.59:076][541]LogBlueprintUserMessages: [ALS_Base_CharacterBP_C_0] Floor
[2026.06.05-07.33.59:084][542]LogBlueprintUserMessages: [ALS_Base_CharacterBP_C_0] Floor
[2026.06.05-07.33.59:092][543]LogBlueprintUserMessages: [ALS_Base_CharacterBP_C_0] Floor
[2026.06.05-07.33.59:099][544]LogBlueprintUserMessages: [ALS_Base_CharacterBP_C_0] Floor
[2026.06.05-07.33.59:109][545]LogBlueprintUserMessages: [ALS_Base_CharacterBP_C_0] Floor
[2026.06.05-07.33.59:116][546]LogBlueprintUserMessages: [ALS_Base_CharacterBP_C_0] Floor
[2026.06.05-07.33.59:125][547]LogBlueprintUserMessages: [ALS_Base_CharacterBP_C_0] Floor
[2026.06.05-07.33.59:133][548]LogBlueprintUserMessages: [ALS_Base_CharacterBP_C_0] Floor
[2026.06.05-07.33.59:142][549]LogBlueprintUserMessages: [ALS_Base_CharacterBP_C_0] Floor
[2026.06.05-07.33.59:150][550]LogBlueprintUserMessages: [ALS_Base_CharacterBP_C_0] Floor
[2026.06.05-07.33.59:158][551]LogBlueprintUserMessages: [ALS_Base_CharacterBP_C_0] Floor
[2026.06.05-07.33.59:167][552]LogBlueprintUserMessages: [ALS_Base_CharacterBP_C_0] Floor
[2026.06.05-07.33.59:175][553]LogBlueprintUserMessages: [ALS_Base_CharacterBP_C_0] Floor
[2026.06.05-07.33.59:184][554]LogBlueprintUserMessages: [ALS_Base_CharacterBP_C_0] Floor
[2026.06.05-07.33.59:191][555]LogBlueprintUserMessages: [ALS_Base_CharacterBP_C_0] Floor
[2026.06.05-07.33.59:199][556]LogBlueprintUserMessages: [ALS_Base_CharacterBP_C_0] Floor
[2026.06.05-07.33.59:209][557]LogBlueprintUserMessages: [ALS_Base_CharacterBP_C_0] Floor
[2026.06.05-07.33.59:216][558]LogBlueprintUserMessages: [ALS_Base_CharacterBP_C_0] Floor
[2026.06.05-07.33.59:225][559]LogBlueprintUserMessages: [ALS_Base_CharacterBP_C_0] Floor
[2026.06.05-07.33.59:234][560]LogBlueprintUserMessages: [ALS_Base_CharacterBP_C_0] Floor
[2026.06.05-07.33.59:242][561]LogBlueprintUserMessages: [ALS_Base_CharacterBP_C_0] Floor
[2026.06.05-07.33.59:250][562]LogBlueprintUserMessages: [ALS_Base_CharacterBP_C_0] Floor
[2026.06.05-07.33.59:259][563]LogBlueprintUserMessages: [ALS_Base_CharacterBP_C_0] Floor
[2026.06.05-07.33.59:266][564]LogBlueprintUserMessages: [ALS_Base_CharacterBP_C_0] Floor
[2026.06.05-07.33.59:275][565]LogBlueprintUserMessages: [ALS_Base_CharacterBP_C_0] Floor
[2026.06.05-07.33.59:283][566]LogBlueprintUserMessages: [ALS_Base_CharacterBP_C_0] Floor
[2026.06.05-07.33.59:292][567]LogBlueprintUserMessages: [ALS_Base_CharacterBP_C_0] Floor
[2026.06.05-07.33.59:299][568]LogBlueprintUserMessages: [ALS_Base_CharacterBP_C_0] Floor
[2026.06.05-07.33.59:309][569]LogBlueprintUserMessages: [ALS_Base_CharacterBP_C_0] Floor
[2026.06.05-07.33.59:317][570]LogBlueprintUserMessages: [ALS_Base_CharacterBP_C_0] Floor
[2026.06.05-07.33.59:326][571]LogBlueprintUserMessages: [ALS_Base_CharacterBP_C_0] Floor
[2026.06.05-07.33.59:334][572]LogBlueprintUserMessages: [ALS_Base_CharacterBP_C_0] Floor
[2026.06.05-07.33.59:342][573]LogBlueprintUserMessages: [ALS_Base_CharacterBP_C_0] Floor
[2026.06.05-07.33.59:351][574]LogBlueprintUserMessages: [ALS_Base_CharacterBP_C_0] Floor
[2026.06.05-07.33.59:359][575]LogBlueprintUserMessages: [ALS_Base_CharacterBP_C_0] Floor
[2026.06.05-07.33.59:367][576]LogBlueprintUserMessages: [ALS_Base_CharacterBP_C_0] Floor
[2026.06.05-07.33.59:376][577]LogBlueprintUserMessages: [ALS_Base_CharacterBP_C_0] Floor
[2026.06.05-07.33.59:384][578]LogBlueprintUserMessages: [ALS_Base_CharacterBP_C_0] Floor
[2026.06.05-07.33.59:392][579]LogBlueprintUserMessages: [ALS_Base_CharacterBP_C_0] Floor
[2026.06.05-07.33.59:400][580]LogBlueprintUserMessages: [ALS_Base_CharacterBP_C_0] Floor
[2026.06.05-07.33.59:408][581]LogBlueprintUserMessages: [ALS_Base_CharacterBP_C_0] Floor
[2026.06.05-07.33.59:416][582]LogBlueprintUserMessages: [ALS_Base_CharacterBP_C_0] Floor
[2026.06.05-07.33.59:425][583]LogBlueprintUserMessages: [ALS_Base_CharacterBP_C_0] Floor
[2026.06.05-07.33.59:433][584]LogBlueprintUserMessages: [ALS_Base_CharacterBP_C_0] Floor
[2026.06.05-07.33.59:442][585]LogBlueprintUserMessages: [ALS_Base_CharacterBP_C_0] Floor
[2026.06.05-07.33.59:450][586]LogBlueprintUserMessages: [ALS_Base_CharacterBP_C_0] Floor
[2026.06.05-07.33.59:459][587]LogBlueprintUserMessages: [ALS_Base_CharacterBP_C_0] Floor
[2026.06.05-07.33.59:466][588]LogBlueprintUserMessages: [ALS_Base_CharacterBP_C_0] Floor
[2026.06.05-07.33.59:475][589]LogBlueprintUserMessages: [ALS_Base_CharacterBP_C_0] Linear_Stair_StaticMesh
[2026.06.05-07.33.59:483][590]LogBlueprintUserMessages: [ALS_Base_CharacterBP_C_0] Linear_Stair_StaticMesh
[2026.06.05-07.33.59:492][591]LogBlueprintUserMessages: [ALS_Base_CharacterBP_C_0] Linear_Stair_StaticMesh
[2026.06.05-07.33.59:499][592]LogBlueprintUserMessages: [ALS_Base_CharacterBP_C_0] Linear_Stair_StaticMesh
[2026.06.05-07.33.59:509][593]LogBlueprintUserMessages: [ALS_Base_CharacterBP_C_0] Linear_Stair_StaticMesh
[2026.06.05-07.33.59:517][594]LogBlueprintUserMessages: [ALS_Base_CharacterBP_C_0] Linear_Stair_StaticMesh
[2026.06.05-07.33.59:525][595]LogBlueprintUserMessages: [ALS_Base_CharacterBP_C_0] Linear_Stair_StaticMesh
[2026.06.05-07.33.59:534][596]LogBlueprintUserMessages: [ALS_Base_CharacterBP_C_0] Linear_Stair_StaticMesh
[2026.06.05-07.33.59:542][597]LogBlueprintUserMessages: [ALS_Base_CharacterBP_C_0] Linear_Stair_StaticMesh
[2026.06.05-07.33.59:551][598]LogBlueprintUserMessages: [ALS_Base_CharacterBP_C_0] Linear_Stair_StaticMesh
[2026.06.05-07.33.59:559][599]LogBlueprintUserMessages: [ALS_Base_CharacterBP_C_0] Linear_Stair_StaticMesh
[2026.06.05-07.33.59:567][600]LogBlueprintUserMessages: [ALS_Base_CharacterBP_C_0] Linear_Stair_StaticMesh
[2026.06.05-07.33.59:575][601]LogBlueprintUserMessages: [ALS_Base_CharacterBP_C_0] Linear_Stair_StaticMesh
[2026.06.05-07.33.59:583][602]LogBlueprintUserMessages: [ALS_Base_CharacterBP_C_0] Linear_Stair_StaticMesh
[2026.06.05-07.33.59:592][603]LogBlueprintUserMessages: [ALS_Base_CharacterBP_C_0] Linear_Stair_StaticMesh
[2026.06.05-07.33.59:600][604]LogBlueprintUserMessages: [ALS_Base_CharacterBP_C_0] Linear_Stair_StaticMesh
[2026.06.05-07.33.59:608][605]LogBlueprintUserMessages: [ALS_Base_CharacterBP_C_0] Linear_Stair_StaticMesh
[2026.06.05-07.33.59:617][606]LogBlueprintUserMessages: [ALS_Base_CharacterBP_C_0] Linear_Stair_StaticMesh
[2026.06.05-07.33.59:625][607]LogBlueprintUserMessages: [ALS_Base_CharacterBP_C_0] Linear_Stair_StaticMesh
[2026.06.05-07.33.59:634][608]LogBlueprintUserMessages: [ALS_Base_CharacterBP_C_0] Linear_Stair_StaticMesh
[2026.06.05-07.33.59:641][609]LogBlueprintUserMessages: [ALS_Base_CharacterBP_C_0] Linear_Stair_StaticMesh
[2026.06.05-07.33.59:650][610]LogBlueprintUserMessages: [ALS_Base_CharacterBP_C_0] Linear_Stair_StaticMesh
[2026.06.05-07.33.59:659][611]LogBlueprintUserMessages: [ALS_Base_CharacterBP_C_0] Linear_Stair_StaticMesh
[2026.06.05-07.33.59:666][612]LogBlueprintUserMessages: [ALS_Base_CharacterBP_C_0] Linear_Stair_StaticMesh
[2026.06.05-07.33.59:675][613]LogBlueprintUserMessages: [ALS_Base_CharacterBP_C_0] Linear_Stair_StaticMesh
[2026.06.05-07.34.00:075][661]LogBlueprintUserMessages: [ALS_Base_CharacterBP_C_0] Floor
[2026.06.05-07.34.00:083][662]LogBlueprintUserMessages: [ALS_Base_CharacterBP_C_0] Floor
[2026.06.05-07.34.00:092][663]LogBlueprintUserMessages: [ALS_Base_CharacterBP_C_0] Floor
[2026.06.05-07.34.00:100][664]LogBlueprintUserMessages: [ALS_Base_CharacterBP_C_0] Floor
[2026.06.05-07.34.00:109][665]LogBlueprintUserMessages: [ALS_Base_CharacterBP_C_0] Floor
[2026.06.05-07.34.00:117][666]LogBlueprintUserMessages: [ALS_Base_CharacterBP_C_0] Floor
[2026.06.05-07.34.00:126][667]LogBlueprintUserMessages: [ALS_Base_CharacterBP_C_0] Floor
[2026.06.05-07.34.00:134][668]LogBlueprintUserMessages: [ALS_Base_CharacterBP_C_0] Floor
[2026.06.05-07.34.00:142][669]LogBlueprintUserMessages: [ALS_Base_CharacterBP_C_0] Floor
[2026.06.05-07.34.00:149][670]LogBlueprintUserMessages: [ALS_Base_CharacterBP_C_0] Floor
[2026.06.05-07.34.00:159][671]LogBlueprintUserMessages: [ALS_Base_CharacterBP_C_0] Floor
[2026.06.05-07.34.00:167][672]LogBlueprintUserMessages: [ALS_Base_CharacterBP_C_0] Floor
[2026.06.05-07.34.00:176][673]LogBlueprintUserMessages: [ALS_Base_CharacterBP_C_0] Floor
[2026.06.05-07.34.00:184][674]LogBlueprintUserMessages: [ALS_Base_CharacterBP_C_0] Floor
[2026.06.05-07.34.00:192][675]LogBlueprintUserMessages: [ALS_Base_CharacterBP_C_0] Floor
[2026.06.05-07.34.00:199][676]LogBlueprintUserMessages: [ALS_Base_CharacterBP_C_0] Floor
[2026.06.05-07.34.00:209][677]LogBlueprintUserMessages: [ALS_Base_CharacterBP_C_0] Floor
[2026.06.05-07.34.00:217][678]LogBlueprintUserMessages: [ALS_Base_CharacterBP_C_0] Floor
[2026.06.05-07.34.00:225][679]LogBlueprintUserMessages: [ALS_Base_CharacterBP_C_0] Floor
[2026.06.05-07.34.00:234][680]LogBlueprintUserMessages: [ALS_Base_CharacterBP_C_0] Floor
[2026.06.05-07.34.00:242][681]LogBlueprintUserMessages: [ALS_Base_CharacterBP_C_0] Floor
[2026.06.05-07.34.00:251][682]LogBlueprintUserMessages: [ALS_Base_CharacterBP_C_0] Floor
[2026.06.05-07.34.00:259][683]LogBlueprintUserMessages: [ALS_Base_CharacterBP_C_0] Floor
[2026.06.05-07.34.00:267][684]LogBlueprintUserMessages: [ALS_Base_CharacterBP_C_0] Floor
[2026.06.05-07.34.00:275][685]LogBlueprintUserMessages: [ALS_Base_CharacterBP_C_0] Floor
[2026.06.05-07.34.00:283][686]LogBlueprintUserMessages: [ALS_Base_CharacterBP_C_0] Floor
[2026.06.05-07.34.00:292][687]LogBlueprintUserMessages: [ALS_Base_CharacterBP_C_0] Floor
[2026.06.05-07.34.00:300][688]LogBlueprintUserMessages: [ALS_Base_CharacterBP_C_0] Floor
[2026.06.05-07.34.00:308][689]LogBlueprintUserMessages: [ALS_Base_CharacterBP_C_0] Floor
[2026.06.05-07.34.00:317][690]LogBlueprintUserMessages: [ALS_Base_CharacterBP_C_0] Floor
[2026.06.05-07.34.00:325][691]LogBlueprintUserMessages: [ALS_Base_CharacterBP_C_0] Floor
[2026.06.05-07.34.00:334][692]LogBlueprintUserMessages: [ALS_Base_CharacterBP_C_0] Floor
[2026.06.05-07.34.00:342][693]LogBlueprintUserMessages: [ALS_Base_CharacterBP_C_0] Floor
[2026.06.05-07.34.00:349][694]LogBlueprintUserMessages: [ALS_Base_CharacterBP_C_0] Floor
[2026.06.05-07.34.00:358][695]LogBlueprintUserMessages: [ALS_Base_CharacterBP_C_0] Floor
[2026.06.05-07.34.00:367][696]LogBlueprintUserMessages: [ALS_Base_CharacterBP_C_0] Floor
[2026.06.05-07.34.00:375][697]LogBlueprintUserMessages: [ALS_Base_CharacterBP_C_0] Floor
[2026.06.05-07.34.00:384][698]LogBlueprintUserMessages: [ALS_Base_CharacterBP_C_0] Floor
[2026.06.05-07.34.00:392][699]LogBlueprintUserMessages: [ALS_Base_CharacterBP_C_0] Floor
[2026.06.05-07.34.00:400][700]LogBlueprintUserMessages: [ALS_Base_CharacterBP_C_0] Floor
[2026.06.05-07.34.00:408][701]LogBlueprintUserMessages: [ALS_Base_CharacterBP_C_0] Floor
[2026.06.05-07.34.00:417][702]LogBlueprintUserMessages: [ALS_Base_CharacterBP_C_0] Floor
[2026.06.05-07.34.00:426][703]LogBlueprintUserMessages: [ALS_Base_CharacterBP_C_0] Floor
[2026.06.05-07.34.00:433][704]LogBlueprintUserMessages: [ALS_Base_CharacterBP_C_0] Floor
[2026.06.05-07.34.00:442][705]LogBlueprintUserMessages: [ALS_Base_CharacterBP_C_0] Floor
[2026.06.05-07.34.00:450][706]LogBlueprintUserMessages: [ALS_Base_CharacterBP_C_0] Floor
[2026.06.05-07.34.00:459][707]LogBlueprintUserMessages: [ALS_Base_CharacterBP_C_0] Floor
[2026.06.05-07.34.00:467][708]LogBlueprintUserMessages: [ALS_Base_CharacterBP_C_0] Floor
[2026.06.05-07.34.00:475][709]LogBlueprintUserMessages: [ALS_Base_CharacterBP_C_0] Floor
[2026.06.05-07.34.00:483][710]LogBlueprintUserMessages: [ALS_Base_CharacterBP_C_0] Floor
[2026.06.05-07.34.00:491][711]LogBlueprintUserMessages: [ALS_Base_CharacterBP_C_0] Floor
[2026.06.05-07.34.00:499][712]LogBlueprintUserMessages: [ALS_Base_CharacterBP_C_0] Floor
[2026.06.05-07.34.00:509][713]LogBlueprintUserMessages: [ALS_Base_CharacterBP_C_0] Floor
[2026.06.05-07.34.00:516][714]LogBlueprintUserMessages: [ALS_Base_CharacterBP_C_0] Floor
[2026.06.05-07.34.00:525][715]LogBlueprintUserMessages: [ALS_Base_CharacterBP_C_0] Floor
[2026.06.05-07.34.00:533][716]LogBlueprintUserMessages: [ALS_Base_CharacterBP_C_0] Floor
[2026.06.05-07.34.00:542][717]LogBlueprintUserMessages: [ALS_Base_CharacterBP_C_0] Floor
[2026.06.05-07.34.00:550][718]LogBlueprintUserMessages: [ALS_Base_CharacterBP_C_0] Floor
[2026.06.05-07.34.00:559][719]LogBlueprintUserMessages: [ALS_Base_CharacterBP_C_0] Floor
[2026.06.05-07.34.00:566][720]LogBlueprintUserMessages: [ALS_Base_CharacterBP_C_0] Floor
[2026.06.05-07.34.00:575][721]LogBlueprintUserMessages: [ALS_Base_CharacterBP_C_0] Floor
[2026.06.05-07.34.00:583][722]LogBlueprintUserMessages: [ALS_Base_CharacterBP_C_0] Floor
[2026.06.05-07.34.00:592][723]LogBlueprintUserMessages: [ALS_Base_CharacterBP_C_0] Floor
[2026.06.05-07.34.01:151][790]LogBlueprintUserMessages: [ALS_Base_CharacterBP_C_0] Linear_Stair_StaticMesh
[2026.06.05-07.34.01:158][791]LogBlueprintUserMessages: [ALS_Base_CharacterBP_C_0] Linear_Stair_StaticMesh
[2026.06.05-07.34.01:167][792]LogBlueprintUserMessages: [ALS_Base_CharacterBP_C_0] Linear_Stair_StaticMesh
[2026.06.05-07.34.01:175][793]LogBlueprintUserMessages: [ALS_Base_CharacterBP_C_0] Linear_Stair_StaticMesh
[2026.06.05-07.34.01:184][794]LogBlueprintUserMessages: [ALS_Base_CharacterBP_C_0] Floor
[2026.06.05-07.34.01:192][795]LogBlueprintUserMessages: [ALS_Base_CharacterBP_C_0] Floor
[2026.06.05-07.34.01:199][796]LogBlueprintUserMessages: [ALS_Base_CharacterBP_C_0] Floor
[2026.06.05-07.34.01:209][797]LogBlueprintUserMessages: [ALS_Base_CharacterBP_C_0] Floor
[2026.06.05-07.34.01:217][798]LogBlueprintUserMessages: [ALS_Base_CharacterBP_C_0] Floor
[2026.06.05-07.34.01:225][799]LogBlueprintUserMessages: [ALS_Base_CharacterBP_C_0] Floor
[2026.06.05-07.34.01:233][800]LogBlueprintUserMessages: [ALS_Base_CharacterBP_C_0] Floor
[2026.06.05-07.34.01:242][801]LogBlueprintUserMessages: [ALS_Base_CharacterBP_C_0] Floor
[2026.06.05-07.34.01:250][802]LogBlueprintUserMessages: [ALS_Base_CharacterBP_C_0] Floor
[2026.06.05-07.34.01:259][803]LogBlueprintUserMessages: [ALS_Base_CharacterBP_C_0] Floor
[2026.06.05-07.34.01:267][804]LogBlueprintUserMessages: [ALS_Base_CharacterBP_C_0] Floor
[2026.06.05-07.34.01:275][805]LogBlueprintUserMessages: [ALS_Base_CharacterBP_C_0] Floor
[2026.06.05-07.34.01:283][806]LogBlueprintUserMessages: [ALS_Base_CharacterBP_C_0] Floor
[2026.06.05-07.34.01:292][807]LogBlueprintUserMessages: [ALS_Base_CharacterBP_C_0] Floor
[2026.06.05-07.34.01:300][808]LogBlueprintUserMessages: [ALS_Base_CharacterBP_C_0] Floor
[2026.06.05-07.34.01:309][809]LogBlueprintUserMessages: [ALS_Base_CharacterBP_C_0] Floor
[2026.06.05-07.34.01:317][810]LogBlueprintUserMessages: [ALS_Base_CharacterBP_C_0] Floor
[2026.06.05-07.34.01:326][811]LogBlueprintUserMessages: [ALS_Base_CharacterBP_C_0] Floor
[2026.06.05-07.34.01:334][812]LogBlueprintUserMessages: [ALS_Base_CharacterBP_C_0] Floor
[2026.06.05-07.34.01:342][813]LogBlueprintUserMessages: [ALS_Base_CharacterBP_C_0] Floor
[2026.06.05-07.34.01:349][814]LogBlueprintUserMessages: [ALS_Base_CharacterBP_C_0] Floor
[2026.06.05-07.34.01:358][815]LogBlueprintUserMessages: [ALS_Base_CharacterBP_C_0] Floor
[2026.06.05-07.34.01:367][816]LogBlueprintUserMessages: [ALS_Base_CharacterBP_C_0] Floor
[2026.06.05-07.34.01:376][817]LogBlueprintUserMessages: [ALS_Base_CharacterBP_C_0] Floor
[2026.06.05-07.34.01:384][818]LogBlueprintUserMessages: [ALS_Base_CharacterBP_C_0] Floor
[2026.06.05-07.34.01:393][819]LogBlueprintUserMessages: [ALS_Base_CharacterBP_C_0] Floor
[2026.06.05-07.34.01:401][820]LogBlueprintUserMessages: [ALS_Base_CharacterBP_C_0] Floor
[2026.06.05-07.34.01:409][821]LogBlueprintUserMessages: [ALS_Base_CharacterBP_C_0] Floor
[2026.06.05-07.34.01:418][822]LogBlueprintUserMessages: [ALS_Base_CharacterBP_C_0] Floor
[2026.06.05-07.34.01:425][823]LogBlueprintUserMessages: [ALS_Base_CharacterBP_C_0] Floor
[2026.06.05-07.34.01:434][824]LogBlueprintUserMessages: [ALS_Base_CharacterBP_C_0] Floor
[2026.06.05-07.34.01:442][825]LogBlueprintUserMessages: [ALS_Base_CharacterBP_C_0] Floor
[2026.06.05-07.34.01:450][826]LogBlueprintUserMessages: [ALS_Base_CharacterBP_C_0] Floor
[2026.06.05-07.34.01:459][827]LogBlueprintUserMessages: [ALS_Base_CharacterBP_C_0] Floor
[2026.06.05-07.34.01:467][828]LogBlueprintUserMessages: [ALS_Base_CharacterBP_C_0] Floor
[2026.06.05-07.34.01:476][829]LogBlueprintUserMessages: [ALS_Base_CharacterBP_C_0] Floor
[2026.06.05-07.34.01:484][830]LogBlueprintUserMessages: [ALS_Base_CharacterBP_C_0] Floor
[2026.06.05-07.34.01:493][831]LogBlueprintUserMessages: [ALS_Base_CharacterBP_C_0] Floor
[2026.06.05-07.34.01:501][832]LogBlueprintUserMessages: [ALS_Base_CharacterBP_C_0] Floor
[2026.06.05-07.34.01:509][833]LogBlueprintUserMessages: [ALS_Base_CharacterBP_C_0] Floor
[2026.06.05-07.34.01:517][834]LogBlueprintUserMessages: [ALS_Base_CharacterBP_C_0] Floor
[2026.06.05-07.34.01:526][835]LogBlueprintUserMessages: [ALS_Base_CharacterBP_C_0] Floor
[2026.06.05-07.34.01:533][836]LogBlueprintUserMessages: [ALS_Base_CharacterBP_C_0] Floor
[2026.06.05-07.34.01:542][837]LogBlueprintUserMessages: [ALS_Base_CharacterBP_C_0] Floor
[2026.06.05-07.34.01:550][838]LogBlueprintUserMessages: [ALS_Base_CharacterBP_C_0] Floor
[2026.06.05-07.34.01:559][839]LogBlueprintUserMessages: [ALS_Base_CharacterBP_C_0] Linear_Stair_StaticMesh
[2026.06.05-07.34.01:567][840]LogBlueprintUserMessages: [ALS_Base_CharacterBP_C_0] Linear_Stair_StaticMesh
[2026.06.05-07.34.01:576][841]LogBlueprintUserMessages: [ALS_Base_CharacterBP_C_0] Linear_Stair_StaticMesh
[2026.06.05-07.34.01:584][842]LogBlueprintUserMessages: [ALS_Base_CharacterBP_C_0] Linear_Stair_StaticMesh
[2026.06.05-07.34.01:592][843]LogBlueprintUserMessages: [ALS_Base_CharacterBP_C_0] Linear_Stair_StaticMesh
[2026.06.05-07.34.01:600][844]LogBlueprintUserMessages: [ALS_Base_CharacterBP_C_0] Linear_Stair_StaticMesh
[2026.06.05-07.34.01:608][845]LogBlueprintUserMessages: [ALS_Base_CharacterBP_C_0] Linear_Stair_StaticMesh
[2026.06.05-07.34.01:617][846]LogBlueprintUserMessages: [ALS_Base_CharacterBP_C_0] Linear_Stair_StaticMesh
[2026.06.05-07.34.01:625][847]LogBlueprintUserMessages: [ALS_Base_CharacterBP_C_0] Linear_Stair_StaticMesh
[2026.06.05-07.34.01:634][848]LogBlueprintUserMessages: [ALS_Base_CharacterBP_C_0] Linear_Stair_StaticMesh
[2026.06.05-07.34.01:642][849]LogBlueprintUserMessages: [ALS_Base_CharacterBP_C_0] Linear_Stair_StaticMesh
[2026.06.05-07.34.01:651][850]LogBlueprintUserMessages: [ALS_Base_CharacterBP_C_0] Linear_Stair_StaticMesh
[2026.06.05-07.34.01:658][851]LogBlueprintUserMessages: [ALS_Base_CharacterBP_C_0] Linear_Stair_StaticMesh
[2026.06.05-07.34.01:667][852]LogBlueprintUserMessages: [ALS_Base_CharacterBP_C_0] Linear_Stair_StaticMesh
[2026.06.05-07.34.01:675][853]LogBlueprintUserMessages: [ALS_Base_CharacterBP_C_0] Linear_Stair_StaticMesh
[2026.06.05-07.34.01:684][854]LogBlueprintUserMessages: [ALS_Base_CharacterBP_C_0] Linear_Stair_StaticMesh
[2026.06.05-07.34.01:692][855]LogBlueprintUserMessages: [ALS_Base_CharacterBP_C_0] Linear_Stair_StaticMesh
[2026.06.05-07.34.01:699][856]LogBlueprintUserMessages: [ALS_Base_CharacterBP_C_0] Linear_Stair_StaticMesh
[2026.06.05-07.34.01:709][857]LogBlueprintUserMessages: [ALS_Base_CharacterBP_C_0] Linear_Stair_StaticMesh
[2026.06.05-07.34.01:717][858]LogBlueprintUserMessages: [ALS_Base_CharacterBP_C_0] Floor
[2026.06.05-07.34.01:725][859]LogBlueprintUserMessages: [ALS_Base_CharacterBP_C_0] Floor
[2026.06.05-07.34.01:733][860]LogBlueprintUserMessages: [ALS_Base_CharacterBP_C_0] Floor
[2026.06.05-07.34.01:742][861]LogBlueprintUserMessages: [ALS_Base_CharacterBP_C_0] Floor
[2026.06.05-07.34.01:750][862]LogBlueprintUserMessages: [ALS_Base_CharacterBP_C_0] Floor
[2026.06.05-07.34.01:758][863]LogBlueprintUserMessages: [ALS_Base_CharacterBP_C_0] Floor
[2026.06.05-07.34.01:767][864]LogBlueprintUserMessages: [ALS_Base_CharacterBP_C_0] Floor
[2026.06.05-07.34.01:775][865]LogBlueprintUserMessages: [ALS_Base_CharacterBP_C_0] Floor
[2026.06.05-07.34.01:784][866]LogBlueprintUserMessages: [ALS_Base_CharacterBP_C_0] Floor
[2026.06.05-07.34.01:792][867]LogBlueprintUserMessages: [ALS_Base_CharacterBP_C_0] Floor
[2026.06.05-07.34.01:800][868]LogBlueprintUserMessages: [ALS_Base_CharacterBP_C_0] Floor
[2026.06.05-07.34.01:808][869]LogBlueprintUserMessages: [ALS_Base_CharacterBP_C_0] Floor
[2026.06.05-07.34.01:817][870]LogBlueprintUserMessages: [ALS_Base_CharacterBP_C_0] Floor
[2026.06.05-07.34.01:825][871]LogBlueprintUserMessages: [ALS_Base_CharacterBP_C_0] Floor
[2026.06.05-07.34.01:834][872]LogBlueprintUserMessages: [ALS_Base_CharacterBP_C_0] Floor
[2026.06.05-07.34.01:842][873]LogBlueprintUserMessages: [ALS_Base_CharacterBP_C_0] Floor
[2026.06.05-07.34.01:849][874]LogBlueprintUserMessages: [ALS_Base_CharacterBP_C_0] Floor
[2026.06.05-07.34.01:858][875]LogBlueprintUserMessages: [ALS_Base_CharacterBP_C_0] Floor
[2026.06.05-07.34.01:867][876]LogBlueprintUserMessages: [ALS_Base_CharacterBP_C_0] Floor
[2026.06.05-07.34.01:875][877]LogBlueprintUserMessages: [ALS_Base_CharacterBP_C_0] Floor
[2026.06.05-07.34.01:884][878]LogBlueprintUserMessages: [ALS_Base_CharacterBP_C_0] Floor
[2026.06.05-07.34.01:893][879]LogBlueprintUserMessages: [ALS_Base_CharacterBP_C_0] Floor
[2026.06.05-07.34.01:900][880]LogBlueprintUserMessages: [ALS_Base_CharacterBP_C_0] Floor
[2026.06.05-07.34.01:909][881]LogBlueprintUserMessages: [ALS_Base_CharacterBP_C_0] Floor
[2026.06.05-07.34.01:917][882]LogBlueprintUserMessages: [ALS_Base_CharacterBP_C_0] Floor
[2026.06.05-07.34.01:926][883]LogBlueprintUserMessages: [ALS_Base_CharacterBP_C_0] Floor
[2026.06.05-07.34.01:934][884]LogBlueprintUserMessages: [ALS_Base_CharacterBP_C_0] Floor
[2026.06.05-07.34.01:942][885]LogBlueprintUserMessages: [ALS_Base_CharacterBP_C_0] Floor
[2026.06.05-07.34.01:951][886]LogBlueprintUserMessages: [ALS_Base_CharacterBP_C_0] Floor
[2026.06.05-07.34.01:958][887]LogBlueprintUserMessages: [ALS_Base_CharacterBP_C_0] Floor
[2026.06.05-07.34.01:967][888]LogBlueprintUserMessages: [ALS_Base_CharacterBP_C_0] Floor
[2026.06.05-07.34.01:975][889]LogBlueprintUserMessages: [ALS_Base_CharacterBP_C_0] Floor
[2026.06.05-07.34.01:984][890]LogBlueprintUserMessages: [ALS_Base_CharacterBP_C_0] Floor
[2026.06.05-07.34.01:992][891]LogBlueprintUserMessages: [ALS_Base_CharacterBP_C_0] Floor
[2026.06.05-07.34.01:999][892]LogBlueprintUserMessages: [ALS_Base_CharacterBP_C_0] Floor
[2026.06.05-07.34.02:009][893]LogBlueprintUserMessages: [ALS_Base_CharacterBP_C_0] Floor
[2026.06.05-07.34.02:016][894]LogBlueprintUserMessages: [ALS_Base_CharacterBP_C_0] Floor
[2026.06.05-07.34.02:025][895]LogBlueprintUserMessages: [ALS_Base_CharacterBP_C_0] Floor
[2026.06.05-07.34.02:033][896]LogBlueprintUserMessages: [ALS_Base_CharacterBP_C_0] Floor
[2026.06.05-07.34.02:042][897]LogBlueprintUserMessages: [ALS_Base_CharacterBP_C_0] Floor
[2026.06.05-07.34.02:050][898]LogBlueprintUserMessages: [ALS_Base_CharacterBP_C_0] Floor
[2026.06.05-07.34.02:058][899]LogBlueprintUserMessages: [ALS_Base_CharacterBP_C_0] Floor
[2026.06.05-07.34.02:067][900]LogBlueprintUserMessages: [ALS_Base_CharacterBP_C_0] Floor
[2026.06.05-07.34.02:075][901]LogBlueprintUserMessages: [ALS_Base_CharacterBP_C_0] Floor
[2026.06.05-07.34.02:083][902]LogBlueprintUserMessages: [ALS_Base_CharacterBP_C_0] Floor
[2026.06.05-07.34.02:092][903]LogBlueprintUserMessages: [ALS_Base_CharacterBP_C_0] Floor
[2026.06.05-07.34.02:100][904]LogBlueprintUserMessages: [ALS_Base_CharacterBP_C_0] Floor
[2026.06.05-07.34.02:109][905]LogBlueprintUserMessages: [ALS_Base_CharacterBP_C_0] Floor
[2026.06.05-07.34.02:116][906]LogBlueprintUserMessages: [ALS_Base_CharacterBP_C_0] Floor
[2026.06.05-07.34.02:125][907]LogBlueprintUserMessages: [ALS_Base_CharacterBP_C_0] Floor
[2026.06.05-07.34.02:133][908]LogBlueprintUserMessages: [ALS_Base_CharacterBP_C_0] Floor
[2026.06.05-07.34.02:142][909]LogBlueprintUserMessages: [ALS_Base_CharacterBP_C_0] Floor
[2026.06.05-07.34.02:150][910]LogBlueprintUserMessages: [ALS_Base_CharacterBP_C_0] Floor
[2026.06.05-07.34.02:159][911]LogBlueprintUserMessages: [ALS_Base_CharacterBP_C_0] Floor
[2026.06.05-07.34.02:167][912]LogBlueprintUserMessages: [ALS_Base_CharacterBP_C_0] Floor
[2026.06.05-07.34.02:175][913]LogBlueprintUserMessages: [ALS_Base_CharacterBP_C_0] Floor
[2026.06.05-07.34.02:184][914]LogBlueprintUserMessages: [ALS_Base_CharacterBP_C_0] Floor
[2026.06.05-07.34.02:191][915]LogBlueprintUserMessages: [ALS_Base_CharacterBP_C_0] Floor
[2026.06.05-07.34.02:200][916]LogBlueprintUserMessages: [ALS_Base_CharacterBP_C_0] Floor
[2026.06.05-07.34.02:209][917]LogBlueprintUserMessages: [ALS_Base_CharacterBP_C_0] Floor
[2026.06.05-07.34.02:216][918]LogBlueprintUserMessages: [ALS_Base_CharacterBP_C_0] Floor
[2026.06.05-07.34.02:225][919]LogBlueprintUserMessages: [ALS_Base_CharacterBP_C_0] Floor
[2026.06.05-07.34.02:233][920]LogBlueprintUserMessages: [ALS_Base_CharacterBP_C_0] Floor
[2026.06.05-07.34.02:242][921]LogBlueprintUserMessages: [ALS_Base_CharacterBP_C_0] Floor
[2026.06.05-07.34.02:249][922]LogBlueprintUserMessages: [ALS_Base_CharacterBP_C_0] Floor
[2026.06.05-07.34.02:259][923]LogBlueprintUserMessages: [ALS_Base_CharacterBP_C_0] Floor
[2026.06.05-07.34.02:266][924]LogBlueprintUserMessages: [ALS_Base_CharacterBP_C_0] Floor
[2026.06.05-07.34.02:275][925]LogBlueprintUserMessages: [ALS_Base_CharacterBP_C_0] Floor
[2026.06.05-07.34.02:283][926]LogBlueprintUserMessages: [ALS_Base_CharacterBP_C_0] Floor
[2026.06.05-07.34.02:292][927]LogBlueprintUserMessages: [ALS_Base_CharacterBP_C_0] Floor
[2026.06.05-07.34.02:299][928]LogBlueprintUserMessages: [ALS_Base_CharacterBP_C_0] Floor
[2026.06.05-07.34.02:309][929]LogBlueprintUserMessages: [ALS_Base_CharacterBP_C_0] Floor
[2026.06.05-07.34.02:316][930]LogBlueprintUserMessages: [ALS_Base_CharacterBP_C_0] Floor
[2026.06.05-07.34.02:325][931]LogBlueprintUserMessages: [ALS_Base_CharacterBP_C_0] Floor
[2026.06.05-07.34.02:333][932]LogBlueprintUserMessages: [ALS_Base_CharacterBP_C_0] Floor
[2026.06.05-07.34.02:342][933]LogBlueprintUserMessages: [ALS_Base_CharacterBP_C_0] Floor
[2026.06.05-07.34.02:350][934]LogBlueprintUserMessages: [ALS_Base_CharacterBP_C_0] Floor
[2026.06.05-07.34.02:359][935]LogBlueprintUserMessages: [ALS_Base_CharacterBP_C_0] Floor
[2026.06.05-07.34.02:366][936]LogBlueprintUserMessages: [ALS_Base_CharacterBP_C_0] Floor
[2026.06.05-07.34.02:375][937]LogBlueprintUserMessages: [ALS_Base_CharacterBP_C_0] Floor
[2026.06.05-07.34.02:383][938]LogBlueprintUserMessages: [ALS_Base_CharacterBP_C_0] Floor
[2026.06.05-07.34.02:392][939]LogBlueprintUserMessages: [ALS_Base_CharacterBP_C_0] Floor
[2026.06.05-07.34.02:400][940]LogBlueprintUserMessages: [ALS_Base_CharacterBP_C_0] Floor
[2026.06.05-07.34.02:408][941]LogBlueprintUserMessages: [ALS_Base_CharacterBP_C_0] Floor
[2026.06.05-07.34.02:417][942]LogBlueprintUserMessages: [ALS_Base_CharacterBP_C_0] Floor
[2026.06.05-07.34.02:425][943]LogBlueprintUserMessages: [ALS_Base_CharacterBP_C_0] Floor
[2026.06.05-07.34.02:434][944]LogBlueprintUserMessages: [ALS_Base_CharacterBP_C_0] Floor
[2026.06.05-07.34.02:442][945]LogBlueprintUserMessages: [ALS_Base_CharacterBP_C_0] Floor
[2026.06.05-07.34.02:451][946]LogBlueprintUserMessages: [ALS_Base_CharacterBP_C_0] Floor
[2026.06.05-07.34.02:459][947]LogBlueprintUserMessages: [ALS_Base_CharacterBP_C_0] Floor
[2026.06.05-07.34.02:467][948]LogBlueprintUserMessages: [ALS_Base_CharacterBP_C_0] Floor
[2026.06.05-07.34.02:475][949]LogBlueprintUserMessages: [ALS_Base_CharacterBP_C_0] Floor
[2026.06.05-07.34.02:484][950]LogBlueprintUserMessages: [ALS_Base_CharacterBP_C_0] Floor
[2026.06.05-07.34.02:492][951]LogBlueprintUserMessages: [ALS_Base_CharacterBP_C_0] Floor
[2026.06.05-07.34.02:501][952]LogBlueprintUserMessages: [ALS_Base_CharacterBP_C_0] Floor
[2026.06.05-07.34.02:509][953]LogBlueprintUserMessages: [ALS_Base_CharacterBP_C_0] Floor
[2026.06.05-07.34.02:517][954]LogBlueprintUserMessages: [ALS_Base_CharacterBP_C_0] Floor
[2026.06.05-07.34.02:526][955]LogBlueprintUserMessages: [ALS_Base_CharacterBP_C_0] Floor
[2026.06.05-07.34.02:534][956]LogBlueprintUserMessages: [ALS_Base_CharacterBP_C_0] Floor
[2026.06.05-07.34.02:542][957]LogBlueprintUserMessages: [ALS_Base_CharacterBP_C_0] Floor
[2026.06.05-07.34.02:551][958]LogBlueprintUserMessages: [ALS_Base_CharacterBP_C_0] Floor
[2026.06.05-07.34.02:559][959]LogBlueprintUserMessages: [ALS_Base_CharacterBP_C_0] Floor
[2026.06.05-07.34.02:567][960]LogBlueprintUserMessages: [ALS_Base_CharacterBP_C_0] Floor
[2026.06.05-07.34.02:576][961]LogBlueprintUserMessages: [ALS_Base_CharacterBP_C_0] Floor
[2026.06.05-07.34.02:584][962]LogBlueprintUserMessages: [ALS_Base_CharacterBP_C_0] Floor
[2026.06.05-07.34.02:592][963]LogBlueprintUserMessages: [ALS_Base_CharacterBP_C_0] Floor
[2026.06.05-07.34.02:601][964]LogBlueprintUserMessages: [ALS_Base_CharacterBP_C_0] Floor
[2026.06.05-07.34.02:609][965]LogBlueprintUserMessages: [ALS_Base_CharacterBP_C_0] Floor
[2026.06.05-07.34.02:617][966]LogBlueprintUserMessages: [ALS_Base_CharacterBP_C_0] Floor
[2026.06.05-07.34.02:626][967]LogBlueprintUserMessages: [ALS_Base_CharacterBP_C_0] Floor
[2026.06.05-07.34.02:634][968]LogBlueprintUserMessages: [ALS_Base_CharacterBP_C_0] Floor
[2026.06.05-07.34.02:642][969]LogBlueprintUserMessages: [ALS_Base_CharacterBP_C_0] Floor
[2026.06.05-07.34.02:650][970]LogBlueprintUserMessages: [ALS_Base_CharacterBP_C_0] Floor
[2026.06.05-07.34.02:659][971]LogBlueprintUserMessages: [ALS_Base_CharacterBP_C_0] Floor
[2026.06.05-07.34.02:667][972]LogBlueprintUserMessages: [ALS_Base_CharacterBP_C_0] Floor
[2026.06.05-07.34.02:676][973]LogBlueprintUserMessages: [ALS_Base_CharacterBP_C_0] Floor
[2026.06.05-07.34.02:683][974]LogBlueprintUserMessages: [ALS_Base_CharacterBP_C_0] Floor
[2026.06.05-07.34.02:692][975]LogBlueprintUserMessages: [ALS_Base_CharacterBP_C_0] Floor
[2026.06.05-07.34.02:701][976]LogBlueprintUserMessages: [ALS_Base_CharacterBP_C_0] Floor
[2026.06.05-07.34.02:708][977]LogBlueprintUserMessages: [ALS_Base_CharacterBP_C_0] Floor
[2026.06.05-07.34.02:717][978]LogBlueprintUserMessages: [ALS_Base_CharacterBP_C_0] Floor
[2026.06.05-07.34.02:725][979]LogBlueprintUserMessages: [ALS_Base_CharacterBP_C_0] Floor
[2026.06.05-07.34.02:734][980]LogBlueprintUserMessages: [ALS_Base_CharacterBP_C_0] Floor
[2026.06.05-07.34.02:742][981]LogBlueprintUserMessages: [ALS_Base_CharacterBP_C_0] Floor
[2026.06.05-07.34.02:750][982]LogBlueprintUserMessages: [ALS_Base_CharacterBP_C_0] Floor
[2026.06.05-07.34.02:758][983]LogBlueprintUserMessages: [ALS_Base_CharacterBP_C_0] Floor
[2026.06.05-07.34.02:767][984]LogBlueprintUserMessages: [ALS_Base_CharacterBP_C_0] Floor
[2026.06.05-07.34.02:775][985]LogBlueprintUserMessages: [ALS_Base_CharacterBP_C_0] Floor
[2026.06.05-07.34.02:784][986]LogBlueprintUserMessages: [ALS_Base_CharacterBP_C_0] Floor
[2026.06.05-07.34.02:792][987]LogBlueprintUserMessages: [ALS_Base_CharacterBP_C_0] Floor
[2026.06.05-07.34.02:800][988]LogBlueprintUserMessages: [ALS_Base_CharacterBP_C_0] Floor
[2026.06.05-07.34.02:808][989]LogBlueprintUserMessages: [ALS_Base_CharacterBP_C_0] Floor
[2026.06.05-07.34.02:817][990]LogBlueprintUserMessages: [ALS_Base_CharacterBP_C_0] Floor
[2026.06.05-07.34.02:825][991]LogBlueprintUserMessages: [ALS_Base_CharacterBP_C_0] Floor
[2026.06.05-07.34.02:834][992]LogBlueprintUserMessages: [ALS_Base_CharacterBP_C_0] Floor
[2026.06.05-07.34.02:842][993]LogBlueprintUserMessages: [ALS_Base_CharacterBP_C_0] Floor
[2026.06.05-07.34.02:851][994]LogBlueprintUserMessages: [ALS_Base_CharacterBP_C_0] Floor
[2026.06.05-07.34.02:858][995]LogBlueprintUserMessages: [ALS_Base_CharacterBP_C_0] Floor
[2026.06.05-07.34.02:867][996]LogBlueprintUserMessages: [ALS_Base_CharacterBP_C_0] Floor
[2026.06.05-07.34.02:875][997]LogBlueprintUserMessages: [ALS_Base_CharacterBP_C_0] Floor
[2026.06.05-07.34.02:884][998]LogBlueprintUserMessages: [ALS_Base_CharacterBP_C_0] Floor
[2026.06.05-07.34.02:892][999]LogBlueprintUserMessages: [ALS_Base_CharacterBP_C_0] Floor
[2026.06.05-07.34.02:899][  0]LogBlueprintUserMessages: [ALS_Base_CharacterBP_C_0] Floor
[2026.06.05-07.34.02:908][  1]LogBlueprintUserMessages: [ALS_Base_CharacterBP_C_0] Floor
[2026.06.05-07.34.02:917][  2]LogBlueprintUserMessages: [ALS_Base_CharacterBP_C_0] Floor
[2026.06.05-07.34.02:925][  3]LogBlueprintUserMessages: [ALS_Base_CharacterBP_C_0] Floor
[2026.06.05-07.34.02:934][  4]LogBlueprintUserMessages: [ALS_Base_CharacterBP_C_0] Floor
[2026.06.05-07.34.02:942][  5]LogBlueprintUserMessages: [ALS_Base_CharacterBP_C_0] Floor
[2026.06.05-07.34.02:949][  6]LogBlueprintUserMessages: [ALS_Base_CharacterBP_C_0] Floor
[2026.06.05-07.34.02:958][  7]LogBlueprintUserMessages: [ALS_Base_CharacterBP_C_0] Floor
[2026.06.05-07.34.02:967][  8]LogBlueprintUserMessages: [ALS_Base_CharacterBP_C_0] Floor
[2026.06.05-07.34.02:975][  9]LogBlueprintUserMessages: [ALS_Base_CharacterBP_C_0] Floor
[2026.06.05-07.34.02:984][ 10]LogBlueprintUserMessages: [ALS_Base_CharacterBP_C_0] Floor
[2026.06.05-07.34.02:992][ 11]LogBlueprintUserMessages: [ALS_Base_CharacterBP_C_0] Floor
[2026.06.05-07.34.02:999][ 12]LogBlueprintUserMessages: [ALS_Base_CharacterBP_C_0] Floor
[2026.06.05-07.34.03:009][ 13]LogBlueprintUserMessages: [ALS_Base_CharacterBP_C_0] Floor
[2026.06.05-07.34.03:017][ 14]LogBlueprintUserMessages: [ALS_Base_CharacterBP_C_0] Floor
[2026.06.05-07.34.03:026][ 15]LogBlueprintUserMessages: [ALS_Base_CharacterBP_C_0] Floor
[2026.06.05-07.34.03:033][ 16]LogBlueprintUserMessages: [ALS_Base_CharacterBP_C_0] Floor
[2026.06.05-07.34.03:042][ 17]LogBlueprintUserMessages: [ALS_Base_CharacterBP_C_0] Floor
[2026.06.05-07.34.03:051][ 18]LogBlueprintUserMessages: [ALS_Base_CharacterBP_C_0] Floor
[2026.06.05-07.34.03:058][ 19]LogBlueprintUserMessages: [ALS_Base_CharacterBP_C_0] Floor
[2026.06.05-07.34.03:067][ 20]LogBlueprintUserMessages: [ALS_Base_CharacterBP_C_0] Floor
[2026.06.05-07.34.03:075][ 21]LogBlueprintUserMessages: [ALS_Base_CharacterBP_C_0] Floor
[2026.06.05-07.34.03:083][ 22]LogBlueprintUserMessages: [ALS_Base_CharacterBP_C_0] Floor
[2026.06.05-07.34.03:092][ 23]LogBlueprintUserMessages: [ALS_Base_CharacterBP_C_0] Floor
[2026.06.05-07.34.03:100][ 24]LogBlueprintUserMessages: [ALS_Base_CharacterBP_C_0] Floor
[2026.06.05-07.34.03:109][ 25]LogBlueprintUserMessages: [ALS_Base_CharacterBP_C_0] Floor
[2026.06.05-07.34.03:117][ 26]LogBlueprintUserMessages: [ALS_Base_CharacterBP_C_0] Floor
[2026.06.05-07.34.03:125][ 27]LogBlueprintUserMessages: [ALS_Base_CharacterBP_C_0] Floor
[2026.06.05-07.34.03:134][ 28]LogBlueprintUserMessages: [ALS_Base_CharacterBP_C_0] Floor
[2026.06.05-07.34.03:141][ 29]LogBlueprintUserMessages: [ALS_Base_CharacterBP_C_0] Floor
[2026.06.05-07.34.03:149][ 30]LogBlueprintUserMessages: [ALS_Base_CharacterBP_C_0] Floor
[2026.06.05-07.34.03:158][ 31]LogBlueprintUserMessages: [ALS_Base_CharacterBP_C_0] Floor
[2026.06.05-07.34.03:167][ 32]LogBlueprintUserMessages: [ALS_Base_CharacterBP_C_0] Floor
[2026.06.05-07.34.03:175][ 33]LogBlueprintUserMessages: [ALS_Base_CharacterBP_C_0] Floor
[2026.06.05-07.34.03:184][ 34]LogBlueprintUserMessages: [ALS_Base_CharacterBP_C_0] Floor
[2026.06.05-07.34.03:192][ 35]LogBlueprintUserMessages: [ALS_Base_CharacterBP_C_0] Floor
[2026.06.05-07.34.03:200][ 36]LogBlueprintUserMessages: [ALS_Base_CharacterBP_C_0] Floor
[2026.06.05-07.34.03:209][ 37]LogBlueprintUserMessages: [ALS_Base_CharacterBP_C_0] Floor
[2026.06.05-07.34.03:217][ 38]LogBlueprintUserMessages: [ALS_Base_CharacterBP_C_0] Linear_Stair_StaticMesh
[2026.06.05-07.34.03:226][ 39]LogBlueprintUserMessages: [ALS_Base_CharacterBP_C_0] Linear_Stair_StaticMesh
[2026.06.05-07.34.03:233][ 40]LogBlueprintUserMessages: [ALS_Base_CharacterBP_C_0] Linear_Stair_StaticMesh
[2026.06.05-07.34.03:242][ 41]LogBlueprintUserMessages: [ALS_Base_CharacterBP_C_0] Linear_Stair_StaticMesh
[2026.06.05-07.34.03:251][ 42]LogBlueprintUserMessages: [ALS_Base_CharacterBP_C_0] Linear_Stair_StaticMesh
[2026.06.05-07.34.03:258][ 43]LogBlueprintUserMessages: [ALS_Base_CharacterBP_C_0] Linear_Stair_StaticMesh
[2026.06.05-07.34.03:267][ 44]LogBlueprintUserMessages: [ALS_Base_CharacterBP_C_0] Linear_Stair_StaticMesh
[2026.06.05-07.34.03:275][ 45]LogBlueprintUserMessages: [ALS_Base_CharacterBP_C_0] Linear_Stair_StaticMesh
[2026.06.05-07.34.03:284][ 46]LogBlueprintUserMessages: [ALS_Base_CharacterBP_C_0] Linear_Stair_StaticMesh
[2026.06.05-07.34.03:292][ 47]LogBlueprintUserMessages: [ALS_Base_CharacterBP_C_0] Linear_Stair_StaticMesh
[2026.06.05-07.34.03:300][ 48]LogBlueprintUserMessages: [ALS_Base_CharacterBP_C_0] Linear_Stair_StaticMesh
[2026.06.05-07.34.03:309][ 49]LogBlueprintUserMessages: [ALS_Base_CharacterBP_C_0] Linear_Stair_StaticMesh
[2026.06.05-07.34.03:317][ 50]LogBlueprintUserMessages: [ALS_Base_CharacterBP_C_0] Linear_Stair_StaticMesh
[2026.06.05-07.34.03:325][ 51]LogBlueprintUserMessages: [ALS_Base_CharacterBP_C_0] Linear_Stair_StaticMesh
[2026.06.05-07.34.03:334][ 52]LogBlueprintUserMessages: [ALS_Base_CharacterBP_C_0] Linear_Stair_StaticMesh
[2026.06.05-07.34.03:341][ 53]LogBlueprintUserMessages: [ALS_Base_CharacterBP_C_0] Linear_Stair_StaticMesh
[2026.06.05-07.34.03:349][ 54]LogBlueprintUserMessages: [ALS_Base_CharacterBP_C_0] Linear_Stair_StaticMesh
[2026.06.05-07.34.03:358][ 55]LogBlueprintUserMessages: [ALS_Base_CharacterBP_C_0] Linear_Stair_StaticMesh
[2026.06.05-07.34.03:367][ 56]LogBlueprintUserMessages: [ALS_Base_CharacterBP_C_0] Linear_Stair_StaticMesh
[2026.06.05-07.34.03:375][ 57]LogBlueprintUserMessages: [ALS_Base_CharacterBP_C_0] Linear_Stair_StaticMesh
[2026.06.05-07.34.03:384][ 58]LogBlueprintUserMessages: [ALS_Base_CharacterBP_C_0] Linear_Stair_StaticMesh
[2026.06.05-07.34.03:392][ 59]LogBlueprintUserMessages: [ALS_Base_CharacterBP_C_0] Linear_Stair_StaticMesh
[2026.06.05-07.34.03:399][ 60]LogBlueprintUserMessages: [ALS_Base_CharacterBP_C_0] Linear_Stair_StaticMesh
[2026.06.05-07.34.03:409][ 61]LogBlueprintUserMessages: [ALS_Base_CharacterBP_C_0] Linear_Stair_StaticMesh
[2026.06.05-07.34.03:417][ 62]LogBlueprintUserMessages: [ALS_Base_CharacterBP_C_0] Linear_Stair_StaticMesh
[2026.06.05-07.34.03:425][ 63]LogBlueprintUserMessages: [ALS_Base_CharacterBP_C_0] Linear_Stair_StaticMesh
[2026.06.05-07.34.03:434][ 64]LogBlueprintUserMessages: [ALS_Base_CharacterBP_C_0] Linear_Stair_StaticMesh
[2026.06.05-07.34.03:441][ 65]LogBlueprintUserMessages: [ALS_Base_CharacterBP_C_0] Linear_Stair_StaticMesh
[2026.06.05-07.34.03:449][ 66]LogBlueprintUserMessages: [ALS_Base_CharacterBP_C_0] Linear_Stair_StaticMesh
[2026.06.05-07.34.03:458][ 67]LogBlueprintUserMessages: [ALS_Base_CharacterBP_C_0] Linear_Stair_StaticMesh
[2026.06.05-07.34.03:467][ 68]LogBlueprintUserMessages: [ALS_Base_CharacterBP_C_0] Linear_Stair_StaticMesh
[2026.06.05-07.34.03:475][ 69]LogBlueprintUserMessages: [ALS_Base_CharacterBP_C_0] Linear_Stair_StaticMesh
[2026.06.05-07.34.03:484][ 70]LogBlueprintUserMessages: [ALS_Base_CharacterBP_C_0] Linear_Stair_StaticMesh
[2026.06.05-07.34.03:492][ 71]LogBlueprintUserMessages: [ALS_Base_CharacterBP_C_0] Linear_Stair_StaticMesh
[2026.06.05-07.34.03:500][ 72]LogBlueprintUserMessages: [ALS_Base_CharacterBP_C_0] Linear_Stair_StaticMesh
[2026.06.05-07.34.03:509][ 73]LogBlueprintUserMessages: [ALS_Base_CharacterBP_C_0] Linear_Stair_StaticMesh
[2026.06.05-07.34.03:516][ 74]LogBlueprintUserMessages: [ALS_Base_CharacterBP_C_0] Linear_Stair_StaticMesh
[2026.06.05-07.34.03:525][ 75]LogBlueprintUserMessages: [ALS_Base_CharacterBP_C_0] Linear_Stair_StaticMesh
[2026.06.05-07.34.03:533][ 76]LogBlueprintUserMessages: [ALS_Base_CharacterBP_C_0] Linear_Stair_StaticMesh
[2026.06.05-07.34.03:542][ 77]LogBlueprintUserMessages: [ALS_Base_CharacterBP_C_0] Linear_Stair_StaticMesh
[2026.06.05-07.34.03:551][ 78]LogBlueprintUserMessages: [ALS_Base_CharacterBP_C_0] Linear_Stair_StaticMesh
[2026.06.05-07.34.03:558][ 79]LogBlueprintUserMessages: [ALS_Base_CharacterBP_C_0] Linear_Stair_StaticMesh
[2026.06.05-07.34.03:567][ 80]LogBlueprintUserMessages: [ALS_Base_CharacterBP_C_0] Linear_Stair_StaticMesh
[2026.06.05-07.34.03:576][ 81]LogBlueprintUserMessages: [ALS_Base_CharacterBP_C_0] Linear_Stair_StaticMesh
[2026.06.05-07.34.03:583][ 82]LogBlueprintUserMessages: [ALS_Base_CharacterBP_C_0] Linear_Stair_StaticMesh
[2026.06.05-07.34.03:592][ 83]LogBlueprintUserMessages: [ALS_Base_CharacterBP_C_0] Linear_Stair_StaticMesh
[2026.06.05-07.34.03:600][ 84]LogBlueprintUserMessages: [ALS_Base_CharacterBP_C_0] Linear_Stair_StaticMesh
[2026.06.05-07.34.03:609][ 85]LogBlueprintUserMessages: [ALS_Base_CharacterBP_C_0] Linear_Stair_StaticMesh
[2026.06.05-07.34.03:617][ 86]LogBlueprintUserMessages: [ALS_Base_CharacterBP_C_0] Linear_Stair_StaticMesh
[2026.06.05-07.34.03:625][ 87]LogBlueprintUserMessages: [ALS_Base_CharacterBP_C_0] Linear_Stair_StaticMesh
[2026.06.05-07.34.03:633][ 88]LogBlueprintUserMessages: [ALS_Base_CharacterBP_C_0] Linear_Stair_StaticMesh
[2026.06.05-07.34.03:642][ 89]LogBlueprintUserMessages: [ALS_Base_CharacterBP_C_0] Linear_Stair_StaticMesh
[2026.06.05-07.34.03:650][ 90]LogBlueprintUserMessages: [ALS_Base_CharacterBP_C_0] Linear_Stair_StaticMesh
[2026.06.05-07.34.03:659][ 91]LogBlueprintUserMessages: [ALS_Base_CharacterBP_C_0] Linear_Stair_StaticMesh
[2026.06.05-07.34.03:667][ 92]LogBlueprintUserMessages: [ALS_Base_CharacterBP_C_0] Linear_Stair_StaticMesh
[2026.06.05-07.34.03:676][ 93]LogBlueprintUserMessages: [ALS_Base_CharacterBP_C_0] Linear_Stair_StaticMesh
[2026.06.05-07.34.03:683][ 94]LogBlueprintUserMessages: [ALS_Base_CharacterBP_C_0] Linear_Stair_StaticMesh
[2026.06.05-07.34.03:692][ 95]LogBlueprintUserMessages: [ALS_Base_CharacterBP_C_0] Linear_Stair_StaticMesh
[2026.06.05-07.34.03:701][ 96]LogBlueprintUserMessages: [ALS_Base_CharacterBP_C_0] Linear_Stair_StaticMesh
[2026.06.05-07.34.03:709][ 97]LogBlueprintUserMessages: [ALS_Base_CharacterBP_C_0] Linear_Stair_StaticMesh
[2026.06.05-07.34.03:717][ 98]LogBlueprintUserMessages: [ALS_Base_CharacterBP_C_0] Linear_Stair_StaticMesh
[2026.06.05-07.34.03:725][ 99]LogBlueprintUserMessages: [ALS_Base_CharacterBP_C_0] Linear_Stair_StaticMesh
[2026.06.05-07.34.03:734][100]LogBlueprintUserMessages: [ALS_Base_CharacterBP_C_0] Linear_Stair_StaticMesh
[2026.06.05-07.34.03:742][101]LogBlueprintUserMessages: [ALS_Base_CharacterBP_C_0] Linear_Stair_StaticMesh
[2026.06.05-07.34.03:749][102]LogBlueprintUserMessages: [ALS_Base_CharacterBP_C_0] Linear_Stair_StaticMesh
[2026.06.05-07.34.03:758][103]LogBlueprintUserMessages: [ALS_Base_CharacterBP_C_0] Linear_Stair_StaticMesh
[2026.06.05-07.34.03:767][104]LogBlueprintUserMessages: [ALS_Base_CharacterBP_C_0] Linear_Stair_StaticMesh
[2026.06.05-07.34.03:775][105]LogBlueprintUserMessages: [ALS_Base_CharacterBP_C_0] Linear_Stair_StaticMesh
[2026.06.05-07.34.04:151][150]LogBlueprintUserMessages: [ALS_Base_CharacterBP_C_0] Floor
[2026.06.05-07.34.04:159][151]LogBlueprintUserMessages: [ALS_Base_CharacterBP_C_0] Floor
[2026.06.05-07.34.04:167][152]LogBlueprintUserMessages: [ALS_Base_CharacterBP_C_0] Floor
[2026.06.05-07.34.04:176][153]LogBlueprintUserMessages: [ALS_Base_CharacterBP_C_0] Floor
[2026.06.05-07.34.04:184][154]LogBlueprintUserMessages: [ALS_Base_CharacterBP_C_0] Floor
[2026.06.05-07.34.04:192][155]LogBlueprintUserMessages: [ALS_Base_CharacterBP_C_0] Floor
[2026.06.05-07.34.04:201][156]LogBlueprintUserMessages: [ALS_Base_CharacterBP_C_0] Floor
[2026.06.05-07.34.04:209][157]LogBlueprintUserMessages: [ALS_Base_CharacterBP_C_0] Floor
[2026.06.05-07.34.04:217][158]LogBlueprintUserMessages: [ALS_Base_CharacterBP_C_0] Floor
[2026.06.05-07.34.04:226][159]LogBlueprintUserMessages: [ALS_Base_CharacterBP_C_0] Floor
[2026.06.05-07.34.04:234][160]LogBlueprintUserMessages: [ALS_Base_CharacterBP_C_0] Floor
[2026.06.05-07.34.04:242][161]LogBlueprintUserMessages: [ALS_Base_CharacterBP_C_0] Floor
[2026.06.05-07.34.04:251][162]LogBlueprintUserMessages: [ALS_Base_CharacterBP_C_0] Floor
[2026.06.05-07.34.04:259][163]LogBlueprintUserMessages: [ALS_Base_CharacterBP_C_0] Floor
[2026.06.05-07.34.04:267][164]LogBlueprintUserMessages: [ALS_Base_CharacterBP_C_0] Floor
[2026.06.05-07.34.04:276][165]LogBlueprintUserMessages: [ALS_Base_CharacterBP_C_0] Floor
[2026.06.05-07.34.04:284][166]LogBlueprintUserMessages: [ALS_Base_CharacterBP_C_0] Floor
[2026.06.05-07.34.04:292][167]LogBlueprintUserMessages: [ALS_Base_CharacterBP_C_0] Floor
[2026.06.05-07.34.04:299][168]LogBlueprintUserMessages: [ALS_Base_CharacterBP_C_0] Floor
[2026.06.05-07.34.04:308][169]LogBlueprintUserMessages: [ALS_Base_CharacterBP_C_0] Floor
[2026.06.05-07.34.04:317][170]LogBlueprintUserMessages: [ALS_Base_CharacterBP_C_0] Floor
[2026.06.05-07.34.04:325][171]LogBlueprintUserMessages: [ALS_Base_CharacterBP_C_0] Floor
[2026.06.05-07.34.04:334][172]LogBlueprintUserMessages: [ALS_Base_CharacterBP_C_0] Floor
[2026.06.05-07.34.04:342][173]LogBlueprintUserMessages: [ALS_Base_CharacterBP_C_0] Floor
[2026.06.05-07.34.04:349][174]LogBlueprintUserMessages: [ALS_Base_CharacterBP_C_0] Floor
[2026.06.05-07.34.04:358][175]LogBlueprintUserMessages: [ALS_Base_CharacterBP_C_0] Floor
[2026.06.05-07.34.04:367][176]LogBlueprintUserMessages: [ALS_Base_CharacterBP_C_0] Floor
[2026.06.05-07.34.04:375][177]LogBlueprintUserMessages: [ALS_Base_CharacterBP_C_0] Floor
[2026.06.05-07.34.04:383][178]LogBlueprintUserMessages: [ALS_Base_CharacterBP_C_0] Floor
[2026.06.05-07.34.04:392][179]LogBlueprintUserMessages: [ALS_Base_CharacterBP_C_0] Floor
[2026.06.05-07.34.04:400][180]LogBlueprintUserMessages: [ALS_Base_CharacterBP_C_0] Floor
[2026.06.05-07.34.04:409][181]LogBlueprintUserMessages: [ALS_Base_CharacterBP_C_0] Floor
[2026.06.05-07.34.04:416][182]LogBlueprintUserMessages: [ALS_Base_CharacterBP_C_0] Floor
[2026.06.05-07.34.04:425][183]LogBlueprintUserMessages: [ALS_Base_CharacterBP_C_0] Floor
[2026.06.05-07.34.04:433][184]LogBlueprintUserMessages: [ALS_Base_CharacterBP_C_0] Floor
[2026.06.05-07.34.04:442][185]LogBlueprintUserMessages: [ALS_Base_CharacterBP_C_0] Floor
[2026.06.05-07.34.04:449][186]LogBlueprintUserMessages: [ALS_Base_CharacterBP_C_0] Floor
[2026.06.05-07.34.04:459][187]LogBlueprintUserMessages: [ALS_Base_CharacterBP_C_0] Floor
[2026.06.05-07.34.04:467][188]LogBlueprintUserMessages: [ALS_Base_CharacterBP_C_0] Floor
[2026.06.05-07.34.04:475][189]LogBlueprintUserMessages: [ALS_Base_CharacterBP_C_0] Floor
[2026.06.05-07.34.04:483][190]LogBlueprintUserMessages: [ALS_Base_CharacterBP_C_0] Floor
[2026.06.05-07.34.04:492][191]LogBlueprintUserMessages: [ALS_Base_CharacterBP_C_0] Floor
[2026.06.05-07.34.04:500][192]LogBlueprintUserMessages: [ALS_Base_CharacterBP_C_0] Floor
[2026.06.05-07.34.04:508][193]LogBlueprintUserMessages: [ALS_Base_CharacterBP_C_0] Floor
[2026.06.05-07.34.04:517][194]LogBlueprintUserMessages: [ALS_Base_CharacterBP_C_0] Floor
[2026.06.05-07.34.04:525][195]LogBlueprintUserMessages: [ALS_Base_CharacterBP_C_0] Floor
[2026.06.05-07.34.04:534][196]LogBlueprintUserMessages: [ALS_Base_CharacterBP_C_0] Floor
[2026.06.05-07.34.04:542][197]LogBlueprintUserMessages: [ALS_Base_CharacterBP_C_0] Floor
[2026.06.05-07.34.04:549][198]LogBlueprintUserMessages: [ALS_Base_CharacterBP_C_0] Floor
[2026.06.05-07.34.04:559][199]LogBlueprintUserMessages: [ALS_Base_CharacterBP_C_0] Floor
[2026.06.05-07.34.04:567][200]LogBlueprintUserMessages: [ALS_Base_CharacterBP_C_0] Floor
[2026.06.05-07.34.04:575][201]LogBlueprintUserMessages: [ALS_Base_CharacterBP_C_0] Floor
[2026.06.05-07.34.04:583][202]LogBlueprintUserMessages: [ALS_Base_CharacterBP_C_0] Floor
[2026.06.05-07.34.04:592][203]LogBlueprintUserMessages: [ALS_Base_CharacterBP_C_0] Floor
[2026.06.05-07.34.04:601][204]LogBlueprintUserMessages: [ALS_Base_CharacterBP_C_0] Floor
[2026.06.05-07.34.04:609][205]LogBlueprintUserMessages: [ALS_Base_CharacterBP_C_0] Floor
[2026.06.05-07.34.04:616][206]LogBlueprintUserMessages: [ALS_Base_CharacterBP_C_0] Floor
[2026.06.05-07.34.04:625][207]LogBlueprintUserMessages: [ALS_Base_CharacterBP_C_0] Floor
[2026.06.05-07.34.04:634][208]LogBlueprintUserMessages: [ALS_Base_CharacterBP_C_0] Floor
[2026.06.05-07.34.04:642][209]LogBlueprintUserMessages: [ALS_Base_CharacterBP_C_0] Floor
[2026.06.05-07.34.04:649][210]LogBlueprintUserMessages: [ALS_Base_CharacterBP_C_0] Floor
[2026.06.05-07.34.04:658][211]LogBlueprintUserMessages: [ALS_Base_CharacterBP_C_0] Floor
[2026.06.05-07.34.04:667][212]LogBlueprintUserMessages: [ALS_Base_CharacterBP_C_0] Floor
[2026.06.05-07.34.04:675][213]LogBlueprintUserMessages: [ALS_Base_CharacterBP_C_0] Floor
[2026.06.05-07.34.04:684][214]LogBlueprintUserMessages: [ALS_Base_CharacterBP_C_0] Floor
[2026.06.05-07.34.04:692][215]LogBlueprintUserMessages: [ALS_Base_CharacterBP_C_0] Floor
[2026.06.05-07.34.04:701][216]LogBlueprintUserMessages: [ALS_Base_CharacterBP_C_0] Floor
[2026.06.05-07.34.04:709][217]LogBlueprintUserMessages: [ALS_Base_CharacterBP_C_0] Floor
[2026.06.05-07.34.04:717][218]LogBlueprintUserMessages: [ALS_Base_CharacterBP_C_0] Floor
[2026.06.05-07.34.04:726][219]LogBlueprintUserMessages: [ALS_Base_CharacterBP_C_0] Floor
[2026.06.05-07.34.04:733][220]LogBlueprintUserMessages: [ALS_Base_CharacterBP_C_0] Floor
[2026.06.05-07.34.04:742][221]LogBlueprintUserMessages: [ALS_Base_CharacterBP_C_0] Floor
[2026.06.05-07.34.04:751][222]LogBlueprintUserMessages: [ALS_Base_CharacterBP_C_0] Floor
[2026.06.05-07.34.04:758][223]LogBlueprintUserMessages: [ALS_Base_CharacterBP_C_0] Floor
[2026.06.05-07.34.04:767][224]LogBlueprintUserMessages: [ALS_Base_CharacterBP_C_0] Floor
[2026.06.05-07.34.04:775][225]LogBlueprintUserMessages: [ALS_Base_CharacterBP_C_0] Floor
[2026.06.05-07.34.04:784][226]LogBlueprintUserMessages: [ALS_Base_CharacterBP_C_0] Floor
[2026.06.05-07.34.04:792][227]LogBlueprintUserMessages: [ALS_Base_CharacterBP_C_0] Floor
[2026.06.05-07.34.04:801][228]LogBlueprintUserMessages: [ALS_Base_CharacterBP_C_0] Floor
[2026.06.05-07.34.04:809][229]LogBlueprintUserMessages: [ALS_Base_CharacterBP_C_0] Floor
[2026.06.05-07.34.04:817][230]LogBlueprintUserMessages: [ALS_Base_CharacterBP_C_0] Floor
[2026.06.05-07.34.04:826][231]LogBlueprintUserMessages: [ALS_Base_CharacterBP_C_0] Floor
[2026.06.05-07.34.04:833][232]LogBlueprintUserMessages: [ALS_Base_CharacterBP_C_0] Floor
[2026.06.05-07.34.04:842][233]LogBlueprintUserMessages: [ALS_Base_CharacterBP_C_0] Floor
[2026.06.05-07.34.04:851][234]LogBlueprintUserMessages: [ALS_Base_CharacterBP_C_0] Floor
[2026.06.05-07.34.04:858][235]LogBlueprintUserMessages: [ALS_Base_CharacterBP_C_0] Floor
[2026.06.05-07.34.04:867][236]LogBlueprintUserMessages: [ALS_Base_CharacterBP_C_0] Floor
[2026.06.05-07.34.04:875][237]LogBlueprintUserMessages: [ALS_Base_CharacterBP_C_0] Floor
[2026.06.05-07.34.04:883][238]LogBlueprintUserMessages: [ALS_Base_CharacterBP_C_0] Floor
[2026.06.05-07.34.04:892][239]LogBlueprintUserMessages: [ALS_Base_CharacterBP_C_0] Floor
[2026.06.05-07.34.04:900][240]LogBlueprintUserMessages: [ALS_Base_CharacterBP_C_0] Floor
[2026.06.05-07.34.04:908][241]LogBlueprintUserMessages: [ALS_Base_CharacterBP_C_0] Floor
[2026.06.05-07.34.04:917][242]LogBlueprintUserMessages: [ALS_Base_CharacterBP_C_0] Floor
[2026.06.05-07.34.04:926][243]LogBlueprintUserMessages: [ALS_Base_CharacterBP_C_0] Floor
[2026.06.05-07.34.04:934][244]LogBlueprintUserMessages: [ALS_Base_CharacterBP_C_0] Floor
[2026.06.05-07.34.04:942][245]LogBlueprintUserMessages: [ALS_Base_CharacterBP_C_0] Floor
[2026.06.05-07.34.04:951][246]LogBlueprintUserMessages: [ALS_Base_CharacterBP_C_0] Floor
[2026.06.05-07.34.04:958][247]LogBlueprintUserMessages: [ALS_Base_CharacterBP_C_0] Floor
[2026.06.05-07.34.04:967][248]LogBlueprintUserMessages: [ALS_Base_CharacterBP_C_0] Floor
[2026.06.05-07.34.04:975][249]LogBlueprintUserMessages: [ALS_Base_CharacterBP_C_0] Floor
[2026.06.05-07.34.04:984][250]LogBlueprintUserMessages: [ALS_Base_CharacterBP_C_0] Floor
[2026.06.05-07.34.04:992][251]LogBlueprintUserMessages: [ALS_Base_CharacterBP_C_0] Floor
[2026.06.05-07.34.05:001][252]LogBlueprintUserMessages: [ALS_Base_CharacterBP_C_0] Floor
[2026.06.05-07.34.05:008][253]LogBlueprintUserMessages: [ALS_Base_CharacterBP_C_0] Floor
[2026.06.05-07.34.05:017][254]LogBlueprintUserMessages: [ALS_Base_CharacterBP_C_0] Floor
[2026.06.05-07.34.05:025][255]LogBlueprintUserMessages: [ALS_Base_CharacterBP_C_0] Floor
[2026.06.05-07.34.05:034][256]LogBlueprintUserMessages: [ALS_Base_CharacterBP_C_0] Floor
[2026.06.05-07.34.05:042][257]LogBlueprintUserMessages: [ALS_Base_CharacterBP_C_0] Floor
[2026.06.05-07.34.05:050][258]LogBlueprintUserMessages: [ALS_Base_CharacterBP_C_0] Floor
[2026.06.05-07.34.05:059][259]LogBlueprintUserMessages: [ALS_Base_CharacterBP_C_0] Floor
[2026.06.05-07.34.05:066][260]LogBlueprintUserMessages: [ALS_Base_CharacterBP_C_0] Floor
[2026.06.05-07.34.05:075][261]LogBlueprintUserMessages: [ALS_Base_CharacterBP_C_0] Floor
[2026.06.05-07.34.05:083][262]LogBlueprintUserMessages: [ALS_Base_CharacterBP_C_0] Floor
[2026.06.05-07.34.05:092][263]LogBlueprintUserMessages: [ALS_Base_CharacterBP_C_0] Floor
[2026.06.05-07.34.05:101][264]LogBlueprintUserMessages: [ALS_Base_CharacterBP_C_0] Floor
[2026.06.05-07.34.05:109][265]LogBlueprintUserMessages: [ALS_Base_CharacterBP_C_0] Floor
[2026.06.05-07.34.05:117][266]LogBlueprintUserMessages: [ALS_Base_CharacterBP_C_0] Floor
[2026.06.05-07.34.05:126][267]LogBlueprintUserMessages: [ALS_Base_CharacterBP_C_0] Floor
[2026.06.05-07.34.05:134][268]LogBlueprintUserMessages: [ALS_Base_CharacterBP_C_0] Floor
[2026.06.05-07.34.05:142][269]LogBlueprintUserMessages: [ALS_Base_CharacterBP_C_0] Floor
[2026.06.05-07.34.05:151][270]LogBlueprintUserMessages: [ALS_Base_CharacterBP_C_0] Floor
[2026.06.05-07.34.05:158][271]LogBlueprintUserMessages: [ALS_Base_CharacterBP_C_0] Floor
[2026.06.05-07.34.05:167][272]LogBlueprintUserMessages: [ALS_Base_CharacterBP_C_0] Floor
[2026.06.05-07.34.05:175][273]LogBlueprintUserMessages: [ALS_Base_CharacterBP_C_0] Floor
[2026.06.05-07.34.05:184][274]LogBlueprintUserMessages: [ALS_Base_CharacterBP_C_0] Floor
[2026.06.05-07.34.05:191][275]LogBlueprintUserMessages: [ALS_Base_CharacterBP_C_0] Floor
[2026.06.05-07.34.05:200][276]LogBlueprintUserMessages: [ALS_Base_CharacterBP_C_0] Floor
[2026.06.05-07.34.05:209][277]LogBlueprintUserMessages: [ALS_Base_CharacterBP_C_0] Floor
[2026.06.05-07.34.05:217][278]LogBlueprintUserMessages: [ALS_Base_CharacterBP_C_0] Floor
[2026.06.05-07.34.05:225][279]LogBlueprintUserMessages: [ALS_Base_CharacterBP_C_0] Floor
[2026.06.05-07.34.05:233][280]LogBlueprintUserMessages: [ALS_Base_CharacterBP_C_0] Floor
[2026.06.05-07.34.05:242][281]LogBlueprintUserMessages: [ALS_Base_CharacterBP_C_0] Floor
[2026.06.05-07.34.05:250][282]LogBlueprintUserMessages: [ALS_Base_CharacterBP_C_0] Floor
[2026.06.05-07.34.05:258][283]LogBlueprintUserMessages: [ALS_Base_CharacterBP_C_0] Floor
[2026.06.05-07.34.05:267][284]LogBlueprintUserMessages: [ALS_Base_CharacterBP_C_0] Floor
[2026.06.05-07.34.05:275][285]LogBlueprintUserMessages: [ALS_Base_CharacterBP_C_0] Floor
[2026.06.05-07.34.05:284][286]LogBlueprintUserMessages: [ALS_Base_CharacterBP_C_0] Floor
[2026.06.05-07.34.05:292][287]LogBlueprintUserMessages: [ALS_Base_CharacterBP_C_0] Floor
[2026.06.05-07.34.05:299][288]LogBlueprintUserMessages: [ALS_Base_CharacterBP_C_0] Linear_Stair_StaticMesh
[2026.06.05-07.34.05:309][289]LogBlueprintUserMessages: [ALS_Base_CharacterBP_C_0] Linear_Stair_StaticMesh
[2026.06.05-07.34.05:317][290]LogBlueprintUserMessages: [ALS_Base_CharacterBP_C_0] Linear_Stair_StaticMesh
[2026.06.05-07.34.05:326][291]LogBlueprintUserMessages: [ALS_Base_CharacterBP_C_0] Linear_Stair_StaticMesh
[2026.06.05-07.34.05:334][292]LogBlueprintUserMessages: [ALS_Base_CharacterBP_C_0] Linear_Stair_StaticMesh
[2026.06.05-07.34.05:342][293]LogBlueprintUserMessages: [ALS_Base_CharacterBP_C_0] Linear_Stair_StaticMesh
[2026.06.05-07.34.05:351][294]LogBlueprintUserMessages: [ALS_Base_CharacterBP_C_0] Linear_Stair_StaticMesh
[2026.06.05-07.34.05:358][295]LogBlueprintUserMessages: [ALS_Base_CharacterBP_C_0] Linear_Stair_StaticMesh
[2026.06.05-07.34.05:367][296]LogBlueprintUserMessages: [ALS_Base_CharacterBP_C_0] Linear_Stair_StaticMesh
[2026.06.05-07.34.05:375][297]LogBlueprintUserMessages: [ALS_Base_CharacterBP_C_0] Linear_Stair_StaticMesh
[2026.06.05-07.34.05:384][298]LogBlueprintUserMessages: [ALS_Base_CharacterBP_C_0] Linear_Stair_StaticMesh
[2026.06.05-07.34.05:393][299]LogBlueprintUserMessages: [ALS_Base_CharacterBP_C_0] Linear_Stair_StaticMesh
[2026.06.05-07.34.05:401][300]LogBlueprintUserMessages: [ALS_Base_CharacterBP_C_0] Linear_Stair_StaticMesh
[2026.06.05-07.34.05:409][301]LogBlueprintUserMessages: [ALS_Base_CharacterBP_C_0] Linear_Stair_StaticMesh
[2026.06.05-07.34.05:416][302]LogBlueprintUserMessages: [ALS_Base_CharacterBP_C_0] Linear_Stair_StaticMesh
[2026.06.05-07.34.05:425][303]LogBlueprintUserMessages: [ALS_Base_CharacterBP_C_0] Linear_Stair_StaticMesh
[2026.06.05-07.34.05:434][304]LogBlueprintUserMessages: [ALS_Base_CharacterBP_C_0] Linear_Stair_StaticMesh
[2026.06.05-07.34.05:441][305]LogBlueprintUserMessages: [ALS_Base_CharacterBP_C_0] Linear_Stair_StaticMesh
[2026.06.05-07.34.05:449][306]LogBlueprintUserMessages: [ALS_Base_CharacterBP_C_0] Linear_Stair_StaticMesh
[2026.06.05-07.34.05:459][307]LogBlueprintUserMessages: [ALS_Base_CharacterBP_C_0] Linear_Stair_StaticMesh
[2026.06.05-07.34.05:467][308]LogBlueprintUserMessages: [ALS_Base_CharacterBP_C_0] Linear_Stair_StaticMesh
[2026.06.05-07.34.05:475][309]LogBlueprintUserMessages: [ALS_Base_CharacterBP_C_0] Linear_Stair_StaticMesh
[2026.06.05-07.34.05:484][310]LogBlueprintUserMessages: [ALS_Base_CharacterBP_C_0] Linear_Stair_StaticMesh
[2026.06.05-07.34.05:492][311]LogBlueprintUserMessages: [ALS_Base_CharacterBP_C_0] Linear_Stair_StaticMesh
[2026.06.05-07.34.05:500][312]LogBlueprintUserMessages: [ALS_Base_CharacterBP_C_0] Linear_Stair_StaticMesh
[2026.06.05-07.34.05:509][313]LogBlueprintUserMessages: [ALS_Base_CharacterBP_C_0] Linear_Stair_StaticMesh
[2026.06.05-07.34.05:516][314]LogBlueprintUserMessages: [ALS_Base_CharacterBP_C_0] Linear_Stair_StaticMesh
[2026.06.05-07.34.05:525][315]LogBlueprintUserMessages: [ALS_Base_CharacterBP_C_0] Linear_Stair_StaticMesh
[2026.06.05-07.34.05:534][316]LogBlueprintUserMessages: [ALS_Base_CharacterBP_C_0] Linear_Stair_StaticMesh
[2026.06.05-07.34.05:542][317]LogBlueprintUserMessages: [ALS_Base_CharacterBP_C_0] Linear_Stair_StaticMesh
[2026.06.05-07.34.05:551][318]LogBlueprintUserMessages: [ALS_Base_CharacterBP_C_0] Linear_Stair_StaticMesh
[2026.06.05-07.34.05:558][319]LogBlueprintUserMessages: [ALS_Base_CharacterBP_C_0] Linear_Stair_StaticMesh
[2026.06.05-07.34.05:567][320]LogBlueprintUserMessages: [ALS_Base_CharacterBP_C_0] Linear_Stair_StaticMesh
[2026.06.05-07.34.05:575][321]LogBlueprintUserMessages: [ALS_Base_CharacterBP_C_0] Linear_Stair_StaticMesh
[2026.06.05-07.34.05:584][322]LogBlueprintUserMessages: [ALS_Base_CharacterBP_C_0] Linear_Stair_StaticMesh
[2026.06.05-07.34.05:592][323]LogBlueprintUserMessages: [ALS_Base_CharacterBP_C_0] Linear_Stair_StaticMesh
[2026.06.05-07.34.05:601][324]LogBlueprintUserMessages: [ALS_Base_CharacterBP_C_0] Linear_Stair_StaticMesh
[2026.06.05-07.34.05:609][325]LogBlueprintUserMessages: [ALS_Base_CharacterBP_C_0] Linear_Stair_StaticMesh
[2026.06.05-07.34.05:617][326]LogBlueprintUserMessages: [ALS_Base_CharacterBP_C_0] Linear_Stair_StaticMesh
[2026.06.05-07.34.05:626][327]LogBlueprintUserMessages: [ALS_Base_CharacterBP_C_0] Linear_Stair_StaticMesh
[2026.06.05-07.34.05:634][328]LogBlueprintUserMessages: [ALS_Base_CharacterBP_C_0] Linear_Stair_StaticMesh
[2026.06.05-07.34.05:642][329]LogBlueprintUserMessages: [ALS_Base_CharacterBP_C_0] Linear_Stair_StaticMesh
[2026.06.05-07.34.05:649][330]LogBlueprintUserMessages: [ALS_Base_CharacterBP_C_0] Linear_Stair_StaticMesh
[2026.06.05-07.34.05:658][331]LogBlueprintUserMessages: [ALS_Base_CharacterBP_C_0] Linear_Stair_StaticMesh
[2026.06.05-07.34.05:667][332]LogBlueprintUserMessages: [ALS_Base_CharacterBP_C_0] Linear_Stair_StaticMesh
[2026.06.05-07.34.05:675][333]LogBlueprintUserMessages: [ALS_Base_CharacterBP_C_0] Linear_Stair_StaticMesh
[2026.06.05-07.34.05:684][334]LogBlueprintUserMessages: [ALS_Base_CharacterBP_C_0] Linear_Stair_StaticMesh
[2026.06.05-07.34.05:692][335]LogBlueprintUserMessages: [ALS_Base_CharacterBP_C_0] Linear_Stair_StaticMesh
[2026.06.05-07.34.05:700][336]LogBlueprintUserMessages: [ALS_Base_CharacterBP_C_0] Linear_Stair_StaticMesh
[2026.06.05-07.34.05:709][337]LogBlueprintUserMessages: [ALS_Base_CharacterBP_C_0] Linear_Stair_StaticMesh
[2026.06.05-07.34.05:717][338]LogBlueprintUserMessages: [ALS_Base_CharacterBP_C_0] Linear_Stair_StaticMesh
[2026.06.05-07.34.05:726][339]LogBlueprintUserMessages: [ALS_Base_CharacterBP_C_0] Linear_Stair_StaticMesh
[2026.06.05-07.34.05:734][340]LogBlueprintUserMessages: [ALS_Base_CharacterBP_C_0] Linear_Stair_StaticMesh
[2026.06.05-07.34.05:742][341]LogBlueprintUserMessages: [ALS_Base_CharacterBP_C_0] Linear_Stair_StaticMesh
[2026.06.05-07.34.05:751][342]LogBlueprintUserMessages: [ALS_Base_CharacterBP_C_0] Linear_Stair_StaticMesh
[2026.06.05-07.34.05:759][343]LogBlueprintUserMessages: [ALS_Base_CharacterBP_C_0] Linear_Stair_StaticMesh
[2026.06.05-07.34.05:767][344]LogBlueprintUserMessages: [ALS_Base_CharacterBP_C_0] Linear_Stair_StaticMesh
[2026.06.05-07.34.05:775][345]LogBlueprintUserMessages: [ALS_Base_CharacterBP_C_0] Linear_Stair_StaticMesh
[2026.06.05-07.34.05:784][346]LogBlueprintUserMessages: [ALS_Base_CharacterBP_C_0] Linear_Stair_StaticMesh
[2026.06.05-07.34.05:792][347]LogBlueprintUserMessages: [ALS_Base_CharacterBP_C_0] Linear_Stair_StaticMesh
[2026.06.05-07.34.05:801][348]LogBlueprintUserMessages: [ALS_Base_CharacterBP_C_0] Linear_Stair_StaticMesh
[2026.06.05-07.34.05:809][349]LogBlueprintUserMessages: [ALS_Base_CharacterBP_C_0] Linear_Stair_StaticMesh
[2026.06.05-07.34.05:817][350]LogBlueprintUserMessages: [ALS_Base_CharacterBP_C_0] Linear_Stair_StaticMesh
[2026.06.05-07.34.05:825][351]LogBlueprintUserMessages: [ALS_Base_CharacterBP_C_0] Linear_Stair_StaticMesh
[2026.06.05-07.34.05:833][352]LogBlueprintUserMessages: [ALS_Base_CharacterBP_C_0] Linear_Stair_StaticMesh
[2026.06.05-07.34.05:842][353]LogBlueprintUserMessages: [ALS_Base_CharacterBP_C_0] Linear_Stair_StaticMesh
[2026.06.05-07.34.05:850][354]LogBlueprintUserMessages: [ALS_Base_CharacterBP_C_0] Linear_Stair_StaticMesh
[2026.06.05-07.34.05:859][355]LogBlueprintUserMessages: [ALS_Base_CharacterBP_C_0] Linear_Stair_StaticMesh
[2026.06.05-07.34.05:867][356]LogBlueprintUserMessages: [ALS_Base_CharacterBP_C_0] Linear_Stair_StaticMesh
[2026.06.05-07.34.05:876][357]LogBlueprintUserMessages: [ALS_Base_CharacterBP_C_0] Linear_Stair_StaticMesh
[2026.06.05-07.34.05:884][358]LogBlueprintUserMessages: [ALS_Base_CharacterBP_C_0] Linear_Stair_StaticMesh
[2026.06.05-07.34.05:892][359]LogBlueprintUserMessages: [ALS_Base_CharacterBP_C_0] Linear_Stair_StaticMesh
[2026.06.05-07.34.05:901][360]LogBlueprintUserMessages: [ALS_Base_CharacterBP_C_0] Linear_Stair_StaticMesh
[2026.06.05-07.34.05:909][361]LogBlueprintUserMessages: [ALS_Base_CharacterBP_C_0] Linear_Stair_StaticMesh
[2026.06.05-07.34.06:167][392]LogBlueprintUserMessages: [ALS_Base_CharacterBP_C_0] Floor
[2026.06.05-07.34.06:175][393]LogBlueprintUserMessages: [ALS_Base_CharacterBP_C_0] Floor
[2026.06.05-07.34.06:184][394]LogBlueprintUserMessages: [ALS_Base_CharacterBP_C_0] Floor
[2026.06.05-07.34.06:192][395]LogBlueprintUserMessages: [ALS_Base_CharacterBP_C_0] Floor
[2026.06.05-07.34.06:201][396]LogBlueprintUserMessages: [ALS_Base_CharacterBP_C_0] Floor
[2026.06.05-07.34.06:209][397]LogBlueprintUserMessages: [ALS_Base_CharacterBP_C_0] Floor
[2026.06.05-07.34.06:217][398]LogBlueprintUserMessages: [ALS_Base_CharacterBP_C_0] Floor
[2026.06.05-07.34.06:226][399]LogBlueprintUserMessages: [ALS_Base_CharacterBP_C_0] Floor
[2026.06.05-07.34.06:234][400]LogBlueprintUserMessages: [ALS_Base_CharacterBP_C_0] Floor
[2026.06.05-07.34.06:242][401]LogBlueprintUserMessages: [ALS_Base_CharacterBP_C_0] Floor
[2026.06.05-07.34.06:251][402]LogBlueprintUserMessages: [ALS_Base_CharacterBP_C_0] Floor
[2026.06.05-07.34.06:259][403]LogBlueprintUserMessages: [ALS_Base_CharacterBP_C_0] Floor
[2026.06.05-07.34.06:268][404]LogBlueprintUserMessages: [ALS_Base_CharacterBP_C_0] Floor
[2026.06.05-07.34.06:276][405]LogBlueprintUserMessages: [ALS_Base_CharacterBP_C_0] Floor
[2026.06.05-07.34.06:284][406]LogBlueprintUserMessages: [ALS_Base_CharacterBP_C_0] Floor
[2026.06.05-07.34.06:292][407]LogBlueprintUserMessages: [ALS_Base_CharacterBP_C_0] Floor
[2026.06.05-07.34.06:301][408]LogBlueprintUserMessages: [ALS_Base_CharacterBP_C_0] Floor
[2026.06.05-07.34.06:309][409]LogBlueprintUserMessages: [ALS_Base_CharacterBP_C_0] Floor
[2026.06.05-07.34.06:318][410]LogBlueprintUserMessages: [ALS_Base_CharacterBP_C_0] Floor
[2026.06.05-07.34.06:325][411]LogBlueprintUserMessages: [ALS_Base_CharacterBP_C_0] Floor
[2026.06.05-07.34.06:334][412]LogBlueprintUserMessages: [ALS_Base_CharacterBP_C_0] Floor
[2026.06.05-07.34.06:342][413]LogBlueprintUserMessages: [ALS_Base_CharacterBP_C_0] Floor
[2026.06.05-07.34.06:351][414]LogBlueprintUserMessages: [ALS_Base_CharacterBP_C_0] Floor
[2026.06.05-07.34.06:359][415]LogBlueprintUserMessages: [ALS_Base_CharacterBP_C_0] Floor
[2026.06.05-07.34.06:367][416]LogBlueprintUserMessages: [ALS_Base_CharacterBP_C_0] Floor
[2026.06.05-07.34.06:376][417]LogBlueprintUserMessages: [ALS_Base_CharacterBP_C_0] Floor
[2026.06.05-07.34.06:384][418]LogBlueprintUserMessages: [ALS_Base_CharacterBP_C_0] Floor
[2026.06.05-07.34.06:392][419]LogBlueprintUserMessages: [ALS_Base_CharacterBP_C_0] Floor
[2026.06.05-07.34.06:401][420]LogBlueprintUserMessages: [ALS_Base_CharacterBP_C_0] Floor
[2026.06.05-07.34.06:409][421]LogBlueprintUserMessages: [ALS_Base_CharacterBP_C_0] Floor
[2026.06.05-07.34.06:417][422]LogBlueprintUserMessages: [ALS_Base_CharacterBP_C_0] Floor
[2026.06.05-07.34.06:425][423]LogBlueprintUserMessages: [ALS_Base_CharacterBP_C_0] Floor
[2026.06.05-07.34.06:434][424]LogBlueprintUserMessages: [ALS_Base_CharacterBP_C_0] Floor
[2026.06.05-07.34.06:442][425]LogBlueprintUserMessages: [ALS_Base_CharacterBP_C_0] Floor
[2026.06.05-07.34.06:451][426]LogBlueprintUserMessages: [ALS_Base_CharacterBP_C_0] Floor
[2026.06.05-07.34.06:459][427]LogBlueprintUserMessages: [ALS_Base_CharacterBP_C_0] Floor
[2026.06.05-07.34.06:468][428]LogBlueprintUserMessages: [ALS_Base_CharacterBP_C_0] Floor
[2026.06.05-07.34.06:475][429]LogBlueprintUserMessages: [ALS_Base_CharacterBP_C_0] Floor
[2026.06.05-07.34.06:484][430]LogBlueprintUserMessages: [ALS_Base_CharacterBP_C_0] Floor
[2026.06.05-07.34.06:493][431]LogBlueprintUserMessages: [ALS_Base_CharacterBP_C_0] Floor
[2026.06.05-07.34.06:501][432]LogBlueprintUserMessages: [ALS_Base_CharacterBP_C_0] Floor
[2026.06.05-07.34.06:509][433]LogBlueprintUserMessages: [ALS_Base_CharacterBP_C_0] Floor
[2026.06.05-07.34.06:517][434]LogBlueprintUserMessages: [ALS_Base_CharacterBP_C_0] Floor
[2026.06.05-07.34.06:525][435]LogBlueprintUserMessages: [ALS_Base_CharacterBP_C_0] Floor
[2026.06.05-07.34.06:534][436]LogBlueprintUserMessages: [ALS_Base_CharacterBP_C_0] Floor
[2026.06.05-07.34.06:542][437]LogBlueprintUserMessages: [ALS_Base_CharacterBP_C_0] Floor
[2026.06.05-07.34.06:551][438]LogBlueprintUserMessages: [ALS_Base_CharacterBP_C_0] Floor
[2026.06.05-07.34.06:559][439]LogBlueprintUserMessages: [ALS_Base_CharacterBP_C_0] Floor
[2026.06.05-07.34.06:567][440]LogBlueprintUserMessages: [ALS_Base_CharacterBP_C_0] Floor
[2026.06.05-07.34.06:575][441]LogBlueprintUserMessages: [ALS_Base_CharacterBP_C_0] Floor
[2026.06.05-07.34.06:584][442]LogBlueprintUserMessages: [ALS_Base_CharacterBP_C_0] Floor
[2026.06.05-07.34.06:592][443]LogBlueprintUserMessages: [ALS_Base_CharacterBP_C_0] Floor
[2026.06.05-07.34.06:601][444]LogBlueprintUserMessages: [ALS_Base_CharacterBP_C_0] Floor
[2026.06.05-07.34.06:608][445]LogBlueprintUserMessages: [ALS_Base_CharacterBP_C_0] Floor
[2026.06.05-07.34.06:617][446]LogBlueprintUserMessages: [ALS_Base_CharacterBP_C_0] Floor
[2026.06.05-07.34.06:625][447]LogBlueprintUserMessages: [ALS_Base_CharacterBP_C_0] Floor
[2026.06.05-07.34.06:634][448]LogBlueprintUserMessages: [ALS_Base_CharacterBP_C_0] Floor
[2026.06.05-07.34.06:642][449]LogBlueprintUserMessages: [ALS_Base_CharacterBP_C_0] Floor
[2026.06.05-07.34.06:650][450]LogBlueprintUserMessages: [ALS_Base_CharacterBP_C_0] Floor
[2026.06.05-07.34.06:659][451]LogBlueprintUserMessages: [ALS_Base_CharacterBP_C_0] Floor
[2026.06.05-07.34.06:667][452]LogBlueprintUserMessages: [ALS_Base_CharacterBP_C_0] Floor
[2026.06.05-07.34.06:676][453]LogBlueprintUserMessages: [ALS_Base_CharacterBP_C_0] Floor
[2026.06.05-07.34.06:684][454]LogBlueprintUserMessages: [ALS_Base_CharacterBP_C_0] Floor
[2026.06.05-07.34.06:692][455]LogBlueprintUserMessages: [ALS_Base_CharacterBP_C_0] Floor
[2026.06.05-07.34.06:701][456]LogBlueprintUserMessages: [ALS_Base_CharacterBP_C_0] Floor
[2026.06.05-07.34.06:709][457]LogBlueprintUserMessages: [ALS_Base_CharacterBP_C_0] Floor
[2026.06.05-07.34.06:717][458]LogBlueprintUserMessages: [ALS_Base_CharacterBP_C_0] Floor
[2026.06.05-07.34.06:725][459]LogBlueprintUserMessages: [ALS_Base_CharacterBP_C_0] Floor
[2026.06.05-07.34.06:733][460]LogBlueprintUserMessages: [ALS_Base_CharacterBP_C_0] Floor
[2026.06.05-07.34.06:742][461]LogBlueprintUserMessages: [ALS_Base_CharacterBP_C_0] Floor
[2026.06.05-07.34.06:750][462]LogBlueprintUserMessages: [ALS_Base_CharacterBP_C_0] Floor
[2026.06.05-07.34.06:758][463]LogBlueprintUserMessages: [ALS_Base_CharacterBP_C_0] Floor
[2026.06.05-07.34.06:767][464]LogBlueprintUserMessages: [ALS_Base_CharacterBP_C_0] Floor
[2026.06.05-07.34.06:776][465]LogBlueprintUserMessages: [ALS_Base_CharacterBP_C_0] Floor
[2026.06.05-07.34.06:784][466]LogBlueprintUserMessages: [ALS_Base_CharacterBP_C_0] Floor
[2026.06.05-07.34.06:792][467]LogBlueprintUserMessages: [ALS_Base_CharacterBP_C_0] Floor
[2026.06.05-07.34.06:801][468]LogBlueprintUserMessages: [ALS_Base_CharacterBP_C_0] Floor
[2026.06.05-07.34.06:809][469]LogBlueprintUserMessages: [ALS_Base_CharacterBP_C_0] Floor
[2026.06.05-07.34.06:817][470]LogBlueprintUserMessages: [ALS_Base_CharacterBP_C_0] Floor
[2026.06.05-07.34.06:825][471]LogBlueprintUserMessages: [ALS_Base_CharacterBP_C_0] Floor
[2026.06.05-07.34.06:834][472]LogBlueprintUserMessages: [ALS_Base_CharacterBP_C_0] Floor
[2026.06.05-07.34.06:842][473]LogBlueprintUserMessages: [ALS_Base_CharacterBP_C_0] Floor
[2026.06.05-07.34.06:850][474]LogBlueprintUserMessages: [ALS_Base_CharacterBP_C_0] Floor
[2026.06.05-07.34.06:858][475]LogBlueprintUserMessages: [ALS_Base_CharacterBP_C_0] Floor
[2026.06.05-07.34.06:867][476]LogBlueprintUserMessages: [ALS_Base_CharacterBP_C_0] Floor
[2026.06.05-07.34.06:875][477]LogBlueprintUserMessages: [ALS_Base_CharacterBP_C_0] Floor
[2026.06.05-07.34.06:884][478]LogBlueprintUserMessages: [ALS_Base_CharacterBP_C_0] Floor
[2026.06.05-07.34.06:892][479]LogBlueprintUserMessages: [ALS_Base_CharacterBP_C_0] Floor
[2026.06.05-07.34.06:899][480]LogBlueprintUserMessages: [ALS_Base_CharacterBP_C_0] Linear_Stair_StaticMesh
[2026.06.05-07.34.06:908][481]LogBlueprintUserMessages: [ALS_Base_CharacterBP_C_0] Linear_Stair_StaticMesh
[2026.06.05-07.34.06:917][482]LogBlueprintUserMessages: [ALS_Base_CharacterBP_C_0] Linear_Stair_StaticMesh
[2026.06.05-07.34.06:926][483]LogBlueprintUserMessages: [ALS_Base_CharacterBP_C_0] Linear_Stair_StaticMesh
[2026.06.05-07.34.06:934][484]LogBlueprintUserMessages: [ALS_Base_CharacterBP_C_0] Linear_Stair_StaticMesh
[2026.06.05-07.34.06:941][485]LogBlueprintUserMessages: [ALS_Base_CharacterBP_C_0] Linear_Stair_StaticMesh
[2026.06.05-07.34.06:951][486]LogBlueprintUserMessages: [ALS_Base_CharacterBP_C_0] Linear_Stair_StaticMesh
[2026.06.05-07.34.06:959][487]LogBlueprintUserMessages: [ALS_Base_CharacterBP_C_0] Linear_Stair_StaticMesh
[2026.06.05-07.34.06:967][488]LogBlueprintUserMessages: [ALS_Base_CharacterBP_C_0] Linear_Stair_StaticMesh
[2026.06.05-07.34.06:975][489]LogBlueprintUserMessages: [ALS_Base_CharacterBP_C_0] Linear_Stair_StaticMesh
[2026.06.05-07.34.06:983][490]LogBlueprintUserMessages: [ALS_Base_CharacterBP_C_0] Linear_Stair_StaticMesh
[2026.06.05-07.34.06:992][491]LogBlueprintUserMessages: [ALS_Base_CharacterBP_C_0] Linear_Stair_StaticMesh
[2026.06.05-07.34.07:001][492]LogBlueprintUserMessages: [ALS_Base_CharacterBP_C_0] Linear_Stair_StaticMesh
[2026.06.05-07.34.07:009][493]LogBlueprintUserMessages: [ALS_Base_CharacterBP_C_0] Linear_Stair_StaticMesh
[2026.06.05-07.34.07:017][494]LogBlueprintUserMessages: [ALS_Base_CharacterBP_C_0] Linear_Stair_StaticMesh
[2026.06.05-07.34.07:026][495]LogBlueprintUserMessages: [ALS_Base_CharacterBP_C_0] Linear_Stair_StaticMesh
[2026.06.05-07.34.07:034][496]LogBlueprintUserMessages: [ALS_Base_CharacterBP_C_0] Linear_Stair_StaticMesh
[2026.06.05-07.34.07:042][497]LogBlueprintUserMessages: [ALS_Base_CharacterBP_C_0] Linear_Stair_StaticMesh
[2026.06.05-07.34.07:051][498]LogBlueprintUserMessages: [ALS_Base_CharacterBP_C_0] Linear_Stair_StaticMesh
[2026.06.05-07.34.07:059][499]LogBlueprintUserMessages: [ALS_Base_CharacterBP_C_0] Linear_Stair_StaticMesh
[2026.06.05-07.34.07:068][500]LogBlueprintUserMessages: [ALS_Base_CharacterBP_C_0] Linear_Stair_StaticMesh
[2026.06.05-07.34.07:075][501]LogBlueprintUserMessages: [ALS_Base_CharacterBP_C_0] Linear_Stair_StaticMesh
[2026.06.05-07.34.07:084][502]LogBlueprintUserMessages: [ALS_Base_CharacterBP_C_0] Linear_Stair_StaticMesh
[2026.06.05-07.34.07:093][503]LogBlueprintUserMessages: [ALS_Base_CharacterBP_C_0] Linear_Stair_StaticMesh
[2026.06.05-07.34.07:101][504]LogBlueprintUserMessages: [ALS_Base_CharacterBP_C_0] Linear_Stair_StaticMesh
[2026.06.05-07.34.07:109][505]LogBlueprintUserMessages: [ALS_Base_CharacterBP_C_0] Linear_Stair_StaticMesh
[2026.06.05-07.34.07:117][506]LogBlueprintUserMessages: [ALS_Base_CharacterBP_C_0] Linear_Stair_StaticMesh
[2026.06.05-07.34.07:126][507]LogBlueprintUserMessages: [ALS_Base_CharacterBP_C_0] Linear_Stair_StaticMesh
[2026.06.05-07.34.07:133][508]LogBlueprintUserMessages: [ALS_Base_CharacterBP_C_0] Linear_Stair_StaticMesh
[2026.06.05-07.34.07:142][509]LogBlueprintUserMessages: [ALS_Base_CharacterBP_C_0] Linear_Stair_StaticMesh
[2026.06.05-07.34.07:151][510]LogBlueprintUserMessages: [ALS_Base_CharacterBP_C_0] Linear_Stair_StaticMesh
[2026.06.05-07.34.07:159][511]LogBlueprintUserMessages: [ALS_Base_CharacterBP_C_0] Linear_Stair_StaticMesh
[2026.06.05-07.34.07:168][512]LogBlueprintUserMessages: [ALS_Base_CharacterBP_C_0] Linear_Stair_StaticMesh
[2026.06.05-07.34.07:175][513]LogBlueprintUserMessages: [ALS_Base_CharacterBP_C_0] Linear_Stair_StaticMesh
[2026.06.05-07.34.07:184][514]LogBlueprintUserMessages: [ALS_Base_CharacterBP_C_0] Linear_Stair_StaticMesh
[2026.06.05-07.34.07:192][515]LogBlueprintUserMessages: [ALS_Base_CharacterBP_C_0] Linear_Stair_StaticMesh
[2026.06.05-07.34.07:201][516]LogBlueprintUserMessages: [ALS_Base_CharacterBP_C_0] Linear_Stair_StaticMesh
[2026.06.05-07.34.07:209][517]LogBlueprintUserMessages: [ALS_Base_CharacterBP_C_0] Linear_Stair_StaticMesh
[2026.06.05-07.34.07:217][518]LogBlueprintUserMessages: [ALS_Base_CharacterBP_C_0] Linear_Stair_StaticMesh
[2026.06.05-07.34.07:226][519]LogBlueprintUserMessages: [ALS_Base_CharacterBP_C_0] Linear_Stair_StaticMesh
[2026.06.05-07.34.07:234][520]LogBlueprintUserMessages: [ALS_Base_CharacterBP_C_0] Linear_Stair_StaticMesh
[2026.06.05-07.34.07:242][521]LogBlueprintUserMessages: [ALS_Base_CharacterBP_C_0] Linear_Stair_StaticMesh
[2026.06.05-07.34.07:251][522]LogBlueprintUserMessages: [ALS_Base_CharacterBP_C_0] Linear_Stair_StaticMesh
[2026.06.05-07.34.07:259][523]LogBlueprintUserMessages: [ALS_Base_CharacterBP_C_0] Linear_Stair_StaticMesh
[2026.06.05-07.34.07:267][524]LogBlueprintUserMessages: [ALS_Base_CharacterBP_C_0] Linear_Stair_StaticMesh
[2026.06.05-07.34.07:276][525]LogBlueprintUserMessages: [ALS_Base_CharacterBP_C_0] Linear_Stair_StaticMesh
[2026.06.05-07.34.07:284][526]LogBlueprintUserMessages: [ALS_Base_CharacterBP_C_0] Linear_Stair_StaticMesh
[2026.06.05-07.34.07:293][527]LogBlueprintUserMessages: [ALS_Base_CharacterBP_C_0] Linear_Stair_StaticMesh
[2026.06.05-07.34.07:301][528]LogBlueprintUserMessages: [ALS_Base_CharacterBP_C_0] Linear_Stair_StaticMesh
[2026.06.05-07.34.07:309][529]LogBlueprintUserMessages: [ALS_Base_CharacterBP_C_0] Linear_Stair_StaticMesh
[2026.06.05-07.34.07:317][530]LogBlueprintUserMessages: [ALS_Base_CharacterBP_C_0] Linear_Stair_StaticMesh
[2026.06.05-07.34.07:326][531]LogBlueprintUserMessages: [ALS_Base_CharacterBP_C_0] Linear_Stair_StaticMesh
[2026.06.05-07.34.07:333][532]LogBlueprintUserMessages: [ALS_Base_CharacterBP_C_0] Linear_Stair_StaticMesh
[2026.06.05-07.34.07:342][533]LogBlueprintUserMessages: [ALS_Base_CharacterBP_C_0] Linear_Stair_StaticMesh
[2026.06.05-07.34.07:350][534]LogBlueprintUserMessages: [ALS_Base_CharacterBP_C_0] Linear_Stair_StaticMesh
[2026.06.05-07.34.07:359][535]LogBlueprintUserMessages: [ALS_Base_CharacterBP_C_0] Linear_Stair_StaticMesh
[2026.06.05-07.34.07:367][536]LogBlueprintUserMessages: [ALS_Base_CharacterBP_C_0] Linear_Stair_StaticMesh
[2026.06.05-07.34.07:376][537]LogBlueprintUserMessages: [ALS_Base_CharacterBP_C_0] Linear_Stair_StaticMesh
[2026.06.05-07.34.07:383][538]LogBlueprintUserMessages: [ALS_Base_CharacterBP_C_0] Linear_Stair_StaticMesh
[2026.06.05-07.34.07:392][539]LogBlueprintUserMessages: [ALS_Base_CharacterBP_C_0] Linear_Stair_StaticMesh
[2026.06.05-07.34.07:401][540]LogBlueprintUserMessages: [ALS_Base_CharacterBP_C_0] Linear_Stair_StaticMesh
[2026.06.05-07.34.07:409][541]LogBlueprintUserMessages: [ALS_Base_CharacterBP_C_0] Linear_Stair_StaticMesh
[2026.06.05-07.34.07:417][542]LogBlueprintUserMessages: [ALS_Base_CharacterBP_C_0] Linear_Stair_StaticMesh
[2026.06.05-07.34.07:426][543]LogBlueprintUserMessages: [ALS_Base_CharacterBP_C_0] Linear_Stair_StaticMesh
[2026.06.05-07.34.07:434][544]LogBlueprintUserMessages: [ALS_Base_CharacterBP_C_0] Linear_Stair_StaticMesh
[2026.06.05-07.34.07:442][545]LogBlueprintUserMessages: [ALS_Base_CharacterBP_C_0] Linear_Stair_StaticMesh
[2026.06.05-07.34.07:450][546]LogBlueprintUserMessages: [ALS_Base_CharacterBP_C_0] Linear_Stair_StaticMesh
[2026.06.05-07.34.07:459][547]LogBlueprintUserMessages: [ALS_Base_CharacterBP_C_0] Linear_Stair_StaticMesh
[2026.06.05-07.34.07:467][548]LogBlueprintUserMessages: [ALS_Base_CharacterBP_C_0] Linear_Stair_StaticMesh
[2026.06.05-07.34.07:476][549]LogBlueprintUserMessages: [ALS_Base_CharacterBP_C_0] Linear_Stair_StaticMesh
[2026.06.05-07.34.07:484][550]LogBlueprintUserMessages: [ALS_Base_CharacterBP_C_0] Linear_Stair_StaticMesh
[2026.06.05-07.34.07:493][551]LogBlueprintUserMessages: [ALS_Base_CharacterBP_C_0] Linear_Stair_StaticMesh
[2026.06.05-07.34.07:501][552]LogBlueprintUserMessages: [ALS_Base_CharacterBP_C_0] Linear_Stair_StaticMesh
[2026.06.05-07.34.07:509][553]LogBlueprintUserMessages: [ALS_Base_CharacterBP_C_0] Linear_Stair_StaticMesh
[2026.06.05-07.34.07:517][554]LogBlueprintUserMessages: [ALS_Base_CharacterBP_C_0] Linear_Stair_StaticMesh
[2026.06.05-07.34.07:525][555]LogBlueprintUserMessages: [ALS_Base_CharacterBP_C_0] Linear_Stair_StaticMesh
[2026.06.05-07.34.07:534][556]LogBlueprintUserMessages: [ALS_Base_CharacterBP_C_0] Linear_Stair_StaticMesh
[2026.06.05-07.34.07:542][557]LogBlueprintUserMessages: [ALS_Base_CharacterBP_C_0] Linear_Stair_StaticMesh
[2026.06.05-07.34.07:551][558]LogBlueprintUserMessages: [ALS_Base_CharacterBP_C_0] Linear_Stair_StaticMesh
[2026.06.05-07.34.07:559][559]LogBlueprintUserMessages: [ALS_Base_CharacterBP_C_0] Linear_Stair_StaticMesh
[2026.06.05-07.34.07:567][560]LogBlueprintUserMessages: [ALS_Base_CharacterBP_C_0] Linear_Stair_StaticMesh
[2026.06.05-07.34.07:575][561]LogBlueprintUserMessages: [ALS_Base_CharacterBP_C_0] Linear_Stair_StaticMesh
[2026.06.05-07.34.07:584][562]LogBlueprintUserMessages: [ALS_Base_CharacterBP_C_0] Linear_Stair_StaticMesh
[2026.06.05-07.34.07:592][563]LogBlueprintUserMessages: [ALS_Base_CharacterBP_C_0] Linear_Stair_StaticMesh
[2026.06.05-07.34.07:601][564]LogBlueprintUserMessages: [ALS_Base_CharacterBP_C_0] Linear_Stair_StaticMesh
[2026.06.05-07.34.07:609][565]LogBlueprintUserMessages: [ALS_Base_CharacterBP_C_0] Linear_Stair_StaticMesh
[2026.06.05-07.34.07:617][566]LogBlueprintUserMessages: [ALS_Base_CharacterBP_C_0] Linear_Stair_StaticMesh
[2026.06.05-07.34.07:626][567]LogBlueprintUserMessages: [ALS_Base_CharacterBP_C_0] Linear_Stair_StaticMesh
[2026.06.05-07.34.07:634][568]LogBlueprintUserMessages: [ALS_Base_CharacterBP_C_0] Linear_Stair_StaticMesh
[2026.06.05-07.34.07:643][569]LogBlueprintUserMessages: [ALS_Base_CharacterBP_C_0] Linear_Stair_StaticMesh
[2026.06.05-07.34.07:651][570]LogBlueprintUserMessages: [ALS_Base_CharacterBP_C_0] Linear_Stair_StaticMesh
[2026.06.05-07.34.07:659][571]LogBlueprintUserMessages: [ALS_Base_CharacterBP_C_0] Linear_Stair_StaticMesh
[2026.06.05-07.34.07:667][572]LogBlueprintUserMessages: [ALS_Base_CharacterBP_C_0] Linear_Stair_StaticMesh
[2026.06.05-07.34.07:675][573]LogBlueprintUserMessages: [ALS_Base_CharacterBP_C_0] Linear_Stair_StaticMesh
[2026.06.05-07.34.07:684][574]LogBlueprintUserMessages: [ALS_Base_CharacterBP_C_0] Linear_Stair_StaticMesh
[2026.06.05-07.34.07:692][575]LogBlueprintUserMessages: [ALS_Base_CharacterBP_C_0] Linear_Stair_StaticMesh
[2026.06.05-07.34.07:699][576]LogBlueprintUserMessages: [ALS_Base_CharacterBP_C_0] Linear_Stair_StaticMesh
[2026.06.05-07.34.07:709][577]LogBlueprintUserMessages: [ALS_Base_CharacterBP_C_0] Linear_Stair_StaticMesh
[2026.06.05-07.34.07:717][578]LogBlueprintUserMessages: [ALS_Base_CharacterBP_C_0] Linear_Stair_StaticMesh
[2026.06.05-07.34.07:725][579]LogBlueprintUserMessages: [ALS_Base_CharacterBP_C_0] Linear_Stair_StaticMesh
[2026.06.05-07.34.07:733][580]LogBlueprintUserMessages: [ALS_Base_CharacterBP_C_0] Linear_Stair_StaticMesh
[2026.06.05-07.34.07:742][581]LogBlueprintUserMessages: [ALS_Base_CharacterBP_C_0] Linear_Stair_StaticMesh
[2026.06.05-07.34.07:750][582]LogBlueprintUserMessages: [ALS_Base_CharacterBP_C_0] Linear_Stair_StaticMesh
[2026.06.05-07.34.07:759][583]LogBlueprintUserMessages: [ALS_Base_CharacterBP_C_0] Linear_Stair_StaticMesh
[2026.06.05-07.34.07:767][584]LogBlueprintUserMessages: [ALS_Base_CharacterBP_C_0] Linear_Stair_StaticMesh
[2026.06.05-07.34.07:776][585]LogBlueprintUserMessages: [ALS_Base_CharacterBP_C_0] Linear_Stair_StaticMesh
[2026.06.05-07.34.07:784][586]LogBlueprintUserMessages: [ALS_Base_CharacterBP_C_0] Linear_Stair_StaticMesh
[2026.06.05-07.34.07:792][587]LogBlueprintUserMessages: [ALS_Base_CharacterBP_C_0] Linear_Stair_StaticMesh
[2026.06.05-07.34.07:801][588]LogBlueprintUserMessages: [ALS_Base_CharacterBP_C_0] Linear_Stair_StaticMesh
[2026.06.05-07.34.07:809][589]LogBlueprintUserMessages: [ALS_Base_CharacterBP_C_0] Linear_Stair_StaticMesh
[2026.06.05-07.34.07:817][590]LogBlueprintUserMessages: [ALS_Base_CharacterBP_C_0] Linear_Stair_StaticMesh
[2026.06.05-07.34.07:826][591]LogBlueprintUserMessages: [ALS_Base_CharacterBP_C_0] Linear_Stair_StaticMesh
[2026.06.05-07.34.07:834][592]LogBlueprintUserMessages: [ALS_Base_CharacterBP_C_0] Linear_Stair_StaticMesh
[2026.06.05-07.34.07:842][593]LogBlueprintUserMessages: [ALS_Base_CharacterBP_C_0] Linear_Stair_StaticMesh
[2026.06.05-07.34.07:851][594]LogBlueprintUserMessages: [ALS_Base_CharacterBP_C_0] Linear_Stair_StaticMesh
[2026.06.05-07.34.07:858][595]LogBlueprintUserMessages: [ALS_Base_CharacterBP_C_0] Linear_Stair_StaticMesh
[2026.06.05-07.34.07:867][596]LogBlueprintUserMessages: [ALS_Base_CharacterBP_C_0] Linear_Stair_StaticMesh
[2026.06.05-07.34.07:875][597]LogBlueprintUserMessages: [ALS_Base_CharacterBP_C_0] Linear_Stair_StaticMesh
[2026.06.05-07.34.07:884][598]LogBlueprintUserMessages: [ALS_Base_CharacterBP_C_0] Linear_Stair_StaticMesh
[2026.06.05-07.34.07:892][599]LogBlueprintUserMessages: [ALS_Base_CharacterBP_C_0] Linear_Stair_StaticMesh
[2026.06.05-07.34.07:901][600]LogBlueprintUserMessages: [ALS_Base_CharacterBP_C_0] Linear_Stair_StaticMesh
[2026.06.05-07.34.07:909][601]LogBlueprintUserMessages: [ALS_Base_CharacterBP_C_0] Linear_Stair_StaticMesh
[2026.06.05-07.34.07:917][602]LogBlueprintUserMessages: [ALS_Base_CharacterBP_C_0] Linear_Stair_StaticMesh
[2026.06.05-07.34.07:925][603]LogBlueprintUserMessages: [ALS_Base_CharacterBP_C_0] Linear_Stair_StaticMesh
[2026.06.05-07.34.07:933][604]LogBlueprintUserMessages: [ALS_Base_CharacterBP_C_0] Linear_Stair_StaticMesh
[2026.06.05-07.34.07:942][605]LogBlueprintUserMessages: [ALS_Base_CharacterBP_C_0] Linear_Stair_StaticMesh
[2026.06.05-07.34.07:950][606]LogBlueprintUserMessages: [ALS_Base_CharacterBP_C_0] Linear_Stair_StaticMesh
[2026.06.05-07.34.07:959][607]LogBlueprintUserMessages: [ALS_Base_CharacterBP_C_0] Linear_Stair_StaticMesh
[2026.06.05-07.34.07:967][608]LogBlueprintUserMessages: [ALS_Base_CharacterBP_C_0] Linear_Stair_StaticMesh
[2026.06.05-07.34.07:976][609]LogBlueprintUserMessages: [ALS_Base_CharacterBP_C_0] Linear_Stair_StaticMesh
[2026.06.05-07.34.07:984][610]LogBlueprintUserMessages: [ALS_Base_CharacterBP_C_0] Linear_Stair_StaticMesh
[2026.06.05-07.34.07:992][611]LogBlueprintUserMessages: [ALS_Base_CharacterBP_C_0] Linear_Stair_StaticMesh
[2026.06.05-07.34.08:001][612]LogBlueprintUserMessages: [ALS_Base_CharacterBP_C_0] Linear_Stair_StaticMesh
[2026.06.05-07.34.08:008][613]LogBlueprintUserMessages: [ALS_Base_CharacterBP_C_0] Linear_Stair_StaticMesh
[2026.06.05-07.34.08:017][614]LogBlueprintUserMessages: [ALS_Base_CharacterBP_C_0] Linear_Stair_StaticMesh
[2026.06.05-07.34.08:025][615]LogBlueprintUserMessages: [ALS_Base_CharacterBP_C_0] Linear_Stair_StaticMesh
[2026.06.05-07.34.08:034][616]LogBlueprintUserMessages: [ALS_Base_CharacterBP_C_0] Linear_Stair_StaticMesh
[2026.06.05-07.34.08:042][617]LogBlueprintUserMessages: [ALS_Base_CharacterBP_C_0] Linear_Stair_StaticMesh
[2026.06.05-07.34.08:050][618]LogBlueprintUserMessages: [ALS_Base_CharacterBP_C_0] Linear_Stair_StaticMesh
[2026.06.05-07.34.08:059][619]LogBlueprintUserMessages: [ALS_Base_CharacterBP_C_0] Linear_Stair_StaticMesh
[2026.06.05-07.34.08:067][620]LogBlueprintUserMessages: [ALS_Base_CharacterBP_C_0] Linear_Stair_StaticMesh
[2026.06.05-07.34.08:076][621]LogBlueprintUserMessages: [ALS_Base_CharacterBP_C_0] Linear_Stair_StaticMesh
[2026.06.05-07.34.08:084][622]LogBlueprintUserMessages: [ALS_Base_CharacterBP_C_0] Linear_Stair_StaticMesh
[2026.06.05-07.34.08:092][623]LogBlueprintUserMessages: [ALS_Base_CharacterBP_C_0] Linear_Stair_StaticMesh
[2026.06.05-07.34.08:101][624]LogBlueprintUserMessages: [ALS_Base_CharacterBP_C_0] Linear_Stair_StaticMesh
[2026.06.05-07.34.08:109][625]LogBlueprintUserMessages: [ALS_Base_CharacterBP_C_0] Linear_Stair_StaticMesh
[2026.06.05-07.34.08:117][626]LogBlueprintUserMessages: [ALS_Base_CharacterBP_C_0] Linear_Stair_StaticMesh
[2026.06.05-07.34.08:126][627]LogBlueprintUserMessages: [ALS_Base_CharacterBP_C_0] Linear_Stair_StaticMesh
[2026.06.05-07.34.08:133][628]LogBlueprintUserMessages: [ALS_Base_CharacterBP_C_0] Linear_Stair_StaticMesh
[2026.06.05-07.34.08:142][629]LogBlueprintUserMessages: [ALS_Base_CharacterBP_C_0] Linear_Stair_StaticMesh
[2026.06.05-07.34.08:150][630]LogBlueprintUserMessages: [ALS_Base_CharacterBP_C_0] Linear_Stair_StaticMesh
[2026.06.05-07.34.08:159][631]LogBlueprintUserMessages: [ALS_Base_CharacterBP_C_0] Linear_Stair_StaticMesh
[2026.06.05-07.34.08:167][632]LogBlueprintUserMessages: [ALS_Base_CharacterBP_C_0] Linear_Stair_StaticMesh
[2026.06.05-07.34.08:176][633]LogBlueprintUserMessages: [ALS_Base_CharacterBP_C_0] Linear_Stair_StaticMesh
[2026.06.05-07.34.08:184][634]LogBlueprintUserMessages: [ALS_Base_CharacterBP_C_0] Linear_Stair_StaticMesh
[2026.06.05-07.34.08:192][635]LogBlueprintUserMessages: [ALS_Base_CharacterBP_C_0] Linear_Stair_StaticMesh
[2026.06.05-07.34.08:201][636]LogBlueprintUserMessages: [ALS_Base_CharacterBP_C_0] Linear_Stair_StaticMesh
[2026.06.05-07.34.08:209][637]LogBlueprintUserMessages: [ALS_Base_CharacterBP_C_0] Linear_Stair_StaticMesh
[2026.06.05-07.34.08:217][638]LogBlueprintUserMessages: [ALS_Base_CharacterBP_C_0] Linear_Stair_StaticMesh
[2026.06.05-07.34.08:225][639]LogBlueprintUserMessages: [ALS_Base_CharacterBP_C_0] Linear_Stair_StaticMesh
[2026.06.05-07.34.08:234][640]LogBlueprintUserMessages: [ALS_Base_CharacterBP_C_0] Linear_Stair_StaticMesh
[2026.06.05-07.34.08:242][641]LogBlueprintUserMessages: [ALS_Base_CharacterBP_C_0] Linear_Stair_StaticMesh
[2026.06.05-07.34.08:249][642]LogBlueprintUserMessages: [ALS_Base_CharacterBP_C_0] Linear_Stair_StaticMesh
[2026.06.05-07.34.08:258][643]LogBlueprintUserMessages: [ALS_Base_CharacterBP_C_0] Linear_Stair_StaticMesh
[2026.06.05-07.34.08:267][644]LogBlueprintUserMessages: [ALS_Base_CharacterBP_C_0] RightArm_StaticMesh
[2026.06.05-07.34.08:275][645]LogBlueprintUserMessages: [ALS_Base_CharacterBP_C_0] RightArm_StaticMesh
[2026.06.05-07.34.08:284][646]LogBlueprintUserMessages: [ALS_Base_CharacterBP_C_0] RightArm_StaticMesh
[2026.06.05-07.34.08:292][647]LogBlueprintUserMessages: [ALS_Base_CharacterBP_C_0] RightArm_StaticMesh
[2026.06.05-07.34.08:299][648]LogBlueprintUserMessages: [ALS_Base_CharacterBP_C_0] Linear_Stair_StaticMesh
[2026.06.05-07.34.08:309][649]LogBlueprintUserMessages: [ALS_Base_CharacterBP_C_0] Linear_Stair_StaticMesh
[2026.06.05-07.34.08:317][650]LogBlueprintUserMessages: [ALS_Base_CharacterBP_C_0] Linear_Stair_StaticMesh
[2026.06.05-07.34.08:326][651]LogBlueprintUserMessages: [ALS_Base_CharacterBP_C_0] Linear_Stair_StaticMesh
[2026.06.05-07.34.08:334][652]LogBlueprintUserMessages: [ALS_Base_CharacterBP_C_0] Linear_Stair_StaticMesh
[2026.06.05-07.34.08:343][653]LogBlueprintUserMessages: [ALS_Base_CharacterBP_C_0] Linear_Stair_StaticMesh
[2026.06.05-07.34.08:351][654]LogBlueprintUserMessages: [ALS_Base_CharacterBP_C_0] RightArm_StaticMesh
[2026.06.05-07.34.08:359][655]LogBlueprintUserMessages: [ALS_Base_CharacterBP_C_0] Linear_Stair_StaticMesh
[2026.06.05-07.34.08:367][656]LogBlueprintUserMessages: [ALS_Base_CharacterBP_C_0] Linear_Stair_StaticMesh
[2026.06.05-07.34.08:375][657]LogBlueprintUserMessages: [ALS_Base_CharacterBP_C_0] Linear_Stair_StaticMesh
[2026.06.05-07.34.08:384][658]LogBlueprintUserMessages: [ALS_Base_CharacterBP_C_0] Linear_Stair_StaticMesh
[2026.06.05-07.34.08:392][659]LogBlueprintUserMessages: [ALS_Base_CharacterBP_C_0] Linear_Stair_StaticMesh
[2026.06.05-07.34.08:400][660]LogBlueprintUserMessages: [ALS_Base_CharacterBP_C_0] Linear_Stair_StaticMesh
[2026.06.05-07.34.08:409][661]LogBlueprintUserMessages: [ALS_Base_CharacterBP_C_0] Linear_Stair_StaticMesh
[2026.06.05-07.34.08:417][662]LogBlueprintUserMessages: [ALS_Base_CharacterBP_C_0] Linear_Stair_StaticMesh
[2026.06.05-07.34.08:426][663]LogBlueprintUserMessages: [ALS_Base_CharacterBP_C_0] Linear_Stair_StaticMesh
[2026.06.05-07.34.08:434][664]LogBlueprintUserMessages: [ALS_Base_CharacterBP_C_0] Linear_Stair_StaticMesh
[2026.06.05-07.34.08:442][665]LogBlueprintUserMessages: [ALS_Base_CharacterBP_C_0] Linear_Stair_StaticMesh
[2026.06.05-07.34.08:451][666]LogBlueprintUserMessages: [ALS_Base_CharacterBP_C_0] Linear_Stair_StaticMesh
[2026.06.05-07.34.08:458][667]LogBlueprintUserMessages: [ALS_Base_CharacterBP_C_0] RightArm_StaticMesh
[2026.06.05-07.34.08:467][668]LogBlueprintUserMessages: [ALS_Base_CharacterBP_C_0] RightArm_StaticMesh
[2026.06.05-07.34.08:475][669]LogBlueprintUserMessages: [ALS_Base_CharacterBP_C_0] RightArm_StaticMesh
[2026.06.05-07.34.08:484][670]LogBlueprintUserMessages: [ALS_Base_CharacterBP_C_0] RightArm_StaticMesh
[2026.06.05-07.34.08:492][671]LogBlueprintUserMessages: [ALS_Base_CharacterBP_C_0] RightArm_StaticMesh
[2026.06.05-07.34.08:501][672]LogBlueprintUserMessages: [ALS_Base_CharacterBP_C_0] RightArm_StaticMesh
[2026.06.05-07.34.08:509][673]LogBlueprintUserMessages: [ALS_Base_CharacterBP_C_0] RightArm_StaticMesh
[2026.06.05-07.34.08:517][674]LogBlueprintUserMessages: [ALS_Base_CharacterBP_C_0] RightArm_StaticMesh
[2026.06.05-07.34.08:526][675]LogBlueprintUserMessages: [ALS_Base_CharacterBP_C_0] RightArm_StaticMesh
[2026.06.05-07.34.08:534][676]LogBlueprintUserMessages: [ALS_Base_CharacterBP_C_0] RightArm_StaticMesh
[2026.06.05-07.34.08:542][677]LogBlueprintUserMessages: [ALS_Base_CharacterBP_C_0] RightArm_StaticMesh
[2026.06.05-07.34.08:551][678]LogBlueprintUserMessages: [ALS_Base_CharacterBP_C_0] RightArm_StaticMesh
[2026.06.05-07.34.08:559][679]LogBlueprintUserMessages: [ALS_Base_CharacterBP_C_0] RightArm_StaticMesh
[2026.06.05-07.34.08:567][680]LogBlueprintUserMessages: [ALS_Base_CharacterBP_C_0] RightArm_StaticMesh
[2026.06.05-07.34.08:576][681]LogBlueprintUserMessages: [ALS_Base_CharacterBP_C_0] RightArm_StaticMesh
[2026.06.05-07.34.08:584][682]LogBlueprintUserMessages: [ALS_Base_CharacterBP_C_0] RightArm_StaticMesh
[2026.06.05-07.34.08:592][683]LogBlueprintUserMessages: [ALS_Base_CharacterBP_C_0] RightArm_StaticMesh
[2026.06.05-07.34.08:601][684]LogBlueprintUserMessages: [ALS_Base_CharacterBP_C_0] RightArm_StaticMesh
[2026.06.05-07.34.08:610][685]LogBlueprintUserMessages: [ALS_Base_CharacterBP_C_0] RightArm_StaticMesh
[2026.06.05-07.34.08:617][686]LogBlueprintUserMessages: [ALS_Base_CharacterBP_C_0] RightArm_StaticMesh
[2026.06.05-07.34.08:625][687]LogBlueprintUserMessages: [ALS_Base_CharacterBP_C_0] RightArm_StaticMesh
[2026.06.05-07.34.08:634][688]LogBlueprintUserMessages: [ALS_Base_CharacterBP_C_0] RightArm_StaticMesh
[2026.06.05-07.34.08:642][689]LogBlueprintUserMessages: [ALS_Base_CharacterBP_C_0] RightArm_StaticMesh
[2026.06.05-07.34.08:651][690]LogBlueprintUserMessages: [ALS_Base_CharacterBP_C_0] RightArm_StaticMesh
[2026.06.05-07.34.08:659][691]LogBlueprintUserMessages: [ALS_Base_CharacterBP_C_0] RightArm_StaticMesh
[2026.06.05-07.34.08:667][692]LogBlueprintUserMessages: [ALS_Base_CharacterBP_C_0] RightArm_StaticMesh
[2026.06.05-07.34.08:676][693]LogBlueprintUserMessages: [ALS_Base_CharacterBP_C_0] RightArm_StaticMesh
[2026.06.05-07.34.08:685][694]LogBlueprintUserMessages: [ALS_Base_CharacterBP_C_0] RightArm_StaticMesh
[2026.06.05-07.34.08:692][695]LogBlueprintUserMessages: [ALS_Base_CharacterBP_C_0] RightArm_StaticMesh
[2026.06.05-07.34.08:701][696]LogBlueprintUserMessages: [ALS_Base_CharacterBP_C_0] RightArm_StaticMesh
[2026.06.05-07.34.08:709][697]LogBlueprintUserMessages: [ALS_Base_CharacterBP_C_0] RightArm_StaticMesh
[2026.06.05-07.34.08:717][698]LogBlueprintUserMessages: [ALS_Base_CharacterBP_C_0] RightArm_StaticMesh
[2026.06.05-07.34.08:726][699]LogBlueprintUserMessages: [ALS_Base_CharacterBP_C_0] RightArm_StaticMesh
[2026.06.05-07.34.08:734][700]LogBlueprintUserMessages: [ALS_Base_CharacterBP_C_0] RightArm_StaticMesh
[2026.06.05-07.34.08:742][701]LogBlueprintUserMessages: [ALS_Base_CharacterBP_C_0] RightArm_StaticMesh
[2026.06.05-07.34.08:751][702]LogBlueprintUserMessages: [ALS_Base_CharacterBP_C_0] RightArm_StaticMesh
[2026.06.05-07.34.08:759][703]LogBlueprintUserMessages: [ALS_Base_CharacterBP_C_0] RightArm_StaticMesh
[2026.06.05-07.34.08:767][704]LogBlueprintUserMessages: [ALS_Base_CharacterBP_C_0] RightArm_StaticMesh
[2026.06.05-07.34.08:776][705]LogBlueprintUserMessages: [ALS_Base_CharacterBP_C_0] RightArm_StaticMesh
[2026.06.05-07.34.09:967][848]LogBlueprintUserMessages: [ALS_Base_CharacterBP_C_0] Bump_StaticMesh
[2026.06.05-07.34.09:975][849]LogBlueprintUserMessages: [ALS_Base_CharacterBP_C_0] Bump_StaticMesh
[2026.06.05-07.34.09:984][850]LogBlueprintUserMessages: [ALS_Base_CharacterBP_C_0] Bump_StaticMesh
[2026.06.05-07.34.09:992][851]LogBlueprintUserMessages: [ALS_Base_CharacterBP_C_0] Bump_StaticMesh
[2026.06.05-07.34.10:001][852]LogBlueprintUserMessages: [ALS_Base_CharacterBP_C_0] Bump_StaticMesh
[2026.06.05-07.34.10:009][853]LogBlueprintUserMessages: [ALS_Base_CharacterBP_C_0] Bump_StaticMesh
[2026.06.05-07.34.10:018][854]LogBlueprintUserMessages: [ALS_Base_CharacterBP_C_0] Bump_StaticMesh
[2026.06.05-07.34.10:025][855]LogBlueprintUserMessages: [ALS_Base_CharacterBP_C_0] Bump_StaticMesh
[2026.06.05-07.34.10:034][856]LogBlueprintUserMessages: [ALS_Base_CharacterBP_C_0] Bump_StaticMesh
[2026.06.05-07.34.10:042][857]LogBlueprintUserMessages: [ALS_Base_CharacterBP_C_0] Bump_StaticMesh
[2026.06.05-07.34.10:049][858]LogBlueprintUserMessages: [ALS_Base_CharacterBP_C_0] Bump_StaticMesh
[2026.06.05-07.34.10:059][859]LogBlueprintUserMessages: [ALS_Base_CharacterBP_C_0] Bump_StaticMesh
[2026.06.05-07.34.10:067][860]LogBlueprintUserMessages: [ALS_Base_CharacterBP_C_0] Bump_StaticMesh
[2026.06.05-07.34.10:075][861]LogBlueprintUserMessages: [ALS_Base_CharacterBP_C_0] Bump_StaticMesh
[2026.06.05-07.34.10:084][862]LogBlueprintUserMessages: [ALS_Base_CharacterBP_C_0] Bump_StaticMesh
[2026.06.05-07.34.10:092][863]LogBlueprintUserMessages: [ALS_Base_CharacterBP_C_0] Bump_StaticMesh
[2026.06.05-07.34.10:101][864]LogBlueprintUserMessages: [ALS_Base_CharacterBP_C_0] Bump_StaticMesh
[2026.06.05-07.34.10:109][865]LogBlueprintUserMessages: [ALS_Base_CharacterBP_C_0] Bump_StaticMesh
[2026.06.05-07.34.10:117][866]LogBlueprintUserMessages: [ALS_Base_CharacterBP_C_0] Bump_StaticMesh
[2026.06.05-07.34.10:126][867]LogBlueprintUserMessages: [ALS_Base_CharacterBP_C_0] Bump_StaticMesh
[2026.06.05-07.34.10:133][868]LogBlueprintUserMessages: [ALS_Base_CharacterBP_C_0] Bump_StaticMesh
[2026.06.05-07.34.10:142][869]LogBlueprintUserMessages: [ALS_Base_CharacterBP_C_0] Bump_StaticMesh
[2026.06.05-07.34.10:509][913]LogBlueprintUserMessages: [ALS_Base_CharacterBP_C_0] LeftArm_StaticMesh
[2026.06.05-07.34.10:518][914]LogBlueprintUserMessages: [ALS_Base_CharacterBP_C_0] LeftArm_StaticMesh
[2026.06.05-07.34.10:525][915]LogBlueprintUserMessages: [ALS_Base_CharacterBP_C_0] LeftArm_StaticMesh
[2026.06.05-07.34.10:534][916]LogBlueprintUserMessages: [ALS_Base_CharacterBP_C_0] LeftArm_StaticMesh
[2026.06.05-07.34.10:542][917]LogBlueprintUserMessages: [ALS_Base_CharacterBP_C_0] LeftArm_StaticMesh
[2026.06.05-07.34.10:551][918]LogBlueprintUserMessages: [ALS_Base_CharacterBP_C_0] LeftArm_StaticMesh
[2026.06.05-07.34.10:559][919]LogBlueprintUserMessages: [ALS_Base_CharacterBP_C_0] LeftArm_StaticMesh
[2026.06.05-07.34.10:567][920]LogBlueprintUserMessages: [ALS_Base_CharacterBP_C_0] LeftArm_StaticMesh
[2026.06.05-07.34.10:575][921]LogBlueprintUserMessages: [ALS_Base_CharacterBP_C_0] LeftArm_StaticMesh
[2026.06.05-07.34.10:584][922]LogBlueprintUserMessages: [ALS_Base_CharacterBP_C_0] LeftArm_StaticMesh
[2026.06.05-07.34.10:592][923]LogBlueprintUserMessages: [ALS_Base_CharacterBP_C_0] LeftArm_StaticMesh
[2026.06.05-07.34.10:601][924]LogBlueprintUserMessages: [ALS_Base_CharacterBP_C_0] LeftArm_StaticMesh
[2026.06.05-07.34.10:609][925]LogBlueprintUserMessages: [ALS_Base_CharacterBP_C_0] LeftArm_StaticMesh
[2026.06.05-07.34.10:617][926]LogBlueprintUserMessages: [ALS_Base_CharacterBP_C_0] LeftArm_StaticMesh
[2026.06.05-07.34.10:626][927]LogBlueprintUserMessages: [ALS_Base_CharacterBP_C_0] LeftArm_StaticMesh
[2026.06.05-07.34.10:633][928]LogBlueprintUserMessages: [ALS_Base_CharacterBP_C_0] LeftArm_StaticMesh
[2026.06.05-07.34.10:642][929]LogBlueprintUserMessages: [ALS_Base_CharacterBP_C_0] LeftArm_StaticMesh
[2026.06.05-07.34.10:992][971]LogBlueprintUserMessages: [ALS_Base_CharacterBP_C_0] Ramp_StaticMesh
[2026.06.05-07.34.11:001][972]LogBlueprintUserMessages: [ALS_Base_CharacterBP_C_0] Ramp_StaticMesh
[2026.06.05-07.34.11:009][973]LogBlueprintUserMessages: [ALS_Base_CharacterBP_C_0] Ramp_StaticMesh
[2026.06.05-07.34.11:017][974]LogBlueprintUserMessages: [ALS_Base_CharacterBP_C_0] Ramp_StaticMesh
[2026.06.05-07.34.11:025][975]LogBlueprintUserMessages: [ALS_Base_CharacterBP_C_0] Ramp_StaticMesh
[2026.06.05-07.34.11:034][976]LogBlueprintUserMessages: [ALS_Base_CharacterBP_C_0] Ramp_StaticMesh
[2026.06.05-07.34.11:042][977]LogBlueprintUserMessages: [ALS_Base_CharacterBP_C_0] Ramp_StaticMesh
[2026.06.05-07.34.11:051][978]LogBlueprintUserMessages: [ALS_Base_CharacterBP_C_0] Ramp_StaticMesh
[2026.06.05-07.34.11:059][979]LogBlueprintUserMessages: [ALS_Base_CharacterBP_C_0] Ramp_StaticMesh
[2026.06.05-07.34.11:067][980]LogBlueprintUserMessages: [ALS_Base_CharacterBP_C_0] Ramp_StaticMesh
[2026.06.05-07.34.11:075][981]LogBlueprintUserMessages: [ALS_Base_CharacterBP_C_0] Ramp_StaticMesh
[2026.06.05-07.34.11:084][982]LogBlueprintUserMessages: [ALS_Base_CharacterBP_C_0] Ramp_StaticMesh
[2026.06.05-07.34.11:092][983]LogBlueprintUserMessages: [ALS_Base_CharacterBP_C_0] Ramp_StaticMesh
[2026.06.05-07.34.11:101][984]LogBlueprintUserMessages: [ALS_Base_CharacterBP_C_0] Ramp_StaticMesh
[2026.06.05-07.34.11:109][985]LogBlueprintUserMessages: [ALS_Base_CharacterBP_C_0] Ramp_StaticMesh
[2026.06.05-07.34.11:118][986]LogBlueprintUserMessages: [ALS_Base_CharacterBP_C_0] Ramp_StaticMesh
[2026.06.05-07.34.11:125][987]LogBlueprintUserMessages: [ALS_Base_CharacterBP_C_0] Ramp_StaticMesh
[2026.06.05-07.34.11:134][988]LogBlueprintUserMessages: [ALS_Base_CharacterBP_C_0] Ramp_StaticMesh
[2026.06.05-07.34.11:142][989]LogBlueprintUserMessages: [ALS_Base_CharacterBP_C_0] Ramp_StaticMesh
[2026.06.05-07.34.11:151][990]LogBlueprintUserMessages: [ALS_Base_CharacterBP_C_0] Ramp_StaticMesh
[2026.06.05-07.34.11:159][991]LogBlueprintUserMessages: [ALS_Base_CharacterBP_C_0] Ramp_StaticMesh
[2026.06.05-07.34.11:167][992]LogBlueprintUserMessages: [ALS_Base_CharacterBP_C_0] Ramp_StaticMesh
[2026.06.05-07.34.11:175][993]LogBlueprintUserMessages: [ALS_Base_CharacterBP_C_0] Ramp_StaticMesh
[2026.06.05-07.34.11:184][994]LogBlueprintUserMessages: [ALS_Base_CharacterBP_C_0] Ramp_StaticMesh
[2026.06.05-07.34.11:192][995]LogBlueprintUserMessages: [ALS_Base_CharacterBP_C_0] Ramp_StaticMesh
[2026.06.05-07.34.11:618][ 46]LogBlueprintUserMessages: [ALS_Base_CharacterBP_C_0] CubeMesh
[2026.06.05-07.34.11:626][ 47]LogBlueprintUserMessages: [ALS_Base_CharacterBP_C_0] CubeMesh
[2026.06.05-07.34.11:634][ 48]LogBlueprintUserMessages: [ALS_Base_CharacterBP_C_0] CubeMesh
[2026.06.05-07.34.11:642][ 49]LogBlueprintUserMessages: [ALS_Base_CharacterBP_C_0] CubeMesh
[2026.06.05-07.34.11:652][ 50]LogBlueprintUserMessages: [ALS_Base_CharacterBP_C_0] CubeMesh
[2026.06.05-07.34.11:660][ 51]LogBlueprintUserMessages: [ALS_Base_CharacterBP_C_0] CubeMesh
[2026.06.05-07.34.11:668][ 52]LogBlueprintUserMessages: [ALS_Base_CharacterBP_C_0] CubeMesh
[2026.06.05-07.34.11:675][ 53]LogBlueprintUserMessages: [ALS_Base_CharacterBP_C_0] CubeMesh
[2026.06.05-07.34.11:684][ 54]LogBlueprintUserMessages: [ALS_Base_CharacterBP_C_0] CubeMesh
[2026.06.05-07.34.11:692][ 55]LogBlueprintUserMessages: [ALS_Base_CharacterBP_C_0] CubeMesh
[2026.06.05-07.34.11:701][ 56]LogBlueprintUserMessages: [ALS_Base_CharacterBP_C_0] CubeMesh
[2026.06.05-07.34.11:709][ 57]LogBlueprintUserMessages: [ALS_Base_CharacterBP_C_0] CubeMesh
[2026.06.05-07.34.11:717][ 58]LogBlueprintUserMessages: [ALS_Base_CharacterBP_C_0] CubeMesh
[2026.06.05-07.34.11:726][ 59]LogBlueprintUserMessages: [ALS_Base_CharacterBP_C_0] CubeMesh
[2026.06.05-07.34.11:734][ 60]LogBlueprintUserMessages: [ALS_Base_CharacterBP_C_0] CubeMesh
[2026.06.05-07.34.11:742][ 61]LogBlueprintUserMessages: [ALS_Base_CharacterBP_C_0] CubeMesh
[2026.06.05-07.34.11:751][ 62]LogBlueprintUserMessages: [ALS_Base_CharacterBP_C_0] CubeMesh
[2026.06.05-07.34.11:917][ 82]LogBlueprintUserMessages: [ALS_Base_CharacterBP_C_0] Floor
[2026.06.05-07.34.11:926][ 83]LogBlueprintUserMessages: [ALS_Base_CharacterBP_C_0] Floor
[2026.06.05-07.34.11:934][ 84]LogBlueprintUserMessages: [ALS_Base_CharacterBP_C_0] Floor
[2026.06.05-07.34.11:943][ 85]LogBlueprintUserMessages: [ALS_Base_CharacterBP_C_0] Floor
[2026.06.05-07.34.11:951][ 86]LogBlueprintUserMessages: [ALS_Base_CharacterBP_C_0] Floor
[2026.06.05-07.34.11:958][ 87]LogBlueprintUserMessages: [ALS_Base_CharacterBP_C_0] Floor
[2026.06.05-07.34.11:967][ 88]LogBlueprintUserMessages: [ALS_Base_CharacterBP_C_0] Floor
[2026.06.05-07.34.11:976][ 89]LogBlueprintUserMessages: [ALS_Base_CharacterBP_C_0] Floor
[2026.06.05-07.34.11:984][ 90]LogBlueprintUserMessages: [ALS_Base_CharacterBP_C_0] Floor
[2026.06.05-07.34.11:993][ 91]LogBlueprintUserMessages: [ALS_Base_CharacterBP_C_0] Floor
[2026.06.05-07.34.12:001][ 92]LogBlueprintUserMessages: [ALS_Base_CharacterBP_C_0] Floor
[2026.06.05-07.34.12:009][ 93]LogBlueprintUserMessages: [ALS_Base_CharacterBP_C_0] Floor
[2026.06.05-07.34.12:018][ 94]LogBlueprintUserMessages: [ALS_Base_CharacterBP_C_0] Floor
[2026.06.05-07.34.12:027][ 95]LogBlueprintUserMessages: [ALS_Base_CharacterBP_C_0] Floor
[2026.06.05-07.34.12:034][ 96]LogBlueprintUserMessages: [ALS_Base_CharacterBP_C_0] Floor
[2026.06.05-07.34.12:043][ 97]LogBlueprintUserMessages: [ALS_Base_CharacterBP_C_0] Floor
[2026.06.05-07.34.12:051][ 98]LogBlueprintUserMessages: [ALS_Base_CharacterBP_C_0] Floor
[2026.06.05-07.34.12:059][ 99]LogBlueprintUserMessages: [ALS_Base_CharacterBP_C_0] Floor
[2026.06.05-07.34.12:067][100]LogBlueprintUserMessages: [ALS_Base_CharacterBP_C_0] Floor
[2026.06.05-07.34.12:076][101]LogBlueprintUserMessages: [ALS_Base_CharacterBP_C_0] Floor
[2026.06.05-07.34.12:084][102]LogBlueprintUserMessages: [ALS_Base_CharacterBP_C_0] Floor
[2026.06.05-07.34.12:092][103]LogBlueprintUserMessages: [ALS_Base_CharacterBP_C_0] Floor
[2026.06.05-07.34.12:101][104]LogBlueprintUserMessages: [ALS_Base_CharacterBP_C_0] Floor
[2026.06.05-07.34.12:110][105]LogBlueprintUserMessages: [ALS_Base_CharacterBP_C_0] Floor
[2026.06.05-07.34.12:117][106]LogBlueprintUserMessages: [ALS_Base_CharacterBP_C_0] Floor
[2026.06.05-07.34.12:126][107]LogBlueprintUserMessages: [ALS_Base_CharacterBP_C_0] Floor
[2026.06.05-07.34.12:134][108]LogBlueprintUserMessages: [ALS_Base_CharacterBP_C_0] Floor
[2026.06.05-07.34.12:143][109]LogBlueprintUserMessages: [ALS_Base_CharacterBP_C_0] Floor
[2026.06.05-07.34.12:151][110]LogBlueprintUserMessages: [ALS_Base_CharacterBP_C_0] Floor
[2026.06.05-07.34.12:158][111]LogBlueprintUserMessages: [ALS_Base_CharacterBP_C_0] Floor
[2026.06.05-07.34.12:167][112]LogBlueprintUserMessages: [ALS_Base_CharacterBP_C_0] Floor
[2026.06.05-07.34.12:176][113]LogBlueprintUserMessages: [ALS_Base_CharacterBP_C_0] Floor
[2026.06.05-07.34.12:184][114]LogBlueprintUserMessages: [ALS_Base_CharacterBP_C_0] Floor
[2026.06.05-07.34.12:192][115]LogBlueprintUserMessages: [ALS_Base_CharacterBP_C_0] Floor
[2026.06.05-07.34.12:201][116]LogBlueprintUserMessages: [ALS_Base_CharacterBP_C_0] Floor
[2026.06.05-07.34.12:209][117]LogBlueprintUserMessages: [ALS_Base_CharacterBP_C_0] Floor
[2026.06.05-07.34.12:217][118]LogBlueprintUserMessages: [ALS_Base_CharacterBP_C_0] Floor
[2026.06.05-07.34.12:225][119]LogBlueprintUserMessages: [ALS_Base_CharacterBP_C_0] Floor
[2026.06.05-07.34.12:234][120]LogBlueprintUserMessages: [ALS_Base_CharacterBP_C_0] Floor
[2026.06.05-07.34.12:242][121]LogBlueprintUserMessages: [ALS_Base_CharacterBP_C_0] Floor
[2026.06.05-07.34.12:251][122]LogBlueprintUserMessages: [ALS_Base_CharacterBP_C_0] Floor
[2026.06.05-07.34.12:259][123]LogBlueprintUserMessages: [ALS_Base_CharacterBP_C_0] Floor
[2026.06.05-07.34.12:267][124]LogBlueprintUserMessages: [ALS_Base_CharacterBP_C_0] Floor
[2026.06.05-07.34.12:275][125]LogBlueprintUserMessages: [ALS_Base_CharacterBP_C_0] Floor
[2026.06.05-07.34.12:284][126]LogBlueprintUserMessages: [ALS_Base_CharacterBP_C_0] Floor
[2026.06.05-07.34.12:293][127]LogBlueprintUserMessages: [ALS_Base_CharacterBP_C_0] Floor
[2026.06.05-07.34.12:301][128]LogBlueprintUserMessages: [ALS_Base_CharacterBP_C_0] Floor
[2026.06.05-07.34.12:309][129]LogBlueprintUserMessages: [ALS_Base_CharacterBP_C_0] Floor
[2026.06.05-07.34.12:318][130]LogBlueprintUserMessages: [ALS_Base_CharacterBP_C_0] Floor
[2026.06.05-07.34.12:325][131]LogBlueprintUserMessages: [ALS_Base_CharacterBP_C_0] Floor
[2026.06.05-07.34.12:334][132]LogBlueprintUserMessages: [ALS_Base_CharacterBP_C_0] Floor
[2026.06.05-07.34.12:342][133]LogBlueprintUserMessages: [ALS_Base_CharacterBP_C_0] Floor
[2026.06.05-07.34.12:351][134]LogBlueprintUserMessages: [ALS_Base_CharacterBP_C_0] Floor
[2026.06.05-07.34.12:359][135]LogBlueprintUserMessages: [ALS_Base_CharacterBP_C_0] Floor
[2026.06.05-07.34.12:368][136]LogBlueprintUserMessages: [ALS_Base_CharacterBP_C_0] Floor
[2026.06.05-07.34.12:375][137]LogBlueprintUserMessages: [ALS_Base_CharacterBP_C_0] Floor
[2026.06.05-07.34.12:384][138]LogBlueprintUserMessages: [ALS_Base_CharacterBP_C_0] Floor
[2026.06.05-07.34.12:392][139]LogBlueprintUserMessages: [ALS_Base_CharacterBP_C_0] Floor
[2026.06.05-07.34.12:401][140]LogBlueprintUserMessages: [ALS_Base_CharacterBP_C_0] Floor
[2026.06.05-07.34.12:409][141]LogBlueprintUserMessages: [ALS_Base_CharacterBP_C_0] Floor
[2026.06.05-07.34.12:417][142]LogBlueprintUserMessages: [ALS_Base_CharacterBP_C_0] Floor
[2026.06.05-07.34.12:426][143]LogBlueprintUserMessages: [ALS_Base_CharacterBP_C_0] Floor
[2026.06.05-07.34.12:434][144]LogBlueprintUserMessages: [ALS_Base_CharacterBP_C_0] Floor
[2026.06.05-07.34.12:443][145]LogBlueprintUserMessages: [ALS_Base_CharacterBP_C_0] Floor
[2026.06.05-07.34.12:451][146]LogBlueprintUserMessages: [ALS_Base_CharacterBP_C_0] Floor
[2026.06.05-07.34.12:458][147]LogBlueprintUserMessages: [ALS_Base_CharacterBP_C_0] Floor
[2026.06.05-07.34.12:467][148]LogBlueprintUserMessages: [ALS_Base_CharacterBP_C_0] Floor
[2026.06.05-07.34.12:509][153]LogBlueprintUserMessages: [ALS_Base_CharacterBP_C_0] CubeMesh
[2026.06.05-07.34.12:518][154]LogBlueprintUserMessages: [ALS_Base_CharacterBP_C_0] CubeMesh
[2026.06.05-07.34.12:526][155]LogBlueprintUserMessages: [ALS_Base_CharacterBP_C_0] CubeMesh
[2026.06.05-07.34.12:534][156]LogBlueprintUserMessages: [ALS_Base_CharacterBP_C_0] CubeMesh
[2026.06.05-07.34.12:542][157]LogBlueprintUserMessages: [ALS_Base_CharacterBP_C_0] CubeMesh
[2026.06.05-07.34.12:551][158]LogBlueprintUserMessages: [ALS_Base_CharacterBP_C_0] CubeMesh
[2026.06.05-07.34.12:559][159]LogBlueprintUserMessages: [ALS_Base_CharacterBP_C_0] CubeMesh
[2026.06.05-07.34.12:567][160]LogBlueprintUserMessages: [ALS_Base_CharacterBP_C_0] CubeMesh
[2026.06.05-07.34.12:575][161]LogBlueprintUserMessages: [ALS_Base_CharacterBP_C_0] CubeMesh
[2026.06.05-07.34.12:584][162]LogBlueprintUserMessages: [ALS_Base_CharacterBP_C_0] CubeMesh
[2026.06.05-07.34.12:592][163]LogBlueprintUserMessages: [ALS_Base_CharacterBP_C_0] CubeMesh
[2026.06.05-07.34.12:601][164]LogBlueprintUserMessages: [ALS_Base_CharacterBP_C_0] CubeMesh
[2026.06.05-07.34.12:609][165]LogBlueprintUserMessages: [ALS_Base_CharacterBP_C_0] CubeMesh
[2026.06.05-07.34.12:617][166]LogBlueprintUserMessages: [ALS_Base_CharacterBP_C_0] CubeMesh
[2026.06.05-07.34.12:626][167]LogBlueprintUserMessages: [ALS_Base_CharacterBP_C_0] CubeMesh
[2026.06.05-07.34.12:634][168]LogBlueprintUserMessages: [ALS_Base_CharacterBP_C_0] CubeMesh
[2026.06.05-07.34.12:643][169]LogBlueprintUserMessages: [ALS_Base_CharacterBP_C_0] CubeMesh
[2026.06.05-07.34.12:651][170]LogBlueprintUserMessages: [ALS_Base_CharacterBP_C_0] CubeMesh
[2026.06.05-07.34.12:659][171]LogBlueprintUserMessages: [ALS_Base_CharacterBP_C_0] CubeMesh
[2026.06.05-07.34.12:668][172]LogBlueprintUserMessages: [ALS_Base_CharacterBP_C_0] CubeMesh
[2026.06.05-07.34.12:676][173]LogBlueprintUserMessages: [ALS_Base_CharacterBP_C_0] CubeMesh
[2026.06.05-07.34.12:684][174]LogBlueprintUserMessages: [ALS_Base_CharacterBP_C_0] CubeMesh
[2026.06.05-07.34.12:692][175]LogBlueprintUserMessages: [ALS_Base_CharacterBP_C_0] CubeMesh
[2026.06.05-07.34.12:701][176]LogBlueprintUserMessages: [ALS_Base_CharacterBP_C_0] CubeMesh
[2026.06.05-07.34.12:709][177]LogBlueprintUserMessages: [ALS_Base_CharacterBP_C_0] CubeMesh
[2026.06.05-07.34.12:718][178]LogBlueprintUserMessages: [ALS_Base_CharacterBP_C_0] CubeMesh
[2026.06.05-07.34.12:726][179]LogBlueprintUserMessages: [ALS_Base_CharacterBP_C_0] CubeMesh
[2026.06.05-07.34.12:734][180]LogBlueprintUserMessages: [ALS_Base_CharacterBP_C_0] CubeMesh
[2026.06.05-07.34.13:060][219]LogBlueprintUserMessages: [ALS_Base_CharacterBP_C_0] Floor
[2026.06.05-07.34.13:067][220]LogBlueprintUserMessages: [ALS_Base_CharacterBP_C_0] Floor
[2026.06.05-07.34.13:076][221]LogBlueprintUserMessages: [ALS_Base_CharacterBP_C_0] Floor
[2026.06.05-07.34.13:084][222]LogBlueprintUserMessages: [ALS_Base_CharacterBP_C_0] Floor
[2026.06.05-07.34.13:093][223]LogBlueprintUserMessages: [ALS_Base_CharacterBP_C_0] Floor
[2026.06.05-07.34.13:101][224]LogBlueprintUserMessages: [ALS_Base_CharacterBP_C_0] Floor
[2026.06.05-07.34.13:109][225]LogBlueprintUserMessages: [ALS_Base_CharacterBP_C_0] Floor
[2026.06.05-07.34.13:118][226]LogBlueprintUserMessages: [ALS_Base_CharacterBP_C_0] Floor
[2026.06.05-07.34.13:126][227]LogBlueprintUserMessages: [ALS_Base_CharacterBP_C_0] Floor
[2026.06.05-07.34.13:134][228]LogBlueprintUserMessages: [ALS_Base_CharacterBP_C_0] Floor
[2026.06.05-07.34.13:142][229]LogBlueprintUserMessages: [ALS_Base_CharacterBP_C_0] Floor
[2026.06.05-07.34.13:152][230]LogBlueprintUserMessages: [ALS_Base_CharacterBP_C_0] Floor
[2026.06.05-07.34.13:159][231]LogBlueprintUserMessages: [ALS_Base_CharacterBP_C_0] Floor
[2026.06.05-07.34.13:167][232]LogBlueprintUserMessages: [ALS_Base_CharacterBP_C_0] Floor
[2026.06.05-07.34.13:176][233]LogBlueprintUserMessages: [ALS_Base_CharacterBP_C_0] Floor
[2026.06.05-07.34.13:184][234]LogBlueprintUserMessages: [ALS_Base_CharacterBP_C_0] Floor
[2026.06.05-07.34.13:192][235]LogBlueprintUserMessages: [ALS_Base_CharacterBP_C_0] Floor
[2026.06.05-07.34.13:201][236]LogBlueprintUserMessages: [ALS_Base_CharacterBP_C_0] Floor
[2026.06.05-07.34.13:210][237]LogBlueprintUserMessages: [ALS_Base_CharacterBP_C_0] Floor
[2026.06.05-07.34.13:218][238]LogBlueprintUserMessages: [ALS_Base_CharacterBP_C_0] Floor
[2026.06.05-07.34.13:226][239]LogBlueprintUserMessages: [ALS_Base_CharacterBP_C_0] Floor
[2026.06.05-07.34.13:235][240]LogBlueprintUserMessages: [ALS_Base_CharacterBP_C_0] Floor
[2026.06.05-07.34.13:243][241]LogBlueprintUserMessages: [ALS_Base_CharacterBP_C_0] Floor
[2026.06.05-07.34.13:251][242]LogBlueprintUserMessages: [ALS_Base_CharacterBP_C_0] Floor
[2026.06.05-07.34.13:259][243]LogBlueprintUserMessages: [ALS_Base_CharacterBP_C_0] Floor
[2026.06.05-07.34.13:267][244]LogBlueprintUserMessages: [ALS_Base_CharacterBP_C_0] Floor
[2026.06.05-07.34.13:276][245]LogBlueprintUserMessages: [ALS_Base_CharacterBP_C_0] Floor
[2026.06.05-07.34.13:284][246]LogBlueprintUserMessages: [ALS_Base_CharacterBP_C_0] Floor
[2026.06.05-07.34.13:293][247]LogBlueprintUserMessages: [ALS_Base_CharacterBP_C_0] Floor
[2026.06.05-07.34.13:301][248]LogBlueprintUserMessages: [ALS_Base_CharacterBP_C_0] Floor
[2026.06.05-07.34.13:309][249]LogBlueprintUserMessages: [ALS_Base_CharacterBP_C_0] Floor
[2026.06.05-07.34.13:318][250]LogBlueprintUserMessages: [ALS_Base_CharacterBP_C_0] Floor
[2026.06.05-07.34.13:325][251]LogBlueprintUserMessages: [ALS_Base_CharacterBP_C_0] Floor
[2026.06.05-07.34.13:334][252]LogBlueprintUserMessages: [ALS_Base_CharacterBP_C_0] Floor
[2026.06.05-07.34.13:342][253]LogBlueprintUserMessages: [ALS_Base_CharacterBP_C_0] Floor
[2026.06.05-07.34.13:351][254]LogBlueprintUserMessages: [ALS_Base_CharacterBP_C_0] Floor
[2026.06.05-07.34.13:360][255]LogBlueprintUserMessages: [ALS_Base_CharacterBP_C_0] Floor
[2026.06.05-07.34.13:367][256]LogBlueprintUserMessages: [ALS_Base_CharacterBP_C_0] Floor
[2026.06.05-07.34.13:376][257]LogBlueprintUserMessages: [ALS_Base_CharacterBP_C_0] Floor
[2026.06.05-07.34.13:384][258]LogBlueprintUserMessages: [ALS_Base_CharacterBP_C_0] Floor
[2026.06.05-07.34.13:393][259]LogBlueprintUserMessages: [ALS_Base_CharacterBP_C_0] Floor
[2026.06.05-07.34.13:401][260]LogBlueprintUserMessages: [ALS_Base_CharacterBP_C_0] Floor
[2026.06.05-07.34.13:409][261]LogBlueprintUserMessages: [ALS_Base_CharacterBP_C_0] Floor
[2026.06.05-07.34.13:418][262]LogBlueprintUserMessages: [ALS_Base_CharacterBP_C_0] Floor
[2026.06.05-07.34.13:425][263]LogBlueprintUserMessages: [ALS_Base_CharacterBP_C_0] Floor
[2026.06.05-07.34.13:434][264]LogBlueprintUserMessages: [ALS_Base_CharacterBP_C_0] Floor
[2026.06.05-07.34.13:443][265]LogBlueprintUserMessages: [ALS_Base_CharacterBP_C_0] Floor
[2026.06.05-07.34.13:451][266]LogBlueprintUserMessages: [ALS_Base_CharacterBP_C_0] Floor
[2026.06.05-07.34.13:459][267]LogBlueprintUserMessages: [ALS_Base_CharacterBP_C_0] Floor
[2026.06.05-07.34.13:467][268]LogBlueprintUserMessages: [ALS_Base_CharacterBP_C_0] Floor
[2026.06.05-07.34.13:475][269]LogBlueprintUserMessages: [ALS_Base_CharacterBP_C_0] Floor
[2026.06.05-07.34.13:484][270]LogBlueprintUserMessages: [ALS_Base_CharacterBP_C_0] Floor
[2026.06.05-07.34.13:492][271]LogBlueprintUserMessages: [ALS_Base_CharacterBP_C_0] Floor
[2026.06.05-07.34.13:501][272]LogBlueprintUserMessages: [ALS_Base_CharacterBP_C_0] Floor
[2026.06.05-07.34.13:509][273]LogBlueprintUserMessages: [ALS_Base_CharacterBP_C_0] Floor
[2026.06.05-07.34.13:517][274]LogBlueprintUserMessages: [ALS_Base_CharacterBP_C_0] Floor
[2026.06.05-07.34.13:526][275]LogBlueprintUserMessages: [ALS_Base_CharacterBP_C_0] Floor
[2026.06.05-07.34.13:534][276]LogBlueprintUserMessages: [ALS_Base_CharacterBP_C_0] Floor
[2026.06.05-07.34.13:542][277]LogBlueprintUserMessages: [ALS_Base_CharacterBP_C_0] Floor
[2026.06.05-07.34.13:551][278]LogBlueprintUserMessages: [ALS_Base_CharacterBP_C_0] Floor
[2026.06.05-07.34.13:559][279]LogBlueprintUserMessages: [ALS_Base_CharacterBP_C_0] Floor
[2026.06.05-07.34.13:567][280]LogBlueprintUserMessages: [ALS_Base_CharacterBP_C_0] Floor
[2026.06.05-07.34.13:576][281]LogBlueprintUserMessages: [ALS_Base_CharacterBP_C_0] Floor
[2026.06.05-07.34.13:584][282]LogBlueprintUserMessages: [ALS_Base_CharacterBP_C_0] Floor
[2026.06.05-07.34.13:592][283]LogBlueprintUserMessages: [ALS_Base_CharacterBP_C_0] Floor
[2026.06.05-07.34.13:601][284]LogBlueprintUserMessages: [ALS_Base_CharacterBP_C_0] Floor
[2026.06.05-07.34.13:609][285]LogBlueprintUserMessages: [ALS_Base_CharacterBP_C_0] Floor
[2026.06.05-07.34.13:617][286]LogBlueprintUserMessages: [ALS_Base_CharacterBP_C_0] Floor
[2026.06.05-07.34.13:626][287]LogBlueprintUserMessages: [ALS_Base_CharacterBP_C_0] Floor
[2026.06.05-07.34.13:634][288]LogBlueprintUserMessages: [ALS_Base_CharacterBP_C_0] Floor
[2026.06.05-07.34.13:642][289]LogBlueprintUserMessages: [ALS_Base_CharacterBP_C_0] Floor
[2026.06.05-07.34.13:651][290]LogBlueprintUserMessages: [ALS_Base_CharacterBP_C_0] Floor
[2026.06.05-07.34.13:659][291]LogBlueprintUserMessages: [ALS_Base_CharacterBP_C_0] Floor
[2026.06.05-07.34.13:667][292]LogBlueprintUserMessages: [ALS_Base_CharacterBP_C_0] Floor
[2026.06.05-07.34.13:676][293]LogBlueprintUserMessages: [ALS_Base_CharacterBP_C_0] Floor
[2026.06.05-07.34.13:684][294]LogBlueprintUserMessages: [ALS_Base_CharacterBP_C_0] Floor
[2026.06.05-07.34.13:693][295]LogBlueprintUserMessages: [ALS_Base_CharacterBP_C_0] Floor
[2026.06.05-07.34.13:701][296]LogBlueprintUserMessages: [ALS_Base_CharacterBP_C_0] Floor
[2026.06.05-07.34.13:710][297]LogBlueprintUserMessages: [ALS_Base_CharacterBP_C_0] Floor
[2026.06.05-07.34.13:717][298]LogBlueprintUserMessages: [ALS_Base_CharacterBP_C_0] Floor
[2026.06.05-07.34.13:726][299]LogBlueprintUserMessages: [ALS_Base_CharacterBP_C_0] Floor
[2026.06.05-07.34.13:734][300]LogBlueprintUserMessages: [ALS_Base_CharacterBP_C_0] Floor
[2026.06.05-07.34.13:743][301]LogBlueprintUserMessages: [ALS_Base_CharacterBP_C_0] Floor
[2026.06.05-07.34.13:751][302]LogBlueprintUserMessages: [ALS_Base_CharacterBP_C_0] Floor
[2026.06.05-07.34.13:759][303]LogBlueprintUserMessages: [ALS_Base_CharacterBP_C_0] Floor
[2026.06.05-07.34.13:767][304]LogBlueprintUserMessages: [ALS_Base_CharacterBP_C_0] Floor
[2026.06.05-07.34.13:776][305]LogBlueprintUserMessages: [ALS_Base_CharacterBP_C_0] Floor
[2026.06.05-07.34.13:784][306]LogBlueprintUserMessages: [ALS_Base_CharacterBP_C_0] Floor
[2026.06.05-07.34.13:793][307]LogBlueprintUserMessages: [ALS_Base_CharacterBP_C_0] Floor
[2026.06.05-07.34.13:801][308]LogBlueprintUserMessages: [ALS_Base_CharacterBP_C_0] Floor
[2026.06.05-07.34.13:809][309]LogBlueprintUserMessages: [ALS_Base_CharacterBP_C_0] Floor
[2026.06.05-07.34.13:817][310]LogBlueprintUserMessages: [ALS_Base_CharacterBP_C_0] Floor
[2026.06.05-07.34.13:826][311]LogBlueprintUserMessages: [ALS_Base_CharacterBP_C_0] Floor
[2026.06.05-07.34.13:834][312]LogBlueprintUserMessages: [ALS_Base_CharacterBP_C_0] Floor
[2026.06.05-07.34.13:843][313]LogBlueprintUserMessages: [ALS_Base_CharacterBP_C_0] Floor
[2026.06.05-07.34.13:851][314]LogBlueprintUserMessages: [ALS_Base_CharacterBP_C_0] Floor
[2026.06.05-07.34.13:859][315]LogBlueprintUserMessages: [ALS_Base_CharacterBP_C_0] Floor
[2026.06.05-07.34.13:867][316]LogBlueprintUserMessages: [ALS_Base_CharacterBP_C_0] Floor
[2026.06.05-07.34.13:876][317]LogBlueprintUserMessages: [ALS_Base_CharacterBP_C_0] Floor
[2026.06.05-07.34.13:884][318]LogBlueprintUserMessages: [ALS_Base_CharacterBP_C_0] Floor
[2026.06.05-07.34.13:893][319]LogBlueprintUserMessages: [ALS_Base_CharacterBP_C_0] Floor
[2026.06.05-07.34.13:901][320]LogBlueprintUserMessages: [ALS_Base_CharacterBP_C_0] Floor
[2026.06.05-07.34.13:910][321]LogBlueprintUserMessages: [ALS_Base_CharacterBP_C_0] Floor
[2026.06.05-07.34.13:917][322]LogBlueprintUserMessages: [ALS_Base_CharacterBP_C_0] Floor
[2026.06.05-07.34.13:926][323]LogBlueprintUserMessages: [ALS_Base_CharacterBP_C_0] Floor
[2026.06.05-07.34.13:934][324]LogBlueprintUserMessages: [ALS_Base_CharacterBP_C_0] Floor
[2026.06.05-07.34.13:942][325]LogBlueprintUserMessages: [ALS_Base_CharacterBP_C_0] Floor
[2026.06.05-07.34.13:951][326]LogBlueprintUserMessages: [ALS_Base_CharacterBP_C_0] Floor
[2026.06.05-07.34.13:960][327]LogBlueprintUserMessages: [ALS_Base_CharacterBP_C_0] Floor
[2026.06.05-07.34.13:967][328]LogBlueprintUserMessages: [ALS_Base_CharacterBP_C_0] Floor
[2026.06.05-07.34.13:976][329]LogBlueprintUserMessages: [ALS_Base_CharacterBP_C_0] Floor
[2026.06.05-07.34.13:985][330]LogBlueprintUserMessages: [ALS_Base_CharacterBP_C_0] Floor
[2026.06.05-07.34.13:992][331]LogBlueprintUserMessages: [ALS_Base_CharacterBP_C_0] Floor
[2026.06.05-07.34.14:002][332]LogBlueprintUserMessages: [ALS_Base_CharacterBP_C_0] Floor
[2026.06.05-07.34.14:010][333]LogBlueprintUserMessages: [ALS_Base_CharacterBP_C_0] Floor
[2026.06.05-07.34.14:017][334]LogBlueprintUserMessages: [ALS_Base_CharacterBP_C_0] Floor
[2026.06.05-07.34.14:026][335]LogBlueprintUserMessages: [ALS_Base_CharacterBP_C_0] Floor
[2026.06.05-07.34.14:034][336]LogBlueprintUserMessages: [ALS_Base_CharacterBP_C_0] Floor
[2026.06.05-07.34.14:043][337]LogBlueprintUserMessages: [ALS_Base_CharacterBP_C_0] Floor
[2026.06.05-07.34.14:051][338]LogBlueprintUserMessages: [ALS_Base_CharacterBP_C_0] Floor
[2026.06.05-07.34.14:059][339]LogBlueprintUserMessages: [ALS_Base_CharacterBP_C_0] Floor
[2026.06.05-07.34.14:067][340]LogBlueprintUserMessages: [ALS_Base_CharacterBP_C_0] Floor
[2026.06.05-07.34.14:075][341]LogBlueprintUserMessages: [ALS_Base_CharacterBP_C_0] Floor
[2026.06.05-07.34.14:084][342]LogBlueprintUserMessages: [ALS_Base_CharacterBP_C_0] Floor
[2026.06.05-07.34.14:092][343]LogBlueprintUserMessages: [ALS_Base_CharacterBP_C_0] Floor
[2026.06.05-07.34.14:101][344]LogBlueprintUserMessages: [ALS_Base_CharacterBP_C_0] Floor
[2026.06.05-07.34.14:109][345]LogBlueprintUserMessages: [ALS_Base_CharacterBP_C_0] Floor
[2026.06.05-07.34.14:117][346]LogBlueprintUserMessages: [ALS_Base_CharacterBP_C_0] Floor
[2026.06.05-07.34.14:126][347]LogBlueprintUserMessages: [ALS_Base_CharacterBP_C_0] Floor
[2026.06.05-07.34.14:135][348]LogBlueprintUserMessages: [ALS_Base_CharacterBP_C_0] Floor
[2026.06.05-07.34.14:142][349]LogBlueprintUserMessages: [ALS_Base_CharacterBP_C_0] Floor
[2026.06.05-07.34.14:151][350]LogBlueprintUserMessages: [ALS_Base_CharacterBP_C_0] Floor
[2026.06.05-07.34.14:160][351]LogBlueprintUserMessages: [ALS_Base_CharacterBP_C_0] Floor
[2026.06.05-07.34.14:167][352]LogBlueprintUserMessages: [ALS_Base_CharacterBP_C_0] Floor
[2026.06.05-07.34.14:176][353]LogBlueprintUserMessages: [ALS_Base_CharacterBP_C_0] Floor
[2026.06.05-07.34.14:184][354]LogBlueprintUserMessages: [ALS_Base_CharacterBP_C_0] Floor
[2026.06.05-07.34.14:193][355]LogBlueprintUserMessages: [ALS_Base_CharacterBP_C_0] Floor
[2026.06.05-07.34.14:201][356]LogBlueprintUserMessages: [ALS_Base_CharacterBP_C_0] Floor
[2026.06.05-07.34.14:209][357]LogBlueprintUserMessages: [ALS_Base_CharacterBP_C_0] Floor
[2026.06.05-07.34.14:218][358]LogBlueprintUserMessages: [ALS_Base_CharacterBP_C_0] Floor
[2026.06.05-07.34.14:226][359]LogBlueprintUserMessages: [ALS_Base_CharacterBP_C_0] Floor
[2026.06.05-07.34.14:234][360]LogBlueprintUserMessages: [ALS_Base_CharacterBP_C_0] Floor
[2026.06.05-07.34.14:243][361]LogBlueprintUserMessages: [ALS_Base_CharacterBP_C_0] Floor
[2026.06.05-07.34.14:251][362]LogBlueprintUserMessages: [ALS_Base_CharacterBP_C_0] Floor
[2026.06.05-07.34.14:259][363]LogBlueprintUserMessages: [ALS_Base_CharacterBP_C_0] Floor
[2026.06.05-07.34.14:267][364]LogBlueprintUserMessages: [ALS_Base_CharacterBP_C_0] Floor
[2026.06.05-07.34.14:276][365]LogBlueprintUserMessages: [ALS_Base_CharacterBP_C_0] Floor
[2026.06.05-07.34.14:285][366]LogBlueprintUserMessages: [ALS_Base_CharacterBP_C_0] Floor
[2026.06.05-07.34.14:292][367]LogBlueprintUserMessages: [ALS_Base_CharacterBP_C_0] Floor
[2026.06.05-07.34.14:301][368]LogBlueprintUserMessages: [ALS_Base_CharacterBP_C_0] Floor
[2026.06.05-07.34.14:310][369]LogBlueprintUserMessages: [ALS_Base_CharacterBP_C_0] Floor
[2026.06.05-07.34.14:317][370]LogBlueprintUserMessages: [ALS_Base_CharacterBP_C_0] Floor
[2026.06.05-07.34.14:326][371]LogBlueprintUserMessages: [ALS_Base_CharacterBP_C_0] Floor
[2026.06.05-07.34.14:334][372]LogBlueprintUserMessages: [ALS_Base_CharacterBP_C_0] Floor
[2026.06.05-07.34.14:343][373]LogBlueprintUserMessages: [ALS_Base_CharacterBP_C_0] Floor
[2026.06.05-07.34.14:351][374]LogBlueprintUserMessages: [ALS_Base_CharacterBP_C_0] Floor
[2026.06.05-07.34.14:359][375]LogBlueprintUserMessages: [ALS_Base_CharacterBP_C_0] Floor
[2026.06.05-07.34.14:368][376]LogBlueprintUserMessages: [ALS_Base_CharacterBP_C_0] Floor
[2026.06.05-07.34.14:376][377]LogBlueprintUserMessages: [ALS_Base_CharacterBP_C_0] Floor
[2026.06.05-07.34.14:384][378]LogBlueprintUserMessages: [ALS_Base_CharacterBP_C_0] Floor
[2026.06.05-07.34.14:392][379]LogBlueprintUserMessages: [ALS_Base_CharacterBP_C_0] Floor
[2026.06.05-07.34.14:401][380]LogBlueprintUserMessages: [ALS_Base_CharacterBP_C_0] Floor
[2026.06.05-07.34.14:410][381]LogBlueprintUserMessages: [ALS_Base_CharacterBP_C_0] Floor
[2026.06.05-07.34.14:417][382]LogBlueprintUserMessages: [ALS_Base_CharacterBP_C_0] Floor
[2026.06.05-07.34.14:426][383]LogBlueprintUserMessages: [ALS_Base_CharacterBP_C_0] Floor
[2026.06.05-07.34.14:434][384]LogBlueprintUserMessages: [ALS_Base_CharacterBP_C_0] Floor
[2026.06.05-07.34.14:443][385]LogBlueprintUserMessages: [ALS_Base_CharacterBP_C_0] Floor
[2026.06.05-07.34.14:451][386]LogBlueprintUserMessages: [ALS_Base_CharacterBP_C_0] Floor
[2026.06.05-07.34.14:459][387]LogBlueprintUserMessages: [ALS_Base_CharacterBP_C_0] Floor
[2026.06.05-07.34.14:467][388]LogBlueprintUserMessages: [ALS_Base_CharacterBP_C_0] Floor
[2026.06.05-07.34.14:476][389]LogBlueprintUserMessages: [ALS_Base_CharacterBP_C_0] Floor
[2026.06.05-07.34.14:484][390]LogBlueprintUserMessages: [ALS_Base_CharacterBP_C_0] Floor
[2026.06.05-07.34.14:492][391]LogBlueprintUserMessages: [ALS_Base_CharacterBP_C_0] Floor
[2026.06.05-07.34.14:501][392]LogBlueprintUserMessages: [ALS_Base_CharacterBP_C_0] Floor
[2026.06.05-07.34.14:509][393]LogBlueprintUserMessages: [ALS_Base_CharacterBP_C_0] Floor
[2026.06.05-07.34.14:518][394]LogBlueprintUserMessages: [ALS_Base_CharacterBP_C_0] Floor
[2026.06.05-07.34.14:526][395]LogBlueprintUserMessages: [ALS_Base_CharacterBP_C_0] Floor
[2026.06.05-07.34.14:534][396]LogBlueprintUserMessages: [ALS_Base_CharacterBP_C_0] Floor
[2026.06.05-07.34.14:543][397]LogBlueprintUserMessages: [ALS_Base_CharacterBP_C_0] Floor
[2026.06.05-07.34.14:551][398]LogBlueprintUserMessages: [ALS_Base_CharacterBP_C_0] Floor
[2026.06.05-07.34.14:559][399]LogBlueprintUserMessages: [ALS_Base_CharacterBP_C_0] Floor
[2026.06.05-07.34.14:567][400]LogBlueprintUserMessages: [ALS_Base_CharacterBP_C_0] Floor
[2026.06.05-07.34.14:576][401]LogBlueprintUserMessages: [ALS_Base_CharacterBP_C_0] Floor
[2026.06.05-07.34.14:584][402]LogBlueprintUserMessages: [ALS_Base_CharacterBP_C_0] Floor
[2026.06.05-07.34.14:593][403]LogBlueprintUserMessages: [ALS_Base_CharacterBP_C_0] Floor
[2026.06.05-07.34.14:601][404]LogBlueprintUserMessages: [ALS_Base_CharacterBP_C_0] Floor
[2026.06.05-07.34.14:609][405]LogBlueprintUserMessages: [ALS_Base_CharacterBP_C_0] Floor
[2026.06.05-07.34.14:617][406]LogBlueprintUserMessages: [ALS_Base_CharacterBP_C_0] Floor
[2026.06.05-07.34.14:626][407]LogBlueprintUserMessages: [ALS_Base_CharacterBP_C_0] Floor
[2026.06.05-07.34.14:634][408]LogBlueprintUserMessages: [ALS_Base_CharacterBP_C_0] Floor
[2026.06.05-07.34.14:643][409]LogBlueprintUserMessages: [ALS_Base_CharacterBP_C_0] Floor
[2026.06.05-07.34.14:651][410]LogBlueprintUserMessages: [ALS_Base_CharacterBP_C_0] Floor
[2026.06.05-07.34.14:659][411]LogBlueprintUserMessages: [ALS_Base_CharacterBP_C_0] Floor
[2026.06.05-07.34.14:667][412]LogBlueprintUserMessages: [ALS_Base_CharacterBP_C_0] Floor
[2026.06.05-07.34.14:676][413]LogBlueprintUserMessages: [ALS_Base_CharacterBP_C_0] Floor
[2026.06.05-07.34.14:684][414]LogBlueprintUserMessages: [ALS_Base_CharacterBP_C_0] Floor
[2026.06.05-07.34.14:693][415]LogBlueprintUserMessages: [ALS_Base_CharacterBP_C_0] Floor
[2026.06.05-07.34.14:701][416]LogBlueprintUserMessages: [ALS_Base_CharacterBP_C_0] Floor
[2026.06.05-07.34.14:709][417]LogBlueprintUserMessages: [ALS_Base_CharacterBP_C_0] Floor
[2026.06.05-07.34.14:717][418]LogBlueprintUserMessages: [ALS_Base_CharacterBP_C_0] Floor
[2026.06.05-07.34.14:726][419]LogBlueprintUserMessages: [ALS_Base_CharacterBP_C_0] Floor
[2026.06.05-07.34.14:734][420]LogBlueprintUserMessages: [ALS_Base_CharacterBP_C_0] Floor
[2026.06.05-07.34.14:742][421]LogBlueprintUserMessages: [ALS_Base_CharacterBP_C_0] Floor
[2026.06.05-07.34.14:751][422]LogBlueprintUserMessages: [ALS_Base_CharacterBP_C_0] Floor
[2026.06.05-07.34.14:759][423]LogBlueprintUserMessages: [ALS_Base_CharacterBP_C_0] Floor
[2026.06.05-07.34.14:768][424]LogBlueprintUserMessages: [ALS_Base_CharacterBP_C_0] Floor
[2026.06.05-07.34.14:776][425]LogBlueprintUserMessages: [ALS_Base_CharacterBP_C_0] Floor
[2026.06.05-07.34.14:784][426]LogBlueprintUserMessages: [ALS_Base_CharacterBP_C_0] Floor
[2026.06.05-07.34.14:792][427]LogBlueprintUserMessages: [ALS_Base_CharacterBP_C_0] Floor
[2026.06.05-07.34.14:801][428]LogBlueprintUserMessages: [ALS_Base_CharacterBP_C_0] Floor
[2026.06.05-07.34.14:809][429]LogBlueprintUserMessages: [ALS_Base_CharacterBP_C_0] Floor
[2026.06.05-07.34.14:818][430]LogBlueprintUserMessages: [ALS_Base_CharacterBP_C_0] Floor
[2026.06.05-07.34.14:826][431]LogBlueprintUserMessages: [ALS_Base_CharacterBP_C_0] Floor
[2026.06.05-07.34.14:835][432]LogBlueprintUserMessages: [ALS_Base_CharacterBP_C_0] Floor
[2026.06.05-07.34.14:842][433]LogBlueprintUserMessages: [ALS_Base_CharacterBP_C_0] Floor
[2026.06.05-07.34.14:851][434]LogBlueprintUserMessages: [ALS_Base_CharacterBP_C_0] Floor
[2026.06.05-07.34.14:860][435]LogBlueprintUserMessages: [ALS_Base_CharacterBP_C_0] Floor
[2026.06.05-07.34.14:868][436]LogBlueprintUserMessages: [ALS_Base_CharacterBP_C_0] Floor
[2026.06.05-07.34.14:876][437]LogBlueprintUserMessages: [ALS_Base_CharacterBP_C_0] Floor
[2026.06.05-07.34.14:884][438]LogBlueprintUserMessages: [ALS_Base_CharacterBP_C_0] Floor
[2026.06.05-07.34.14:892][439]LogBlueprintUserMessages: [ALS_Base_CharacterBP_C_0] Floor
[2026.06.05-07.34.14:901][440]LogBlueprintUserMessages: [ALS_Base_CharacterBP_C_0] Floor
[2026.06.05-07.34.14:909][441]LogBlueprintUserMessages: [ALS_Base_CharacterBP_C_0] Floor
[2026.06.05-07.34.14:917][442]LogBlueprintUserMessages: [ALS_Base_CharacterBP_C_0] Floor
[2026.06.05-07.34.14:926][443]LogBlueprintUserMessages: [ALS_Base_CharacterBP_C_0] Floor
[2026.06.05-07.34.14:934][444]LogBlueprintUserMessages: [ALS_Base_CharacterBP_C_0] Floor
[2026.06.05-07.34.14:943][445]LogBlueprintUserMessages: [ALS_Base_CharacterBP_C_0] Floor
[2026.06.05-07.34.14:951][446]LogBlueprintUserMessages: [ALS_Base_CharacterBP_C_0] Floor
[2026.06.05-07.34.14:959][447]LogBlueprintUserMessages: [ALS_Base_CharacterBP_C_0] Floor
[2026.06.05-07.34.14:968][448]LogBlueprintUserMessages: [ALS_Base_CharacterBP_C_0] Floor
[2026.06.05-07.34.14:975][449]LogBlueprintUserMessages: [ALS_Base_CharacterBP_C_0] Floor
[2026.06.05-07.34.14:984][450]LogBlueprintUserMessages: [ALS_Base_CharacterBP_C_0] Floor
[2026.06.05-07.34.14:993][451]LogBlueprintUserMessages: [ALS_Base_CharacterBP_C_0] Floor
[2026.06.05-07.34.15:001][452]LogBlueprintUserMessages: [ALS_Base_CharacterBP_C_0] Floor
[2026.06.05-07.34.15:009][453]LogBlueprintUserMessages: [ALS_Base_CharacterBP_C_0] Floor
[2026.06.05-07.34.15:017][454]LogBlueprintUserMessages: [ALS_Base_CharacterBP_C_0] Floor
[2026.06.05-07.34.15:025][455]LogBlueprintUserMessages: [ALS_Base_CharacterBP_C_0] Floor
[2026.06.05-07.34.15:034][456]LogBlueprintUserMessages: [ALS_Base_CharacterBP_C_0] Floor
[2026.06.05-07.34.15:042][457]LogBlueprintUserMessages: [ALS_Base_CharacterBP_C_0] Floor
[2026.06.05-07.34.15:051][458]LogBlueprintUserMessages: [ALS_Base_CharacterBP_C_0] Floor
[2026.06.05-07.34.15:059][459]LogBlueprintUserMessages: [ALS_Base_CharacterBP_C_0] Floor
[2026.06.05-07.34.15:068][460]LogBlueprintUserMessages: [ALS_Base_CharacterBP_C_0] Floor
[2026.06.05-07.34.15:076][461]LogBlueprintUserMessages: [ALS_Base_CharacterBP_C_0] Floor
[2026.06.05-07.34.15:084][462]LogBlueprintUserMessages: [ALS_Base_CharacterBP_C_0] Floor
[2026.06.05-07.34.15:092][463]LogBlueprintUserMessages: [ALS_Base_CharacterBP_C_0] Floor
[2026.06.05-07.34.15:101][464]LogBlueprintUserMessages: [ALS_Base_CharacterBP_C_0] Floor
[2026.06.05-07.34.15:109][465]LogBlueprintUserMessages: [ALS_Base_CharacterBP_C_0] Floor
[2026.06.05-07.34.15:117][466]LogBlueprintUserMessages: [ALS_Base_CharacterBP_C_0] Floor
[2026.06.05-07.34.15:126][467]LogBlueprintUserMessages: [ALS_Base_CharacterBP_C_0] Floor
[2026.06.05-07.34.15:134][468]LogBlueprintUserMessages: [ALS_Base_CharacterBP_C_0] Floor
[2026.06.05-07.34.15:143][469]LogBlueprintUserMessages: [ALS_Base_CharacterBP_C_0] Floor
[2026.06.05-07.34.15:151][470]LogBlueprintUserMessages: [ALS_Base_CharacterBP_C_0] Floor
[2026.06.05-07.34.15:159][471]LogBlueprintUserMessages: [ALS_Base_CharacterBP_C_0] Floor
[2026.06.05-07.34.15:167][472]LogBlueprintUserMessages: [ALS_Base_CharacterBP_C_0] Floor
[2026.06.05-07.34.15:176][473]LogBlueprintUserMessages: [ALS_Base_CharacterBP_C_0] Floor
[2026.06.05-07.34.15:184][474]LogBlueprintUserMessages: [ALS_Base_CharacterBP_C_0] Floor
[2026.06.05-07.34.15:193][475]LogBlueprintUserMessages: [ALS_Base_CharacterBP_C_0] Floor
[2026.06.05-07.34.15:201][476]LogBlueprintUserMessages: [ALS_Base_CharacterBP_C_0] Floor
[2026.06.05-07.34.15:209][477]LogBlueprintUserMessages: [ALS_Base_CharacterBP_C_0] Floor
[2026.06.05-07.34.15:218][478]LogBlueprintUserMessages: [ALS_Base_CharacterBP_C_0] Floor
[2026.06.05-07.34.15:225][479]LogBlueprintUserMessages: [ALS_Base_CharacterBP_C_0] Floor
[2026.06.05-07.34.15:234][480]LogBlueprintUserMessages: [ALS_Base_CharacterBP_C_0] Floor
[2026.06.05-07.34.15:242][481]LogBlueprintUserMessages: [ALS_Base_CharacterBP_C_0] Floor
[2026.06.05-07.34.15:251][482]LogBlueprintUserMessages: [ALS_Base_CharacterBP_C_0] Floor
[2026.06.05-07.34.15:259][483]LogBlueprintUserMessages: [ALS_Base_CharacterBP_C_0] Floor
[2026.06.05-07.34.15:268][484]LogBlueprintUserMessages: [ALS_Base_CharacterBP_C_0] Floor
[2026.06.05-07.34.15:276][485]LogBlueprintUserMessages: [ALS_Base_CharacterBP_C_0] Floor
[2026.06.05-07.34.15:284][486]LogBlueprintUserMessages: [ALS_Base_CharacterBP_C_0] Floor
[2026.06.05-07.34.15:292][487]LogBlueprintUserMessages: [ALS_Base_CharacterBP_C_0] Floor
[2026.06.05-07.34.15:301][488]LogBlueprintUserMessages: [ALS_Base_CharacterBP_C_0] Floor
[2026.06.05-07.34.15:309][489]LogBlueprintUserMessages: [ALS_Base_CharacterBP_C_0] CubeMesh
[2026.06.05-07.34.15:318][490]LogBlueprintUserMessages: [ALS_Base_CharacterBP_C_0] CubeMesh
[2026.06.05-07.34.15:325][491]LogBlueprintUserMessages: [ALS_Base_CharacterBP_C_0] CubeMesh
[2026.06.05-07.34.15:334][492]LogBlueprintUserMessages: [ALS_Base_CharacterBP_C_0] CubeMesh
[2026.06.05-07.34.15:342][493]LogBlueprintUserMessages: [ALS_Base_CharacterBP_C_0] CubeMesh
[2026.06.05-07.34.15:351][494]LogBlueprintUserMessages: [ALS_Base_CharacterBP_C_0] CubeMesh
[2026.06.05-07.34.15:359][495]LogBlueprintUserMessages: [ALS_Base_CharacterBP_C_0] CubeMesh
[2026.06.05-07.34.15:367][496]LogBlueprintUserMessages: [ALS_Base_CharacterBP_C_0] CubeMesh
[2026.06.05-07.34.15:375][497]LogBlueprintUserMessages: [ALS_Base_CharacterBP_C_0] CubeMesh
[2026.06.05-07.34.15:384][498]LogBlueprintUserMessages: [ALS_Base_CharacterBP_C_0] CubeMesh
[2026.06.05-07.34.15:393][499]LogBlueprintUserMessages: [ALS_Base_CharacterBP_C_0] CubeMesh
[2026.06.05-07.34.15:401][500]LogBlueprintUserMessages: [ALS_Base_CharacterBP_C_0] CubeMesh
[2026.06.05-07.34.15:409][501]LogBlueprintUserMessages: [ALS_Base_CharacterBP_C_0] CubeMesh
[2026.06.05-07.34.15:418][502]LogBlueprintUserMessages: [ALS_Base_CharacterBP_C_0] CubeMesh
[2026.06.05-07.34.15:426][503]LogBlueprintUserMessages: [ALS_Base_CharacterBP_C_0] CubeMesh
[2026.06.05-07.34.15:435][504]LogBlueprintUserMessages: [ALS_Base_CharacterBP_C_0] CubeMesh
[2026.06.05-07.34.15:442][505]LogBlueprintUserMessages: [ALS_Base_CharacterBP_C_0] CubeMesh
[2026.06.05-07.34.15:451][506]LogBlueprintUserMessages: [ALS_Base_CharacterBP_C_0] CubeMesh
[2026.06.05-07.34.15:459][507]LogBlueprintUserMessages: [ALS_Base_CharacterBP_C_0] CubeMesh
[2026.06.05-07.34.15:467][508]LogBlueprintUserMessages: [ALS_Base_CharacterBP_C_0] CubeMesh
[2026.06.05-07.34.15:476][509]LogBlueprintUserMessages: [ALS_Base_CharacterBP_C_0] CubeMesh
[2026.06.05-07.34.15:485][510]LogBlueprintUserMessages: [ALS_Base_CharacterBP_C_0] CubeMesh
[2026.06.05-07.34.15:493][511]LogBlueprintUserMessages: [ALS_Base_CharacterBP_C_0] CubeMesh
[2026.06.05-07.34.15:501][512]LogBlueprintUserMessages: [ALS_Base_CharacterBP_C_0] CubeMesh
[2026.06.05-07.34.15:509][513]LogBlueprintUserMessages: [ALS_Base_CharacterBP_C_0] CubeMesh
[2026.06.05-07.34.15:518][514]LogBlueprintUserMessages: [ALS_Base_CharacterBP_C_0] CubeMesh
[2026.06.05-07.34.15:526][515]LogBlueprintUserMessages: [ALS_Base_CharacterBP_C_0] CubeMesh
[2026.06.05-07.34.15:535][516]LogBlueprintUserMessages: [ALS_Base_CharacterBP_C_0] CubeMesh
[2026.06.05-07.34.15:542][517]LogBlueprintUserMessages: [ALS_Base_CharacterBP_C_0] CubeMesh
[2026.06.05-07.34.15:551][518]LogBlueprintUserMessages: [ALS_Base_CharacterBP_C_0] CubeMesh
[2026.06.05-07.34.15:560][519]LogBlueprintUserMessages: [ALS_Base_CharacterBP_C_0] CubeMesh
[2026.06.05-07.34.15:568][520]LogBlueprintUserMessages: [ALS_Base_CharacterBP_C_0] CubeMesh
[2026.06.05-07.34.15:576][521]LogBlueprintUserMessages: [ALS_Base_CharacterBP_C_0] CubeMesh
[2026.06.05-07.34.15:584][522]LogBlueprintUserMessages: [ALS_Base_CharacterBP_C_0] CubeMesh
[2026.06.05-07.34.15:592][523]LogBlueprintUserMessages: [ALS_Base_CharacterBP_C_0] CubeMesh
[2026.06.05-07.34.15:601][524]LogBlueprintUserMessages: [ALS_Base_CharacterBP_C_0] CubeMesh
[2026.06.05-07.34.15:610][525]LogBlueprintUserMessages: [ALS_Base_CharacterBP_C_0] CubeMesh
[2026.06.05-07.34.15:617][526]LogBlueprintUserMessages: [ALS_Base_CharacterBP_C_0] CubeMesh
[2026.06.05-07.34.15:626][527]LogBlueprintUserMessages: [ALS_Base_CharacterBP_C_0] CubeMesh
[2026.06.05-07.34.15:634][528]LogBlueprintUserMessages: [ALS_Base_CharacterBP_C_0] CubeMesh
[2026.06.05-07.34.15:643][529]LogBlueprintUserMessages: [ALS_Base_CharacterBP_C_0] CubeMesh
[2026.06.05-07.34.15:651][530]LogBlueprintUserMessages: [ALS_Base_CharacterBP_C_0] CubeMesh
[2026.06.05-07.34.15:659][531]LogBlueprintUserMessages: [ALS_Base_CharacterBP_C_0] CubeMesh
[2026.06.05-07.34.15:667][532]LogBlueprintUserMessages: [ALS_Base_CharacterBP_C_0] CubeMesh
[2026.06.05-07.34.15:676][533]LogBlueprintUserMessages: [ALS_Base_CharacterBP_C_0] CubeMesh
[2026.06.05-07.34.15:684][534]LogBlueprintUserMessages: [ALS_Base_CharacterBP_C_0] CubeMesh
[2026.06.05-07.34.15:692][535]LogBlueprintUserMessages: [ALS_Base_CharacterBP_C_0] CubeMesh
[2026.06.05-07.34.15:701][536]LogBlueprintUserMessages: [ALS_Base_CharacterBP_C_0] CubeMesh
[2026.06.05-07.34.15:709][537]LogBlueprintUserMessages: [ALS_Base_CharacterBP_C_0] CubeMesh
[2026.06.05-07.34.15:717][538]LogBlueprintUserMessages: [ALS_Base_CharacterBP_C_0] CubeMesh
[2026.06.05-07.34.15:726][539]LogBlueprintUserMessages: [ALS_Base_CharacterBP_C_0] CubeMesh
[2026.06.05-07.34.15:734][540]LogBlueprintUserMessages: [ALS_Base_CharacterBP_C_0] CubeMesh
[2026.06.05-07.34.15:743][541]LogBlueprintUserMessages: [ALS_Base_CharacterBP_C_0] CubeMesh
[2026.06.05-07.34.15:751][542]LogBlueprintUserMessages: [ALS_Base_CharacterBP_C_0] CubeMesh
[2026.06.05-07.34.15:759][543]LogBlueprintUserMessages: [ALS_Base_CharacterBP_C_0] CubeMesh
[2026.06.05-07.34.15:768][544]LogBlueprintUserMessages: [ALS_Base_CharacterBP_C_0] CubeMesh
[2026.06.05-07.34.15:775][545]LogBlueprintUserMessages: [ALS_Base_CharacterBP_C_0] CubeMesh
[2026.06.05-07.34.15:784][546]LogBlueprintUserMessages: [ALS_Base_CharacterBP_C_0] CubeMesh
[2026.06.05-07.34.15:792][547]LogBlueprintUserMessages: [ALS_Base_CharacterBP_C_0] CubeMesh
[2026.06.05-07.34.15:801][548]LogBlueprintUserMessages: [ALS_Base_CharacterBP_C_0] CubeMesh
[2026.06.05-07.34.15:809][549]LogBlueprintUserMessages: [ALS_Base_CharacterBP_C_0] CubeMesh
[2026.06.05-07.34.15:817][550]LogBlueprintUserMessages: [ALS_Base_CharacterBP_C_0] CubeMesh
[2026.06.05-07.34.15:826][551]LogBlueprintUserMessages: [ALS_Base_CharacterBP_C_0] CubeMesh
[2026.06.05-07.34.15:834][552]LogBlueprintUserMessages: [ALS_Base_CharacterBP_C_0] CubeMesh
[2026.06.05-07.34.15:843][553]LogBlueprintUserMessages: [ALS_Base_CharacterBP_C_0] CubeMesh
[2026.06.05-07.34.15:851][554]LogBlueprintUserMessages: [ALS_Base_CharacterBP_C_0] CubeMesh
[2026.06.05-07.34.15:859][555]LogBlueprintUserMessages: [ALS_Base_CharacterBP_C_0] CubeMesh
[2026.06.05-07.34.15:868][556]LogBlueprintUserMessages: [ALS_Base_CharacterBP_C_0] CubeMesh
[2026.06.05-07.34.15:875][557]LogBlueprintUserMessages: [ALS_Base_CharacterBP_C_0] CubeMesh
[2026.06.05-07.34.15:884][558]LogBlueprintUserMessages: [ALS_Base_CharacterBP_C_0] CubeMesh
[2026.06.05-07.34.15:892][559]LogBlueprintUserMessages: [ALS_Base_CharacterBP_C_0] Floor
[2026.06.05-07.34.15:901][560]LogBlueprintUserMessages: [ALS_Base_CharacterBP_C_0] Floor
[2026.06.05-07.34.15:910][561]LogBlueprintUserMessages: [ALS_Base_CharacterBP_C_0] Floor
[2026.06.05-07.34.15:917][562]LogBlueprintUserMessages: [ALS_Base_CharacterBP_C_0] Floor
[2026.06.05-07.34.15:926][563]LogBlueprintUserMessages: [ALS_Base_CharacterBP_C_0] Floor
[2026.06.05-07.34.15:934][564]LogBlueprintUserMessages: [ALS_Base_CharacterBP_C_0] Floor
[2026.06.05-07.34.15:943][565]LogBlueprintUserMessages: [ALS_Base_CharacterBP_C_0] Floor
[2026.06.05-07.34.15:951][566]LogBlueprintUserMessages: [ALS_Base_CharacterBP_C_0] Floor
[2026.06.05-07.34.15:960][567]LogBlueprintUserMessages: [ALS_Base_CharacterBP_C_0] Floor
[2026.06.05-07.34.15:968][568]LogBlueprintUserMessages: [ALS_Base_CharacterBP_C_0] Floor
[2026.06.05-07.34.15:976][569]LogBlueprintUserMessages: [ALS_Base_CharacterBP_C_0] Floor
[2026.06.05-07.34.15:984][570]LogBlueprintUserMessages: [ALS_Base_CharacterBP_C_0] Floor
[2026.06.05-07.34.15:993][571]LogBlueprintUserMessages: [ALS_Base_CharacterBP_C_0] Floor
[2026.06.05-07.34.16:001][572]LogBlueprintUserMessages: [ALS_Base_CharacterBP_C_0] Floor
[2026.06.05-07.34.16:009][573]LogBlueprintUserMessages: [ALS_Base_CharacterBP_C_0] Floor
[2026.06.05-07.34.16:018][574]LogBlueprintUserMessages: [ALS_Base_CharacterBP_C_0] Floor
[2026.06.05-07.34.16:026][575]LogBlueprintUserMessages: [ALS_Base_CharacterBP_C_0] Floor
[2026.06.05-07.34.16:034][576]LogBlueprintUserMessages: [ALS_Base_CharacterBP_C_0] Floor
[2026.06.05-07.34.16:043][577]LogBlueprintUserMessages: [ALS_Base_CharacterBP_C_0] Floor
[2026.06.05-07.34.16:051][578]LogBlueprintUserMessages: [ALS_Base_CharacterBP_C_0] Floor
[2026.06.05-07.34.16:059][579]LogBlueprintUserMessages: [ALS_Base_CharacterBP_C_0] Floor
[2026.06.05-07.34.16:068][580]LogBlueprintUserMessages: [ALS_Base_CharacterBP_C_0] Floor
[2026.06.05-07.34.16:076][581]LogBlueprintUserMessages: [ALS_Base_CharacterBP_C_0] Floor
[2026.06.05-07.34.16:084][582]LogBlueprintUserMessages: [ALS_Base_CharacterBP_C_0] Floor
[2026.06.05-07.34.16:092][583]LogBlueprintUserMessages: [ALS_Base_CharacterBP_C_0] Floor
[2026.06.05-07.34.16:101][584]LogBlueprintUserMessages: [ALS_Base_CharacterBP_C_0] Floor
[2026.06.05-07.34.16:110][585]LogBlueprintUserMessages: [ALS_Base_CharacterBP_C_0] Floor
[2026.06.05-07.34.16:118][586]LogBlueprintUserMessages: [ALS_Base_CharacterBP_C_0] Floor
[2026.06.05-07.34.16:126][587]LogBlueprintUserMessages: [ALS_Base_CharacterBP_C_0] Floor
[2026.06.05-07.34.16:134][588]LogBlueprintUserMessages: [ALS_Base_CharacterBP_C_0] Floor
[2026.06.05-07.34.16:143][589]LogBlueprintUserMessages: [ALS_Base_CharacterBP_C_0] Floor
[2026.06.05-07.34.16:151][590]LogBlueprintUserMessages: [ALS_Base_CharacterBP_C_0] Floor
[2026.06.05-07.34.16:160][591]LogBlueprintUserMessages: [ALS_Base_CharacterBP_C_0] Floor
[2026.06.05-07.34.16:168][592]LogBlueprintUserMessages: [ALS_Base_CharacterBP_C_0] Floor
[2026.06.05-07.34.16:176][593]LogBlueprintUserMessages: [ALS_Base_CharacterBP_C_0] Floor
[2026.06.05-07.34.16:184][594]LogBlueprintUserMessages: [ALS_Base_CharacterBP_C_0] Floor
[2026.06.05-07.34.16:193][595]LogBlueprintUserMessages: [ALS_Base_CharacterBP_C_0] Floor
[2026.06.05-07.34.16:201][596]LogBlueprintUserMessages: [ALS_Base_CharacterBP_C_0] Floor
[2026.06.05-07.34.16:209][597]LogBlueprintUserMessages: [ALS_Base_CharacterBP_C_0] Floor
[2026.06.05-07.34.16:218][598]LogBlueprintUserMessages: [ALS_Base_CharacterBP_C_0] Floor
[2026.06.05-07.34.16:226][599]LogBlueprintUserMessages: [ALS_Base_CharacterBP_C_0] Floor
[2026.06.05-07.34.16:234][600]LogBlueprintUserMessages: [ALS_Base_CharacterBP_C_0] Floor
[2026.06.05-07.34.16:242][601]LogBlueprintUserMessages: [ALS_Base_CharacterBP_C_0] Floor
[2026.06.05-07.34.16:251][602]LogBlueprintUserMessages: [ALS_Base_CharacterBP_C_0] Floor
[2026.06.05-07.34.16:259][603]LogBlueprintUserMessages: [ALS_Base_CharacterBP_C_0] Floor
[2026.06.05-07.34.16:267][604]LogBlueprintUserMessages: [ALS_Base_CharacterBP_C_0] Floor
[2026.06.05-07.34.16:276][605]LogBlueprintUserMessages: [ALS_Base_CharacterBP_C_0] Floor
[2026.06.05-07.34.16:285][606]LogBlueprintUserMessages: [ALS_Base_CharacterBP_C_0] Floor
[2026.06.05-07.34.16:293][607]LogBlueprintUserMessages: [ALS_Base_CharacterBP_C_0] Floor
[2026.06.05-07.34.16:301][608]LogBlueprintUserMessages: [ALS_Base_CharacterBP_C_0] Floor
[2026.06.05-07.34.16:309][609]LogBlueprintUserMessages: [ALS_Base_CharacterBP_C_0] Floor
[2026.06.05-07.34.16:317][610]LogBlueprintUserMessages: [ALS_Base_CharacterBP_C_0] Floor
[2026.06.05-07.34.16:326][611]LogBlueprintUserMessages: [ALS_Base_CharacterBP_C_0] Floor
[2026.06.05-07.34.16:334][612]LogBlueprintUserMessages: [ALS_Base_CharacterBP_C_0] Floor
[2026.06.05-07.34.16:343][613]LogBlueprintUserMessages: [ALS_Base_CharacterBP_C_0] Floor
[2026.06.05-07.34.16:351][614]LogBlueprintUserMessages: [ALS_Base_CharacterBP_C_0] Floor
[2026.06.05-07.34.16:359][615]LogBlueprintUserMessages: [ALS_Base_CharacterBP_C_0] Floor
[2026.06.05-07.34.16:367][616]LogBlueprintUserMessages: [ALS_Base_CharacterBP_C_0] Floor
[2026.06.05-07.34.16:376][617]LogBlueprintUserMessages: [ALS_Base_CharacterBP_C_0] Floor
[2026.06.05-07.34.16:384][618]LogBlueprintUserMessages: [ALS_Base_CharacterBP_C_0] Floor
[2026.06.05-07.34.16:393][619]LogBlueprintUserMessages: [ALS_Base_CharacterBP_C_0] Floor
[2026.06.05-07.34.16:401][620]LogBlueprintUserMessages: [ALS_Base_CharacterBP_C_0] Floor
[2026.06.05-07.34.16:410][621]LogBlueprintUserMessages: [ALS_Base_CharacterBP_C_0] Floor
[2026.06.05-07.34.16:417][622]LogBlueprintUserMessages: [ALS_Base_CharacterBP_C_0] Floor
[2026.06.05-07.34.16:426][623]LogBlueprintUserMessages: [ALS_Base_CharacterBP_C_0] Floor
[2026.06.05-07.34.16:434][624]LogBlueprintUserMessages: [ALS_Base_CharacterBP_C_0] Floor
[2026.06.05-07.34.16:443][625]LogBlueprintUserMessages: [ALS_Base_CharacterBP_C_0] Floor
[2026.06.05-07.34.16:451][626]LogBlueprintUserMessages: [ALS_Base_CharacterBP_C_0] Floor
[2026.06.05-07.34.16:459][627]LogBlueprintUserMessages: [ALS_Base_CharacterBP_C_0] Floor
[2026.06.05-07.34.16:468][628]LogBlueprintUserMessages: [ALS_Base_CharacterBP_C_0] Floor
[2026.06.05-07.34.16:476][629]LogBlueprintUserMessages: [ALS_Base_CharacterBP_C_0] Floor
[2026.06.05-07.34.16:484][630]LogBlueprintUserMessages: [ALS_Base_CharacterBP_C_0] Floor
[2026.06.05-07.34.16:493][631]LogBlueprintUserMessages: [ALS_Base_CharacterBP_C_0] Floor
[2026.06.05-07.34.16:501][632]LogBlueprintUserMessages: [ALS_Base_CharacterBP_C_0] Floor
[2026.06.05-07.34.16:509][633]LogBlueprintUserMessages: [ALS_Base_CharacterBP_C_0] Floor
[2026.06.05-07.34.16:518][634]LogBlueprintUserMessages: [ALS_Base_CharacterBP_C_0] Floor
[2026.06.05-07.34.16:526][635]LogBlueprintUserMessages: [ALS_Base_CharacterBP_C_0] Floor
[2026.06.05-07.34.16:535][636]LogBlueprintUserMessages: [ALS_Base_CharacterBP_C_0] Floor
[2026.06.05-07.34.16:543][637]LogBlueprintUserMessages: [ALS_Base_CharacterBP_C_0] Floor
[2026.06.05-07.34.16:551][638]LogBlueprintUserMessages: [ALS_Base_CharacterBP_C_0] Floor
[2026.06.05-07.34.16:559][639]LogBlueprintUserMessages: [ALS_Base_CharacterBP_C_0] Floor
[2026.06.05-07.34.16:567][640]LogBlueprintUserMessages: [ALS_Base_CharacterBP_C_0] Floor
[2026.06.05-07.34.16:576][641]LogBlueprintUserMessages: [ALS_Base_CharacterBP_C_0] Floor
[2026.06.05-07.34.16:584][642]LogBlueprintUserMessages: [ALS_Base_CharacterBP_C_0] Floor
[2026.06.05-07.34.16:592][643]LogBlueprintUserMessages: [ALS_Base_CharacterBP_C_0] Floor
[2026.06.05-07.34.16:601][644]LogBlueprintUserMessages: [ALS_Base_CharacterBP_C_0] Floor
[2026.06.05-07.34.16:610][645]LogBlueprintUserMessages: [ALS_Base_CharacterBP_C_0] Floor
[2026.06.05-07.34.16:617][646]LogBlueprintUserMessages: [ALS_Base_CharacterBP_C_0] Floor
[2026.06.05-07.34.16:626][647]LogBlueprintUserMessages: [ALS_Base_CharacterBP_C_0] Floor
[2026.06.05-07.34.16:634][648]LogBlueprintUserMessages: [ALS_Base_CharacterBP_C_0] Floor
[2026.06.05-07.34.16:643][649]LogBlueprintUserMessages: [ALS_Base_CharacterBP_C_0] Floor
[2026.06.05-07.34.16:651][650]LogBlueprintUserMessages: [ALS_Base_CharacterBP_C_0] Floor
[2026.06.05-07.34.16:659][651]LogBlueprintUserMessages: [ALS_Base_CharacterBP_C_0] Floor
[2026.06.05-07.34.16:667][652]LogBlueprintUserMessages: [ALS_Base_CharacterBP_C_0] Floor
[2026.06.05-07.34.16:676][653]LogBlueprintUserMessages: [ALS_Base_CharacterBP_C_0] Floor
[2026.06.05-07.34.16:684][654]LogBlueprintUserMessages: [ALS_Base_CharacterBP_C_0] Floor
[2026.06.05-07.34.16:693][655]LogBlueprintUserMessages: [ALS_Base_CharacterBP_C_0] Floor
[2026.06.05-07.34.16:701][656]LogBlueprintUserMessages: [ALS_Base_CharacterBP_C_0] Floor
[2026.06.05-07.34.16:710][657]LogBlueprintUserMessages: [ALS_Base_CharacterBP_C_0] Floor
[2026.06.05-07.34.16:717][658]LogBlueprintUserMessages: [ALS_Base_CharacterBP_C_0] Floor
[2026.06.05-07.34.16:726][659]LogBlueprintUserMessages: [ALS_Base_CharacterBP_C_0] Floor
[2026.06.05-07.34.16:734][660]LogBlueprintUserMessages: [ALS_Base_CharacterBP_C_0] Floor
[2026.06.05-07.34.16:743][661]LogBlueprintUserMessages: [ALS_Base_CharacterBP_C_0] Floor
[2026.06.05-07.34.16:751][662]LogBlueprintUserMessages: [ALS_Base_CharacterBP_C_0] Floor
[2026.06.05-07.34.16:759][663]LogBlueprintUserMessages: [ALS_Base_CharacterBP_C_0] Floor
[2026.06.05-07.34.16:767][664]LogBlueprintUserMessages: [ALS_Base_CharacterBP_C_0] Floor
[2026.06.05-07.34.16:776][665]LogBlueprintUserMessages: [ALS_Base_CharacterBP_C_0] Floor
[2026.06.05-07.34.16:784][666]LogBlueprintUserMessages: [ALS_Base_CharacterBP_C_0] Floor
[2026.06.05-07.34.16:793][667]LogBlueprintUserMessages: [ALS_Base_CharacterBP_C_0] Floor
[2026.06.05-07.34.16:801][668]LogBlueprintUserMessages: [ALS_Base_CharacterBP_C_0] Floor
[2026.06.05-07.34.16:809][669]LogBlueprintUserMessages: [ALS_Base_CharacterBP_C_0] Floor
[2026.06.05-07.34.16:818][670]LogBlueprintUserMessages: [ALS_Base_CharacterBP_C_0] Floor
[2026.06.05-07.34.16:826][671]LogBlueprintUserMessages: [ALS_Base_CharacterBP_C_0] Floor
[2026.06.05-07.34.16:835][672]LogBlueprintUserMessages: [ALS_Base_CharacterBP_C_0] Floor
[2026.06.05-07.34.16:843][673]LogBlueprintUserMessages: [ALS_Base_CharacterBP_C_0] Floor
[2026.06.05-07.34.16:851][674]LogBlueprintUserMessages: [ALS_Base_CharacterBP_C_0] Floor
[2026.06.05-07.34.16:859][675]LogBlueprintUserMessages: [ALS_Base_CharacterBP_C_0] Floor
[2026.06.05-07.34.16:868][676]LogBlueprintUserMessages: [ALS_Base_CharacterBP_C_0] Floor
[2026.06.05-07.34.16:876][677]LogBlueprintUserMessages: [ALS_Base_CharacterBP_C_0] Floor
[2026.06.05-07.34.16:885][678]LogBlueprintUserMessages: [ALS_Base_CharacterBP_C_0] Floor
[2026.06.05-07.34.16:893][679]LogBlueprintUserMessages: [ALS_Base_CharacterBP_C_0] Floor
[2026.06.05-07.34.16:901][680]LogBlueprintUserMessages: [ALS_Base_CharacterBP_C_0] Floor
[2026.06.05-07.34.16:910][681]LogBlueprintUserMessages: [ALS_Base_CharacterBP_C_0] Floor
[2026.06.05-07.34.16:918][682]LogBlueprintUserMessages: [ALS_Base_CharacterBP_C_0] Floor
[2026.06.05-07.34.16:926][683]LogBlueprintUserMessages: [ALS_Base_CharacterBP_C_0] Floor
[2026.06.05-07.34.16:934][684]LogBlueprintUserMessages: [ALS_Base_CharacterBP_C_0] Floor
[2026.06.05-07.34.16:942][685]LogBlueprintUserMessages: [ALS_Base_CharacterBP_C_0] Floor
[2026.06.05-07.34.16:951][686]LogBlueprintUserMessages: [ALS_Base_CharacterBP_C_0] Floor
[2026.06.05-07.34.16:959][687]LogBlueprintUserMessages: [ALS_Base_CharacterBP_C_0] Floor
[2026.06.05-07.34.16:968][688]LogBlueprintUserMessages: [ALS_Base_CharacterBP_C_0] Floor
[2026.06.05-07.34.16:976][689]LogBlueprintUserMessages: [ALS_Base_CharacterBP_C_0] Floor
[2026.06.05-07.34.16:984][690]LogBlueprintUserMessages: [ALS_Base_CharacterBP_C_0] Floor
[2026.06.05-07.34.16:992][691]LogBlueprintUserMessages: [ALS_Base_CharacterBP_C_0] Floor
[2026.06.05-07.34.17:001][692]LogBlueprintUserMessages: [ALS_Base_CharacterBP_C_0] Floor
[2026.06.05-07.34.17:009][693]LogBlueprintUserMessages: [ALS_Base_CharacterBP_C_0] Floor
[2026.06.05-07.34.17:017][694]LogBlueprintUserMessages: [ALS_Base_CharacterBP_C_0] Floor
[2026.06.05-07.34.17:026][695]LogBlueprintUserMessages: [ALS_Base_CharacterBP_C_0] Floor
[2026.06.05-07.34.17:034][696]LogBlueprintUserMessages: [ALS_Base_CharacterBP_C_0] Floor
[2026.06.05-07.34.17:043][697]LogBlueprintUserMessages: [ALS_Base_CharacterBP_C_0] Floor
[2026.06.05-07.34.17:051][698]LogBlueprintUserMessages: [ALS_Base_CharacterBP_C_0] Floor
[2026.06.05-07.34.17:059][699]LogBlueprintUserMessages: [ALS_Base_CharacterBP_C_0] Floor
[2026.06.05-07.34.17:067][700]LogBlueprintUserMessages: [ALS_Base_CharacterBP_C_0] Floor
[2026.06.05-07.34.17:076][701]LogBlueprintUserMessages: [ALS_Base_CharacterBP_C_0] Floor
[2026.06.05-07.34.17:084][702]LogBlueprintUserMessages: [ALS_Base_CharacterBP_C_0] Floor
[2026.06.05-07.34.17:093][703]LogBlueprintUserMessages: [ALS_Base_CharacterBP_C_0] Floor
[2026.06.05-07.34.17:101][704]LogBlueprintUserMessages: [ALS_Base_CharacterBP_C_0] Floor
[2026.06.05-07.34.17:109][705]LogBlueprintUserMessages: [ALS_Base_CharacterBP_C_0] Floor
[2026.06.05-07.34.17:118][706]LogBlueprintUserMessages: [ALS_Base_CharacterBP_C_0] Floor
[2026.06.05-07.34.17:126][707]LogBlueprintUserMessages: [ALS_Base_CharacterBP_C_0] Floor
[2026.06.05-07.34.17:135][708]LogBlueprintUserMessages: [ALS_Base_CharacterBP_C_0] Floor
[2026.06.05-07.34.17:142][709]LogBlueprintUserMessages: [ALS_Base_CharacterBP_C_0] Floor
[2026.06.05-07.34.17:151][710]LogBlueprintUserMessages: [ALS_Base_CharacterBP_C_0] Floor
[2026.06.05-07.34.17:160][711]LogBlueprintUserMessages: [ALS_Base_CharacterBP_C_0] Floor
[2026.06.05-07.34.17:168][712]LogBlueprintUserMessages: [ALS_Base_CharacterBP_C_0] Floor
[2026.06.05-07.34.17:176][713]LogBlueprintUserMessages: [ALS_Base_CharacterBP_C_0] Floor
[2026.06.05-07.34.17:184][714]LogBlueprintUserMessages: [ALS_Base_CharacterBP_C_0] Floor
[2026.06.05-07.34.17:193][715]LogBlueprintUserMessages: [ALS_Base_CharacterBP_C_0] Floor
[2026.06.05-07.34.17:201][716]LogBlueprintUserMessages: [ALS_Base_CharacterBP_C_0] Floor
[2026.06.05-07.34.17:209][717]LogBlueprintUserMessages: [ALS_Base_CharacterBP_C_0] Floor
[2026.06.05-07.34.17:218][718]LogBlueprintUserMessages: [ALS_Base_CharacterBP_C_0] Floor
[2026.06.05-07.34.17:226][719]LogBlueprintUserMessages: [ALS_Base_CharacterBP_C_0] Floor
[2026.06.05-07.34.17:235][720]LogBlueprintUserMessages: [ALS_Base_CharacterBP_C_0] Floor
[2026.06.05-07.34.17:243][721]LogBlueprintUserMessages: [ALS_Base_CharacterBP_C_0] Floor
[2026.06.05-07.34.17:251][722]LogBlueprintUserMessages: [ALS_Base_CharacterBP_C_0] Floor
[2026.06.05-07.34.17:259][723]LogBlueprintUserMessages: [ALS_Base_CharacterBP_C_0] Floor
[2026.06.05-07.34.17:267][724]LogBlueprintUserMessages: [ALS_Base_CharacterBP_C_0] Floor
[2026.06.05-07.34.17:276][725]LogBlueprintUserMessages: [ALS_Base_CharacterBP_C_0] Floor
[2026.06.05-07.34.17:284][726]LogBlueprintUserMessages: [ALS_Base_CharacterBP_C_0] Floor
[2026.06.05-07.34.17:293][727]LogBlueprintUserMessages: [ALS_Base_CharacterBP_C_0] Floor
[2026.06.05-07.34.17:301][728]LogBlueprintUserMessages: [ALS_Base_CharacterBP_C_0] Floor
[2026.06.05-07.34.17:309][729]LogBlueprintUserMessages: [ALS_Base_CharacterBP_C_0] Floor
[2026.06.05-07.34.17:318][730]LogBlueprintUserMessages: [ALS_Base_CharacterBP_C_0] Floor
[2026.06.05-07.34.17:326][731]LogBlueprintUserMessages: [ALS_Base_CharacterBP_C_0] Floor
[2026.06.05-07.34.17:335][732]LogBlueprintUserMessages: [ALS_Base_CharacterBP_C_0] Floor
[2026.06.05-07.34.17:343][733]LogBlueprintUserMessages: [ALS_Base_CharacterBP_C_0] Floor
[2026.06.05-07.34.17:351][734]LogBlueprintUserMessages: [ALS_Base_CharacterBP_C_0] Floor
[2026.06.05-07.34.17:360][735]LogBlueprintUserMessages: [ALS_Base_CharacterBP_C_0] Floor
[2026.06.05-07.34.17:368][736]LogBlueprintUserMessages: [ALS_Base_CharacterBP_C_0] Floor
[2026.06.05-07.34.17:376][737]LogBlueprintUserMessages: [ALS_Base_CharacterBP_C_0] CubeMesh
[2026.06.05-07.34.17:384][738]LogBlueprintUserMessages: [ALS_Base_CharacterBP_C_0] CubeMesh
[2026.06.05-07.34.17:393][739]LogBlueprintUserMessages: [ALS_Base_CharacterBP_C_0] CubeMesh
[2026.06.05-07.34.17:401][740]LogBlueprintUserMessages: [ALS_Base_CharacterBP_C_0] CubeMesh
[2026.06.05-07.34.17:409][741]LogBlueprintUserMessages: [ALS_Base_CharacterBP_C_0] CubeMesh
[2026.06.05-07.34.17:417][742]LogBlueprintUserMessages: [ALS_Base_CharacterBP_C_0] CubeMesh
[2026.06.05-07.34.17:426][743]LogBlueprintUserMessages: [ALS_Base_CharacterBP_C_0] CubeMesh
[2026.06.05-07.34.17:435][744]LogBlueprintUserMessages: [ALS_Base_CharacterBP_C_0] CubeMesh
[2026.06.05-07.34.17:443][745]LogBlueprintUserMessages: [ALS_Base_CharacterBP_C_0] CubeMesh
[2026.06.05-07.34.17:451][746]LogBlueprintUserMessages: [ALS_Base_CharacterBP_C_0] CubeMesh
[2026.06.05-07.34.17:460][747]LogBlueprintUserMessages: [ALS_Base_CharacterBP_C_0] CubeMesh
[2026.06.05-07.34.17:468][748]LogBlueprintUserMessages: [ALS_Base_CharacterBP_C_0] CubeMesh
[2026.06.05-07.34.17:476][749]LogBlueprintUserMessages: [ALS_Base_CharacterBP_C_0] CubeMesh
[2026.06.05-07.34.17:484][750]LogBlueprintUserMessages: [ALS_Base_CharacterBP_C_0] CubeMesh
[2026.06.05-07.34.17:493][751]LogBlueprintUserMessages: [ALS_Base_CharacterBP_C_0] CubeMesh
[2026.06.05-07.34.17:501][752]LogBlueprintUserMessages: [ALS_Base_CharacterBP_C_0] CubeMesh
[2026.06.05-07.34.17:509][753]LogBlueprintUserMessages: [ALS_Base_CharacterBP_C_0] CubeMesh
[2026.06.05-07.34.17:518][754]LogBlueprintUserMessages: [ALS_Base_CharacterBP_C_0] CubeMesh
[2026.06.05-07.34.17:525][755]LogBlueprintUserMessages: [ALS_Base_CharacterBP_C_0] CubeMesh
[2026.06.05-07.34.17:534][756]LogBlueprintUserMessages: [ALS_Base_CharacterBP_C_0] CubeMesh
[2026.06.05-07.34.17:543][757]LogBlueprintUserMessages: [ALS_Base_CharacterBP_C_0] CubeMesh
[2026.06.05-07.34.17:551][758]LogBlueprintUserMessages: [ALS_Base_CharacterBP_C_0] CubeMesh
[2026.06.05-07.34.17:560][759]LogBlueprintUserMessages: [ALS_Base_CharacterBP_C_0] CubeMesh
[2026.06.05-07.34.17:568][760]LogBlueprintUserMessages: [ALS_Base_CharacterBP_C_0] CubeMesh
[2026.06.05-07.34.17:576][761]LogBlueprintUserMessages: [ALS_Base_CharacterBP_C_0] CubeMesh
[2026.06.05-07.34.17:584][762]LogBlueprintUserMessages: [ALS_Base_CharacterBP_C_0] CubeMesh
[2026.06.05-07.34.17:593][763]LogBlueprintUserMessages: [ALS_Base_CharacterBP_C_0] CubeMesh
[2026.06.05-07.34.17:601][764]LogBlueprintUserMessages: [ALS_Base_CharacterBP_C_0] CubeMesh
[2026.06.05-07.34.17:609][765]LogBlueprintUserMessages: [ALS_Base_CharacterBP_C_0] CubeMesh
[2026.06.05-07.34.17:617][766]LogBlueprintUserMessages: [ALS_Base_CharacterBP_C_0] CubeMesh
[2026.06.05-07.34.17:626][767]LogBlueprintUserMessages: [ALS_Base_CharacterBP_C_0] CubeMesh
[2026.06.05-07.34.17:634][768]LogBlueprintUserMessages: [ALS_Base_CharacterBP_C_0] CubeMesh
[2026.06.05-07.34.17:643][769]LogBlueprintUserMessages: [ALS_Base_CharacterBP_C_0] CubeMesh
[2026.06.05-07.34.17:651][770]LogBlueprintUserMessages: [ALS_Base_CharacterBP_C_0] CubeMesh
[2026.06.05-07.34.17:659][771]LogBlueprintUserMessages: [ALS_Base_CharacterBP_C_0] CubeMesh
[2026.06.05-07.34.17:668][772]LogBlueprintUserMessages: [ALS_Base_CharacterBP_C_0] CubeMesh
[2026.06.05-07.34.17:676][773]LogBlueprintUserMessages: [ALS_Base_CharacterBP_C_0] CubeMesh
[2026.06.05-07.34.17:685][774]LogBlueprintUserMessages: [ALS_Base_CharacterBP_C_0] CubeMesh
[2026.06.05-07.34.17:693][775]LogBlueprintUserMessages: [ALS_Base_CharacterBP_C_0] CubeMesh
[2026.06.05-07.34.17:701][776]LogBlueprintUserMessages: [ALS_Base_CharacterBP_C_0] CubeMesh
[2026.06.05-07.34.17:710][777]LogBlueprintUserMessages: [ALS_Base_CharacterBP_C_0] CubeMesh
[2026.06.05-07.34.17:717][778]LogBlueprintUserMessages: [ALS_Base_CharacterBP_C_0] CubeMesh
[2026.06.05-07.34.17:726][779]LogBlueprintUserMessages: [ALS_Base_CharacterBP_C_0] CubeMesh
[2026.06.05-07.34.17:734][780]LogBlueprintUserMessages: [ALS_Base_CharacterBP_C_0] CubeMesh
[2026.06.05-07.34.17:743][781]LogBlueprintUserMessages: [ALS_Base_CharacterBP_C_0] CubeMesh
[2026.06.05-07.34.17:751][782]LogBlueprintUserMessages: [ALS_Base_CharacterBP_C_0] CubeMesh
[2026.06.05-07.34.17:759][783]LogBlueprintUserMessages: [ALS_Base_CharacterBP_C_0] CubeMesh
[2026.06.05-07.34.17:767][784]LogBlueprintUserMessages: [ALS_Base_CharacterBP_C_0] CubeMesh
[2026.06.05-07.34.17:776][785]LogBlueprintUserMessages: [ALS_Base_CharacterBP_C_0] CubeMesh
[2026.06.05-07.34.17:784][786]LogBlueprintUserMessages: [ALS_Base_CharacterBP_C_0] CubeMesh
[2026.06.05-07.34.17:793][787]LogBlueprintUserMessages: [ALS_Base_CharacterBP_C_0] CubeMesh
[2026.06.05-07.34.17:800][788]LogBlueprintUserMessages: [ALS_Base_CharacterBP_C_0] CubeMesh
[2026.06.05-07.34.17:809][789]LogBlueprintUserMessages: [ALS_Base_CharacterBP_C_0] CubeMesh
[2026.06.05-07.34.17:818][790]LogBlueprintUserMessages: [ALS_Base_CharacterBP_C_0] CubeMesh
[2026.06.05-07.34.17:826][791]LogBlueprintUserMessages: [ALS_Base_CharacterBP_C_0] CubeMesh
[2026.06.05-07.34.17:835][792]LogBlueprintUserMessages: [ALS_Base_CharacterBP_C_0] CubeMesh
[2026.06.05-07.34.17:843][793]LogBlueprintUserMessages: [ALS_Base_CharacterBP_C_0] CubeMesh
[2026.06.05-07.34.17:851][794]LogBlueprintUserMessages: [ALS_Base_CharacterBP_C_0] CubeMesh
[2026.06.05-07.34.17:860][795]LogBlueprintUserMessages: [ALS_Base_CharacterBP_C_0] CubeMesh
[2026.06.05-07.34.17:868][796]LogBlueprintUserMessages: [ALS_Base_CharacterBP_C_0] CubeMesh
[2026.06.05-07.34.17:876][797]LogBlueprintUserMessages: [ALS_Base_CharacterBP_C_0] CubeMesh
[2026.06.05-07.34.17:885][798]LogBlueprintUserMessages: [ALS_Base_CharacterBP_C_0] CubeMesh
[2026.06.05-07.34.17:892][799]LogBlueprintUserMessages: [ALS_Base_CharacterBP_C_0] CubeMesh
[2026.06.05-07.34.17:901][800]LogBlueprintUserMessages: [ALS_Base_CharacterBP_C_0] CubeMesh
[2026.06.05-07.34.17:909][801]LogBlueprintUserMessages: [ALS_Base_CharacterBP_C_0] CubeMesh
[2026.06.05-07.34.17:918][802]LogBlueprintUserMessages: [ALS_Base_CharacterBP_C_0] CubeMesh
[2026.06.05-07.34.17:926][803]LogBlueprintUserMessages: [ALS_Base_CharacterBP_C_0] CubeMesh
[2026.06.05-07.34.17:934][804]LogBlueprintUserMessages: [ALS_Base_CharacterBP_C_0] CubeMesh
[2026.06.05-07.34.17:943][805]LogBlueprintUserMessages: [ALS_Base_CharacterBP_C_0] CubeMesh
[2026.06.05-07.34.17:951][806]LogBlueprintUserMessages: [ALS_Base_CharacterBP_C_0] CubeMesh
[2026.06.05-07.34.17:959][807]LogBlueprintUserMessages: [ALS_Base_CharacterBP_C_0] Floor
[2026.06.05-07.34.17:967][808]LogBlueprintUserMessages: [ALS_Base_CharacterBP_C_0] Floor
[2026.06.05-07.34.17:976][809]LogBlueprintUserMessages: [ALS_Base_CharacterBP_C_0] Floor
[2026.06.05-07.34.17:984][810]LogBlueprintUserMessages: [ALS_Base_CharacterBP_C_0] Floor
[2026.06.05-07.34.17:993][811]LogBlueprintUserMessages: [ALS_Base_CharacterBP_C_0] Floor
[2026.06.05-07.34.18:001][812]LogBlueprintUserMessages: [ALS_Base_CharacterBP_C_0] Floor
[2026.06.05-07.34.18:010][813]LogBlueprintUserMessages: [ALS_Base_CharacterBP_C_0] Floor
[2026.06.05-07.34.18:018][814]LogBlueprintUserMessages: [ALS_Base_CharacterBP_C_0] Floor
[2026.06.05-07.34.18:026][815]LogBlueprintUserMessages: [ALS_Base_CharacterBP_C_0] Floor
[2026.06.05-07.34.18:034][816]LogBlueprintUserMessages: [ALS_Base_CharacterBP_C_0] Floor
[2026.06.05-07.34.18:042][817]LogBlueprintUserMessages: [ALS_Base_CharacterBP_C_0] Floor
[2026.06.05-07.34.18:051][818]LogBlueprintUserMessages: [ALS_Base_CharacterBP_C_0] Floor
[2026.06.05-07.34.18:060][819]LogBlueprintUserMessages: [ALS_Base_CharacterBP_C_0] Floor
[2026.06.05-07.34.18:067][820]LogBlueprintUserMessages: [ALS_Base_CharacterBP_C_0] Floor
[2026.06.05-07.34.18:076][821]LogBlueprintUserMessages: [ALS_Base_CharacterBP_C_0] Floor
[2026.06.05-07.34.18:085][822]LogBlueprintUserMessages: [ALS_Base_CharacterBP_C_0] Floor
[2026.06.05-07.34.18:093][823]LogBlueprintUserMessages: [ALS_Base_CharacterBP_C_0] Floor
[2026.06.05-07.34.18:101][824]LogBlueprintUserMessages: [ALS_Base_CharacterBP_C_0] Floor
[2026.06.05-07.34.18:110][825]LogBlueprintUserMessages: [ALS_Base_CharacterBP_C_0] Floor
[2026.06.05-07.34.18:117][826]LogBlueprintUserMessages: [ALS_Base_CharacterBP_C_0] Floor
[2026.06.05-07.34.18:126][827]LogBlueprintUserMessages: [ALS_Base_CharacterBP_C_0] Floor
[2026.06.05-07.34.18:134][828]LogBlueprintUserMessages: [ALS_Base_CharacterBP_C_0] Floor
[2026.06.05-07.34.18:143][829]LogBlueprintUserMessages: [ALS_Base_CharacterBP_C_0] Floor
[2026.06.05-07.34.18:151][830]LogBlueprintUserMessages: [ALS_Base_CharacterBP_C_0] Floor
[2026.06.05-07.34.18:159][831]LogBlueprintUserMessages: [ALS_Base_CharacterBP_C_0] Floor
[2026.06.05-07.34.18:168][832]LogBlueprintUserMessages: [ALS_Base_CharacterBP_C_0] Floor
[2026.06.05-07.34.18:176][833]LogBlueprintUserMessages: [ALS_Base_CharacterBP_C_0] Floor
[2026.06.05-07.34.18:184][834]LogBlueprintUserMessages: [ALS_Base_CharacterBP_C_0] Floor
[2026.06.05-07.34.18:193][835]LogBlueprintUserMessages: [ALS_Base_CharacterBP_C_0] Floor
[2026.06.05-07.34.18:201][836]LogBlueprintUserMessages: [ALS_Base_CharacterBP_C_0] Floor
[2026.06.05-07.34.18:209][837]LogBlueprintUserMessages: [ALS_Base_CharacterBP_C_0] Floor
[2026.06.05-07.34.18:218][838]LogBlueprintUserMessages: [ALS_Base_CharacterBP_C_0] Floor
[2026.06.05-07.34.18:226][839]LogBlueprintUserMessages: [ALS_Base_CharacterBP_C_0] Floor
[2026.06.05-07.34.18:234][840]LogBlueprintUserMessages: [ALS_Base_CharacterBP_C_0] Floor
[2026.06.05-07.34.18:242][841]LogBlueprintUserMessages: [ALS_Base_CharacterBP_C_0] Floor
[2026.06.05-07.34.18:251][842]LogBlueprintUserMessages: [ALS_Base_CharacterBP_C_0] Floor
[2026.06.05-07.34.18:259][843]LogBlueprintUserMessages: [ALS_Base_CharacterBP_C_0] Floor
[2026.06.05-07.34.18:267][844]LogBlueprintUserMessages: [ALS_Base_CharacterBP_C_0] Floor
[2026.06.05-07.34.18:276][845]LogBlueprintUserMessages: [ALS_Base_CharacterBP_C_0] Floor
[2026.06.05-07.34.18:285][846]LogBlueprintUserMessages: [ALS_Base_CharacterBP_C_0] Floor
[2026.06.05-07.34.18:293][847]LogBlueprintUserMessages: [ALS_Base_CharacterBP_C_0] Floor
[2026.06.05-07.34.18:301][848]LogBlueprintUserMessages: [ALS_Base_CharacterBP_C_0] Floor
[2026.06.05-07.34.18:310][849]LogBlueprintUserMessages: [ALS_Base_CharacterBP_C_0] Floor
[2026.06.05-07.34.18:318][850]LogBlueprintUserMessages: [ALS_Base_CharacterBP_C_0] Floor
[2026.06.05-07.34.18:326][851]LogBlueprintUserMessages: [ALS_Base_CharacterBP_C_0] Floor
[2026.06.05-07.34.18:334][852]LogBlueprintUserMessages: [ALS_Base_CharacterBP_C_0] Floor
[2026.06.05-07.34.18:343][853]LogBlueprintUserMessages: [ALS_Base_CharacterBP_C_0] Floor
[2026.06.05-07.34.18:351][854]LogBlueprintUserMessages: [ALS_Base_CharacterBP_C_0] Floor
[2026.06.05-07.34.18:359][855]LogBlueprintUserMessages: [ALS_Base_CharacterBP_C_0] Floor
[2026.06.05-07.34.18:367][856]LogBlueprintUserMessages: [ALS_Base_CharacterBP_C_0] Floor
[2026.06.05-07.34.18:376][857]LogBlueprintUserMessages: [ALS_Base_CharacterBP_C_0] Floor
[2026.06.05-07.34.18:384][858]LogBlueprintUserMessages: [ALS_Base_CharacterBP_C_0] Floor
[2026.06.05-07.34.18:393][859]LogBlueprintUserMessages: [ALS_Base_CharacterBP_C_0] Floor
[2026.06.05-07.34.18:401][860]LogBlueprintUserMessages: [ALS_Base_CharacterBP_C_0] Floor
[2026.06.05-07.34.18:409][861]LogBlueprintUserMessages: [ALS_Base_CharacterBP_C_0] Floor
[2026.06.05-07.34.18:418][862]LogBlueprintUserMessages: [ALS_Base_CharacterBP_C_0] Floor
[2026.06.05-07.34.18:425][863]LogBlueprintUserMessages: [ALS_Base_CharacterBP_C_0] Floor
[2026.06.05-07.34.18:434][864]LogBlueprintUserMessages: [ALS_Base_CharacterBP_C_0] Floor
[2026.06.05-07.34.18:442][865]LogBlueprintUserMessages: [ALS_Base_CharacterBP_C_0] Floor
[2026.06.05-07.34.18:451][866]LogBlueprintUserMessages: [ALS_Base_CharacterBP_C_0] Floor
[2026.06.05-07.34.18:460][867]LogBlueprintUserMessages: [ALS_Base_CharacterBP_C_0] Floor
[2026.06.05-07.34.18:468][868]LogBlueprintUserMessages: [ALS_Base_CharacterBP_C_0] Floor
[2026.06.05-07.34.18:476][869]LogBlueprintUserMessages: [ALS_Base_CharacterBP_C_0] Floor
[2026.06.05-07.34.18:485][870]LogBlueprintUserMessages: [ALS_Base_CharacterBP_C_0] Floor
[2026.06.05-07.34.18:492][871]LogBlueprintUserMessages: [ALS_Base_CharacterBP_C_0] Floor
[2026.06.05-07.34.18:501][872]LogBlueprintUserMessages: [ALS_Base_CharacterBP_C_0] Floor
[2026.06.05-07.34.18:509][873]LogBlueprintUserMessages: [ALS_Base_CharacterBP_C_0] CubeMesh
[2026.06.05-07.34.18:518][874]LogBlueprintUserMessages: [ALS_Base_CharacterBP_C_0] CubeMesh
[2026.06.05-07.34.18:526][875]LogBlueprintUserMessages: [ALS_Base_CharacterBP_C_0] CubeMesh
[2026.06.05-07.34.18:535][876]LogBlueprintUserMessages: [ALS_Base_CharacterBP_C_0] CubeMesh
[2026.06.05-07.34.18:543][877]LogBlueprintUserMessages: [ALS_Base_CharacterBP_C_0] CubeMesh
[2026.06.05-07.34.18:551][878]LogBlueprintUserMessages: [ALS_Base_CharacterBP_C_0] CubeMesh
[2026.06.05-07.34.18:560][879]LogBlueprintUserMessages: [ALS_Base_CharacterBP_C_0] CubeMesh
[2026.06.05-07.34.18:568][880]LogBlueprintUserMessages: [ALS_Base_CharacterBP_C_0] CubeMesh
[2026.06.05-07.34.18:576][881]LogBlueprintUserMessages: [ALS_Base_CharacterBP_C_0] CubeMesh
[2026.06.05-07.34.18:585][882]LogBlueprintUserMessages: [ALS_Base_CharacterBP_C_0] CubeMesh
[2026.06.05-07.34.18:593][883]LogBlueprintUserMessages: [ALS_Base_CharacterBP_C_0] CubeMesh
[2026.06.05-07.34.18:601][884]LogBlueprintUserMessages: [ALS_Base_CharacterBP_C_0] CubeMesh
[2026.06.05-07.34.18:609][885]LogBlueprintUserMessages: [ALS_Base_CharacterBP_C_0] CubeMesh
[2026.06.05-07.34.18:617][886]LogBlueprintUserMessages: [ALS_Base_CharacterBP_C_0] CubeMesh
[2026.06.05-07.34.18:626][887]LogBlueprintUserMessages: [ALS_Base_CharacterBP_C_0] CubeMesh
[2026.06.05-07.34.18:634][888]LogBlueprintUserMessages: [ALS_Base_CharacterBP_C_0] CubeMesh
[2026.06.05-07.34.18:643][889]LogBlueprintUserMessages: [ALS_Base_CharacterBP_C_0] CubeMesh
[2026.06.05-07.34.18:651][890]LogBlueprintUserMessages: [ALS_Base_CharacterBP_C_0] CubeMesh
[2026.06.05-07.34.18:659][891]LogBlueprintUserMessages: [ALS_Base_CharacterBP_C_0] CubeMesh
[2026.06.05-07.34.18:667][892]LogBlueprintUserMessages: [ALS_Base_CharacterBP_C_0] CubeMesh
[2026.06.05-07.34.18:676][893]LogBlueprintUserMessages: [ALS_Base_CharacterBP_C_0] CubeMesh
[2026.06.05-07.34.18:685][894]LogBlueprintUserMessages: [ALS_Base_CharacterBP_C_0] CubeMesh
[2026.06.05-07.34.18:693][895]LogBlueprintUserMessages: [ALS_Base_CharacterBP_C_0] CubeMesh
[2026.06.05-07.34.18:701][896]LogBlueprintUserMessages: [ALS_Base_CharacterBP_C_0] CubeMesh
[2026.06.05-07.34.18:709][897]LogBlueprintUserMessages: [ALS_Base_CharacterBP_C_0] CubeMesh
[2026.06.05-07.34.18:718][898]LogBlueprintUserMessages: [ALS_Base_CharacterBP_C_0] CubeMesh
[2026.06.05-07.34.18:726][899]LogBlueprintUserMessages: [ALS_Base_CharacterBP_C_0] CubeMesh
[2026.06.05-07.34.18:735][900]LogBlueprintUserMessages: [ALS_Base_CharacterBP_C_0] CubeMesh
[2026.06.05-07.34.18:742][901]LogBlueprintUserMessages: [ALS_Base_CharacterBP_C_0] CubeMesh
[2026.06.05-07.34.18:751][902]LogBlueprintUserMessages: [ALS_Base_CharacterBP_C_0] CubeMesh
[2026.06.05-07.34.18:759][903]LogBlueprintUserMessages: [ALS_Base_CharacterBP_C_0] CubeMesh
[2026.06.05-07.34.18:767][904]LogBlueprintUserMessages: [ALS_Base_CharacterBP_C_0] CubeMesh
[2026.06.05-07.34.18:776][905]LogBlueprintUserMessages: [ALS_Base_CharacterBP_C_0] CubeMesh
[2026.06.05-07.34.18:784][906]LogBlueprintUserMessages: [ALS_Base_CharacterBP_C_0] CubeMesh
[2026.06.05-07.34.18:792][907]LogBlueprintUserMessages: [ALS_Base_CharacterBP_C_0] CubeMesh
[2026.06.05-07.34.18:801][908]LogBlueprintUserMessages: [ALS_Base_CharacterBP_C_0] CubeMesh
[2026.06.05-07.34.18:809][909]LogBlueprintUserMessages: [ALS_Base_CharacterBP_C_0] CubeMesh
[2026.06.05-07.34.18:818][910]LogBlueprintUserMessages: [ALS_Base_CharacterBP_C_0] CubeMesh
[2026.06.05-07.34.18:826][911]LogBlueprintUserMessages: [ALS_Base_CharacterBP_C_0] CubeMesh
[2026.06.05-07.34.18:834][912]LogBlueprintUserMessages: [ALS_Base_CharacterBP_C_0] CubeMesh
[2026.06.05-07.34.18:842][913]LogBlueprintUserMessages: [ALS_Base_CharacterBP_C_0] CubeMesh
[2026.06.05-07.34.18:851][914]LogBlueprintUserMessages: [ALS_Base_CharacterBP_C_0] CubeMesh
[2026.06.05-07.34.18:859][915]LogBlueprintUserMessages: [ALS_Base_CharacterBP_C_0] CubeMesh
[2026.06.05-07.34.18:867][916]LogBlueprintUserMessages: [ALS_Base_CharacterBP_C_0] CubeMesh
[2026.06.05-07.34.18:876][917]LogBlueprintUserMessages: [ALS_Base_CharacterBP_C_0] CubeMesh
[2026.06.05-07.34.18:884][918]LogBlueprintUserMessages: [ALS_Base_CharacterBP_C_0] CubeMesh
[2026.06.05-07.34.18:893][919]LogBlueprintUserMessages: [ALS_Base_CharacterBP_C_0] CubeMesh
[2026.06.05-07.34.18:901][920]LogBlueprintUserMessages: [ALS_Base_CharacterBP_C_0] CubeMesh
[2026.06.05-07.34.18:909][921]LogBlueprintUserMessages: [ALS_Base_CharacterBP_C_0] CubeMesh
[2026.06.05-07.34.18:918][922]LogBlueprintUserMessages: [ALS_Base_CharacterBP_C_0] CubeMesh
[2026.06.05-07.34.18:926][923]LogBlueprintUserMessages: [ALS_Base_CharacterBP_C_0] CubeMesh
[2026.06.05-07.34.18:934][924]LogBlueprintUserMessages: [ALS_Base_CharacterBP_C_0] CubeMesh
[2026.06.05-07.34.18:942][925]LogBlueprintUserMessages: [ALS_Base_CharacterBP_C_0] CubeMesh
[2026.06.05-07.34.18:951][926]LogBlueprintUserMessages: [ALS_Base_CharacterBP_C_0] CubeMesh
[2026.06.05-07.34.18:960][927]LogBlueprintUserMessages: [ALS_Base_CharacterBP_C_0] CubeMesh
[2026.06.05-07.34.18:967][928]LogBlueprintUserMessages: [ALS_Base_CharacterBP_C_0] CubeMesh
[2026.06.05-07.34.18:976][929]LogBlueprintUserMessages: [ALS_Base_CharacterBP_C_0] CubeMesh
[2026.06.05-07.34.18:984][930]LogBlueprintUserMessages: [ALS_Base_CharacterBP_C_0] CubeMesh
[2026.06.05-07.34.18:993][931]LogBlueprintUserMessages: [ALS_Base_CharacterBP_C_0] CubeMesh
[2026.06.05-07.34.19:001][932]LogBlueprintUserMessages: [ALS_Base_CharacterBP_C_0] CubeMesh
[2026.06.05-07.34.19:009][933]LogBlueprintUserMessages: [ALS_Base_CharacterBP_C_0] CubeMesh
[2026.06.05-07.34.19:017][934]LogBlueprintUserMessages: [ALS_Base_CharacterBP_C_0] CubeMesh
[2026.06.05-07.34.19:026][935]LogBlueprintUserMessages: [ALS_Base_CharacterBP_C_0] CubeMesh
[2026.06.05-07.34.19:034][936]LogBlueprintUserMessages: [ALS_Base_CharacterBP_C_0] CubeMesh
[2026.06.05-07.34.19:043][937]LogBlueprintUserMessages: [ALS_Base_CharacterBP_C_0] CubeMesh
[2026.06.05-07.34.19:051][938]LogBlueprintUserMessages: [ALS_Base_CharacterBP_C_0] CubeMesh
[2026.06.05-07.34.19:059][939]LogBlueprintUserMessages: [ALS_Base_CharacterBP_C_0] CubeMesh
[2026.06.05-07.34.19:067][940]LogBlueprintUserMessages: [ALS_Base_CharacterBP_C_0] CubeMesh
[2026.06.05-07.34.19:076][941]LogBlueprintUserMessages: [ALS_Base_CharacterBP_C_0] CubeMesh
[2026.06.05-07.34.19:084][942]LogBlueprintUserMessages: [ALS_Base_CharacterBP_C_0] Floor
[2026.06.05-07.34.19:092][943]LogBlueprintUserMessages: [ALS_Base_CharacterBP_C_0] Floor
[2026.06.05-07.34.19:101][944]LogBlueprintUserMessages: [ALS_Base_CharacterBP_C_0] Floor
[2026.06.05-07.34.19:109][945]LogBlueprintUserMessages: [ALS_Base_CharacterBP_C_0] Floor
[2026.06.05-07.34.19:117][946]LogBlueprintUserMessages: [ALS_Base_CharacterBP_C_0] Floor
[2026.06.05-07.34.19:126][947]LogBlueprintUserMessages: [ALS_Base_CharacterBP_C_0] Floor
[2026.06.05-07.34.19:135][948]LogBlueprintUserMessages: [ALS_Base_CharacterBP_C_0] Floor
[2026.06.05-07.34.19:142][949]LogBlueprintUserMessages: [ALS_Base_CharacterBP_C_0] Floor
[2026.06.05-07.34.19:151][950]LogBlueprintUserMessages: [ALS_Base_CharacterBP_C_0] Floor
[2026.06.05-07.34.19:159][951]LogBlueprintUserMessages: [ALS_Base_CharacterBP_C_0] Floor
[2026.06.05-07.34.19:168][952]LogBlueprintUserMessages: [ALS_Base_CharacterBP_C_0] Floor
[2026.06.05-07.34.19:176][953]LogBlueprintUserMessages: [ALS_Base_CharacterBP_C_0] Floor
[2026.06.05-07.34.19:184][954]LogBlueprintUserMessages: [ALS_Base_CharacterBP_C_0] Floor
[2026.06.05-07.34.19:193][955]LogBlueprintUserMessages: [ALS_Base_CharacterBP_C_0] Floor
[2026.06.05-07.34.19:201][956]LogBlueprintUserMessages: [ALS_Base_CharacterBP_C_0] Floor
[2026.06.05-07.34.19:209][957]LogBlueprintUserMessages: [ALS_Base_CharacterBP_C_0] Floor
[2026.06.05-07.34.19:218][958]LogBlueprintUserMessages: [ALS_Base_CharacterBP_C_0] Floor
[2026.06.05-07.34.19:226][959]LogBlueprintUserMessages: [ALS_Base_CharacterBP_C_0] Floor
[2026.06.05-07.34.19:235][960]LogBlueprintUserMessages: [ALS_Base_CharacterBP_C_0] Floor
[2026.06.05-07.34.19:242][961]LogBlueprintUserMessages: [ALS_Base_CharacterBP_C_0] Floor
[2026.06.05-07.34.19:251][962]LogBlueprintUserMessages: [ALS_Base_CharacterBP_C_0] Floor
[2026.06.05-07.34.19:260][963]LogBlueprintUserMessages: [ALS_Base_CharacterBP_C_0] Floor
[2026.06.05-07.34.19:268][964]LogBlueprintUserMessages: [ALS_Base_CharacterBP_C_0] Floor
[2026.06.05-07.34.19:276][965]LogBlueprintUserMessages: [ALS_Base_CharacterBP_C_0] Floor
[2026.06.05-07.34.19:284][966]LogBlueprintUserMessages: [ALS_Base_CharacterBP_C_0] Floor
[2026.06.05-07.34.19:293][967]LogBlueprintUserMessages: [ALS_Base_CharacterBP_C_0] Floor
[2026.06.05-07.34.19:301][968]LogBlueprintUserMessages: [ALS_Base_CharacterBP_C_0] Floor
[2026.06.05-07.34.19:309][969]LogBlueprintUserMessages: [ALS_Base_CharacterBP_C_0] Floor
[2026.06.05-07.34.19:318][970]LogBlueprintUserMessages: [ALS_Base_CharacterBP_C_0] Floor
[2026.06.05-07.34.19:326][971]LogBlueprintUserMessages: [ALS_Base_CharacterBP_C_0] Floor
[2026.06.05-07.34.19:335][972]LogBlueprintUserMessages: [ALS_Base_CharacterBP_C_0] Floor
[2026.06.05-07.34.19:342][973]LogBlueprintUserMessages: [ALS_Base_CharacterBP_C_0] Floor
[2026.06.05-07.34.19:351][974]LogBlueprintUserMessages: [ALS_Base_CharacterBP_C_0] Floor
[2026.06.05-07.34.19:359][975]LogBlueprintUserMessages: [ALS_Base_CharacterBP_C_0] Floor
[2026.06.05-07.34.19:368][976]LogBlueprintUserMessages: [ALS_Base_CharacterBP_C_0] Floor
[2026.06.05-07.34.19:375][977]LogBlueprintUserMessages: [ALS_Base_CharacterBP_C_0] Floor
[2026.06.05-07.34.19:384][978]LogBlueprintUserMessages: [ALS_Base_CharacterBP_C_0] Floor
[2026.06.05-07.34.19:393][979]LogBlueprintUserMessages: [ALS_Base_CharacterBP_C_0] Floor
[2026.06.05-07.34.19:401][980]LogBlueprintUserMessages: [ALS_Base_CharacterBP_C_0] Floor
[2026.06.05-07.34.19:409][981]LogBlueprintUserMessages: [ALS_Base_CharacterBP_C_0] CubeMesh
[2026.06.05-07.34.19:418][982]LogBlueprintUserMessages: [ALS_Base_CharacterBP_C_0] CubeMesh
[2026.06.05-07.34.19:426][983]LogBlueprintUserMessages: [ALS_Base_CharacterBP_C_0] CubeMesh
[2026.06.05-07.34.19:435][984]LogBlueprintUserMessages: [ALS_Base_CharacterBP_C_0] CubeMesh
[2026.06.05-07.34.19:443][985]LogBlueprintUserMessages: [ALS_Base_CharacterBP_C_0] CubeMesh
[2026.06.05-07.34.19:451][986]LogBlueprintUserMessages: [ALS_Base_CharacterBP_C_0] CubeMesh
[2026.06.05-07.34.19:459][987]LogBlueprintUserMessages: [ALS_Base_CharacterBP_C_0] CubeMesh
[2026.06.05-07.34.19:468][988]LogBlueprintUserMessages: [ALS_Base_CharacterBP_C_0] CubeMesh
[2026.06.05-07.34.19:476][989]LogBlueprintUserMessages: [ALS_Base_CharacterBP_C_0] CubeMesh
[2026.06.05-07.34.19:484][990]LogBlueprintUserMessages: [ALS_Base_CharacterBP_C_0] CubeMesh
[2026.06.05-07.34.19:492][991]LogBlueprintUserMessages: [ALS_Base_CharacterBP_C_0] CubeMesh
[2026.06.05-07.34.19:500][992]LogBlueprintUserMessages: [ALS_Base_CharacterBP_C_0] CubeMesh
[2026.06.05-07.34.19:509][993]LogBlueprintUserMessages: [ALS_Base_CharacterBP_C_0] CubeMesh
[2026.06.05-07.34.19:518][994]LogBlueprintUserMessages: [ALS_Base_CharacterBP_C_0] CubeMesh
[2026.06.05-07.34.19:526][995]LogBlueprintUserMessages: [ALS_Base_CharacterBP_C_0] CubeMesh
[2026.06.05-07.34.19:534][996]LogBlueprintUserMessages: [ALS_Base_CharacterBP_C_0] CubeMesh
[2026.06.05-07.34.19:543][997]LogBlueprintUserMessages: [ALS_Base_CharacterBP_C_0] CubeMesh
[2026.06.05-07.34.19:551][998]LogBlueprintUserMessages: [ALS_Base_CharacterBP_C_0] CubeMesh
[2026.06.05-07.34.19:560][999]LogBlueprintUserMessages: [ALS_Base_CharacterBP_C_0] CubeMesh
[2026.06.05-07.34.19:567][  0]LogBlueprintUserMessages: [ALS_Base_CharacterBP_C_0] CubeMesh
[2026.06.05-07.34.19:576][  1]LogBlueprintUserMessages: [ALS_Base_CharacterBP_C_0] CubeMesh
[2026.06.05-07.34.19:584][  2]LogBlueprintUserMessages: [ALS_Base_CharacterBP_C_0] CubeMesh
[2026.06.05-07.34.19:593][  3]LogBlueprintUserMessages: [ALS_Base_CharacterBP_C_0] CubeMesh
[2026.06.05-07.34.19:601][  4]LogBlueprintUserMessages: [ALS_Base_CharacterBP_C_0] CubeMesh
[2026.06.05-07.34.19:609][  5]LogBlueprintUserMessages: [ALS_Base_CharacterBP_C_0] CubeMesh
[2026.06.05-07.34.19:618][  6]LogBlueprintUserMessages: [ALS_Base_CharacterBP_C_0] CubeMesh
[2026.06.05-07.34.19:626][  7]LogBlueprintUserMessages: [ALS_Base_CharacterBP_C_0] CubeMesh
[2026.06.05-07.34.19:634][  8]LogBlueprintUserMessages: [ALS_Base_CharacterBP_C_0] CubeMesh
[2026.06.05-07.34.19:643][  9]LogBlueprintUserMessages: [ALS_Base_CharacterBP_C_0] CubeMesh
[2026.06.05-07.34.19:651][ 10]LogBlueprintUserMessages: [ALS_Base_CharacterBP_C_0] CubeMesh
[2026.06.05-07.34.19:660][ 11]LogBlueprintUserMessages: [ALS_Base_CharacterBP_C_0] CubeMesh
[2026.06.05-07.34.19:668][ 12]LogBlueprintUserMessages: [ALS_Base_CharacterBP_C_0] CubeMesh
[2026.06.05-07.34.19:676][ 13]LogBlueprintUserMessages: [ALS_Base_CharacterBP_C_0] CubeMesh
[2026.06.05-07.34.19:685][ 14]LogBlueprintUserMessages: [ALS_Base_CharacterBP_C_0] CubeMesh
[2026.06.05-07.34.19:692][ 15]LogBlueprintUserMessages: [ALS_Base_CharacterBP_C_0] CubeMesh
[2026.06.05-07.34.19:701][ 16]LogBlueprintUserMessages: [ALS_Base_CharacterBP_C_0] CubeMesh
[2026.06.05-07.34.19:710][ 17]LogBlueprintUserMessages: [ALS_Base_CharacterBP_C_0] CubeMesh
[2026.06.05-07.34.19:718][ 18]LogBlueprintUserMessages: [ALS_Base_CharacterBP_C_0] CubeMesh
[2026.06.05-07.34.19:726][ 19]LogBlueprintUserMessages: [ALS_Base_CharacterBP_C_0] CubeMesh
[2026.06.05-07.34.19:734][ 20]LogBlueprintUserMessages: [ALS_Base_CharacterBP_C_0] CubeMesh
[2026.06.05-07.34.19:743][ 21]LogBlueprintUserMessages: [ALS_Base_CharacterBP_C_0] CubeMesh
[2026.06.05-07.34.19:751][ 22]LogBlueprintUserMessages: [ALS_Base_CharacterBP_C_0] CubeMesh
[2026.06.05-07.34.19:760][ 23]LogBlueprintUserMessages: [ALS_Base_CharacterBP_C_0] CubeMesh
[2026.06.05-07.34.19:768][ 24]LogBlueprintUserMessages: [ALS_Base_CharacterBP_C_0] CubeMesh
[2026.06.05-07.34.19:776][ 25]LogBlueprintUserMessages: [ALS_Base_CharacterBP_C_0] CubeMesh
[2026.06.05-07.34.19:785][ 26]LogBlueprintUserMessages: [ALS_Base_CharacterBP_C_0] CubeMesh
[2026.06.05-07.34.19:792][ 27]LogBlueprintUserMessages: [ALS_Base_CharacterBP_C_0] CubeMesh
[2026.06.05-07.34.19:801][ 28]LogBlueprintUserMessages: [ALS_Base_CharacterBP_C_0] CubeMesh
[2026.06.05-07.34.19:809][ 29]LogBlueprintUserMessages: [ALS_Base_CharacterBP_C_0] CubeMesh
[2026.06.05-07.34.19:818][ 30]LogBlueprintUserMessages: [ALS_Base_CharacterBP_C_0] CubeMesh
[2026.06.05-07.34.19:826][ 31]LogBlueprintUserMessages: [ALS_Base_CharacterBP_C_0] CubeMesh
[2026.06.05-07.34.19:835][ 32]LogBlueprintUserMessages: [ALS_Base_CharacterBP_C_0] CubeMesh
[2026.06.05-07.34.19:842][ 33]LogBlueprintUserMessages: [ALS_Base_CharacterBP_C_0] CubeMesh
[2026.06.05-07.34.19:851][ 34]LogBlueprintUserMessages: [ALS_Base_CharacterBP_C_0] CubeMesh
[2026.06.05-07.34.19:859][ 35]LogBlueprintUserMessages: [ALS_Base_CharacterBP_C_0] CubeMesh
[2026.06.05-07.34.19:867][ 36]LogBlueprintUserMessages: [ALS_Base_CharacterBP_C_0] CubeMesh
[2026.06.05-07.34.19:876][ 37]LogBlueprintUserMessages: [ALS_Base_CharacterBP_C_0] CubeMesh
[2026.06.05-07.34.19:885][ 38]LogBlueprintUserMessages: [ALS_Base_CharacterBP_C_0] CubeMesh
[2026.06.05-07.34.19:893][ 39]LogBlueprintUserMessages: [ALS_Base_CharacterBP_C_0] CubeMesh
[2026.06.05-07.34.19:901][ 40]LogBlueprintUserMessages: [ALS_Base_CharacterBP_C_0] CubeMesh
[2026.06.05-07.34.19:909][ 41]LogBlueprintUserMessages: [ALS_Base_CharacterBP_C_0] CubeMesh
[2026.06.05-07.34.19:918][ 42]LogBlueprintUserMessages: [ALS_Base_CharacterBP_C_0] CubeMesh
[2026.06.05-07.34.19:926][ 43]LogBlueprintUserMessages: [ALS_Base_CharacterBP_C_0] CubeMesh
[2026.06.05-07.34.19:935][ 44]LogBlueprintUserMessages: [ALS_Base_CharacterBP_C_0] CubeMesh
[2026.06.05-07.34.19:943][ 45]LogBlueprintUserMessages: [ALS_Base_CharacterBP_C_0] CubeMesh
[2026.06.05-07.34.19:951][ 46]LogBlueprintUserMessages: [ALS_Base_CharacterBP_C_0] CubeMesh
[2026.06.05-07.34.19:959][ 47]LogBlueprintUserMessages: [ALS_Base_CharacterBP_C_0] CubeMesh
[2026.06.05-07.34.19:968][ 48]LogBlueprintUserMessages: [ALS_Base_CharacterBP_C_0] CubeMesh
[2026.06.05-07.34.19:976][ 49]LogBlueprintUserMessages: [ALS_Base_CharacterBP_C_0] CubeMesh
[2026.06.05-07.34.19:985][ 50]LogBlueprintUserMessages: [ALS_Base_CharacterBP_C_0] CubeMesh
[2026.06.05-07.34.19:993][ 51]LogBlueprintUserMessages: [ALS_Base_CharacterBP_C_0] Floor
[2026.06.05-07.34.20:001][ 52]LogBlueprintUserMessages: [ALS_Base_CharacterBP_C_0] Floor
[2026.06.05-07.34.20:009][ 53]LogBlueprintUserMessages: [ALS_Base_CharacterBP_C_0] Floor
[2026.06.05-07.34.20:018][ 54]LogBlueprintUserMessages: [ALS_Base_CharacterBP_C_0] Floor
[2026.06.05-07.34.20:026][ 55]LogBlueprintUserMessages: [ALS_Base_CharacterBP_C_0] Floor
[2026.06.05-07.34.20:035][ 56]LogBlueprintUserMessages: [ALS_Base_CharacterBP_C_0] Floor
[2026.06.05-07.34.20:043][ 57]LogBlueprintUserMessages: [ALS_Base_CharacterBP_C_0] Floor
[2026.06.05-07.34.20:051][ 58]LogBlueprintUserMessages: [ALS_Base_CharacterBP_C_0] Floor
[2026.06.05-07.34.20:059][ 59]LogBlueprintUserMessages: [ALS_Base_CharacterBP_C_0] Floor
[2026.06.05-07.34.20:068][ 60]LogBlueprintUserMessages: [ALS_Base_CharacterBP_C_0] Floor
[2026.06.05-07.34.20:076][ 61]LogBlueprintUserMessages: [ALS_Base_CharacterBP_C_0] Floor
[2026.06.05-07.34.20:085][ 62]LogBlueprintUserMessages: [ALS_Base_CharacterBP_C_0] Floor
[2026.06.05-07.34.20:093][ 63]LogBlueprintUserMessages: [ALS_Base_CharacterBP_C_0] Floor
[2026.06.05-07.34.20:101][ 64]LogBlueprintUserMessages: [ALS_Base_CharacterBP_C_0] Floor
[2026.06.05-07.34.20:110][ 65]LogBlueprintUserMessages: [ALS_Base_CharacterBP_C_0] Floor
[2026.06.05-07.34.20:118][ 66]LogBlueprintUserMessages: [ALS_Base_CharacterBP_C_0] Floor
[2026.06.05-07.34.20:126][ 67]LogBlueprintUserMessages: [ALS_Base_CharacterBP_C_0] Floor
[2026.06.05-07.34.20:135][ 68]LogBlueprintUserMessages: [ALS_Base_CharacterBP_C_0] Floor
[2026.06.05-07.34.20:142][ 69]LogBlueprintUserMessages: [ALS_Base_CharacterBP_C_0] Floor
[2026.06.05-07.34.20:151][ 70]LogBlueprintUserMessages: [ALS_Base_CharacterBP_C_0] Floor
[2026.06.05-07.34.20:160][ 71]LogBlueprintUserMessages: [ALS_Base_CharacterBP_C_0] Floor
[2026.06.05-07.34.20:168][ 72]LogBlueprintUserMessages: [ALS_Base_CharacterBP_C_0] Floor
[2026.06.05-07.34.20:176][ 73]LogBlueprintUserMessages: [ALS_Base_CharacterBP_C_0] Floor
[2026.06.05-07.34.20:185][ 74]LogBlueprintUserMessages: [ALS_Base_CharacterBP_C_0] Floor
[2026.06.05-07.34.20:192][ 75]LogBlueprintUserMessages: [ALS_Base_CharacterBP_C_0] Floor
[2026.06.05-07.34.20:201][ 76]LogBlueprintUserMessages: [ALS_Base_CharacterBP_C_0] Floor
[2026.06.05-07.34.20:209][ 77]LogBlueprintUserMessages: [ALS_Base_CharacterBP_C_0] Floor
[2026.06.05-07.34.20:217][ 78]LogBlueprintUserMessages: [ALS_Base_CharacterBP_C_0] Floor
[2026.06.05-07.34.20:226][ 79]LogBlueprintUserMessages: [ALS_Base_CharacterBP_C_0] Floor
[2026.06.05-07.34.20:234][ 80]LogBlueprintUserMessages: [ALS_Base_CharacterBP_C_0] Floor
[2026.06.05-07.34.20:243][ 81]LogBlueprintUserMessages: [ALS_Base_CharacterBP_C_0] Floor
[2026.06.05-07.34.20:251][ 82]LogBlueprintUserMessages: [ALS_Base_CharacterBP_C_0] Floor
[2026.06.05-07.34.20:259][ 83]LogBlueprintUserMessages: [ALS_Base_CharacterBP_C_0] Floor
[2026.06.05-07.34.20:268][ 84]LogBlueprintUserMessages: [ALS_Base_CharacterBP_C_0] Floor
[2026.06.05-07.34.20:276][ 85]LogBlueprintUserMessages: [ALS_Base_CharacterBP_C_0] Floor
[2026.06.05-07.34.20:284][ 86]LogBlueprintUserMessages: [ALS_Base_CharacterBP_C_0] Floor
[2026.06.05-07.34.20:293][ 87]LogBlueprintUserMessages: [ALS_Base_CharacterBP_C_0] Floor
[2026.06.05-07.34.20:301][ 88]LogBlueprintUserMessages: [ALS_Base_CharacterBP_C_0] Floor
[2026.06.05-07.34.20:309][ 89]LogBlueprintUserMessages: [ALS_Base_CharacterBP_C_0] Floor
[2026.06.05-07.34.20:318][ 90]LogBlueprintUserMessages: [ALS_Base_CharacterBP_C_0] CubeMesh
[2026.06.05-07.34.20:326][ 91]LogBlueprintUserMessages: [ALS_Base_CharacterBP_C_0] CubeMesh
[2026.06.05-07.34.20:334][ 92]LogBlueprintUserMessages: [ALS_Base_CharacterBP_C_0] CubeMesh
[2026.06.05-07.34.20:343][ 93]LogBlueprintUserMessages: [ALS_Base_CharacterBP_C_0] CubeMesh
[2026.06.05-07.34.20:351][ 94]LogBlueprintUserMessages: [ALS_Base_CharacterBP_C_0] CubeMesh
[2026.06.05-07.34.20:360][ 95]LogBlueprintUserMessages: [ALS_Base_CharacterBP_C_0] CubeMesh
[2026.06.05-07.34.20:368][ 96]LogBlueprintUserMessages: [ALS_Base_CharacterBP_C_0] CubeMesh
[2026.06.05-07.34.20:376][ 97]LogBlueprintUserMessages: [ALS_Base_CharacterBP_C_0] CubeMesh
[2026.06.05-07.34.20:384][ 98]LogBlueprintUserMessages: [ALS_Base_CharacterBP_C_0] CubeMesh
[2026.06.05-07.34.20:393][ 99]LogBlueprintUserMessages: [ALS_Base_CharacterBP_C_0] CubeMesh
[2026.06.05-07.34.20:401][100]LogBlueprintUserMessages: [ALS_Base_CharacterBP_C_0] CubeMesh
[2026.06.05-07.34.20:410][101]LogBlueprintUserMessages: [ALS_Base_CharacterBP_C_0] CubeMesh
[2026.06.05-07.34.20:417][102]LogBlueprintUserMessages: [ALS_Base_CharacterBP_C_0] CubeMesh
[2026.06.05-07.34.20:426][103]LogBlueprintUserMessages: [ALS_Base_CharacterBP_C_0] CubeMesh
[2026.06.05-07.34.20:435][104]LogBlueprintUserMessages: [ALS_Base_CharacterBP_C_0] CubeMesh
[2026.06.05-07.34.20:442][105]LogBlueprintUserMessages: [ALS_Base_CharacterBP_C_0] CubeMesh
[2026.06.05-07.34.20:451][106]LogBlueprintUserMessages: [ALS_Base_CharacterBP_C_0] CubeMesh
[2026.06.05-07.34.20:460][107]LogBlueprintUserMessages: [ALS_Base_CharacterBP_C_0] CubeMesh
[2026.06.05-07.34.20:468][108]LogBlueprintUserMessages: [ALS_Base_CharacterBP_C_0] CubeMesh
[2026.06.05-07.34.20:476][109]LogBlueprintUserMessages: [ALS_Base_CharacterBP_C_0] CubeMesh
[2026.06.05-07.34.20:484][110]LogBlueprintUserMessages: [ALS_Base_CharacterBP_C_0] CubeMesh
[2026.06.05-07.34.20:493][111]LogBlueprintUserMessages: [ALS_Base_CharacterBP_C_0] CubeMesh
[2026.06.05-07.34.20:501][112]LogBlueprintUserMessages: [ALS_Base_CharacterBP_C_0] CubeMesh
[2026.06.05-07.34.20:509][113]LogBlueprintUserMessages: [ALS_Base_CharacterBP_C_0] CubeMesh
[2026.06.05-07.34.20:518][114]LogBlueprintUserMessages: [ALS_Base_CharacterBP_C_0] CubeMesh
[2026.06.05-07.34.20:526][115]LogBlueprintUserMessages: [ALS_Base_CharacterBP_C_0] CubeMesh
[2026.06.05-07.34.20:534][116]LogBlueprintUserMessages: [ALS_Base_CharacterBP_C_0] CubeMesh
[2026.06.05-07.34.20:543][117]LogBlueprintUserMessages: [ALS_Base_CharacterBP_C_0] CubeMesh
[2026.06.05-07.34.20:551][118]LogBlueprintUserMessages: [ALS_Base_CharacterBP_C_0] CubeMesh
[2026.06.05-07.34.20:559][119]LogBlueprintUserMessages: [ALS_Base_CharacterBP_C_0] CubeMesh
[2026.06.05-07.34.20:567][120]LogBlueprintUserMessages: [ALS_Base_CharacterBP_C_0] CubeMesh
[2026.06.05-07.34.20:576][121]LogBlueprintUserMessages: [ALS_Base_CharacterBP_C_0] CubeMesh
[2026.06.05-07.34.20:584][122]LogBlueprintUserMessages: [ALS_Base_CharacterBP_C_0] CubeMesh
[2026.06.05-07.34.20:592][123]LogBlueprintUserMessages: [ALS_Base_CharacterBP_C_0] CubeMesh
[2026.06.05-07.34.20:601][124]LogBlueprintUserMessages: [ALS_Base_CharacterBP_C_0] CubeMesh
[2026.06.05-07.34.20:610][125]LogBlueprintUserMessages: [ALS_Base_CharacterBP_C_0] CubeMesh
[2026.06.05-07.34.20:617][126]LogBlueprintUserMessages: [ALS_Base_CharacterBP_C_0] CubeMesh
[2026.06.05-07.34.20:626][127]LogBlueprintUserMessages: [ALS_Base_CharacterBP_C_0] CubeMesh
[2026.06.05-07.34.20:634][128]LogBlueprintUserMessages: [ALS_Base_CharacterBP_C_0] CubeMesh
[2026.06.05-07.34.20:644][129]LogBlueprintUserMessages: [ALS_Base_CharacterBP_C_0] CubeMesh
[2026.06.05-07.34.20:651][130]LogBlueprintUserMessages: [ALS_Base_CharacterBP_C_0] CubeMesh
[2026.06.05-07.34.20:660][131]LogBlueprintUserMessages: [ALS_Base_CharacterBP_C_0] CubeMesh
[2026.06.05-07.34.20:667][132]LogBlueprintUserMessages: [ALS_Base_CharacterBP_C_0] CubeMesh
[2026.06.05-07.34.20:676][133]LogBlueprintUserMessages: [ALS_Base_CharacterBP_C_0] CubeMesh
[2026.06.05-07.34.20:684][134]LogBlueprintUserMessages: [ALS_Base_CharacterBP_C_0] CubeMesh
[2026.06.05-07.34.20:693][135]LogBlueprintUserMessages: [ALS_Base_CharacterBP_C_0] CubeMesh
[2026.06.05-07.34.20:701][136]LogBlueprintUserMessages: [ALS_Base_CharacterBP_C_0] CubeMesh
[2026.06.05-07.34.20:710][137]LogBlueprintUserMessages: [ALS_Base_CharacterBP_C_0] CubeMesh
[2026.06.05-07.34.20:718][138]LogBlueprintUserMessages: [ALS_Base_CharacterBP_C_0] CubeMesh
[2026.06.05-07.34.20:726][139]LogBlueprintUserMessages: [ALS_Base_CharacterBP_C_0] CubeMesh
[2026.06.05-07.34.20:735][140]LogBlueprintUserMessages: [ALS_Base_CharacterBP_C_0] CubeMesh
[2026.06.05-07.34.20:743][141]LogBlueprintUserMessages: [ALS_Base_CharacterBP_C_0] CubeMesh
[2026.06.05-07.34.20:751][142]LogBlueprintUserMessages: [ALS_Base_CharacterBP_C_0] CubeMesh
[2026.06.05-07.34.20:759][143]LogBlueprintUserMessages: [ALS_Base_CharacterBP_C_0] CubeMesh
[2026.06.05-07.34.20:768][144]LogBlueprintUserMessages: [ALS_Base_CharacterBP_C_0] CubeMesh
[2026.06.05-07.34.20:777][145]LogBlueprintUserMessages: [ALS_Base_CharacterBP_C_0] CubeMesh
[2026.06.05-07.34.20:785][146]LogBlueprintUserMessages: [ALS_Base_CharacterBP_C_0] CubeMesh
[2026.06.05-07.34.20:793][147]LogBlueprintUserMessages: [ALS_Base_CharacterBP_C_0] CubeMesh
[2026.06.05-07.34.20:801][148]LogBlueprintUserMessages: [ALS_Base_CharacterBP_C_0] CubeMesh
[2026.06.05-07.34.20:809][149]LogBlueprintUserMessages: [ALS_Base_CharacterBP_C_0] CubeMesh
[2026.06.05-07.34.20:818][150]LogBlueprintUserMessages: [ALS_Base_CharacterBP_C_0] CubeMesh
[2026.06.05-07.34.20:826][151]LogBlueprintUserMessages: [ALS_Base_CharacterBP_C_0] CubeMesh
[2026.06.05-07.34.20:835][152]LogBlueprintUserMessages: [ALS_Base_CharacterBP_C_0] CubeMesh
[2026.06.05-07.34.20:843][153]LogBlueprintUserMessages: [ALS_Base_CharacterBP_C_0] CubeMesh
[2026.06.05-07.34.20:892][159]LogBlueprintUserMessages: [ALS_Base_CharacterBP_C_0] Floor
[2026.06.05-07.34.20:901][160]LogBlueprintUserMessages: [ALS_Base_CharacterBP_C_0] Floor
[2026.06.05-07.34.20:909][161]LogBlueprintUserMessages: [ALS_Base_CharacterBP_C_0] Floor
[2026.06.05-07.34.20:918][162]LogBlueprintUserMessages: [ALS_Base_CharacterBP_C_0] Floor
[2026.06.05-07.34.20:926][163]LogBlueprintUserMessages: [ALS_Base_CharacterBP_C_0] Floor
[2026.06.05-07.34.20:934][164]LogBlueprintUserMessages: [ALS_Base_CharacterBP_C_0] Floor
[2026.06.05-07.34.20:942][165]LogBlueprintUserMessages: [ALS_Base_CharacterBP_C_0] Floor
[2026.06.05-07.34.20:951][166]LogBlueprintUserMessages: [ALS_Base_CharacterBP_C_0] Floor
[2026.06.05-07.34.20:960][167]LogBlueprintUserMessages: [ALS_Base_CharacterBP_C_0] Floor
[2026.06.05-07.34.20:967][168]LogBlueprintUserMessages: [ALS_Base_CharacterBP_C_0] Floor
[2026.06.05-07.34.20:976][169]LogBlueprintUserMessages: [ALS_Base_CharacterBP_C_0] Floor
[2026.06.05-07.34.20:984][170]LogBlueprintUserMessages: [ALS_Base_CharacterBP_C_0] Floor
[2026.06.05-07.34.20:993][171]LogBlueprintUserMessages: [ALS_Base_CharacterBP_C_0] Floor
[2026.06.05-07.34.21:001][172]LogBlueprintUserMessages: [ALS_Base_CharacterBP_C_0] Floor
[2026.06.05-07.34.21:009][173]LogBlueprintUserMessages: [ALS_Base_CharacterBP_C_0] Floor
[2026.06.05-07.34.21:018][174]LogBlueprintUserMessages: [ALS_Base_CharacterBP_C_0] Floor
[2026.06.05-07.34.21:026][175]LogBlueprintUserMessages: [ALS_Base_CharacterBP_C_0] Floor
[2026.06.05-07.34.21:035][176]LogBlueprintUserMessages: [ALS_Base_CharacterBP_C_0] Floor
[2026.06.05-07.34.21:043][177]LogBlueprintUserMessages: [ALS_Base_CharacterBP_C_0] Floor
[2026.06.05-07.34.21:051][178]LogBlueprintUserMessages: [ALS_Base_CharacterBP_C_0] Floor
[2026.06.05-07.34.21:059][179]LogBlueprintUserMessages: [ALS_Base_CharacterBP_C_0] Floor
[2026.06.05-07.34.21:068][180]LogBlueprintUserMessages: [ALS_Base_CharacterBP_C_0] Floor
[2026.06.05-07.34.21:076][181]LogBlueprintUserMessages: [ALS_Base_CharacterBP_C_0] Floor
[2026.06.05-07.34.21:085][182]LogBlueprintUserMessages: [ALS_Base_CharacterBP_C_0] Floor
[2026.06.05-07.34.21:093][183]LogBlueprintUserMessages: [ALS_Base_CharacterBP_C_0] Floor
[2026.06.05-07.34.21:101][184]LogBlueprintUserMessages: [ALS_Base_CharacterBP_C_0] Floor
[2026.06.05-07.34.21:110][185]LogBlueprintUserMessages: [ALS_Base_CharacterBP_C_0] Floor
[2026.06.05-07.34.21:118][186]LogBlueprintUserMessages: [ALS_Base_CharacterBP_C_0] Floor
[2026.06.05-07.34.21:126][187]LogBlueprintUserMessages: [ALS_Base_CharacterBP_C_0] Floor
[2026.06.05-07.34.21:135][188]LogBlueprintUserMessages: [ALS_Base_CharacterBP_C_0] Floor
[2026.06.05-07.34.21:143][189]LogBlueprintUserMessages: [ALS_Base_CharacterBP_C_0] Floor
[2026.06.05-07.34.21:151][190]LogBlueprintUserMessages: [ALS_Base_CharacterBP_C_0] Floor
[2026.06.05-07.34.21:159][191]LogBlueprintUserMessages: [ALS_Base_CharacterBP_C_0] Floor
[2026.06.05-07.34.21:168][192]LogBlueprintUserMessages: [ALS_Base_CharacterBP_C_0] Floor
[2026.06.05-07.34.21:176][193]LogBlueprintUserMessages: [ALS_Base_CharacterBP_C_0] Floor
[2026.06.05-07.34.21:185][194]LogBlueprintUserMessages: [ALS_Base_CharacterBP_C_0] Floor
[2026.06.05-07.34.21:193][195]LogBlueprintUserMessages: [ALS_Base_CharacterBP_C_0] Floor
[2026.06.05-07.34.21:202][196]LogBlueprintUserMessages: [ALS_Base_CharacterBP_C_0] Floor
[2026.06.05-07.34.21:209][197]LogBlueprintUserMessages: [ALS_Base_CharacterBP_C_0] Floor
[2026.06.05-07.34.21:218][198]LogBlueprintUserMessages: [ALS_Base_CharacterBP_C_0] Floor
[2026.06.05-07.34.21:227][199]LogBlueprintUserMessages: [ALS_Base_CharacterBP_C_0] Floor
[2026.06.05-07.34.21:235][200]LogBlueprintUserMessages: [ALS_Base_CharacterBP_C_0] Floor
[2026.06.05-07.34.21:243][201]LogBlueprintUserMessages: [ALS_Base_CharacterBP_C_0] Floor
[2026.06.05-07.34.21:252][202]LogBlueprintUserMessages: [ALS_Base_CharacterBP_C_0] Floor
[2026.06.05-07.34.21:260][203]LogBlueprintUserMessages: [ALS_Base_CharacterBP_C_0] Floor
[2026.06.05-07.34.21:267][204]LogBlueprintUserMessages: [ALS_Base_CharacterBP_C_0] Floor
[2026.06.05-07.34.21:276][205]LogBlueprintUserMessages: [ALS_Base_CharacterBP_C_0] Floor
[2026.06.05-07.34.21:284][206]LogBlueprintUserMessages: [ALS_Base_CharacterBP_C_0] Floor
[2026.06.05-07.34.21:293][207]LogBlueprintUserMessages: [ALS_Base_CharacterBP_C_0] Floor
[2026.06.05-07.34.21:301][208]LogBlueprintUserMessages: [ALS_Base_CharacterBP_C_0] Floor
[2026.06.05-07.34.21:309][209]LogBlueprintUserMessages: [ALS_Base_CharacterBP_C_0] Floor
[2026.06.05-07.34.21:318][210]LogBlueprintUserMessages: [ALS_Base_CharacterBP_C_0] Floor
[2026.06.05-07.34.21:326][211]LogBlueprintUserMessages: [ALS_Base_CharacterBP_C_0] Floor
[2026.06.05-07.34.21:335][212]LogBlueprintUserMessages: [ALS_Base_CharacterBP_C_0] Floor
[2026.06.05-07.34.21:343][213]LogBlueprintUserMessages: [ALS_Base_CharacterBP_C_0] Floor
[2026.06.05-07.34.21:351][214]LogBlueprintUserMessages: [ALS_Base_CharacterBP_C_0] Floor
[2026.06.05-07.34.21:359][215]LogBlueprintUserMessages: [ALS_Base_CharacterBP_C_0] Floor
[2026.06.05-07.34.21:367][216]LogBlueprintUserMessages: [ALS_Base_CharacterBP_C_0] Floor
[2026.06.05-07.34.21:376][217]LogBlueprintUserMessages: [ALS_Base_CharacterBP_C_0] Floor
[2026.06.05-07.34.21:384][218]LogBlueprintUserMessages: [ALS_Base_CharacterBP_C_0] Floor
[2026.06.05-07.34.21:393][219]LogBlueprintUserMessages: [ALS_Base_CharacterBP_C_0] Floor
[2026.06.05-07.34.21:402][220]LogBlueprintUserMessages: [ALS_Base_CharacterBP_C_0] Floor
[2026.06.05-07.34.21:410][221]LogBlueprintUserMessages: [ALS_Base_CharacterBP_C_0] Floor
[2026.06.05-07.34.21:418][222]LogBlueprintUserMessages: [ALS_Base_CharacterBP_C_0] Floor
[2026.06.05-07.34.21:426][223]LogBlueprintUserMessages: [ALS_Base_CharacterBP_C_0] Floor
[2026.06.05-07.34.21:434][224]LogBlueprintUserMessages: [ALS_Base_CharacterBP_C_0] Floor
[2026.06.05-07.34.21:443][225]LogBlueprintUserMessages: [ALS_Base_CharacterBP_C_0] Floor
[2026.06.05-07.34.21:451][226]LogBlueprintUserMessages: [ALS_Base_CharacterBP_C_0] Floor
[2026.06.05-07.34.21:459][227]LogBlueprintUserMessages: [ALS_Base_CharacterBP_C_0] Floor
[2026.06.05-07.34.21:468][228]LogBlueprintUserMessages: [ALS_Base_CharacterBP_C_0] Floor
[2026.06.05-07.34.21:477][229]LogBlueprintUserMessages: [ALS_Base_CharacterBP_C_0] Floor
[2026.06.05-07.34.21:484][230]LogBlueprintUserMessages: [ALS_Base_CharacterBP_C_0] Floor
[2026.06.05-07.34.21:493][231]LogBlueprintUserMessages: [ALS_Base_CharacterBP_C_0] Floor
[2026.06.05-07.34.21:501][232]LogBlueprintUserMessages: [ALS_Base_CharacterBP_C_0] Floor
[2026.06.05-07.34.21:510][233]LogBlueprintUserMessages: [ALS_Base_CharacterBP_C_0] Floor
[2026.06.05-07.34.21:518][234]LogBlueprintUserMessages: [ALS_Base_CharacterBP_C_0] Floor
[2026.06.05-07.34.21:527][235]LogBlueprintUserMessages: [ALS_Base_CharacterBP_C_0] Floor
[2026.06.05-07.34.21:534][236]LogBlueprintUserMessages: [ALS_Base_CharacterBP_C_0] Floor
[2026.06.05-07.34.21:543][237]LogBlueprintUserMessages: [ALS_Base_CharacterBP_C_0] Floor
[2026.06.05-07.34.21:551][238]LogBlueprintUserMessages: [ALS_Base_CharacterBP_C_0] Floor
[2026.06.05-07.34.21:559][239]LogBlueprintUserMessages: [ALS_Base_CharacterBP_C_0] Floor
[2026.06.05-07.34.21:567][240]LogBlueprintUserMessages: [ALS_Base_CharacterBP_C_0] Floor
[2026.06.05-07.34.21:576][241]LogBlueprintUserMessages: [ALS_Base_CharacterBP_C_0] Floor
[2026.06.05-07.34.21:584][242]LogBlueprintUserMessages: [ALS_Base_CharacterBP_C_0] Floor
[2026.06.05-07.34.21:594][243]LogBlueprintUserMessages: [ALS_Base_CharacterBP_C_0] Floor
[2026.06.05-07.34.21:601][244]LogBlueprintUserMessages: [ALS_Base_CharacterBP_C_0] Floor
[2026.06.05-07.34.21:610][245]LogBlueprintUserMessages: [ALS_Base_CharacterBP_C_0] Floor
[2026.06.05-07.34.21:618][246]LogBlueprintUserMessages: [ALS_Base_CharacterBP_C_0] Floor
[2026.06.05-07.34.21:627][247]LogBlueprintUserMessages: [ALS_Base_CharacterBP_C_0] Floor
[2026.06.05-07.34.21:635][248]LogBlueprintUserMessages: [ALS_Base_CharacterBP_C_0] Floor
[2026.06.05-07.34.21:643][249]LogBlueprintUserMessages: [ALS_Base_CharacterBP_C_0] Floor
[2026.06.05-07.34.21:651][250]LogBlueprintUserMessages: [ALS_Base_CharacterBP_C_0] Floor
[2026.06.05-07.34.21:659][251]LogBlueprintUserMessages: [ALS_Base_CharacterBP_C_0] Floor
[2026.06.05-07.34.21:668][252]LogBlueprintUserMessages: [ALS_Base_CharacterBP_C_0] Floor
[2026.06.05-07.34.21:676][253]LogBlueprintUserMessages: [ALS_Base_CharacterBP_C_0] Floor
[2026.06.05-07.34.21:684][254]LogBlueprintUserMessages: [ALS_Base_CharacterBP_C_0] Floor
[2026.06.05-07.34.21:693][255]LogBlueprintUserMessages: [ALS_Base_CharacterBP_C_0] Floor
[2026.06.05-07.34.21:701][256]LogBlueprintUserMessages: [ALS_Base_CharacterBP_C_0] Floor
[2026.06.05-07.34.21:710][257]LogBlueprintUserMessages: [ALS_Base_CharacterBP_C_0] Floor
[2026.06.05-07.34.21:718][258]LogBlueprintUserMessages: [ALS_Base_CharacterBP_C_0] Floor
[2026.06.05-07.34.21:727][259]LogBlueprintUserMessages: [ALS_Base_CharacterBP_C_0] Floor
[2026.06.05-07.34.21:735][260]LogBlueprintUserMessages: [ALS_Base_CharacterBP_C_0] Floor
[2026.06.05-07.34.21:744][261]LogBlueprintUserMessages: [ALS_Base_CharacterBP_C_0] Floor
[2026.06.05-07.34.21:751][262]LogBlueprintUserMessages: [ALS_Base_CharacterBP_C_0] Floor
[2026.06.05-07.34.21:759][263]LogBlueprintUserMessages: [ALS_Base_CharacterBP_C_0] Floor
[2026.06.05-07.34.21:768][264]LogBlueprintUserMessages: [ALS_Base_CharacterBP_C_0] Floor
[2026.06.05-07.34.21:777][265]LogBlueprintUserMessages: [ALS_Base_CharacterBP_C_0] Floor
[2026.06.05-07.34.21:784][266]LogBlueprintUserMessages: [ALS_Base_CharacterBP_C_0] Floor
[2026.06.05-07.34.21:793][267]LogBlueprintUserMessages: [ALS_Base_CharacterBP_C_0] Floor
[2026.06.05-07.34.22:369][336]LogBlueprintUserMessages: [ALS_Base_CharacterBP_C_0] Linear_Stair_StaticMesh
[2026.06.05-07.34.22:376][337]LogBlueprintUserMessages: [ALS_Base_CharacterBP_C_0] Linear_Stair_StaticMesh
[2026.06.05-07.34.22:385][338]LogBlueprintUserMessages: [ALS_Base_CharacterBP_C_0] Floor
[2026.06.05-07.34.22:393][339]LogBlueprintUserMessages: [ALS_Base_CharacterBP_C_0] Floor
[2026.06.05-07.34.22:402][340]LogBlueprintUserMessages: [ALS_Base_CharacterBP_C_0] Floor
[2026.06.05-07.34.22:410][341]LogBlueprintUserMessages: [ALS_Base_CharacterBP_C_0] Floor
[2026.06.05-07.34.22:418][342]LogBlueprintUserMessages: [ALS_Base_CharacterBP_C_0] Floor
[2026.06.05-07.34.22:427][343]LogBlueprintUserMessages: [ALS_Base_CharacterBP_C_0] Floor
[2026.06.05-07.34.22:435][344]LogBlueprintUserMessages: [ALS_Base_CharacterBP_C_0] Floor
[2026.06.05-07.34.22:443][345]LogBlueprintUserMessages: [ALS_Base_CharacterBP_C_0] Floor
[2026.06.05-07.34.22:452][346]LogBlueprintUserMessages: [ALS_Base_CharacterBP_C_0] Floor
[2026.06.05-07.34.22:460][347]LogBlueprintUserMessages: [ALS_Base_CharacterBP_C_0] Floor
[2026.06.05-07.34.22:468][348]LogBlueprintUserMessages: [ALS_Base_CharacterBP_C_0] Floor
[2026.06.05-07.34.22:477][349]LogBlueprintUserMessages: [ALS_Base_CharacterBP_C_0] Floor
[2026.06.05-07.34.22:485][350]LogBlueprintUserMessages: [ALS_Base_CharacterBP_C_0] Floor
[2026.06.05-07.34.22:493][351]LogBlueprintUserMessages: [ALS_Base_CharacterBP_C_0] Floor
[2026.06.05-07.34.22:502][352]LogBlueprintUserMessages: [ALS_Base_CharacterBP_C_0] Floor
[2026.06.05-07.34.22:509][353]LogBlueprintUserMessages: [ALS_Base_CharacterBP_C_0] Floor
[2026.06.05-07.34.22:518][354]LogBlueprintUserMessages: [ALS_Base_CharacterBP_C_0] Floor
[2026.06.05-07.34.22:526][355]LogBlueprintUserMessages: [ALS_Base_CharacterBP_C_0] Floor
[2026.06.05-07.34.22:535][356]LogBlueprintUserMessages: [ALS_Base_CharacterBP_C_0] Floor
[2026.06.05-07.34.22:543][357]LogBlueprintUserMessages: [ALS_Base_CharacterBP_C_0] Floor
[2026.06.05-07.34.22:551][358]LogBlueprintUserMessages: [ALS_Base_CharacterBP_C_0] Floor
[2026.06.05-07.34.22:559][359]LogBlueprintUserMessages: [ALS_Base_CharacterBP_C_0] Floor
[2026.06.05-07.34.22:568][360]LogBlueprintUserMessages: [ALS_Base_CharacterBP_C_0] Floor
[2026.06.05-07.34.22:577][361]LogBlueprintUserMessages: [ALS_Base_CharacterBP_C_0] Floor
[2026.06.05-07.34.22:585][362]LogBlueprintUserMessages: [ALS_Base_CharacterBP_C_0] Floor
[2026.06.05-07.34.22:593][363]LogBlueprintUserMessages: [ALS_Base_CharacterBP_C_0] Floor
[2026.06.05-07.34.22:602][364]LogBlueprintUserMessages: [ALS_Base_CharacterBP_C_0] Floor
[2026.06.05-07.34.22:610][365]LogBlueprintUserMessages: [ALS_Base_CharacterBP_C_0] Floor
[2026.06.05-07.34.22:618][366]LogBlueprintUserMessages: [ALS_Base_CharacterBP_C_0] Floor
[2026.06.05-07.34.22:627][367]LogBlueprintUserMessages: [ALS_Base_CharacterBP_C_0] Floor
[2026.06.05-07.34.22:635][368]LogBlueprintUserMessages: [ALS_Base_CharacterBP_C_0] Floor
[2026.06.05-07.34.22:643][369]LogBlueprintUserMessages: [ALS_Base_CharacterBP_C_0] Floor
[2026.06.05-07.34.22:652][370]LogBlueprintUserMessages: [ALS_Base_CharacterBP_C_0] Floor
[2026.06.05-07.34.22:660][371]LogBlueprintUserMessages: [ALS_Base_CharacterBP_C_0] Floor
[2026.06.05-07.34.22:668][372]LogBlueprintUserMessages: [ALS_Base_CharacterBP_C_0] Floor
[2026.06.05-07.34.22:676][373]LogBlueprintUserMessages: [ALS_Base_CharacterBP_C_0] Floor
[2026.06.05-07.34.22:685][374]LogBlueprintUserMessages: [ALS_Base_CharacterBP_C_0] Linear_Stair_StaticMesh
[2026.06.05-07.34.22:693][375]LogBlueprintUserMessages: [ALS_Base_CharacterBP_C_0] Linear_Stair_StaticMesh
[2026.06.05-07.34.22:702][376]LogBlueprintUserMessages: [ALS_Base_CharacterBP_C_0] Linear_Stair_StaticMesh
[2026.06.05-07.34.22:710][377]LogBlueprintUserMessages: [ALS_Base_CharacterBP_C_0] Linear_Stair_StaticMesh
[2026.06.05-07.34.22:718][378]LogBlueprintUserMessages: [ALS_Base_CharacterBP_C_0] Linear_Stair_StaticMesh
[2026.06.05-07.34.22:726][379]LogBlueprintUserMessages: [ALS_Base_CharacterBP_C_0] Linear_Stair_StaticMesh
[2026.06.05-07.34.22:735][380]LogBlueprintUserMessages: [ALS_Base_CharacterBP_C_0] Linear_Stair_StaticMesh
[2026.06.05-07.34.22:743][381]LogBlueprintUserMessages: [ALS_Base_CharacterBP_C_0] Linear_Stair_StaticMesh
[2026.06.05-07.34.22:751][382]LogBlueprintUserMessages: [ALS_Base_CharacterBP_C_0] Linear_Stair_StaticMesh
[2026.06.05-07.34.22:760][383]LogBlueprintUserMessages: [ALS_Base_CharacterBP_C_0] Linear_Stair_StaticMesh
[2026.06.05-07.34.22:768][384]LogBlueprintUserMessages: [ALS_Base_CharacterBP_C_0] Linear_Stair_StaticMesh
[2026.06.05-07.34.22:777][385]LogBlueprintUserMessages: [ALS_Base_CharacterBP_C_0] Linear_Stair_StaticMesh
[2026.06.05-07.34.22:785][386]LogBlueprintUserMessages: [ALS_Base_CharacterBP_C_0] Linear_Stair_StaticMesh
[2026.06.05-07.34.22:793][387]LogBlueprintUserMessages: [ALS_Base_CharacterBP_C_0] Linear_Stair_StaticMesh
[2026.06.05-07.34.22:802][388]LogBlueprintUserMessages: [ALS_Base_CharacterBP_C_0] Linear_Stair_StaticMesh
[2026.06.05-07.34.22:810][389]LogBlueprintUserMessages: [ALS_Base_CharacterBP_C_0] Floor
[2026.06.05-07.34.22:818][390]LogBlueprintUserMessages: [ALS_Base_CharacterBP_C_0] Linear_Stair_StaticMesh
[2026.06.05-07.34.22:827][391]LogBlueprintUserMessages: [ALS_Base_CharacterBP_C_0] Linear_Stair_StaticMesh
[2026.06.05-07.34.22:835][392]LogBlueprintUserMessages: [ALS_Base_CharacterBP_C_0] Linear_Stair_StaticMesh
[2026.06.05-07.34.22:844][393]LogBlueprintUserMessages: [ALS_Base_CharacterBP_C_0] Linear_Stair_StaticMesh
[2026.06.05-07.34.22:852][394]LogBlueprintUserMessages: [ALS_Base_CharacterBP_C_0] Linear_Stair_StaticMesh
[2026.06.05-07.34.22:860][395]LogBlueprintUserMessages: [ALS_Base_CharacterBP_C_0] Linear_Stair_StaticMesh
[2026.06.05-07.34.22:868][396]LogBlueprintUserMessages: [ALS_Base_CharacterBP_C_0] Linear_Stair_StaticMesh
[2026.06.05-07.34.22:877][397]LogBlueprintUserMessages: [ALS_Base_CharacterBP_C_0] Linear_Stair_StaticMesh
[2026.06.05-07.34.22:885][398]LogBlueprintUserMessages: [ALS_Base_CharacterBP_C_0] Linear_Stair_StaticMesh
[2026.06.05-07.34.22:893][399]LogBlueprintUserMessages: [ALS_Base_CharacterBP_C_0] Linear_Stair_StaticMesh
[2026.06.05-07.34.22:901][400]LogBlueprintUserMessages: [ALS_Base_CharacterBP_C_0] Linear_Stair_StaticMesh
[2026.06.05-07.34.22:909][401]LogBlueprintUserMessages: [ALS_Base_CharacterBP_C_0] Linear_Stair_StaticMesh
[2026.06.05-07.34.22:918][402]LogBlueprintUserMessages: [ALS_Base_CharacterBP_C_0] Linear_Stair_StaticMesh
[2026.06.05-07.34.22:926][403]LogBlueprintUserMessages: [ALS_Base_CharacterBP_C_0] Linear_Stair_StaticMesh
[2026.06.05-07.34.22:935][404]LogBlueprintUserMessages: [ALS_Base_CharacterBP_C_0] Linear_Stair_StaticMesh
[2026.06.05-07.34.22:943][405]LogBlueprintUserMessages: [ALS_Base_CharacterBP_C_0] Linear_Stair_StaticMesh
[2026.06.05-07.34.22:952][406]LogBlueprintUserMessages: [ALS_Base_CharacterBP_C_0] Linear_Stair_StaticMesh
[2026.06.05-07.34.22:959][407]LogBlueprintUserMessages: [ALS_Base_CharacterBP_C_0] Linear_Stair_StaticMesh
[2026.06.05-07.34.22:968][408]LogBlueprintUserMessages: [ALS_Base_CharacterBP_C_0] Linear_Stair_StaticMesh
[2026.06.05-07.34.22:977][409]LogBlueprintUserMessages: [ALS_Base_CharacterBP_C_0] Linear_Stair_StaticMesh
[2026.06.05-07.34.22:984][410]LogBlueprintUserMessages: [ALS_Base_CharacterBP_C_0] Linear_Stair_StaticMesh
[2026.06.05-07.34.22:993][411]LogBlueprintUserMessages: [ALS_Base_CharacterBP_C_0] Linear_Stair_StaticMesh
[2026.06.05-07.34.23:001][412]LogBlueprintUserMessages: [ALS_Base_CharacterBP_C_0] Linear_Stair_StaticMesh
[2026.06.05-07.34.23:010][413]LogBlueprintUserMessages: [ALS_Base_CharacterBP_C_0] Linear_Stair_StaticMesh
[2026.06.05-07.34.23:018][414]LogBlueprintUserMessages: [ALS_Base_CharacterBP_C_0] Linear_Stair_StaticMesh
[2026.06.05-07.34.23:026][415]LogBlueprintUserMessages: [ALS_Base_CharacterBP_C_0] Linear_Stair_StaticMesh
[2026.06.05-07.34.23:035][416]LogBlueprintUserMessages: [ALS_Base_CharacterBP_C_0] Linear_Stair_StaticMesh
[2026.06.05-07.34.23:043][417]LogBlueprintUserMessages: [ALS_Base_CharacterBP_C_0] Linear_Stair_StaticMesh
[2026.06.05-07.34.23:052][418]LogBlueprintUserMessages: [ALS_Base_CharacterBP_C_0] Linear_Stair_StaticMesh
[2026.06.05-07.34.23:060][419]LogBlueprintUserMessages: [ALS_Base_CharacterBP_C_0] Linear_Stair_StaticMesh
[2026.06.05-07.34.23:068][420]LogBlueprintUserMessages: [ALS_Base_CharacterBP_C_0] Linear_Stair_StaticMesh
[2026.06.05-07.34.23:076][421]LogBlueprintUserMessages: [ALS_Base_CharacterBP_C_0] Linear_Stair_StaticMesh
[2026.06.05-07.34.23:085][422]LogBlueprintUserMessages: [ALS_Base_CharacterBP_C_0] Linear_Stair_StaticMesh
[2026.06.05-07.34.23:093][423]LogBlueprintUserMessages: [ALS_Base_CharacterBP_C_0] Linear_Stair_StaticMesh
[2026.06.05-07.34.23:101][424]LogBlueprintUserMessages: [ALS_Base_CharacterBP_C_0] Linear_Stair_StaticMesh
[2026.06.05-07.34.23:109][425]LogBlueprintUserMessages: [ALS_Base_CharacterBP_C_0] Linear_Stair_StaticMesh
[2026.06.05-07.34.23:118][426]LogBlueprintUserMessages: [ALS_Base_CharacterBP_C_0] Linear_Stair_StaticMesh
[2026.06.05-07.34.23:126][427]LogBlueprintUserMessages: [ALS_Base_CharacterBP_C_0] Linear_Stair_StaticMesh
[2026.06.05-07.34.23:135][428]LogBlueprintUserMessages: [ALS_Base_CharacterBP_C_0] Linear_Stair_StaticMesh
[2026.06.05-07.34.23:143][429]LogBlueprintUserMessages: [ALS_Base_CharacterBP_C_0] RightArm_StaticMesh
[2026.06.05-07.34.23:152][430]LogBlueprintUserMessages: [ALS_Base_CharacterBP_C_0] RightArm_StaticMesh
[2026.06.05-07.34.23:160][431]LogBlueprintUserMessages: [ALS_Base_CharacterBP_C_0] RightArm_StaticMesh
[2026.06.05-07.34.23:168][432]LogBlueprintUserMessages: [ALS_Base_CharacterBP_C_0] RightArm_StaticMesh
[2026.06.05-07.34.23:176][433]LogBlueprintUserMessages: [ALS_Base_CharacterBP_C_0] Linear_Stair_StaticMesh
[2026.06.05-07.34.23:185][434]LogBlueprintUserMessages: [ALS_Base_CharacterBP_C_0] Linear_Stair_StaticMesh
[2026.06.05-07.34.23:193][435]LogBlueprintUserMessages: [ALS_Base_CharacterBP_C_0] RightArm_StaticMesh
[2026.06.05-07.34.23:202][436]LogBlueprintUserMessages: [ALS_Base_CharacterBP_C_0] RightArm_StaticMesh
[2026.06.05-07.34.23:210][437]LogBlueprintUserMessages: [ALS_Base_CharacterBP_C_0] RightArm_StaticMesh
[2026.06.05-07.34.23:218][438]LogBlueprintUserMessages: [ALS_Base_CharacterBP_C_0] RightArm_StaticMesh
[2026.06.05-07.34.23:227][439]LogBlueprintUserMessages: [ALS_Base_CharacterBP_C_0] RightArm_StaticMesh
[2026.06.05-07.34.23:235][440]LogBlueprintUserMessages: [ALS_Base_CharacterBP_C_0] RightArm_StaticMesh
[2026.06.05-07.34.23:243][441]LogBlueprintUserMessages: [ALS_Base_CharacterBP_C_0] RightArm_StaticMesh
[2026.06.05-07.34.23:252][442]LogBlueprintUserMessages: [ALS_Base_CharacterBP_C_0] Linear_Stair_StaticMesh
[2026.06.05-07.34.23:260][443]LogBlueprintUserMessages: [ALS_Base_CharacterBP_C_0] Linear_Stair_StaticMesh
[2026.06.05-07.34.23:268][444]LogBlueprintUserMessages: [ALS_Base_CharacterBP_C_0] Linear_Stair_StaticMesh
[2026.06.05-07.34.23:276][445]LogBlueprintUserMessages: [ALS_Base_CharacterBP_C_0] Linear_Stair_StaticMesh
[2026.06.05-07.34.23:285][446]LogBlueprintUserMessages: [ALS_Base_CharacterBP_C_0] Linear_Stair_StaticMesh
[2026.06.05-07.34.23:293][447]LogBlueprintUserMessages: [ALS_Base_CharacterBP_C_0] Linear_Stair_StaticMesh
[2026.06.05-07.34.23:301][448]LogBlueprintUserMessages: [ALS_Base_CharacterBP_C_0] Linear_Stair_StaticMesh
[2026.06.05-07.34.23:310][449]LogBlueprintUserMessages: [ALS_Base_CharacterBP_C_0] Linear_Stair_StaticMesh
[2026.06.05-07.34.23:318][450]LogBlueprintUserMessages: [ALS_Base_CharacterBP_C_0] Linear_Stair_StaticMesh
[2026.06.05-07.34.23:327][451]LogBlueprintUserMessages: [ALS_Base_CharacterBP_C_0] Linear_Stair_StaticMesh
[2026.06.05-07.34.23:335][452]LogBlueprintUserMessages: [ALS_Base_CharacterBP_C_0] Linear_Stair_StaticMesh
[2026.06.05-07.34.23:343][453]LogBlueprintUserMessages: [ALS_Base_CharacterBP_C_0] RightArm_StaticMesh
[2026.06.05-07.34.23:351][454]LogBlueprintUserMessages: [ALS_Base_CharacterBP_C_0] RightArm_StaticMesh
[2026.06.05-07.34.24:010][533]LogBlueprintUserMessages: [ALS_Base_CharacterBP_C_0] LeftArm_StaticMesh
[2026.06.05-07.34.24:018][534]LogBlueprintUserMessages: [ALS_Base_CharacterBP_C_0] LeftArm_StaticMesh
[2026.06.05-07.34.24:027][535]LogBlueprintUserMessages: [ALS_Base_CharacterBP_C_0] LeftArm_StaticMesh
[2026.06.05-07.34.24:035][536]LogBlueprintUserMessages: [ALS_Base_CharacterBP_C_0] LeftArm_StaticMesh
[2026.06.05-07.34.24:043][537]LogBlueprintUserMessages: [ALS_Base_CharacterBP_C_0] LeftArm_StaticMesh
[2026.06.05-07.34.24:051][538]LogBlueprintUserMessages: [ALS_Base_CharacterBP_C_0] LeftArm_StaticMesh
[2026.06.05-07.34.24:059][539]LogBlueprintUserMessages: [ALS_Base_CharacterBP_C_0] LeftArm_StaticMesh
[2026.06.05-07.34.24:068][540]LogBlueprintUserMessages: [ALS_Base_CharacterBP_C_0] LeftArm_StaticMesh
[2026.06.05-07.34.24:077][541]LogBlueprintUserMessages: [ALS_Base_CharacterBP_C_0] LeftArm_StaticMesh
[2026.06.05-07.34.24:084][542]LogBlueprintUserMessages: [ALS_Base_CharacterBP_C_0] LeftArm_StaticMesh
[2026.06.05-07.34.24:093][543]LogBlueprintUserMessages: [ALS_Base_CharacterBP_C_0] LeftArm_StaticMesh
[2026.06.05-07.34.24:101][544]LogBlueprintUserMessages: [ALS_Base_CharacterBP_C_0] LeftArm_StaticMesh
[2026.06.05-07.34.24:252][562]LogBlueprintUserMessages: [ALS_Base_CharacterBP_C_0] Bump_StaticMesh
[2026.06.05-07.34.24:260][563]LogBlueprintUserMessages: [ALS_Base_CharacterBP_C_0] Bump_StaticMesh
[2026.06.05-07.34.24:268][564]LogBlueprintUserMessages: [ALS_Base_CharacterBP_C_0] Bump_StaticMesh
[2026.06.05-07.34.24:277][565]LogBlueprintUserMessages: [ALS_Base_CharacterBP_C_0] Bump_StaticMesh
[2026.06.05-07.34.24:285][566]LogBlueprintUserMessages: [ALS_Base_CharacterBP_C_0] Bump_StaticMesh
[2026.06.05-07.34.24:294][567]LogBlueprintUserMessages: [ALS_Base_CharacterBP_C_0] Bump_StaticMesh
[2026.06.05-07.34.24:302][568]LogBlueprintUserMessages: [ALS_Base_CharacterBP_C_0] Bump_StaticMesh
[2026.06.05-07.34.24:310][569]LogBlueprintUserMessages: [ALS_Base_CharacterBP_C_0] Bump_StaticMesh
[2026.06.05-07.34.24:318][570]LogBlueprintUserMessages: [ALS_Base_CharacterBP_C_0] Bump_StaticMesh
[2026.06.05-07.34.24:327][571]LogBlueprintUserMessages: [ALS_Base_CharacterBP_C_0] Bump_StaticMesh
[2026.06.05-07.34.24:335][572]LogBlueprintUserMessages: [ALS_Base_CharacterBP_C_0] LeftArm_StaticMesh
[2026.06.05-07.34.24:343][573]LogBlueprintUserMessages: [ALS_Base_CharacterBP_C_0] LeftArm_StaticMesh
[2026.06.05-07.34.24:352][574]LogBlueprintUserMessages: [ALS_Base_CharacterBP_C_0] LeftArm_StaticMesh
[2026.06.05-07.34.24:360][575]LogBlueprintUserMessages: [ALS_Base_CharacterBP_C_0] LeftArm_StaticMesh
[2026.06.05-07.34.24:369][576]LogBlueprintUserMessages: [ALS_Base_CharacterBP_C_0] LeftArm_StaticMesh
[2026.06.05-07.34.24:377][577]LogBlueprintUserMessages: [ALS_Base_CharacterBP_C_0] LeftArm_StaticMesh
[2026.06.05-07.34.24:385][578]LogBlueprintUserMessages: [ALS_Base_CharacterBP_C_0] LeftArm_StaticMesh
[2026.06.05-07.34.25:759][743]LogBlueprintUserMessages: [ALS_Base_CharacterBP_C_0] Floor
[2026.06.05-07.34.25:768][744]LogBlueprintUserMessages: [ALS_Base_CharacterBP_C_0] Floor
[2026.06.05-07.34.25:777][745]LogBlueprintUserMessages: [ALS_Base_CharacterBP_C_0] Floor
[2026.06.05-07.34.25:785][746]LogBlueprintUserMessages: [ALS_Base_CharacterBP_C_0] Floor
[2026.06.05-07.34.25:793][747]LogBlueprintUserMessages: [ALS_Base_CharacterBP_C_0] Floor
[2026.06.05-07.34.25:802][748]LogBlueprintUserMessages: [ALS_Base_CharacterBP_C_0] Floor
[2026.06.05-07.34.25:809][749]LogBlueprintUserMessages: [ALS_Base_CharacterBP_C_0] Floor
[2026.06.05-07.34.25:818][750]LogBlueprintUserMessages: [ALS_Base_CharacterBP_C_0] Floor
[2026.06.05-07.34.25:827][751]LogBlueprintUserMessages: [ALS_Base_CharacterBP_C_0] Floor
[2026.06.05-07.34.25:835][752]LogBlueprintUserMessages: [ALS_Base_CharacterBP_C_0] Floor
[2026.06.05-07.34.25:843][753]LogBlueprintUserMessages: [ALS_Base_CharacterBP_C_0] Floor
[2026.06.05-07.34.25:852][754]LogBlueprintUserMessages: [ALS_Base_CharacterBP_C_0] Floor
[2026.06.05-07.34.25:860][755]LogBlueprintUserMessages: [ALS_Base_CharacterBP_C_0] Floor
[2026.06.05-07.34.25:869][756]LogBlueprintUserMessages: [ALS_Base_CharacterBP_C_0] Floor
[2026.06.05-07.34.25:876][757]LogBlueprintUserMessages: [ALS_Base_CharacterBP_C_0] Floor
[2026.06.05-07.34.25:885][758]LogBlueprintUserMessages: [ALS_Base_CharacterBP_C_0] Floor
[2026.06.05-07.34.25:894][759]LogBlueprintUserMessages: [ALS_Base_CharacterBP_C_0] Floor
[2026.06.05-07.34.25:902][760]LogBlueprintUserMessages: [ALS_Base_CharacterBP_C_0] Floor
[2026.06.05-07.34.25:910][761]LogBlueprintUserMessages: [ALS_Base_CharacterBP_C_0] Floor
[2026.06.05-07.34.25:918][762]LogBlueprintUserMessages: [ALS_Base_CharacterBP_C_0] Floor
[2026.06.05-07.34.25:927][763]LogBlueprintUserMessages: [ALS_Base_CharacterBP_C_0] Floor
[2026.06.05-07.34.25:935][764]LogBlueprintUserMessages: [ALS_Base_CharacterBP_C_0] Floor
[2026.06.05-07.34.25:943][765]LogBlueprintUserMessages: [ALS_Base_CharacterBP_C_0] Floor
[2026.06.05-07.34.25:951][766]LogBlueprintUserMessages: [ALS_Base_CharacterBP_C_0] Floor
[2026.06.05-07.34.25:959][767]LogBlueprintUserMessages: [ALS_Base_CharacterBP_C_0] Floor
[2026.06.05-07.34.25:968][768]LogBlueprintUserMessages: [ALS_Base_CharacterBP_C_0] Floor
[2026.06.05-07.34.25:977][769]LogBlueprintUserMessages: [ALS_Base_CharacterBP_C_0] Floor
[2026.06.05-07.34.25:985][770]LogBlueprintUserMessages: [ALS_Base_CharacterBP_C_0] Floor
[2026.06.05-07.34.25:994][771]LogBlueprintUserMessages: [ALS_Base_CharacterBP_C_0] Floor
[2026.06.05-07.34.26:002][772]LogBlueprintUserMessages: [ALS_Base_CharacterBP_C_0] Floor
[2026.06.05-07.34.26:009][773]LogBlueprintUserMessages: [ALS_Base_CharacterBP_C_0] Floor
[2026.06.05-07.34.26:019][774]LogBlueprintUserMessages: [ALS_Base_CharacterBP_C_0] Floor
[2026.06.05-07.34.26:026][775]LogBlueprintUserMessages: [ALS_Base_CharacterBP_C_0] Floor
[2026.06.05-07.34.26:035][776]LogBlueprintUserMessages: [ALS_Base_CharacterBP_C_0] Floor
[2026.06.05-07.34.26:043][777]LogBlueprintUserMessages: [ALS_Base_CharacterBP_C_0] Floor
[2026.06.05-07.34.26:052][778]LogBlueprintUserMessages: [ALS_Base_CharacterBP_C_0] Floor
[2026.06.05-07.34.26:060][779]LogBlueprintUserMessages: [ALS_Base_CharacterBP_C_0] Floor
[2026.06.05-07.34.26:068][780]LogBlueprintUserMessages: [ALS_Base_CharacterBP_C_0] Floor
[2026.06.05-07.34.26:077][781]LogBlueprintUserMessages: [ALS_Base_CharacterBP_C_0] Floor
[2026.06.05-07.34.26:085][782]LogBlueprintUserMessages: [ALS_Base_CharacterBP_C_0] Floor
[2026.06.05-07.34.26:093][783]LogBlueprintUserMessages: [ALS_Base_CharacterBP_C_0] Floor
[2026.06.05-07.34.26:102][784]LogBlueprintUserMessages: [ALS_Base_CharacterBP_C_0] Floor
[2026.06.05-07.34.26:110][785]LogBlueprintUserMessages: [ALS_Base_CharacterBP_C_0] Floor
[2026.06.05-07.34.26:118][786]LogBlueprintUserMessages: [ALS_Base_CharacterBP_C_0] Floor
[2026.06.05-07.34.26:127][787]LogBlueprintUserMessages: [ALS_Base_CharacterBP_C_0] Floor
[2026.06.05-07.34.26:135][788]LogBlueprintUserMessages: [ALS_Base_CharacterBP_C_0] Floor
[2026.06.05-07.34.26:143][789]LogBlueprintUserMessages: [ALS_Base_CharacterBP_C_0] Floor
[2026.06.05-07.34.26:151][790]LogBlueprintUserMessages: [ALS_Base_CharacterBP_C_0] Floor
[2026.06.05-07.34.26:159][791]LogBlueprintUserMessages: [ALS_Base_CharacterBP_C_0] Floor
[2026.06.05-07.34.26:168][792]LogBlueprintUserMessages: [ALS_Base_CharacterBP_C_0] Floor
[2026.06.05-07.34.26:176][793]LogBlueprintUserMessages: [ALS_Base_CharacterBP_C_0] Floor
[2026.06.05-07.34.26:185][794]LogBlueprintUserMessages: [ALS_Base_CharacterBP_C_0] Floor
[2026.06.05-07.34.26:193][795]LogBlueprintUserMessages: [ALS_Base_CharacterBP_C_0] Floor
[2026.06.05-07.34.26:201][796]LogBlueprintUserMessages: [ALS_Base_CharacterBP_C_0] Floor
[2026.06.05-07.34.26:209][797]LogBlueprintUserMessages: [ALS_Base_CharacterBP_C_0] Floor
[2026.06.05-07.34.26:218][798]LogBlueprintUserMessages: [ALS_Base_CharacterBP_C_0] Floor
[2026.06.05-07.34.26:226][799]LogBlueprintUserMessages: [ALS_Base_CharacterBP_C_0] Floor
[2026.06.05-07.34.26:235][800]LogBlueprintUserMessages: [ALS_Base_CharacterBP_C_0] Floor
[2026.06.05-07.34.26:243][801]LogBlueprintUserMessages: [ALS_Base_CharacterBP_C_0] Floor
[2026.06.05-07.34.26:252][802]LogBlueprintUserMessages: [ALS_Base_CharacterBP_C_0] Floor
[2026.06.05-07.34.26:260][803]LogBlueprintUserMessages: [ALS_Base_CharacterBP_C_0] Floor
[2026.06.05-07.34.26:268][804]LogBlueprintUserMessages: [ALS_Base_CharacterBP_C_0] Floor
[2026.06.05-07.34.26:277][805]LogBlueprintUserMessages: [ALS_Base_CharacterBP_C_0] Floor
[2026.06.05-07.34.26:285][806]LogBlueprintUserMessages: [ALS_Base_CharacterBP_C_0] Floor
[2026.06.05-07.34.26:293][807]LogBlueprintUserMessages: [ALS_Base_CharacterBP_C_0] Floor
[2026.06.05-07.34.26:301][808]LogBlueprintUserMessages: [ALS_Base_CharacterBP_C_0] Floor
[2026.06.05-07.34.26:309][809]LogBlueprintUserMessages: [ALS_Base_CharacterBP_C_0] Floor
[2026.06.05-07.34.26:318][810]LogBlueprintUserMessages: [ALS_Base_CharacterBP_C_0] Floor
[2026.06.05-07.34.26:326][811]LogBlueprintUserMessages: [ALS_Base_CharacterBP_C_0] Floor
[2026.06.05-07.34.26:335][812]LogBlueprintUserMessages: [ALS_Base_CharacterBP_C_0] Floor
[2026.06.05-07.34.26:343][813]LogBlueprintUserMessages: [ALS_Base_CharacterBP_C_0] Floor
[2026.06.05-07.34.26:352][814]LogBlueprintUserMessages: [ALS_Base_CharacterBP_C_0] Floor
[2026.06.05-07.34.26:360][815]LogBlueprintUserMessages: [ALS_Base_CharacterBP_C_0] Floor
[2026.06.05-07.34.26:368][816]LogBlueprintUserMessages: [ALS_Base_CharacterBP_C_0] Floor
[2026.06.05-07.34.26:377][817]LogBlueprintUserMessages: [ALS_Base_CharacterBP_C_0] Floor
[2026.06.05-07.34.26:384][818]LogBlueprintUserMessages: [ALS_Base_CharacterBP_C_0] Floor
[2026.06.05-07.34.26:393][819]LogBlueprintUserMessages: [ALS_Base_CharacterBP_C_0] Floor
[2026.06.05-07.34.26:401][820]LogBlueprintUserMessages: [ALS_Base_CharacterBP_C_0] Floor
[2026.06.05-07.34.26:409][821]LogBlueprintUserMessages: [ALS_Base_CharacterBP_C_0] Floor
[2026.06.05-07.34.26:418][822]LogBlueprintUserMessages: [ALS_Base_CharacterBP_C_0] Floor
[2026.06.05-07.34.26:426][823]LogBlueprintUserMessages: [ALS_Base_CharacterBP_C_0] Floor
[2026.06.05-07.34.26:435][824]LogBlueprintUserMessages: [ALS_Base_CharacterBP_C_0] Floor
[2026.06.05-07.34.26:443][825]LogBlueprintUserMessages: [ALS_Base_CharacterBP_C_0] Floor
[2026.06.05-07.34.26:452][826]LogBlueprintUserMessages: [ALS_Base_CharacterBP_C_0] Floor
[2026.06.05-07.34.26:460][827]LogBlueprintUserMessages: [ALS_Base_CharacterBP_C_0] Floor
[2026.06.05-07.34.26:468][828]LogBlueprintUserMessages: [ALS_Base_CharacterBP_C_0] Floor
[2026.06.05-07.34.26:677][853]LogBlueprintUserMessages: [ALS_Base_CharacterBP_C_0] Linear_Stair_StaticMesh
[2026.06.05-07.34.26:685][854]LogBlueprintUserMessages: [ALS_Base_CharacterBP_C_0] Linear_Stair_StaticMesh
[2026.06.05-07.34.26:694][855]LogBlueprintUserMessages: [ALS_Base_CharacterBP_C_0] Linear_Stair_StaticMesh
[2026.06.05-07.34.26:701][856]LogBlueprintUserMessages: [ALS_Base_CharacterBP_C_0] Linear_Stair_StaticMesh
[2026.06.05-07.34.26:709][857]LogBlueprintUserMessages: [ALS_Base_CharacterBP_C_0] Linear_Stair_StaticMesh
[2026.06.05-07.34.26:718][858]LogBlueprintUserMessages: [ALS_Base_CharacterBP_C_0] Linear_Stair_StaticMesh
[2026.06.05-07.34.26:726][859]LogBlueprintUserMessages: [ALS_Base_CharacterBP_C_0] Linear_Stair_StaticMesh
[2026.06.05-07.34.26:735][860]LogBlueprintUserMessages: [ALS_Base_CharacterBP_C_0] Linear_Stair_StaticMesh
[2026.06.05-07.34.26:743][861]LogBlueprintUserMessages: [ALS_Base_CharacterBP_C_0] Linear_Stair_StaticMesh
[2026.06.05-07.34.26:752][862]LogBlueprintUserMessages: [ALS_Base_CharacterBP_C_0] Linear_Stair_StaticMesh
[2026.06.05-07.34.26:760][863]LogBlueprintUserMessages: [ALS_Base_CharacterBP_C_0] Linear_Stair_StaticMesh
[2026.06.05-07.34.26:768][864]LogBlueprintUserMessages: [ALS_Base_CharacterBP_C_0] Linear_Stair_StaticMesh
[2026.06.05-07.34.26:776][865]LogBlueprintUserMessages: [ALS_Base_CharacterBP_C_0] Linear_Stair_StaticMesh
[2026.06.05-07.34.26:785][866]LogBlueprintUserMessages: [ALS_Base_CharacterBP_C_0] Linear_Stair_StaticMesh
[2026.06.05-07.34.26:793][867]LogBlueprintUserMessages: [ALS_Base_CharacterBP_C_0] Linear_Stair_StaticMesh
[2026.06.05-07.34.26:802][868]LogBlueprintUserMessages: [ALS_Base_CharacterBP_C_0] Linear_Stair_StaticMesh
[2026.06.05-07.34.26:810][869]LogBlueprintUserMessages: [ALS_Base_CharacterBP_C_0] Linear_Stair_StaticMesh
[2026.06.05-07.34.26:818][870]LogBlueprintUserMessages: [ALS_Base_CharacterBP_C_0] Linear_Stair_StaticMesh
[2026.06.05-07.34.26:826][871]LogBlueprintUserMessages: [ALS_Base_CharacterBP_C_0] Linear_Stair_StaticMesh
[2026.06.05-07.34.26:835][872]LogBlueprintUserMessages: [ALS_Base_CharacterBP_C_0] Linear_Stair_StaticMesh
[2026.06.05-07.34.26:843][873]LogBlueprintUserMessages: [ALS_Base_CharacterBP_C_0] Linear_Stair_StaticMesh
[2026.06.05-07.34.26:852][874]LogBlueprintUserMessages: [ALS_Base_CharacterBP_C_0] Linear_Stair_StaticMesh
[2026.06.05-07.34.26:860][875]LogBlueprintUserMessages: [ALS_Base_CharacterBP_C_0] Linear_Stair_StaticMesh
[2026.06.05-07.34.26:868][876]LogBlueprintUserMessages: [ALS_Base_CharacterBP_C_0] Linear_Stair_StaticMesh
[2026.06.05-07.34.26:877][877]LogBlueprintUserMessages: [ALS_Base_CharacterBP_C_0] Linear_Stair_StaticMesh
[2026.06.05-07.34.26:885][878]LogBlueprintUserMessages: [ALS_Base_CharacterBP_C_0] Linear_Stair_StaticMesh
[2026.06.05-07.34.26:894][879]LogBlueprintUserMessages: [ALS_Base_CharacterBP_C_0] Linear_Stair_StaticMesh
[2026.06.05-07.34.26:902][880]LogBlueprintUserMessages: [ALS_Base_CharacterBP_C_0] Linear_Stair_StaticMesh
[2026.06.05-07.34.26:910][881]LogBlueprintUserMessages: [ALS_Base_CharacterBP_C_0] Linear_Stair_StaticMesh
[2026.06.05-07.34.26:918][882]LogBlueprintUserMessages: [ALS_Base_CharacterBP_C_0] Linear_Stair_StaticMesh
[2026.06.05-07.34.26:927][883]LogBlueprintUserMessages: [ALS_Base_CharacterBP_C_0] Linear_Stair_StaticMesh
[2026.06.05-07.34.26:935][884]LogBlueprintUserMessages: [ALS_Base_CharacterBP_C_0] Linear_Stair_StaticMesh
[2026.06.05-07.34.26:944][885]LogBlueprintUserMessages: [ALS_Base_CharacterBP_C_0] Linear_Stair_StaticMesh
[2026.06.05-07.34.26:951][886]LogBlueprintUserMessages: [ALS_Base_CharacterBP_C_0] Linear_Stair_StaticMesh
[2026.06.05-07.34.26:959][887]LogBlueprintUserMessages: [ALS_Base_CharacterBP_C_0] Linear_Stair_StaticMesh
[2026.06.05-07.34.26:969][888]LogBlueprintUserMessages: [ALS_Base_CharacterBP_C_0] Linear_Stair_StaticMesh
[2026.06.05-07.34.26:976][889]LogBlueprintUserMessages: [ALS_Base_CharacterBP_C_0] Linear_Stair_StaticMesh
[2026.06.05-07.34.26:985][890]LogBlueprintUserMessages: [ALS_Base_CharacterBP_C_0] Linear_Stair_StaticMesh
[2026.06.05-07.34.26:993][891]LogBlueprintUserMessages: [ALS_Base_CharacterBP_C_0] Linear_Stair_StaticMesh
[2026.06.05-07.34.27:001][892]LogBlueprintUserMessages: [ALS_Base_CharacterBP_C_0] Linear_Stair_StaticMesh
[2026.06.05-07.34.27:009][893]LogBlueprintUserMessages: [ALS_Base_CharacterBP_C_0] Linear_Stair_StaticMesh
[2026.06.05-07.34.27:018][894]LogBlueprintUserMessages: [ALS_Base_CharacterBP_C_0] Linear_Stair_StaticMesh
[2026.06.05-07.34.27:027][895]LogBlueprintUserMessages: [ALS_Base_CharacterBP_C_0] Linear_Stair_StaticMesh
[2026.06.05-07.34.27:035][896]LogBlueprintUserMessages: [ALS_Base_CharacterBP_C_0] Linear_Stair_StaticMesh
[2026.06.05-07.34.27:044][897]LogBlueprintUserMessages: [ALS_Base_CharacterBP_C_0] Linear_Stair_StaticMesh
[2026.06.05-07.34.27:051][898]LogBlueprintUserMessages: [ALS_Base_CharacterBP_C_0] Linear_Stair_StaticMesh
[2026.06.05-07.34.27:059][899]LogBlueprintUserMessages: [ALS_Base_CharacterBP_C_0] Linear_Stair_StaticMesh
[2026.06.05-07.34.27:068][900]LogBlueprintUserMessages: [ALS_Base_CharacterBP_C_0] Linear_Stair_StaticMesh
[2026.06.05-07.34.27:077][901]LogBlueprintUserMessages: [ALS_Base_CharacterBP_C_0] Linear_Stair_StaticMesh
[2026.06.05-07.34.27:085][902]LogBlueprintUserMessages: [ALS_Base_CharacterBP_C_0] Linear_Stair_StaticMesh
[2026.06.05-07.34.27:093][903]LogBlueprintUserMessages: [ALS_Base_CharacterBP_C_0] Linear_Stair_StaticMesh
[2026.06.05-07.34.27:101][904]LogBlueprintUserMessages: [ALS_Base_CharacterBP_C_0] Linear_Stair_StaticMesh
[2026.06.05-07.34.27:109][905]LogBlueprintUserMessages: [ALS_Base_CharacterBP_C_0] Linear_Stair_StaticMesh
[2026.06.05-07.34.27:119][906]LogBlueprintUserMessages: [ALS_Base_CharacterBP_C_0] Linear_Stair_StaticMesh
[2026.06.05-07.34.27:126][907]LogBlueprintUserMessages: [ALS_Base_CharacterBP_C_0] Linear_Stair_StaticMesh
[2026.06.05-07.34.27:135][908]LogBlueprintUserMessages: [ALS_Base_CharacterBP_C_0] Linear_Stair_StaticMesh
[2026.06.05-07.34.27:144][909]LogBlueprintUserMessages: [ALS_Base_CharacterBP_C_0] RightArm_StaticMesh
[2026.06.05-07.34.27:152][910]LogBlueprintUserMessages: [ALS_Base_CharacterBP_C_0] RightArm_StaticMesh
[2026.06.05-07.34.27:159][911]LogBlueprintUserMessages: [ALS_Base_CharacterBP_C_0] RightArm_StaticMesh
[2026.06.05-07.34.27:168][912]LogBlueprintUserMessages: [ALS_Base_CharacterBP_C_0] RightArm_StaticMesh
[2026.06.05-07.34.27:177][913]LogBlueprintUserMessages: [ALS_Base_CharacterBP_C_0] RightArm_StaticMesh
[2026.06.05-07.34.27:185][914]LogBlueprintUserMessages: [ALS_Base_CharacterBP_C_0] RightArm_StaticMesh
[2026.06.05-07.34.27:194][915]LogBlueprintUserMessages: [ALS_Base_CharacterBP_C_0] RightArm_StaticMesh
[2026.06.05-07.34.27:202][916]LogBlueprintUserMessages: [ALS_Base_CharacterBP_C_0] RightArm_StaticMesh
[2026.06.05-07.34.27:209][917]LogBlueprintUserMessages: [ALS_Base_CharacterBP_C_0] RightArm_StaticMesh
[2026.06.05-07.34.27:218][918]LogBlueprintUserMessages: [ALS_Base_CharacterBP_C_0] RightArm_StaticMesh
[2026.06.05-07.34.27:226][919]LogBlueprintUserMessages: [ALS_Base_CharacterBP_C_0] Linear_Stair_StaticMesh
[2026.06.05-07.34.27:235][920]LogBlueprintUserMessages: [ALS_Base_CharacterBP_C_0] Linear_Stair_StaticMesh
[2026.06.05-07.34.27:244][921]LogBlueprintUserMessages: [ALS_Base_CharacterBP_C_0] Linear_Stair_StaticMesh
[2026.06.05-07.34.27:252][922]LogBlueprintUserMessages: [ALS_Base_CharacterBP_C_0] Linear_Stair_StaticMesh
[2026.06.05-07.34.27:259][923]LogBlueprintUserMessages: [ALS_Base_CharacterBP_C_0] Linear_Stair_StaticMesh
[2026.06.05-07.34.27:268][924]LogBlueprintUserMessages: [ALS_Base_CharacterBP_C_0] Linear_Stair_StaticMesh
[2026.06.05-07.34.27:277][925]LogBlueprintUserMessages: [ALS_Base_CharacterBP_C_0] Linear_Stair_StaticMesh
[2026.06.05-07.34.27:285][926]LogBlueprintUserMessages: [ALS_Base_CharacterBP_C_0] Linear_Stair_StaticMesh
[2026.06.05-07.34.27:294][927]LogBlueprintUserMessages: [ALS_Base_CharacterBP_C_0] Linear_Stair_StaticMesh
[2026.06.05-07.34.27:302][928]LogBlueprintUserMessages: [ALS_Base_CharacterBP_C_0] RightArm_StaticMesh
[2026.06.05-07.34.27:310][929]LogBlueprintUserMessages: [ALS_Base_CharacterBP_C_0] RightArm_StaticMesh
[2026.06.05-07.34.27:318][930]LogBlueprintUserMessages: [ALS_Base_CharacterBP_C_0] RightArm_StaticMesh
[2026.06.05-07.34.27:326][931]LogBlueprintUserMessages: [ALS_Base_CharacterBP_C_0] RightArm_StaticMesh
[2026.06.05-07.34.27:335][932]LogBlueprintUserMessages: [ALS_Base_CharacterBP_C_0] RightArm_StaticMesh
[2026.06.05-07.34.27:343][933]LogBlueprintUserMessages: [ALS_Base_CharacterBP_C_0] RightArm_StaticMesh
[2026.06.05-07.34.27:352][934]LogBlueprintUserMessages: [ALS_Base_CharacterBP_C_0] RightArm_StaticMesh
[2026.06.05-07.34.27:360][935]LogBlueprintUserMessages: [ALS_Base_CharacterBP_C_0] RightArm_StaticMesh
[2026.06.05-07.34.27:368][936]LogBlueprintUserMessages: [ALS_Base_CharacterBP_C_0] RightArm_StaticMesh
[2026.06.05-07.34.27:376][937]LogBlueprintUserMessages: [ALS_Base_CharacterBP_C_0] RightArm_StaticMesh
[2026.06.05-07.34.27:968][  8]LogBlueprintUserMessages: [ALS_Base_CharacterBP_C_0] Bump_StaticMesh
[2026.06.05-07.34.27:977][  9]LogBlueprintUserMessages: [ALS_Base_CharacterBP_C_0] Bump_StaticMesh
[2026.06.05-07.34.27:985][ 10]LogBlueprintUserMessages: [ALS_Base_CharacterBP_C_0] Bump_StaticMesh
[2026.06.05-07.34.27:994][ 11]LogBlueprintUserMessages: [ALS_Base_CharacterBP_C_0] Bump_StaticMesh
[2026.06.05-07.34.28:001][ 12]LogBlueprintUserMessages: [ALS_Base_CharacterBP_C_0] Bump_StaticMesh
[2026.06.05-07.34.28:009][ 13]LogBlueprintUserMessages: [ALS_Base_CharacterBP_C_0] Bump_StaticMesh
[2026.06.05-07.34.28:019][ 14]LogBlueprintUserMessages: [ALS_Base_CharacterBP_C_0] Bump_StaticMesh
[2026.06.05-07.34.28:027][ 15]LogBlueprintUserMessages: [ALS_Base_CharacterBP_C_0] Bump_StaticMesh
[2026.06.05-07.34.28:035][ 16]LogBlueprintUserMessages: [ALS_Base_CharacterBP_C_0] Bump_StaticMesh
[2026.06.05-07.34.28:044][ 17]LogBlueprintUserMessages: [ALS_Base_CharacterBP_C_0] Bump_StaticMesh
[2026.06.05-07.34.28:051][ 18]LogBlueprintUserMessages: [ALS_Base_CharacterBP_C_0] Bump_StaticMesh
[2026.06.05-07.34.28:059][ 19]LogBlueprintUserMessages: [ALS_Base_CharacterBP_C_0] Bump_StaticMesh
[2026.06.05-07.34.28:068][ 20]LogBlueprintUserMessages: [ALS_Base_CharacterBP_C_0] Bump_StaticMesh
[2026.06.05-07.34.28:077][ 21]LogBlueprintUserMessages: [ALS_Base_CharacterBP_C_0] Bump_StaticMesh
[2026.06.05-07.34.28:085][ 22]LogBlueprintUserMessages: [ALS_Base_CharacterBP_C_0] Bump_StaticMesh
[2026.06.05-07.34.28:093][ 23]LogBlueprintUserMessages: [ALS_Base_CharacterBP_C_0] RightArm_StaticMesh
[2026.06.05-07.34.28:102][ 24]LogBlueprintUserMessages: [ALS_Base_CharacterBP_C_0] RightArm_StaticMesh
[2026.06.05-07.34.28:110][ 25]LogBlueprintUserMessages: [ALS_Base_CharacterBP_C_0] RightArm_StaticMesh
[2026.06.05-07.34.28:118][ 26]LogBlueprintUserMessages: [ALS_Base_CharacterBP_C_0] RightArm_StaticMesh
[2026.06.05-07.34.28:126][ 27]LogBlueprintUserMessages: [ALS_Base_CharacterBP_C_0] RightArm_StaticMesh
[2026.06.05-07.34.28:135][ 28]LogBlueprintUserMessages: [ALS_Base_CharacterBP_C_0] RightArm_StaticMesh
[2026.06.05-07.34.28:143][ 29]LogBlueprintUserMessages: [ALS_Base_CharacterBP_C_0] RightArm_StaticMesh
[2026.06.05-07.34.28:152][ 30]LogBlueprintUserMessages: [ALS_Base_CharacterBP_C_0] RightArm_StaticMesh
[2026.06.05-07.34.28:160][ 31]LogBlueprintUserMessages: [ALS_Base_CharacterBP_C_0] RightArm_StaticMesh
[2026.06.05-07.34.28:168][ 32]LogBlueprintUserMessages: [ALS_Base_CharacterBP_C_0] RightArm_StaticMesh
[2026.06.05-07.34.28:176][ 33]LogBlueprintUserMessages: [ALS_Base_CharacterBP_C_0] RightArm_StaticMesh
[2026.06.05-07.34.28:185][ 34]LogBlueprintUserMessages: [ALS_Base_CharacterBP_C_0] RightArm_StaticMesh
[2026.06.05-07.34.28:194][ 35]LogBlueprintUserMessages: [ALS_Base_CharacterBP_C_0] RightArm_StaticMesh
[2026.06.05-07.34.28:201][ 36]LogBlueprintUserMessages: [ALS_Base_CharacterBP_C_0] RightArm_StaticMesh
[2026.06.05-07.34.28:209][ 37]LogBlueprintUserMessages: [ALS_Base_CharacterBP_C_0] RightArm_StaticMesh
[2026.06.05-07.34.29:302][168]LogBlueprintUserMessages: [ALS_Base_CharacterBP_C_0] LeftArm_StaticMesh
[2026.06.05-07.34.29:311][169]LogBlueprintUserMessages: [ALS_Base_CharacterBP_C_0] LeftArm_StaticMesh
[2026.06.05-07.34.29:319][170]LogBlueprintUserMessages: [ALS_Base_CharacterBP_C_0] LeftArm_StaticMesh
[2026.06.05-07.34.29:327][171]LogBlueprintUserMessages: [ALS_Base_CharacterBP_C_0] LeftArm_StaticMesh
[2026.06.05-07.34.29:335][172]LogBlueprintUserMessages: [ALS_Base_CharacterBP_C_0] LeftArm_StaticMesh
[2026.06.05-07.34.29:343][173]LogBlueprintUserMessages: [ALS_Base_CharacterBP_C_0] LeftArm_StaticMesh
[2026.06.05-07.34.29:352][174]LogBlueprintUserMessages: [ALS_Base_CharacterBP_C_0] LeftArm_StaticMesh
[2026.06.05-07.34.29:360][175]LogBlueprintUserMessages: [ALS_Base_CharacterBP_C_0] LeftArm_StaticMesh
[2026.06.05-07.34.29:368][176]LogBlueprintUserMessages: [ALS_Base_CharacterBP_C_0] LeftArm_StaticMesh
[2026.06.05-07.34.29:377][177]LogBlueprintUserMessages: [ALS_Base_CharacterBP_C_0] LeftArm_StaticMesh
[2026.06.05-07.34.29:385][178]LogBlueprintUserMessages: [ALS_Base_CharacterBP_C_0] LeftArm_StaticMesh
[2026.06.05-07.34.29:394][179]LogBlueprintUserMessages: [ALS_Base_CharacterBP_C_0] LeftArm_StaticMesh
[2026.06.05-07.34.29:401][180]LogBlueprintUserMessages: [ALS_Base_CharacterBP_C_0] LeftArm_StaticMesh
[2026.06.05-07.34.29:409][181]LogBlueprintUserMessages: [ALS_Base_CharacterBP_C_0] LeftArm_StaticMesh
[2026.06.05-07.34.29:419][182]LogBlueprintUserMessages: [ALS_Base_CharacterBP_C_0] LeftArm_StaticMesh
[2026.06.05-07.34.29:426][183]LogBlueprintUserMessages: [ALS_Base_CharacterBP_C_0] LeftArm_StaticMesh
[2026.06.05-07.34.29:435][184]LogBlueprintUserMessages: [ALS_Base_CharacterBP_C_0] LeftArm_StaticMesh
[2026.06.05-07.34.29:443][185]LogBlueprintUserMessages: [ALS_Base_CharacterBP_C_0] LeftArm_StaticMesh
[2026.06.05-07.34.29:452][186]LogBlueprintUserMessages: [ALS_Base_CharacterBP_C_0] LeftArm_StaticMesh
[2026.06.05-07.34.29:460][187]LogBlueprintUserMessages: [ALS_Base_CharacterBP_C_0] LeftArm_StaticMesh
[2026.06.05-07.34.29:469][188]LogBlueprintUserMessages: [ALS_Base_CharacterBP_C_0] LeftArm_StaticMesh
[2026.06.05-07.34.29:477][189]LogBlueprintUserMessages: [ALS_Base_CharacterBP_C_0] LeftArm_StaticMesh
[2026.06.05-07.34.29:485][190]LogBlueprintUserMessages: [ALS_Base_CharacterBP_C_0] LeftArm_StaticMesh
[2026.06.05-07.34.29:493][191]LogBlueprintUserMessages: [ALS_Base_CharacterBP_C_0] LeftArm_StaticMesh
[2026.06.05-07.34.29:643][209]LogBlueprintUserMessages: [ALS_Base_CharacterBP_C_0] Floor
[2026.06.05-07.34.29:652][210]LogBlueprintUserMessages: [ALS_Base_CharacterBP_C_0] Floor
[2026.06.05-07.34.29:660][211]LogBlueprintUserMessages: [ALS_Base_CharacterBP_C_0] Floor
[2026.06.05-07.34.29:669][212]LogBlueprintUserMessages: [ALS_Base_CharacterBP_C_0] Floor
[2026.06.05-07.34.29:677][213]LogBlueprintUserMessages: [ALS_Base_CharacterBP_C_0] Floor
[2026.06.05-07.34.29:685][214]LogBlueprintUserMessages: [ALS_Base_CharacterBP_C_0] Floor
[2026.06.05-07.34.29:694][215]LogBlueprintUserMessages: [ALS_Base_CharacterBP_C_0] Floor
[2026.06.05-07.34.29:702][216]LogBlueprintUserMessages: [ALS_Base_CharacterBP_C_0] Floor
[2026.06.05-07.34.29:710][217]LogBlueprintUserMessages: [ALS_Base_CharacterBP_C_0] Floor
[2026.06.05-07.34.29:718][218]LogBlueprintUserMessages: [ALS_Base_CharacterBP_C_0] Floor
[2026.06.05-07.34.29:727][219]LogBlueprintUserMessages: [ALS_Base_CharacterBP_C_0] Floor
[2026.06.05-07.34.29:735][220]LogBlueprintUserMessages: [ALS_Base_CharacterBP_C_0] Floor
[2026.06.05-07.34.29:744][221]LogBlueprintUserMessages: [ALS_Base_CharacterBP_C_0] Floor
[2026.06.05-07.34.29:752][222]LogBlueprintUserMessages: [ALS_Base_CharacterBP_C_0] Floor
[2026.06.05-07.34.29:761][223]LogBlueprintUserMessages: [ALS_Base_CharacterBP_C_0] Floor
[2026.06.05-07.34.29:769][224]LogBlueprintUserMessages: [ALS_Base_CharacterBP_C_0] Floor
[2026.06.05-07.34.29:777][225]LogBlueprintUserMessages: [ALS_Base_CharacterBP_C_0] Floor
[2026.06.05-07.34.29:785][226]LogBlueprintUserMessages: [ALS_Base_CharacterBP_C_0] Floor
[2026.06.05-07.34.29:793][227]LogBlueprintUserMessages: [ALS_Base_CharacterBP_C_0] Floor
[2026.06.05-07.34.29:802][228]LogBlueprintUserMessages: [ALS_Base_CharacterBP_C_0] Floor
[2026.06.05-07.34.29:811][229]LogBlueprintUserMessages: [ALS_Base_CharacterBP_C_0] Floor
[2026.06.05-07.34.29:819][230]LogBlueprintUserMessages: [ALS_Base_CharacterBP_C_0] Floor
[2026.06.05-07.34.29:827][231]LogBlueprintUserMessages: [ALS_Base_CharacterBP_C_0] Floor
[2026.06.05-07.34.29:835][232]LogBlueprintUserMessages: [ALS_Base_CharacterBP_C_0] Floor
[2026.06.05-07.34.29:844][233]LogBlueprintUserMessages: [ALS_Base_CharacterBP_C_0] Floor
[2026.06.05-07.34.29:851][234]LogBlueprintUserMessages: [ALS_Base_CharacterBP_C_0] Floor
[2026.06.05-07.34.29:861][235]LogBlueprintUserMessages: [ALS_Base_CharacterBP_C_0] Floor
[2026.06.05-07.34.29:869][236]LogBlueprintUserMessages: [ALS_Base_CharacterBP_C_0] Floor
[2026.06.05-07.34.29:877][237]LogBlueprintUserMessages: [ALS_Base_CharacterBP_C_0] Floor
[2026.06.05-07.34.29:885][238]LogBlueprintUserMessages: [ALS_Base_CharacterBP_C_0] Floor
[2026.06.05-07.34.29:893][239]LogBlueprintUserMessages: [ALS_Base_CharacterBP_C_0] Floor
[2026.06.05-07.34.29:902][240]LogBlueprintUserMessages: [ALS_Base_CharacterBP_C_0] Floor
[2026.06.05-07.34.29:910][241]LogBlueprintUserMessages: [ALS_Base_CharacterBP_C_0] Floor
[2026.06.05-07.34.29:919][242]LogBlueprintUserMessages: [ALS_Base_CharacterBP_C_0] Floor
[2026.06.05-07.34.29:926][243]LogBlueprintUserMessages: [ALS_Base_CharacterBP_C_0] Floor
[2026.06.05-07.34.29:935][244]LogBlueprintUserMessages: [ALS_Base_CharacterBP_C_0] Floor
[2026.06.05-07.34.29:943][245]LogBlueprintUserMessages: [ALS_Base_CharacterBP_C_0] Floor
[2026.06.05-07.34.29:952][246]LogBlueprintUserMessages: [ALS_Base_CharacterBP_C_0] Floor
[2026.06.05-07.34.29:960][247]LogBlueprintUserMessages: [ALS_Base_CharacterBP_C_0] Floor
[2026.06.05-07.34.29:968][248]LogBlueprintUserMessages: [ALS_Base_CharacterBP_C_0] Floor
[2026.06.05-07.34.29:977][249]LogBlueprintUserMessages: [ALS_Base_CharacterBP_C_0] Floor
[2026.06.05-07.34.29:985][250]LogBlueprintUserMessages: [ALS_Base_CharacterBP_C_0] Floor
[2026.06.05-07.34.29:993][251]LogBlueprintUserMessages: [ALS_Base_CharacterBP_C_0] Floor
[2026.06.05-07.34.30:002][252]LogBlueprintUserMessages: [ALS_Base_CharacterBP_C_0] Floor
[2026.06.05-07.34.30:010][253]LogBlueprintUserMessages: [ALS_Base_CharacterBP_C_0] Floor
[2026.06.05-07.34.30:018][254]LogBlueprintUserMessages: [ALS_Base_CharacterBP_C_0] Floor
[2026.06.05-07.34.30:027][255]LogBlueprintUserMessages: [ALS_Base_CharacterBP_C_0] Floor
[2026.06.05-07.34.30:035][256]LogBlueprintUserMessages: [ALS_Base_CharacterBP_C_0] Floor
[2026.06.05-07.34.30:044][257]LogBlueprintUserMessages: [ALS_Base_CharacterBP_C_0] Floor
[2026.06.05-07.34.30:052][258]LogBlueprintUserMessages: [ALS_Base_CharacterBP_C_0] Floor
[2026.06.05-07.34.30:061][259]LogBlueprintUserMessages: [ALS_Base_CharacterBP_C_0] Floor
[2026.06.05-07.34.30:068][260]LogBlueprintUserMessages: [ALS_Base_CharacterBP_C_0] Floor
[2026.06.05-07.34.30:077][261]LogBlueprintUserMessages: [ALS_Base_CharacterBP_C_0] Floor
[2026.06.05-07.34.30:085][262]LogBlueprintUserMessages: [ALS_Base_CharacterBP_C_0] Floor
[2026.06.05-07.34.30:094][263]LogBlueprintUserMessages: [ALS_Base_CharacterBP_C_0] Floor
[2026.06.05-07.34.30:101][264]LogBlueprintUserMessages: [ALS_Base_CharacterBP_C_0] Floor
[2026.06.05-07.34.30:109][265]LogBlueprintUserMessages: [ALS_Base_CharacterBP_C_0] Floor
[2026.06.05-07.34.30:119][266]LogBlueprintUserMessages: [ALS_Base_CharacterBP_C_0] Floor
[2026.06.05-07.34.30:126][267]LogBlueprintUserMessages: [ALS_Base_CharacterBP_C_0] Floor
[2026.06.05-07.34.30:135][268]LogBlueprintUserMessages: [ALS_Base_CharacterBP_C_0] Floor
[2026.06.05-07.34.30:143][269]LogBlueprintUserMessages: [ALS_Base_CharacterBP_C_0] Floor
[2026.06.05-07.34.30:152][270]LogBlueprintUserMessages: [ALS_Base_CharacterBP_C_0] Floor
[2026.06.05-07.34.30:161][271]LogBlueprintUserMessages: [ALS_Base_CharacterBP_C_0] Floor
[2026.06.05-07.34.30:168][272]LogBlueprintUserMessages: [ALS_Base_CharacterBP_C_0] Floor
[2026.06.05-07.34.30:177][273]LogBlueprintUserMessages: [ALS_Base_CharacterBP_C_0] Floor
[2026.06.05-07.34.30:185][274]LogBlueprintUserMessages: [ALS_Base_CharacterBP_C_0] Floor
[2026.06.05-07.34.30:193][275]LogBlueprintUserMessages: [ALS_Base_CharacterBP_C_0] Floor
[2026.06.05-07.34.30:202][276]LogBlueprintUserMessages: [ALS_Base_CharacterBP_C_0] Floor
[2026.06.05-07.34.30:210][277]LogBlueprintUserMessages: [ALS_Base_CharacterBP_C_0] Floor
[2026.06.05-07.34.30:218][278]LogBlueprintUserMessages: [ALS_Base_CharacterBP_C_0] Floor
[2026.06.05-07.34.30:227][279]LogBlueprintUserMessages: [ALS_Base_CharacterBP_C_0] Floor
[2026.06.05-07.34.30:235][280]LogBlueprintUserMessages: [ALS_Base_CharacterBP_C_0] Floor
[2026.06.05-07.34.30:243][281]LogBlueprintUserMessages: [ALS_Base_CharacterBP_C_0] Floor
[2026.06.05-07.34.30:252][282]LogBlueprintUserMessages: [ALS_Base_CharacterBP_C_0] Floor
[2026.06.05-07.34.30:260][283]LogBlueprintUserMessages: [ALS_Base_CharacterBP_C_0] Floor
[2026.06.05-07.34.30:268][284]LogBlueprintUserMessages: [ALS_Base_CharacterBP_C_0] Floor
[2026.06.05-07.34.30:719][338]LogBlueprintUserMessages: [ALS_Base_CharacterBP_C_0] Linear_Stair_StaticMesh
[2026.06.05-07.34.30:726][339]LogBlueprintUserMessages: [ALS_Base_CharacterBP_C_0] Linear_Stair_StaticMesh
[2026.06.05-07.34.30:735][340]LogBlueprintUserMessages: [ALS_Base_CharacterBP_C_0] Linear_Stair_StaticMesh
[2026.06.05-07.34.30:743][341]LogBlueprintUserMessages: [ALS_Base_CharacterBP_C_0] Linear_Stair_StaticMesh
[2026.06.05-07.34.30:752][342]LogBlueprintUserMessages: [ALS_Base_CharacterBP_C_0] Linear_Stair_StaticMesh
[2026.06.05-07.34.30:759][343]LogBlueprintUserMessages: [ALS_Base_CharacterBP_C_0] Linear_Stair_StaticMesh
[2026.06.05-07.34.30:768][344]LogBlueprintUserMessages: [ALS_Base_CharacterBP_C_0] Linear_Stair_StaticMesh
[2026.06.05-07.34.30:777][345]LogBlueprintUserMessages: [ALS_Base_CharacterBP_C_0] Linear_Stair_StaticMesh
[2026.06.05-07.34.30:786][346]LogBlueprintUserMessages: [ALS_Base_CharacterBP_C_0] Linear_Stair_StaticMesh
[2026.06.05-07.34.30:794][347]LogBlueprintUserMessages: [ALS_Base_CharacterBP_C_0] Linear_Stair_StaticMesh
[2026.06.05-07.34.30:802][348]LogBlueprintUserMessages: [ALS_Base_CharacterBP_C_0] Linear_Stair_StaticMesh
[2026.06.05-07.34.30:811][349]LogBlueprintUserMessages: [ALS_Base_CharacterBP_C_0] Linear_Stair_StaticMesh
[2026.06.05-07.34.30:859][355]LogBlueprintUserMessages: [ALS_Base_CharacterBP_C_0] Floor
[2026.06.05-07.34.30:869][356]LogBlueprintUserMessages: [ALS_Base_CharacterBP_C_0] Floor
[2026.06.05-07.34.30:878][357]LogBlueprintUserMessages: [ALS_Base_CharacterBP_C_0] Floor
[2026.06.05-07.34.30:886][358]LogBlueprintUserMessages: [ALS_Base_CharacterBP_C_0] Floor
[2026.06.05-07.34.30:894][359]LogBlueprintUserMessages: [ALS_Base_CharacterBP_C_0] Floor
[2026.06.05-07.34.30:903][360]LogBlueprintUserMessages: [ALS_Base_CharacterBP_C_0] Floor
[2026.06.05-07.34.30:911][361]LogBlueprintUserMessages: [ALS_Base_CharacterBP_C_0] Floor
[2026.06.05-07.34.30:919][362]LogBlueprintUserMessages: [ALS_Base_CharacterBP_C_0] Floor
[2026.06.05-07.34.30:928][363]LogBlueprintUserMessages: [ALS_Base_CharacterBP_C_0] Floor
[2026.06.05-07.34.30:935][364]LogBlueprintUserMessages: [ALS_Base_CharacterBP_C_0] Floor
[2026.06.05-07.34.30:944][365]LogBlueprintUserMessages: [ALS_Base_CharacterBP_C_0] Floor
[2026.06.05-07.34.30:952][366]LogBlueprintUserMessages: [ALS_Base_CharacterBP_C_0] Floor
[2026.06.05-07.34.30:961][367]LogBlueprintUserMessages: [ALS_Base_CharacterBP_C_0] Floor
[2026.06.05-07.34.30:969][368]LogBlueprintUserMessages: [ALS_Base_CharacterBP_C_0] Floor
[2026.06.05-07.34.30:978][369]LogBlueprintUserMessages: [ALS_Base_CharacterBP_C_0] Floor
[2026.06.05-07.34.30:985][370]LogBlueprintUserMessages: [ALS_Base_CharacterBP_C_0] Floor
[2026.06.05-07.34.30:994][371]LogBlueprintUserMessages: [ALS_Base_CharacterBP_C_0] Floor
[2026.06.05-07.34.31:003][372]LogBlueprintUserMessages: [ALS_Base_CharacterBP_C_0] Floor
[2026.06.05-07.34.31:011][373]LogBlueprintUserMessages: [ALS_Base_CharacterBP_C_0] Floor
[2026.06.05-07.34.31:021][374]LogBlueprintUserMessages: [ALS_Base_CharacterBP_C_0] Floor
[2026.06.05-07.34.31:029][375]LogBlueprintUserMessages: [ALS_Base_CharacterBP_C_0] Floor
[2026.06.05-07.34.31:036][376]LogBlueprintUserMessages: [ALS_Base_CharacterBP_C_0] Floor
[2026.06.05-07.34.31:045][377]LogBlueprintUserMessages: [ALS_Base_CharacterBP_C_0] Floor
[2026.06.05-07.34.31:053][378]LogBlueprintUserMessages: [ALS_Base_CharacterBP_C_0] Floor
[2026.06.05-07.34.31:061][379]LogBlueprintUserMessages: [ALS_Base_CharacterBP_C_0] Floor
[2026.06.05-07.34.31:069][380]LogBlueprintUserMessages: [ALS_Base_CharacterBP_C_0] Floor
[2026.06.05-07.34.31:078][381]LogBlueprintUserMessages: [ALS_Base_CharacterBP_C_0] Floor
[2026.06.05-07.34.31:086][382]LogBlueprintUserMessages: [ALS_Base_CharacterBP_C_0] Floor
[2026.06.05-07.34.31:095][383]LogBlueprintUserMessages: [ALS_Base_CharacterBP_C_0] Floor
[2026.06.05-07.34.31:102][384]LogBlueprintUserMessages: [ALS_Base_CharacterBP_C_0] Floor
[2026.06.05-07.34.31:111][385]LogBlueprintUserMessages: [ALS_Base_CharacterBP_C_0] Floor
[2026.06.05-07.34.31:120][386]LogBlueprintUserMessages: [ALS_Base_CharacterBP_C_0] Floor
[2026.06.05-07.34.31:127][387]LogBlueprintUserMessages: [ALS_Base_CharacterBP_C_0] Floor
[2026.06.05-07.34.31:136][388]LogBlueprintUserMessages: [ALS_Base_CharacterBP_C_0] Floor
[2026.06.05-07.34.31:144][389]LogBlueprintUserMessages: [ALS_Base_CharacterBP_C_0] Floor
[2026.06.05-07.34.31:153][390]LogBlueprintUserMessages: [ALS_Base_CharacterBP_C_0] Floor
[2026.06.05-07.34.31:161][391]LogBlueprintUserMessages: [ALS_Base_CharacterBP_C_0] Floor
[2026.06.05-07.34.31:169][392]LogBlueprintUserMessages: [ALS_Base_CharacterBP_C_0] Floor
[2026.06.05-07.34.31:178][393]LogBlueprintUserMessages: [ALS_Base_CharacterBP_C_0] Floor
[2026.06.05-07.34.31:186][394]LogBlueprintUserMessages: [ALS_Base_CharacterBP_C_0] Floor
[2026.06.05-07.34.31:195][395]LogBlueprintUserMessages: [ALS_Base_CharacterBP_C_0] Floor
[2026.06.05-07.34.31:203][396]LogBlueprintUserMessages: [ALS_Base_CharacterBP_C_0] Floor
[2026.06.05-07.34.31:211][397]LogBlueprintUserMessages: [ALS_Base_CharacterBP_C_0] Floor
[2026.06.05-07.34.31:219][398]LogBlueprintUserMessages: [ALS_Base_CharacterBP_C_0] Floor
[2026.06.05-07.34.31:228][399]LogBlueprintUserMessages: [ALS_Base_CharacterBP_C_0] Floor
[2026.06.05-07.34.31:236][400]LogBlueprintUserMessages: [ALS_Base_CharacterBP_C_0] Floor
[2026.06.05-07.34.31:245][401]LogBlueprintUserMessages: [ALS_Base_CharacterBP_C_0] Floor
[2026.06.05-07.34.31:252][402]LogBlueprintUserMessages: [ALS_Base_CharacterBP_C_0] Floor
[2026.06.05-07.34.31:261][403]LogBlueprintUserMessages: [ALS_Base_CharacterBP_C_0] Floor
[2026.06.05-07.34.31:269][404]LogBlueprintUserMessages: [ALS_Base_CharacterBP_C_0] Floor
[2026.06.05-07.34.31:278][405]LogBlueprintUserMessages: [ALS_Base_CharacterBP_C_0] Floor
[2026.06.05-07.34.31:287][406]LogBlueprintUserMessages: [ALS_Base_CharacterBP_C_0] Floor
[2026.06.05-07.34.31:295][407]LogBlueprintUserMessages: [ALS_Base_CharacterBP_C_0] Floor
[2026.06.05-07.34.31:303][408]LogBlueprintUserMessages: [ALS_Base_CharacterBP_C_0] Floor
[2026.06.05-07.34.31:311][409]LogBlueprintUserMessages: [ALS_Base_CharacterBP_C_0] Floor
[2026.06.05-07.34.31:319][410]LogBlueprintUserMessages: [ALS_Base_CharacterBP_C_0] Floor
[2026.06.05-07.34.31:328][411]LogBlueprintUserMessages: [ALS_Base_CharacterBP_C_0] Floor
[2026.06.05-07.34.31:336][412]LogBlueprintUserMessages: [ALS_Base_CharacterBP_C_0] Floor
[2026.06.05-07.34.31:345][413]LogBlueprintUserMessages: [ALS_Base_CharacterBP_C_0] Floor
[2026.06.05-07.34.31:353][414]LogBlueprintUserMessages: [ALS_Base_CharacterBP_C_0] Floor
[2026.06.05-07.34.31:361][415]LogBlueprintUserMessages: [ALS_Base_CharacterBP_C_0] Floor
[2026.06.05-07.34.31:369][416]LogBlueprintUserMessages: [ALS_Base_CharacterBP_C_0] Floor
[2026.06.05-07.34.31:378][417]LogBlueprintUserMessages: [ALS_Base_CharacterBP_C_0] Floor
[2026.06.05-07.34.31:386][418]LogBlueprintUserMessages: [ALS_Base_CharacterBP_C_0] Floor
[2026.06.05-07.34.31:395][419]LogBlueprintUserMessages: [ALS_Base_CharacterBP_C_0] Floor
[2026.06.05-07.34.31:403][420]LogBlueprintUserMessages: [ALS_Base_CharacterBP_C_0] Floor
[2026.06.05-07.34.31:411][421]LogBlueprintUserMessages: [ALS_Base_CharacterBP_C_0] Floor
[2026.06.05-07.34.31:419][422]LogBlueprintUserMessages: [ALS_Base_CharacterBP_C_0] Floor
[2026.06.05-07.34.31:428][423]LogBlueprintUserMessages: [ALS_Base_CharacterBP_C_0] Floor
[2026.06.05-07.34.31:436][424]LogBlueprintUserMessages: [ALS_Base_CharacterBP_C_0] Floor
[2026.06.05-07.34.31:444][425]LogBlueprintUserMessages: [ALS_Base_CharacterBP_C_0] Floor
[2026.06.05-07.34.31:453][426]LogBlueprintUserMessages: [ALS_Base_CharacterBP_C_0] Floor
[2026.06.05-07.34.31:462][427]LogBlueprintUserMessages: [ALS_Base_CharacterBP_C_0] Floor
[2026.06.05-07.34.31:469][428]LogBlueprintUserMessages: [ALS_Base_CharacterBP_C_0] Floor
[2026.06.05-07.34.31:478][429]LogBlueprintUserMessages: [ALS_Base_CharacterBP_C_0] Floor
[2026.06.05-07.34.31:486][430]LogBlueprintUserMessages: [ALS_Base_CharacterBP_C_0] Floor
[2026.06.05-07.34.31:495][431]LogBlueprintUserMessages: [ALS_Base_CharacterBP_C_0] Floor
[2026.06.05-07.34.31:503][432]LogBlueprintUserMessages: [ALS_Base_CharacterBP_C_0] Floor
[2026.06.05-07.34.31:512][433]LogBlueprintUserMessages: [ALS_Base_CharacterBP_C_0] Floor
[2026.06.05-07.34.31:520][434]LogBlueprintUserMessages: [ALS_Base_CharacterBP_C_0] Floor
[2026.06.05-07.34.31:528][435]LogBlueprintUserMessages: [ALS_Base_CharacterBP_C_0] Floor
[2026.06.05-07.34.31:536][436]LogBlueprintUserMessages: [ALS_Base_CharacterBP_C_0] Floor
[2026.06.05-07.34.31:545][437]LogBlueprintUserMessages: [ALS_Base_CharacterBP_C_0] Floor
[2026.06.05-07.34.31:553][438]LogBlueprintUserMessages: [ALS_Base_CharacterBP_C_0] Floor
[2026.06.05-07.34.31:562][439]LogBlueprintUserMessages: [ALS_Base_CharacterBP_C_0] Floor
[2026.06.05-07.34.31:570][440]LogBlueprintUserMessages: [ALS_Base_CharacterBP_C_0] Floor
[2026.06.05-07.34.31:578][441]LogBlueprintUserMessages: [ALS_Base_CharacterBP_C_0] Floor
[2026.06.05-07.34.31:586][442]LogBlueprintUserMessages: [ALS_Base_CharacterBP_C_0] Floor
[2026.06.05-07.34.31:594][443]LogBlueprintUserMessages: [ALS_Base_CharacterBP_C_0] Floor
[2026.06.05-07.34.31:603][444]LogBlueprintUserMessages: [ALS_Base_CharacterBP_C_0] Floor
[2026.06.05-07.34.31:611][445]LogBlueprintUserMessages: [ALS_Base_CharacterBP_C_0] Floor
[2026.06.05-07.34.31:620][446]LogBlueprintUserMessages: [ALS_Base_CharacterBP_C_0] Floor
[2026.06.05-07.34.31:628][447]LogBlueprintUserMessages: [ALS_Base_CharacterBP_C_0] Floor
[2026.06.05-07.34.31:636][448]LogBlueprintUserMessages: [ALS_Base_CharacterBP_C_0] Floor
[2026.06.05-07.34.31:644][449]LogBlueprintUserMessages: [ALS_Base_CharacterBP_C_0] Floor
[2026.06.05-07.34.31:653][450]LogBlueprintUserMessages: [ALS_Base_CharacterBP_C_0] Floor
[2026.06.05-07.34.31:661][451]LogBlueprintUserMessages: [ALS_Base_CharacterBP_C_0] Floor
[2026.06.05-07.34.31:669][452]LogBlueprintUserMessages: [ALS_Base_CharacterBP_C_0] Floor
[2026.06.05-07.34.31:677][453]LogBlueprintUserMessages: [ALS_Base_CharacterBP_C_0] Floor
[2026.06.05-07.34.31:686][454]LogBlueprintUserMessages: [ALS_Base_CharacterBP_C_0] Floor
[2026.06.05-07.34.31:694][455]LogBlueprintUserMessages: [ALS_Base_CharacterBP_C_0] Floor
[2026.06.05-07.34.31:703][456]LogBlueprintUserMessages: [ALS_Base_CharacterBP_C_0] Floor
[2026.06.05-07.34.31:711][457]LogBlueprintUserMessages: [ALS_Base_CharacterBP_C_0] Linear_Stair_StaticMesh
[2026.06.05-07.34.31:720][458]LogBlueprintUserMessages: [ALS_Base_CharacterBP_C_0] Linear_Stair_StaticMesh
[2026.06.05-07.34.31:728][459]LogBlueprintUserMessages: [ALS_Base_CharacterBP_C_0] Linear_Stair_StaticMesh
[2026.06.05-07.34.31:737][460]LogBlueprintUserMessages: [ALS_Base_CharacterBP_C_0] Linear_Stair_StaticMesh
[2026.06.05-07.34.31:744][461]LogBlueprintUserMessages: [ALS_Base_CharacterBP_C_0] Linear_Stair_StaticMesh
[2026.06.05-07.34.31:753][462]LogBlueprintUserMessages: [ALS_Base_CharacterBP_C_0] Linear_Stair_StaticMesh
[2026.06.05-07.34.31:761][463]LogBlueprintUserMessages: [ALS_Base_CharacterBP_C_0] Linear_Stair_StaticMesh
[2026.06.05-07.34.31:769][464]LogBlueprintUserMessages: [ALS_Base_CharacterBP_C_0] Linear_Stair_StaticMesh
[2026.06.05-07.34.31:777][465]LogBlueprintUserMessages: [ALS_Base_CharacterBP_C_0] Linear_Stair_StaticMesh
[2026.06.05-07.34.31:786][466]LogBlueprintUserMessages: [ALS_Base_CharacterBP_C_0] Linear_Stair_StaticMesh
[2026.06.05-07.34.31:794][467]LogBlueprintUserMessages: [ALS_Base_CharacterBP_C_0] Linear_Stair_StaticMesh
[2026.06.05-07.34.31:803][468]LogBlueprintUserMessages: [ALS_Base_CharacterBP_C_0] Linear_Stair_StaticMesh
[2026.06.05-07.34.31:811][469]LogBlueprintUserMessages: [ALS_Base_CharacterBP_C_0] Linear_Stair_StaticMesh
[2026.06.05-07.34.31:820][470]LogBlueprintUserMessages: [ALS_Base_CharacterBP_C_0] Linear_Stair_StaticMesh
[2026.06.05-07.34.31:828][471]LogBlueprintUserMessages: [ALS_Base_CharacterBP_C_0] Linear_Stair_StaticMesh
[2026.06.05-07.34.31:836][472]LogBlueprintUserMessages: [ALS_Base_CharacterBP_C_0] Linear_Stair_StaticMesh
[2026.06.05-07.34.31:844][473]LogBlueprintUserMessages: [ALS_Base_CharacterBP_C_0] Linear_Stair_StaticMesh
[2026.06.05-07.34.31:853][474]LogBlueprintUserMessages: [ALS_Base_CharacterBP_C_0] Linear_Stair_StaticMesh
[2026.06.05-07.34.31:861][475]LogBlueprintUserMessages: [ALS_Base_CharacterBP_C_0] Linear_Stair_StaticMesh
[2026.06.05-07.34.31:869][476]LogBlueprintUserMessages: [ALS_Base_CharacterBP_C_0] Linear_Stair_StaticMesh
[2026.06.05-07.34.31:878][477]LogBlueprintUserMessages: [ALS_Base_CharacterBP_C_0] Linear_Stair_StaticMesh
[2026.06.05-07.34.31:886][478]LogBlueprintUserMessages: [ALS_Base_CharacterBP_C_0] Linear_Stair_StaticMesh
[2026.06.05-07.34.31:895][479]LogBlueprintUserMessages: [ALS_Base_CharacterBP_C_0] Linear_Stair_StaticMesh
[2026.06.05-07.34.31:903][480]LogBlueprintUserMessages: [ALS_Base_CharacterBP_C_0] Linear_Stair_StaticMesh
[2026.06.05-07.34.31:911][481]LogBlueprintUserMessages: [ALS_Base_CharacterBP_C_0] Linear_Stair_StaticMesh
[2026.06.05-07.34.31:920][482]LogBlueprintUserMessages: [ALS_Base_CharacterBP_C_0] Linear_Stair_StaticMesh
[2026.06.05-07.34.31:927][483]LogBlueprintUserMessages: [ALS_Base_CharacterBP_C_0] Linear_Stair_StaticMesh
[2026.06.05-07.34.31:935][484]LogBlueprintUserMessages: [ALS_Base_CharacterBP_C_0] Linear_Stair_StaticMesh
[2026.06.05-07.34.31:945][485]LogBlueprintUserMessages: [ALS_Base_CharacterBP_C_0] Linear_Stair_StaticMesh
[2026.06.05-07.34.31:952][486]LogBlueprintUserMessages: [ALS_Base_CharacterBP_C_0] Linear_Stair_StaticMesh
[2026.06.05-07.34.31:961][487]LogBlueprintUserMessages: [ALS_Base_CharacterBP_C_0] Linear_Stair_StaticMesh
[2026.06.05-07.34.31:969][488]LogBlueprintUserMessages: [ALS_Base_CharacterBP_C_0] Linear_Stair_StaticMesh
[2026.06.05-07.34.31:978][489]LogBlueprintUserMessages: [ALS_Base_CharacterBP_C_0] Linear_Stair_StaticMesh
[2026.06.05-07.34.31:986][490]LogBlueprintUserMessages: [ALS_Base_CharacterBP_C_0] Linear_Stair_StaticMesh
[2026.06.05-07.34.31:994][491]LogBlueprintUserMessages: [ALS_Base_CharacterBP_C_0] Linear_Stair_StaticMesh
[2026.06.05-07.34.32:003][492]LogBlueprintUserMessages: [ALS_Base_CharacterBP_C_0] Linear_Stair_StaticMesh
[2026.06.05-07.34.32:012][493]LogBlueprintUserMessages: [ALS_Base_CharacterBP_C_0] Linear_Stair_StaticMesh
[2026.06.05-07.34.32:020][494]LogBlueprintUserMessages: [ALS_Base_CharacterBP_C_0] Linear_Stair_StaticMesh
[2026.06.05-07.34.32:028][495]LogBlueprintUserMessages: [ALS_Base_CharacterBP_C_0] Linear_Stair_StaticMesh
[2026.06.05-07.34.32:036][496]LogBlueprintUserMessages: [ALS_Base_CharacterBP_C_0] Linear_Stair_StaticMesh
[2026.06.05-07.34.32:045][497]LogBlueprintUserMessages: [ALS_Base_CharacterBP_C_0] Linear_Stair_StaticMesh
[2026.06.05-07.34.32:053][498]LogBlueprintUserMessages: [ALS_Base_CharacterBP_C_0] Linear_Stair_StaticMesh
[2026.06.05-07.34.32:061][499]LogBlueprintUserMessages: [ALS_Base_CharacterBP_C_0] Linear_Stair_StaticMesh
[2026.06.05-07.34.32:069][500]LogBlueprintUserMessages: [ALS_Base_CharacterBP_C_0] Linear_Stair_StaticMesh
[2026.06.05-07.34.32:078][501]LogBlueprintUserMessages: [ALS_Base_CharacterBP_C_0] RightArm_StaticMesh
[2026.06.05-07.34.32:087][502]LogBlueprintUserMessages: [ALS_Base_CharacterBP_C_0] RightArm_StaticMesh
[2026.06.05-07.34.32:094][503]LogBlueprintUserMessages: [ALS_Base_CharacterBP_C_0] RightArm_StaticMesh
[2026.06.05-07.34.32:103][504]LogBlueprintUserMessages: [ALS_Base_CharacterBP_C_0] RightArm_StaticMesh
[2026.06.05-07.34.32:111][505]LogBlueprintUserMessages: [ALS_Base_CharacterBP_C_0] RightArm_StaticMesh
[2026.06.05-07.34.32:119][506]LogBlueprintUserMessages: [ALS_Base_CharacterBP_C_0] RightArm_StaticMesh
[2026.06.05-07.34.32:128][507]LogBlueprintUserMessages: [ALS_Base_CharacterBP_C_0] RightArm_StaticMesh
[2026.06.05-07.34.32:136][508]LogBlueprintUserMessages: [ALS_Base_CharacterBP_C_0] RightArm_StaticMesh
[2026.06.05-07.34.32:145][509]LogBlueprintUserMessages: [ALS_Base_CharacterBP_C_0] RightArm_StaticMesh
[2026.06.05-07.34.32:152][510]LogBlueprintUserMessages: [ALS_Base_CharacterBP_C_0] RightArm_StaticMesh
[2026.06.05-07.34.32:161][511]LogBlueprintUserMessages: [ALS_Base_CharacterBP_C_0] RightArm_StaticMesh
[2026.06.05-07.34.32:169][512]LogBlueprintUserMessages: [ALS_Base_CharacterBP_C_0] RightArm_StaticMesh
[2026.06.05-07.34.32:178][513]LogBlueprintUserMessages: [ALS_Base_CharacterBP_C_0] RightArm_StaticMesh
[2026.06.05-07.34.32:186][514]LogBlueprintUserMessages: [ALS_Base_CharacterBP_C_0] RightArm_StaticMesh
[2026.06.05-07.34.32:195][515]LogBlueprintUserMessages: [ALS_Base_CharacterBP_C_0] RightArm_StaticMesh
[2026.06.05-07.34.32:203][516]LogBlueprintUserMessages: [ALS_Base_CharacterBP_C_0] RightArm_StaticMesh
[2026.06.05-07.34.32:212][517]LogBlueprintUserMessages: [ALS_Base_CharacterBP_C_0] RightArm_StaticMesh
[2026.06.05-07.34.32:220][518]LogBlueprintUserMessages: [ALS_Base_CharacterBP_C_0] RightArm_StaticMesh
[2026.06.05-07.34.32:228][519]LogBlueprintUserMessages: [ALS_Base_CharacterBP_C_0] RightArm_StaticMesh
[2026.06.05-07.34.32:236][520]LogBlueprintUserMessages: [ALS_Base_CharacterBP_C_0] RightArm_StaticMesh
[2026.06.05-07.34.32:244][521]LogBlueprintUserMessages: [ALS_Base_CharacterBP_C_0] RightArm_StaticMesh
[2026.06.05-07.34.32:253][522]LogBlueprintUserMessages: [ALS_Base_CharacterBP_C_0] RightArm_StaticMesh
[2026.06.05-07.34.32:262][523]LogBlueprintUserMessages: [ALS_Base_CharacterBP_C_0] RightArm_StaticMesh
[2026.06.05-07.34.32:270][524]LogBlueprintUserMessages: [ALS_Base_CharacterBP_C_0] RightArm_StaticMesh
[2026.06.05-07.34.32:278][525]LogBlueprintUserMessages: [ALS_Base_CharacterBP_C_0] RightArm_StaticMesh
[2026.06.05-07.34.32:286][526]LogBlueprintUserMessages: [ALS_Base_CharacterBP_C_0] RightArm_StaticMesh
[2026.06.05-07.34.32:295][527]LogBlueprintUserMessages: [ALS_Base_CharacterBP_C_0] RightArm_StaticMesh
[2026.06.05-07.34.32:302][528]LogBlueprintUserMessages: [ALS_Base_CharacterBP_C_0] RightArm_StaticMesh
[2026.06.05-07.34.32:311][529]LogBlueprintUserMessages: [ALS_Base_CharacterBP_C_0] RightArm_StaticMesh
[2026.06.05-07.34.32:319][530]LogBlueprintUserMessages: [ALS_Base_CharacterBP_C_0] RightArm_StaticMesh
[2026.06.05-07.34.32:327][531]LogBlueprintUserMessages: [ALS_Base_CharacterBP_C_0] RightArm_StaticMesh
[2026.06.05-07.34.32:336][532]LogBlueprintUserMessages: [ALS_Base_CharacterBP_C_0] RightArm_StaticMesh
[2026.06.05-07.34.32:345][533]LogBlueprintUserMessages: [ALS_Base_CharacterBP_C_0] RightArm_StaticMesh
[2026.06.05-07.34.32:353][534]LogBlueprintUserMessages: [ALS_Base_CharacterBP_C_0] RightArm_StaticMesh
[2026.06.05-07.34.32:361][535]LogBlueprintUserMessages: [ALS_Base_CharacterBP_C_0] RightArm_StaticMesh
[2026.06.05-07.34.32:369][536]LogBlueprintUserMessages: [ALS_Base_CharacterBP_C_0] RightArm_StaticMesh
[2026.06.05-07.34.32:378][537]LogBlueprintUserMessages: [ALS_Base_CharacterBP_C_0] RightArm_StaticMesh
[2026.06.05-07.34.32:386][538]LogBlueprintUserMessages: [ALS_Base_CharacterBP_C_0] RightArm_StaticMesh
[2026.06.05-07.34.32:395][539]LogBlueprintUserMessages: [ALS_Base_CharacterBP_C_0] RightArm_StaticMesh
[2026.06.05-07.34.32:402][540]LogBlueprintUserMessages: [ALS_Base_CharacterBP_C_0] RightArm_StaticMesh
[2026.06.05-07.34.32:411][541]LogBlueprintUserMessages: [ALS_Base_CharacterBP_C_0] RightArm_StaticMesh
[2026.06.05-07.34.32:420][542]LogBlueprintUserMessages: [ALS_Base_CharacterBP_C_0] RightArm_StaticMesh
[2026.06.05-07.34.32:428][543]LogBlueprintUserMessages: [ALS_Base_CharacterBP_C_0] RightArm_StaticMesh
[2026.06.05-07.34.32:436][544]LogBlueprintUserMessages: [ALS_Base_CharacterBP_C_0] RightArm_StaticMesh
[2026.06.05-07.34.32:444][545]LogBlueprintUserMessages: [ALS_Base_CharacterBP_C_0] RightArm_StaticMesh
[2026.06.05-07.34.32:453][546]LogBlueprintUserMessages: [ALS_Base_CharacterBP_C_0] RightArm_StaticMesh
[2026.06.05-07.34.32:461][547]LogBlueprintUserMessages: [ALS_Base_CharacterBP_C_0] RightArm_StaticMesh
[2026.06.05-07.34.32:469][548]LogBlueprintUserMessages: [ALS_Base_CharacterBP_C_0] RightArm_StaticMesh
[2026.06.05-07.34.32:478][549]LogBlueprintUserMessages: [ALS_Base_CharacterBP_C_0] RightArm_StaticMesh
[2026.06.05-07.34.32:486][550]LogBlueprintUserMessages: [ALS_Base_CharacterBP_C_0] RightArm_StaticMesh
[2026.06.05-07.34.32:495][551]LogBlueprintUserMessages: [ALS_Base_CharacterBP_C_0] RightArm_StaticMesh
[2026.06.05-07.34.32:503][552]LogBlueprintUserMessages: [ALS_Base_CharacterBP_C_0] RightArm_StaticMesh
[2026.06.05-07.34.32:511][553]LogBlueprintUserMessages: [ALS_Base_CharacterBP_C_0] RightArm_StaticMesh
[2026.06.05-07.34.32:519][554]LogBlueprintUserMessages: [ALS_Base_CharacterBP_C_0] RightArm_StaticMesh
[2026.06.05-07.34.32:528][555]LogBlueprintUserMessages: [ALS_Base_CharacterBP_C_0] RightArm_StaticMesh
[2026.06.05-07.34.32:537][556]LogBlueprintUserMessages: [ALS_Base_CharacterBP_C_0] Floor
[2026.06.05-07.34.32:545][557]LogBlueprintUserMessages: [ALS_Base_CharacterBP_C_0] Floor
[2026.06.05-07.34.32:552][558]LogBlueprintUserMessages: [ALS_Base_CharacterBP_C_0] Floor
[2026.06.05-07.34.32:561][559]LogBlueprintUserMessages: [ALS_Base_CharacterBP_C_0] Floor
[2026.06.05-07.34.32:569][560]LogBlueprintUserMessages: [ALS_Base_CharacterBP_C_0] Floor
[2026.06.05-07.34.32:577][561]LogBlueprintUserMessages: [ALS_Base_CharacterBP_C_0] Floor
[2026.06.05-07.34.32:586][562]LogBlueprintUserMessages: [ALS_Base_CharacterBP_C_0] Floor
[2026.06.05-07.34.32:594][563]LogBlueprintUserMessages: [ALS_Base_CharacterBP_C_0] Floor
[2026.06.05-07.34.32:603][564]LogBlueprintUserMessages: [ALS_Base_CharacterBP_C_0] Floor
[2026.06.05-07.34.32:611][565]LogBlueprintUserMessages: [ALS_Base_CharacterBP_C_0] Floor
[2026.06.05-07.34.32:619][566]LogBlueprintUserMessages: [ALS_Base_CharacterBP_C_0] Floor
[2026.06.05-07.34.32:628][567]LogBlueprintUserMessages: [ALS_Base_CharacterBP_C_0] Floor
[2026.06.05-07.34.32:636][568]LogBlueprintUserMessages: [ALS_Base_CharacterBP_C_0] Floor
[2026.06.05-07.34.32:645][569]LogBlueprintUserMessages: [ALS_Base_CharacterBP_C_0] Floor
[2026.06.05-07.34.32:653][570]LogBlueprintUserMessages: [ALS_Base_CharacterBP_C_0] Floor
[2026.06.05-07.34.32:662][571]LogBlueprintUserMessages: [ALS_Base_CharacterBP_C_0] Floor
[2026.06.05-07.34.32:670][572]LogBlueprintUserMessages: [ALS_Base_CharacterBP_C_0] Floor
[2026.06.05-07.34.32:678][573]LogBlueprintUserMessages: [ALS_Base_CharacterBP_C_0] Bump_StaticMesh
[2026.06.05-07.34.32:686][574]LogBlueprintUserMessages: [ALS_Base_CharacterBP_C_0] Bump_StaticMesh
[2026.06.05-07.34.32:695][575]LogBlueprintUserMessages: [ALS_Base_CharacterBP_C_0] Bump_StaticMesh
[2026.06.05-07.34.32:703][576]LogBlueprintUserMessages: [ALS_Base_CharacterBP_C_0] Bump_StaticMesh
[2026.06.05-07.34.32:711][577]LogBlueprintUserMessages: [ALS_Base_CharacterBP_C_0] Bump_StaticMesh
[2026.06.05-07.34.32:720][578]LogBlueprintUserMessages: [ALS_Base_CharacterBP_C_0] Bump_StaticMesh
[2026.06.05-07.34.32:727][579]LogBlueprintUserMessages: [ALS_Base_CharacterBP_C_0] Bump_StaticMesh
[2026.06.05-07.34.32:736][580]LogBlueprintUserMessages: [ALS_Base_CharacterBP_C_0] Bump_StaticMesh
[2026.06.05-07.34.32:744][581]LogBlueprintUserMessages: [ALS_Base_CharacterBP_C_0] Bump_StaticMesh
[2026.06.05-07.34.32:753][582]LogBlueprintUserMessages: [ALS_Base_CharacterBP_C_0] Bump_StaticMesh
[2026.06.05-07.34.32:761][583]LogBlueprintUserMessages: [ALS_Base_CharacterBP_C_0] Bump_StaticMesh
[2026.06.05-07.34.32:769][584]LogBlueprintUserMessages: [ALS_Base_CharacterBP_C_0] Bump_StaticMesh
[2026.06.05-07.34.32:777][585]LogBlueprintUserMessages: [ALS_Base_CharacterBP_C_0] Bump_StaticMesh
[2026.06.05-07.34.32:786][586]LogBlueprintUserMessages: [ALS_Base_CharacterBP_C_0] Bump_StaticMesh
[2026.06.05-07.34.32:795][587]LogBlueprintUserMessages: [ALS_Base_CharacterBP_C_0] Bump_StaticMesh
[2026.06.05-07.34.32:803][588]LogBlueprintUserMessages: [ALS_Base_CharacterBP_C_0] Bump_StaticMesh
[2026.06.05-07.34.32:812][589]LogBlueprintUserMessages: [ALS_Base_CharacterBP_C_0] Bump_StaticMesh
[2026.06.05-07.34.32:820][590]LogBlueprintUserMessages: [ALS_Base_CharacterBP_C_0] Bump_StaticMesh
[2026.06.05-07.34.32:828][591]LogBlueprintUserMessages: [ALS_Base_CharacterBP_C_0] Bump_StaticMesh
[2026.06.05-07.34.32:837][592]LogBlueprintUserMessages: [ALS_Base_CharacterBP_C_0] Bump_StaticMesh
[2026.06.05-07.34.32:845][593]LogBlueprintUserMessages: [ALS_Base_CharacterBP_C_0] Bump_StaticMesh
[2026.06.05-07.34.32:853][594]LogBlueprintUserMessages: [ALS_Base_CharacterBP_C_0] Bump_StaticMesh
[2026.06.05-07.34.32:861][595]LogBlueprintUserMessages: [ALS_Base_CharacterBP_C_0] Bump_StaticMesh
[2026.06.05-07.34.32:869][596]LogBlueprintUserMessages: [ALS_Base_CharacterBP_C_0] Bump_StaticMesh
[2026.06.05-07.34.32:878][597]LogBlueprintUserMessages: [ALS_Base_CharacterBP_C_0] Bump_StaticMesh
[2026.06.05-07.34.32:887][598]LogBlueprintUserMessages: [ALS_Base_CharacterBP_C_0] Bump_StaticMesh
[2026.06.05-07.34.32:895][599]LogBlueprintUserMessages: [ALS_Base_CharacterBP_C_0] Bump_StaticMesh
[2026.06.05-07.34.32:903][600]LogBlueprintUserMessages: [ALS_Base_CharacterBP_C_0] Bump_StaticMesh
[2026.06.05-07.34.32:912][601]LogBlueprintUserMessages: [ALS_Base_CharacterBP_C_0] Bump_StaticMesh
[2026.06.05-07.34.32:920][602]LogBlueprintUserMessages: [ALS_Base_CharacterBP_C_0] Bump_StaticMesh
[2026.06.05-07.34.32:928][603]LogBlueprintUserMessages: [ALS_Base_CharacterBP_C_0] Bump_StaticMesh
[2026.06.05-07.34.32:936][604]LogBlueprintUserMessages: [ALS_Base_CharacterBP_C_0] Bump_StaticMesh
[2026.06.05-07.34.32:945][605]LogBlueprintUserMessages: [ALS_Base_CharacterBP_C_0] Bump_StaticMesh
[2026.06.05-07.34.32:953][606]LogBlueprintUserMessages: [ALS_Base_CharacterBP_C_0] Bump_StaticMesh
[2026.06.05-07.34.32:961][607]LogBlueprintUserMessages: [ALS_Base_CharacterBP_C_0] Bump_StaticMesh
[2026.06.05-07.34.32:969][608]LogBlueprintUserMessages: [ALS_Base_CharacterBP_C_0] Bump_StaticMesh
[2026.06.05-07.34.32:978][609]LogBlueprintUserMessages: [ALS_Base_CharacterBP_C_0] Bump_StaticMesh
[2026.06.05-07.34.32:987][610]LogBlueprintUserMessages: [ALS_Base_CharacterBP_C_0] Bump_StaticMesh
[2026.06.05-07.34.32:995][611]LogBlueprintUserMessages: [ALS_Base_CharacterBP_C_0] Bump_StaticMesh
[2026.06.05-07.34.33:003][612]LogBlueprintUserMessages: [ALS_Base_CharacterBP_C_0] Bump_StaticMesh
[2026.06.05-07.34.33:012][613]LogBlueprintUserMessages: [ALS_Base_CharacterBP_C_0] Bump_StaticMesh
[2026.06.05-07.34.33:020][614]LogBlueprintUserMessages: [ALS_Base_CharacterBP_C_0] Bump_StaticMesh
[2026.06.05-07.34.33:028][615]LogBlueprintUserMessages: [ALS_Base_CharacterBP_C_0] Bump_StaticMesh
[2026.06.05-07.34.33:037][616]LogBlueprintUserMessages: [ALS_Base_CharacterBP_C_0] Bump_StaticMesh
[2026.06.05-07.34.33:044][617]LogBlueprintUserMessages: [ALS_Base_CharacterBP_C_0] Bump_StaticMesh
[2026.06.05-07.34.33:053][618]LogBlueprintUserMessages: [ALS_Base_CharacterBP_C_0] Bump_StaticMesh
[2026.06.05-07.34.33:061][619]LogBlueprintUserMessages: [ALS_Base_CharacterBP_C_0] Bump_StaticMesh
[2026.06.05-07.34.33:069][620]LogBlueprintUserMessages: [ALS_Base_CharacterBP_C_0] Bump_StaticMesh
[2026.06.05-07.34.33:078][621]LogBlueprintUserMessages: [ALS_Base_CharacterBP_C_0] Bump_StaticMesh
[2026.06.05-07.34.33:087][622]LogBlueprintUserMessages: [ALS_Base_CharacterBP_C_0] Bump_StaticMesh
[2026.06.05-07.34.33:094][623]LogBlueprintUserMessages: [ALS_Base_CharacterBP_C_0] Bump_StaticMesh
[2026.06.05-07.34.33:103][624]LogBlueprintUserMessages: [ALS_Base_CharacterBP_C_0] Bump_StaticMesh
[2026.06.05-07.34.33:111][625]LogBlueprintUserMessages: [ALS_Base_CharacterBP_C_0] Bump_StaticMesh
[2026.06.05-07.34.33:119][626]LogBlueprintUserMessages: [ALS_Base_CharacterBP_C_0] Bump_StaticMesh
[2026.06.05-07.34.33:128][627]LogBlueprintUserMessages: [ALS_Base_CharacterBP_C_0] Bump_StaticMesh
[2026.06.05-07.34.33:136][628]LogBlueprintUserMessages: [ALS_Base_CharacterBP_C_0] Bump_StaticMesh
[2026.06.05-07.34.33:145][629]LogBlueprintUserMessages: [ALS_Base_CharacterBP_C_0] Bump_StaticMesh
[2026.06.05-07.34.33:153][630]LogBlueprintUserMessages: [ALS_Base_CharacterBP_C_0] Bump_StaticMesh
[2026.06.05-07.34.33:182][630]LogSlate: Updating window title bar state: overlay mode, drag disabled, window buttons hidden, title bar hidden
[2026.06.05-07.34.33:182][630]LogWorld: BeginTearingDown for /Game/ThirdPersonBP/Maps/UEDPIE_0_ThirdPersonExampleMap
[2026.06.05-07.34.33:183][630]LogWorld: UWorld::CleanupWorld for ThirdPersonExampleMap, bSessionEnded=true, bCleanupResources=true
[2026.06.05-07.34.33:183][630]LogSlate: InvalidateAllWidgets triggered.  All widgets were invalidated
[2026.06.05-07.34.33:187][630]LogPlayLevel: Display: Shutting down PIE online subsystems
[2026.06.05-07.34.33:190][630]LogSlate: InvalidateAllWidgets triggered.  All widgets were invalidated
[2026.06.05-07.34.33:207][630]LogAudio: Display: Audio Device unregistered from world 'None'.
[2026.06.05-07.34.33:207][630]LogAudioMixer: FMixerPlatformXAudio2::StopAudioStream() called
[2026.06.05-07.34.33:209][630]LogAudioMixer: FMixerPlatformXAudio2::StopAudioStream() called
[2026.06.05-07.34.33:211][630]LogSlate: Updating window title bar state: overlay mode, drag disabled, window buttons hidden, title bar hidden
[2026.06.05-07.34.33:221][630]LogUObjectHash: Compacting FUObjectHashTables data took   2.30ms
[2026.06.05-07.34.33:258][633]LogPlayLevel: Display: Destroying online subsystem :Context_10
[2026.06.05-07.35.24:411][918]LogWorld: UWorld::CleanupWorld for World_6, bSessionEnded=true, bCleanupResources=true
[2026.06.05-07.35.24:412][918]LogSlate: InvalidateAllWidgets triggered.  All widgets were invalidated
[2026.06.05-07.35.25:755][ 69]LogAssetEditorSubsystem: Opening Asset editor for Blueprint /Game/AdvancedLocomotionV4/Blueprints/CharacterLogic/ALS_Base_CharacterBP.ALS_Base_CharacterBP
[2026.06.05-07.36.37:737][649]LogSavePackage: Moving '../../../../../../UEProject/UnrealLearn/Alsv4/Saved/ALS_Base_CharacterBP9CAF3CAC41123ABBC0753B90B260AE2F.tmp' to '../../../../../../UEProject/UnrealLearn/Alsv4/Content/AdvancedLocomotionV4/Blueprints/CharacterLogic/ALS_Base_CharacterBP.uasset'
[2026.06.05-07.36.37:750][649]AssetCheck: New page: Asset Save: ALS_Base_CharacterBP
[2026.06.05-07.36.37:750][649]LogContentValidation: Display: Validating Blueprint /Game/AdvancedLocomotionV4/Blueprints/CharacterLogic/ALS_Base_CharacterBP.ALS_Base_CharacterBP
[2026.06.05-07.36.38:146][692]LogSavePackage: Moving '../../../../../../UEProject/UnrealLearn/Alsv4/Saved/ALS_Base_CharacterBP1C30C9614C6337347AA3BD97C98EBDF0.tmp' to '../../../../../../UEProject/UnrealLearn/Alsv4/Content/AdvancedLocomotionV4/Blueprints/CharacterLogic/ALS_Base_CharacterBP.uasset'
[2026.06.05-07.36.38:163][692]AssetCheck: New page: Asset Save: ALS_Base_CharacterBP
[2026.06.05-07.36.38:163][692]LogContentValidation: Display: Validating Blueprint /Game/AdvancedLocomotionV4/Blueprints/CharacterLogic/ALS_Base_CharacterBP.ALS_Base_CharacterBP
[2026.06.05-07.36.38:361][715]BlueprintLog: New page: Compile ALS_Base_CharacterBP
[2026.06.05-07.36.38:422][715]LogUObjectHash: Compacting FUObjectHashTables data took   2.52ms
[2026.06.05-07.36.39:866][875]LogTemp: Repeating last play command: Selected Viewport
[2026.06.05-07.36.39:869][875]LogPlayLevel: PlayLevel: No blueprints needed recompiling
[2026.06.05-07.36.39:869][875]PIE: New page: PIE session: ThirdPersonExampleMap (Jun 6, 2026, 1:36:39 AM)
[2026.06.05-07.36.39:891][875]LogPlayLevel: Creating play world package: /Game/ThirdPersonBP/Maps/UEDPIE_0_ThirdPersonExampleMap
[2026.06.05-07.36.39:899][875]LogPlayLevel: PIE: StaticDuplicateObject took: (0.007455s)
[2026.06.05-07.36.39:900][875]LogAIModule: Creating AISystem for world ThirdPersonExampleMap
[2026.06.05-07.36.39:900][875]LogPlayLevel: PIE: World Init took: (0.000797s)
[2026.06.05-07.36.39:900][875]LogPlayLevel: PIE: Created PIE world by copying editor world from /Game/ThirdPersonBP/Maps/ThirdPersonExampleMap.ThirdPersonExampleMap to /Game/ThirdPersonBP/Maps/UEDPIE_0_ThirdPersonExampleMap.ThirdPersonExampleMap (0.008513s)
[2026.06.05-07.36.39:927][875]LogUObjectHash: Compacting FUObjectHashTables data took   1.78ms
[2026.06.05-07.36.39:928][875]LogAudio: Display: Creating Audio Device:                 Id: 3, Scope: Unique, Realtime: True
[2026.06.05-07.36.39:928][875]LogAudioMixer: Display: Audio Mixer Platform Settings:
[2026.06.05-07.36.39:928][875]LogAudioMixer: Display: 	Sample Rate:						  48000
[2026.06.05-07.36.39:928][875]LogAudioMixer: Display: 	Callback Buffer Frame Size Requested: 1024
[2026.06.05-07.36.39:928][875]LogAudioMixer: Display: 	Callback Buffer Frame Size To Use:	  1024
[2026.06.05-07.36.39:928][875]LogAudioMixer: Display: 	Number of buffers to queue:			  2
[2026.06.05-07.36.39:928][875]LogAudioMixer: Display: 	Max Channels (voices):				  32
[2026.06.05-07.36.39:928][875]LogAudioMixer: Display: 	Number of Async Source Workers:		  0
[2026.06.05-07.36.39:928][875]LogAudio: Display: AudioDevice MaxSources: 32
[2026.06.05-07.36.39:929][875]LogAudio: Display: Audio Spatialization Plugin: None (built-in).
[2026.06.05-07.36.39:929][875]LogAudio: Display: Audio Reverb Plugin: None (built-in).
[2026.06.05-07.36.39:929][875]LogAudio: Display: Audio Occlusion Plugin: None (built-in).
[2026.06.05-07.36.39:929][875]LogAudioMixer: Display: Initializing audio mixer.
[2026.06.05-07.36.39:931][875]LogAudioMixer: Display: 0: FrontLeft
[2026.06.05-07.36.39:931][875]LogAudioMixer: Display: 1: FrontRight
[2026.06.05-07.36.39:935][875]LogAudioMixer: Display: Using Audio Device G274F (HD Audio Driver for Display Audio)
[2026.06.05-07.36.39:935][875]LogAudioMixer: Display: Initializing Sound Submixes...
[2026.06.05-07.36.39:935][875]LogAudioMixer: Display: Creating Master Submix 'MasterSubmixDefault'
[2026.06.05-07.36.39:935][875]LogAudioMixer: Display: Creating Master Submix 'MasterReverbSubmixDefault'
[2026.06.05-07.36.39:936][875]LogAudioMixer: Display: Creating Master Submix 'MasterEQSubmixDefault'
[2026.06.05-07.36.39:936][875]LogAudioMixer: FMixerPlatformXAudio2::StartAudioStream() called
[2026.06.05-07.36.39:936][875]LogAudioMixer: Display: Output buffers initialized: Frames=1024, Channels=2, Samples=2048
[2026.06.05-07.36.39:936][875]LogAudioMixer: Display: Starting AudioMixerPlatformInterface::RunInternal()
[2026.06.05-07.36.39:937][875]LogAudioMixer: Display: FMixerPlatformXAudio2::SubmitBuffer() called for the first time
[2026.06.05-07.36.39:937][875]LogInit: FAudioDevice initialized.
[2026.06.05-07.36.39:937][875]LogAudio: Display: Audio Device (ID: 3) registered with world 'ThirdPersonExampleMap'.
[2026.06.05-07.36.39:945][875]LogLoad: Game class is 'ALS_GameMode_C'
[2026.06.05-07.36.39:946][875]LogWorld: Bringing World /Game/ThirdPersonBP/Maps/UEDPIE_0_ThirdPersonExampleMap.ThirdPersonExampleMap up for play (max tick rate 0) at 2026.06.05-16.36.39
[2026.06.05-07.36.39:946][875]LogWorld: Bringing up level for play took: 0.000545
[2026.06.05-07.36.39:946][875]LogOnline: OSS: Creating online subsystem instance for: :Context_12
[2026.06.05-07.36.39:948][875]PIE: Server logged in
[2026.06.05-07.36.39:948][875]PIE: Play in editor total start time 0.079 seconds.
[2026.06.05-07.36.39:949][875]LogBlueprintUserMessages: [ALS_Base_CharacterBP_C_0] Floor
[2026.06.05-07.36.39:971][876]LogBlueprintUserMessages: [ALS_Base_CharacterBP_C_0] Floor
[2026.06.05-07.36.39:981][877]LogBlueprintUserMessages: [ALS_Base_CharacterBP_C_0] Floor
[2026.06.05-07.36.39:990][878]LogBlueprintUserMessages: [ALS_Base_CharacterBP_C_0] Floor
[2026.06.05-07.36.39:997][879]LogBlueprintUserMessages: [ALS_Base_CharacterBP_C_0] Floor
[2026.06.05-07.36.40:006][880]LogBlueprintUserMessages: [ALS_Base_CharacterBP_C_0] Floor
[2026.06.05-07.36.40:014][881]LogBlueprintUserMessages: [ALS_Base_CharacterBP_C_0] Floor
[2026.06.05-07.36.40:021][882]LogBlueprintUserMessages: [ALS_Base_CharacterBP_C_0] Floor
[2026.06.05-07.36.40:029][883]LogBlueprintUserMessages: [ALS_Base_CharacterBP_C_0] Floor
[2026.06.05-07.36.40:038][884]LogBlueprintUserMessages: [ALS_Base_CharacterBP_C_0] Floor
[2026.06.05-07.36.40:046][885]LogBlueprintUserMessages: [ALS_Base_CharacterBP_C_0] Floor
[2026.06.05-07.36.40:055][886]LogBlueprintUserMessages: [ALS_Base_CharacterBP_C_0] Floor
[2026.06.05-07.36.40:063][887]LogBlueprintUserMessages: [ALS_Base_CharacterBP_C_0] Floor
[2026.06.05-07.36.40:071][888]LogBlueprintUserMessages: [ALS_Base_CharacterBP_C_0] Floor
[2026.06.05-07.36.40:079][889]LogBlueprintUserMessages: [ALS_Base_CharacterBP_C_0] Floor
[2026.06.05-07.36.40:088][890]LogBlueprintUserMessages: [ALS_Base_CharacterBP_C_0] Floor
[2026.06.05-07.36.40:096][891]LogBlueprintUserMessages: [ALS_Base_CharacterBP_C_0] Floor
[2026.06.05-07.36.40:105][892]LogBlueprintUserMessages: [ALS_Base_CharacterBP_C_0] Floor
[2026.06.05-07.36.40:113][893]LogBlueprintUserMessages: [ALS_Base_CharacterBP_C_0] Floor
[2026.06.05-07.36.40:122][894]LogBlueprintUserMessages: [ALS_Base_CharacterBP_C_0] Floor
[2026.06.05-07.36.40:130][895]LogBlueprintUserMessages: [ALS_Base_CharacterBP_C_0] Floor
[2026.06.05-07.36.40:138][896]LogBlueprintUserMessages: [ALS_Base_CharacterBP_C_0] Floor
[2026.06.05-07.36.40:147][897]LogBlueprintUserMessages: [ALS_Base_CharacterBP_C_0] Floor
[2026.06.05-07.36.40:156][898]LogBlueprintUserMessages: [ALS_Base_CharacterBP_C_0] Floor
[2026.06.05-07.36.40:164][899]LogBlueprintUserMessages: [ALS_Base_CharacterBP_C_0] Floor
[2026.06.05-07.36.40:172][900]LogBlueprintUserMessages: [ALS_Base_CharacterBP_C_0] Floor
[2026.06.05-07.36.40:181][901]LogBlueprintUserMessages: [ALS_Base_CharacterBP_C_0] Floor
[2026.06.05-07.36.40:189][902]LogBlueprintUserMessages: [ALS_Base_CharacterBP_C_0] Floor
[2026.06.05-07.36.40:197][903]LogBlueprintUserMessages: [ALS_Base_CharacterBP_C_0] Floor
[2026.06.05-07.36.40:206][904]LogBlueprintUserMessages: [ALS_Base_CharacterBP_C_0] Floor
[2026.06.05-07.36.40:214][905]LogBlueprintUserMessages: [ALS_Base_CharacterBP_C_0] Floor
[2026.06.05-07.36.40:222][906]LogBlueprintUserMessages: [ALS_Base_CharacterBP_C_0] Floor
[2026.06.05-07.36.40:229][907]LogBlueprintUserMessages: [ALS_Base_CharacterBP_C_0] Floor
[2026.06.05-07.36.40:239][908]LogBlueprintUserMessages: [ALS_Base_CharacterBP_C_0] Floor
[2026.06.05-07.36.40:248][909]LogBlueprintUserMessages: [ALS_Base_CharacterBP_C_0] Floor
[2026.06.05-07.36.40:255][910]LogBlueprintUserMessages: [ALS_Base_CharacterBP_C_0] Floor
[2026.06.05-07.36.40:263][911]LogBlueprintUserMessages: [ALS_Base_CharacterBP_C_0] Floor
[2026.06.05-07.36.40:272][912]LogBlueprintUserMessages: [ALS_Base_CharacterBP_C_0] Floor
[2026.06.05-07.36.40:280][913]LogBlueprintUserMessages: [ALS_Base_CharacterBP_C_0] Floor
[2026.06.05-07.36.40:288][914]LogBlueprintUserMessages: [ALS_Base_CharacterBP_C_0] Floor
[2026.06.05-07.36.40:296][915]LogBlueprintUserMessages: [ALS_Base_CharacterBP_C_0] Floor
[2026.06.05-07.36.40:305][916]LogBlueprintUserMessages: [ALS_Base_CharacterBP_C_0] Floor
[2026.06.05-07.36.40:313][917]LogBlueprintUserMessages: [ALS_Base_CharacterBP_C_0] Floor
[2026.06.05-07.36.40:322][918]LogBlueprintUserMessages: [ALS_Base_CharacterBP_C_0] Floor
[2026.06.05-07.36.40:330][919]LogBlueprintUserMessages: [ALS_Base_CharacterBP_C_0] Floor
[2026.06.05-07.36.40:338][920]LogBlueprintUserMessages: [ALS_Base_CharacterBP_C_0] Floor
[2026.06.05-07.36.40:347][921]LogBlueprintUserMessages: [ALS_Base_CharacterBP_C_0] Floor
[2026.06.05-07.36.40:355][922]LogBlueprintUserMessages: [ALS_Base_CharacterBP_C_0] Floor
[2026.06.05-07.36.40:364][923]LogBlueprintUserMessages: [ALS_Base_CharacterBP_C_0] Floor
[2026.06.05-07.36.40:372][924]LogBlueprintUserMessages: [ALS_Base_CharacterBP_C_0] Floor
[2026.06.05-07.36.40:379][925]LogBlueprintUserMessages: [ALS_Base_CharacterBP_C_0] Floor
[2026.06.05-07.36.40:389][926]LogBlueprintUserMessages: [ALS_Base_CharacterBP_C_0] Floor
[2026.06.05-07.36.40:397][927]LogBlueprintUserMessages: [ALS_Base_CharacterBP_C_0] Floor
[2026.06.05-07.36.40:406][928]LogBlueprintUserMessages: [ALS_Base_CharacterBP_C_0] Floor
[2026.06.05-07.36.40:413][929]LogBlueprintUserMessages: [ALS_Base_CharacterBP_C_0] Floor
[2026.06.05-07.36.40:422][930]LogBlueprintUserMessages: [ALS_Base_CharacterBP_C_0] Floor
[2026.06.05-07.36.40:429][931]LogBlueprintUserMessages: [ALS_Base_CharacterBP_C_0] Floor
[2026.06.05-07.36.40:439][932]LogBlueprintUserMessages: [ALS_Base_CharacterBP_C_0] Floor
[2026.06.05-07.36.40:447][933]LogBlueprintUserMessages: [ALS_Base_CharacterBP_C_0] Floor
[2026.06.05-07.36.40:455][934]LogBlueprintUserMessages: [ALS_Base_CharacterBP_C_0] Floor
[2026.06.05-07.36.40:463][935]LogBlueprintUserMessages: [ALS_Base_CharacterBP_C_0] Floor
[2026.06.05-07.36.40:472][936]LogBlueprintUserMessages: [ALS_Base_CharacterBP_C_0] Floor
[2026.06.05-07.36.40:481][937]LogBlueprintUserMessages: [ALS_Base_CharacterBP_C_0] Floor
[2026.06.05-07.36.40:488][938]LogBlueprintUserMessages: [ALS_Base_CharacterBP_C_0] Floor
[2026.06.05-07.36.40:496][939]LogBlueprintUserMessages: [ALS_Base_CharacterBP_C_0] Floor
[2026.06.05-07.36.40:505][940]LogBlueprintUserMessages: [ALS_Base_CharacterBP_C_0] Floor
[2026.06.05-07.36.40:513][941]LogBlueprintUserMessages: [ALS_Base_CharacterBP_C_0] Floor
[2026.06.05-07.36.40:522][942]LogBlueprintUserMessages: [ALS_Base_CharacterBP_C_0] Floor
[2026.06.05-07.36.40:530][943]LogBlueprintUserMessages: [ALS_Base_CharacterBP_C_0] Floor
[2026.06.05-07.36.40:538][944]LogBlueprintUserMessages: [ALS_Base_CharacterBP_C_0] Floor
[2026.06.05-07.36.40:546][945]LogBlueprintUserMessages: [ALS_Base_CharacterBP_C_0] Floor
[2026.06.05-07.36.40:555][946]LogBlueprintUserMessages: [ALS_Base_CharacterBP_C_0] Floor
[2026.06.05-07.36.40:563][947]LogBlueprintUserMessages: [ALS_Base_CharacterBP_C_0] Floor
[2026.06.05-07.36.40:572][948]LogBlueprintUserMessages: [ALS_Base_CharacterBP_C_0] Floor
[2026.06.05-07.36.40:580][949]LogBlueprintUserMessages: [ALS_Base_CharacterBP_C_0] Floor
[2026.06.05-07.36.40:588][950]LogBlueprintUserMessages: [ALS_Base_CharacterBP_C_0] Floor
[2026.06.05-07.36.40:597][951]LogBlueprintUserMessages: [ALS_Base_CharacterBP_C_0] Floor
[2026.06.05-07.36.40:605][952]LogBlueprintUserMessages: [ALS_Base_CharacterBP_C_0] Floor
[2026.06.05-07.36.40:613][953]LogBlueprintUserMessages: [ALS_Base_CharacterBP_C_0] Floor
[2026.06.05-07.36.40:621][954]LogBlueprintUserMessages: [ALS_Base_CharacterBP_C_0] Floor
[2026.06.05-07.36.40:629][955]LogBlueprintUserMessages: [ALS_Base_CharacterBP_C_0] Floor
[2026.06.05-07.36.40:638][956]LogBlueprintUserMessages: [ALS_Base_CharacterBP_C_0] Floor
[2026.06.05-07.36.40:646][957]LogBlueprintUserMessages: [ALS_Base_CharacterBP_C_0] Floor
[2026.06.05-07.36.40:655][958]LogBlueprintUserMessages: [ALS_Base_CharacterBP_C_0] Floor
[2026.06.05-07.36.40:663][959]LogBlueprintUserMessages: [ALS_Base_CharacterBP_C_0] Floor
[2026.06.05-07.36.40:672][960]LogBlueprintUserMessages: [ALS_Base_CharacterBP_C_0] Floor
[2026.06.05-07.36.40:680][961]LogBlueprintUserMessages: [ALS_Base_CharacterBP_C_0] Floor
[2026.06.05-07.36.40:688][962]LogBlueprintUserMessages: [ALS_Base_CharacterBP_C_0] Floor
[2026.06.05-07.36.40:697][963]LogBlueprintUserMessages: [ALS_Base_CharacterBP_C_0] Floor
[2026.06.05-07.36.40:705][964]LogBlueprintUserMessages: [ALS_Base_CharacterBP_C_0] Floor
[2026.06.05-07.36.40:713][965]LogBlueprintUserMessages: [ALS_Base_CharacterBP_C_0] Floor
[2026.06.05-07.36.40:721][966]LogBlueprintUserMessages: [ALS_Base_CharacterBP_C_0] Floor
[2026.06.05-07.36.40:729][967]LogBlueprintUserMessages: [ALS_Base_CharacterBP_C_0] Floor
[2026.06.05-07.36.40:738][968]LogBlueprintUserMessages: [ALS_Base_CharacterBP_C_0] Floor
[2026.06.05-07.36.40:747][969]LogBlueprintUserMessages: [ALS_Base_CharacterBP_C_0] Floor
[2026.06.05-07.36.40:754][970]LogBlueprintUserMessages: [ALS_Base_CharacterBP_C_0] Floor
[2026.06.05-07.36.40:763][971]LogBlueprintUserMessages: [ALS_Base_CharacterBP_C_0] Floor
[2026.06.05-07.36.40:772][972]LogBlueprintUserMessages: [ALS_Base_CharacterBP_C_0] Floor
[2026.06.05-07.36.40:781][973]LogBlueprintUserMessages: [ALS_Base_CharacterBP_C_0] Floor
[2026.06.05-07.36.40:789][974]LogBlueprintUserMessages: [ALS_Base_CharacterBP_C_0] Floor
[2026.06.05-07.36.40:796][975]LogBlueprintUserMessages: [ALS_Base_CharacterBP_C_0] Floor
[2026.06.05-07.36.40:805][976]LogBlueprintUserMessages: [ALS_Base_CharacterBP_C_0] Floor
[2026.06.05-07.36.40:813][977]LogBlueprintUserMessages: [ALS_Base_CharacterBP_C_0] Floor
[2026.06.05-07.36.40:822][978]LogBlueprintUserMessages: [ALS_Base_CharacterBP_C_0] Floor
[2026.06.05-07.36.40:830][979]LogBlueprintUserMessages: [ALS_Base_CharacterBP_C_0] Floor
[2026.06.05-07.36.40:838][980]LogBlueprintUserMessages: [ALS_Base_CharacterBP_C_0] Floor
[2026.06.05-07.36.40:846][981]LogBlueprintUserMessages: [ALS_Base_CharacterBP_C_0] Floor
[2026.06.05-07.36.40:855][982]LogBlueprintUserMessages: [ALS_Base_CharacterBP_C_0] Floor
[2026.06.05-07.36.40:864][983]LogBlueprintUserMessages: [ALS_Base_CharacterBP_C_0] Floor
[2026.06.05-07.36.40:871][984]LogBlueprintUserMessages: [ALS_Base_CharacterBP_C_0] Floor
[2026.06.05-07.36.40:879][985]LogBlueprintUserMessages: [ALS_Base_CharacterBP_C_0] Floor
[2026.06.05-07.36.40:889][986]LogBlueprintUserMessages: [ALS_Base_CharacterBP_C_0] Floor
[2026.06.05-07.36.40:897][987]LogBlueprintUserMessages: [ALS_Base_CharacterBP_C_0] Floor
[2026.06.05-07.36.40:905][988]LogBlueprintUserMessages: [ALS_Base_CharacterBP_C_0] Floor
[2026.06.05-07.36.40:914][989]LogBlueprintUserMessages: [ALS_Base_CharacterBP_C_0] Floor
[2026.06.05-07.36.40:922][990]LogBlueprintUserMessages: [ALS_Base_CharacterBP_C_0] Floor
[2026.06.05-07.36.40:930][991]LogBlueprintUserMessages: [ALS_Base_CharacterBP_C_0] Floor
[2026.06.05-07.36.40:939][992]LogBlueprintUserMessages: [ALS_Base_CharacterBP_C_0] Floor
[2026.06.05-07.36.40:946][993]LogBlueprintUserMessages: [ALS_Base_CharacterBP_C_0] Floor
[2026.06.05-07.36.40:955][994]LogBlueprintUserMessages: [ALS_Base_CharacterBP_C_0] Floor
[2026.06.05-07.36.40:964][995]LogBlueprintUserMessages: [ALS_Base_CharacterBP_C_0] Floor
[2026.06.05-07.36.40:972][996]LogBlueprintUserMessages: [ALS_Base_CharacterBP_C_0] Floor
[2026.06.05-07.36.40:981][997]LogBlueprintUserMessages: [ALS_Base_CharacterBP_C_0] Floor
[2026.06.05-07.36.40:989][998]LogBlueprintUserMessages: [ALS_Base_CharacterBP_C_0] Floor
[2026.06.05-07.36.40:997][999]LogBlueprintUserMessages: [ALS_Base_CharacterBP_C_0] Floor
[2026.06.05-07.36.41:005][  0]LogBlueprintUserMessages: [ALS_Base_CharacterBP_C_0] Floor
[2026.06.05-07.36.41:014][  1]LogBlueprintUserMessages: [ALS_Base_CharacterBP_C_0] Floor
[2026.06.05-07.36.41:022][  2]LogBlueprintUserMessages: [ALS_Base_CharacterBP_C_0] Floor
[2026.06.05-07.36.41:030][  3]LogBlueprintUserMessages: [ALS_Base_CharacterBP_C_0] Floor
[2026.06.05-07.36.41:038][  4]LogBlueprintUserMessages: [ALS_Base_CharacterBP_C_0] Floor
[2026.06.05-07.36.41:047][  5]LogBlueprintUserMessages: [ALS_Base_CharacterBP_C_0] Floor
[2026.06.05-07.36.41:055][  6]LogBlueprintUserMessages: [ALS_Base_CharacterBP_C_0] Floor
[2026.06.05-07.36.41:064][  7]LogBlueprintUserMessages: [ALS_Base_CharacterBP_C_0] Floor
[2026.06.05-07.36.41:072][  8]LogBlueprintUserMessages: [ALS_Base_CharacterBP_C_0] Floor
[2026.06.05-07.36.41:081][  9]LogBlueprintUserMessages: [ALS_Base_CharacterBP_C_0] Floor
[2026.06.05-07.36.41:089][ 10]LogBlueprintUserMessages: [ALS_Base_CharacterBP_C_0] Floor
[2026.06.05-07.36.41:097][ 11]LogBlueprintUserMessages: [ALS_Base_CharacterBP_C_0] Floor
[2026.06.05-07.36.41:105][ 12]LogBlueprintUserMessages: [ALS_Base_CharacterBP_C_0] Floor
[2026.06.05-07.36.41:114][ 13]LogBlueprintUserMessages: [ALS_Base_CharacterBP_C_0] Floor
[2026.06.05-07.36.41:122][ 14]LogBlueprintUserMessages: [ALS_Base_CharacterBP_C_0] Floor
[2026.06.05-07.36.41:129][ 15]LogBlueprintUserMessages: [ALS_Base_CharacterBP_C_0] Floor
[2026.06.05-07.36.41:139][ 16]LogBlueprintUserMessages: [ALS_Base_CharacterBP_C_0] Floor
[2026.06.05-07.36.41:147][ 17]LogBlueprintUserMessages: [ALS_Base_CharacterBP_C_0] Floor
[2026.06.05-07.36.41:155][ 18]LogBlueprintUserMessages: [ALS_Base_CharacterBP_C_0] Floor
[2026.06.05-07.36.41:164][ 19]LogBlueprintUserMessages: [ALS_Base_CharacterBP_C_0] Floor
[2026.06.05-07.36.41:171][ 20]LogBlueprintUserMessages: [ALS_Base_CharacterBP_C_0] Floor
[2026.06.05-07.36.41:179][ 21]LogBlueprintUserMessages: [ALS_Base_CharacterBP_C_0] Floor
[2026.06.05-07.36.41:188][ 22]LogBlueprintUserMessages: [ALS_Base_CharacterBP_C_0] Floor
[2026.06.05-07.36.41:196][ 23]LogBlueprintUserMessages: [ALS_Base_CharacterBP_C_0] Floor
[2026.06.05-07.36.41:205][ 24]LogBlueprintUserMessages: [ALS_Base_CharacterBP_C_0] Floor
[2026.06.05-07.36.41:213][ 25]LogBlueprintUserMessages: [ALS_Base_CharacterBP_C_0] Floor
[2026.06.05-07.36.41:222][ 26]LogBlueprintUserMessages: [ALS_Base_CharacterBP_C_0] Floor
[2026.06.05-07.36.41:230][ 27]LogBlueprintUserMessages: [ALS_Base_CharacterBP_C_0] Floor
[2026.06.05-07.36.41:238][ 28]LogBlueprintUserMessages: [ALS_Base_CharacterBP_C_0] Floor
[2026.06.05-07.36.41:247][ 29]LogBlueprintUserMessages: [ALS_Base_CharacterBP_C_0] Floor
[2026.06.05-07.36.41:255][ 30]LogBlueprintUserMessages: [ALS_Base_CharacterBP_C_0] Floor
[2026.06.05-07.36.41:264][ 31]LogBlueprintUserMessages: [ALS_Base_CharacterBP_C_0] Floor
[2026.06.05-07.36.41:272][ 32]LogBlueprintUserMessages: [ALS_Base_CharacterBP_C_0] Floor
[2026.06.05-07.36.41:279][ 33]LogBlueprintUserMessages: [ALS_Base_CharacterBP_C_0] Floor
[2026.06.05-07.36.41:289][ 34]LogBlueprintUserMessages: [ALS_Base_CharacterBP_C_0] Floor
[2026.06.05-07.36.41:296][ 35]LogBlueprintUserMessages: [ALS_Base_CharacterBP_C_0] Floor
[2026.06.05-07.36.41:305][ 36]LogBlueprintUserMessages: [ALS_Base_CharacterBP_C_0] Floor
[2026.06.05-07.36.41:313][ 37]LogBlueprintUserMessages: [ALS_Base_CharacterBP_C_0] Floor
[2026.06.05-07.36.41:322][ 38]LogBlueprintUserMessages: [ALS_Base_CharacterBP_C_0] Floor
[2026.06.05-07.36.41:330][ 39]LogBlueprintUserMessages: [ALS_Base_CharacterBP_C_0] Floor
[2026.06.05-07.36.41:338][ 40]LogBlueprintUserMessages: [ALS_Base_CharacterBP_C_0] Floor
[2026.06.05-07.36.41:346][ 41]LogBlueprintUserMessages: [ALS_Base_CharacterBP_C_0] Floor
[2026.06.05-07.36.41:355][ 42]LogBlueprintUserMessages: [ALS_Base_CharacterBP_C_0] Floor
[2026.06.05-07.36.41:363][ 43]LogBlueprintUserMessages: [ALS_Base_CharacterBP_C_0] Floor
[2026.06.05-07.36.41:371][ 44]LogBlueprintUserMessages: [ALS_Base_CharacterBP_C_0] Floor
[2026.06.05-07.36.41:379][ 45]LogBlueprintUserMessages: [ALS_Base_CharacterBP_C_0] Floor
[2026.06.05-07.36.41:388][ 46]LogBlueprintUserMessages: [ALS_Base_CharacterBP_C_0] Floor
[2026.06.05-07.36.41:396][ 47]LogBlueprintUserMessages: [ALS_Base_CharacterBP_C_0] Floor
[2026.06.05-07.36.41:405][ 48]LogBlueprintUserMessages: [ALS_Base_CharacterBP_C_0] Floor
[2026.06.05-07.36.41:413][ 49]LogBlueprintUserMessages: [ALS_Base_CharacterBP_C_0] Floor
[2026.06.05-07.36.41:422][ 50]LogBlueprintUserMessages: [ALS_Base_CharacterBP_C_0] Floor
[2026.06.05-07.36.41:430][ 51]LogBlueprintUserMessages: [ALS_Base_CharacterBP_C_0] Floor
[2026.06.05-07.36.41:438][ 52]LogBlueprintUserMessages: [ALS_Base_CharacterBP_C_0] Floor
[2026.06.05-07.36.41:446][ 53]LogBlueprintUserMessages: [ALS_Base_CharacterBP_C_0] Floor
[2026.06.05-07.36.41:455][ 54]LogBlueprintUserMessages: [ALS_Base_CharacterBP_C_0] Floor
[2026.06.05-07.36.41:463][ 55]LogBlueprintUserMessages: [ALS_Base_CharacterBP_C_0] Floor
[2026.06.05-07.36.41:471][ 56]LogBlueprintUserMessages: [ALS_Base_CharacterBP_C_0] Floor
[2026.06.05-07.36.41:479][ 57]LogBlueprintUserMessages: [ALS_Base_CharacterBP_C_0] Floor
[2026.06.05-07.36.41:488][ 58]LogBlueprintUserMessages: [ALS_Base_CharacterBP_C_0] Floor
[2026.06.05-07.36.41:496][ 59]LogBlueprintUserMessages: [ALS_Base_CharacterBP_C_0] Floor
[2026.06.05-07.36.41:505][ 60]LogBlueprintUserMessages: [ALS_Base_CharacterBP_C_0] Floor
[2026.06.05-07.36.41:513][ 61]LogBlueprintUserMessages: [ALS_Base_CharacterBP_C_0] Floor
[2026.06.05-07.36.41:521][ 62]LogBlueprintUserMessages: [ALS_Base_CharacterBP_C_0] Floor
[2026.06.05-07.36.41:529][ 63]LogBlueprintUserMessages: [ALS_Base_CharacterBP_C_0] Floor
[2026.06.05-07.36.41:538][ 64]LogBlueprintUserMessages: [ALS_Base_CharacterBP_C_0] Floor
[2026.06.05-07.36.41:546][ 65]LogBlueprintUserMessages: [ALS_Base_CharacterBP_C_0] Floor
[2026.06.05-07.36.41:556][ 66]LogBlueprintUserMessages: [ALS_Base_CharacterBP_C_0] Floor
[2026.06.05-07.36.41:563][ 67]LogBlueprintUserMessages: [ALS_Base_CharacterBP_C_0] Floor
[2026.06.05-07.36.41:572][ 68]LogBlueprintUserMessages: [ALS_Base_CharacterBP_C_0] Floor
[2026.06.05-07.36.41:580][ 69]LogBlueprintUserMessages: [ALS_Base_CharacterBP_C_0] Floor
[2026.06.05-07.36.41:588][ 70]LogBlueprintUserMessages: [ALS_Base_CharacterBP_C_0] Floor
[2026.06.05-07.36.41:596][ 71]LogBlueprintUserMessages: [ALS_Base_CharacterBP_C_0] Floor
[2026.06.05-07.36.41:605][ 72]LogBlueprintUserMessages: [ALS_Base_CharacterBP_C_0] Floor
[2026.06.05-07.36.41:613][ 73]LogBlueprintUserMessages: [ALS_Base_CharacterBP_C_0] Floor
[2026.06.05-07.36.41:622][ 74]LogBlueprintUserMessages: [ALS_Base_CharacterBP_C_0] Floor
[2026.06.05-07.36.41:629][ 75]LogBlueprintUserMessages: [ALS_Base_CharacterBP_C_0] Floor
[2026.06.05-07.36.41:639][ 76]LogBlueprintUserMessages: [ALS_Base_CharacterBP_C_0] Floor
[2026.06.05-07.36.41:647][ 77]LogBlueprintUserMessages: [ALS_Base_CharacterBP_C_0] Floor
[2026.06.05-07.36.41:655][ 78]LogBlueprintUserMessages: [ALS_Base_CharacterBP_C_0] Floor
[2026.06.05-07.36.41:664][ 79]LogBlueprintUserMessages: [ALS_Base_CharacterBP_C_0] Floor
[2026.06.05-07.36.41:671][ 80]LogBlueprintUserMessages: [ALS_Base_CharacterBP_C_0] Floor
[2026.06.05-07.36.41:679][ 81]LogBlueprintUserMessages: [ALS_Base_CharacterBP_C_0] Floor
[2026.06.05-07.36.41:689][ 82]LogBlueprintUserMessages: [ALS_Base_CharacterBP_C_0] Floor
[2026.06.05-07.36.41:696][ 83]LogBlueprintUserMessages: [ALS_Base_CharacterBP_C_0] Floor
[2026.06.05-07.36.41:705][ 84]LogBlueprintUserMessages: [ALS_Base_CharacterBP_C_0] Floor
[2026.06.05-07.36.41:714][ 85]LogBlueprintUserMessages: [ALS_Base_CharacterBP_C_0] Floor
[2026.06.05-07.36.41:721][ 86]LogBlueprintUserMessages: [ALS_Base_CharacterBP_C_0] Floor
[2026.06.05-07.36.41:730][ 87]LogBlueprintUserMessages: [ALS_Base_CharacterBP_C_0] Floor
[2026.06.05-07.36.41:739][ 88]LogBlueprintUserMessages: [ALS_Base_CharacterBP_C_0] Floor
[2026.06.05-07.36.41:747][ 89]LogBlueprintUserMessages: [ALS_Base_CharacterBP_C_0] Floor
[2026.06.05-07.36.41:755][ 90]LogBlueprintUserMessages: [ALS_Base_CharacterBP_C_0] Floor
[2026.06.05-07.36.41:764][ 91]LogBlueprintUserMessages: [ALS_Base_CharacterBP_C_0] Floor
[2026.06.05-07.36.41:772][ 92]LogBlueprintUserMessages: [ALS_Base_CharacterBP_C_0] Floor
[2026.06.05-07.36.41:781][ 93]LogBlueprintUserMessages: [ALS_Base_CharacterBP_C_0] Floor
[2026.06.05-07.36.41:789][ 94]LogBlueprintUserMessages: [ALS_Base_CharacterBP_C_0] Floor
[2026.06.05-07.36.41:797][ 95]LogBlueprintUserMessages: [ALS_Base_CharacterBP_C_0] Floor
[2026.06.05-07.36.41:805][ 96]LogBlueprintUserMessages: [ALS_Base_CharacterBP_C_0] Floor
[2026.06.05-07.36.41:814][ 97]LogBlueprintUserMessages: [ALS_Base_CharacterBP_C_0] Floor
[2026.06.05-07.36.41:821][ 98]LogBlueprintUserMessages: [ALS_Base_CharacterBP_C_0] Floor
[2026.06.05-07.36.41:830][ 99]LogBlueprintUserMessages: [ALS_Base_CharacterBP_C_0] Floor
[2026.06.05-07.36.41:838][100]LogBlueprintUserMessages: [ALS_Base_CharacterBP_C_0] Floor
[2026.06.05-07.36.41:847][101]LogBlueprintUserMessages: [ALS_Base_CharacterBP_C_0] Floor
[2026.06.05-07.36.41:855][102]LogBlueprintUserMessages: [ALS_Base_CharacterBP_C_0] Floor
[2026.06.05-07.36.41:863][103]LogBlueprintUserMessages: [ALS_Base_CharacterBP_C_0] Floor
[2026.06.05-07.36.41:871][104]LogBlueprintUserMessages: [ALS_Base_CharacterBP_C_0] Floor
[2026.06.05-07.36.41:879][105]LogBlueprintUserMessages: [ALS_Base_CharacterBP_C_0] Floor
[2026.06.05-07.36.41:889][106]LogBlueprintUserMessages: [ALS_Base_CharacterBP_C_0] Floor
[2026.06.05-07.36.41:896][107]LogBlueprintUserMessages: [ALS_Base_CharacterBP_C_0] Floor
[2026.06.05-07.36.41:905][108]LogBlueprintUserMessages: [ALS_Base_CharacterBP_C_0] Floor
[2026.06.05-07.36.41:913][109]LogBlueprintUserMessages: [ALS_Base_CharacterBP_C_0] Floor
[2026.06.05-07.36.41:922][110]LogBlueprintUserMessages: [ALS_Base_CharacterBP_C_0] Floor
[2026.06.05-07.36.41:930][111]LogBlueprintUserMessages: [ALS_Base_CharacterBP_C_0] Floor
[2026.06.05-07.36.41:938][112]LogBlueprintUserMessages: [ALS_Base_CharacterBP_C_0] Floor
[2026.06.05-07.36.41:946][113]LogBlueprintUserMessages: [ALS_Base_CharacterBP_C_0] Floor
[2026.06.05-07.36.41:955][114]LogBlueprintUserMessages: [ALS_Base_CharacterBP_C_0] Floor
[2026.06.05-07.36.41:964][115]LogBlueprintUserMessages: [ALS_Base_CharacterBP_C_0] Floor
[2026.06.05-07.36.41:971][116]LogBlueprintUserMessages: [ALS_Base_CharacterBP_C_0] Floor
[2026.06.05-07.36.41:979][117]LogBlueprintUserMessages: [ALS_Base_CharacterBP_C_0] Floor
[2026.06.05-07.36.41:988][118]LogBlueprintUserMessages: [ALS_Base_CharacterBP_C_0] Floor
[2026.06.05-07.36.41:997][119]LogBlueprintUserMessages: [ALS_Base_CharacterBP_C_0] Floor
[2026.06.05-07.36.42:005][120]LogBlueprintUserMessages: [ALS_Base_CharacterBP_C_0] Floor
[2026.06.05-07.36.42:014][121]LogBlueprintUserMessages: [ALS_Base_CharacterBP_C_0] Floor
[2026.06.05-07.36.42:021][122]LogBlueprintUserMessages: [ALS_Base_CharacterBP_C_0] Floor
[2026.06.05-07.36.42:029][123]LogBlueprintUserMessages: [ALS_Base_CharacterBP_C_0] Floor
[2026.06.05-07.36.42:038][124]LogBlueprintUserMessages: [ALS_Base_CharacterBP_C_0] Floor
[2026.06.05-07.36.42:047][125]LogBlueprintUserMessages: [ALS_Base_CharacterBP_C_0] Floor
[2026.06.05-07.36.42:054][126]LogBlueprintUserMessages: [ALS_Base_CharacterBP_C_0] Floor
[2026.06.05-07.36.42:063][127]LogBlueprintUserMessages: [ALS_Base_CharacterBP_C_0] Floor
[2026.06.05-07.36.42:071][128]LogBlueprintUserMessages: [ALS_Base_CharacterBP_C_0] Floor
[2026.06.05-07.36.42:079][129]LogBlueprintUserMessages: [ALS_Base_CharacterBP_C_0] Floor
[2026.06.05-07.36.42:089][130]LogBlueprintUserMessages: [ALS_Base_CharacterBP_C_0] Floor
[2026.06.05-07.36.42:097][131]LogBlueprintUserMessages: [ALS_Base_CharacterBP_C_0] Floor
[2026.06.05-07.36.42:105][132]LogBlueprintUserMessages: [ALS_Base_CharacterBP_C_0] Floor
[2026.06.05-07.36.42:114][133]LogBlueprintUserMessages: [ALS_Base_CharacterBP_C_0] Floor
[2026.06.05-07.36.42:121][134]LogBlueprintUserMessages: [ALS_Base_CharacterBP_C_0] Floor
[2026.06.05-07.36.42:129][135]LogBlueprintUserMessages: [ALS_Base_CharacterBP_C_0] Floor
[2026.06.05-07.36.42:139][136]LogBlueprintUserMessages: [ALS_Base_CharacterBP_C_0] Floor
[2026.06.05-07.36.42:147][137]LogBlueprintUserMessages: [ALS_Base_CharacterBP_C_0] Floor
[2026.06.05-07.36.42:155][138]LogBlueprintUserMessages: [ALS_Base_CharacterBP_C_0] Floor
[2026.06.05-07.36.42:163][139]LogBlueprintUserMessages: [ALS_Base_CharacterBP_C_0] Floor
[2026.06.05-07.36.42:172][140]LogBlueprintUserMessages: [ALS_Base_CharacterBP_C_0] Floor
[2026.06.05-07.36.42:179][141]LogBlueprintUserMessages: [ALS_Base_CharacterBP_C_0] Floor
[2026.06.05-07.36.42:188][142]LogBlueprintUserMessages: [ALS_Base_CharacterBP_C_0] Floor
[2026.06.05-07.36.42:197][143]LogBlueprintUserMessages: [ALS_Base_CharacterBP_C_0] Floor
[2026.06.05-07.36.42:205][144]LogBlueprintUserMessages: [ALS_Base_CharacterBP_C_0] Floor
[2026.06.05-07.36.42:213][145]LogBlueprintUserMessages: [ALS_Base_CharacterBP_C_0] Floor
[2026.06.05-07.36.42:222][146]LogBlueprintUserMessages: [ALS_Base_CharacterBP_C_0] Floor
[2026.06.05-07.36.42:230][147]LogBlueprintUserMessages: [ALS_Base_CharacterBP_C_0] Floor
[2026.06.05-07.36.42:238][148]LogBlueprintUserMessages: [ALS_Base_CharacterBP_C_0] Floor
[2026.06.05-07.36.42:246][149]LogBlueprintUserMessages: [ALS_Base_CharacterBP_C_0] Floor
[2026.06.05-07.36.42:255][150]LogBlueprintUserMessages: [ALS_Base_CharacterBP_C_0] Floor
[2026.06.05-07.36.42:264][151]LogBlueprintUserMessages: [ALS_Base_CharacterBP_C_0] Floor
[2026.06.05-07.36.42:272][152]LogBlueprintUserMessages: [ALS_Base_CharacterBP_C_0] Floor
[2026.06.05-07.36.42:281][153]LogBlueprintUserMessages: [ALS_Base_CharacterBP_C_0] Floor
[2026.06.05-07.36.42:289][154]LogBlueprintUserMessages: [ALS_Base_CharacterBP_C_0] Floor
[2026.06.05-07.36.42:297][155]LogBlueprintUserMessages: [ALS_Base_CharacterBP_C_0] Floor
[2026.06.05-07.36.42:305][156]LogBlueprintUserMessages: [ALS_Base_CharacterBP_C_0] Floor
[2026.06.05-07.36.42:314][157]LogBlueprintUserMessages: [ALS_Base_CharacterBP_C_0] Floor
[2026.06.05-07.36.42:321][158]LogBlueprintUserMessages: [ALS_Base_CharacterBP_C_0] Floor
[2026.06.05-07.36.42:329][159]LogBlueprintUserMessages: [ALS_Base_CharacterBP_C_0] Floor
[2026.06.05-07.36.42:338][160]LogBlueprintUserMessages: [ALS_Base_CharacterBP_C_0] Floor
[2026.06.05-07.36.42:346][161]LogBlueprintUserMessages: [ALS_Base_CharacterBP_C_0] Floor
[2026.06.05-07.36.42:355][162]LogBlueprintUserMessages: [ALS_Base_CharacterBP_C_0] Floor
[2026.06.05-07.36.42:363][163]LogBlueprintUserMessages: [ALS_Base_CharacterBP_C_0] Floor
[2026.06.05-07.36.42:372][164]LogBlueprintUserMessages: [ALS_Base_CharacterBP_C_0] Floor
[2026.06.05-07.36.44:055][366]LogBlueprintUserMessages: [ALS_Base_CharacterBP_C_0] Linear_Stair_StaticMesh
[2026.06.05-07.36.44:063][367]LogBlueprintUserMessages: [ALS_Base_CharacterBP_C_0] Floor
[2026.06.05-07.36.44:072][368]LogBlueprintUserMessages: [ALS_Base_CharacterBP_C_0] Linear_Stair_StaticMesh
[2026.06.05-07.36.44:080][369]LogBlueprintUserMessages: [ALS_Base_CharacterBP_C_0] Linear_Stair_StaticMesh
[2026.06.05-07.36.44:089][370]LogBlueprintUserMessages: [ALS_Base_CharacterBP_C_0] Linear_Stair_StaticMesh
[2026.06.05-07.36.44:097][371]LogBlueprintUserMessages: [ALS_Base_CharacterBP_C_0] Linear_Stair_StaticMesh
[2026.06.05-07.36.44:105][372]LogBlueprintUserMessages: [ALS_Base_CharacterBP_C_0] Linear_Stair_StaticMesh
[2026.06.05-07.36.44:113][373]LogBlueprintUserMessages: [ALS_Base_CharacterBP_C_0] Linear_Stair_StaticMesh
[2026.06.05-07.36.44:122][374]LogBlueprintUserMessages: [ALS_Base_CharacterBP_C_0] Floor
[2026.06.05-07.36.44:130][375]LogBlueprintUserMessages: [ALS_Base_CharacterBP_C_0] Floor
[2026.06.05-07.36.44:138][376]LogBlueprintUserMessages: [ALS_Base_CharacterBP_C_0] Floor
[2026.06.05-07.36.44:147][377]LogBlueprintUserMessages: [ALS_Base_CharacterBP_C_0] Floor
[2026.06.05-07.36.44:155][378]LogBlueprintUserMessages: [ALS_Base_CharacterBP_C_0] Floor
[2026.06.05-07.36.44:164][379]LogBlueprintUserMessages: [ALS_Base_CharacterBP_C_0] Floor
[2026.06.05-07.36.44:171][380]LogBlueprintUserMessages: [ALS_Base_CharacterBP_C_0] Floor
[2026.06.05-07.36.44:179][381]LogBlueprintUserMessages: [ALS_Base_CharacterBP_C_0] Floor
[2026.06.05-07.36.44:188][382]LogBlueprintUserMessages: [ALS_Base_CharacterBP_C_0] Floor
[2026.06.05-07.36.44:197][383]LogBlueprintUserMessages: [ALS_Base_CharacterBP_C_0] Floor
[2026.06.05-07.36.44:204][384]LogBlueprintUserMessages: [ALS_Base_CharacterBP_C_0] Floor
[2026.06.05-07.36.44:213][385]LogBlueprintUserMessages: [ALS_Base_CharacterBP_C_0] Floor
[2026.06.05-07.36.44:221][386]LogBlueprintUserMessages: [ALS_Base_CharacterBP_C_0] Floor
[2026.06.05-07.36.44:230][387]LogBlueprintUserMessages: [ALS_Base_CharacterBP_C_0] Floor
[2026.06.05-07.36.44:239][388]LogBlueprintUserMessages: [ALS_Base_CharacterBP_C_0] Floor
[2026.06.05-07.36.44:247][389]LogBlueprintUserMessages: [ALS_Base_CharacterBP_C_0] Floor
[2026.06.05-07.36.44:802][452]LogSlate: Updating window title bar state: overlay mode, drag disabled, window buttons hidden, title bar hidden
[2026.06.05-07.36.44:802][452]LogWorld: BeginTearingDown for /Game/ThirdPersonBP/Maps/UEDPIE_0_ThirdPersonExampleMap
[2026.06.05-07.36.44:802][452]LogWorld: UWorld::CleanupWorld for ThirdPersonExampleMap, bSessionEnded=true, bCleanupResources=true
[2026.06.05-07.36.44:802][452]LogSlate: InvalidateAllWidgets triggered.  All widgets were invalidated
[2026.06.05-07.36.44:814][452]LogPlayLevel: Display: Shutting down PIE online subsystems
[2026.06.05-07.36.44:816][452]LogSlate: InvalidateAllWidgets triggered.  All widgets were invalidated
[2026.06.05-07.36.44:828][452]LogAudio: Display: Audio Device unregistered from world 'None'.
[2026.06.05-07.36.44:829][452]LogAudioMixer: FMixerPlatformXAudio2::StopAudioStream() called
[2026.06.05-07.36.44:829][452]LogAudioMixer: FMixerPlatformXAudio2::StopAudioStream() called
[2026.06.05-07.36.44:831][452]LogSlate: Updating window title bar state: overlay mode, drag disabled, window buttons hidden, title bar hidden
[2026.06.05-07.36.44:832][452]LogUObjectHash: Compacting FUObjectHashTables data took   1.07ms
[2026.06.05-07.36.44:875][456]LogPlayLevel: Display: Destroying online subsystem :Context_12
[2026.06.05-07.36.56:946][772]LogSavePackage: Moving '../../../../../../UEProject/UnrealLearn/Alsv4/Saved/ALS_Base_CharacterBPD96B2907405D88E9A048118A544065E1.tmp' to '../../../../../../UEProject/UnrealLearn/Alsv4/Content/AdvancedLocomotionV4/Blueprints/CharacterLogic/ALS_Base_CharacterBP.uasset'
[2026.06.05-07.36.56:959][772]AssetCheck: New page: Asset Save: ALS_Base_CharacterBP
[2026.06.05-07.36.56:959][772]LogContentValidation: Display: Validating Blueprint /Game/AdvancedLocomotionV4/Blueprints/CharacterLogic/ALS_Base_CharacterBP.ALS_Base_CharacterBP
[2026.06.05-07.36.57:162][796]BlueprintLog: New page: Compile ALS_Base_CharacterBP
[2026.06.05-07.36.57:191][796]LogUObjectHash: Compacting FUObjectHashTables data took   1.14ms
[2026.06.05-07.36.57:534][824]LogSavePackage: Moving '../../../../../../UEProject/UnrealLearn/Alsv4/Saved/ALS_Base_CharacterBP3230FED94B8713E1FB3016B2A2E0CE5A.tmp' to '../../../../../../UEProject/UnrealLearn/Alsv4/Content/AdvancedLocomotionV4/Blueprints/CharacterLogic/ALS_Base_CharacterBP.uasset'
[2026.06.05-07.36.57:545][824]AssetCheck: New page: Asset Save: ALS_Base_CharacterBP
[2026.06.05-07.36.57:545][824]LogContentValidation: Display: Validating Blueprint /Game/AdvancedLocomotionV4/Blueprints/CharacterLogic/ALS_Base_CharacterBP.ALS_Base_CharacterBP
[2026.06.05-07.36.59:013][997]LogTemp: Repeating last play command: Selected Viewport
[2026.06.05-07.36.59:017][997]LogPlayLevel: PlayLevel: No blueprints needed recompiling
[2026.06.05-07.36.59:017][997]PIE: New page: PIE session: ThirdPersonExampleMap (Jun 6, 2026, 1:36:59 AM)
[2026.06.05-07.36.59:052][997]LogPlayLevel: Creating play world package: /Game/ThirdPersonBP/Maps/UEDPIE_0_ThirdPersonExampleMap
[2026.06.05-07.36.59:059][997]LogPlayLevel: PIE: StaticDuplicateObject took: (0.007444s)
[2026.06.05-07.36.59:059][997]LogAIModule: Creating AISystem for world ThirdPersonExampleMap
[2026.06.05-07.36.59:060][997]LogPlayLevel: PIE: World Init took: (0.000758s)
[2026.06.05-07.36.59:060][997]LogPlayLevel: PIE: Created PIE world by copying editor world from /Game/ThirdPersonBP/Maps/ThirdPersonExampleMap.ThirdPersonExampleMap to /Game/ThirdPersonBP/Maps/UEDPIE_0_ThirdPersonExampleMap.ThirdPersonExampleMap (0.008364s)
[2026.06.05-07.36.59:073][997]LogUObjectHash: Compacting FUObjectHashTables data took   1.34ms
[2026.06.05-07.36.59:074][997]LogAudio: Display: Creating Audio Device:                 Id: 4, Scope: Unique, Realtime: True
[2026.06.05-07.36.59:074][997]LogAudioMixer: Display: Audio Mixer Platform Settings:
[2026.06.05-07.36.59:074][997]LogAudioMixer: Display: 	Sample Rate:						  48000
[2026.06.05-07.36.59:074][997]LogAudioMixer: Display: 	Callback Buffer Frame Size Requested: 1024
[2026.06.05-07.36.59:074][997]LogAudioMixer: Display: 	Callback Buffer Frame Size To Use:	  1024
[2026.06.05-07.36.59:074][997]LogAudioMixer: Display: 	Number of buffers to queue:			  2
[2026.06.05-07.36.59:074][997]LogAudioMixer: Display: 	Max Channels (voices):				  32
[2026.06.05-07.36.59:074][997]LogAudioMixer: Display: 	Number of Async Source Workers:		  0
[2026.06.05-07.36.59:074][997]LogAudio: Display: AudioDevice MaxSources: 32
[2026.06.05-07.36.59:074][997]LogAudio: Display: Audio Spatialization Plugin: None (built-in).
[2026.06.05-07.36.59:074][997]LogAudio: Display: Audio Reverb Plugin: None (built-in).
[2026.06.05-07.36.59:074][997]LogAudio: Display: Audio Occlusion Plugin: None (built-in).
[2026.06.05-07.36.59:074][997]LogAudioMixer: Display: Initializing audio mixer.
[2026.06.05-07.36.59:076][997]LogAudioMixer: Display: 0: FrontLeft
[2026.06.05-07.36.59:076][997]LogAudioMixer: Display: 1: FrontRight
[2026.06.05-07.36.59:081][997]LogAudioMixer: Display: Using Audio Device G274F (HD Audio Driver for Display Audio)
[2026.06.05-07.36.59:081][997]LogAudioMixer: Display: Initializing Sound Submixes...
[2026.06.05-07.36.59:081][997]LogAudioMixer: Display: Creating Master Submix 'MasterSubmixDefault'
[2026.06.05-07.36.59:081][997]LogAudioMixer: Display: Creating Master Submix 'MasterReverbSubmixDefault'
[2026.06.05-07.36.59:081][997]LogAudioMixer: Display: Creating Master Submix 'MasterEQSubmixDefault'
[2026.06.05-07.36.59:081][997]LogAudioMixer: FMixerPlatformXAudio2::StartAudioStream() called
[2026.06.05-07.36.59:081][997]LogAudioMixer: Display: Output buffers initialized: Frames=1024, Channels=2, Samples=2048
[2026.06.05-07.36.59:082][997]LogAudioMixer: Display: Starting AudioMixerPlatformInterface::RunInternal()
[2026.06.05-07.36.59:082][997]LogAudioMixer: Display: FMixerPlatformXAudio2::SubmitBuffer() called for the first time
[2026.06.05-07.36.59:082][997]LogInit: FAudioDevice initialized.
[2026.06.05-07.36.59:082][997]LogAudio: Display: Audio Device (ID: 4) registered with world 'ThirdPersonExampleMap'.
[2026.06.05-07.36.59:092][997]LogLoad: Game class is 'ALS_GameMode_C'
[2026.06.05-07.36.59:093][997]LogWorld: Bringing World /Game/ThirdPersonBP/Maps/UEDPIE_0_ThirdPersonExampleMap.ThirdPersonExampleMap up for play (max tick rate 0) at 2026.06.05-16.36.59
[2026.06.05-07.36.59:093][997]LogWorld: Bringing up level for play took: 0.000560
[2026.06.05-07.36.59:093][997]LogOnline: OSS: Creating online subsystem instance for: :Context_13
[2026.06.05-07.36.59:095][997]PIE: Server logged in
[2026.06.05-07.36.59:095][997]PIE: Play in editor total start time 0.079 seconds.
[2026.06.05-07.36.59:096][997]LogBlueprintUserMessages: [ALS_Base_CharacterBP_C_0] Floor
[2026.06.05-07.36.59:113][998]LogBlueprintUserMessages: [ALS_Base_CharacterBP_C_0] Floor
[2026.06.05-07.36.59:121][999]LogBlueprintUserMessages: [ALS_Base_CharacterBP_C_0] Floor
[2026.06.05-07.36.59:129][  0]LogBlueprintUserMessages: [ALS_Base_CharacterBP_C_0] Floor
[2026.06.05-07.36.59:138][  1]LogBlueprintUserMessages: [ALS_Base_CharacterBP_C_0] Floor
[2026.06.05-07.36.59:146][  2]LogBlueprintUserMessages: [ALS_Base_CharacterBP_C_0] Floor
[2026.06.05-07.36.59:155][  3]LogBlueprintUserMessages: [ALS_Base_CharacterBP_C_0] Floor
[2026.06.05-07.36.59:163][  4]LogBlueprintUserMessages: [ALS_Base_CharacterBP_C_0] Floor
[2026.06.05-07.36.59:171][  5]LogBlueprintUserMessages: [ALS_Base_CharacterBP_C_0] Floor
[2026.06.05-07.36.59:179][  6]LogBlueprintUserMessages: [ALS_Base_CharacterBP_C_0] Floor
[2026.06.05-07.36.59:188][  7]LogBlueprintUserMessages: [ALS_Base_CharacterBP_C_0] Floor
[2026.06.05-07.36.59:196][  8]LogBlueprintUserMessages: [ALS_Base_CharacterBP_C_0] Floor
[2026.06.05-07.36.59:206][  9]LogBlueprintUserMessages: [ALS_Base_CharacterBP_C_0] Floor
[2026.06.05-07.36.59:216][ 10]LogBlueprintUserMessages: [ALS_Base_CharacterBP_C_0] Floor
[2026.06.05-07.36.59:225][ 11]LogBlueprintUserMessages: [ALS_Base_CharacterBP_C_0] Floor
[2026.06.05-07.36.59:233][ 12]LogBlueprintUserMessages: [ALS_Base_CharacterBP_C_0] Floor
[2026.06.05-07.36.59:241][ 13]LogBlueprintUserMessages: [ALS_Base_CharacterBP_C_0] Floor
[2026.06.05-07.36.59:250][ 14]LogBlueprintUserMessages: [ALS_Base_CharacterBP_C_0] Floor
[2026.06.05-07.36.59:258][ 15]LogBlueprintUserMessages: [ALS_Base_CharacterBP_C_0] Floor
[2026.06.05-07.36.59:266][ 16]LogBlueprintUserMessages: [ALS_Base_CharacterBP_C_0] Floor
[2026.06.05-07.36.59:274][ 17]LogBlueprintUserMessages: [ALS_Base_CharacterBP_C_0] Floor
[2026.06.05-07.36.59:283][ 18]LogBlueprintUserMessages: [ALS_Base_CharacterBP_C_0] Floor
[2026.06.05-07.36.59:291][ 19]LogBlueprintUserMessages: [ALS_Base_CharacterBP_C_0] Floor
[2026.06.05-07.36.59:299][ 20]LogBlueprintUserMessages: [ALS_Base_CharacterBP_C_0] Floor
[2026.06.05-07.36.59:308][ 21]LogBlueprintUserMessages: [ALS_Base_CharacterBP_C_0] Floor
[2026.06.05-07.36.59:316][ 22]LogBlueprintUserMessages: [ALS_Base_CharacterBP_C_0] Floor
[2026.06.05-07.36.59:325][ 23]LogBlueprintUserMessages: [ALS_Base_CharacterBP_C_0] Floor
[2026.06.05-07.36.59:333][ 24]LogBlueprintUserMessages: [ALS_Base_CharacterBP_C_0] Floor
[2026.06.05-07.36.59:341][ 25]LogBlueprintUserMessages: [ALS_Base_CharacterBP_C_0] Floor
[2026.06.05-07.36.59:349][ 26]LogBlueprintUserMessages: [ALS_Base_CharacterBP_C_0] Floor
[2026.06.05-07.36.59:359][ 27]LogBlueprintUserMessages: [ALS_Base_CharacterBP_C_0] Floor
[2026.06.05-07.36.59:366][ 28]LogBlueprintUserMessages: [ALS_Base_CharacterBP_C_0] Floor
[2026.06.05-07.36.59:375][ 29]LogBlueprintUserMessages: [ALS_Base_CharacterBP_C_0] Floor
[2026.06.05-07.36.59:383][ 30]LogBlueprintUserMessages: [ALS_Base_CharacterBP_C_0] Floor
[2026.06.05-07.36.59:391][ 31]LogBlueprintUserMessages: [ALS_Base_CharacterBP_C_0] Floor
[2026.06.05-07.36.59:400][ 32]LogBlueprintUserMessages: [ALS_Base_CharacterBP_C_0] Floor
[2026.06.05-07.36.59:408][ 33]LogBlueprintUserMessages: [ALS_Base_CharacterBP_C_0] Floor
[2026.06.05-07.36.59:416][ 34]LogBlueprintUserMessages: [ALS_Base_CharacterBP_C_0] Floor
[2026.06.05-07.36.59:424][ 35]LogBlueprintUserMessages: [ALS_Base_CharacterBP_C_0] Floor
[2026.06.05-07.36.59:433][ 36]LogBlueprintUserMessages: [ALS_Base_CharacterBP_C_0] Floor
[2026.06.05-07.36.59:441][ 37]LogBlueprintUserMessages: [ALS_Base_CharacterBP_C_0] Floor
[2026.06.05-07.36.59:449][ 38]LogBlueprintUserMessages: [ALS_Base_CharacterBP_C_0] Floor
[2026.06.05-07.36.59:459][ 39]LogBlueprintUserMessages: [ALS_Base_CharacterBP_C_0] Floor
[2026.06.05-07.36.59:466][ 40]LogBlueprintUserMessages: [ALS_Base_CharacterBP_C_0] Floor
[2026.06.05-07.36.59:475][ 41]LogBlueprintUserMessages: [ALS_Base_CharacterBP_C_0] Floor
[2026.06.05-07.36.59:483][ 42]LogBlueprintUserMessages: [ALS_Base_CharacterBP_C_0] Floor
[2026.06.05-07.36.59:491][ 43]LogBlueprintUserMessages: [ALS_Base_CharacterBP_C_0] Floor
[2026.06.05-07.36.59:499][ 44]LogBlueprintUserMessages: [ALS_Base_CharacterBP_C_0] Floor
[2026.06.05-07.36.59:508][ 45]LogBlueprintUserMessages: [ALS_Base_CharacterBP_C_0] Floor
[2026.06.05-07.36.59:516][ 46]LogBlueprintUserMessages: [ALS_Base_CharacterBP_C_0] Floor
[2026.06.05-07.36.59:524][ 47]LogBlueprintUserMessages: [ALS_Base_CharacterBP_C_0] Floor
[2026.06.05-07.36.59:533][ 48]LogBlueprintUserMessages: [ALS_Base_CharacterBP_C_0] Floor
[2026.06.05-07.36.59:541][ 49]LogBlueprintUserMessages: [ALS_Base_CharacterBP_C_0] Floor
[2026.06.05-07.36.59:549][ 50]LogBlueprintUserMessages: [ALS_Base_CharacterBP_C_0] Floor
[2026.06.05-07.36.59:558][ 51]LogBlueprintUserMessages: [ALS_Base_CharacterBP_C_0] Floor
[2026.06.05-07.36.59:566][ 52]LogBlueprintUserMessages: [ALS_Base_CharacterBP_C_0] Floor
[2026.06.05-07.36.59:601][ 52]LogSlate: Updating window title bar state: overlay mode, drag disabled, window buttons hidden, title bar hidden
[2026.06.05-07.36.59:602][ 52]LogWorld: BeginTearingDown for /Game/ThirdPersonBP/Maps/UEDPIE_0_ThirdPersonExampleMap
[2026.06.05-07.36.59:602][ 52]LogWorld: UWorld::CleanupWorld for ThirdPersonExampleMap, bSessionEnded=true, bCleanupResources=true
[2026.06.05-07.36.59:602][ 52]LogSlate: InvalidateAllWidgets triggered.  All widgets were invalidated
[2026.06.05-07.36.59:608][ 52]LogPlayLevel: Display: Shutting down PIE online subsystems
[2026.06.05-07.36.59:610][ 52]LogSlate: InvalidateAllWidgets triggered.  All widgets were invalidated
[2026.06.05-07.36.59:624][ 52]LogAudio: Display: Audio Device unregistered from world 'None'.
[2026.06.05-07.36.59:625][ 52]LogAudioMixer: FMixerPlatformXAudio2::StopAudioStream() called
[2026.06.05-07.36.59:626][ 52]LogAudioMixer: FMixerPlatformXAudio2::StopAudioStream() called
[2026.06.05-07.36.59:627][ 52]LogSlate: Updating window title bar state: overlay mode, drag disabled, window buttons hidden, title bar hidden
[2026.06.05-07.36.59:629][ 52]LogUObjectHash: Compacting FUObjectHashTables data took   1.05ms
[2026.06.05-07.36.59:671][ 56]LogPlayLevel: Display: Destroying online subsystem :Context_13
[2026.06.05-07.37.28:185][490]LogSavePackage: Moving '../../../../../../UEProject/UnrealLearn/Alsv4/Saved/ALS_Base_CharacterBP541FD57A40607DE5C63D969E9C769E2F.tmp' to '../../../../../../UEProject/UnrealLearn/Alsv4/Content/AdvancedLocomotionV4/Blueprints/CharacterLogic/ALS_Base_CharacterBP.uasset'
[2026.06.05-07.37.28:202][490]AssetCheck: New page: Asset Save: ALS_Base_CharacterBP
[2026.06.05-07.37.28:203][490]LogContentValidation: Display: Validating Blueprint /Game/AdvancedLocomotionV4/Blueprints/CharacterLogic/ALS_Base_CharacterBP.ALS_Base_CharacterBP
[2026.06.05-07.38.14:441][604]LogTemp: Repeating last play command: Selected Viewport
[2026.06.05-07.38.14:444][604]LogPlayLevel: PlayLevel: No blueprints needed recompiling
[2026.06.05-07.38.14:445][604]PIE: New page: PIE session: ThirdPersonExampleMap (Jun 6, 2026, 1:38:14 AM)
[2026.06.05-07.38.14:445][604]LogPlayLevel: Creating play world package: /Game/ThirdPersonBP/Maps/UEDPIE_0_ThirdPersonExampleMap
[2026.06.05-07.38.14:451][604]LogPlayLevel: PIE: StaticDuplicateObject took: (0.007040s)
[2026.06.05-07.38.14:452][604]LogAIModule: Creating AISystem for world ThirdPersonExampleMap
[2026.06.05-07.38.14:452][604]LogPlayLevel: PIE: World Init took: (0.000909s)
[2026.06.05-07.38.14:452][604]LogPlayLevel: PIE: Created PIE world by copying editor world from /Game/ThirdPersonBP/Maps/ThirdPersonExampleMap.ThirdPersonExampleMap to /Game/ThirdPersonBP/Maps/UEDPIE_0_ThirdPersonExampleMap.ThirdPersonExampleMap (0.008082s)
[2026.06.05-07.38.14:466][604]LogUObjectHash: Compacting FUObjectHashTables data took   1.16ms
[2026.06.05-07.38.14:467][604]LogAudio: Display: Creating Audio Device:                 Id: 5, Scope: Unique, Realtime: True
[2026.06.05-07.38.14:467][604]LogAudioMixer: Display: Audio Mixer Platform Settings:
[2026.06.05-07.38.14:467][604]LogAudioMixer: Display: 	Sample Rate:						  48000
[2026.06.05-07.38.14:467][604]LogAudioMixer: Display: 	Callback Buffer Frame Size Requested: 1024
[2026.06.05-07.38.14:467][604]LogAudioMixer: Display: 	Callback Buffer Frame Size To Use:	  1024
[2026.06.05-07.38.14:467][604]LogAudioMixer: Display: 	Number of buffers to queue:			  2
[2026.06.05-07.38.14:467][604]LogAudioMixer: Display: 	Max Channels (voices):				  32
[2026.06.05-07.38.14:467][604]LogAudioMixer: Display: 	Number of Async Source Workers:		  0
[2026.06.05-07.38.14:467][604]LogAudio: Display: AudioDevice MaxSources: 32
[2026.06.05-07.38.14:467][604]LogAudio: Display: Audio Spatialization Plugin: None (built-in).
[2026.06.05-07.38.14:467][604]LogAudio: Display: Audio Reverb Plugin: None (built-in).
[2026.06.05-07.38.14:467][604]LogAudio: Display: Audio Occlusion Plugin: None (built-in).
[2026.06.05-07.38.14:467][604]LogAudioMixer: Display: Initializing audio mixer.
[2026.06.05-07.38.14:469][604]LogAudioMixer: Display: 0: FrontLeft
[2026.06.05-07.38.14:469][604]LogAudioMixer: Display: 1: FrontRight
[2026.06.05-07.38.14:474][604]LogAudioMixer: Display: Using Audio Device G274F (HD Audio Driver for Display Audio)
[2026.06.05-07.38.14:474][604]LogAudioMixer: Display: Initializing Sound Submixes...
[2026.06.05-07.38.14:474][604]LogAudioMixer: Display: Creating Master Submix 'MasterSubmixDefault'
[2026.06.05-07.38.14:474][604]LogAudioMixer: Display: Creating Master Submix 'MasterReverbSubmixDefault'
[2026.06.05-07.38.14:474][604]LogAudioMixer: Display: Creating Master Submix 'MasterEQSubmixDefault'
[2026.06.05-07.38.14:474][604]LogAudioMixer: FMixerPlatformXAudio2::StartAudioStream() called
[2026.06.05-07.38.14:474][604]LogAudioMixer: Display: Output buffers initialized: Frames=1024, Channels=2, Samples=2048
[2026.06.05-07.38.14:475][604]LogAudioMixer: Display: Starting AudioMixerPlatformInterface::RunInternal()
[2026.06.05-07.38.14:475][604]LogAudioMixer: Display: FMixerPlatformXAudio2::SubmitBuffer() called for the first time
[2026.06.05-07.38.14:475][604]LogInit: FAudioDevice initialized.
[2026.06.05-07.38.14:475][604]LogAudio: Display: Audio Device (ID: 5) registered with world 'ThirdPersonExampleMap'.
[2026.06.05-07.38.14:483][604]LogLoad: Game class is 'ALS_GameMode_C'
[2026.06.05-07.38.14:484][604]LogWorld: Bringing World /Game/ThirdPersonBP/Maps/UEDPIE_0_ThirdPersonExampleMap.ThirdPersonExampleMap up for play (max tick rate 0) at 2026.06.05-16.38.14
[2026.06.05-07.38.14:484][604]LogWorld: Bringing up level for play took: 0.000648
[2026.06.05-07.38.14:485][604]LogOnline: OSS: Creating online subsystem instance for: :Context_14
[2026.06.05-07.38.14:487][604]PIE: Server logged in
[2026.06.05-07.38.14:487][604]PIE: Play in editor total start time 0.044 seconds.
[2026.06.05-07.38.14:487][604]LogBlueprintUserMessages: [ALS_Base_CharacterBP_C_0] Floor
[2026.06.05-07.38.14:506][605]LogBlueprintUserMessages: [ALS_Base_CharacterBP_C_0] Floor
[2026.06.05-07.38.14:514][606]LogBlueprintUserMessages: [ALS_Base_CharacterBP_C_0] Floor
[2026.06.05-07.38.14:522][607]LogBlueprintUserMessages: [ALS_Base_CharacterBP_C_0] Floor
[2026.06.05-07.38.14:531][608]LogBlueprintUserMessages: [ALS_Base_CharacterBP_C_0] Floor
[2026.06.05-07.38.14:542][609]LogBlueprintUserMessages: [ALS_Base_CharacterBP_C_0] Floor
[2026.06.05-07.38.14:551][610]LogBlueprintUserMessages: [ALS_Base_CharacterBP_C_0] Floor
[2026.06.05-07.38.14:560][611]LogBlueprintUserMessages: [ALS_Base_CharacterBP_C_0] Floor
[2026.06.05-07.38.14:567][612]LogBlueprintUserMessages: [ALS_Base_CharacterBP_C_0] Floor
[2026.06.05-07.38.14:576][613]LogBlueprintUserMessages: [ALS_Base_CharacterBP_C_0] Floor
[2026.06.05-07.38.14:583][614]LogBlueprintUserMessages: [ALS_Base_CharacterBP_C_0] Floor
[2026.06.05-07.38.14:592][615]LogBlueprintUserMessages: [ALS_Base_CharacterBP_C_0] Floor
[2026.06.05-07.38.14:601][616]LogBlueprintUserMessages: [ALS_Base_CharacterBP_C_0] Floor
[2026.06.05-07.38.14:609][617]LogBlueprintUserMessages: [ALS_Base_CharacterBP_C_0] Floor
[2026.06.05-07.38.14:617][618]LogBlueprintUserMessages: [ALS_Base_CharacterBP_C_0] Floor
[2026.06.05-07.38.14:626][619]LogBlueprintUserMessages: [ALS_Base_CharacterBP_C_0] Floor
[2026.06.05-07.38.14:634][620]LogBlueprintUserMessages: [ALS_Base_CharacterBP_C_0] Floor
[2026.06.05-07.38.14:642][621]LogBlueprintUserMessages: [ALS_Base_CharacterBP_C_0] Floor
[2026.06.05-07.38.14:651][622]LogBlueprintUserMessages: [ALS_Base_CharacterBP_C_0] Floor
[2026.06.05-07.38.14:659][623]LogBlueprintUserMessages: [ALS_Base_CharacterBP_C_0] Floor
[2026.06.05-07.38.14:667][624]LogBlueprintUserMessages: [ALS_Base_CharacterBP_C_0] Floor
[2026.06.05-07.38.14:675][625]LogBlueprintUserMessages: [ALS_Base_CharacterBP_C_0] Floor
[2026.06.05-07.38.14:683][626]LogBlueprintUserMessages: [ALS_Base_CharacterBP_C_0] Floor
[2026.06.05-07.38.14:693][627]LogBlueprintUserMessages: [ALS_Base_CharacterBP_C_0] Floor
[2026.06.05-07.38.14:701][628]LogBlueprintUserMessages: [ALS_Base_CharacterBP_C_0] Floor
[2026.06.05-07.38.14:708][629]LogBlueprintUserMessages: [ALS_Base_CharacterBP_C_0] Floor
[2026.06.05-07.38.14:719][630]LogBlueprintUserMessages: [ALS_Base_CharacterBP_C_0] Floor
[2026.06.05-07.38.14:726][631]LogBlueprintUserMessages: [ALS_Base_CharacterBP_C_0] Floor
[2026.06.05-07.38.14:734][632]LogBlueprintUserMessages: [ALS_Base_CharacterBP_C_0] Floor
[2026.06.05-07.38.14:743][633]LogBlueprintUserMessages: [ALS_Base_CharacterBP_C_0] Floor
[2026.06.05-07.38.14:751][634]LogBlueprintUserMessages: [ALS_Base_CharacterBP_C_0] Floor
[2026.06.05-07.38.14:760][635]LogBlueprintUserMessages: [ALS_Base_CharacterBP_C_0] Floor
[2026.06.05-07.38.14:767][636]LogBlueprintUserMessages: [ALS_Base_CharacterBP_C_0] Floor
[2026.06.05-07.38.14:776][637]LogBlueprintUserMessages: [ALS_Base_CharacterBP_C_0] Floor
[2026.06.05-07.38.14:784][638]LogBlueprintUserMessages: [ALS_Base_CharacterBP_C_0] Floor
[2026.06.05-07.38.14:793][639]LogBlueprintUserMessages: [ALS_Base_CharacterBP_C_0] Floor
[2026.06.05-07.38.14:801][640]LogBlueprintUserMessages: [ALS_Base_CharacterBP_C_0] Floor
[2026.06.05-07.38.14:809][641]LogBlueprintUserMessages: [ALS_Base_CharacterBP_C_0] Floor
[2026.06.05-07.38.14:817][642]LogBlueprintUserMessages: [ALS_Base_CharacterBP_C_0] Floor
[2026.06.05-07.38.14:825][643]LogBlueprintUserMessages: [ALS_Base_CharacterBP_C_0] Floor
[2026.06.05-07.38.14:834][644]LogBlueprintUserMessages: [ALS_Base_CharacterBP_C_0] Floor
[2026.06.05-07.38.14:842][645]LogBlueprintUserMessages: [ALS_Base_CharacterBP_C_0] Floor
[2026.06.05-07.38.14:851][646]LogBlueprintUserMessages: [ALS_Base_CharacterBP_C_0] Floor
[2026.06.05-07.38.14:859][647]LogBlueprintUserMessages: [ALS_Base_CharacterBP_C_0] Floor
[2026.06.05-07.38.14:867][648]LogBlueprintUserMessages: [ALS_Base_CharacterBP_C_0] Floor
[2026.06.05-07.38.14:876][649]LogBlueprintUserMessages: [ALS_Base_CharacterBP_C_0] Floor
[2026.06.05-07.38.14:884][650]LogBlueprintUserMessages: [ALS_Base_CharacterBP_C_0] Floor
[2026.06.05-07.38.14:892][651]LogBlueprintUserMessages: [ALS_Base_CharacterBP_C_0] Floor
[2026.06.05-07.38.14:901][652]LogBlueprintUserMessages: [ALS_Base_CharacterBP_C_0] Floor
[2026.06.05-07.38.14:909][653]LogBlueprintUserMessages: [ALS_Base_CharacterBP_C_0] Floor
[2026.06.05-07.38.14:917][654]LogBlueprintUserMessages: [ALS_Base_CharacterBP_C_0] Floor
[2026.06.05-07.38.14:925][655]LogBlueprintUserMessages: [ALS_Base_CharacterBP_C_0] Floor
[2026.06.05-07.38.14:933][656]LogBlueprintUserMessages: [ALS_Base_CharacterBP_C_0] Floor
[2026.06.05-07.38.14:942][657]LogBlueprintUserMessages: [ALS_Base_CharacterBP_C_0] Floor
[2026.06.05-07.38.14:950][658]LogBlueprintUserMessages: [ALS_Base_CharacterBP_C_0] Floor
[2026.06.05-07.38.14:958][659]LogBlueprintUserMessages: [ALS_Base_CharacterBP_C_0] Floor
[2026.06.05-07.38.14:967][660]LogBlueprintUserMessages: [ALS_Base_CharacterBP_C_0] Floor
[2026.06.05-07.38.14:976][661]LogBlueprintUserMessages: [ALS_Base_CharacterBP_C_0] Floor
[2026.06.05-07.38.14:984][662]LogBlueprintUserMessages: [ALS_Base_CharacterBP_C_0] Floor
[2026.06.05-07.38.14:992][663]LogBlueprintUserMessages: [ALS_Base_CharacterBP_C_0] Floor
[2026.06.05-07.38.15:001][664]LogBlueprintUserMessages: [ALS_Base_CharacterBP_C_0] Floor
[2026.06.05-07.38.15:010][665]LogBlueprintUserMessages: [ALS_Base_CharacterBP_C_0] Floor
[2026.06.05-07.38.15:017][666]LogBlueprintUserMessages: [ALS_Base_CharacterBP_C_0] Floor
[2026.06.05-07.38.15:026][667]LogBlueprintUserMessages: [ALS_Base_CharacterBP_C_0] Floor
[2026.06.05-07.38.15:034][668]LogBlueprintUserMessages: [ALS_Base_CharacterBP_C_0] Floor
[2026.06.05-07.38.15:042][669]LogBlueprintUserMessages: [ALS_Base_CharacterBP_C_0] Floor
[2026.06.05-07.38.15:051][670]LogBlueprintUserMessages: [ALS_Base_CharacterBP_C_0] Floor
[2026.06.05-07.38.15:059][671]LogBlueprintUserMessages: [ALS_Base_CharacterBP_C_0] Floor
[2026.06.05-07.38.15:068][672]LogBlueprintUserMessages: [ALS_Base_CharacterBP_C_0] Floor
[2026.06.05-07.38.15:076][673]LogBlueprintUserMessages: [ALS_Base_CharacterBP_C_0] Floor
[2026.06.05-07.38.15:084][674]LogBlueprintUserMessages: [ALS_Base_CharacterBP_C_0] Floor
[2026.06.05-07.38.15:092][675]LogBlueprintUserMessages: [ALS_Base_CharacterBP_C_0] Floor
[2026.06.05-07.38.15:101][676]LogBlueprintUserMessages: [ALS_Base_CharacterBP_C_0] Floor
[2026.06.05-07.38.15:109][677]LogBlueprintUserMessages: [ALS_Base_CharacterBP_C_0] Floor
[2026.06.05-07.38.15:117][678]LogBlueprintUserMessages: [ALS_Base_CharacterBP_C_0] Floor
[2026.06.05-07.38.15:125][679]LogBlueprintUserMessages: [ALS_Base_CharacterBP_C_0] Floor
[2026.06.05-07.38.15:135][680]LogBlueprintUserMessages: [ALS_Base_CharacterBP_C_0] Floor
[2026.06.05-07.38.15:142][681]LogBlueprintUserMessages: [ALS_Base_CharacterBP_C_0] Floor
[2026.06.05-07.38.15:151][682]LogBlueprintUserMessages: [ALS_Base_CharacterBP_C_0] Floor
[2026.06.05-07.38.15:159][683]LogBlueprintUserMessages: [ALS_Base_CharacterBP_C_0] Floor
[2026.06.05-07.38.15:167][684]LogBlueprintUserMessages: [ALS_Base_CharacterBP_C_0] Floor
[2026.06.05-07.38.15:176][685]LogBlueprintUserMessages: [ALS_Base_CharacterBP_C_0] Floor
[2026.06.05-07.38.15:184][686]LogBlueprintUserMessages: [ALS_Base_CharacterBP_C_0] Floor
[2026.06.05-07.38.15:192][687]LogBlueprintUserMessages: [ALS_Base_CharacterBP_C_0] Floor
[2026.06.05-07.38.15:201][688]LogBlueprintUserMessages: [ALS_Base_CharacterBP_C_0] Floor
[2026.06.05-07.38.15:209][689]LogBlueprintUserMessages: [ALS_Base_CharacterBP_C_0] Floor
[2026.06.05-07.38.15:217][690]LogBlueprintUserMessages: [ALS_Base_CharacterBP_C_0] Floor
[2026.06.05-07.38.15:226][691]LogBlueprintUserMessages: [ALS_Base_CharacterBP_C_0] Floor
[2026.06.05-07.38.15:234][692]LogBlueprintUserMessages: [ALS_Base_CharacterBP_C_0] Floor
[2026.06.05-07.38.15:242][693]LogBlueprintUserMessages: [ALS_Base_CharacterBP_C_0] Floor
[2026.06.05-07.38.15:250][694]LogBlueprintUserMessages: [ALS_Base_CharacterBP_C_0] Floor
[2026.06.05-07.38.15:258][695]LogBlueprintUserMessages: [ALS_Base_CharacterBP_C_0] Floor
[2026.06.05-07.38.15:267][696]LogBlueprintUserMessages: [ALS_Base_CharacterBP_C_0] Floor
[2026.06.05-07.38.15:276][697]LogBlueprintUserMessages: [ALS_Base_CharacterBP_C_0] Floor
[2026.06.05-07.38.15:283][698]LogBlueprintUserMessages: [ALS_Base_CharacterBP_C_0] Floor
[2026.06.05-07.38.15:292][699]LogBlueprintUserMessages: [ALS_Base_CharacterBP_C_0] Floor
[2026.06.05-07.38.15:300][700]LogBlueprintUserMessages: [ALS_Base_CharacterBP_C_0] Floor
[2026.06.05-07.38.15:309][701]LogBlueprintUserMessages: [ALS_Base_CharacterBP_C_0] Floor
[2026.06.05-07.38.15:316][702]LogBlueprintUserMessages: [ALS_Base_CharacterBP_C_0] Floor
[2026.06.05-07.38.15:325][703]LogBlueprintUserMessages: [ALS_Base_CharacterBP_C_0] Floor
[2026.06.05-07.38.15:333][704]LogBlueprintUserMessages: [ALS_Base_CharacterBP_C_0] Floor
[2026.06.05-07.38.15:342][705]LogBlueprintUserMessages: [ALS_Base_CharacterBP_C_0] Floor
[2026.06.05-07.38.15:351][706]LogBlueprintUserMessages: [ALS_Base_CharacterBP_C_0] Floor
[2026.06.05-07.38.15:359][707]LogBlueprintUserMessages: [ALS_Base_CharacterBP_C_0] Floor
[2026.06.05-07.38.15:367][708]LogBlueprintUserMessages: [ALS_Base_CharacterBP_C_0] Floor
[2026.06.05-07.38.15:375][709]LogBlueprintUserMessages: [ALS_Base_CharacterBP_C_0] Floor
[2026.06.05-07.38.15:384][710]LogBlueprintUserMessages: [ALS_Base_CharacterBP_C_0] Floor
[2026.06.05-07.38.15:392][711]LogBlueprintUserMessages: [ALS_Base_CharacterBP_C_0] Floor
[2026.06.05-07.38.15:399][712]LogBlueprintUserMessages: [ALS_Base_CharacterBP_C_0] Floor
[2026.06.05-07.38.15:409][713]LogBlueprintUserMessages: [ALS_Base_CharacterBP_C_0] Floor
[2026.06.05-07.38.15:417][714]LogBlueprintUserMessages: [ALS_Base_CharacterBP_C_0] Floor
[2026.06.05-07.38.15:425][715]LogBlueprintUserMessages: [ALS_Base_CharacterBP_C_0] Floor
[2026.06.05-07.38.15:434][716]LogBlueprintUserMessages: [ALS_Base_CharacterBP_C_0] Floor
[2026.06.05-07.38.15:442][717]LogBlueprintUserMessages: [ALS_Base_CharacterBP_C_0] Floor
[2026.06.05-07.38.15:449][718]LogBlueprintUserMessages: [ALS_Base_CharacterBP_C_0] Floor
[2026.06.05-07.38.15:459][719]LogBlueprintUserMessages: [ALS_Base_CharacterBP_C_0] Floor
[2026.06.05-07.38.15:467][720]LogBlueprintUserMessages: [ALS_Base_CharacterBP_C_0] Floor
[2026.06.05-07.38.15:476][721]LogBlueprintUserMessages: [ALS_Base_CharacterBP_C_0] Floor
[2026.06.05-07.38.15:484][722]LogBlueprintUserMessages: [ALS_Base_CharacterBP_C_0] Floor
[2026.06.05-07.38.15:492][723]LogBlueprintUserMessages: [ALS_Base_CharacterBP_C_0] Floor
[2026.06.05-07.38.15:501][724]LogBlueprintUserMessages: [ALS_Base_CharacterBP_C_0] Floor
[2026.06.05-07.38.15:509][725]LogBlueprintUserMessages: [ALS_Base_CharacterBP_C_0] Floor
[2026.06.05-07.38.15:516][726]LogBlueprintUserMessages: [ALS_Base_CharacterBP_C_0] Floor
[2026.06.05-07.38.16:109][797]LogBlueprintUserMessages: [ALS_Base_CharacterBP_C_0] Floor
[2026.06.05-07.38.16:117][798]LogBlueprintUserMessages: [ALS_Base_CharacterBP_C_0] Floor
[2026.06.05-07.38.16:126][799]LogBlueprintUserMessages: [ALS_Base_CharacterBP_C_0] Floor
[2026.06.05-07.38.16:133][800]LogBlueprintUserMessages: [ALS_Base_CharacterBP_C_0] Floor
[2026.06.05-07.38.16:142][801]LogBlueprintUserMessages: [ALS_Base_CharacterBP_C_0] Floor
[2026.06.05-07.38.16:151][802]LogBlueprintUserMessages: [ALS_Base_CharacterBP_C_0] Floor
[2026.06.05-07.38.16:159][803]LogBlueprintUserMessages: [ALS_Base_CharacterBP_C_0] Floor
[2026.06.05-07.38.16:167][804]LogBlueprintUserMessages: [ALS_Base_CharacterBP_C_0] Floor
[2026.06.05-07.38.16:175][805]LogBlueprintUserMessages: [ALS_Base_CharacterBP_C_0] Floor
[2026.06.05-07.38.16:184][806]LogBlueprintUserMessages: [ALS_Base_CharacterBP_C_0] Floor
[2026.06.05-07.38.16:191][807]LogBlueprintUserMessages: [ALS_Base_CharacterBP_C_0] Floor
[2026.06.05-07.38.16:200][808]LogBlueprintUserMessages: [ALS_Base_CharacterBP_C_0] Floor
[2026.06.05-07.38.16:209][809]LogBlueprintUserMessages: [ALS_Base_CharacterBP_C_0] Floor
[2026.06.05-07.38.16:217][810]LogBlueprintUserMessages: [ALS_Base_CharacterBP_C_0] Floor
[2026.06.05-07.38.16:226][811]LogBlueprintUserMessages: [ALS_Base_CharacterBP_C_0] Floor
[2026.06.05-07.38.16:234][812]LogBlueprintUserMessages: [ALS_Base_CharacterBP_C_0] Floor
[2026.06.05-07.38.16:242][813]LogBlueprintUserMessages: [ALS_Base_CharacterBP_C_0] Floor
[2026.06.05-07.38.16:251][814]LogBlueprintUserMessages: [ALS_Base_CharacterBP_C_0] Floor
[2026.06.05-07.38.16:259][815]LogBlueprintUserMessages: [ALS_Base_CharacterBP_C_0] Floor
[2026.06.05-07.38.16:266][816]LogBlueprintUserMessages: [ALS_Base_CharacterBP_C_0] Floor
[2026.06.05-07.38.16:275][817]LogBlueprintUserMessages: [ALS_Base_CharacterBP_C_0] Floor
[2026.06.05-07.38.16:284][818]LogBlueprintUserMessages: [ALS_Base_CharacterBP_C_0] Floor
[2026.06.05-07.38.16:292][819]LogBlueprintUserMessages: [ALS_Base_CharacterBP_C_0] Floor
[2026.06.05-07.38.16:300][820]LogBlueprintUserMessages: [ALS_Base_CharacterBP_C_0] Floor
[2026.06.05-07.38.16:309][821]LogBlueprintUserMessages: [ALS_Base_CharacterBP_C_0] Floor
[2026.06.05-07.38.16:317][822]LogBlueprintUserMessages: [ALS_Base_CharacterBP_C_0] Floor
[2026.06.05-07.38.16:326][823]LogBlueprintUserMessages: [ALS_Base_CharacterBP_C_0] Floor
[2026.06.05-07.38.16:334][824]LogBlueprintUserMessages: [ALS_Base_CharacterBP_C_0] Floor
[2026.06.05-07.38.16:342][825]LogBlueprintUserMessages: [ALS_Base_CharacterBP_C_0] Floor
[2026.06.05-07.38.16:349][826]LogBlueprintUserMessages: [ALS_Base_CharacterBP_C_0] Floor
[2026.06.05-07.38.16:359][827]LogBlueprintUserMessages: [ALS_Base_CharacterBP_C_0] Floor
[2026.06.05-07.38.16:367][828]LogBlueprintUserMessages: [ALS_Base_CharacterBP_C_0] Floor
[2026.06.05-07.38.16:375][829]LogBlueprintUserMessages: [ALS_Base_CharacterBP_C_0] Floor
[2026.06.05-07.38.16:383][830]LogBlueprintUserMessages: [ALS_Base_CharacterBP_C_0] Floor
[2026.06.05-07.38.16:392][831]LogBlueprintUserMessages: [ALS_Base_CharacterBP_C_0] Floor
[2026.06.05-07.38.16:400][832]LogBlueprintUserMessages: [ALS_Base_CharacterBP_C_0] Floor
[2026.06.05-07.38.16:408][833]LogBlueprintUserMessages: [ALS_Base_CharacterBP_C_0] Floor
[2026.06.05-07.38.16:417][834]LogBlueprintUserMessages: [ALS_Base_CharacterBP_C_0] Floor
[2026.06.05-07.38.16:426][835]LogBlueprintUserMessages: [ALS_Base_CharacterBP_C_0] Floor
[2026.06.05-07.38.16:435][836]LogBlueprintUserMessages: [ALS_Base_CharacterBP_C_0] Floor
[2026.06.05-07.38.16:444][837]LogBlueprintUserMessages: [ALS_Base_CharacterBP_C_0] Floor
[2026.06.05-07.38.16:452][838]LogBlueprintUserMessages: [ALS_Base_CharacterBP_C_0] Floor
[2026.06.05-07.38.16:460][839]LogBlueprintUserMessages: [ALS_Base_CharacterBP_C_0] Floor
[2026.06.05-07.38.16:468][840]LogBlueprintUserMessages: [ALS_Base_CharacterBP_C_0] Floor
[2026.06.05-07.38.16:476][841]LogBlueprintUserMessages: [ALS_Base_CharacterBP_C_0] Floor
[2026.06.05-07.38.16:485][842]LogBlueprintUserMessages: [ALS_Base_CharacterBP_C_0] Floor
[2026.06.05-07.38.16:494][843]LogBlueprintUserMessages: [ALS_Base_CharacterBP_C_0] Floor
[2026.06.05-07.38.16:501][844]LogBlueprintUserMessages: [ALS_Base_CharacterBP_C_0] Floor
[2026.06.05-07.38.16:509][845]LogBlueprintUserMessages: [ALS_Base_CharacterBP_C_0] Floor
[2026.06.05-07.38.16:518][846]LogBlueprintUserMessages: [ALS_Base_CharacterBP_C_0] Floor
[2026.06.05-07.38.16:526][847]LogBlueprintUserMessages: [ALS_Base_CharacterBP_C_0] Floor
[2026.06.05-07.38.16:534][848]LogBlueprintUserMessages: [ALS_Base_CharacterBP_C_0] Floor
[2026.06.05-07.38.16:543][849]LogBlueprintUserMessages: [ALS_Base_CharacterBP_C_0] Floor
[2026.06.05-07.38.16:551][850]LogBlueprintUserMessages: [ALS_Base_CharacterBP_C_0] Floor
[2026.06.05-07.38.16:559][851]LogBlueprintUserMessages: [ALS_Base_CharacterBP_C_0] Floor
[2026.06.05-07.38.16:568][852]LogBlueprintUserMessages: [ALS_Base_CharacterBP_C_0] Floor
[2026.06.05-07.38.16:576][853]LogBlueprintUserMessages: [ALS_Base_CharacterBP_C_0] Floor
[2026.06.05-07.38.16:584][854]LogBlueprintUserMessages: [ALS_Base_CharacterBP_C_0] Floor
[2026.06.05-07.38.16:593][855]LogBlueprintUserMessages: [ALS_Base_CharacterBP_C_0] Floor
[2026.06.05-07.38.16:602][856]LogBlueprintUserMessages: [ALS_Base_CharacterBP_C_0] Floor
[2026.06.05-07.38.16:610][857]LogBlueprintUserMessages: [ALS_Base_CharacterBP_C_0] Floor
[2026.06.05-07.38.16:618][858]LogBlueprintUserMessages: [ALS_Base_CharacterBP_C_0] Floor
[2026.06.05-07.38.16:627][859]LogBlueprintUserMessages: [ALS_Base_CharacterBP_C_0] Floor
[2026.06.05-07.38.16:635][860]LogBlueprintUserMessages: [ALS_Base_CharacterBP_C_0] Floor
[2026.06.05-07.38.16:643][861]LogBlueprintUserMessages: [ALS_Base_CharacterBP_C_0] Floor
[2026.06.05-07.38.16:652][862]LogBlueprintUserMessages: [ALS_Base_CharacterBP_C_0] Floor
[2026.06.05-07.38.16:660][863]LogBlueprintUserMessages: [ALS_Base_CharacterBP_C_0] Floor
[2026.06.05-07.38.16:668][864]LogBlueprintUserMessages: [ALS_Base_CharacterBP_C_0] Floor
[2026.06.05-07.38.16:677][865]LogBlueprintUserMessages: [ALS_Base_CharacterBP_C_0] Floor
[2026.06.05-07.38.16:684][866]LogBlueprintUserMessages: [ALS_Base_CharacterBP_C_0] Floor
[2026.06.05-07.38.16:693][867]LogBlueprintUserMessages: [ALS_Base_CharacterBP_C_0] Floor
[2026.06.05-07.38.16:701][868]LogBlueprintUserMessages: [ALS_Base_CharacterBP_C_0] Floor
[2026.06.05-07.38.16:709][869]LogBlueprintUserMessages: [ALS_Base_CharacterBP_C_0] Floor
[2026.06.05-07.38.16:718][870]LogBlueprintUserMessages: [ALS_Base_CharacterBP_C_0] Floor
[2026.06.05-07.38.16:726][871]LogBlueprintUserMessages: [ALS_Base_CharacterBP_C_0] Floor
[2026.06.05-07.38.16:735][872]LogBlueprintUserMessages: [ALS_Base_CharacterBP_C_0] Floor
[2026.06.05-07.38.16:743][873]LogBlueprintUserMessages: [ALS_Base_CharacterBP_C_0] Floor
[2026.06.05-07.38.16:751][874]LogBlueprintUserMessages: [ALS_Base_CharacterBP_C_0] Floor
[2026.06.05-07.38.16:760][875]LogBlueprintUserMessages: [ALS_Base_CharacterBP_C_0] Floor
[2026.06.05-07.38.16:768][876]LogBlueprintUserMessages: [ALS_Base_CharacterBP_C_0] Floor
[2026.06.05-07.38.16:777][877]LogBlueprintUserMessages: [ALS_Base_CharacterBP_C_0] Floor
[2026.06.05-07.38.16:784][878]LogBlueprintUserMessages: [ALS_Base_CharacterBP_C_0] Floor
[2026.06.05-07.38.16:793][879]LogBlueprintUserMessages: [ALS_Base_CharacterBP_C_0] Floor
[2026.06.05-07.38.16:801][880]LogBlueprintUserMessages: [ALS_Base_CharacterBP_C_0] Floor
[2026.06.05-07.38.16:809][881]LogBlueprintUserMessages: [ALS_Base_CharacterBP_C_0] Floor
[2026.06.05-07.38.16:818][882]LogBlueprintUserMessages: [ALS_Base_CharacterBP_C_0] Floor
[2026.06.05-07.38.16:826][883]LogBlueprintUserMessages: [ALS_Base_CharacterBP_C_0] Floor
[2026.06.05-07.38.16:835][884]LogBlueprintUserMessages: [ALS_Base_CharacterBP_C_0] Floor
[2026.06.05-07.38.16:842][885]LogBlueprintUserMessages: [ALS_Base_CharacterBP_C_0] Floor
[2026.06.05-07.38.16:851][886]LogBlueprintUserMessages: [ALS_Base_CharacterBP_C_0] Floor
[2026.06.05-07.38.16:859][887]LogBlueprintUserMessages: [ALS_Base_CharacterBP_C_0] Floor
[2026.06.05-07.38.16:868][888]LogBlueprintUserMessages: [ALS_Base_CharacterBP_C_0] Floor
[2026.06.05-07.38.16:877][889]LogBlueprintUserMessages: [ALS_Base_CharacterBP_C_0] Floor
[2026.06.05-07.38.16:885][890]LogBlueprintUserMessages: [ALS_Base_CharacterBP_C_0] Floor
[2026.06.05-07.38.16:893][891]LogBlueprintUserMessages: [ALS_Base_CharacterBP_C_0] Floor
[2026.06.05-07.38.16:902][892]LogBlueprintUserMessages: [ALS_Base_CharacterBP_C_0] Floor
[2026.06.05-07.38.16:910][893]LogBlueprintUserMessages: [ALS_Base_CharacterBP_C_0] Floor
[2026.06.05-07.38.16:918][894]LogBlueprintUserMessages: [ALS_Base_CharacterBP_C_0] Floor
[2026.06.05-07.38.16:927][895]LogBlueprintUserMessages: [ALS_Base_CharacterBP_C_0] Floor
[2026.06.05-07.38.16:935][896]LogBlueprintUserMessages: [ALS_Base_CharacterBP_C_0] Floor
[2026.06.05-07.38.16:943][897]LogBlueprintUserMessages: [ALS_Base_CharacterBP_C_0] Floor
[2026.06.05-07.38.16:951][898]LogBlueprintUserMessages: [ALS_Base_CharacterBP_C_0] Floor
[2026.06.05-07.38.16:959][899]LogBlueprintUserMessages: [ALS_Base_CharacterBP_C_0] Floor
[2026.06.05-07.38.16:968][900]LogBlueprintUserMessages: [ALS_Base_CharacterBP_C_0] Floor
[2026.06.05-07.38.16:976][901]LogBlueprintUserMessages: [ALS_Base_CharacterBP_C_0] Floor
[2026.06.05-07.38.16:984][902]LogBlueprintUserMessages: [ALS_Base_CharacterBP_C_0] Floor
[2026.06.05-07.38.16:993][903]LogBlueprintUserMessages: [ALS_Base_CharacterBP_C_0] Floor
[2026.06.05-07.38.17:001][904]LogBlueprintUserMessages: [ALS_Base_CharacterBP_C_0] Floor
[2026.06.05-07.38.17:009][905]LogBlueprintUserMessages: [ALS_Base_CharacterBP_C_0] Floor
[2026.06.05-07.38.17:018][906]LogBlueprintUserMessages: [ALS_Base_CharacterBP_C_0] Floor
[2026.06.05-07.38.17:026][907]LogBlueprintUserMessages: [ALS_Base_CharacterBP_C_0] Floor
[2026.06.05-07.38.17:035][908]LogBlueprintUserMessages: [ALS_Base_CharacterBP_C_0] Floor
[2026.06.05-07.38.17:043][909]LogBlueprintUserMessages: [ALS_Base_CharacterBP_C_0] Floor
[2026.06.05-07.38.17:052][910]LogBlueprintUserMessages: [ALS_Base_CharacterBP_C_0] Floor
[2026.06.05-07.38.17:060][911]LogBlueprintUserMessages: [ALS_Base_CharacterBP_C_0] Floor
[2026.06.05-07.38.17:068][912]LogBlueprintUserMessages: [ALS_Base_CharacterBP_C_0] Floor
[2026.06.05-07.38.17:076][913]LogBlueprintUserMessages: [ALS_Base_CharacterBP_C_0] Floor
[2026.06.05-07.38.17:084][914]LogBlueprintUserMessages: [ALS_Base_CharacterBP_C_0] Floor
[2026.06.05-07.38.17:093][915]LogBlueprintUserMessages: [ALS_Base_CharacterBP_C_0] Floor
[2026.06.05-07.38.17:101][916]LogBlueprintUserMessages: [ALS_Base_CharacterBP_C_0] Floor
[2026.06.05-07.38.17:109][917]LogBlueprintUserMessages: [ALS_Base_CharacterBP_C_0] Floor
[2026.06.05-07.38.17:119][918]LogBlueprintUserMessages: [ALS_Base_CharacterBP_C_0] Floor
[2026.06.05-07.38.17:126][919]LogBlueprintUserMessages: [ALS_Base_CharacterBP_C_0] Floor
[2026.06.05-07.38.17:135][920]LogBlueprintUserMessages: [ALS_Base_CharacterBP_C_0] Floor
[2026.06.05-07.38.17:143][921]LogBlueprintUserMessages: [ALS_Base_CharacterBP_C_0] Floor
[2026.06.05-07.38.17:152][922]LogBlueprintUserMessages: [ALS_Base_CharacterBP_C_0] Floor
[2026.06.05-07.38.17:159][923]LogBlueprintUserMessages: [ALS_Base_CharacterBP_C_0] Floor
[2026.06.05-07.38.17:168][924]LogBlueprintUserMessages: [ALS_Base_CharacterBP_C_0] Floor
[2026.06.05-07.38.17:176][925]LogBlueprintUserMessages: [ALS_Base_CharacterBP_C_0] Floor
[2026.06.05-07.38.17:184][926]LogBlueprintUserMessages: [ALS_Base_CharacterBP_C_0] Floor
[2026.06.05-07.38.17:193][927]LogBlueprintUserMessages: [ALS_Base_CharacterBP_C_0] Floor
[2026.06.05-07.38.17:201][928]LogBlueprintUserMessages: [ALS_Base_CharacterBP_C_0] Floor
[2026.06.05-07.38.17:209][929]LogBlueprintUserMessages: [ALS_Base_CharacterBP_C_0] Floor
[2026.06.05-07.38.17:218][930]LogBlueprintUserMessages: [ALS_Base_CharacterBP_C_0] Floor
[2026.06.05-07.38.17:226][931]LogBlueprintUserMessages: [ALS_Base_CharacterBP_C_0] Floor
[2026.06.05-07.38.17:235][932]LogBlueprintUserMessages: [ALS_Base_CharacterBP_C_0] Floor
[2026.06.05-07.38.17:243][933]LogBlueprintUserMessages: [ALS_Base_CharacterBP_C_0] Floor
[2026.06.05-07.38.17:252][934]LogBlueprintUserMessages: [ALS_Base_CharacterBP_C_0] Floor
[2026.06.05-07.38.17:260][935]LogBlueprintUserMessages: [ALS_Base_CharacterBP_C_0] Floor
[2026.06.05-07.38.17:268][936]LogBlueprintUserMessages: [ALS_Base_CharacterBP_C_0] Floor
[2026.06.05-07.38.17:277][937]LogBlueprintUserMessages: [ALS_Base_CharacterBP_C_0] Floor
[2026.06.05-07.38.17:284][938]LogBlueprintUserMessages: [ALS_Base_CharacterBP_C_0] Floor
[2026.06.05-07.38.17:293][939]LogBlueprintUserMessages: [ALS_Base_CharacterBP_C_0] Floor
[2026.06.05-07.38.17:301][940]LogBlueprintUserMessages: [ALS_Base_CharacterBP_C_0] Floor
[2026.06.05-07.38.17:309][941]LogBlueprintUserMessages: [ALS_Base_CharacterBP_C_0] Floor
[2026.06.05-07.38.17:318][942]LogBlueprintUserMessages: [ALS_Base_CharacterBP_C_0] Floor
[2026.06.05-07.38.17:327][943]LogBlueprintUserMessages: [ALS_Base_CharacterBP_C_0] Floor
[2026.06.05-07.38.17:335][944]LogBlueprintUserMessages: [ALS_Base_CharacterBP_C_0] Floor
[2026.06.05-07.38.17:343][945]LogBlueprintUserMessages: [ALS_Base_CharacterBP_C_0] Floor
[2026.06.05-07.38.17:352][946]LogBlueprintUserMessages: [ALS_Base_CharacterBP_C_0] Floor
[2026.06.05-07.38.17:360][947]LogBlueprintUserMessages: [ALS_Base_CharacterBP_C_0] Floor
[2026.06.05-07.38.17:368][948]LogBlueprintUserMessages: [ALS_Base_CharacterBP_C_0] Floor
[2026.06.05-07.38.17:377][949]LogBlueprintUserMessages: [ALS_Base_CharacterBP_C_0] Floor
[2026.06.05-07.38.17:385][950]LogBlueprintUserMessages: [ALS_Base_CharacterBP_C_0] Floor
[2026.06.05-07.38.17:393][951]LogBlueprintUserMessages: [ALS_Base_CharacterBP_C_0] Floor
[2026.06.05-07.38.17:402][952]LogBlueprintUserMessages: [ALS_Base_CharacterBP_C_0] Floor
[2026.06.05-07.38.17:410][953]LogBlueprintUserMessages: [ALS_Base_CharacterBP_C_0] Floor
[2026.06.05-07.38.17:418][954]LogBlueprintUserMessages: [ALS_Base_CharacterBP_C_0] Floor
[2026.06.05-07.38.17:427][955]LogBlueprintUserMessages: [ALS_Base_CharacterBP_C_0] Floor
[2026.06.05-07.38.17:434][956]LogBlueprintUserMessages: [ALS_Base_CharacterBP_C_0] Floor
[2026.06.05-07.38.17:443][957]LogBlueprintUserMessages: [ALS_Base_CharacterBP_C_0] Floor
[2026.06.05-07.38.17:452][958]LogBlueprintUserMessages: [ALS_Base_CharacterBP_C_0] Floor
[2026.06.05-07.38.17:460][959]LogBlueprintUserMessages: [ALS_Base_CharacterBP_C_0] Floor
[2026.06.05-07.38.17:468][960]LogBlueprintUserMessages: [ALS_Base_CharacterBP_C_0] Floor
[2026.06.05-07.38.17:477][961]LogBlueprintUserMessages: [ALS_Base_CharacterBP_C_0] Floor
[2026.06.05-07.38.17:485][962]LogBlueprintUserMessages: [ALS_Base_CharacterBP_C_0] Floor
[2026.06.05-07.38.17:493][963]LogBlueprintUserMessages: [ALS_Base_CharacterBP_C_0] Floor
[2026.06.05-07.38.17:502][964]LogBlueprintUserMessages: [ALS_Base_CharacterBP_C_0] Floor
[2026.06.05-07.38.17:510][965]LogBlueprintUserMessages: [ALS_Base_CharacterBP_C_0] Floor
[2026.06.05-07.38.17:519][966]LogBlueprintUserMessages: [ALS_Base_CharacterBP_C_0] Floor
[2026.06.05-07.38.17:527][967]LogBlueprintUserMessages: [ALS_Base_CharacterBP_C_0] Floor
[2026.06.05-07.38.17:535][968]LogBlueprintUserMessages: [ALS_Base_CharacterBP_C_0] Floor
[2026.06.05-07.38.17:543][969]LogBlueprintUserMessages: [ALS_Base_CharacterBP_C_0] Floor
[2026.06.05-07.38.17:551][970]LogBlueprintUserMessages: [ALS_Base_CharacterBP_C_0] Floor
[2026.06.05-07.38.17:560][971]LogBlueprintUserMessages: [ALS_Base_CharacterBP_C_0] Floor
[2026.06.05-07.38.17:568][972]LogBlueprintUserMessages: [ALS_Base_CharacterBP_C_0] Floor
[2026.06.05-07.38.17:577][973]LogBlueprintUserMessages: [ALS_Base_CharacterBP_C_0] Floor
[2026.06.05-07.38.17:585][974]LogBlueprintUserMessages: [ALS_Base_CharacterBP_C_0] Floor
[2026.06.05-07.38.17:593][975]LogBlueprintUserMessages: [ALS_Base_CharacterBP_C_0] Floor
[2026.06.05-07.38.17:602][976]LogBlueprintUserMessages: [ALS_Base_CharacterBP_C_0] Floor
[2026.06.05-07.38.17:610][977]LogBlueprintUserMessages: [ALS_Base_CharacterBP_C_0] Floor
[2026.06.05-07.38.17:618][978]LogBlueprintUserMessages: [ALS_Base_CharacterBP_C_0] Floor
[2026.06.05-07.38.17:627][979]LogBlueprintUserMessages: [ALS_Base_CharacterBP_C_0] Floor
[2026.06.05-07.38.17:634][980]LogBlueprintUserMessages: [ALS_Base_CharacterBP_C_0] Floor
[2026.06.05-07.38.17:643][981]LogBlueprintUserMessages: [ALS_Base_CharacterBP_C_0] Floor
[2026.06.05-07.38.17:652][982]LogBlueprintUserMessages: [ALS_Base_CharacterBP_C_0] Floor
[2026.06.05-07.38.17:660][983]LogBlueprintUserMessages: [ALS_Base_CharacterBP_C_0] Floor
[2026.06.05-07.38.17:668][984]LogBlueprintUserMessages: [ALS_Base_CharacterBP_C_0] Floor
[2026.06.05-07.38.17:676][985]LogBlueprintUserMessages: [ALS_Base_CharacterBP_C_0] Floor
[2026.06.05-07.38.17:685][986]LogBlueprintUserMessages: [ALS_Base_CharacterBP_C_0] Floor
[2026.06.05-07.38.17:693][987]LogBlueprintUserMessages: [ALS_Base_CharacterBP_C_0] Floor
[2026.06.05-07.38.17:702][988]LogBlueprintUserMessages: [ALS_Base_CharacterBP_C_0] Floor
[2026.06.05-07.38.17:710][989]LogBlueprintUserMessages: [ALS_Base_CharacterBP_C_0] Floor
[2026.06.05-07.38.17:718][990]LogBlueprintUserMessages: [ALS_Base_CharacterBP_C_0] Floor
[2026.06.05-07.38.17:727][991]LogBlueprintUserMessages: [ALS_Base_CharacterBP_C_0] Floor
[2026.06.05-07.38.17:735][992]LogBlueprintUserMessages: [ALS_Base_CharacterBP_C_0] Floor
[2026.06.05-07.38.17:743][993]LogBlueprintUserMessages: [ALS_Base_CharacterBP_C_0] Floor
[2026.06.05-07.38.17:751][994]LogBlueprintUserMessages: [ALS_Base_CharacterBP_C_0] Floor
[2026.06.05-07.38.17:759][995]LogBlueprintUserMessages: [ALS_Base_CharacterBP_C_0] Floor
[2026.06.05-07.38.17:768][996]LogBlueprintUserMessages: [ALS_Base_CharacterBP_C_0] Floor
[2026.06.05-07.38.17:776][997]LogBlueprintUserMessages: [ALS_Base_CharacterBP_C_0] Floor
[2026.06.05-07.38.17:784][998]LogBlueprintUserMessages: [ALS_Base_CharacterBP_C_0] Floor
[2026.06.05-07.38.17:793][999]LogBlueprintUserMessages: [ALS_Base_CharacterBP_C_0] Floor
[2026.06.05-07.38.17:801][  0]LogBlueprintUserMessages: [ALS_Base_CharacterBP_C_0] Floor
[2026.06.05-07.38.17:810][  1]LogBlueprintUserMessages: [ALS_Base_CharacterBP_C_0] Floor
[2026.06.05-07.38.17:818][  2]LogBlueprintUserMessages: [ALS_Base_CharacterBP_C_0] Floor
[2026.06.05-07.38.17:827][  3]LogBlueprintUserMessages: [ALS_Base_CharacterBP_C_0] Floor
[2026.06.05-07.38.17:835][  4]LogBlueprintUserMessages: [ALS_Base_CharacterBP_C_0] Floor
[2026.06.05-07.38.17:843][  5]LogBlueprintUserMessages: [ALS_Base_CharacterBP_C_0] Floor
[2026.06.05-07.38.17:852][  6]LogBlueprintUserMessages: [ALS_Base_CharacterBP_C_0] Floor
[2026.06.05-07.38.17:860][  7]LogBlueprintUserMessages: [ALS_Base_CharacterBP_C_0] Floor
[2026.06.05-07.38.17:868][  8]LogBlueprintUserMessages: [ALS_Base_CharacterBP_C_0] Floor
[2026.06.05-07.38.17:876][  9]LogBlueprintUserMessages: [ALS_Base_CharacterBP_C_0] Floor
[2026.06.05-07.38.17:884][ 10]LogBlueprintUserMessages: [ALS_Base_CharacterBP_C_0] Floor
[2026.06.05-07.38.17:893][ 11]LogBlueprintUserMessages: [ALS_Base_CharacterBP_C_0] Floor
[2026.06.05-07.38.17:901][ 12]LogBlueprintUserMessages: [ALS_Base_CharacterBP_C_0] Floor
[2026.06.05-07.38.17:909][ 13]LogBlueprintUserMessages: [ALS_Base_CharacterBP_C_0] Floor
[2026.06.05-07.38.17:918][ 14]LogBlueprintUserMessages: [ALS_Base_CharacterBP_C_0] Floor
[2026.06.05-07.38.17:926][ 15]LogBlueprintUserMessages: [ALS_Base_CharacterBP_C_0] Floor
[2026.06.05-07.38.17:935][ 16]LogBlueprintUserMessages: [ALS_Base_CharacterBP_C_0] Floor
[2026.06.05-07.38.17:943][ 17]LogBlueprintUserMessages: [ALS_Base_CharacterBP_C_0] Floor
[2026.06.05-07.38.17:951][ 18]LogBlueprintUserMessages: [ALS_Base_CharacterBP_C_0] Floor
[2026.06.05-07.38.17:959][ 19]LogBlueprintUserMessages: [ALS_Base_CharacterBP_C_0] Floor
[2026.06.05-07.38.17:968][ 20]LogBlueprintUserMessages: [ALS_Base_CharacterBP_C_0] Floor
[2026.06.05-07.38.17:976][ 21]LogBlueprintUserMessages: [ALS_Base_CharacterBP_C_0] Floor
[2026.06.05-07.38.17:985][ 22]LogBlueprintUserMessages: [ALS_Base_CharacterBP_C_0] Floor
[2026.06.05-07.38.17:993][ 23]LogBlueprintUserMessages: [ALS_Base_CharacterBP_C_0] Floor
[2026.06.05-07.38.18:002][ 24]LogBlueprintUserMessages: [ALS_Base_CharacterBP_C_0] Floor
[2026.06.05-07.38.18:009][ 25]LogBlueprintUserMessages: [ALS_Base_CharacterBP_C_0] Floor
[2026.06.05-07.38.18:019][ 26]LogBlueprintUserMessages: [ALS_Base_CharacterBP_C_0] Floor
[2026.06.05-07.38.18:026][ 27]LogBlueprintUserMessages: [ALS_Base_CharacterBP_C_0] Floor
[2026.06.05-07.38.18:035][ 28]LogBlueprintUserMessages: [ALS_Base_CharacterBP_C_0] Floor
[2026.06.05-07.38.18:043][ 29]LogBlueprintUserMessages: [ALS_Base_CharacterBP_C_0] Floor
[2026.06.05-07.38.18:052][ 30]LogBlueprintUserMessages: [ALS_Base_CharacterBP_C_0] Floor
[2026.06.05-07.38.18:060][ 31]LogBlueprintUserMessages: [ALS_Base_CharacterBP_C_0] Floor
[2026.06.05-07.38.18:068][ 32]LogBlueprintUserMessages: [ALS_Base_CharacterBP_C_0] Floor
[2026.06.05-07.38.18:077][ 33]LogBlueprintUserMessages: [ALS_Base_CharacterBP_C_0] Floor
[2026.06.05-07.38.18:085][ 34]LogBlueprintUserMessages: [ALS_Base_CharacterBP_C_0] Floor
[2026.06.05-07.38.18:093][ 35]LogBlueprintUserMessages: [ALS_Base_CharacterBP_C_0] Floor
[2026.06.05-07.38.18:102][ 36]LogBlueprintUserMessages: [ALS_Base_CharacterBP_C_0] Floor
[2026.06.05-07.38.18:110][ 37]LogBlueprintUserMessages: [ALS_Base_CharacterBP_C_0] Floor
[2026.06.05-07.38.18:118][ 38]LogBlueprintUserMessages: [ALS_Base_CharacterBP_C_0] Floor
[2026.06.05-07.38.18:126][ 39]LogBlueprintUserMessages: [ALS_Base_CharacterBP_C_0] Floor
[2026.06.05-07.38.18:134][ 40]LogBlueprintUserMessages: [ALS_Base_CharacterBP_C_0] Floor
[2026.06.05-07.38.18:143][ 41]LogBlueprintUserMessages: [ALS_Base_CharacterBP_C_0] Floor
[2026.06.05-07.38.18:151][ 42]LogBlueprintUserMessages: [ALS_Base_CharacterBP_C_0] Floor
[2026.06.05-07.38.18:159][ 43]LogBlueprintUserMessages: [ALS_Base_CharacterBP_C_0] Floor
[2026.06.05-07.38.18:168][ 44]LogBlueprintUserMessages: [ALS_Base_CharacterBP_C_0] Floor
[2026.06.05-07.38.18:176][ 45]LogBlueprintUserMessages: [ALS_Base_CharacterBP_C_0] Floor
[2026.06.05-07.38.18:185][ 46]LogBlueprintUserMessages: [ALS_Base_CharacterBP_C_0] Floor
[2026.06.05-07.38.18:193][ 47]LogBlueprintUserMessages: [ALS_Base_CharacterBP_C_0] Floor
[2026.06.05-07.38.18:201][ 48]LogBlueprintUserMessages: [ALS_Base_CharacterBP_C_0] Floor
[2026.06.05-07.38.18:209][ 49]LogBlueprintUserMessages: [ALS_Base_CharacterBP_C_0] Floor
[2026.06.05-07.38.18:218][ 50]LogBlueprintUserMessages: [ALS_Base_CharacterBP_C_0] Floor
[2026.06.05-07.38.18:226][ 51]LogBlueprintUserMessages: [ALS_Base_CharacterBP_C_0] Floor
[2026.06.05-07.38.18:235][ 52]LogBlueprintUserMessages: [ALS_Base_CharacterBP_C_0] Floor
[2026.06.05-07.38.18:243][ 53]LogBlueprintUserMessages: [ALS_Base_CharacterBP_C_0] Floor
[2026.06.05-07.38.18:252][ 54]LogBlueprintUserMessages: [ALS_Base_CharacterBP_C_0] Floor
[2026.06.05-07.38.18:260][ 55]LogBlueprintUserMessages: [ALS_Base_CharacterBP_C_0] Floor
[2026.06.05-07.38.18:268][ 56]LogBlueprintUserMessages: [ALS_Base_CharacterBP_C_0] Floor
[2026.06.05-07.38.18:276][ 57]LogBlueprintUserMessages: [ALS_Base_CharacterBP_C_0] Floor
[2026.06.05-07.38.18:284][ 58]LogBlueprintUserMessages: [ALS_Base_CharacterBP_C_0] Floor
[2026.06.05-07.38.18:293][ 59]LogBlueprintUserMessages: [ALS_Base_CharacterBP_C_0] Floor
[2026.06.05-07.38.18:301][ 60]LogBlueprintUserMessages: [ALS_Base_CharacterBP_C_0] Floor
[2026.06.05-07.38.18:309][ 61]LogBlueprintUserMessages: [ALS_Base_CharacterBP_C_0] Floor
[2026.06.05-07.38.18:318][ 62]LogBlueprintUserMessages: [ALS_Base_CharacterBP_C_0] Floor
[2026.06.05-07.38.18:326][ 63]LogBlueprintUserMessages: [ALS_Base_CharacterBP_C_0] Floor
[2026.06.05-07.38.18:335][ 64]LogBlueprintUserMessages: [ALS_Base_CharacterBP_C_0] Floor
[2026.06.05-07.38.18:343][ 65]LogBlueprintUserMessages: [ALS_Base_CharacterBP_C_0] Floor
[2026.06.05-07.38.18:351][ 66]LogBlueprintUserMessages: [ALS_Base_CharacterBP_C_0] Floor
[2026.06.05-07.38.18:359][ 67]LogBlueprintUserMessages: [ALS_Base_CharacterBP_C_0] Floor
[2026.06.05-07.38.18:368][ 68]LogBlueprintUserMessages: [ALS_Base_CharacterBP_C_0] Floor
[2026.06.05-07.38.18:376][ 69]LogBlueprintUserMessages: [ALS_Base_CharacterBP_C_0] Floor
[2026.06.05-07.38.18:384][ 70]LogBlueprintUserMessages: [ALS_Base_CharacterBP_C_0] Floor
[2026.06.05-07.38.18:393][ 71]LogBlueprintUserMessages: [ALS_Base_CharacterBP_C_0] Floor
[2026.06.05-07.38.18:402][ 72]LogBlueprintUserMessages: [ALS_Base_CharacterBP_C_0] Floor
[2026.06.05-07.38.18:421][ 73]LogBlueprintUserMessages: [ALS_Base_CharacterBP_C_0] Floor
[2026.06.05-07.38.18:427][ 74]LogBlueprintUserMessages: [ALS_Base_CharacterBP_C_0] Floor
[2026.06.05-07.38.18:435][ 75]LogBlueprintUserMessages: [ALS_Base_CharacterBP_C_0] Floor
[2026.06.05-07.38.18:443][ 76]LogBlueprintUserMessages: [ALS_Base_CharacterBP_C_0] Floor
[2026.06.05-07.38.18:451][ 77]LogBlueprintUserMessages: [ALS_Base_CharacterBP_C_0] Floor
[2026.06.05-07.38.18:459][ 78]LogBlueprintUserMessages: [ALS_Base_CharacterBP_C_0] Floor
[2026.06.05-07.38.18:468][ 79]LogBlueprintUserMessages: [ALS_Base_CharacterBP_C_0] Floor
[2026.06.05-07.38.18:477][ 80]LogBlueprintUserMessages: [ALS_Base_CharacterBP_C_0] Floor
[2026.06.05-07.38.18:485][ 81]LogBlueprintUserMessages: [ALS_Base_CharacterBP_C_0] Floor
[2026.06.05-07.38.18:493][ 82]LogBlueprintUserMessages: [ALS_Base_CharacterBP_C_0] Floor
[2026.06.05-07.38.18:502][ 83]LogBlueprintUserMessages: [ALS_Base_CharacterBP_C_0] Floor
[2026.06.05-07.38.18:511][ 84]LogBlueprintUserMessages: [ALS_Base_CharacterBP_C_0] Floor
[2026.06.05-07.38.18:519][ 85]LogBlueprintUserMessages: [ALS_Base_CharacterBP_C_0] Floor
[2026.06.05-07.38.18:527][ 86]LogBlueprintUserMessages: [ALS_Base_CharacterBP_C_0] Floor
[2026.06.05-07.38.18:535][ 87]LogBlueprintUserMessages: [ALS_Base_CharacterBP_C_0] Floor
[2026.06.05-07.38.18:544][ 88]LogBlueprintUserMessages: [ALS_Base_CharacterBP_C_0] Floor
[2026.06.05-07.38.18:551][ 89]LogBlueprintUserMessages: [ALS_Base_CharacterBP_C_0] Floor
[2026.06.05-07.38.18:559][ 90]LogBlueprintUserMessages: [ALS_Base_CharacterBP_C_0] Floor
[2026.06.05-07.38.18:569][ 91]LogBlueprintUserMessages: [ALS_Base_CharacterBP_C_0] Floor
[2026.06.05-07.38.18:577][ 92]LogBlueprintUserMessages: [ALS_Base_CharacterBP_C_0] Floor
[2026.06.05-07.38.18:584][ 93]LogBlueprintUserMessages: [ALS_Base_CharacterBP_C_0] Floor
[2026.06.05-07.38.18:593][ 94]LogBlueprintUserMessages: [ALS_Base_CharacterBP_C_0] Floor
[2026.06.05-07.38.18:601][ 95]LogBlueprintUserMessages: [ALS_Base_CharacterBP_C_0] Floor
[2026.06.05-07.38.18:609][ 96]LogBlueprintUserMessages: [ALS_Base_CharacterBP_C_0] Floor
[2026.06.05-07.38.18:618][ 97]LogBlueprintUserMessages: [ALS_Base_CharacterBP_C_0] Floor
[2026.06.05-07.38.18:626][ 98]LogBlueprintUserMessages: [ALS_Base_CharacterBP_C_0] Floor
[2026.06.05-07.38.18:635][ 99]LogBlueprintUserMessages: [ALS_Base_CharacterBP_C_0] Floor
[2026.06.05-07.38.18:644][100]LogBlueprintUserMessages: [ALS_Base_CharacterBP_C_0] Floor
[2026.06.05-07.38.18:652][101]LogBlueprintUserMessages: [ALS_Base_CharacterBP_C_0] Floor
[2026.06.05-07.38.18:659][102]LogBlueprintUserMessages: [ALS_Base_CharacterBP_C_0] Floor
[2026.06.05-07.38.18:669][103]LogBlueprintUserMessages: [ALS_Base_CharacterBP_C_0] Floor
[2026.06.05-07.38.18:677][104]LogBlueprintUserMessages: [ALS_Base_CharacterBP_C_0] Floor
[2026.06.05-07.38.18:685][105]LogBlueprintUserMessages: [ALS_Base_CharacterBP_C_0] Floor
[2026.06.05-07.38.18:694][106]LogBlueprintUserMessages: [ALS_Base_CharacterBP_C_0] Floor
[2026.06.05-07.38.18:702][107]LogBlueprintUserMessages: [ALS_Base_CharacterBP_C_0] Floor
[2026.06.05-07.38.18:709][108]LogBlueprintUserMessages: [ALS_Base_CharacterBP_C_0] Floor
[2026.06.05-07.38.18:719][109]LogBlueprintUserMessages: [ALS_Base_CharacterBP_C_0] Floor
[2026.06.05-07.38.18:727][110]LogBlueprintUserMessages: [ALS_Base_CharacterBP_C_0] Floor
[2026.06.05-07.38.18:735][111]LogBlueprintUserMessages: [ALS_Base_CharacterBP_C_0] Floor
[2026.06.05-07.38.18:743][112]LogBlueprintUserMessages: [ALS_Base_CharacterBP_C_0] Floor
[2026.06.05-07.38.18:752][113]LogBlueprintUserMessages: [ALS_Base_CharacterBP_C_0] Floor
[2026.06.05-07.38.18:760][114]LogBlueprintUserMessages: [ALS_Base_CharacterBP_C_0] Floor
[2026.06.05-07.38.18:769][115]LogBlueprintUserMessages: [ALS_Base_CharacterBP_C_0] Floor
[2026.06.05-07.38.18:777][116]LogBlueprintUserMessages: [ALS_Base_CharacterBP_C_0] Floor
[2026.06.05-07.38.18:785][117]LogBlueprintUserMessages: [ALS_Base_CharacterBP_C_0] Floor
[2026.06.05-07.38.18:793][118]LogBlueprintUserMessages: [ALS_Base_CharacterBP_C_0] Floor
[2026.06.05-07.38.18:802][119]LogBlueprintUserMessages: [ALS_Base_CharacterBP_C_0] Floor
[2026.06.05-07.38.18:810][120]LogBlueprintUserMessages: [ALS_Base_CharacterBP_C_0] Floor
[2026.06.05-07.38.18:818][121]LogBlueprintUserMessages: [ALS_Base_CharacterBP_C_0] Floor
[2026.06.05-07.38.18:827][122]LogBlueprintUserMessages: [ALS_Base_CharacterBP_C_0] Floor
[2026.06.05-07.38.18:835][123]LogBlueprintUserMessages: [ALS_Base_CharacterBP_C_0] Floor
[2026.06.05-07.38.18:843][124]LogBlueprintUserMessages: [ALS_Base_CharacterBP_C_0] Floor
[2026.06.05-07.38.18:851][125]LogBlueprintUserMessages: [ALS_Base_CharacterBP_C_0] Floor
[2026.06.05-07.38.18:859][126]LogBlueprintUserMessages: [ALS_Base_CharacterBP_C_0] Floor
[2026.06.05-07.38.18:869][127]LogBlueprintUserMessages: [ALS_Base_CharacterBP_C_0] Floor
[2026.06.05-07.38.18:877][128]LogBlueprintUserMessages: [ALS_Base_CharacterBP_C_0] Floor
[2026.06.05-07.38.18:885][129]LogBlueprintUserMessages: [ALS_Base_CharacterBP_C_0] Floor
[2026.06.05-07.38.18:893][130]LogBlueprintUserMessages: [ALS_Base_CharacterBP_C_0] Floor
[2026.06.05-07.38.18:901][131]LogBlueprintUserMessages: [ALS_Base_CharacterBP_C_0] Floor
[2026.06.05-07.38.18:909][132]LogBlueprintUserMessages: [ALS_Base_CharacterBP_C_0] Floor
[2026.06.05-07.38.18:918][133]LogBlueprintUserMessages: [ALS_Base_CharacterBP_C_0] Floor
[2026.06.05-07.38.18:926][134]LogBlueprintUserMessages: [ALS_Base_CharacterBP_C_0] Floor
[2026.06.05-07.38.18:935][135]LogBlueprintUserMessages: [ALS_Base_CharacterBP_C_0] Floor
[2026.06.05-07.38.18:943][136]LogBlueprintUserMessages: [ALS_Base_CharacterBP_C_0] Floor
[2026.06.05-07.38.18:952][137]LogBlueprintUserMessages: [ALS_Base_CharacterBP_C_0] Floor
[2026.06.05-07.38.18:959][138]LogBlueprintUserMessages: [ALS_Base_CharacterBP_C_0] Floor
[2026.06.05-07.38.18:968][139]LogBlueprintUserMessages: [ALS_Base_CharacterBP_C_0] Floor
[2026.06.05-07.38.18:977][140]LogBlueprintUserMessages: [ALS_Base_CharacterBP_C_0] Floor
[2026.06.05-07.38.18:985][141]LogBlueprintUserMessages: [ALS_Base_CharacterBP_C_0] Floor
[2026.06.05-07.38.18:993][142]LogBlueprintUserMessages: [ALS_Base_CharacterBP_C_0] Floor
[2026.06.05-07.38.19:002][143]LogBlueprintUserMessages: [ALS_Base_CharacterBP_C_0] Floor
[2026.06.05-07.38.19:009][144]LogBlueprintUserMessages: [ALS_Base_CharacterBP_C_0] Floor
[2026.06.05-07.38.19:019][145]LogBlueprintUserMessages: [ALS_Base_CharacterBP_C_0] Floor
[2026.06.05-07.38.19:027][146]LogBlueprintUserMessages: [ALS_Base_CharacterBP_C_0] Floor
[2026.06.05-07.38.19:035][147]LogBlueprintUserMessages: [ALS_Base_CharacterBP_C_0] Floor
[2026.06.05-07.38.19:043][148]LogBlueprintUserMessages: [ALS_Base_CharacterBP_C_0] Floor
[2026.06.05-07.38.19:052][149]LogBlueprintUserMessages: [ALS_Base_CharacterBP_C_0] Floor
[2026.06.05-07.38.19:060][150]LogBlueprintUserMessages: [ALS_Base_CharacterBP_C_0] Floor
[2026.06.05-07.38.19:068][151]LogBlueprintUserMessages: [ALS_Base_CharacterBP_C_0] Floor
[2026.06.05-07.38.19:077][152]LogBlueprintUserMessages: [ALS_Base_CharacterBP_C_0] Floor
[2026.06.05-07.38.19:085][153]LogBlueprintUserMessages: [ALS_Base_CharacterBP_C_0] Floor
[2026.06.05-07.38.19:093][154]LogBlueprintUserMessages: [ALS_Base_CharacterBP_C_0] Floor
[2026.06.05-07.38.19:102][155]LogBlueprintUserMessages: [ALS_Base_CharacterBP_C_0] Floor
[2026.06.05-07.38.19:110][156]LogBlueprintUserMessages: [ALS_Base_CharacterBP_C_0] Floor
[2026.06.05-07.38.19:118][157]LogBlueprintUserMessages: [ALS_Base_CharacterBP_C_0] Floor
[2026.06.05-07.38.19:709][228]LogBlueprintUserMessages: [ALS_Base_CharacterBP_C_0] Floor
[2026.06.05-07.38.19:718][229]LogBlueprintUserMessages: [ALS_Base_CharacterBP_C_0] Floor
[2026.06.05-07.38.19:726][230]LogBlueprintUserMessages: [ALS_Base_CharacterBP_C_0] Floor
[2026.06.05-07.38.19:735][231]LogBlueprintUserMessages: [ALS_Base_CharacterBP_C_0] Floor
[2026.06.05-07.38.19:743][232]LogBlueprintUserMessages: [ALS_Base_CharacterBP_C_0] Floor
[2026.06.05-07.38.19:752][233]LogBlueprintUserMessages: [ALS_Base_CharacterBP_C_0] Floor
[2026.06.05-07.38.19:760][234]LogBlueprintUserMessages: [ALS_Base_CharacterBP_C_0] Floor
[2026.06.05-07.38.19:768][235]LogBlueprintUserMessages: [ALS_Base_CharacterBP_C_0] Floor
[2026.06.05-07.38.19:777][236]LogBlueprintUserMessages: [ALS_Base_CharacterBP_C_0] Floor
[2026.06.05-07.38.19:784][237]LogBlueprintUserMessages: [ALS_Base_CharacterBP_C_0] Floor
[2026.06.05-07.38.19:793][238]LogBlueprintUserMessages: [ALS_Base_CharacterBP_C_0] Floor
[2026.06.05-07.38.19:802][239]LogBlueprintUserMessages: [ALS_Base_CharacterBP_C_0] Floor
[2026.06.05-07.38.19:810][240]LogBlueprintUserMessages: [ALS_Base_CharacterBP_C_0] Floor
[2026.06.05-07.38.19:818][241]LogBlueprintUserMessages: [ALS_Base_CharacterBP_C_0] Floor
[2026.06.05-07.38.19:827][242]LogBlueprintUserMessages: [ALS_Base_CharacterBP_C_0] Floor
[2026.06.05-07.38.19:835][243]LogBlueprintUserMessages: [ALS_Base_CharacterBP_C_0] Floor
[2026.06.05-07.38.19:843][244]LogBlueprintUserMessages: [ALS_Base_CharacterBP_C_0] Floor
[2026.06.05-07.38.19:851][245]LogBlueprintUserMessages: [ALS_Base_CharacterBP_C_0] Floor
[2026.06.05-07.38.19:859][246]LogBlueprintUserMessages: [ALS_Base_CharacterBP_C_0] Floor
[2026.06.05-07.38.19:868][247]LogBlueprintUserMessages: [ALS_Base_CharacterBP_C_0] Floor
[2026.06.05-07.38.19:877][248]LogBlueprintUserMessages: [ALS_Base_CharacterBP_C_0] Floor
[2026.06.05-07.38.19:884][249]LogBlueprintUserMessages: [ALS_Base_CharacterBP_C_0] Floor
[2026.06.05-07.38.19:893][250]LogBlueprintUserMessages: [ALS_Base_CharacterBP_C_0] Floor
[2026.06.05-07.38.19:902][251]LogBlueprintUserMessages: [ALS_Base_CharacterBP_C_0] Floor
[2026.06.05-07.38.19:909][252]LogBlueprintUserMessages: [ALS_Base_CharacterBP_C_0] Floor
[2026.06.05-07.38.19:918][253]LogBlueprintUserMessages: [ALS_Base_CharacterBP_C_0] Floor
[2026.06.05-07.38.19:927][254]LogBlueprintUserMessages: [ALS_Base_CharacterBP_C_0] Floor
[2026.06.05-07.38.19:934][255]LogBlueprintUserMessages: [ALS_Base_CharacterBP_C_0] Floor
[2026.06.05-07.38.19:943][256]LogBlueprintUserMessages: [ALS_Base_CharacterBP_C_0] Floor
[2026.06.05-07.38.19:951][257]LogBlueprintUserMessages: [ALS_Base_CharacterBP_C_0] Floor
[2026.06.05-07.38.19:959][258]LogBlueprintUserMessages: [ALS_Base_CharacterBP_C_0] Floor
[2026.06.05-07.38.19:968][259]LogBlueprintUserMessages: [ALS_Base_CharacterBP_C_0] Floor
[2026.06.05-07.38.19:977][260]LogBlueprintUserMessages: [ALS_Base_CharacterBP_C_0] Floor
[2026.06.05-07.38.19:985][261]LogBlueprintUserMessages: [ALS_Base_CharacterBP_C_0] Floor
[2026.06.05-07.38.19:993][262]LogBlueprintUserMessages: [ALS_Base_CharacterBP_C_0] Floor
[2026.06.05-07.38.20:002][263]LogBlueprintUserMessages: [ALS_Base_CharacterBP_C_0] Floor
[2026.06.05-07.38.20:011][264]LogBlueprintUserMessages: [ALS_Base_CharacterBP_C_0] Floor
[2026.06.05-07.38.20:018][265]LogBlueprintUserMessages: [ALS_Base_CharacterBP_C_0] Floor
[2026.06.05-07.38.20:027][266]LogBlueprintUserMessages: [ALS_Base_CharacterBP_C_0] Floor
[2026.06.05-07.38.20:035][267]LogBlueprintUserMessages: [ALS_Base_CharacterBP_C_0] Floor
[2026.06.05-07.38.20:044][268]LogBlueprintUserMessages: [ALS_Base_CharacterBP_C_0] Floor
[2026.06.05-07.38.20:052][269]LogBlueprintUserMessages: [ALS_Base_CharacterBP_C_0] Floor
[2026.06.05-07.38.20:059][270]LogBlueprintUserMessages: [ALS_Base_CharacterBP_C_0] Floor
[2026.06.05-07.38.20:069][271]LogBlueprintUserMessages: [ALS_Base_CharacterBP_C_0] Floor
[2026.06.05-07.38.20:077][272]LogBlueprintUserMessages: [ALS_Base_CharacterBP_C_0] Floor
[2026.06.05-07.38.20:085][273]LogBlueprintUserMessages: [ALS_Base_CharacterBP_C_0] Floor
[2026.06.05-07.38.20:094][274]LogBlueprintUserMessages: [ALS_Base_CharacterBP_C_0] Floor
[2026.06.05-07.38.20:102][275]LogBlueprintUserMessages: [ALS_Base_CharacterBP_C_0] Floor
[2026.06.05-07.38.20:109][276]LogBlueprintUserMessages: [ALS_Base_CharacterBP_C_0] Floor
[2026.06.05-07.38.20:119][277]LogBlueprintUserMessages: [ALS_Base_CharacterBP_C_0] Floor
[2026.06.05-07.38.20:127][278]LogBlueprintUserMessages: [ALS_Base_CharacterBP_C_0] Floor
[2026.06.05-07.38.20:136][279]LogBlueprintUserMessages: [ALS_Base_CharacterBP_C_0] Floor
[2026.06.05-07.38.20:143][280]LogBlueprintUserMessages: [ALS_Base_CharacterBP_C_0] Floor
[2026.06.05-07.38.20:152][281]LogBlueprintUserMessages: [ALS_Base_CharacterBP_C_0] Floor
[2026.06.05-07.38.20:160][282]LogBlueprintUserMessages: [ALS_Base_CharacterBP_C_0] Floor
[2026.06.05-07.38.20:168][283]LogBlueprintUserMessages: [ALS_Base_CharacterBP_C_0] Floor
[2026.06.05-07.38.20:177][284]LogBlueprintUserMessages: [ALS_Base_CharacterBP_C_0] Floor
[2026.06.05-07.38.20:185][285]LogBlueprintUserMessages: [ALS_Base_CharacterBP_C_0] Floor
[2026.06.05-07.38.20:194][286]LogBlueprintUserMessages: [ALS_Base_CharacterBP_C_0] Floor
[2026.06.05-07.38.20:202][287]LogBlueprintUserMessages: [ALS_Base_CharacterBP_C_0] Floor
[2026.06.05-07.38.20:210][288]LogBlueprintUserMessages: [ALS_Base_CharacterBP_C_0] Floor
[2026.06.05-07.38.20:218][289]LogBlueprintUserMessages: [ALS_Base_CharacterBP_C_0] Floor
[2026.06.05-07.38.20:227][290]LogBlueprintUserMessages: [ALS_Base_CharacterBP_C_0] Floor
[2026.06.05-07.38.20:235][291]LogBlueprintUserMessages: [ALS_Base_CharacterBP_C_0] Floor
[2026.06.05-07.38.20:244][292]LogBlueprintUserMessages: [ALS_Base_CharacterBP_C_0] Floor
[2026.06.05-07.38.20:252][293]LogBlueprintUserMessages: [ALS_Base_CharacterBP_C_0] Floor
[2026.06.05-07.38.20:259][294]LogBlueprintUserMessages: [ALS_Base_CharacterBP_C_0] Floor
[2026.06.05-07.38.20:269][295]LogBlueprintUserMessages: [ALS_Base_CharacterBP_C_0] Floor
[2026.06.05-07.38.20:277][296]LogBlueprintUserMessages: [ALS_Base_CharacterBP_C_0] Floor
[2026.06.05-07.38.20:285][297]LogBlueprintUserMessages: [ALS_Base_CharacterBP_C_0] Floor
[2026.06.05-07.38.20:294][298]LogBlueprintUserMessages: [ALS_Base_CharacterBP_C_0] Floor
[2026.06.05-07.38.20:302][299]LogBlueprintUserMessages: [ALS_Base_CharacterBP_C_0] Floor
[2026.06.05-07.38.20:309][300]LogBlueprintUserMessages: [ALS_Base_CharacterBP_C_0] Floor
[2026.06.05-07.38.20:319][301]LogBlueprintUserMessages: [ALS_Base_CharacterBP_C_0] Floor
[2026.06.05-07.38.20:326][302]LogBlueprintUserMessages: [ALS_Base_CharacterBP_C_0] Floor
[2026.06.05-07.38.20:335][303]LogBlueprintUserMessages: [ALS_Base_CharacterBP_C_0] Floor
[2026.06.05-07.38.20:343][304]LogBlueprintUserMessages: [ALS_Base_CharacterBP_C_0] Floor
[2026.06.05-07.38.20:352][305]LogBlueprintUserMessages: [ALS_Base_CharacterBP_C_0] Floor
[2026.06.05-07.38.20:359][306]LogBlueprintUserMessages: [ALS_Base_CharacterBP_C_0] Floor
[2026.06.05-07.38.20:368][307]LogBlueprintUserMessages: [ALS_Base_CharacterBP_C_0] Floor
[2026.06.05-07.38.20:377][308]LogBlueprintUserMessages: [ALS_Base_CharacterBP_C_0] Floor
[2026.06.05-07.38.20:385][309]LogBlueprintUserMessages: [ALS_Base_CharacterBP_C_0] Floor
[2026.06.05-07.38.20:394][310]LogBlueprintUserMessages: [ALS_Base_CharacterBP_C_0] Floor
[2026.06.05-07.38.20:402][311]LogBlueprintUserMessages: [ALS_Base_CharacterBP_C_0] Floor
[2026.06.05-07.38.20:409][312]LogBlueprintUserMessages: [ALS_Base_CharacterBP_C_0] Floor
[2026.06.05-07.38.20:419][313]LogBlueprintUserMessages: [ALS_Base_CharacterBP_C_0] Floor
[2026.06.05-07.38.20:426][314]LogBlueprintUserMessages: [ALS_Base_CharacterBP_C_0] Floor
[2026.06.05-07.38.20:435][315]LogBlueprintUserMessages: [ALS_Base_CharacterBP_C_0] Floor
[2026.06.05-07.38.20:443][316]LogBlueprintUserMessages: [ALS_Base_CharacterBP_C_0] Floor
[2026.06.05-07.38.20:452][317]LogBlueprintUserMessages: [ALS_Base_CharacterBP_C_0] Floor
[2026.06.05-07.38.20:461][318]LogBlueprintUserMessages: [ALS_Base_CharacterBP_C_0] Floor
[2026.06.05-07.38.20:468][319]LogBlueprintUserMessages: [ALS_Base_CharacterBP_C_0] Floor
[2026.06.05-07.38.20:477][320]LogBlueprintUserMessages: [ALS_Base_CharacterBP_C_0] Floor
[2026.06.05-07.38.20:485][321]LogBlueprintUserMessages: [ALS_Base_CharacterBP_C_0] Floor
[2026.06.05-07.38.20:494][322]LogBlueprintUserMessages: [ALS_Base_CharacterBP_C_0] Floor
[2026.06.05-07.38.20:502][323]LogBlueprintUserMessages: [ALS_Base_CharacterBP_C_0] Floor
[2026.06.05-07.38.20:510][324]LogBlueprintUserMessages: [ALS_Base_CharacterBP_C_0] Floor
[2026.06.05-07.38.20:518][325]LogBlueprintUserMessages: [ALS_Base_CharacterBP_C_0] Floor
[2026.06.05-07.38.20:527][326]LogBlueprintUserMessages: [ALS_Base_CharacterBP_C_0] Floor
[2026.06.05-07.38.20:535][327]LogBlueprintUserMessages: [ALS_Base_CharacterBP_C_0] Floor
[2026.06.05-07.38.20:543][328]LogBlueprintUserMessages: [ALS_Base_CharacterBP_C_0] Floor
[2026.06.05-07.38.20:551][329]LogBlueprintUserMessages: [ALS_Base_CharacterBP_C_0] Floor
[2026.06.05-07.38.20:559][330]LogBlueprintUserMessages: [ALS_Base_CharacterBP_C_0] Floor
[2026.06.05-07.38.20:568][331]LogBlueprintUserMessages: [ALS_Base_CharacterBP_C_0] Floor
[2026.06.05-07.38.20:576][332]LogBlueprintUserMessages: [ALS_Base_CharacterBP_C_0] Floor
[2026.06.05-07.38.20:585][333]LogBlueprintUserMessages: [ALS_Base_CharacterBP_C_0] Floor
[2026.06.05-07.38.20:593][334]LogBlueprintUserMessages: [ALS_Base_CharacterBP_C_0] Floor
[2026.06.05-07.38.20:601][335]LogBlueprintUserMessages: [ALS_Base_CharacterBP_C_0] Floor
[2026.06.05-07.38.20:609][336]LogBlueprintUserMessages: [ALS_Base_CharacterBP_C_0] Floor
[2026.06.05-07.38.20:618][337]LogBlueprintUserMessages: [ALS_Base_CharacterBP_C_0] Floor
[2026.06.05-07.38.20:626][338]LogBlueprintUserMessages: [ALS_Base_CharacterBP_C_0] Floor
[2026.06.05-07.38.20:635][339]LogBlueprintUserMessages: [ALS_Base_CharacterBP_C_0] Floor
[2026.06.05-07.38.20:643][340]LogBlueprintUserMessages: [ALS_Base_CharacterBP_C_0] Floor
[2026.06.05-07.38.20:652][341]LogBlueprintUserMessages: [ALS_Base_CharacterBP_C_0] Floor
[2026.06.05-07.38.20:659][342]LogBlueprintUserMessages: [ALS_Base_CharacterBP_C_0] Floor
[2026.06.05-07.38.20:668][343]LogBlueprintUserMessages: [ALS_Base_CharacterBP_C_0] Floor
[2026.06.05-07.38.20:677][344]LogBlueprintUserMessages: [ALS_Base_CharacterBP_C_0] Floor
[2026.06.05-07.38.20:685][345]LogBlueprintUserMessages: [ALS_Base_CharacterBP_C_0] Floor
[2026.06.05-07.38.20:694][346]LogBlueprintUserMessages: [ALS_Base_CharacterBP_C_0] Floor
[2026.06.05-07.38.20:702][347]LogBlueprintUserMessages: [ALS_Base_CharacterBP_C_0] Floor
[2026.06.05-07.38.20:709][348]LogBlueprintUserMessages: [ALS_Base_CharacterBP_C_0] Floor
[2026.06.05-07.38.20:719][349]LogBlueprintUserMessages: [ALS_Base_CharacterBP_C_0] Floor
[2026.06.05-07.38.20:727][350]LogBlueprintUserMessages: [ALS_Base_CharacterBP_C_0] Floor
[2026.06.05-07.38.20:735][351]LogBlueprintUserMessages: [ALS_Base_CharacterBP_C_0] Floor
[2026.06.05-07.38.20:743][352]LogBlueprintUserMessages: [ALS_Base_CharacterBP_C_0] Floor
[2026.06.05-07.38.20:752][353]LogBlueprintUserMessages: [ALS_Base_CharacterBP_C_0] Floor
[2026.06.05-07.38.20:760][354]LogBlueprintUserMessages: [ALS_Base_CharacterBP_C_0] Floor
[2026.06.05-07.38.20:768][355]LogBlueprintUserMessages: [ALS_Base_CharacterBP_C_0] Floor
[2026.06.05-07.38.20:777][356]LogBlueprintUserMessages: [ALS_Base_CharacterBP_C_0] Floor
[2026.06.05-07.38.20:785][357]LogBlueprintUserMessages: [ALS_Base_CharacterBP_C_0] Floor
[2026.06.05-07.38.20:793][358]LogBlueprintUserMessages: [ALS_Base_CharacterBP_C_0] Floor
[2026.06.05-07.38.20:802][359]LogBlueprintUserMessages: [ALS_Base_CharacterBP_C_0] Floor
[2026.06.05-07.38.20:810][360]LogBlueprintUserMessages: [ALS_Base_CharacterBP_C_0] Floor
[2026.06.05-07.38.20:818][361]LogBlueprintUserMessages: [ALS_Base_CharacterBP_C_0] Floor
[2026.06.05-07.38.20:827][362]LogBlueprintUserMessages: [ALS_Base_CharacterBP_C_0] Floor
[2026.06.05-07.38.20:835][363]LogBlueprintUserMessages: [ALS_Base_CharacterBP_C_0] Floor
[2026.06.05-07.38.20:843][364]LogBlueprintUserMessages: [ALS_Base_CharacterBP_C_0] Floor
[2026.06.05-07.38.20:852][365]LogBlueprintUserMessages: [ALS_Base_CharacterBP_C_0] Floor
[2026.06.05-07.38.20:860][366]LogBlueprintUserMessages: [ALS_Base_CharacterBP_C_0] Floor
[2026.06.05-07.38.20:868][367]LogBlueprintUserMessages: [ALS_Base_CharacterBP_C_0] Floor
[2026.06.05-07.38.20:877][368]LogBlueprintUserMessages: [ALS_Base_CharacterBP_C_0] Floor
[2026.06.05-07.38.20:885][369]LogBlueprintUserMessages: [ALS_Base_CharacterBP_C_0] Floor
[2026.06.05-07.38.20:893][370]LogBlueprintUserMessages: [ALS_Base_CharacterBP_C_0] Floor
[2026.06.05-07.38.20:902][371]LogBlueprintUserMessages: [ALS_Base_CharacterBP_C_0] Floor
[2026.06.05-07.38.20:910][372]LogBlueprintUserMessages: [ALS_Base_CharacterBP_C_0] Floor
[2026.06.05-07.38.20:918][373]LogBlueprintUserMessages: [ALS_Base_CharacterBP_C_0] Floor
[2026.06.05-07.38.20:927][374]LogBlueprintUserMessages: [ALS_Base_CharacterBP_C_0] Floor
[2026.06.05-07.38.20:935][375]LogBlueprintUserMessages: [ALS_Base_CharacterBP_C_0] Floor
[2026.06.05-07.38.20:943][376]LogBlueprintUserMessages: [ALS_Base_CharacterBP_C_0] Floor
[2026.06.05-07.38.20:952][377]LogBlueprintUserMessages: [ALS_Base_CharacterBP_C_0] Floor
[2026.06.05-07.38.20:959][378]LogBlueprintUserMessages: [ALS_Base_CharacterBP_C_0] Floor
[2026.06.05-07.38.20:968][379]LogBlueprintUserMessages: [ALS_Base_CharacterBP_C_0] Floor
[2026.06.05-07.38.20:977][380]LogBlueprintUserMessages: [ALS_Base_CharacterBP_C_0] Floor
[2026.06.05-07.38.20:984][381]LogBlueprintUserMessages: [ALS_Base_CharacterBP_C_0] Floor
[2026.06.05-07.38.20:993][382]LogBlueprintUserMessages: [ALS_Base_CharacterBP_C_0] Floor
[2026.06.05-07.38.21:002][383]LogBlueprintUserMessages: [ALS_Base_CharacterBP_C_0] Floor
[2026.06.05-07.38.21:009][384]LogBlueprintUserMessages: [ALS_Base_CharacterBP_C_0] Floor
[2026.06.05-07.38.21:018][385]LogBlueprintUserMessages: [ALS_Base_CharacterBP_C_0] Floor
[2026.06.05-07.38.21:027][386]LogBlueprintUserMessages: [ALS_Base_CharacterBP_C_0] Floor
[2026.06.05-07.38.21:035][387]LogBlueprintUserMessages: [ALS_Base_CharacterBP_C_0] Floor
[2026.06.05-07.38.21:043][388]LogBlueprintUserMessages: [ALS_Base_CharacterBP_C_0] Floor
[2026.06.05-07.38.21:052][389]LogBlueprintUserMessages: [ALS_Base_CharacterBP_C_0] Floor
[2026.06.05-07.38.21:060][390]LogBlueprintUserMessages: [ALS_Base_CharacterBP_C_0] Floor
[2026.06.05-07.38.21:068][391]LogBlueprintUserMessages: [ALS_Base_CharacterBP_C_0] Floor
[2026.06.05-07.38.21:077][392]LogBlueprintUserMessages: [ALS_Base_CharacterBP_C_0] Floor
[2026.06.05-07.38.21:085][393]LogBlueprintUserMessages: [ALS_Base_CharacterBP_C_0] Floor
[2026.06.05-07.38.21:093][394]LogBlueprintUserMessages: [ALS_Base_CharacterBP_C_0] Floor
[2026.06.05-07.38.21:102][395]LogBlueprintUserMessages: [ALS_Base_CharacterBP_C_0] Floor
[2026.06.05-07.38.21:110][396]LogBlueprintUserMessages: [ALS_Base_CharacterBP_C_0] Floor
[2026.06.05-07.38.21:118][397]LogBlueprintUserMessages: [ALS_Base_CharacterBP_C_0] Floor
[2026.06.05-07.38.21:127][398]LogBlueprintUserMessages: [ALS_Base_CharacterBP_C_0] Floor
[2026.06.05-07.38.21:135][399]LogBlueprintUserMessages: [ALS_Base_CharacterBP_C_0] Floor
[2026.06.05-07.38.21:143][400]LogBlueprintUserMessages: [ALS_Base_CharacterBP_C_0] Floor
[2026.06.05-07.38.21:152][401]LogBlueprintUserMessages: [ALS_Base_CharacterBP_C_0] Floor
[2026.06.05-07.38.21:159][402]LogBlueprintUserMessages: [ALS_Base_CharacterBP_C_0] Floor
[2026.06.05-07.38.21:169][403]LogBlueprintUserMessages: [ALS_Base_CharacterBP_C_0] Floor
[2026.06.05-07.38.21:176][404]LogBlueprintUserMessages: [ALS_Base_CharacterBP_C_0] Floor
[2026.06.05-07.38.21:185][405]LogBlueprintUserMessages: [ALS_Base_CharacterBP_C_0] Floor
[2026.06.05-07.38.21:194][406]LogBlueprintUserMessages: [ALS_Base_CharacterBP_C_0] Floor
[2026.06.05-07.38.21:202][407]LogBlueprintUserMessages: [ALS_Base_CharacterBP_C_0] Floor
[2026.06.05-07.38.21:209][408]LogBlueprintUserMessages: [ALS_Base_CharacterBP_C_0] Floor
[2026.06.05-07.38.21:219][409]LogBlueprintUserMessages: [ALS_Base_CharacterBP_C_0] Floor
[2026.06.05-07.38.21:226][410]LogBlueprintUserMessages: [ALS_Base_CharacterBP_C_0] Floor
[2026.06.05-07.38.21:235][411]LogBlueprintUserMessages: [ALS_Base_CharacterBP_C_0] Floor
[2026.06.05-07.38.21:243][412]LogBlueprintUserMessages: [ALS_Base_CharacterBP_C_0] Floor
[2026.06.05-07.38.21:252][413]LogBlueprintUserMessages: [ALS_Base_CharacterBP_C_0] Floor
[2026.06.05-07.38.21:260][414]LogBlueprintUserMessages: [ALS_Base_CharacterBP_C_0] Floor
[2026.06.05-07.38.21:268][415]LogBlueprintUserMessages: [ALS_Base_CharacterBP_C_0] Floor
[2026.06.05-07.38.21:277][416]LogBlueprintUserMessages: [ALS_Base_CharacterBP_C_0] Floor
[2026.06.05-07.38.21:285][417]LogBlueprintUserMessages: [ALS_Base_CharacterBP_C_0] Floor
[2026.06.05-07.38.21:293][418]LogBlueprintUserMessages: [ALS_Base_CharacterBP_C_0] Floor
[2026.06.05-07.38.21:303][419]LogBlueprintUserMessages: [ALS_Base_CharacterBP_C_0] Floor
[2026.06.05-07.38.21:310][420]LogBlueprintUserMessages: [ALS_Base_CharacterBP_C_0] Floor
[2026.06.05-07.38.21:318][421]LogBlueprintUserMessages: [ALS_Base_CharacterBP_C_0] Floor
[2026.06.05-07.38.21:327][422]LogBlueprintUserMessages: [ALS_Base_CharacterBP_C_0] Floor
[2026.06.05-07.38.21:335][423]LogBlueprintUserMessages: [ALS_Base_CharacterBP_C_0] Floor
[2026.06.05-07.38.21:343][424]LogBlueprintUserMessages: [ALS_Base_CharacterBP_C_0] Floor
[2026.06.05-07.38.21:352][425]LogBlueprintUserMessages: [ALS_Base_CharacterBP_C_0] Floor
[2026.06.05-07.38.21:361][426]LogBlueprintUserMessages: [ALS_Base_CharacterBP_C_0] Floor
[2026.06.05-07.38.21:368][427]LogBlueprintUserMessages: [ALS_Base_CharacterBP_C_0] Floor
[2026.06.05-07.38.21:377][428]LogBlueprintUserMessages: [ALS_Base_CharacterBP_C_0] Floor
[2026.06.05-07.38.21:385][429]LogBlueprintUserMessages: [ALS_Base_CharacterBP_C_0] Floor
[2026.06.05-07.38.21:393][430]LogBlueprintUserMessages: [ALS_Base_CharacterBP_C_0] Floor
[2026.06.05-07.38.21:402][431]LogBlueprintUserMessages: [ALS_Base_CharacterBP_C_0] Floor
[2026.06.05-07.38.21:410][432]LogBlueprintUserMessages: [ALS_Base_CharacterBP_C_0] Floor
[2026.06.05-07.38.21:418][433]LogBlueprintUserMessages: [ALS_Base_CharacterBP_C_0] Floor
[2026.06.05-07.38.21:427][434]LogBlueprintUserMessages: [ALS_Base_CharacterBP_C_0] Floor
[2026.06.05-07.38.21:435][435]LogBlueprintUserMessages: [ALS_Base_CharacterBP_C_0] Floor
[2026.06.05-07.38.21:443][436]LogBlueprintUserMessages: [ALS_Base_CharacterBP_C_0] Floor
[2026.06.05-07.38.21:451][437]LogBlueprintUserMessages: [ALS_Base_CharacterBP_C_0] Floor
[2026.06.05-07.38.21:459][438]LogBlueprintUserMessages: [ALS_Base_CharacterBP_C_0] Floor
[2026.06.05-07.38.21:468][439]LogBlueprintUserMessages: [ALS_Base_CharacterBP_C_0] Floor
[2026.06.05-07.38.21:476][440]LogBlueprintUserMessages: [ALS_Base_CharacterBP_C_0] Floor
[2026.06.05-07.38.21:485][441]LogBlueprintUserMessages: [ALS_Base_CharacterBP_C_0] Floor
[2026.06.05-07.38.21:494][442]LogBlueprintUserMessages: [ALS_Base_CharacterBP_C_0] Floor
[2026.06.05-07.38.21:501][443]LogBlueprintUserMessages: [ALS_Base_CharacterBP_C_0] Floor
[2026.06.05-07.38.21:510][444]LogBlueprintUserMessages: [ALS_Base_CharacterBP_C_0] Floor
[2026.06.05-07.38.21:518][445]LogBlueprintUserMessages: [ALS_Base_CharacterBP_C_0] Floor
[2026.06.05-07.38.21:526][446]LogBlueprintUserMessages: [ALS_Base_CharacterBP_C_0] Floor
[2026.06.05-07.38.21:535][447]LogBlueprintUserMessages: [ALS_Base_CharacterBP_C_0] Floor
[2026.06.05-07.38.21:543][448]LogBlueprintUserMessages: [ALS_Base_CharacterBP_C_0] Floor
[2026.06.05-07.38.21:552][449]LogBlueprintUserMessages: [ALS_Base_CharacterBP_C_0] Floor
[2026.06.05-07.38.21:559][450]LogBlueprintUserMessages: [ALS_Base_CharacterBP_C_0] Floor
[2026.06.05-07.38.21:569][451]LogBlueprintUserMessages: [ALS_Base_CharacterBP_C_0] Floor
[2026.06.05-07.38.21:577][452]LogBlueprintUserMessages: [ALS_Base_CharacterBP_C_0] Floor
[2026.06.05-07.38.21:585][453]LogBlueprintUserMessages: [ALS_Base_CharacterBP_C_0] Floor
[2026.06.05-07.38.21:594][454]LogBlueprintUserMessages: [ALS_Base_CharacterBP_C_0] Floor
[2026.06.05-07.38.21:602][455]LogBlueprintUserMessages: [ALS_Base_CharacterBP_C_0] Floor
[2026.06.05-07.38.21:609][456]LogBlueprintUserMessages: [ALS_Base_CharacterBP_C_0] Floor
[2026.06.05-07.38.21:619][457]LogBlueprintUserMessages: [ALS_Base_CharacterBP_C_0] Floor
[2026.06.05-07.38.21:626][458]LogBlueprintUserMessages: [ALS_Base_CharacterBP_C_0] Floor
[2026.06.05-07.38.21:635][459]LogBlueprintUserMessages: [ALS_Base_CharacterBP_C_0] Floor
[2026.06.05-07.38.21:643][460]LogBlueprintUserMessages: [ALS_Base_CharacterBP_C_0] Floor
[2026.06.05-07.38.21:652][461]LogBlueprintUserMessages: [ALS_Base_CharacterBP_C_0] Floor
[2026.06.05-07.38.22:094][514]LogBlueprintUserMessages: [ALS_Base_CharacterBP_C_0] Linear_Stair_StaticMesh
[2026.06.05-07.38.22:102][515]LogBlueprintUserMessages: [ALS_Base_CharacterBP_C_0] Linear_Stair_StaticMesh
[2026.06.05-07.38.22:109][516]LogBlueprintUserMessages: [ALS_Base_CharacterBP_C_0] Linear_Stair_StaticMesh
[2026.06.05-07.38.22:119][517]LogBlueprintUserMessages: [ALS_Base_CharacterBP_C_0] Linear_Stair_StaticMesh
[2026.06.05-07.38.22:127][518]LogBlueprintUserMessages: [ALS_Base_CharacterBP_C_0] Linear_Stair_StaticMesh
[2026.06.05-07.38.22:135][519]LogBlueprintUserMessages: [ALS_Base_CharacterBP_C_0] Linear_Stair_StaticMesh
[2026.06.05-07.38.22:144][520]LogBlueprintUserMessages: [ALS_Base_CharacterBP_C_0] Linear_Stair_StaticMesh
[2026.06.05-07.38.22:152][521]LogBlueprintUserMessages: [ALS_Base_CharacterBP_C_0] Linear_Stair_StaticMesh
[2026.06.05-07.38.22:159][522]LogBlueprintUserMessages: [ALS_Base_CharacterBP_C_0] Linear_Stair_StaticMesh
[2026.06.05-07.38.22:169][523]LogBlueprintUserMessages: [ALS_Base_CharacterBP_C_0] Linear_Stair_StaticMesh
[2026.06.05-07.38.22:176][524]LogBlueprintUserMessages: [ALS_Base_CharacterBP_C_0] Linear_Stair_StaticMesh
[2026.06.05-07.38.22:185][525]LogBlueprintUserMessages: [ALS_Base_CharacterBP_C_0] Linear_Stair_StaticMesh
[2026.06.05-07.38.22:194][526]LogBlueprintUserMessages: [ALS_Base_CharacterBP_C_0] Linear_Stair_StaticMesh
[2026.06.05-07.38.22:202][527]LogBlueprintUserMessages: [ALS_Base_CharacterBP_C_0] Linear_Stair_StaticMesh
[2026.06.05-07.38.22:209][528]LogBlueprintUserMessages: [ALS_Base_CharacterBP_C_0] Linear_Stair_StaticMesh
[2026.06.05-07.38.22:219][529]LogBlueprintUserMessages: [ALS_Base_CharacterBP_C_0] Linear_Stair_StaticMesh
[2026.06.05-07.38.22:226][530]LogBlueprintUserMessages: [ALS_Base_CharacterBP_C_0] Linear_Stair_StaticMesh
[2026.06.05-07.38.22:235][531]LogBlueprintUserMessages: [ALS_Base_CharacterBP_C_0] Linear_Stair_StaticMesh
[2026.06.05-07.38.22:243][532]LogBlueprintUserMessages: [ALS_Base_CharacterBP_C_0] Floor
[2026.06.05-07.38.22:252][533]LogBlueprintUserMessages: [ALS_Base_CharacterBP_C_0] Floor
[2026.06.05-07.38.22:260][534]LogBlueprintUserMessages: [ALS_Base_CharacterBP_C_0] Floor
[2026.06.05-07.38.22:268][535]LogBlueprintUserMessages: [ALS_Base_CharacterBP_C_0] Floor
[2026.06.05-07.38.22:277][536]LogBlueprintUserMessages: [ALS_Base_CharacterBP_C_0] Floor
[2026.06.05-07.38.22:285][537]LogBlueprintUserMessages: [ALS_Base_CharacterBP_C_0] Linear_Stair_StaticMesh
[2026.06.05-07.38.22:294][538]LogBlueprintUserMessages: [ALS_Base_CharacterBP_C_0] Linear_Stair_StaticMesh
[2026.06.05-07.38.22:302][539]LogBlueprintUserMessages: [ALS_Base_CharacterBP_C_0] Linear_Stair_StaticMesh
[2026.06.05-07.38.22:311][540]LogBlueprintUserMessages: [ALS_Base_CharacterBP_C_0] Linear_Stair_StaticMesh
[2026.06.05-07.38.22:319][541]LogBlueprintUserMessages: [ALS_Base_CharacterBP_C_0] Linear_Stair_StaticMesh
[2026.06.05-07.38.22:327][542]LogBlueprintUserMessages: [ALS_Base_CharacterBP_C_0] Linear_Stair_StaticMesh
[2026.06.05-07.38.22:336][543]LogBlueprintUserMessages: [ALS_Base_CharacterBP_C_0] Linear_Stair_StaticMesh
[2026.06.05-07.38.22:343][544]LogBlueprintUserMessages: [ALS_Base_CharacterBP_C_0] Linear_Stair_StaticMesh
[2026.06.05-07.38.22:352][545]LogBlueprintUserMessages: [ALS_Base_CharacterBP_C_0] Linear_Stair_StaticMesh
[2026.06.05-07.38.22:359][546]LogBlueprintUserMessages: [ALS_Base_CharacterBP_C_0] Linear_Stair_StaticMesh
[2026.06.05-07.38.22:368][547]LogBlueprintUserMessages: [ALS_Base_CharacterBP_C_0] Linear_Stair_StaticMesh
[2026.06.05-07.38.22:377][548]LogBlueprintUserMessages: [ALS_Base_CharacterBP_C_0] Linear_Stair_StaticMesh
[2026.06.05-07.38.22:385][549]LogBlueprintUserMessages: [ALS_Base_CharacterBP_C_0] Linear_Stair_StaticMesh
[2026.06.05-07.38.22:393][550]LogBlueprintUserMessages: [ALS_Base_CharacterBP_C_0] Linear_Stair_StaticMesh
[2026.06.05-07.38.22:403][551]LogBlueprintUserMessages: [ALS_Base_CharacterBP_C_0] Linear_Stair_StaticMesh
[2026.06.05-07.38.22:410][552]LogBlueprintUserMessages: [ALS_Base_CharacterBP_C_0] Linear_Stair_StaticMesh
[2026.06.05-07.38.22:418][553]LogBlueprintUserMessages: [ALS_Base_CharacterBP_C_0] Linear_Stair_StaticMesh
[2026.06.05-07.38.22:427][554]LogBlueprintUserMessages: [ALS_Base_CharacterBP_C_0] Linear_Stair_StaticMesh
[2026.06.05-07.38.22:435][555]LogBlueprintUserMessages: [ALS_Base_CharacterBP_C_0] Linear_Stair_StaticMesh
[2026.06.05-07.38.22:444][556]LogBlueprintUserMessages: [ALS_Base_CharacterBP_C_0] Linear_Stair_StaticMesh
[2026.06.05-07.38.22:452][557]LogBlueprintUserMessages: [ALS_Base_CharacterBP_C_0] Linear_Stair_StaticMesh
[2026.06.05-07.38.22:459][558]LogBlueprintUserMessages: [ALS_Base_CharacterBP_C_0] Linear_Stair_StaticMesh
[2026.06.05-07.38.22:469][559]LogBlueprintUserMessages: [ALS_Base_CharacterBP_C_0] Linear_Stair_StaticMesh
[2026.06.05-07.38.22:477][560]LogBlueprintUserMessages: [ALS_Base_CharacterBP_C_0] Linear_Stair_StaticMesh
[2026.06.05-07.38.22:485][561]LogBlueprintUserMessages: [ALS_Base_CharacterBP_C_0] Linear_Stair_StaticMesh
[2026.06.05-07.38.22:493][562]LogBlueprintUserMessages: [ALS_Base_CharacterBP_C_0] Linear_Stair_StaticMesh
[2026.06.05-07.38.22:502][563]LogBlueprintUserMessages: [ALS_Base_CharacterBP_C_0] Linear_Stair_StaticMesh
[2026.06.05-07.38.22:511][564]LogBlueprintUserMessages: [ALS_Base_CharacterBP_C_0] Linear_Stair_StaticMesh
[2026.06.05-07.38.22:519][565]LogBlueprintUserMessages: [ALS_Base_CharacterBP_C_0] Linear_Stair_StaticMesh
[2026.06.05-07.38.22:527][566]LogBlueprintUserMessages: [ALS_Base_CharacterBP_C_0] Linear_Stair_StaticMesh
[2026.06.05-07.38.22:536][567]LogBlueprintUserMessages: [ALS_Base_CharacterBP_C_0] Linear_Stair_StaticMesh
[2026.06.05-07.38.22:543][568]LogBlueprintUserMessages: [ALS_Base_CharacterBP_C_0] Linear_Stair_StaticMesh
[2026.06.05-07.38.22:552][569]LogBlueprintUserMessages: [ALS_Base_CharacterBP_C_0] Linear_Stair_StaticMesh
[2026.06.05-07.38.22:561][570]LogBlueprintUserMessages: [ALS_Base_CharacterBP_C_0] Linear_Stair_StaticMesh
[2026.06.05-07.38.22:569][571]LogBlueprintUserMessages: [ALS_Base_CharacterBP_C_0] Linear_Stair_StaticMesh
[2026.06.05-07.38.22:577][572]LogBlueprintUserMessages: [ALS_Base_CharacterBP_C_0] Linear_Stair_StaticMesh
[2026.06.05-07.38.22:585][573]LogBlueprintUserMessages: [ALS_Base_CharacterBP_C_0] Linear_Stair_StaticMesh
[2026.06.05-07.38.22:593][574]LogBlueprintUserMessages: [ALS_Base_CharacterBP_C_0] Linear_Stair_StaticMesh
[2026.06.05-07.38.22:602][575]LogBlueprintUserMessages: [ALS_Base_CharacterBP_C_0] Linear_Stair_StaticMesh
[2026.06.05-07.38.22:610][576]LogBlueprintUserMessages: [ALS_Base_CharacterBP_C_0] Linear_Stair_StaticMesh
[2026.06.05-07.38.22:618][577]LogBlueprintUserMessages: [ALS_Base_CharacterBP_C_0] Linear_Stair_StaticMesh
[2026.06.05-07.38.22:627][578]LogBlueprintUserMessages: [ALS_Base_CharacterBP_C_0] Linear_Stair_StaticMesh
[2026.06.05-07.38.22:635][579]LogBlueprintUserMessages: [ALS_Base_CharacterBP_C_0] Linear_Stair_StaticMesh
[2026.06.05-07.38.22:644][580]LogBlueprintUserMessages: [ALS_Base_CharacterBP_C_0] Linear_Stair_StaticMesh
[2026.06.05-07.38.22:652][581]LogBlueprintUserMessages: [ALS_Base_CharacterBP_C_0] Linear_Stair_StaticMesh
[2026.06.05-07.38.22:659][582]LogBlueprintUserMessages: [ALS_Base_CharacterBP_C_0] Linear_Stair_StaticMesh
[2026.06.05-07.38.22:669][583]LogBlueprintUserMessages: [ALS_Base_CharacterBP_C_0] Linear_Stair_StaticMesh
[2026.06.05-07.38.22:677][584]LogBlueprintUserMessages: [ALS_Base_CharacterBP_C_0] Linear_Stair_StaticMesh
[2026.06.05-07.38.22:685][585]LogBlueprintUserMessages: [ALS_Base_CharacterBP_C_0] Linear_Stair_StaticMesh
[2026.06.05-07.38.22:694][586]LogBlueprintUserMessages: [ALS_Base_CharacterBP_C_0] Linear_Stair_StaticMesh
[2026.06.05-07.38.22:702][587]LogBlueprintUserMessages: [ALS_Base_CharacterBP_C_0] Linear_Stair_StaticMesh
[2026.06.05-07.38.22:709][588]LogBlueprintUserMessages: [ALS_Base_CharacterBP_C_0] Linear_Stair_StaticMesh
[2026.06.05-07.38.22:719][589]LogBlueprintUserMessages: [ALS_Base_CharacterBP_C_0] Linear_Stair_StaticMesh
[2026.06.05-07.38.22:726][590]LogBlueprintUserMessages: [ALS_Base_CharacterBP_C_0] Linear_Stair_StaticMesh
[2026.06.05-07.38.22:735][591]LogBlueprintUserMessages: [ALS_Base_CharacterBP_C_0] Linear_Stair_StaticMesh
[2026.06.05-07.38.22:743][592]LogBlueprintUserMessages: [ALS_Base_CharacterBP_C_0] Linear_Stair_StaticMesh
[2026.06.05-07.38.22:752][593]LogBlueprintUserMessages: [ALS_Base_CharacterBP_C_0] Linear_Stair_StaticMesh
[2026.06.05-07.38.22:760][594]LogBlueprintUserMessages: [ALS_Base_CharacterBP_C_0] Linear_Stair_StaticMesh
[2026.06.05-07.38.22:768][595]LogBlueprintUserMessages: [ALS_Base_CharacterBP_C_0] Linear_Stair_StaticMesh
[2026.06.05-07.38.22:777][596]LogBlueprintUserMessages: [ALS_Base_CharacterBP_C_0] Linear_Stair_StaticMesh
[2026.06.05-07.38.22:785][597]LogBlueprintUserMessages: [ALS_Base_CharacterBP_C_0] Linear_Stair_StaticMesh
[2026.06.05-07.38.22:793][598]LogBlueprintUserMessages: [ALS_Base_CharacterBP_C_0] Linear_Stair_StaticMesh
[2026.06.05-07.38.22:802][599]LogBlueprintUserMessages: [ALS_Base_CharacterBP_C_0] Linear_Stair_StaticMesh
[2026.06.05-07.38.22:810][600]LogBlueprintUserMessages: [ALS_Base_CharacterBP_C_0] Linear_Stair_StaticMesh
[2026.06.05-07.38.22:818][601]LogBlueprintUserMessages: [ALS_Base_CharacterBP_C_0] Linear_Stair_StaticMesh
[2026.06.05-07.38.22:827][602]LogBlueprintUserMessages: [ALS_Base_CharacterBP_C_0] Linear_Stair_StaticMesh
[2026.06.05-07.38.22:835][603]LogBlueprintUserMessages: [ALS_Base_CharacterBP_C_0] Linear_Stair_StaticMesh
[2026.06.05-07.38.22:843][604]LogBlueprintUserMessages: [ALS_Base_CharacterBP_C_0] RightArm_StaticMesh
[2026.06.05-07.38.22:851][605]LogBlueprintUserMessages: [ALS_Base_CharacterBP_C_0] RightArm_StaticMesh
[2026.06.05-07.38.22:859][606]LogBlueprintUserMessages: [ALS_Base_CharacterBP_C_0] RightArm_StaticMesh
[2026.06.05-07.38.22:868][607]LogBlueprintUserMessages: [ALS_Base_CharacterBP_C_0] RightArm_StaticMesh
[2026.06.05-07.38.22:876][608]LogBlueprintUserMessages: [ALS_Base_CharacterBP_C_0] RightArm_StaticMesh
[2026.06.05-07.38.22:885][609]LogBlueprintUserMessages: [ALS_Base_CharacterBP_C_0] RightArm_StaticMesh
[2026.06.05-07.38.22:893][610]LogBlueprintUserMessages: [ALS_Base_CharacterBP_C_0] RightArm_StaticMesh
[2026.06.05-07.38.22:902][611]LogBlueprintUserMessages: [ALS_Base_CharacterBP_C_0] RightArm_StaticMesh
[2026.06.05-07.38.22:911][612]LogBlueprintUserMessages: [ALS_Base_CharacterBP_C_0] RightArm_StaticMesh
[2026.06.05-07.38.22:919][613]LogBlueprintUserMessages: [ALS_Base_CharacterBP_C_0] RightArm_StaticMesh
[2026.06.05-07.38.22:927][614]LogBlueprintUserMessages: [ALS_Base_CharacterBP_C_0] RightArm_StaticMesh
[2026.06.05-07.38.22:936][615]LogBlueprintUserMessages: [ALS_Base_CharacterBP_C_0] RightArm_StaticMesh
[2026.06.05-07.38.22:943][616]LogBlueprintUserMessages: [ALS_Base_CharacterBP_C_0] Linear_Stair_StaticMesh
[2026.06.05-07.38.22:952][617]LogBlueprintUserMessages: [ALS_Base_CharacterBP_C_0] Linear_Stair_StaticMesh
[2026.06.05-07.38.22:960][618]LogBlueprintUserMessages: [ALS_Base_CharacterBP_C_0] Linear_Stair_StaticMesh
[2026.06.05-07.38.22:968][619]LogBlueprintUserMessages: [ALS_Base_CharacterBP_C_0] Linear_Stair_StaticMesh
[2026.06.05-07.38.22:977][620]LogBlueprintUserMessages: [ALS_Base_CharacterBP_C_0] Linear_Stair_StaticMesh
[2026.06.05-07.38.22:985][621]LogBlueprintUserMessages: [ALS_Base_CharacterBP_C_0] Linear_Stair_StaticMesh
[2026.06.05-07.38.22:994][622]LogBlueprintUserMessages: [ALS_Base_CharacterBP_C_0] Linear_Stair_StaticMesh
[2026.06.05-07.38.23:002][623]LogBlueprintUserMessages: [ALS_Base_CharacterBP_C_0] Linear_Stair_StaticMesh
[2026.06.05-07.38.23:009][624]LogBlueprintUserMessages: [ALS_Base_CharacterBP_C_0] Linear_Stair_StaticMesh
[2026.06.05-07.38.23:019][625]LogBlueprintUserMessages: [ALS_Base_CharacterBP_C_0] Linear_Stair_StaticMesh
[2026.06.05-07.38.23:027][626]LogBlueprintUserMessages: [ALS_Base_CharacterBP_C_0] RightArm_StaticMesh
[2026.06.05-07.38.23:035][627]LogBlueprintUserMessages: [ALS_Base_CharacterBP_C_0] RightArm_StaticMesh
[2026.06.05-07.38.23:043][628]LogBlueprintUserMessages: [ALS_Base_CharacterBP_C_0] RightArm_StaticMesh
[2026.06.05-07.38.23:052][629]LogBlueprintUserMessages: [ALS_Base_CharacterBP_C_0] RightArm_StaticMesh
[2026.06.05-07.38.23:060][630]LogBlueprintUserMessages: [ALS_Base_CharacterBP_C_0] RightArm_StaticMesh
[2026.06.05-07.38.23:672][699]LogSlate: Updating window title bar state: overlay mode, drag disabled, window buttons hidden, title bar hidden
[2026.06.05-07.38.23:672][699]LogWorld: BeginTearingDown for /Game/ThirdPersonBP/Maps/UEDPIE_0_ThirdPersonExampleMap
[2026.06.05-07.38.23:672][699]LogWorld: UWorld::CleanupWorld for ThirdPersonExampleMap, bSessionEnded=true, bCleanupResources=true
[2026.06.05-07.38.23:672][699]LogSlate: InvalidateAllWidgets triggered.  All widgets were invalidated
[2026.06.05-07.38.23:681][699]LogPlayLevel: Display: Shutting down PIE online subsystems
[2026.06.05-07.38.23:683][699]LogSlate: InvalidateAllWidgets triggered.  All widgets were invalidated
[2026.06.05-07.38.23:697][699]LogAudio: Display: Audio Device unregistered from world 'None'.
[2026.06.05-07.38.23:697][699]LogAudioMixer: FMixerPlatformXAudio2::StopAudioStream() called
[2026.06.05-07.38.23:698][699]LogAudioMixer: FMixerPlatformXAudio2::StopAudioStream() called
[2026.06.05-07.38.23:700][699]LogSlate: Updating window title bar state: overlay mode, drag disabled, window buttons hidden, title bar hidden
[2026.06.05-07.38.23:701][699]LogUObjectHash: Compacting FUObjectHashTables data took   1.06ms
[2026.06.05-07.38.23:736][702]LogPlayLevel: Display: Destroying online subsystem :Context_14
[2026.06.05-07.40.55:080][136]LogSavePackage: Moving '../../../../../../UEProject/UnrealLearn/Alsv4/Saved/ALS_Base_CharacterBP501EDE4F40F3986A49643AB2DE44C737.tmp' to '../../../../../../UEProject/UnrealLearn/Alsv4/Content/AdvancedLocomotionV4/Blueprints/CharacterLogic/ALS_Base_CharacterBP.uasset'
[2026.06.05-07.40.55:101][136]AssetCheck: New page: Asset Save: ALS_Base_CharacterBP
[2026.06.05-07.40.55:101][136]LogContentValidation: Display: Validating Blueprint /Game/AdvancedLocomotionV4/Blueprints/CharacterLogic/ALS_Base_CharacterBP.ALS_Base_CharacterBP
[2026.06.05-07.41.00:608][318]LogSavePackage: Moving '../../../../../../UEProject/UnrealLearn/Alsv4/Saved/ALS_Base_CharacterBPAB5E5C954ADC93AD57BBBEBDBE07C55E.tmp' to '../../../../../../UEProject/UnrealLearn/Alsv4/Content/AdvancedLocomotionV4/Blueprints/CharacterLogic/ALS_Base_CharacterBP.uasset'
[2026.06.05-07.41.00:618][318]AssetCheck: New page: Asset Save: ALS_Base_CharacterBP
[2026.06.05-07.41.00:618][318]LogContentValidation: Display: Validating Blueprint /Game/AdvancedLocomotionV4/Blueprints/CharacterLogic/ALS_Base_CharacterBP.ALS_Base_CharacterBP
[2026.06.05-07.41.00:856][346]BlueprintLog: New page: Compile ALS_Base_CharacterBP
[2026.06.05-07.41.00:898][346]LogUObjectHash: Compacting FUObjectHashTables data took   1.28ms
[2026.06.05-07.41.01:130][361]LogSavePackage: Moving '../../../../../../UEProject/UnrealLearn/Alsv4/Saved/ALS_Base_CharacterBP14ACD81746D476C262CC279EEF40C351.tmp' to '../../../../../../UEProject/UnrealLearn/Alsv4/Content/AdvancedLocomotionV4/Blueprints/CharacterLogic/ALS_Base_CharacterBP.uasset'
[2026.06.05-07.41.01:142][361]AssetCheck: New page: Asset Save: ALS_Base_CharacterBP
[2026.06.05-07.41.01:142][361]LogContentValidation: Display: Validating Blueprint /Game/AdvancedLocomotionV4/Blueprints/CharacterLogic/ALS_Base_CharacterBP.ALS_Base_CharacterBP
[2026.06.05-07.41.05:199][840]LogUObjectHash: Compacting FUObjectHashTables data took   1.46ms
[2026.06.05-07.41.05:210][840]LogSavePackage: Moving '../../../../../../UEProject/UnrealLearn/Alsv4/Saved/ThirdPersonExampleMap2361083446CEE6D002703AA17DA35FD4.tmp' to '../../../../../../UEProject/UnrealLearn/Alsv4/Content/ThirdPersonBP/Maps/ThirdPersonExampleMap.umap'
[2026.06.05-07.41.05:286][840]LogSavePackage: Moving '../../../../../../UEProject/UnrealLearn/Alsv4/Saved/ThirdPersonExampleMap_BuiltData52CC814142840EE1B8F218A2D13A1436.tmp' to '../../../../../../UEProject/UnrealLearn/Alsv4/Content/ThirdPersonBP/Maps/ThirdPersonExampleMap_BuiltData.uasset'
[2026.06.05-07.41.05:299][840]AssetCheck: New page: Asset Save: multiple assets
[2026.06.05-07.41.05:299][840]LogContentValidation: Display: Validating MapBuildDataRegistry /Game/ThirdPersonBP/Maps/ThirdPersonExampleMap_BuiltData.ThirdPersonExampleMap_BuiltData
[2026.06.05-07.41.05:299][840]LogContentValidation: Display: Validating World /Game/ThirdPersonBP/Maps/ThirdPersonExampleMap.ThirdPersonExampleMap
[2026.06.05-07.41.10:079][244]LogUObjectHash: Compacting FUObjectHashTables data took   0.89ms
[2026.06.05-07.41.10:089][244]LogSavePackage: Moving '../../../../../../UEProject/UnrealLearn/Alsv4/Saved/ThirdPersonExampleMap615CF4AB4654ADDA1FD0E6B4083AC382.tmp' to '../../../../../../UEProject/UnrealLearn/Alsv4/Content/ThirdPersonBP/Maps/ThirdPersonExampleMap.umap'
[2026.06.05-07.41.10:124][244]LogSavePackage: Moving '../../../../../../UEProject/UnrealLearn/Alsv4/Saved/ThirdPersonExampleMap_BuiltDataE73E9A094AAA44CA4B97AFA0CFD661EE.tmp' to '../../../../../../UEProject/UnrealLearn/Alsv4/Content/ThirdPersonBP/Maps/ThirdPersonExampleMap_BuiltData.uasset'
[2026.06.05-07.41.10:135][244]AssetCheck: New page: Asset Save: multiple assets
[2026.06.05-07.41.10:135][244]LogContentValidation: Display: Validating MapBuildDataRegistry /Game/ThirdPersonBP/Maps/ThirdPersonExampleMap_BuiltData.ThirdPersonExampleMap_BuiltData
[2026.06.05-07.41.10:135][244]LogContentValidation: Display: Validating World /Game/ThirdPersonBP/Maps/ThirdPersonExampleMap.ThirdPersonExampleMap
[2026.06.05-07.41.12:762][362]LogUObjectHash: Compacting FUObjectHashTables data took   0.35ms
[2026.06.05-07.41.12:776][362]LogWorld: UWorld::CleanupWorld for World_9, bSessionEnded=true, bCleanupResources=true
[2026.06.05-07.41.12:776][362]LogSlate: InvalidateAllWidgets triggered.  All widgets were invalidated
[2026.06.05-07.41.12:825][362]LogSlate: Window 'Alsv4 - Unreal Editor' being destroyed
[2026.06.05-07.41.12:919][363]Cmd: QUIT_EDITOR
[2026.06.05-07.41.12:919][363]LogCore: Engine exit requested (reason: UUnrealEdEngine::CloseEditor())
[2026.06.05-07.41.12:923][363]LogCore: Engine exit requested (reason: EngineExit() was called; note: exit was already requested)
[2026.06.05-07.41.13:807][363]LogAudio: Display: Beginning Audio Device Manager Shutdown (Module: AudioMixerXAudio2)...
[2026.06.05-07.41.13:807][363]LogAudio: Display: Destroying 1 Remaining Audio Device(s)...
[2026.06.05-07.41.13:807][363]LogAudio: Display: Audio Device unregistered from world 'ThirdPersonExampleMap'.
[2026.06.05-07.41.13:807][363]LogAudioMixer: FMixerPlatformXAudio2::StopAudioStream() called
[2026.06.05-07.41.13:808][363]LogAudioMixer: FMixerPlatformXAudio2::StopAudioStream() called
[2026.06.05-07.41.13:810][363]LogAudio: Display: Audio Device Manager Shutdown
[2026.06.05-07.41.13:816][363]LogWindowsTextInputMethodSystem: Display: IME system activated using TSF (搜狗拼音输入法).
[2026.06.05-07.41.13:819][363]LogExit: Preparing to exit.
[2026.06.05-07.41.13:838][363]LogUObjectHash: Compacting FUObjectHashTables data took   1.50ms
[2026.06.05-07.41.14:202][363]LogWorld: UWorld::CleanupWorld for World_8, bSessionEnded=true, bCleanupResources=true
[2026.06.05-07.41.14:203][363]LogWorld: UWorld::CleanupWorld for World_7, bSessionEnded=true, bCleanupResources=true
[2026.06.05-07.41.14:204][363]LogWorld: UWorld::CleanupWorld for World_10, bSessionEnded=true, bCleanupResources=true
[2026.06.05-07.41.14:205][363]LogWorld: UWorld::CleanupWorld for World_3, bSessionEnded=true, bCleanupResources=true
[2026.06.05-07.41.14:206][363]LogWorld: UWorld::CleanupWorld for World_2, bSessionEnded=true, bCleanupResources=true
[2026.06.05-07.41.14:207][363]LogWorld: UWorld::CleanupWorld for World_4, bSessionEnded=true, bCleanupResources=true
[2026.06.05-07.41.14:261][363]LogWorld: UWorld::CleanupWorld for None, bSessionEnded=true, bCleanupResources=true
[2026.06.05-07.41.14:261][363]LogExit: Editor shut down
[2026.06.05-07.41.14:261][363]LogExit: Transaction tracking system shut down
[2026.06.05-07.41.14:268][363]LogDemo: Cleaned up 0 splitscreen connections with owner deletion
[2026.06.05-07.41.14:520][363]LogExit: Object subsystem successfully closed.
[2026.06.05-07.41.14:545][363]LogShaderCompilers: Display: === FShaderJobCache stats ===
[2026.06.05-07.41.14:545][363]LogShaderCompilers: Display: Total job queries 0, among them cache hits 0 (0.00%)
[2026.06.05-07.41.14:545][363]LogShaderCompilers: Display: Tracking 0 distinct input hashes that result in 0 distinct outputs (0.00%)
[2026.06.05-07.41.14:545][363]LogShaderCompilers: Display: RAM used: 0.00 MB (0.00 GB) of 716.80 MB (0.70 GB) budget. Usage: 0.00%
[2026.06.05-07.41.14:545][363]LogShaderCompilers: Display: ================================================
[2026.06.05-07.41.14:553][363]LogShaderCompilers: Display: Shaders left to compile 0
[2026.06.05-07.41.14:592][363]LogModuleManager: Shutting down and abandoning module MovieSceneCapture (900)
[2026.06.05-07.41.14:592][363]LogModuleManager: Shutting down and abandoning module Voice (898)
[2026.06.05-07.41.14:592][363]LogModuleManager: Shutting down and abandoning module BlueprintGraph (896)
[2026.06.05-07.41.14:592][363]LogModuleManager: Shutting down and abandoning module SequencerWidgets (894)
[2026.06.05-07.41.14:592][363]LogModuleManager: Shutting down and abandoning module PinnedCommandList (892)
[2026.06.05-07.41.14:592][363]LogModuleManager: Shutting down and abandoning module SkeletonEditor (890)
[2026.06.05-07.41.14:592][363]LogModuleManager: Shutting down and abandoning module AnimationEditor (888)
[2026.06.05-07.41.14:592][363]LogModuleManager: Shutting down and abandoning module HierarchicalLODOutliner (886)
[2026.06.05-07.41.14:592][363]LogModuleManager: Shutting down and abandoning module SceneOutliner (884)
[2026.06.05-07.41.14:592][363]LogModuleManager: Shutting down and abandoning module AddContentDialog (882)
[2026.06.05-07.41.14:593][363]LogModuleManager: Shutting down and abandoning module WidgetCarousel (881)
[2026.06.05-07.41.14:593][363]LogModuleManager: Shutting down and abandoning module EditorWidgets (878)
[2026.06.05-07.41.14:593][363]LogModuleManager: Shutting down and abandoning module StatsViewer (876)
[2026.06.05-07.41.14:593][363]LogModuleManager: Shutting down and abandoning module PIEPreviewDeviceProfileSelector (874)
[2026.06.05-07.41.14:593][363]LogModuleManager: Shutting down and abandoning module SequenceRecorderSections (872)
[2026.06.05-07.41.14:594][363]LogModuleManager: Shutting down and abandoning module AutomationWorker (870)
[2026.06.05-07.41.14:594][363]LogModuleManager: Shutting down and abandoning module SteamVREditor (868)
[2026.06.05-07.41.14:594][363]LogModuleManager: Shutting down and abandoning module OculusMR (866)
[2026.06.05-07.41.14:594][363]LogModuleManager: Shutting down and abandoning module RiderLC (864)
[2026.06.05-07.41.14:594][363]LogModuleManager: Shutting down and abandoning module RiderShaderInfo (862)
[2026.06.05-07.41.14:594][363]LogModuleManager: Shutting down and abandoning module TakeRecorderSources (860)
[2026.06.05-07.41.14:594][363]LogModuleManager: Shutting down and abandoning module TakeRecorder (859)
[2026.06.05-07.41.14:595][363]LogModuleManager: Shutting down and abandoning module TakeTrackRecorders (856)
[2026.06.05-07.41.14:595][363]LogModuleManager: Shutting down and abandoning module TakesCore (854)
[2026.06.05-07.41.14:595][363]LogModuleManager: Shutting down and abandoning module OpenXRInput (852)
[2026.06.05-07.41.14:595][363]LogModuleManager: Shutting down and abandoning module GooglePADEditor (850)
[2026.06.05-07.41.14:595][363]LogModuleManager: Shutting down and abandoning module AudioCaptureEditor (848)
[2026.06.05-07.41.14:595][363]LogModuleManager: Shutting down and abandoning module ActorSequenceEditor (846)
[2026.06.05-07.41.14:595][363]LogModuleManager: Shutting down and abandoning module MatineeToLevelSequence (844)
[2026.06.05-07.41.14:595][363]LogModuleManager: Shutting down and abandoning module TemplateSequenceEditor (842)
[2026.06.05-07.41.14:596][363]LogModuleManager: Shutting down and abandoning module LevelSequenceEditor (840)
[2026.06.05-07.41.14:596][363]LogModuleManager: Shutting down and abandoning module PlanarCut (838)
[2026.06.05-07.41.14:596][363]LogModuleManager: Shutting down and abandoning module WebMMediaFactory (836)
[2026.06.05-07.41.14:596][363]LogModuleManager: Shutting down and abandoning module WebMMediaEditor (834)
[2026.06.05-07.41.14:596][363]LogModuleManager: Shutting down and abandoning module WebMMedia (832)
[2026.06.05-07.41.14:596][363]LogModuleManager: Shutting down and abandoning module WmfMediaFactory (830)
[2026.06.05-07.41.14:596][363]LogModuleManager: Shutting down and abandoning module WmfMediaEditor (828)
[2026.06.05-07.41.14:596][363]LogModuleManager: Shutting down and abandoning module MediaPlayerEditor (826)
[2026.06.05-07.41.14:597][363]LogModuleManager: Shutting down and abandoning module MediaCompositingEditor (824)
[2026.06.05-07.41.14:597][363]LogModuleManager: Shutting down and abandoning module SequenceRecorder (823)
[2026.06.05-07.41.14:597][363]LogModuleManager: Shutting down and abandoning module OpenExrWrapper (820)
[2026.06.05-07.41.14:597][363]LogModuleManager: Shutting down and abandoning module ImgMediaFactory (818)
[2026.06.05-07.41.14:597][363]LogModuleManager: Shutting down and abandoning module ImgMediaEditor (816)
[2026.06.05-07.41.14:597][363]LogModuleManager: Shutting down and abandoning module MagicLeapMediaCodecFactory (814)
[2026.06.05-07.41.14:597][363]LogModuleManager: Shutting down and abandoning module MagicLeapMediaFactory (812)
[2026.06.05-07.41.14:597][363]LogModuleManager: Shutting down and abandoning module MagicLeapMediaEditor (810)
[2026.06.05-07.41.14:597][363]LogModuleManager: Shutting down and abandoning module AndroidMediaFactory (808)
[2026.06.05-07.41.14:597][363]LogModuleManager: Shutting down and abandoning module AndroidMediaEditor (806)
[2026.06.05-07.41.14:597][363]LogModuleManager: Shutting down and abandoning module AvfMediaFactory (804)
[2026.06.05-07.41.14:597][363]LogModuleManager: Shutting down and abandoning module AvfMediaEditor (802)
[2026.06.05-07.41.14:597][363]LogModuleManager: Shutting down and abandoning module CharacterAI (800)
[2026.06.05-07.41.14:597][363]LogModuleManager: Shutting down and abandoning module TextureAlignMode (798)
[2026.06.05-07.41.14:597][363]LogModuleManager: Shutting down and abandoning module BspMode (796)
[2026.06.05-07.41.14:598][363]LogModuleManager: Shutting down and abandoning module GeometryMode (794)
[2026.06.05-07.41.14:598][363]LogModuleManager: Shutting down and abandoning module CameraShakePreviewer (792)
[2026.06.05-07.41.14:598][363]LogModuleManager: Shutting down and abandoning module SmartSnapping (790)
[2026.06.05-07.41.14:598][363]LogModuleManager: Shutting down and abandoning module SessionServices (788)
[2026.06.05-07.41.14:598][363]LogModuleManager: Shutting down and abandoning module MeshPaint (786)
[2026.06.05-07.41.14:598][363]LogModuleManager: Shutting down and abandoning module VirtualTexturingEditor (784)
[2026.06.05-07.41.14:598][363]LogModuleManager: Shutting down and abandoning module FoliageEdit (782)
[2026.06.05-07.41.14:599][363]LogModuleManager: Shutting down and abandoning module LandscapeEditor (780)
[2026.06.05-07.41.14:599][363]LogModuleManager: Shutting down and abandoning module MeshPaintMode (778)
[2026.06.05-07.41.14:599][363]LogModuleManager: Shutting down and abandoning module SceneDepthPickerMode (776)
[2026.06.05-07.41.14:599][363]LogModuleManager: Shutting down and abandoning module ActorPickerMode (774)
[2026.06.05-07.41.14:599][363]LogModuleManager: Shutting down and abandoning module PlacementMode (772)
[2026.06.05-07.41.14:599][363]LogModuleManager: Shutting down and abandoning module ViewportSnapping (770)
[2026.06.05-07.41.14:599][363]LogModuleManager: Shutting down and abandoning module ViewportInteraction (768)
[2026.06.05-07.41.14:599][363]LogModuleManager: Shutting down and abandoning module ClothPainter (766)
[2026.06.05-07.41.14:600][363]LogModuleManager: Shutting down and abandoning module SkeletalMeshEditor (765)
[2026.06.05-07.41.14:600][363]LogModuleManager: Shutting down and abandoning module LogVisualizer (762)
[2026.06.05-07.41.14:601][363]LogModuleManager: Shutting down and abandoning module IntroTutorials (760)
[2026.06.05-07.41.14:601][363]LogModuleManager: Shutting down and abandoning module GameProjectGeneration (759)
[2026.06.05-07.41.14:601][363]LogModuleManager: Shutting down and abandoning module LuminPlatformEditor (756)
[2026.06.05-07.41.14:601][363]LogModuleManager: Shutting down and abandoning module IOSPlatformEditor (754)
[2026.06.05-07.41.14:601][363]LogModuleManager: Shutting down and abandoning module AndroidPlatformEditor (752)
[2026.06.05-07.41.14:601][363]LogModuleManager: Shutting down and abandoning module AndroidDeviceDetection (751)
[2026.06.05-07.41.16:423][363]LogModuleManager: Shutting down and abandoning module WindowsPlatformEditor (748)
[2026.06.05-07.41.16:423][363]LogModuleManager: Shutting down and abandoning module LuminRuntimeSettings (746)
[2026.06.05-07.41.16:423][363]LogModuleManager: Shutting down and abandoning module IOSRuntimeSettings (744)
[2026.06.05-07.41.16:423][363]LogModuleManager: Shutting down and abandoning module AndroidRuntimeSettings (742)
[2026.06.05-07.41.16:423][363]LogModuleManager: Shutting down and abandoning module TraceInsights (740)
[2026.06.05-07.41.16:425][363]MemoryProfiler: Shutdown
[2026.06.05-07.41.16:425][363]NetworkingProfiler: Shutdown
[2026.06.05-07.41.16:425][363]LoadingProfiler: Shutdown
[2026.06.05-07.41.16:425][363]TimingProfiler: Shutdown
[2026.06.05-07.41.16:426][363]LogModuleManager: Shutting down and abandoning module TraceServices (739)
[2026.06.05-07.41.16:427][363]LogModuleManager: Shutting down and abandoning module EditorInteractiveToolsFramework (736)
[2026.06.05-07.41.16:427][363]LogModuleManager: Shutting down and abandoning module TimeManagementEditor (734)
[2026.06.05-07.41.16:427][363]LogModuleManager: Shutting down and abandoning module InputBindingEditor (732)
[2026.06.05-07.41.16:428][363]LogModuleManager: Shutting down and abandoning module MergeActors (730)
[2026.06.05-07.41.16:428][363]LogModuleManager: Shutting down and abandoning module LocalizationDashboard (728)
[2026.06.05-07.41.16:428][363]LogModuleManager: Shutting down and abandoning module LocalizationService (727)
[2026.06.05-07.41.16:428][363]LogModuleManager: Shutting down and abandoning module HardwareTargeting (724)
[2026.06.05-07.41.16:428][363]LogModuleManager: Shutting down and abandoning module DeviceProfileEditor (722)
[2026.06.05-07.41.16:429][363]LogModuleManager: Shutting down and abandoning module UndoHistory (720)
[2026.06.05-07.41.16:429][363]LogModuleManager: Shutting down and abandoning module XmlParser (718)
[2026.06.05-07.41.16:429][363]LogModuleManager: Shutting down and abandoning module Blutility (716)
[2026.06.05-07.41.16:429][363]LogModuleManager: Shutting down and abandoning module ProjectSettingsViewer (714)
[2026.06.05-07.41.16:429][363]LogModuleManager: Shutting down and abandoning module ProjectTargetPlatformEditor (713)
[2026.06.05-07.41.16:429][363]LogModuleManager: Shutting down and abandoning module EditorSettingsViewer (710)
[2026.06.05-07.41.16:429][363]LogModuleManager: Shutting down and abandoning module InternationalizationSettings (709)
[2026.06.05-07.41.16:429][363]LogModuleManager: Shutting down and abandoning module SettingsEditor (706)
[2026.06.05-07.41.16:429][363]LogModuleManager: Shutting down and abandoning module ProjectLauncher (704)
[2026.06.05-07.41.16:429][363]LogModuleManager: Shutting down and abandoning module SessionFrontend (702)
[2026.06.05-07.41.16:430][363]LogModuleManager: Shutting down and abandoning module ProfilerClient (700)
[2026.06.05-07.41.16:430][363]LogModuleManager: Shutting down and abandoning module DeviceManager (698)
[2026.06.05-07.41.16:430][363]LogModuleManager: Shutting down and abandoning module TargetDeviceServices (697)
[2026.06.05-07.41.16:463][363]LogModuleManager: Shutting down and abandoning module AutomationController (694)
[2026.06.05-07.41.16:463][363]LogModuleManager: Shutting down and abandoning module AutomationWindow (692)
[2026.06.05-07.41.16:463][363]LogModuleManager: Shutting down and abandoning module Layers (690)
[2026.06.05-07.41.16:464][363]LogModuleManager: Shutting down and abandoning module ComponentVisualizers (688)
[2026.06.05-07.41.16:464][363]LogModuleManager: Shutting down and abandoning module DetailCustomizations (686)
[2026.06.05-07.41.16:464][363]LogModuleManager: Shutting down and abandoning module PackagesDialog (684)
[2026.06.05-07.41.16:465][363]LogModuleManager: Shutting down and abandoning module AnimationBlueprintEditor (682)
[2026.06.05-07.41.16:465][363]LogModuleManager: Shutting down and abandoning module Persona (680)
[2026.06.05-07.41.16:465][363]LogModuleManager: Shutting down and abandoning module AdvancedPreviewScene (679)
[2026.06.05-07.41.16:465][363]LogModuleManager: Shutting down and abandoning module AnimGraph (677)
[2026.06.05-07.41.16:465][363]LogModuleManager: Shutting down and abandoning module Kismet (674)
[2026.06.05-07.41.16:469][363]LogModuleManager: Shutting down and abandoning module KismetWidgets (673)
[2026.06.05-07.41.16:469][363]LogModuleManager: Shutting down and abandoning module GraphEditor (670)
[2026.06.05-07.41.16:469][363]LogModuleManager: Shutting down and abandoning module StructViewer (668)
[2026.06.05-07.41.16:470][363]LogModuleManager: Shutting down and abandoning module ClassViewer (666)
[2026.06.05-07.41.16:470][363]LogModuleManager: Shutting down and abandoning module Toolbox (664)
[2026.06.05-07.41.16:470][363]LogModuleManager: Shutting down and abandoning module ModuleUI (662)
[2026.06.05-07.41.16:470][363]LogModuleManager: Shutting down and abandoning module OutputLog (660)
[2026.06.05-07.41.16:471][363]LogModuleManager: Shutting down and abandoning module GammaUI (658)
[2026.06.05-07.41.16:471][363]LogModuleManager: Shutting down and abandoning module Documentation (656)
[2026.06.05-07.41.16:471][363]LogModuleManager: Shutting down and abandoning module LiveCoding (654)
[2026.06.05-07.41.16:472][363]LogModuleManager: Shutting down and abandoning module LevelSequence (652)
[2026.06.05-07.41.16:472][363]LogModuleManager: Shutting down and abandoning module MovieSceneTracks (650)
[2026.06.05-07.41.16:472][363]LogModuleManager: Shutting down and abandoning module MovieScene (648)
[2026.06.05-07.41.16:473][363]LogModuleManager: Shutting down and abandoning module StreamingPauseRendering (646)
[2026.06.05-07.41.16:473][363]LogModuleManager: Shutting down and abandoning module LauncherPlatform (644)
[2026.06.05-07.41.16:473][363]LogModuleManager: Shutting down and abandoning module AnalyticsET (642)
[2026.06.05-07.41.16:473][363]LogModuleManager: Shutting down and abandoning module PortalServices (640)
[2026.06.05-07.41.16:473][363]LogModuleManager: Shutting down and abandoning module PortalRpc (638)
[2026.06.05-07.41.16:473][363]LogModuleManager: Shutting down and abandoning module MessagingRpc (636)
[2026.06.05-07.41.16:473][363]LogModuleManager: Shutting down and abandoning module AudioMixerXAudio2 (634)
[2026.06.05-07.41.16:473][363]LogModuleManager: Shutting down and abandoning module AudioMixerCore (633)
[2026.06.05-07.41.16:473][363]LogModuleManager: Shutting down and abandoning module AIModule (630)
[2026.06.05-07.41.16:473][363]LogModuleManager: Shutting down and abandoning module GameplayDebugger (629)
[2026.06.05-07.41.16:473][363]LogModuleManager: Shutting down and abandoning module AITestSuite (627)
[2026.06.05-07.41.16:474][363]LogModuleManager: Shutting down and abandoning module NavigationSystem (625)
[2026.06.05-07.41.16:474][363]LogModuleManager: Shutting down and abandoning module ImageWriteQueue (622)
[2026.06.05-07.41.16:482][363]LogModuleManager: Shutting down and abandoning module ProfilerService (620)
[2026.06.05-07.41.16:652][363]LogModuleManager: Shutting down and abandoning module TaskGraph (618)
[2026.06.05-07.41.16:653][363]LogModuleManager: Shutting down and abandoning module AudioSynesthesiaEditor (616)
[2026.06.05-07.41.16:653][363]LogModuleManager: Shutting down and abandoning module OculusEditor (614)
[2026.06.05-07.41.16:654][363]LogModuleManager: Shutting down and abandoning module OculusInput (612)
[2026.06.05-07.41.16:654][363]LogModuleManager: Shutting down and abandoning module RiderGameControl (610)
[2026.06.05-07.41.16:655][363]LogModuleManager: Shutting down and abandoning module RiderBlueprint (608)
[2026.06.05-07.41.16:655][363]LogModuleManager: Shutting down and abandoning module ContentBrowserClassDataSource (606)
[2026.06.05-07.41.16:655][363]LogModuleManager: Shutting down and abandoning module ContentBrowserAssetDataSource (604)
[2026.06.05-07.41.16:655][363]LogModuleManager: Shutting down and abandoning module CollectionManager (603)
[2026.06.05-07.41.16:655][363]LogModuleManager: Shutting down and abandoning module ContentBrowserFileDataSource (600)
[2026.06.05-07.41.16:655][363]LogModuleManager: Shutting down and abandoning module TakeSequencer (598)
[2026.06.05-07.41.16:655][363]LogModuleManager: Shutting down and abandoning module TakeMovieScene (596)
[2026.06.05-07.41.16:655][363]LogModuleManager: Shutting down and abandoning module SynthesisEditor (594)
[2026.06.05-07.41.16:655][363]LogModuleManager: Shutting down and abandoning module Synthesis (592)
[2026.06.05-07.41.16:656][363]LogModuleManager: Shutting down and abandoning module ProceduralMeshComponentEditor (590)
[2026.06.05-07.41.16:656][363]LogModuleManager: Shutting down and abandoning module ProceduralMeshComponent (588)
[2026.06.05-07.41.16:656][363]LogModuleManager: Shutting down and abandoning module OpenXREditor (586)
[2026.06.05-07.41.16:656][363]LogModuleManager: Shutting down and abandoning module ScreenshotTools (584)
[2026.06.05-07.41.16:656][363]LogModuleManager: Shutting down and abandoning module MobilePatchingUtils (582)
[2026.06.05-07.41.16:656][363]LogModuleManager: Shutting down and abandoning module CableComponent (580)
[2026.06.05-07.41.16:656][363]LogModuleManager: Shutting down and abandoning module GooglePAD (578)
[2026.06.05-07.41.16:656][363]LogModuleManager: Shutting down and abandoning module EditableMesh (576)
[2026.06.05-07.41.16:656][363]LogModuleManager: Shutting down and abandoning module ArchVisCharacter (574)
[2026.06.05-07.41.16:656][363]LogModuleManager: Shutting down and abandoning module CustomMeshComponent (572)
[2026.06.05-07.41.16:656][363]LogModuleManager: Shutting down and abandoning module AudioCapture (570)
[2026.06.05-07.41.16:656][363]LogModuleManager: Shutting down and abandoning module AudioCaptureRtAudio (569)
[2026.06.05-07.41.16:657][363]LogModuleManager: Shutting down and abandoning module AppleImageUtilsBlueprintSupport (566)
[2026.06.05-07.41.16:657][363]LogModuleManager: Shutting down and abandoning module AppleImageUtils (564)
[2026.06.05-07.41.16:657][363]LogModuleManager: Shutting down and abandoning module AssetTags (562)
[2026.06.05-07.41.16:657][363]LogModuleManager: Shutting down and abandoning module ActorLayerUtilitiesEditor (560)
[2026.06.05-07.41.16:657][363]LogModuleManager: Shutting down and abandoning module ActorLayerUtilities (558)
[2026.06.05-07.41.16:657][363]LogModuleManager: Shutting down and abandoning module AndroidPermission (556)
[2026.06.05-07.41.16:657][363]LogModuleManager: Shutting down and abandoning module TemplateSequence (554)
[2026.06.05-07.41.16:657][363]LogModuleManager: Shutting down and abandoning module OpenImageDenoise (552)
[2026.06.05-07.41.16:657][363]LogOpenImageDenoise: OIDN shutting down
[2026.06.05-07.41.16:657][363]LogModuleManager: Shutting down and abandoning module MotoSynthEditor (550)
[2026.06.05-07.41.16:657][363]LogModuleManager: Shutting down and abandoning module MotoSynth (548)
[2026.06.05-07.41.16:657][363]LogModuleManager: Shutting down and abandoning module MeshConversion (546)
[2026.06.05-07.41.16:657][363]LogModuleManager: Shutting down and abandoning module DynamicMesh (544)
[2026.06.05-07.41.16:657][363]LogModuleManager: Shutting down and abandoning module GeometryAlgorithms (542)
[2026.06.05-07.41.16:658][363]LogModuleManager: Shutting down and abandoning module GeometricObjects (540)
[2026.06.05-07.41.16:658][363]LogModuleManager: Shutting down and abandoning module GeometryCacheTracks (538)
[2026.06.05-07.41.16:658][363]LogModuleManager: Shutting down and abandoning module GeometryCacheStreamer (536)
[2026.06.05-07.41.16:658][363]LogModuleManager: Shutting down and abandoning module GeometryCacheSequencer (534)
[2026.06.05-07.41.16:658][363]LogModuleManager: Shutting down and abandoning module MediaCompositing (532)
[2026.06.05-07.41.16:658][363]LogModuleManager: Shutting down and abandoning module ImgMedia (530)
[2026.06.05-07.41.16:658][363]LogModuleManager: Shutting down and abandoning module MagicLeapSharedWorld (528)
[2026.06.05-07.41.16:658][363]LogModuleManager: Shutting down and abandoning module GeometryCollectionTracks (526)
[2026.06.05-07.41.16:658][363]LogModuleManager: Shutting down and abandoning module GeometryCollectionSequencer (525)
[2026.06.05-07.41.16:658][363]LogModuleManager: Shutting down and abandoning module GeometryCollectionEditor (522)
[2026.06.05-07.41.16:658][363]LogModuleManager: Shutting down and abandoning module MagicLeapLightEstimation (520)
[2026.06.05-07.41.16:658][363]LogModuleManager: Shutting down and abandoning module AutomationUtilsEditor (518)
[2026.06.05-07.41.16:658][363]LogModuleManager: Shutting down and abandoning module AutomationUtils (516)
[2026.06.05-07.41.16:658][363]LogModuleManager: Shutting down and abandoning module ChaosClothEditor (514)
[2026.06.05-07.41.16:658][363]LogModuleManager: Shutting down and abandoning module ChaosSolverEditor (512)
[2026.06.05-07.41.16:658][363]LogModuleManager: Shutting down and abandoning module ChaosNiagara (510)
[2026.06.05-07.41.16:658][363]LogModuleManager: Shutting down and abandoning module FractureEditor (508)
[2026.06.05-07.41.16:659][363]LogModuleManager: Shutting down and abandoning module FieldSystemEngine (507)
[2026.06.05-07.41.16:659][363]LogModuleManager: Shutting down and abandoning module BackChannel (504)
[2026.06.05-07.41.16:659][363]LogModuleManager: Shutting down and abandoning module RiderSourceCodeAccess (502)
[2026.06.05-07.41.16:659][363]LogModuleManager: Shutting down and abandoning module MagicLeapHelperVulkan (500)
[2026.06.05-07.41.16:659][363]LogModuleManager: Shutting down and abandoning module MagicLeapHelperOpenGL (498)
[2026.06.05-07.41.16:659][363]LogModuleManager: Shutting down and abandoning module MagicLeapAudio (496)
[2026.06.05-07.41.16:660][363]LogModuleManager: Shutting down and abandoning module AlembicImporter (494)
[2026.06.05-07.41.16:660][363]LogModuleManager: Shutting down and abandoning module AlembicLibrary (493)
[2026.06.05-07.41.16:660][363]LogModuleManager: Shutting down and abandoning module GeometryCache (492)
[2026.06.05-07.41.16:660][363]LogModuleManager: Shutting down and abandoning module GeometryCacheEd (491)
[2026.06.05-07.41.16:660][363]LogModuleManager: Shutting down and abandoning module SubversionSourceControl (486)
[2026.06.05-07.41.16:660][363]LogModuleManager: Shutting down and abandoning module VisualStudioSourceCodeAccess (484)
[2026.06.05-07.41.16:661][363]LogModuleManager: Shutting down and abandoning module VisualStudioCodeSourceCodeAccess (482)
[2026.06.05-07.41.16:661][363]LogModuleManager: Shutting down and abandoning module UObjectPlugin (480)
[2026.06.05-07.41.16:661][363]LogModuleManager: Shutting down and abandoning module CLionSourceCodeAccess (478)
[2026.06.05-07.41.16:661][363]LogModuleManager: Shutting down and abandoning module PluginUtils (476)
[2026.06.05-07.41.16:661][363]LogModuleManager: Shutting down and abandoning module PlasticSourceControl (474)
[2026.06.05-07.41.16:661][363]LogModuleManager: Shutting down and abandoning module PerforceSourceControl (472)
[2026.06.05-07.41.16:662][363]LogModuleManager: Shutting down and abandoning module GitSourceControl (470)
[2026.06.05-07.41.16:663][363]LogModuleManager: Shutting down and abandoning module SourceControl (469)
[2026.06.05-07.41.16:663][363]LogModuleManager: Shutting down and abandoning module DatasmithContentEditor (466)
[2026.06.05-07.41.16:663][363]LogModuleManager: Shutting down and abandoning module AnimationSharingEd (464)
[2026.06.05-07.41.16:663][363]LogModuleManager: Shutting down and abandoning module NiagaraEditorWidgets (462)
[2026.06.05-07.41.16:665][363]LogModuleManager: Shutting down and abandoning module VariantManagerContentEditor (460)
[2026.06.05-07.41.16:665][363]LogModuleManager: Shutting down and abandoning module SpeedTreeImporter (458)
[2026.06.05-07.41.16:665][363]LogModuleManager: Shutting down and abandoning module MobileLauncherProfileWizard (456)
[2026.06.05-07.41.16:666][363]LogModuleManager: Shutting down and abandoning module PluginBrowser (454)
[2026.06.05-07.41.16:667][363]LogModuleManager: Shutting down and abandoning module CryptoKeysOpenSSL (452)
[2026.06.05-07.41.16:667][363]LogModuleManager: Shutting down and abandoning module CryptoKeys (450)
[2026.06.05-07.41.16:667][363]LogModuleManager: Shutting down and abandoning module MaterialAnalyzer (448)
[2026.06.05-07.41.16:667][363]LogModuleManager: Shutting down and abandoning module CurveEditorTools (446)
[2026.06.05-07.41.16:668][363]LogModuleManager: Shutting down and abandoning module OodleNetworkHandlerComponent (444)
[2026.06.05-07.41.16:668][363]LogModuleManager: Shutting down and abandoning module LiveLinkSequencer (442)
[2026.06.05-07.41.16:668][363]LogModuleManager: Shutting down and abandoning module LiveLinkMovieScene (440)
[2026.06.05-07.41.16:668][363]LogModuleManager: Shutting down and abandoning module LiveLinkGraphNode (438)
[2026.06.05-07.41.16:668][363]LogModuleManager: Shutting down and abandoning module LiveLinkEditor (436)
[2026.06.05-07.41.16:668][363]LogModuleManager: Shutting down and abandoning module LiveLinkComponents (434)
[2026.06.05-07.41.16:668][363]LogModuleManager: Shutting down and abandoning module LiveLink (432)
[2026.06.05-07.41.17:520][363]LogModuleManager: Shutting down and abandoning module LightPropagationVolumeEditor (430)
[2026.06.05-07.41.17:520][363]LogModuleManager: Shutting down and abandoning module PaperTiledImporter (428)
[2026.06.05-07.41.17:520][363]LogModuleManager: Shutting down and abandoning module PaperSpriteSheetImporter (426)
[2026.06.05-07.41.17:520][363]LogModuleManager: Shutting down and abandoning module Paper2DEditor (424)
[2026.06.05-07.41.17:522][363]LogModuleManager: Shutting down and abandoning module MeshPaintingToolset (422)
[2026.06.05-07.41.17:524][363]LogModuleManager: Shutting down and abandoning module MeshPaintEditorMode (420)
[2026.06.05-07.41.17:524][363]LogModuleManager: Shutting down and abandoning module RiderDebuggerSupport (418)
[2026.06.05-07.41.17:524][363]LogModuleManager: Shutting down and abandoning module RiderLogging (416)
[2026.06.05-07.41.17:525][363]LogModuleManager: Shutting down and abandoning module RiderLink (414)
[2026.06.05-07.41.17:529][363]LogModuleManager: Shutting down and abandoning module RD (412)
[2026.06.05-07.41.17:529][363]LogModuleManager: Shutting down and abandoning module SoundFields (410)
[2026.06.05-07.41.17:529][363]LogModuleManager: Shutting down and abandoning module PropertyAccessEditor (408)
[2026.06.05-07.41.17:529][363]LogModuleManager: Shutting down and abandoning module RuntimePhysXCooking (406)
[2026.06.05-07.41.17:529][363]LogModuleManager: Shutting down and abandoning module SignificanceManager (404)
[2026.06.05-07.41.17:529][363]LogModuleManager: Shutting down and abandoning module PhysXVehiclesEditor (402)
[2026.06.05-07.41.17:529][363]LogModuleManager: Shutting down and abandoning module LocationServicesBPLibrary (398)
[2026.06.05-07.41.17:529][363]LogModuleManager: Shutting down and abandoning module AudioSynesthesia (396)
[2026.06.05-07.41.17:529][363]LogModuleManager: Shutting down and abandoning module AudioSynesthesiaCore (394)
[2026.06.05-07.41.17:529][363]LogModuleManager: Shutting down and abandoning module ActorSequence (392)
[2026.06.05-07.41.17:529][363]LogModuleManager: Shutting down and abandoning module PythonScriptPlugin (390)
[2026.06.05-07.41.17:529][363]LogModuleManager: Shutting down and abandoning module UdpMessaging (388)
[2026.06.05-07.41.17:630][363]LogModuleManager: Shutting down and abandoning module TcpMessaging (386)
[2026.06.05-07.41.17:730][363]LogModuleManager: Shutting down and abandoning module ImgMediaEngine (384)
[2026.06.05-07.41.17:730][363]LogModuleManager: Shutting down and abandoning module MagicLeapARPin (382)
[2026.06.05-07.41.17:730][363]LogModuleManager: Shutting down and abandoning module PropertyAccessNode (380)
[2026.06.05-07.41.17:730][363]LogModuleManager: Shutting down and abandoning module MagicLeapHandMeshing (378)
[2026.06.05-07.41.17:730][363]LogModuleManager: Shutting down and abandoning module MagicLeapSecureStorage (376)
[2026.06.05-07.41.17:730][363]LogModuleManager: Shutting down and abandoning module MagicLeapPrivileges (374)
[2026.06.05-07.41.17:730][363]LogModuleManager: Shutting down and abandoning module MagicLeapPlanes (372)
[2026.06.05-07.41.17:730][363]LogMagicLeapPlanes: Planes tracker already destroyed.
[2026.06.05-07.41.17:730][363]LogModuleManager: Shutting down and abandoning module MagicLeapImageTracker (370)
[2026.06.05-07.41.17:730][363]LogModuleManager: Shutting down and abandoning module MagicLeapIdentity (368)
[2026.06.05-07.41.17:730][363]LogModuleManager: Shutting down and abandoning module MagicLeapHandTracking (366)
[2026.06.05-07.41.17:730][363]LogModuleManager: Shutting down and abandoning module MagicLeapEyeTracker (364)
[2026.06.05-07.41.17:730][363]LogModuleManager: Shutting down and abandoning module MagicLeapController (362)
[2026.06.05-07.41.17:730][363]LogModuleManager: Shutting down and abandoning module MagicLeapARPinImpl (360)
[2026.06.05-07.41.17:730][363]LogModuleManager: Shutting down and abandoning module MagicLeapAR (358)
[2026.06.05-07.41.17:730][363]LogModuleManager: Shutting down and abandoning module AnimationSharing (356)
[2026.06.05-07.41.17:730][363]LogModuleManager: Shutting down and abandoning module NiagaraAnimNotifies (354)
[2026.06.05-07.41.17:730][363]LogModuleManager: Shutting down and abandoning module Niagara (352)
[2026.06.05-07.41.17:732][363]LogModuleManager: Shutting down and abandoning module SignalProcessing (351)
[2026.06.05-07.41.17:732][363]LogModuleManager: Shutting down and abandoning module NiagaraEditor (349)
[2026.06.05-07.41.17:733][363]LogModuleManager: Shutting down and abandoning module NiagaraCore (346)
[2026.06.05-07.41.17:733][363]LogModuleManager: Shutting down and abandoning module GameplayTagsEditor (344)
[2026.06.05-07.41.17:733][363]LogModuleManager: Shutting down and abandoning module FacialAnimationEditor (342)
[2026.06.05-07.41.17:733][363]LogModuleManager: Shutting down and abandoning module FacialAnimation (340)
[2026.06.05-07.41.17:733][363]LogModuleManager: Shutting down and abandoning module DataValidation (338)
[2026.06.05-07.41.17:733][363]LogModuleManager: Shutting down and abandoning module AssetManagerEditor (336)
[2026.06.05-07.41.17:733][363]LogModuleManager: Shutting down and abandoning module LevelEditor (335)
[2026.06.05-07.41.17:734][363]LogModuleManager: Shutting down and abandoning module PixelInspectorModule (334)
[2026.06.05-07.41.17:734][363]LogModuleManager: Shutting down and abandoning module CommonMenuExtensions (332)
[2026.06.05-07.41.17:735][363]LogModuleManager: Shutting down and abandoning module MainFrame (330)
[2026.06.05-07.41.17:735][363]LogModuleManager: Shutting down and abandoning module HotReload (329)
[2026.06.05-07.41.17:735][363]LogModuleManager: Shutting down and abandoning module ToolMenus (325)
[2026.06.05-07.41.17:735][363]LogModuleManager: Shutting down and abandoning module ContentBrowser (323)
[2026.06.05-07.41.17:735][363]LogModuleManager: Shutting down and abandoning module ContentBrowserData (322)
[2026.06.05-07.41.17:735][363]LogModuleManager: Shutting down and abandoning module TreeMap (319)
[2026.06.05-07.41.17:735][363]LogModuleManager: Shutting down and abandoning module GameplayCameras (316)
[2026.06.05-07.41.17:735][363]LogModuleManager: Shutting down and abandoning module LightPropagationVolumeRuntime (314)
[2026.06.05-07.41.17:735][363]LogModuleManager: Shutting down and abandoning module Paper2D (312)
[2026.06.05-07.41.17:736][363]LogModuleManager: Shutting down and abandoning module EnvironmentQueryEditor (310)
[2026.06.05-07.41.17:736][363]LogModuleManager: Shutting down and abandoning module WebMMoviePlayer (308)
[2026.06.05-07.41.17:736][363]LogModuleManager: Shutting down and abandoning module WindowsMoviePlayer (306)
[2026.06.05-07.41.17:737][363]LogModuleManager: Shutting down and abandoning module NetworkReplayStreaming (304)
[2026.06.05-07.41.17:737][363]LogModuleManager: Shutting down and abandoning module PacketHandler (302)
[2026.06.05-07.41.17:737][363]LogModuleManager: Shutting down and abandoning module ClothingSystemEditor (300)
[2026.06.05-07.41.17:737][363]LogModuleManager: Shutting down and abandoning module ClothingSystemRuntimeNv (298)
[2026.06.05-07.41.17:738][363]LogModuleManager: Shutting down and abandoning module MediaAssets (296)
[2026.06.05-07.41.17:738][363]LogModuleManager: Shutting down and abandoning module Overlay (294)
[2026.06.05-07.41.17:738][363]LogModuleManager: Shutting down and abandoning module OverlayEditor (293)
[2026.06.05-07.41.17:738][363]LogModuleManager: Shutting down and abandoning module VREditor (290)
[2026.06.05-07.41.17:738][363]LogModuleManager: Shutting down and abandoning module StringTableEditor (288)
[2026.06.05-07.41.17:738][363]LogModuleManager: Shutting down and abandoning module GameplayTasksEditor (286)
[2026.06.05-07.41.17:738][363]LogModuleManager: Shutting down and abandoning module BehaviorTreeEditor (284)
[2026.06.05-07.41.17:739][363]LogModuleManager: Shutting down and abandoning module FunctionalTesting (282)
[2026.06.05-07.41.17:739][363]LogModuleManager: Shutting down and abandoning module CollisionAnalyzer (280)
[2026.06.05-07.41.17:739][363]LogModuleManager: Shutting down and abandoning module WorkspaceMenuStructure (279)
[2026.06.05-07.41.17:739][363]LogModuleManager: Shutting down and abandoning module UMG (276)
[2026.06.05-07.41.17:740][363]LogModuleManager: Shutting down and abandoning module UMGEditor (275)
[2026.06.05-07.41.17:740][363]LogModuleManager: Shutting down and abandoning module MessageLog (273)
[2026.06.05-07.41.17:740][363]LogModuleManager: Shutting down and abandoning module SlateReflector (268)
[2026.06.05-07.41.17:742][363]LogModuleManager: Shutting down and abandoning module Slate (266)
[2026.06.05-07.41.17:742][363]LogModuleManager: Shutting down and abandoning module SlateCore (264)
[2026.06.05-07.41.17:742][363]LogModuleManager: Shutting down and abandoning module LandscapeEditorUtilities (262)
[2026.06.05-07.41.17:742][363]LogModuleManager: Shutting down and abandoning module UnrealEd (260)
[2026.06.05-07.41.17:742][363]LogModuleManager: Shutting down and abandoning module MRMesh (258)
[2026.06.05-07.41.17:742][363]LogModuleManager: Shutting down and abandoning module SourceCodeAccess (256)
[2026.06.05-07.41.17:742][363]LogModuleManager: Shutting down and abandoning module HeadMountedDisplay (254)
[2026.06.05-07.41.17:742][363]LogModuleManager: Shutting down and abandoning module XAudio2 (252)
[2026.06.05-07.41.17:742][363]LogModuleManager: Shutting down and abandoning module Networking (250)
[2026.06.05-07.41.17:742][363]LogModuleManager: Shutting down and abandoning module Core (248)
[2026.06.05-07.41.17:742][363]LogModuleManager: Shutting down and abandoning module MaterialEditor (246)
[2026.06.05-07.41.17:743][363]LogModuleManager: Shutting down and abandoning module MovieSceneTools (244)
[2026.06.05-07.41.17:743][363]LogModuleManager: Shutting down and abandoning module CurveEditor (243)
[2026.06.05-07.41.17:744][363]LogModuleManager: Shutting down and abandoning module Sequencer (241)
[2026.06.05-07.41.17:745][363]LogModuleManager: Shutting down and abandoning module EditorStyle (240)
[2026.06.05-07.41.17:745][363]LogModuleManager: Shutting down and abandoning module KismetCompiler (236)
[2026.06.05-07.41.17:745][363]LogModuleManager: Shutting down and abandoning module MeshBuilder (234)
[2026.06.05-07.41.17:745][363]LogModuleManager: Shutting down and abandoning module MeshUtilities (232)
[2026.06.05-07.41.17:746][363]LogModuleManager: Shutting down and abandoning module MeshMergeUtilities (231)
[2026.06.05-07.41.17:746][363]LogModuleManager: Shutting down and abandoning module MeshReductionInterface (230)
[2026.06.05-07.41.17:746][363]LogModuleManager: Shutting down and abandoning module MeshBoneReduction (229)
[2026.06.05-07.41.17:746][363]LogModuleManager: Shutting down and abandoning module SkeletalMeshReduction (227)
[2026.06.05-07.41.17:746][363]LogModuleManager: Shutting down and abandoning module ProxyLODMeshReduction (225)
[2026.06.05-07.41.17:746][363]LogModuleManager: Shutting down and abandoning module QuadricMeshReduction (223)
[2026.06.05-07.41.17:747][363]LogModuleManager: Shutting down and abandoning module MaterialBaking (219)
[2026.06.05-07.41.17:747][363]LogModuleManager: Shutting down and abandoning module NullInstallBundleManager (214)
[2026.06.05-07.41.17:747][363]LogModuleManager: Shutting down and abandoning module DerivedDataCache (212)
[2026.06.05-07.41.17:747][363]LogModuleManager: Shutting down and abandoning module TargetPlatform (210)
[2026.06.05-07.41.17:747][363]LogModuleManager: Shutting down and abandoning module VulkanShaderFormat (209)
[2026.06.05-07.41.17:748][363]LogModuleManager: Shutting down and abandoning module ShaderFormatVectorVM (207)
[2026.06.05-07.41.17:748][363]LogModuleManager: Shutting down and abandoning module ShaderFormatOpenGL (205)
[2026.06.05-07.41.17:748][363]LogModuleManager: Shutting down and abandoning module ShaderFormatD3D (203)
[2026.06.05-07.41.17:748][363]LogModuleManager: Shutting down and abandoning module MetalShaderFormat (201)
[2026.06.05-07.41.17:748][363]LogModuleManager: Shutting down and abandoning module TextureFormatOodle (199)
[2026.06.05-07.41.17:748][363]LogModuleManager: Shutting down and abandoning module TextureFormatUncompressed (197)
[2026.06.05-07.41.17:748][363]LogModuleManager: Shutting down and abandoning module TextureFormatPVR (195)
[2026.06.05-07.41.17:748][363]LogModuleManager: Shutting down and abandoning module TextureFormatETC2 (193)
[2026.06.05-07.41.17:748][363]LogModuleManager: Shutting down and abandoning module TextureFormatDXT (191)
[2026.06.05-07.41.17:749][363]LogModuleManager: Shutting down and abandoning module TextureFormatIntelISPCTexComp (189)
[2026.06.05-07.41.17:749][363]LogModuleManager: Shutting down and abandoning module TextureFormatASTC (187)
[2026.06.05-07.41.17:749][363]LogModuleManager: Shutting down and abandoning module ImageWrapper (186)
[2026.06.05-07.41.17:749][363]LogModuleManager: Shutting down and abandoning module AudioFormatOpus (183)
[2026.06.05-07.41.17:749][363]LogModuleManager: Shutting down and abandoning module AudioFormatOgg (181)
[2026.06.05-07.41.17:749][363]LogModuleManager: Shutting down and abandoning module AudioFormatADPCM (179)
[2026.06.05-07.41.17:749][363]LogModuleManager: Shutting down and abandoning module WindowsServerTargetPlatform (177)
[2026.06.05-07.41.17:749][363]LogModuleManager: Shutting down and abandoning module WindowsClientTargetPlatform (175)
[2026.06.05-07.41.17:749][363]LogModuleManager: Shutting down and abandoning module WindowsTargetPlatform (173)
[2026.06.05-07.41.17:749][363]LogModuleManager: Shutting down and abandoning module WindowsNoEditorTargetPlatform (171)
[2026.06.05-07.41.17:749][363]LogModuleManager: Shutting down and abandoning module TVOSTargetPlatform (169)
[2026.06.05-07.41.17:749][363]LogModuleManager: Shutting down and abandoning module MacServerTargetPlatform (167)
[2026.06.05-07.41.17:749][363]LogModuleManager: Shutting down and abandoning module MacClientTargetPlatform (165)
[2026.06.05-07.41.17:749][363]LogModuleManager: Shutting down and abandoning module MacTargetPlatform (163)
[2026.06.05-07.41.17:749][363]LogModuleManager: Shutting down and abandoning module MacNoEditorTargetPlatform (161)
[2026.06.05-07.41.17:749][363]LogModuleManager: Shutting down and abandoning module LuminTargetPlatform (159)
[2026.06.05-07.41.17:750][363]LogModuleManager: Shutting down and abandoning module LinuxAArch64ServerTargetPlatform (157)
[2026.06.05-07.41.17:750][363]LogModuleManager: Shutting down and abandoning module LinuxAArch64ClientTargetPlatform (155)
[2026.06.05-07.41.17:750][363]LogModuleManager: Shutting down and abandoning module LinuxAArch64NoEditorTargetPlatform (153)
[2026.06.05-07.41.17:750][363]LogModuleManager: Shutting down and abandoning module LinuxServerTargetPlatform (151)
[2026.06.05-07.41.17:750][363]LogModuleManager: Shutting down and abandoning module LinuxClientTargetPlatform (149)
[2026.06.05-07.41.17:750][363]LogModuleManager: Shutting down and abandoning module LinuxNoEditorTargetPlatform (147)
[2026.06.05-07.41.17:750][363]LogModuleManager: Shutting down and abandoning module LinuxTargetPlatform (145)
[2026.06.05-07.41.17:750][363]LogModuleManager: Shutting down and abandoning module Messaging (143)
[2026.06.05-07.41.17:750][363]LogModuleManager: Shutting down and abandoning module IOSTargetPlatform (141)
[2026.06.05-07.41.17:750][363]LogModuleManager: Shutting down and abandoning module AndroidTargetPlatform (139)
[2026.06.05-07.41.17:753][363]LogModuleManager: Shutting down and abandoning module AllDesktopTargetPlatform (137)
[2026.06.05-07.41.17:753][363]LogModuleManager: Shutting down and abandoning module D3D11RHI (134)
[2026.06.05-07.41.17:753][363]LogModuleManager: Shutting down and abandoning module InputCore (132)
[2026.06.05-07.41.17:753][363]LogModuleManager: Shutting down and abandoning module Settings (130)
[2026.06.05-07.41.17:753][363]LogModuleManager: Shutting down and abandoning module DirectoryWatcher (128)
[2026.06.05-07.41.17:753][363]LogModuleManager: Shutting down and abandoning module PhysXCooking (126)
[2026.06.05-07.41.17:753][363]LogModuleManager: Shutting down and abandoning module Chaos (124)
[2026.06.05-07.41.17:753][363]LogModuleManager: Shutting down and abandoning module WindowsPlatformFeatures (122)
[2026.06.05-07.41.17:753][363]LogModuleManager: Shutting down and abandoning module GameplayMediaEncoder (121)
[2026.06.05-07.41.17:753][363]LogModuleManager: Shutting down and abandoning module AVEncoder (120)
[2026.06.05-07.41.17:754][363]LogModuleManager: Shutting down and abandoning module SteamVRInputDevice (116)
[2026.06.05-07.41.17:754][363]LogModuleManager: Shutting down and abandoning module SteamVRInput (114)
[2026.06.05-07.41.17:754][363]LogModuleManager: Shutting down and abandoning module SteamVR (112)
[2026.06.05-07.41.17:754][363]LogHMD: Freeing OpenVRDLLHandle.
[2026.06.05-07.41.17:754][363]LogModuleManager: Shutting down and abandoning module OculusHMD (110)
[2026.06.05-07.41.17:754][363]LogModuleManager: Shutting down and abandoning module OpenXRHandTracking (108)
[2026.06.05-07.41.17:754][363]LogSlate: Slate User Destroyed.  User Index 0, Is Virtual User: 0
[2026.06.05-07.41.17:754][363]LogModuleManager: Shutting down and abandoning module OpenXRAR (106)
[2026.06.05-07.41.17:754][363]LogModuleManager: Shutting down and abandoning module AugmentedReality (105)
[2026.06.05-07.41.17:754][363]LogModuleManager: Shutting down and abandoning module OpenXRHMD (102)
[2026.06.05-07.41.17:755][363]LogModuleManager: Shutting down and abandoning module OpenXREyeTracker (100)
[2026.06.05-07.41.17:755][363]LogModuleManager: Shutting down and abandoning module ExampleDeviceProfileSelector (98)
[2026.06.05-07.41.17:755][363]LogModuleManager: Shutting down and abandoning module ChunkDownloader (96)
[2026.06.05-07.41.17:755][363]LogModuleManager: Shutting down and abandoning module OnlineBlueprintSupport (94)
[2026.06.05-07.41.17:755][363]LogModuleManager: Shutting down and abandoning module LauncherChunkInstaller (90)
[2026.06.05-07.41.17:755][363]LogModuleManager: Shutting down and abandoning module OnlineSubsystem (88)
[2026.06.05-07.41.17:756][363]LogModuleManager: Shutting down and abandoning module XMPP (83)
[2026.06.05-07.41.17:757][363]LogModuleManager: Shutting down and abandoning module WebSockets (82)
[2026.06.05-07.41.17:791][363]LogModuleManager: Shutting down and abandoning module HTTP (79)
[2026.06.05-07.41.17:791][363]LogHttp: Display: Http module shutting down, but needs to wait on 1 outstanding Http requests:
[2026.06.05-07.41.17:792][363]LogHttp: Display: 	verb=[POST] url=[https://datarouter.ol.epicgames.com/datarouter/api/v1/public/data?SessionID=%7B2222FEE0-4707-BC8D-43C6-9CB518A8DF74%7D&AppID=UEEditor.Rocket.Release&AppVersion=4.27.2-18319896%2B%2B%2BUE4%2BRelease-4.27&UserID=55c73c474e92d0c37f07ab8febe04a38%7C81d32e9996224e89b0dfec987a357124%7Cdc1b3db0-7ab3-4480-bd05-cd7efc218524&AppEnvironment=datacollector-binary&UploadType=eteventstream] refs=[1] status=Processing
[2026.06.05-07.41.17:792][363]LogHttp: Display: cleaning up 1 outstanding Http requests.
[2026.06.05-07.41.17:818][363]LogModuleManager: Shutting down and abandoning module SSL (78)
[2026.06.05-07.41.17:818][363]LogModuleManager: Shutting down and abandoning module WmfMedia (74)
[2026.06.05-07.41.17:820][363]LogModuleManager: Shutting down and abandoning module Media (73)
[2026.06.05-07.41.17:820][363]LogModuleManager: Shutting down and abandoning module MediaInfo (72)
[2026.06.05-07.41.17:820][363]LogModuleManager: Shutting down and abandoning module ExrReaderGpu (68)
[2026.06.05-07.41.17:820][363]LogModuleManager: Shutting down and abandoning module MLSDK (66)
[2026.06.05-07.41.17:820][363]LogModuleManager: Shutting down and abandoning module ChaosCloth (64)
[2026.06.05-07.41.17:821][363]LogModuleManager: Shutting down and abandoning module MagicLeap (62)
[2026.06.05-07.41.17:821][363]LogModuleManager: Shutting down and abandoning module PixWinPlugin (60)
[2026.06.05-07.41.17:821][363]LogModuleManager: Shutting down and abandoning module DatasmithContent (58)
[2026.06.05-07.41.17:821][363]LogModuleManager: Shutting down and abandoning module NiagaraVertexFactories (56)
[2026.06.05-07.41.17:821][363]LogModuleManager: Shutting down and abandoning module NiagaraShader (54)
[2026.06.05-07.41.17:821][363]LogModuleManager: Shutting down and abandoning module VariantManagerContent (52)
[2026.06.05-07.41.17:821][363]LogModuleManager: Shutting down and abandoning module AISupportModule (50)
[2026.06.05-07.41.17:821][363]LogModuleManager: Shutting down and abandoning module DesktopPlatform (48)
[2026.06.05-07.41.17:821][363]LogModuleManager: Shutting down and abandoning module PlatformCryptoOpenSSL (46)
[2026.06.05-07.41.17:821][363]LogModuleManager: Shutting down and abandoning module PlatformCryptoTypes (44)
[2026.06.05-07.41.17:821][363]LogModuleManager: Shutting down and abandoning module PlatformCrypto (42)
[2026.06.05-07.41.17:821][363]LogModuleManager: Shutting down and abandoning module PythonScriptPluginPreload (40)
[2026.06.05-07.41.17:821][363]LogModuleManager: Shutting down and abandoning module OodleDataCompressionFormat (38)
[2026.06.05-07.41.17:822][363]LogModuleManager: Shutting down and abandoning module XGEController (36)
[2026.06.05-07.41.17:822][363]LogXGEController: Cleaning working directory: C:/Users/LiamChen/AppData/Local/Temp/UnrealXGEWorkingDir/
[2026.06.05-07.41.17:822][363]LogModuleManager: Shutting down and abandoning module AnimationModifiers (34)
[2026.06.05-07.41.17:822][363]LogModuleManager: Shutting down and abandoning module AudioEditor (32)
[2026.06.05-07.41.17:822][363]LogModuleManager: Shutting down and abandoning module PropertyEditor (31)
[2026.06.05-07.41.17:822][363]LogModuleManager: Shutting down and abandoning module TextureCompressor (28)
[2026.06.05-07.41.17:823][363]LogModuleManager: Shutting down and abandoning module RenderCore (26)
[2026.06.05-07.41.17:823][363]LogModuleManager: Shutting down and abandoning module Landscape (24)
[2026.06.05-07.41.17:823][363]LogModuleManager: Shutting down and abandoning module SlateRHIRenderer (22)
[2026.06.05-07.41.17:823][363]LogModuleManager: Shutting down and abandoning module AnimGraphRuntime (20)
[2026.06.05-07.41.17:824][363]LogModuleManager: Shutting down and abandoning module Renderer (18)
[2026.06.05-07.41.17:824][363]LogModuleManager: Shutting down and abandoning module Engine (16)
[2026.06.05-07.41.17:824][363]LogModuleManager: Shutting down and abandoning module CoreUObject (14)
[2026.06.05-07.41.17:824][363]LogModuleManager: Shutting down and abandoning module NetworkFile (12)
[2026.06.05-07.41.17:824][363]LogModuleManager: Shutting down and abandoning module CookedIterativeFile (10)
[2026.06.05-07.41.17:824][363]LogModuleManager: Shutting down and abandoning module StreamingFile (8)
[2026.06.05-07.41.17:824][363]LogModuleManager: Shutting down and abandoning module SandboxFile (6)
[2026.06.05-07.41.17:824][363]LogModuleManager: Shutting down and abandoning module PakFile (4)
[2026.06.05-07.41.17:824][363]LogModuleManager: Shutting down and abandoning module RSA (3)
[2026.06.05-07.41.17:825][363]LogContentStreaming: Display: There are 1 unreleased StreamingManagers
[2026.06.05-07.41.17:850][363]LogD3D11RHI: Shutdown
[2026.06.05-07.41.17:850][363]LogD3D11RHI: CleanupD3DDevice
[2026.06.05-07.41.17:852][363]LogExit: Exiting.
[2026.06.05-07.41.17:863][363]Log file closed, 06/05/26 16:41:17
