Log file open, 05/31/26 08:36:11
LogWindows: Failed to load 'aqProf.dll' (GetLastError=126)
LogWindows: File 'aqProf.dll' does not exist
LogWindows: Failed to load 'VtuneApi.dll' (GetLastError=126)
LogWindows: File 'VtuneApi.dll' does not exist
LogWindows: Failed to load 'VtuneApi32e.dll' (GetLastError=126)
LogWindows: File 'VtuneApi32e.dll' does not exist
LogConsoleResponse: Display: Failed to find resolution value strings in scalability ini. Falling back to default.
LogConsoleResponse: Display: Failed to find resolution value strings in scalability ini. Falling back to default.
LogInit: Display: Running engine for game: ALSV4
LogPlatformFile: Not using cached read wrapper
LogTaskGraph: Started task graph with 5 named threads and 35 total threads with 3 sets of task threads.
LogStats: Stats thread started at 2.373850
LogICUInternationalization: ICU TimeZone Detection - Raw Offset: +9:00, Platform Override: ''
LogInit: Display: Loading text-based GConfig....
LogPluginManager: Mounting plugin MeshPainting
LogPluginManager: Mounting plugin XGEController
LogPluginManager: Mounting plugin AISupport
LogPluginManager: Mounting plugin Paper2D
LogPluginManager: Mounting plugin OodleData
LogPluginManager: Mounting plugin GameplayCameras
LogPluginManager: Mounting plugin EnvironmentQueryEditor
LogPluginManager: Mounting plugin OodleNetwork
LogPluginManager: Mounting plugin CameraShakePreviewer
LogPluginManager: Mounting plugin LightPropagationVolume
LogPluginManager: Mounting plugin LiveLink
LogPluginManager: Mounting plugin Niagara
LogPluginManager: Mounting plugin AssetManagerEditor
LogPluginManager: Mounting plugin CurveEditorTools
LogPluginManager: Mounting plugin DataValidation
LogPluginManager: Mounting plugin CryptoKeys
LogPluginManager: Mounting plugin FacialAnimation
LogPluginManager: Mounting plugin GeometryMode
LogPluginManager: Mounting plugin MacGraphicsSwitching
LogPluginManager: Mounting plugin GameplayTagsEditor
LogPluginManager: Mounting plugin MaterialAnalyzer
LogPluginManager: Mounting plugin PluginBrowser
LogPluginManager: Mounting plugin MobileLauncherProfileWizard
LogPluginManager: Mounting plugin SpeedTreeImporter
LogPluginManager: Mounting plugin CodeLiteSourceCodeAccess
LogPluginManager: Mounting plugin KDevelopSourceCodeAccess
LogPluginManager: Mounting plugin GitSourceControl
LogPluginManager: Mounting plugin AnimationSharing
LogPluginManager: Mounting plugin CLionSourceCodeAccess
LogPluginManager: Mounting plugin NullSourceCodeAccess
LogPluginManager: Mounting plugin PixWinPlugin
LogPluginManager: Mounting plugin PerforceSourceControl
LogPluginManager: Mounting plugin PluginUtils
LogPluginManager: Mounting plugin PropertyAccessNode
LogPluginManager: Mounting plugin PlasticSourceControl
LogPluginManager: Mounting plugin RiderSourceCodeAccess
LogPluginManager: Mounting plugin SubversionSourceControl
LogPluginManager: Mounting plugin TextureFormatOodle
LogPluginManager: Mounting plugin UObjectPlugin
LogPluginManager: Mounting plugin VisualStudioCodeSourceCodeAccess
LogPluginManager: Mounting plugin XCodeSourceCodeAccess
LogPluginManager: Mounting plugin VisualStudioSourceCodeAccess
LogPluginManager: Mounting plugin DatasmithContent
LogPluginManager: Mounting plugin LuminPlatformFeatures
LogPluginManager: Mounting plugin VariantManagerContent
LogPluginManager: Mounting plugin MagicLeap
LogPluginManager: Mounting plugin MagicLeapMedia
LogPluginManager: Mounting plugin MagicLeapLightEstimation
LogPluginManager: Mounting plugin MLSDK
LogPluginManager: Mounting plugin MagicLeapPassableWorld
LogPluginManager: Mounting plugin UdpMessaging
LogPluginManager: Mounting plugin TcpMessaging
LogPluginManager: Mounting plugin ActorSequence
LogPluginManager: Mounting plugin MatineeToLevelSequence
LogPluginManager: Mounting plugin LevelSequenceEditor
LogPluginManager: Mounting plugin TemplateSequence
LogPluginManager: Mounting plugin AndroidMedia
LogPluginManager: Mounting plugin AvfMedia
LogPluginManager: Mounting plugin OnlineSubsystem
LogPluginManager: Mounting plugin ImgMedia
LogPluginManager: Mounting plugin MediaCompositing
LogPluginManager: Mounting plugin OnlineSubsystemNull
LogPluginManager: Mounting plugin MediaPlayerEditor
LogPluginManager: Mounting plugin WebMMedia
LogPluginManager: Mounting plugin WmfMedia
LogPluginManager: Mounting plugin OnlineSubsystemUtils
LogPluginManager: Mounting plugin LauncherChunkInstaller
LogPluginManager: Mounting plugin BackChannel
LogPluginManager: Mounting plugin AutomationUtils
LogPluginManager: Mounting plugin AlembicImporter
LogPluginManager: Mounting plugin ChaosCloth
LogPluginManager: Mounting plugin ChaosSolverPlugin
LogPluginManager: Mounting plugin ChaosEditor
LogPluginManager: Mounting plugin ChaosClothEditor
LogPluginManager: Mounting plugin ChaosNiagara
LogPluginManager: Mounting plugin CharacterAI
LogPluginManager: Mounting plugin GeometryCache
LogPluginManager: Mounting plugin GeometryCollectionPlugin
LogPluginManager: Mounting plugin GeometryProcessing
LogPluginManager: Mounting plugin MotoSynth
LogPluginManager: Mounting plugin OpenImageDenoise
LogPluginManager: Mounting plugin PlanarCut
LogPluginManager: Mounting plugin PlatformCrypto
LogPluginManager: Mounting plugin ProxyLODPlugin
LogPluginManager: Mounting plugin PythonScriptPlugin
LogPluginManager: Mounting plugin ScreenshotTools
LogPluginManager: Mounting plugin SkeletalReduction
LogPluginManager: Mounting plugin Takes
LogPluginManager: Mounting plugin ActorLayerUtilities
LogPluginManager: Mounting plugin AndroidPermission
LogPluginManager: Mounting plugin AndroidMoviePlayer
LogPluginManager: Mounting plugin AndroidDeviceProfileSelector
LogPluginManager: Mounting plugin AppleImageUtils
LogPluginManager: Mounting plugin AppleMoviePlayer
LogPluginManager: Mounting plugin ArchVisCharacter
LogPluginManager: Mounting plugin AudioCapture
LogPluginManager: Mounting plugin AssetTags
LogPluginManager: Mounting plugin ChunkDownloader
LogPluginManager: Mounting plugin CableComponent
LogPluginManager: Mounting plugin CustomMeshComponent
LogPluginManager: Mounting plugin AudioSynesthesia
LogPluginManager: Mounting plugin EditableMesh
LogPluginManager: Mounting plugin ExampleDeviceProfileSelector
LogPluginManager: Mounting plugin GoogleCloudMessaging
LogPluginManager: Mounting plugin GooglePAD
LogPluginManager: Mounting plugin IOSDeviceProfileSelector
LogPluginManager: Mounting plugin LinuxDeviceProfileSelector
LogPluginManager: Mounting plugin LocationServicesBPLibrary
LogPluginManager: Mounting plugin MobilePatchingUtils
LogPluginManager: Mounting plugin OpenXREyeTracker
LogPluginManager: Mounting plugin OpenXR
LogPluginManager: Mounting plugin OpenXRHandTracking
LogPluginManager: Mounting plugin PostSplashScreen
LogPluginManager: Mounting plugin PhysXVehicles
LogPluginManager: Mounting plugin ProceduralMeshComponent
LogPluginManager: Mounting plugin RuntimePhysXCooking
LogPluginManager: Mounting plugin PropertyAccessEditor
LogPluginManager: Mounting plugin SignificanceManager
LogPluginManager: Mounting plugin SoundFields
LogPluginManager: Mounting plugin Synthesis
LogPluginManager: Mounting plugin WebMMoviePlayer
LogPluginManager: Mounting plugin WindowsMoviePlayer
LogPluginManager: Mounting plugin RiderLink
LogPluginManager: Mounting plugin ContentBrowserClassDataSource
LogPluginManager: Mounting plugin ContentBrowserAssetDataSource
LogPluginManager: Mounting plugin ContentBrowserFileDataSource
LogPluginManager: Mounting plugin OnlineSubsystemGooglePlay
LogPluginManager: Mounting plugin OnlineSubsystemIOS
LogPluginManager: Mounting plugin OculusVR
LogPluginManager: Mounting plugin SteamVR
PixWinPlugin: PIX capture plugin failed to initialize! Check that the process is launched from PIX.
LogInit: Using libcurl 7.55.1-DEV
LogInit:  - built for x86_64-pc-win32
LogInit:  - supports SSL with OpenSSL/1.1.1
LogInit:  - supports HTTP deflate (compression) using libz 1.2.8
LogInit:  - other features:
LogInit:      CURL_VERSION_SSL
LogInit:      CURL_VERSION_LIBZ
LogInit:      CURL_VERSION_IPV6
LogInit:      CURL_VERSION_ASYNCHDNS
LogInit:      CURL_VERSION_LARGEFILE
LogInit:      CURL_VERSION_IDN
LogInit:  CurlRequestOptions (configurable via config and command line):
LogInit:  - bVerifyPeer = true  - Libcurl will verify peer certificate
LogInit:  - bUseHttpProxy = false  - Libcurl will NOT use HTTP proxy
LogInit:  - bDontReuseConnections = false  - Libcurl will reuse connections
LogInit:  - MaxHostConnections = 16  - Libcurl will limit the number of connections to a host
LogInit:  - LocalHostAddr = Default
LogInit:  - BufferSize = 65536
LogOnline: OSS: Creating online subsystem instance for: NULL
LogInit: WinSock: version 1.1 (2.2), MaxSocks=32767, MaxUdp=65467
LogOnline: OSS: TryLoadSubsystemAndSetDefault: Loaded subsystem for module [NULL]
LogOculusPluginWrapper: OculusPlugin initialized successfully
LogHMD: Failed initializing OVRPlugin 1.59.0
LogInit: Build: ++UE4+Release-4.27-CL-18319896
LogInit: Engine Version: 4.27.2-18319896+++UE4+Release-4.27
LogInit: Compatible Engine Version: 4.27.0-17155196+++UE4+Release-4.27
LogInit: Net CL: 17155196
LogInit: OS: Windows 10 (Release 2009) (), CPU: 12th Gen Intel(R) Core(TM) i5-12490F, GPU: NVIDIA GeForce RTX 3060 Ti
LogInit: Compiled (64-bit): Nov 30 2021 07:12:08
LogInit: Compiled with Visual C++: 19.24.28315.00
LogInit: Build Configuration: Development
LogInit: Branch Name: ++UE4+Release-4.27
LogInit: Command Line: 
LogInit: Base Directory: C:/Program Files/Epic Games/UE_4.27/Engine/Binaries/Win64/
LogInit: Allocator: TBB
LogInit: Installed Engine Build: 1
LogDevObjectVersion: Number of dev versions registered: 29
LogDevObjectVersion:   Dev-Blueprints (B0D832E4-1F89-4F0D-ACCF-7EB736FD4AA2): 10
LogDevObjectVersion:   Dev-Build (E1C64328-A22C-4D53-A36C-8E866417BD8C): 0
LogDevObjectVersion:   Dev-Core (375EC13C-06E4-48FB-B500-84F0262A717E): 4
LogDevObjectVersion:   Dev-Editor (E4B068ED-F494-42E9-A231-DA0B2E46BB41): 40
LogDevObjectVersion:   Dev-Framework (CFFC743F-43B0-4480-9391-14DF171D2073): 37
LogDevObjectVersion:   Dev-Mobile (B02B49B5-BB20-44E9-A304-32B752E40360): 3
LogDevObjectVersion:   Dev-Networking (A4E4105C-59A1-49B5-A7C5-40C4547EDFEE): 0
LogDevObjectVersion:   Dev-Online (39C831C9-5AE6-47DC-9A44-9C173E1C8E7C): 0
LogDevObjectVersion:   Dev-Physics (78F01B33-EBEA-4F98-B9B4-84EACCB95AA2): 14
LogDevObjectVersion:   Dev-Platform (6631380F-2D4D-43E0-8009-CF276956A95A): 0
LogDevObjectVersion:   Dev-Rendering (12F88B9F-8875-4AFC-A67C-D90C383ABD29): 45
LogDevObjectVersion:   Dev-Sequencer (7B5AE74C-D270-4C10-A958-57980B212A5A): 13
LogDevObjectVersion:   Dev-VR (D7296918-1DD6-4BDD-9DE2-64A83CC13884): 3
LogDevObjectVersion:   Dev-LoadTimes (C2A15278-BFE7-4AFE-6C17-90FF531DF755): 1
LogDevObjectVersion:   Private-Geometry (6EACA3D4-40EC-4CC1-B786-8BED09428FC5): 3
LogDevObjectVersion:   Dev-AnimPhys (29E575DD-E0A3-4627-9D10-D276232CDCEA): 17
LogDevObjectVersion:   Dev-Anim (AF43A65D-7FD3-4947-9873-3E8ED9C1BB05): 15
LogDevObjectVersion:   Dev-ReflectionCapture (6B266CEC-1EC7-4B8F-A30B-E4D90942FC07): 1
LogDevObjectVersion:   Dev-Automation (0DF73D61-A23F-47EA-B727-89E90C41499A): 1
LogDevObjectVersion:   FortniteMain (601D1886-AC64-4F84-AA16-D3DE0DEAC7D6): 47
LogDevObjectVersion:   FortniteRelease (E7086368-6B23-4C58-8439-1B7016265E91): 1
LogDevObjectVersion:   Dev-Enterprise (9DFFBCD6-494F-0158-E221-12823C92A888): 10
LogDevObjectVersion:   Dev-Niagara (F2AED0AC-9AFE-416F-8664-AA7FFA26D6FC): 1
LogDevObjectVersion:   Dev-Destruction (174F1F0B-B4C6-45A5-B13F-2EE8D0FB917D): 10
LogDevObjectVersion:   Dev-Physics-Ext (35F94A83-E258-406C-A318-09F59610247C): 41
LogDevObjectVersion:   Dev-PhysicsMaterial-Chaos (B68FC16E-8B1B-42E2-B453-215C058844FE): 1
LogDevObjectVersion:   Dev-CineCamera (B2E18506-4273-CFC2-A54E-F4BB758BBA07): 1
LogDevObjectVersion:   Dev-VirtualProduction (64F58936-FD1B-42BA-BA96-7289D5D0FA4E): 1
LogDevObjectVersion:   Dev-MediaFramework (6F0ED827-A609-4895-9C91-998D90180EA4): 2
LogInit: Presizing for max 25165824 objects, including 0 objects not considered by GC, pre-allocating 0 bytes for permanent pool.
LogConfig: Applying CVar settings from Section [/Script/Engine.StreamingSettings] File [D:/LearnData/UnrealProject/UnrealLearn/ALSV4/Saved/Config/Windows/Engine.ini]
LogConfig: Setting CVar [[s.MinBulkDataSizeForAsyncLoading:131072]]
LogConfig: Setting CVar [[s.AsyncLoadingThreadEnabled:0]]
LogConfig: Setting CVar [[s.EventDrivenLoaderEnabled:1]]
LogConfig: Setting CVar [[s.WarnIfTimeLimitExceeded:0]]
LogConfig: Setting CVar [[s.TimeLimitExceededMultiplier:1.5]]
LogConfig: Setting CVar [[s.TimeLimitExceededMinTime:0.005]]
LogConfig: Setting CVar [[s.UseBackgroundLevelStreaming:1]]
LogConfig: Setting CVar [[s.PriorityAsyncLoadingExtraTime:15.0]]
LogConfig: Setting CVar [[s.LevelStreamingActorsUpdateTimeLimit:5.0]]
LogConfig: Setting CVar [[s.PriorityLevelStreamingActorsUpdateExtraTime:5.0]]
LogConfig: Setting CVar [[s.LevelStreamingComponentsRegistrationGranularity:10]]
LogConfig: Setting CVar [[s.UnregisterComponentsTimeLimit:1.0]]
LogConfig: Setting CVar [[s.LevelStreamingComponentsUnregistrationGranularity:5]]
LogConfig: Setting CVar [[s.FlushStreamingOnExit:1]]
LogInit: Object subsystem initialized
LogConfig: Setting CVar [[con.DebugEarlyDefault:1]]
LogConfig: Setting CVar [[r.setres:1280x720]]
[2026.05.30-23.36.12:007][  0]LogConfig: Setting CVar [[r.VSync:0]]
[2026.05.30-23.36.12:007][  0]LogConfig: Setting CVar [[r.RHICmdBypass:0]]
[2026.05.30-23.36.12:007][  0]LogConfig: Applying CVar settings from Section [/Script/Engine.RendererSettings] File [D:/LearnData/UnrealProject/UnrealLearn/ALSV4/Saved/Config/Windows/Engine.ini]
[2026.05.30-23.36.12:007][  0]LogConfig: Setting CVar [[r.GPUCrashDebugging:0]]
[2026.05.30-23.36.12:007][  0]LogConfig: Applying CVar settings from Section [/Script/Engine.RendererOverrideSettings] File [D:/LearnData/UnrealProject/UnrealLearn/ALSV4/Saved/Config/Windows/Engine.ini]
[2026.05.30-23.36.12:007][  0]LogConfig: Applying CVar settings from Section [/Script/Engine.StreamingSettings] File [D:/LearnData/UnrealProject/UnrealLearn/ALSV4/Saved/Config/Windows/Engine.ini]
[2026.05.30-23.36.12:007][  0]LogConfig: Setting CVar [[s.MinBulkDataSizeForAsyncLoading:131072]]
[2026.05.30-23.36.12:007][  0]LogConfig: Setting CVar [[s.AsyncLoadingThreadEnabled:0]]
[2026.05.30-23.36.12:007][  0]LogConfig: Setting CVar [[s.EventDrivenLoaderEnabled:1]]
[2026.05.30-23.36.12:007][  0]LogConfig: Setting CVar [[s.WarnIfTimeLimitExceeded:0]]
[2026.05.30-23.36.12:007][  0]LogConfig: Setting CVar [[s.TimeLimitExceededMultiplier:1.5]]
[2026.05.30-23.36.12:007][  0]LogConfig: Setting CVar [[s.TimeLimitExceededMinTime:0.005]]
[2026.05.30-23.36.12:007][  0]LogConfig: Setting CVar [[s.UseBackgroundLevelStreaming:1]]
[2026.05.30-23.36.12:007][  0]LogConfig: Setting CVar [[s.PriorityAsyncLoadingExtraTime:15.0]]
[2026.05.30-23.36.12:007][  0]LogConfig: Setting CVar [[s.LevelStreamingActorsUpdateTimeLimit:5.0]]
[2026.05.30-23.36.12:007][  0]LogConfig: Setting CVar [[s.PriorityLevelStreamingActorsUpdateExtraTime:5.0]]
[2026.05.30-23.36.12:007][  0]LogConfig: Setting CVar [[s.LevelStreamingComponentsRegistrationGranularity:10]]
[2026.05.30-23.36.12:007][  0]LogConfig: Setting CVar [[s.UnregisterComponentsTimeLimit:1.0]]
[2026.05.30-23.36.12:007][  0]LogConfig: Setting CVar [[s.LevelStreamingComponentsUnregistrationGranularity:5]]
[2026.05.30-23.36.12:007][  0]LogConfig: Setting CVar [[s.FlushStreamingOnExit:1]]
[2026.05.30-23.36.12:007][  0]LogConfig: Applying CVar settings from Section [/Script/Engine.GarbageCollectionSettings] File [D:/LearnData/UnrealProject/UnrealLearn/ALSV4/Saved/Config/Windows/Engine.ini]
[2026.05.30-23.36.12:007][  0]LogConfig: Setting CVar [[gc.MaxObjectsNotConsideredByGC:1]]
[2026.05.30-23.36.12:007][  0]LogConfig: Setting CVar [[gc.SizeOfPermanentObjectPool:0]]
[2026.05.30-23.36.12:007][  0]LogConfig: Setting CVar [[gc.FlushStreamingOnGC:0]]
[2026.05.30-23.36.12:007][  0]LogConfig: Setting CVar [[gc.NumRetriesBeforeForcingGC:10]]
[2026.05.30-23.36.12:007][  0]LogConfig: Setting CVar [[gc.AllowParallelGC:1]]
[2026.05.30-23.36.12:007][  0]LogConfig: Setting CVar [[gc.TimeBetweenPurgingPendingKillObjects:61.1]]
[2026.05.30-23.36.12:007][  0]LogConfig: Setting CVar [[gc.MaxObjectsInEditor:25165824]]
[2026.05.30-23.36.12:007][  0]LogConfig: Setting CVar [[gc.IncrementalBeginDestroyEnabled:1]]
[2026.05.30-23.36.12:007][  0]LogConfig: Setting CVar [[gc.CreateGCClusters:1]]
[2026.05.30-23.36.12:007][  0]LogConfig: Setting CVar [[gc.MinGCClusterSize:5]]
[2026.05.30-23.36.12:007][  0]LogConfig: Setting CVar [[gc.ActorClusteringEnabled:0]]
[2026.05.30-23.36.12:007][  0]LogConfig: Setting CVar [[gc.BlueprintClusteringEnabled:0]]
[2026.05.30-23.36.12:007][  0]LogConfig: Setting CVar [[gc.UseDisregardForGCOnDedicatedServers:0]]
[2026.05.30-23.36.12:007][  0]LogConfig: Setting CVar [[gc.MultithreadedDestructionEnabled:1]]
[2026.05.30-23.36.12:007][  0]LogConfig: Applying CVar settings from Section [/Script/Engine.NetworkSettings] File [D:/LearnData/UnrealProject/UnrealLearn/ALSV4/Saved/Config/Windows/Engine.ini]
[2026.05.30-23.36.12:007][  0]LogConfig: Applying CVar settings from Section [/Script/UnrealEd.CookerSettings] File [D:/LearnData/UnrealProject/UnrealLearn/ALSV4/Saved/Config/Windows/Engine.ini]
[2026.05.30-23.36.12:037][  0]LogConfig: Applying CVar settings from Section [ViewDistanceQuality@3] File [D:/LearnData/UnrealProject/UnrealLearn/ALSV4/Saved/Config/Windows/Scalability.ini]
[2026.05.30-23.36.12:037][  0]LogConfig: Setting CVar [[r.SkeletalMeshLODBias:0]]
[2026.05.30-23.36.12:037][  0]LogConfig: Setting CVar [[r.ViewDistanceScale:1.0]]
[2026.05.30-23.36.12:037][  0]LogConfig: Applying CVar settings from Section [AntiAliasingQuality@3] File [D:/LearnData/UnrealProject/UnrealLearn/ALSV4/Saved/Config/Windows/Scalability.ini]
[2026.05.30-23.36.12:037][  0]LogConfig: Setting CVar [[r.PostProcessAAQuality:4]]
[2026.05.30-23.36.12:037][  0]LogConfig: Applying CVar settings from Section [ShadowQuality@3] File [D:/LearnData/UnrealProject/UnrealLearn/ALSV4/Saved/Config/Windows/Scalability.ini]
[2026.05.30-23.36.12:037][  0]LogConfig: Setting CVar [[r.LightFunctionQuality:1]]
[2026.05.30-23.36.12:037][  0]LogConfig: Setting CVar [[r.ShadowQuality:5]]
[2026.05.30-23.36.12:037][  0]LogConfig: Setting CVar [[r.Shadow.CSM.MaxCascades:10]]
[2026.05.30-23.36.12:037][  0]LogConfig: Setting CVar [[r.Shadow.MaxResolution:2048]]
[2026.05.30-23.36.12:037][  0]LogConfig: Setting CVar [[r.Shadow.MaxCSMResolution:2048]]
[2026.05.30-23.36.12:037][  0]LogConfig: Setting CVar [[r.Shadow.RadiusThreshold:0.01]]
[2026.05.30-23.36.12:037][  0]LogConfig: Setting CVar [[r.Shadow.DistanceScale:1.0]]
[2026.05.30-23.36.12:037][  0]LogConfig: Setting CVar [[r.Shadow.CSM.TransitionScale:1.0]]
[2026.05.30-23.36.12:037][  0]LogConfig: Setting CVar [[r.Shadow.PreShadowResolutionFactor:1.0]]
[2026.05.30-23.36.12:037][  0]LogConfig: Setting CVar [[r.DistanceFieldShadowing:1]]
[2026.05.30-23.36.12:037][  0]LogConfig: Setting CVar [[r.DistanceFieldAO:1]]
[2026.05.30-23.36.12:037][  0]LogConfig: Setting CVar [[r.AOQuality:2]]
[2026.05.30-23.36.12:037][  0]LogConfig: Setting CVar [[r.VolumetricFog:1]]
[2026.05.30-23.36.12:037][  0]LogConfig: Setting CVar [[r.VolumetricFog.GridPixelSize:8]]
[2026.05.30-23.36.12:037][  0]LogConfig: Setting CVar [[r.VolumetricFog.GridSizeZ:128]]
[2026.05.30-23.36.12:037][  0]LogConfig: Setting CVar [[r.VolumetricFog.HistoryMissSupersampleCount:4]]
[2026.05.30-23.36.12:037][  0]LogConfig: Setting CVar [[r.LightMaxDrawDistanceScale:1]]
[2026.05.30-23.36.12:037][  0]LogConfig: Setting CVar [[r.CapsuleShadows:1]]
[2026.05.30-23.36.12:037][  0]LogConfig: Applying CVar settings from Section [PostProcessQuality@3] File [D:/LearnData/UnrealProject/UnrealLearn/ALSV4/Saved/Config/Windows/Scalability.ini]
[2026.05.30-23.36.12:037][  0]LogConfig: Setting CVar [[r.MotionBlurQuality:4]]
[2026.05.30-23.36.12:037][  0]LogConfig: Setting CVar [[r.AmbientOcclusionMipLevelFactor:0.4]]
[2026.05.30-23.36.12:037][  0]LogConfig: Setting CVar [[r.AmbientOcclusionMaxQuality:100]]
[2026.05.30-23.36.12:037][  0]LogConfig: Setting CVar [[r.AmbientOcclusionLevels:-1]]
[2026.05.30-23.36.12:037][  0]LogConfig: Setting CVar [[r.AmbientOcclusionRadiusScale:1.0]]
[2026.05.30-23.36.12:037][  0]LogConfig: Setting CVar [[r.DepthOfFieldQuality:2]]
[2026.05.30-23.36.12:037][  0]LogConfig: Setting CVar [[r.RenderTargetPoolMin:400]]
[2026.05.30-23.36.12:039][  0]LogConfig: Setting CVar [[r.LensFlareQuality:2]]
[2026.05.30-23.36.12:039][  0]LogConfig: Setting CVar [[r.SceneColorFringeQuality:1]]
[2026.05.30-23.36.12:039][  0]LogConfig: Setting CVar [[r.EyeAdaptationQuality:2]]
[2026.05.30-23.36.12:039][  0]LogConfig: Setting CVar [[r.BloomQuality:5]]
[2026.05.30-23.36.12:039][  0]LogConfig: Setting CVar [[r.FastBlurThreshold:100]]
[2026.05.30-23.36.12:039][  0]LogConfig: Setting CVar [[r.Upscale.Quality:3]]
[2026.05.30-23.36.12:039][  0]LogConfig: Setting CVar [[r.Tonemapper.GrainQuantization:1]]
[2026.05.30-23.36.12:039][  0]LogConfig: Setting CVar [[r.LightShaftQuality:1]]
[2026.05.30-23.36.12:039][  0]LogConfig: Setting CVar [[r.Filter.SizeScale:1]]
[2026.05.30-23.36.12:039][  0]LogConfig: Setting CVar [[r.Tonemapper.Quality:5]]
[2026.05.30-23.36.12:039][  0]LogConfig: Setting CVar [[r.DOF.Gather.AccumulatorQuality:1        ; higher gathering accumulator quality]]
[2026.05.30-23.36.12:039][  0]LogConfig: Setting CVar [[r.DOF.Gather.PostfilterMethod:1          ; Median3x3 postfilering method]]
[2026.05.30-23.36.12:039][  0]LogConfig: Setting CVar [[r.DOF.Gather.EnableBokehSettings:0       ; no bokeh simulation when gathering]]
[2026.05.30-23.36.12:039][  0]LogConfig: Setting CVar [[r.DOF.Gather.RingCount:4                 ; medium number of samples when gathering]]
[2026.05.30-23.36.12:039][  0]LogConfig: Setting CVar [[r.DOF.Scatter.ForegroundCompositing:1    ; additive foreground scattering]]
[2026.05.30-23.36.12:039][  0]LogConfig: Setting CVar [[r.DOF.Scatter.BackgroundCompositing:2    ; additive background scattering]]
[2026.05.30-23.36.12:039][  0]LogConfig: Setting CVar [[r.DOF.Scatter.EnableBokehSettings:1      ; bokeh simulation when scattering]]
[2026.05.30-23.36.12:039][  0]LogConfig: Setting CVar [[r.DOF.Scatter.MaxSpriteRatio:0.1         ; only a maximum of 10% of scattered bokeh]]
[2026.05.30-23.36.12:039][  0]LogConfig: Setting CVar [[r.DOF.Recombine.Quality:1                ; cheap slight out of focus]]
[2026.05.30-23.36.12:039][  0]LogConfig: Setting CVar [[r.DOF.Recombine.EnableBokehSettings:0    ; no bokeh simulation on slight out of focus]]
[2026.05.30-23.36.12:039][  0]LogConfig: Setting CVar [[r.DOF.TemporalAAQuality:1                ; more stable temporal accumulation]]
[2026.05.30-23.36.12:039][  0]LogConfig: Setting CVar [[r.DOF.Kernel.MaxForegroundRadius:0.025]]
[2026.05.30-23.36.12:039][  0]LogConfig: Setting CVar [[r.DOF.Kernel.MaxBackgroundRadius:0.025]]
[2026.05.30-23.36.12:039][  0]LogConfig: Applying CVar settings from Section [TextureQuality@3] File [D:/LearnData/UnrealProject/UnrealLearn/ALSV4/Saved/Config/Windows/Scalability.ini]
[2026.05.30-23.36.12:039][  0]LogConfig: Setting CVar [[r.Streaming.MipBias:0]]
[2026.05.30-23.36.12:039][  0]LogConfig: Setting CVar [[r.Streaming.AmortizeCPUToGPUCopy:0]]
[2026.05.30-23.36.12:039][  0]LogConfig: Setting CVar [[r.Streaming.MaxNumTexturesToStreamPerFrame:0]]
[2026.05.30-23.36.12:039][  0]LogConfig: Setting CVar [[r.Streaming.Boost:1]]
[2026.05.30-23.36.12:039][  0]LogConfig: Setting CVar [[r.MaxAnisotropy:8]]
[2026.05.30-23.36.12:039][  0]LogConfig: Setting CVar [[r.VT.MaxAnisotropy:8]]
[2026.05.30-23.36.12:039][  0]LogConfig: Setting CVar [[r.Streaming.LimitPoolSizeToVRAM:0]]
[2026.05.30-23.36.12:039][  0]LogConfig: Setting CVar [[r.Streaming.PoolSize:1000]]
[2026.05.30-23.36.12:039][  0]LogConfig: Setting CVar [[r.Streaming.MaxEffectiveScreenSize:0]]
[2026.05.30-23.36.12:039][  0]LogConfig: Applying CVar settings from Section [EffectsQuality@3] File [D:/LearnData/UnrealProject/UnrealLearn/ALSV4/Saved/Config/Windows/Scalability.ini]
[2026.05.30-23.36.12:039][  0]LogConfig: Setting CVar [[r.TranslucencyLightingVolumeDim:64]]
[2026.05.30-23.36.12:039][  0]LogConfig: Setting CVar [[r.RefractionQuality:2]]
[2026.05.30-23.36.12:039][  0]LogConfig: Setting CVar [[r.SSR.Quality:3]]
[2026.05.30-23.36.12:039][  0]LogConfig: Setting CVar [[r.SSR.HalfResSceneColor:0]]
[2026.05.30-23.36.12:039][  0]LogConfig: Setting CVar [[r.SceneColorFormat:4]]
[2026.05.30-23.36.12:039][  0]LogConfig: Setting CVar [[r.DetailMode:2]]
[2026.05.30-23.36.12:039][  0]LogConfig: Setting CVar [[r.TranslucencyVolumeBlur:1]]
[2026.05.30-23.36.12:039][  0]LogConfig: Setting CVar [[r.MaterialQualityLevel:1 ; High quality]]
[2026.05.30-23.36.12:039][  0]LogConfig: Setting CVar [[r.AnisotropicMaterials:1]]
[2026.05.30-23.36.12:039][  0]LogConfig: Setting CVar [[r.SSS.Scale:1]]
[2026.05.30-23.36.12:039][  0]LogConfig: Setting CVar [[r.SSS.SampleSet:2]]
[2026.05.30-23.36.12:039][  0]LogConfig: Setting CVar [[r.SSS.Quality:1]]
[2026.05.30-23.36.12:039][  0]LogConfig: Setting CVar [[r.SSS.HalfRes:0]]
[2026.05.30-23.36.12:039][  0]LogConfig: Setting CVar [[r.SSGI.Quality:3]]
[2026.05.30-23.36.12:039][  0]LogConfig: Setting CVar [[r.EmitterSpawnRateScale:1.0]]
[2026.05.30-23.36.12:039][  0]LogConfig: Setting CVar [[r.ParticleLightQuality:2]]
[2026.05.30-23.36.12:039][  0]LogConfig: Setting CVar [[r.SkyAtmosphere.AerialPerspectiveLUT.FastApplyOnOpaque:1 ; Always have FastSkyLUT 1 in this case to avoid wrong sky]]
[2026.05.30-23.36.12:039][  0]LogConfig: Setting CVar [[r.SkyAtmosphere.AerialPerspectiveLUT.SampleCountMaxPerSlice:4]]
[2026.05.30-23.36.12:039][  0]LogConfig: Setting CVar [[r.SkyAtmosphere.AerialPerspectiveLUT.DepthResolution:16.0]]
[2026.05.30-23.36.12:039][  0]LogConfig: Setting CVar [[r.SkyAtmosphere.FastSkyLUT:1]]
[2026.05.30-23.36.12:039][  0]LogConfig: Setting CVar [[r.SkyAtmosphere.FastSkyLUT.SampleCountMin:4.0]]
[2026.05.30-23.36.12:039][  0]LogConfig: Setting CVar [[r.SkyAtmosphere.FastSkyLUT.SampleCountMax:128.0]]
[2026.05.30-23.36.12:039][  0]LogConfig: Setting CVar [[r.SkyAtmosphere.SampleCountMin:4.0]]
[2026.05.30-23.36.12:039][  0]LogConfig: Setting CVar [[r.SkyAtmosphere.SampleCountMax:128.0]]
[2026.05.30-23.36.12:039][  0]LogConfig: Setting CVar [[r.SkyAtmosphere.TransmittanceLUT.UseSmallFormat:0]]
[2026.05.30-23.36.12:039][  0]LogConfig: Setting CVar [[r.SkyAtmosphere.TransmittanceLUT.SampleCount:10.0]]
[2026.05.30-23.36.12:039][  0]LogConfig: Setting CVar [[r.SkyAtmosphere.MultiScatteringLUT.SampleCount:15.0]]
[2026.05.30-23.36.12:039][  0]LogConfig: Setting CVar [[r.SkyLight.RealTimeReflectionCapture:1]]
[2026.05.30-23.36.12:039][  0]LogConfig: Applying CVar settings from Section [FoliageQuality@3] File [D:/LearnData/UnrealProject/UnrealLearn/ALSV4/Saved/Config/Windows/Scalability.ini]
[2026.05.30-23.36.12:039][  0]LogConfig: Setting CVar [[foliage.DensityScale:1.0]]
[2026.05.30-23.36.12:039][  0]LogConfig: Setting CVar [[grass.DensityScale:1.0]]
[2026.05.30-23.36.12:039][  0]LogConfig: Applying CVar settings from Section [ShadingQuality@3] File [D:/LearnData/UnrealProject/UnrealLearn/ALSV4/Saved/Config/Windows/Scalability.ini]
[2026.05.30-23.36.12:039][  0]LogConfig: Setting CVar [[r.HairStrands.SkyLighting.IntegrationType:2]]
[2026.05.30-23.36.12:039][  0]LogConfig: Setting CVar [[r.HairStrands.SkyAO.SampleCount:4]]
[2026.05.30-23.36.12:039][  0]LogConfig: Setting CVar [[r.HairStrands.Visibility.MSAA.SamplePerPixel:4]]
[2026.05.30-23.36.12:039][  0]LogInit: Selected Device Profile: [Windows]
[2026.05.30-23.36.12:040][  0]LogInit: Applying CVar settings loaded from the selected device profile: [Windows]
[2026.05.30-23.36.12:040][  0]LogHAL: Display: Platform has ~ 32 GB [34164101120 / 34359738368 / 32], which maps to Largest [LargestMinGB=32, LargerMinGB=12, DefaultMinGB=8, SmallerMinGB=6, SmallestMinGB=0)
[2026.05.30-23.36.12:040][  0]LogInit: Going up to parent DeviceProfile []
[2026.05.30-23.36.12:040][  0]LogConfig: Applying CVar settings from Section [ViewDistanceQuality@3] File [D:/LearnData/UnrealProject/UnrealLearn/ALSV4/Saved/Config/Windows/Scalability.ini]
[2026.05.30-23.36.12:040][  0]LogConfig: Setting CVar [[r.SkeletalMeshLODBias:0]]
[2026.05.30-23.36.12:040][  0]LogConfig: Setting CVar [[r.ViewDistanceScale:1.0]]
[2026.05.30-23.36.12:040][  0]LogConfig: Applying CVar settings from Section [AntiAliasingQuality@3] File [D:/LearnData/UnrealProject/UnrealLearn/ALSV4/Saved/Config/Windows/Scalability.ini]
[2026.05.30-23.36.12:040][  0]LogConfig: Setting CVar [[r.PostProcessAAQuality:4]]
[2026.05.30-23.36.12:040][  0]LogConfig: Applying CVar settings from Section [ShadowQuality@3] File [D:/LearnData/UnrealProject/UnrealLearn/ALSV4/Saved/Config/Windows/Scalability.ini]
[2026.05.30-23.36.12:040][  0]LogConfig: Setting CVar [[r.LightFunctionQuality:1]]
[2026.05.30-23.36.12:040][  0]LogConfig: Setting CVar [[r.ShadowQuality:5]]
[2026.05.30-23.36.12:040][  0]LogConfig: Setting CVar [[r.Shadow.CSM.MaxCascades:10]]
[2026.05.30-23.36.12:040][  0]LogConfig: Setting CVar [[r.Shadow.MaxResolution:2048]]
[2026.05.30-23.36.12:040][  0]LogConfig: Setting CVar [[r.Shadow.MaxCSMResolution:2048]]
[2026.05.30-23.36.12:040][  0]LogConfig: Setting CVar [[r.Shadow.RadiusThreshold:0.01]]
[2026.05.30-23.36.12:040][  0]LogConfig: Setting CVar [[r.Shadow.DistanceScale:1.0]]
[2026.05.30-23.36.12:040][  0]LogConfig: Setting CVar [[r.Shadow.CSM.TransitionScale:1.0]]
[2026.05.30-23.36.12:040][  0]LogConfig: Setting CVar [[r.Shadow.PreShadowResolutionFactor:1.0]]
[2026.05.30-23.36.12:040][  0]LogConfig: Setting CVar [[r.DistanceFieldShadowing:1]]
[2026.05.30-23.36.12:040][  0]LogConfig: Setting CVar [[r.DistanceFieldAO:1]]
[2026.05.30-23.36.12:040][  0]LogConfig: Setting CVar [[r.AOQuality:2]]
[2026.05.30-23.36.12:040][  0]LogConfig: Setting CVar [[r.VolumetricFog:1]]
[2026.05.30-23.36.12:040][  0]LogConfig: Setting CVar [[r.VolumetricFog.GridPixelSize:8]]
[2026.05.30-23.36.12:040][  0]LogConfig: Setting CVar [[r.VolumetricFog.GridSizeZ:128]]
[2026.05.30-23.36.12:040][  0]LogConfig: Setting CVar [[r.VolumetricFog.HistoryMissSupersampleCount:4]]
[2026.05.30-23.36.12:040][  0]LogConfig: Setting CVar [[r.LightMaxDrawDistanceScale:1]]
[2026.05.30-23.36.12:040][  0]LogConfig: Setting CVar [[r.CapsuleShadows:1]]
[2026.05.30-23.36.12:040][  0]LogConfig: Applying CVar settings from Section [PostProcessQuality@3] File [D:/LearnData/UnrealProject/UnrealLearn/ALSV4/Saved/Config/Windows/Scalability.ini]
[2026.05.30-23.36.12:040][  0]LogConfig: Setting CVar [[r.MotionBlurQuality:4]]
[2026.05.30-23.36.12:040][  0]LogConfig: Setting CVar [[r.AmbientOcclusionMipLevelFactor:0.4]]
[2026.05.30-23.36.12:040][  0]LogConfig: Setting CVar [[r.AmbientOcclusionMaxQuality:100]]
[2026.05.30-23.36.12:040][  0]LogConfig: Setting CVar [[r.AmbientOcclusionLevels:-1]]
[2026.05.30-23.36.12:040][  0]LogConfig: Setting CVar [[r.AmbientOcclusionRadiusScale:1.0]]
[2026.05.30-23.36.12:040][  0]LogConfig: Setting CVar [[r.DepthOfFieldQuality:2]]
[2026.05.30-23.36.12:040][  0]LogConfig: Setting CVar [[r.RenderTargetPoolMin:400]]
[2026.05.30-23.36.12:040][  0]LogConfig: Setting CVar [[r.LensFlareQuality:2]]
[2026.05.30-23.36.12:040][  0]LogConfig: Setting CVar [[r.SceneColorFringeQuality:1]]
[2026.05.30-23.36.12:040][  0]LogConfig: Setting CVar [[r.EyeAdaptationQuality:2]]
[2026.05.30-23.36.12:040][  0]LogConfig: Setting CVar [[r.BloomQuality:5]]
[2026.05.30-23.36.12:040][  0]LogConfig: Setting CVar [[r.FastBlurThreshold:100]]
[2026.05.30-23.36.12:040][  0]LogConfig: Setting CVar [[r.Upscale.Quality:3]]
[2026.05.30-23.36.12:040][  0]LogConfig: Setting CVar [[r.Tonemapper.GrainQuantization:1]]
[2026.05.30-23.36.12:041][  0]LogConfig: Setting CVar [[r.LightShaftQuality:1]]
[2026.05.30-23.36.12:041][  0]LogConfig: Setting CVar [[r.Filter.SizeScale:1]]
[2026.05.30-23.36.12:041][  0]LogConfig: Setting CVar [[r.Tonemapper.Quality:5]]
[2026.05.30-23.36.12:041][  0]LogConfig: Setting CVar [[r.DOF.Gather.AccumulatorQuality:1        ; higher gathering accumulator quality]]
[2026.05.30-23.36.12:041][  0]LogConfig: Setting CVar [[r.DOF.Gather.PostfilterMethod:1          ; Median3x3 postfilering method]]
[2026.05.30-23.36.12:041][  0]LogConfig: Setting CVar [[r.DOF.Gather.EnableBokehSettings:0       ; no bokeh simulation when gathering]]
[2026.05.30-23.36.12:041][  0]LogConfig: Setting CVar [[r.DOF.Gather.RingCount:4                 ; medium number of samples when gathering]]
[2026.05.30-23.36.12:041][  0]LogConfig: Setting CVar [[r.DOF.Scatter.ForegroundCompositing:1    ; additive foreground scattering]]
[2026.05.30-23.36.12:041][  0]LogConfig: Setting CVar [[r.DOF.Scatter.BackgroundCompositing:2    ; additive background scattering]]
[2026.05.30-23.36.12:041][  0]LogConfig: Setting CVar [[r.DOF.Scatter.EnableBokehSettings:1      ; bokeh simulation when scattering]]
[2026.05.30-23.36.12:041][  0]LogConfig: Setting CVar [[r.DOF.Scatter.MaxSpriteRatio:0.1         ; only a maximum of 10% of scattered bokeh]]
[2026.05.30-23.36.12:041][  0]LogConfig: Setting CVar [[r.DOF.Recombine.Quality:1                ; cheap slight out of focus]]
[2026.05.30-23.36.12:041][  0]LogConfig: Setting CVar [[r.DOF.Recombine.EnableBokehSettings:0    ; no bokeh simulation on slight out of focus]]
[2026.05.30-23.36.12:041][  0]LogConfig: Setting CVar [[r.DOF.TemporalAAQuality:1                ; more stable temporal accumulation]]
[2026.05.30-23.36.12:041][  0]LogConfig: Setting CVar [[r.DOF.Kernel.MaxForegroundRadius:0.025]]
[2026.05.30-23.36.12:041][  0]LogConfig: Setting CVar [[r.DOF.Kernel.MaxBackgroundRadius:0.025]]
[2026.05.30-23.36.12:041][  0]LogConfig: Applying CVar settings from Section [TextureQuality@3] File [D:/LearnData/UnrealProject/UnrealLearn/ALSV4/Saved/Config/Windows/Scalability.ini]
[2026.05.30-23.36.12:041][  0]LogConfig: Setting CVar [[r.Streaming.MipBias:0]]
[2026.05.30-23.36.12:041][  0]LogConfig: Setting CVar [[r.Streaming.AmortizeCPUToGPUCopy:0]]
[2026.05.30-23.36.12:041][  0]LogConfig: Setting CVar [[r.Streaming.MaxNumTexturesToStreamPerFrame:0]]
[2026.05.30-23.36.12:041][  0]LogConfig: Setting CVar [[r.Streaming.Boost:1]]
[2026.05.30-23.36.12:041][  0]LogConfig: Setting CVar [[r.MaxAnisotropy:8]]
[2026.05.30-23.36.12:041][  0]LogConfig: Setting CVar [[r.VT.MaxAnisotropy:8]]
[2026.05.30-23.36.12:041][  0]LogConfig: Setting CVar [[r.Streaming.LimitPoolSizeToVRAM:0]]
[2026.05.30-23.36.12:041][  0]LogConfig: Setting CVar [[r.Streaming.PoolSize:1000]]
[2026.05.30-23.36.12:041][  0]LogConfig: Setting CVar [[r.Streaming.MaxEffectiveScreenSize:0]]
[2026.05.30-23.36.12:041][  0]LogConfig: Applying CVar settings from Section [EffectsQuality@3] File [D:/LearnData/UnrealProject/UnrealLearn/ALSV4/Saved/Config/Windows/Scalability.ini]
[2026.05.30-23.36.12:041][  0]LogConfig: Setting CVar [[r.TranslucencyLightingVolumeDim:64]]
[2026.05.30-23.36.12:041][  0]LogConfig: Setting CVar [[r.RefractionQuality:2]]
[2026.05.30-23.36.12:041][  0]LogConfig: Setting CVar [[r.SSR.Quality:3]]
[2026.05.30-23.36.12:041][  0]LogConfig: Setting CVar [[r.SSR.HalfResSceneColor:0]]
[2026.05.30-23.36.12:041][  0]LogConfig: Setting CVar [[r.SceneColorFormat:4]]
[2026.05.30-23.36.12:041][  0]LogConfig: Setting CVar [[r.DetailMode:2]]
[2026.05.30-23.36.12:041][  0]LogConfig: Setting CVar [[r.TranslucencyVolumeBlur:1]]
[2026.05.30-23.36.12:041][  0]LogConfig: Setting CVar [[r.MaterialQualityLevel:1 ; High quality]]
[2026.05.30-23.36.12:041][  0]LogConfig: Setting CVar [[r.AnisotropicMaterials:1]]
[2026.05.30-23.36.12:041][  0]LogConfig: Setting CVar [[r.SSS.Scale:1]]
[2026.05.30-23.36.12:041][  0]LogConfig: Setting CVar [[r.SSS.SampleSet:2]]
[2026.05.30-23.36.12:041][  0]LogConfig: Setting CVar [[r.SSS.Quality:1]]
[2026.05.30-23.36.12:041][  0]LogConfig: Setting CVar [[r.SSS.HalfRes:0]]
[2026.05.30-23.36.12:041][  0]LogConfig: Setting CVar [[r.SSGI.Quality:3]]
[2026.05.30-23.36.12:041][  0]LogConfig: Setting CVar [[r.EmitterSpawnRateScale:1.0]]
[2026.05.30-23.36.12:041][  0]LogConfig: Setting CVar [[r.ParticleLightQuality:2]]
[2026.05.30-23.36.12:041][  0]LogConfig: Setting CVar [[r.SkyAtmosphere.AerialPerspectiveLUT.FastApplyOnOpaque:1 ; Always have FastSkyLUT 1 in this case to avoid wrong sky]]
[2026.05.30-23.36.12:041][  0]LogConfig: Setting CVar [[r.SkyAtmosphere.AerialPerspectiveLUT.SampleCountMaxPerSlice:4]]
[2026.05.30-23.36.12:041][  0]LogConfig: Setting CVar [[r.SkyAtmosphere.AerialPerspectiveLUT.DepthResolution:16.0]]
[2026.05.30-23.36.12:041][  0]LogConfig: Setting CVar [[r.SkyAtmosphere.FastSkyLUT:1]]
[2026.05.30-23.36.12:041][  0]LogConfig: Setting CVar [[r.SkyAtmosphere.FastSkyLUT.SampleCountMin:4.0]]
[2026.05.30-23.36.12:041][  0]LogConfig: Setting CVar [[r.SkyAtmosphere.FastSkyLUT.SampleCountMax:128.0]]
[2026.05.30-23.36.12:041][  0]LogConfig: Setting CVar [[r.SkyAtmosphere.SampleCountMin:4.0]]
[2026.05.30-23.36.12:041][  0]LogConfig: Setting CVar [[r.SkyAtmosphere.SampleCountMax:128.0]]
[2026.05.30-23.36.12:041][  0]LogConfig: Setting CVar [[r.SkyAtmosphere.TransmittanceLUT.UseSmallFormat:0]]
[2026.05.30-23.36.12:041][  0]LogConfig: Setting CVar [[r.SkyAtmosphere.TransmittanceLUT.SampleCount:10.0]]
[2026.05.30-23.36.12:041][  0]LogConfig: Setting CVar [[r.SkyAtmosphere.MultiScatteringLUT.SampleCount:15.0]]
[2026.05.30-23.36.12:041][  0]LogConfig: Setting CVar [[r.SkyLight.RealTimeReflectionCapture:1]]
[2026.05.30-23.36.12:041][  0]LogConfig: Applying CVar settings from Section [FoliageQuality@3] File [D:/LearnData/UnrealProject/UnrealLearn/ALSV4/Saved/Config/Windows/Scalability.ini]
[2026.05.30-23.36.12:041][  0]LogConfig: Setting CVar [[foliage.DensityScale:1.0]]
[2026.05.30-23.36.12:041][  0]LogConfig: Setting CVar [[grass.DensityScale:1.0]]
[2026.05.30-23.36.12:041][  0]LogConfig: Applying CVar settings from Section [ShadingQuality@3] File [D:/LearnData/UnrealProject/UnrealLearn/ALSV4/Saved/Config/Windows/Scalability.ini]
[2026.05.30-23.36.12:041][  0]LogConfig: Setting CVar [[r.HairStrands.SkyLighting.IntegrationType:2]]
[2026.05.30-23.36.12:041][  0]LogConfig: Setting CVar [[r.HairStrands.SkyAO.SampleCount:4]]
[2026.05.30-23.36.12:041][  0]LogConfig: Setting CVar [[r.HairStrands.Visibility.MSAA.SamplePerPixel:4]]
[2026.05.30-23.36.12:041][  0]LogConfig: Applying CVar settings from Section [Startup] File [../../../Engine/Config/ConsoleVariables.ini]
[2026.05.30-23.36.12:042][  0]LogConfig: Setting CVar [[net.UseAdaptiveNetUpdateFrequency:0]]
[2026.05.30-23.36.12:042][  0]LogConfig: Setting CVar [[p.chaos.AllowCreatePhysxBodies:1]]
[2026.05.30-23.36.12:042][  0]LogConfig: Setting CVar [[fx.SkipVectorVMBackendOptimizations:1]]
[2026.05.30-23.36.12:042][  0]LogConfig: Applying CVar settings from Section [ConsoleVariables] File [D:/LearnData/UnrealProject/UnrealLearn/ALSV4/Saved/Config/Windows/Engine.ini]
[2026.05.30-23.36.12:042][  0]LogConfig: Applying CVar settings from Section [ConsoleVariables] File [D:/LearnData/UnrealProject/UnrealLearn/ALSV4/Saved/Config/Windows/Editor.ini]
[2026.05.30-23.36.12:042][  0]LogInit: Computer: MIU
[2026.05.30-23.36.12:042][  0]LogInit: User: 23932
[2026.05.30-23.36.12:042][  0]LogInit: CPU Page size=4096, Cores=6
[2026.05.30-23.36.12:042][  0]LogInit: High frequency timer resolution =10.000000 MHz
[2026.05.30-23.36.12:042][  0]LogMemory: Memory total: Physical=31.8GB (32GB approx)
[2026.05.30-23.36.12:042][  0]LogMemory: Platform Memory Stats for Windows
[2026.05.30-23.36.12:042][  0]LogMemory: Process Physical Memory: 155.43 MB used, 155.43 MB peak
[2026.05.30-23.36.12:042][  0]LogMemory: Process Virtual Memory: 132.50 MB used, 132.50 MB peak
[2026.05.30-23.36.12:042][  0]LogMemory: Physical Memory: 10048.05 MB used,  22533.37 MB free, 32581.43 MB total
[2026.05.30-23.36.12:042][  0]LogMemory: Virtual Memory: 134196624.00 MB used,  21102.99 MB free, 134217728.00 MB total
[2026.05.30-23.36.12:051][  0]LogWindows: WindowsPlatformFeatures enabled
[2026.05.30-23.36.13:054][  0]LogInit: Physics initialised using underlying interface: PhysX
[2026.05.30-23.36.13:054][  0]LogInit: Overriding language with editor language configuration option (en).
[2026.05.30-23.36.13:054][  0]LogInit: Overriding language with editor locale configuration option (en).
[2026.05.30-23.36.13:367][  0]LogInit: Setting process to per monitor DPI aware
[2026.05.30-23.36.13:484][  0]LogWindowsTextInputMethodSystem: Display: IME system deactivated.
[2026.05.30-23.36.13:511][  0]LogSlate: New Slate User Created.  User Index 0, Is Virtual User: 0
[2026.05.30-23.36.13:511][  0]LogSlate: Slate User Registered.  User Index 0, Is Virtual User: 0
[2026.05.30-23.36.13:921][  0]LogD3D11RHI: Loaded GFSDK_Aftermath_Lib.x64.dll
[2026.05.30-23.36.13:941][  0]LogHMD: Failed to initialize OpenVR with code 110
[2026.05.30-23.36.13:941][  0]LogD3D11RHI: D3D11 min allowed feature level: 11_0
[2026.05.30-23.36.13:941][  0]LogD3D11RHI: D3D11 max allowed feature level: 11_0
[2026.05.30-23.36.13:941][  0]LogD3D11RHI: D3D11 adapters:
[2026.05.30-23.36.14:249][  0]LogD3D11RHI:    0. 'NVIDIA GeForce RTX 3060 Ti' (Feature Level 11_0)
[2026.05.30-23.36.14:250][  0]LogD3D11RHI:       8024/0/16290 MB DedicatedVideo/DedicatedSystem/SharedSystem, Outputs:1, VendorId:0x10de
[2026.05.30-23.36.14:256][  0]LogD3D11RHI:    1. 'Microsoft Basic Render Driver' (Feature Level 11_0)
[2026.05.30-23.36.14:256][  0]LogD3D11RHI:       0/0/16290 MB DedicatedVideo/DedicatedSystem/SharedSystem, Outputs:0, VendorId:0x1414
[2026.05.30-23.36.14:256][  0]LogD3D11RHI: Chosen D3D11 Adapter:
[2026.05.30-23.36.14:256][  0]LogD3D11RHI:     Description : NVIDIA GeForce RTX 3060 Ti
[2026.05.30-23.36.14:256][  0]LogD3D11RHI:     VendorId    : 10de
[2026.05.30-23.36.14:256][  0]LogD3D11RHI:     DeviceId    : 2489
[2026.05.30-23.36.14:256][  0]LogD3D11RHI:     SubSysId    : 39031462
[2026.05.30-23.36.14:256][  0]LogD3D11RHI:     Revision    : 00a1
[2026.05.30-23.36.14:256][  0]LogD3D11RHI:     DedicatedVideoMemory : 8413773824 bytes
[2026.05.30-23.36.14:256][  0]LogD3D11RHI:     DedicatedSystemMemory : 0 bytes
[2026.05.30-23.36.14:256][  0]LogD3D11RHI:     SharedSystemMemory : 17082050560 bytes
[2026.05.30-23.36.14:256][  0]LogD3D11RHI:     AdapterLuid : 0 67253
[2026.05.30-23.36.14:266][  0]LogD3D11RHI: Creating new Direct3DDevice
[2026.05.30-23.36.14:266][  0]LogD3D11RHI:     GPU DeviceId: 0x2489 (for the marketing name, search the web for "GPU Device Id")
[2026.05.30-23.36.14:266][  0]LogWindows: EnumDisplayDevices:
[2026.05.30-23.36.14:267][  0]LogWindows:    0. 'NVIDIA GeForce RTX 3060 Ti' (P:1 D:1)
[2026.05.30-23.36.14:267][  0]LogWindows:    1. 'NVIDIA GeForce RTX 3060 Ti' (P:0 D:0)
[2026.05.30-23.36.14:267][  0]LogWindows:    2. 'NVIDIA GeForce RTX 3060 Ti' (P:0 D:0)
[2026.05.30-23.36.14:268][  0]LogWindows:    3. 'NVIDIA GeForce RTX 3060 Ti' (P:0 D:0)
[2026.05.30-23.36.14:268][  0]LogWindows: DebugString: FoundDriverCount:4 
[2026.05.30-23.36.14:268][  0]LogD3D11RHI:     Adapter Name: NVIDIA GeForce RTX 3060 Ti
[2026.05.30-23.36.14:268][  0]LogD3D11RHI:   Driver Version: 595.97 (internal:32.0.15.9597, unified:595.97)
[2026.05.30-23.36.14:268][  0]LogD3D11RHI:      Driver Date: 3-17-2026
[2026.05.30-23.36.14:268][  0]LogRHI: Texture pool is 5616 MB (70% of 8024 MB)
[2026.05.30-23.36.14:268][  0]LogD3D11RHI: Creating D3DDevice using adapter:
[2026.05.30-23.36.14:268][  0]LogD3D11RHI:     Description : NVIDIA GeForce RTX 3060 Ti
[2026.05.30-23.36.14:268][  0]LogD3D11RHI:     VendorId    : 10de
[2026.05.30-23.36.14:268][  0]LogD3D11RHI:     DeviceId    : 2489
[2026.05.30-23.36.14:268][  0]LogD3D11RHI:     SubSysId    : 39031462
[2026.05.30-23.36.14:268][  0]LogD3D11RHI:     Revision    : 00a1
[2026.05.30-23.36.14:268][  0]LogD3D11RHI:     DedicatedVideoMemory : 8413773824 bytes
[2026.05.30-23.36.14:268][  0]LogD3D11RHI:     DedicatedSystemMemory : 0 bytes
[2026.05.30-23.36.14:268][  0]LogD3D11RHI:     SharedSystemMemory : 17082050560 bytes
[2026.05.30-23.36.14:268][  0]LogD3D11RHI:     AdapterLuid : 0 67253
[2026.05.30-23.36.14:480][  0]LogD3D11RHI: RHI has support for 64 bit atomics
[2026.05.30-23.36.14:480][  0]LogD3D11RHI: Async texture creation enabled
[2026.05.30-23.36.14:480][  0]LogD3D11RHI: Array index from any shader is supported
[2026.05.30-23.36.14:483][  0]LogD3D11RHI: HDR output is supported on display 0 (NvId: 0x80061080).
[2026.05.30-23.36.14:517][  0]LogD3D11RHI: GPU Timing Frequency: 1000.000000 (Debug: 2 1)
[2026.05.30-23.36.14:574][  0]LogRHI: GeForceNow SDK initialized: 1
[2026.05.30-23.36.15:577][  0]LogTargetPlatformManager: Display: Loaded TargetPlatform 'AllDesktop'
[2026.05.30-23.36.15:607][  0]LogTargetPlatformManager: Display: Loaded TargetPlatform 'Android'
[2026.05.30-23.36.15:607][  0]LogTargetPlatformManager: Display: Loaded TargetPlatform 'Android_ASTC'
[2026.05.30-23.36.15:607][  0]LogTargetPlatformManager: Display: Loaded TargetPlatform 'Android_DXT'
[2026.05.30-23.36.15:607][  0]LogTargetPlatformManager: Display: Loaded TargetPlatform 'Android_ETC2'
[2026.05.30-23.36.15:607][  0]LogTargetPlatformManager: Display: Loaded TargetPlatform 'AndroidClient'
[2026.05.30-23.36.15:607][  0]LogTargetPlatformManager: Display: Loaded TargetPlatform 'Android_ASTCClient'
[2026.05.30-23.36.15:607][  0]LogTargetPlatformManager: Display: Loaded TargetPlatform 'Android_DXTClient'
[2026.05.30-23.36.15:607][  0]LogTargetPlatformManager: Display: Loaded TargetPlatform 'Android_ETC2Client'
[2026.05.30-23.36.15:608][  0]LogTargetPlatformManager: Display: Loaded TargetPlatform 'Android_Multi'
[2026.05.30-23.36.15:608][  0]LogTargetPlatformManager: Display: Loaded TargetPlatform 'Android_MultiClient'
[2026.05.30-23.36.15:644][  0]LogTargetPlatformManager: Display: Loaded TargetPlatform 'IOSClient'
[2026.05.30-23.36.15:644][  0]LogTargetPlatformManager: Display: Loaded TargetPlatform 'IOS'
[2026.05.30-23.36.15:659][  0]LogTargetPlatformManager: Display: Loaded TargetPlatform 'Linux'
[2026.05.30-23.36.15:666][  0]LogTargetPlatformManager: Display: Loaded TargetPlatform 'LinuxNoEditor'
[2026.05.30-23.36.15:675][  0]LogTargetPlatformManager: Display: Loaded TargetPlatform 'LinuxClient'
[2026.05.30-23.36.15:684][  0]LogTargetPlatformManager: Display: Loaded TargetPlatform 'LinuxServer'
[2026.05.30-23.36.15:698][  0]LogTargetPlatformManager: Display: Loaded TargetPlatform 'LinuxAArch64NoEditor'
[2026.05.30-23.36.15:706][  0]LogTargetPlatformManager: Display: Loaded TargetPlatform 'LinuxAArch64Client'
[2026.05.30-23.36.15:714][  0]LogTargetPlatformManager: Display: Loaded TargetPlatform 'LinuxAArch64Server'
[2026.05.30-23.36.15:743][  0]LogTargetPlatformManager: Display: Loaded TargetPlatform 'Lumin'
[2026.05.30-23.36.15:743][  0]LogTargetPlatformManager: Display: Loaded TargetPlatform 'LuminClient'
[2026.05.30-23.36.15:756][  0]LogTargetPlatformManager: Display: Loaded TargetPlatform 'MacNoEditor'
[2026.05.30-23.36.15:762][  0]LogTargetPlatformManager: Display: Loaded TargetPlatform 'Mac'
[2026.05.30-23.36.15:773][  0]LogTargetPlatformManager: Display: Loaded TargetPlatform 'MacClient'
[2026.05.30-23.36.15:780][  0]LogTargetPlatformManager: Display: Loaded TargetPlatform 'MacServer'
[2026.05.30-23.36.15:794][  0]LogTargetPlatformManager: Display: Loaded TargetPlatform 'TVOSClient'
[2026.05.30-23.36.15:794][  0]LogTargetPlatformManager: Display: Loaded TargetPlatform 'TVOS'
[2026.05.30-23.36.15:808][  0]LogTargetPlatformManager: Display: Loaded TargetPlatform 'WindowsNoEditor'
[2026.05.30-23.36.15:815][  0]LogTargetPlatformManager: Display: Loaded TargetPlatform 'Windows'
[2026.05.30-23.36.15:822][  0]LogTargetPlatformManager: Display: Loaded TargetPlatform 'WindowsClient'
[2026.05.30-23.36.15:832][  0]LogTargetPlatformManager: Display: Loaded TargetPlatform 'WindowsServer'
[2026.05.30-23.36.15:832][  0]LogTargetPlatformManager: Display: Building Assets For Windows
[2026.05.30-23.36.15:850][  0]LogAudioDebug: Display: Lib vorbis DLL was dynamically loaded.
[2026.05.30-23.36.15:922][  0]LogTextureFormatOodle: Display: Oodle Texture 2.9.0 init RDO Off
[2026.05.30-23.36.16:043][  0]LogRendererCore: Ray tracing is disabled. Reason: r.RayTracing=0.
[2026.05.30-23.36.16:043][  0]LogShaderCompilers: Guid format shader working directory is 2 characters bigger than the processId version (D:/LearnData/UnrealProject/UnrealLearn/ALSV4/Intermediate/Shaders/WorkingDirectory/8852/).
[2026.05.30-23.36.16:043][  0]LogShaderCompilers: Cleaned the shader compiler working directory 'C:/Users/23932/AppData/Local/Temp/UnrealShaderWorkingDir/812A36D04F97C0A0B1BC39A484F0E56A/'.
[2026.05.30-23.36.16:044][  0]LogXGEController: Cannot use XGE Controller as Incredibuild is not installed on this machine.
[2026.05.30-23.36.16:044][  0]LogShaderCompilers: Cannot use XGE Shader Compiler as Incredibuild is not installed on this machine.
[2026.05.30-23.36.16:044][  0]LogShaderCompilers: Display: Using Local Shader Compiler.
[2026.05.30-23.36.17:331][  0]LogDerivedDataCache: Display: Max Cache Size: 512 MB
[2026.05.30-23.36.17:435][  0]LogDerivedDataCache: Loaded boot cache 0.10s 94MB C:/Users/23932/AppData/Local/UnrealEngine/4.27/DerivedDataCache/Boot.ddc.
[2026.05.30-23.36.17:435][  0]LogDerivedDataCache: Display: Loaded Boot cache: C:/Users/23932/AppData/Local/UnrealEngine/4.27/DerivedDataCache/Boot.ddc
[2026.05.30-23.36.17:435][  0]LogDerivedDataCache: FDerivedDataBackendGraph:  Pak pak cache file D:/LearnData/UnrealProject/UnrealLearn/ALSV4/DerivedDataCache/DDC.ddp not found, will not use a pak cache.
[2026.05.30-23.36.17:435][  0]LogDerivedDataCache: Unable to find inner node Pak for hierarchical cache Hierarchy.
[2026.05.30-23.36.17:435][  0]LogDerivedDataCache: FDerivedDataBackendGraph:  CompressedPak pak cache file D:/LearnData/UnrealProject/UnrealLearn/ALSV4/DerivedDataCache/Compressed.ddp not found, will not use a pak cache.
[2026.05.30-23.36.17:435][  0]LogDerivedDataCache: Unable to find inner node CompressedPak for hierarchical cache Hierarchy.
[2026.05.30-23.36.17:463][  0]LogDerivedDataCache: Display: Pak cache opened for reading ../../../Engine/DerivedDataCache/Compressed.ddp.
[2026.05.30-23.36.17:463][  0]LogDerivedDataCache: FDerivedDataBackendGraph:  EnterprisePak pak cache file ../../../Enterprise/DerivedDataCache/Compressed.ddp not found, will not use a pak cache.
[2026.05.30-23.36.17:463][  0]LogDerivedDataCache: Unable to find inner node EnterprisePak for hierarchical cache Hierarchy.
[2026.05.30-23.36.17:487][  0]LogDerivedDataCache: Speed tests for C:/Users/23932/AppData/Local/UnrealEngine/Common/DerivedDataCache took 0.02 seconds
[2026.05.30-23.36.17:487][  0]LogDerivedDataCache: Display: Performance to C:/Users/23932/AppData/Local/UnrealEngine/Common/DerivedDataCache: Latency=0.27ms. RandomReadSpeed=122.84MBs, RandomWriteSpeed=76.54MBs. Assigned SpeedClass 'Local'
[2026.05.30-23.36.17:488][  0]LogDerivedDataCache: Using Local data cache path C:/Users/23932/AppData/Local/UnrealEngine/Common/DerivedDataCache: Writable
[2026.05.30-23.36.17:488][  0]LogDerivedDataCache: Shared data cache path not found in *engine.ini, will not use an Shared cache.
[2026.05.30-23.36.17:488][  0]LogDerivedDataCache: Unable to find inner node Shared for hierarchical cache Hierarchy.
[2026.05.30-23.36.17:551][  0]LogSlate: Using FreeType 2.10.0
[2026.05.30-23.36.17:554][  0]LogSlate: SlateFontServices - WITH_FREETYPE: 1, WITH_HARFBUZZ: 1
[2026.05.30-23.36.17:701][  0]LogAssetRegistry: FAssetRegistry took 0.0058 seconds to start up
[2026.05.30-23.36.18:055][  0]LogInit: Selected Device Profile: [Windows]
[2026.05.30-23.36.18:056][  0]LogInit: Active device profile: [000002353E535400][00000235309EA940 49] Windows
[2026.05.30-23.36.18:056][  0]LogInit: Profiles: [000002353E535400][00000235309EA940 49] Windows, [000002353E4C3F00][00000235309F2AC0 49] WindowsNoEditor, [000002353E4DB700][00000235309F6C40 49] WindowsServer, [000002353E4C3000][000002353DDBCDC0 49] WindowsClient, [000002353E4DAF00][000002353DDC0F40 49] IOS, [000002353E4C0D00][000002353DDC50C0 49] iPadAir, [000002353E4D9100][000002353DDC9240 49] iPadAir2, [000002353E484400][000002353DDD1500 49] IPadPro, [000002353E484500][000002353DDCD540 49] iPadAir3, [000002353E4C1200][000002353DDD56C0 49] iPadAir4, [000002353E486F00][000002353DDD9840 49] iPadMini2, [000002353E4C2B00][000002353DDDD9C0 49] iPadMini3, [000002353E486C00][000002353DDE1B40 49] iPadMini4, [000002353E4C1600][000002353DDE4140 49] iPadMini5, [000002353E477B00][000002353DDEC400 49] iPhone6, [000002353E477C00][000002353DDE8440 49] iPodTouch6, [000002353E536D00][000002353DDF4700 49] iPhone7, [000002353E536E00][000002353DDF0740 49] iPodTouch7, [000002353E474700][00000235309EE880 49] iPhone5S, [000002353E484200][000002353DDF89C0 49] iPhone6Plus, [000002353E476000][000002353DDFCB00 49] iPhone6S, [000002353E484300][000002353DE04C80 49] iPhone6SPlus, [000002353E474A00][000002353DE08E00 49] iPhone7Plus, [000002353E487300][000002353DE0CF80 49] iPhoneSE, [000002353E537500][000002353EF31100 49] iPhone8, [000002353E486B00][000002353EF35280 49] iPhone8Plus, [000002353E536300][000002353EF39400 49] iPhoneX, [000002353E485300][000002353EF3D580 49] iPhoneXS, [000002353E534C00][000002353EF5F700 49] iPhoneXSMax, [000002353E484A00][000002353EF7D880 49] iPhoneXR, [000002353E536200][000002353EF89A00 49] iPhone11, [000002353E486700][000002353EFDDB80 49] iPhone11Pro, [000002353E537300][000002353EFE0180 49] iPhone11ProMax, [000002353E485400][000002353EFE4300 49] iPhoneSE2, [000002353E536600][000002353EFE8480 49] iPhone12Mini, [000002353E487000][000002353EFEC600 49] iPhone12, [000002353E535900][000002353EFF0780 49] iPhone12Pro, [000002353E486100][000002353EFF4900 49] iPhone12ProMax, [000002353E535800][000002353DE00A40 49] iPadPro105, [000002353E486200][000002353EFF8B80 49] iPadPro129, [000002353E534700][000002353EFFCCC0 49] iPadPro97, [000002353E486300][000002353F004E40 49] iPadPro2_129, [000002353E536F00][000002353F008FC0 49] iPad5, [000002353E485100][000002353F00D140 49] iPad6, [000002353E535B00][000002353F0112C0 49] iPad7, [000002353E485500][000002353F015440 49] iPad8, [000002353E534A00][000002353F0195C0 49] iPadPro11, [000002353E486600][000002353F01D740 49] iPadPro2_11, [000002353E536900][000002353F0218C0 49] iPadPro3_129, [000002353E485800][000002353F025A40 49] iPadPro4_129, [000002353E534600][000002353F029BC0 49] AppleTV, [000002353E487E00][000002353F02C1C0 49] AppleTV4K, [000002353E535100][000002353F030340 49] TVOS, [000002353E484800][000002353F0344C0 49] Mac, [000002353E534800][000002353F038640 49] MacClient, [000002353E486900][000002353F03C7C0 49] MacNoEditor, [000002353E536B00][000002353F040940 49] MacServer, [000002353E486500][000002353F078AC0 49] Linux, [000002353E536A00][000002353F000C00 49] LinuxAArch64, [000002353E487A00][000002353F07CD40 49] LinuxNoEditor, [000002353E534300][000002353F080E80 49] LinuxAArch64NoEditor, [000002353E485900][000002353F084FC0 49] LinuxClient, [000002353E535F00][000002353F08D140 49] LinuxAArch64Client, [000002353E484100][000002353F0912C0 49] LinuxServer, [000002353E536800][000002353F095440 49] LinuxAArch64Server, [000002353E486A00][000002353F0995C0 49] Android, [000002353E4C3D00][000002353F09D740 49] Android_Low, [000002353E476100][000002353F0A18C0 49] Android_Mid, [000002353E4C2700][000002353F0A5A40 49] Android_High, [000002353E477800][000002353F0A9BC0 49] Android_Default, [000002353E4C2300][000002353F0AC1C0 49] Android_Adreno4xx, [000002353E476300][000002353F0B0340 49] Android_Adreno5xx_Low, [000002353E4C2100][000002353F0B44C0 49] Android_Adreno5xx, [000002353E475700][000002353F0B8640 49] Android_Adreno6xx, [000002353E4C3200][000002353F0BC7C0 49] Android_Adreno6xx_Vulkan, [000002353E477000][000002353F0C0940 49] Android_Mali_T6xx, [000002353E4C1000][000002353F0C4AC0 49] Android_Mali_T7xx, [000002353E476400][000002353F0C8C40 49] Android_Mali_T8xx, [000002353E4C0B00][000002353F088D80 49] Android_Mali_G71, [000002353E474B00][000002353F0CCEC0 49] Android_Mali_G72, [000002353E4C3100][000002353F0D1000 49] Android_Mali_G72_Vulkan, [000002353E477200][000002353F0D5140 49] Android_Mali_G76, [000002353E4C3E00][000002353F0DD2C0 49] Android_Mali_G76_Vulkan, [000002353E474900][000002353F0E1440 49] Android_Mali_G77, [000002353E4C3500][000002353F0E55C0 49] Android_Mali_G77_Vulkan, [000002353E474F00][000002353F11D740 49] Android_Mali_G78, [000002353E4C1400][000002353F1218C0 49] Android_Mali_G78_Vulkan, [000002353E476900][000002353F125A40 49] Android_Mali_G710, [000002353E4C1500][000002353F129BC0 49] Android_Mali_G710_Vulkan, [000002353E477500][000002353F12C1C0 49] Android_Vulkan_SM5, [000002353E4C0C00][000002353F130340 49] Android_PowerVR_G6xxx, [000002353E475600][000002353F1344C0 49] Android_PowerVR_GT7xxx, [000002353E486800][000002353F138640 49] Android_PowerVR_GE8xxx, [000002353E475D00][000002353F13C7C0 49] Android_PowerVR_GM9xxx, [000002353E484D00][000002353F160940 49] Android_PowerVR_GM9xxx_Vulkan, [000002353E476A00][000002353F184AC0 49] Android_TegraK1, [000002353E484600][000002353F188C40 49] Android_Unknown_Vulkan, [000002353E475900][000002353F18CDC0 49] Lumin, [000002353E485600][000002353F190F40 49] Lumin_Desktop, [000002353E475F00][000002353F0D9080 49] HoloLens, 
[2026.05.30-23.36.19:723][  0]LogMeshReduction: Using QuadricMeshReduction for automatic static mesh reduction
[2026.05.30-23.36.19:723][  0]LogMeshReduction: Using SimplygonMeshReduction for automatic skeletal mesh reduction
[2026.05.30-23.36.19:723][  0]LogMeshReduction: Using ProxyLODMeshReduction for automatic mesh merging
[2026.05.30-23.36.19:723][  0]LogMeshReduction: No distributed automatic mesh merging module available
[2026.05.30-23.36.19:723][  0]LogMeshMerging: No distributed automatic mesh merging module available
[2026.05.30-23.36.19:750][  0]LogNetVersion: ALSV4 1.0.0, NetCL: 17155196, EngineNetVer: 17, GameNetVer: 0 (Checksum: 1428757274)
[2026.05.30-23.36.20:349][  0]LogTexture: Default maximum texture size for cubemaps generated from long-lat sources has been changed from 512 to unlimited. In order to preserve old behaiour for '/Engine/MapTemplates/Sky/DaylightAmbientCubemap.DaylightAmbientCubemap', its maximum texture size has been explicitly set to 512.
[2026.05.30-23.36.20:427][  0]LogHMD: PokeAHoleMaterial loaded successfully
[2026.05.30-23.36.20:434][  0]LogUObjectArray: 17178 objects as part of root set at end of initial load.
[2026.05.30-23.36.20:434][  0]LogUObjectAllocator: 4302048 out of 0 bytes used by permanent object pool.
[2026.05.30-23.36.20:434][  0]LogUObjectArray: CloseDisregardForGC: 0/0 objects in disregard for GC pool
[2026.05.30-23.36.20:817][  0]LogNiagaraDebuggerClient: Niagara Debugger Client Initialized | Session: 661427CB4B9D792674A81BB60557F24D | Instance: 52CF88D64CBB3A29872DD1847644037A (MIU-8852).
[2026.05.30-23.36.21:259][  0]LogUdpMessaging: Initializing bridge on interface 0.0.0.0:0 to multicast group 230.0.0.1:6666.
[2026.05.30-23.36.21:270][  0]LogTcpMessaging: Initializing TcpMessaging bridge
[2026.05.30-23.36.21:306][  0]LogPython: Using Python 3.7.7
[2026.05.30-23.36.22:420][  0]SourceControl: Source control is disabled
[2026.05.30-23.36.22:420][  0]SourceControl: Source control is disabled
[2026.05.30-23.36.22:447][  0]SourceControl: Source control is disabled
[2026.05.30-23.36.22:455][  0]SourceControl: Source control is disabled
[2026.05.30-23.36.22:484][  0]SourceControl: Source control is disabled
[2026.05.30-23.36.22:499][  0]LogUProjectInfo: Found projects:
[2026.05.30-23.36.22:871][  0]LogOpenImageDenoise: OIDN starting up
[2026.05.30-23.36.22:904][  0]LogAndroidPermission: UAndroidPermissionCallbackProxy::GetInstance
[2026.05.30-23.36.22:934][  0]LogAudioCaptureCore: Display: No Audio Capture implementations found. Audio input will be silent.
[2026.05.30-23.36.22:934][  0]LogAudioCaptureCore: Display: No Audio Capture implementations found. Audio input will be silent.
[2026.05.30-23.36.23:114][  0]LogCollectionManager: Loaded 0 collections in 0.002571 seconds
[2026.05.30-23.36.23:157][  0]LogFileCache: Scanning file cache for directory 'D:/LearnData/UnrealProject/UnrealLearn/ALSV4/Saved/Collections/' took 0.00s
[2026.05.30-23.36.23:159][  0]LogFileCache: Scanning file cache for directory 'D:/LearnData/UnrealProject/UnrealLearn/ALSV4/Content/Developers/23932/Collections/' took 0.00s
[2026.05.30-23.36.23:159][  0]LogFileCache: Scanning file cache for directory 'D:/LearnData/UnrealProject/UnrealLearn/ALSV4/Content/Collections/' took 0.00s
[2026.05.30-23.36.23:159][  0]LogOcInput: OculusInput pre-init called
[2026.05.30-23.36.23:513][  0]LogEngine: Initializing Engine...
[2026.05.30-23.36.23:523][  0]LogHMD: Failed to enumerate extensions. Please check that you have a valid OpenXR runtime installed.
[2026.05.30-23.36.23:523][  0]LogHMD: Failed to initialize OpenVR with code 110
[2026.05.30-23.36.23:523][  0]LogMagicLeap: Warning: VR disabled because ZI is not enabled.  To enable, in the editor, Edit -> Project Settings -> Plugins -> Magic Leap Plugin -> Enable Zero Iteration
[2026.05.30-23.36.23:525][  0]LogStats: UGameplayTagsManager::InitializeManager -  0.001 s
[2026.05.30-23.36.23:693][  0]LogInit: Initializing FReadOnlyCVARCache
[2026.05.30-23.36.23:723][  0]LogAIModule: Creating AISystem for world Untitled
[2026.05.30-23.36.23:724][  0]LogAudio: Display: Initializing Audio Device Manager...
[2026.05.30-23.36.23:730][  0]LogAudio: Display: Loading Default Audio Settings Objects...
[2026.05.30-23.36.23:730][  0]LogAudio: Display: No default SoundConcurrencyObject specified (or failed to load).
[2026.05.30-23.36.23:731][  0]LogAudio: Display: Audio Device Manager Initialized
[2026.05.30-23.36.23:731][  0]LogAudio: Display: Creating Audio Device:                 Id: 1, Scope: Shared, Realtime: True
[2026.05.30-23.36.23:732][  0]LogAudioMixer: Display: Audio Mixer Platform Settings:
[2026.05.30-23.36.23:732][  0]LogAudioMixer: Display: 	Sample Rate:						  48000
[2026.05.30-23.36.23:732][  0]LogAudioMixer: Display: 	Callback Buffer Frame Size Requested: 1024
[2026.05.30-23.36.23:732][  0]LogAudioMixer: Display: 	Callback Buffer Frame Size To Use:	  1024
[2026.05.30-23.36.23:732][  0]LogAudioMixer: Display: 	Number of buffers to queue:			  2
[2026.05.30-23.36.23:732][  0]LogAudioMixer: Display: 	Max Channels (voices):				  32
[2026.05.30-23.36.23:732][  0]LogAudioMixer: Display: 	Number of Async Source Workers:		  0
[2026.05.30-23.36.23:732][  0]LogAudio: Display: AudioDevice MaxSources: 32
[2026.05.30-23.36.23:732][  0]LogAudio: Display: Audio Spatialization Plugin: None (built-in).
[2026.05.30-23.36.23:732][  0]LogAudio: Display: Audio Reverb Plugin: None (built-in).
[2026.05.30-23.36.23:732][  0]LogAudio: Display: Audio Occlusion Plugin: None (built-in).
[2026.05.30-23.36.23:732][  0]LogAudioMixer: Display: Initializing audio mixer.
[2026.05.30-23.36.23:755][  0]LogAudioMixer: Display: 0: FrontLeft
[2026.05.30-23.36.23:755][  0]LogAudioMixer: Display: 1: FrontRight
[2026.05.30-23.36.23:780][  0]LogAudioMixer: Display: Using Audio Device 扬声器 (HECATE G1500)
[2026.05.30-23.36.23:781][  0]LogAudioMixer: Display: Initializing Sound Submixes...
[2026.05.30-23.36.23:783][  0]LogAudioMixer: Display: Creating Master Submix 'MasterSubmixDefault'
[2026.05.30-23.36.23:783][  0]LogAudioMixer: Display: Creating Master Submix 'MasterReverbSubmixDefault'
[2026.05.30-23.36.23:784][  0]LogAudioMixer: Display: Creating Master Submix 'MasterEQSubmixDefault'
[2026.05.30-23.36.23:784][  0]LogAudioMixer: FMixerPlatformXAudio2::StartAudioStream() called
[2026.05.30-23.36.23:784][  0]LogAudioMixer: Display: Output buffers initialized: Frames=1024, Channels=2, Samples=2048
[2026.05.30-23.36.23:785][  0]LogAudioMixer: Display: Starting AudioMixerPlatformInterface::RunInternal()
[2026.05.30-23.36.23:785][  0]LogAudioMixer: Display: FMixerPlatformXAudio2::SubmitBuffer() called for the first time
[2026.05.30-23.36.23:785][  0]LogInit: FAudioDevice initialized.
[2026.05.30-23.36.23:785][  0]LogAudio: Display: Audio Device (ID: 1) registered with world 'Untitled'.
[2026.05.30-23.36.23:785][  0]LogNetVersion: Set ProjectVersion to 1.0.0.0. Version Checksum will be recalculated on next use.
[2026.05.30-23.36.23:835][  0]LogDerivedDataCache: Saved boot cache 0.05s 94MB C:/Users/23932/AppData/Local/UnrealEngine/4.27/DerivedDataCache/Boot.ddc.
[2026.05.30-23.36.23:835][  0]LogInit: Texture streaming: Enabled
[2026.05.30-23.36.23:857][  0]LogAnalytics: Display: [UEEditor.Rocket.Release] APIServer = https://datarouter.ol.epicgames.com/. AppVersion = 4.27.2-18319896+++UE4+Release-4.27
[2026.05.30-23.36.23:863][  0]LogEngineSessionManager: EngineSessionManager initialized
[2026.05.30-23.36.23:863][  0]LogEditorSessionSummary: Verbose: Initializing EditorSessionSummaryWriter for editor session tracking
[2026.05.30-23.36.23:866][  0]LogEditorSessionSummary: EditorSessionSummaryWriter initialized
[2026.05.30-23.36.23:919][  0]LogInit: Transaction tracking system initialized
[2026.05.30-23.36.23:973][  0]BlueprintLog: New page: Editor Load
[2026.05.30-23.36.24:117][  0]LocalizationService: Localization service is disabled
[2026.05.30-23.36.24:216][  0]TimingProfiler: Initialize
[2026.05.30-23.36.24:217][  0]TimingProfiler: OnSessionChanged
[2026.05.30-23.36.24:218][  0]LoadingProfiler: Initialize
[2026.05.30-23.36.24:218][  0]LoadingProfiler: OnSessionChanged
[2026.05.30-23.36.24:218][  0]NetworkingProfiler: Initialize
[2026.05.30-23.36.24:218][  0]NetworkingProfiler: OnSessionChanged
[2026.05.30-23.36.24:218][  0]MemoryProfiler: Initialize
[2026.05.30-23.36.24:218][  0]MemoryProfiler: OnSessionChanged
[2026.05.30-23.36.24:475][  0]LogCook: Display: CookSettings for Memory: MemoryMaxUsedVirtual 0MiB, MemoryMaxUsedPhysical 16384MiB, MemoryMinFreeVirtual 0MiB, MemoryMinFreePhysical 1024MiB
[2026.05.30-23.36.24:475][  0]LogCook: Display: Mobile HDR setting 1
[2026.05.30-23.36.24:817][  0]LogFileCache: Scanning file cache for directory 'D:/LearnData/UnrealProject/UnrealLearn/ALSV4/Content/' took 0.00s
[2026.05.30-23.36.25:032][  0]LogInit: Display: Engine is initialized. Leaving FEngineLoop::Init()
[2026.05.30-23.36.25:038][  0]SourceControl: Source control is disabled
[2026.05.30-23.36.25:038][  0]LogUnrealEdMisc: Loading editor; pre map load, took 17.259
[2026.05.30-23.36.25:038][  0]Cmd: MAP LOAD FILE="D:/LearnData/UnrealProject/UnrealLearn/ALSV4/Content/ThirdPersonBP/Maps/ThirdPersonExampleMap.umap" TEMPLATE=0 SHOWPROGRESS=1 FEATURELEVEL=3
[2026.05.30-23.36.25:038][  0]LightingResults: New page: Lighting Build
[2026.05.30-23.36.25:041][  0]LogWorld: UWorld::CleanupWorld for Untitled, bSessionEnded=true, bCleanupResources=true
[2026.05.30-23.36.25:041][  0]LogSlate: InvalidateAllWidgets triggered.  All widgets were invalidated
[2026.05.30-23.36.25:041][  0]MapCheck: New page: Map Check
[2026.05.30-23.36.25:041][  0]LightingResults: New page: Lighting Build
[2026.05.30-23.36.25:047][  0]LogAudio: Display: Audio Device unregistered from world 'None'.
[2026.05.30-23.36.25:050][  0]LogUObjectHash: Compacting FUObjectHashTables data took   0.95ms
[2026.05.30-23.36.25:146][  0]LogAudio: Display: Audio Device (ID: 1) registered with world 'ThirdPersonExampleMap'.
[2026.05.30-23.36.25:148][  0]LogAIModule: Creating AISystem for world ThirdPersonExampleMap
[2026.05.30-23.36.25:156][  0]LogEditorServer: Finished looking for orphan Actors (0.000 secs)
[2026.05.30-23.36.25:165][  0]LogUObjectHash: Compacting FUObjectHashTables data took   0.73ms
[2026.05.30-23.36.25:165][  0]Cmd: MAP CHECKDEP NOCLEARLOG
[2026.05.30-23.36.25:165][  0]MapCheck: Map check complete: 0 Error(s), 0 Warning(s), took 0.158ms to complete.
[2026.05.30-23.36.25:165][  0]LogFileHelpers: Loading map 'ThirdPersonExampleMap' took 0.128
[2026.05.30-23.36.25:178][  0]LogUnrealEdMisc: Total Editor Startup Time, took 17.400
[2026.05.30-23.36.25:283][  0]LogSlate: Updating window title bar state: overlay mode, drag disabled, window buttons hidden, title bar hidden
[2026.05.30-23.36.25:290][  0]LogSlate: Updating window title bar state: overlay mode, drag disabled, window buttons hidden, title bar hidden
[2026.05.30-23.36.25:295][  0]LogSlate: Updating window title bar state: overlay mode, drag disabled, window buttons hidden, title bar hidden
[2026.05.30-23.36.25:300][  0]LogSlate: Updating window title bar state: overlay mode, drag disabled, window buttons hidden, title bar hidden
[2026.05.30-23.36.25:328][  0]LogNativeClassHierarchy: Verbose: Native class hierarchy populated in 0.0095 seconds. Added 3822 classes and 928 folders.
[2026.05.30-23.36.25:332][  0]LogNativeClassHierarchy: Verbose: Native class hierarchy updated for 'WidgetCarousel' in 0.0002 seconds. Added 0 classes and 0 folders.
[2026.05.30-23.36.25:337][  0]LogPakFile: PakFile PrimaryIndexSize=187
[2026.05.30-23.36.25:337][  0]LogPakFile: PakFile PathHashIndexSize=101
[2026.05.30-23.36.25:337][  0]LogPakFile: PakFile FullDirectoryIndexSize=148
[2026.05.30-23.36.25:337][  0]LogShaderLibrary: Display: ShaderCodeLibraryPakFileMountedCallback: PakFile 'C:/Program Files/Epic Games/UE_4.27/FeaturePacks/FP_FirstPerson.upack' (chunk index -1, root 'root:/') mounted
[2026.05.30-23.36.25:338][  0]LogShaderLibrary: Display: ShaderCodeLibraryPakFileMountedCallback: pending pak file info (ChunkID:-1 Root:root:/ File:C:/Program Files/Epic Games/UE_4.27/FeaturePacks/FP_FirstPerson.upack)
[2026.05.30-23.36.25:338][  0]LogPakFile: OnPakFileMounted2Time == 0.000078
[2026.05.30-23.36.25:339][  0]LogPakFile: PakFile PrimaryIndexSize=189
[2026.05.30-23.36.25:339][  0]LogPakFile: PakFile PathHashIndexSize=101
[2026.05.30-23.36.25:339][  0]LogPakFile: PakFile FullDirectoryIndexSize=152
[2026.05.30-23.36.25:339][  0]LogShaderLibrary: Display: ShaderCodeLibraryPakFileMountedCallback: PakFile 'C:/Program Files/Epic Games/UE_4.27/FeaturePacks/FP_FirstPersonBP.upack' (chunk index -1, root 'root:/') mounted
[2026.05.30-23.36.25:339][  0]LogShaderLibrary: Display: ShaderCodeLibraryPakFileMountedCallback: pending pak file info (ChunkID:-1 Root:root:/ File:C:/Program Files/Epic Games/UE_4.27/FeaturePacks/FP_FirstPersonBP.upack)
[2026.05.30-23.36.25:339][  0]LogPakFile: OnPakFileMounted2Time == 0.000064
[2026.05.30-23.36.25:341][  0]LogPakFile: PakFile PrimaryIndexSize=191
[2026.05.30-23.36.25:341][  0]LogPakFile: PakFile PathHashIndexSize=101
[2026.05.30-23.36.25:341][  0]LogPakFile: PakFile FullDirectoryIndexSize=160
[2026.05.30-23.36.25:341][  0]LogShaderLibrary: Display: ShaderCodeLibraryPakFileMountedCallback: PakFile 'C:/Program Files/Epic Games/UE_4.27/FeaturePacks/MobileStarterContent.upack' (chunk index -1, root 'root:/') mounted
[2026.05.30-23.36.25:341][  0]LogShaderLibrary: Display: ShaderCodeLibraryPakFileMountedCallback: pending pak file info (ChunkID:-1 Root:root:/ File:C:/Program Files/Epic Games/UE_4.27/FeaturePacks/MobileStarterContent.upack)
[2026.05.30-23.36.25:341][  0]LogPakFile: OnPakFileMounted2Time == 0.000046
[2026.05.30-23.36.25:342][  0]LogPakFile: PakFile PrimaryIndexSize=185
[2026.05.30-23.36.25:342][  0]LogPakFile: PakFile PathHashIndexSize=101
[2026.05.30-23.36.25:342][  0]LogPakFile: PakFile FullDirectoryIndexSize=148
[2026.05.30-23.36.25:342][  0]LogShaderLibrary: Display: ShaderCodeLibraryPakFileMountedCallback: PakFile 'C:/Program Files/Epic Games/UE_4.27/FeaturePacks/StarterContent.upack' (chunk index -1, root 'root:/') mounted
[2026.05.30-23.36.25:342][  0]LogShaderLibrary: Display: ShaderCodeLibraryPakFileMountedCallback: pending pak file info (ChunkID:-1 Root:root:/ File:C:/Program Files/Epic Games/UE_4.27/FeaturePacks/StarterContent.upack)
[2026.05.30-23.36.25:342][  0]LogPakFile: OnPakFileMounted2Time == 0.000043
[2026.05.30-23.36.25:343][  0]LogPakFile: PakFile PrimaryIndexSize=190
[2026.05.30-23.36.25:343][  0]LogPakFile: PakFile PathHashIndexSize=101
[2026.05.30-23.36.25:343][  0]LogPakFile: PakFile FullDirectoryIndexSize=154
[2026.05.30-23.36.25:343][  0]LogShaderLibrary: Display: ShaderCodeLibraryPakFileMountedCallback: PakFile 'C:/Program Files/Epic Games/UE_4.27/FeaturePacks/TP_2DSideScroller.upack' (chunk index -1, root 'root:/') mounted
[2026.05.30-23.36.25:343][  0]LogShaderLibrary: Display: ShaderCodeLibraryPakFileMountedCallback: pending pak file info (ChunkID:-1 Root:root:/ File:C:/Program Files/Epic Games/UE_4.27/FeaturePacks/TP_2DSideScroller.upack)
[2026.05.30-23.36.25:343][  0]LogPakFile: OnPakFileMounted2Time == 0.000042
[2026.05.30-23.36.25:345][  0]LogPakFile: PakFile PrimaryIndexSize=192
[2026.05.30-23.36.25:345][  0]LogPakFile: PakFile PathHashIndexSize=101
[2026.05.30-23.36.25:345][  0]LogPakFile: PakFile FullDirectoryIndexSize=158
[2026.05.30-23.36.25:345][  0]LogShaderLibrary: Display: ShaderCodeLibraryPakFileMountedCallback: PakFile 'C:/Program Files/Epic Games/UE_4.27/FeaturePacks/TP_2DSideScrollerBP.upack' (chunk index -1, root 'root:/') mounted
[2026.05.30-23.36.25:345][  0]LogShaderLibrary: Display: ShaderCodeLibraryPakFileMountedCallback: pending pak file info (ChunkID:-1 Root:root:/ File:C:/Program Files/Epic Games/UE_4.27/FeaturePacks/TP_2DSideScrollerBP.upack)
[2026.05.30-23.36.25:345][  0]LogPakFile: OnPakFileMounted2Time == 0.000039
[2026.05.30-23.36.25:346][  0]LogPakFile: PakFile PrimaryIndexSize=182
[2026.05.30-23.36.25:346][  0]LogPakFile: PakFile PathHashIndexSize=101
[2026.05.30-23.36.25:346][  0]LogPakFile: PakFile FullDirectoryIndexSize=138
[2026.05.30-23.36.25:346][  0]LogShaderLibrary: Display: ShaderCodeLibraryPakFileMountedCallback: PakFile 'C:/Program Files/Epic Games/UE_4.27/FeaturePacks/TP_Flying.upack' (chunk index -1, root 'root:/') mounted
[2026.05.30-23.36.25:346][  0]LogShaderLibrary: Display: ShaderCodeLibraryPakFileMountedCallback: pending pak file info (ChunkID:-1 Root:root:/ File:C:/Program Files/Epic Games/UE_4.27/FeaturePacks/TP_Flying.upack)
[2026.05.30-23.36.25:346][  0]LogPakFile: OnPakFileMounted2Time == 0.000039
[2026.05.30-23.36.25:347][  0]LogPakFile: PakFile PrimaryIndexSize=184
[2026.05.30-23.36.25:347][  0]LogPakFile: PakFile PathHashIndexSize=101
[2026.05.30-23.36.25:347][  0]LogPakFile: PakFile FullDirectoryIndexSize=142
[2026.05.30-23.36.25:347][  0]LogShaderLibrary: Display: ShaderCodeLibraryPakFileMountedCallback: PakFile 'C:/Program Files/Epic Games/UE_4.27/FeaturePacks/TP_FlyingBP.upack' (chunk index -1, root 'root:/') mounted
[2026.05.30-23.36.25:347][  0]LogShaderLibrary: Display: ShaderCodeLibraryPakFileMountedCallback: pending pak file info (ChunkID:-1 Root:root:/ File:C:/Program Files/Epic Games/UE_4.27/FeaturePacks/TP_FlyingBP.upack)
[2026.05.30-23.36.25:347][  0]LogPakFile: OnPakFileMounted2Time == 0.000037
[2026.05.30-23.36.25:349][  0]LogPakFile: PakFile PrimaryIndexSize=188
[2026.05.30-23.36.25:349][  0]LogPakFile: PakFile PathHashIndexSize=101
[2026.05.30-23.36.25:349][  0]LogPakFile: PakFile FullDirectoryIndexSize=150
[2026.05.30-23.36.25:349][  0]LogShaderLibrary: Display: ShaderCodeLibraryPakFileMountedCallback: PakFile 'C:/Program Files/Epic Games/UE_4.27/FeaturePacks/TP_HandheldARBP.upack' (chunk index -1, root 'root:/') mounted
[2026.05.30-23.36.25:349][  0]LogShaderLibrary: Display: ShaderCodeLibraryPakFileMountedCallback: pending pak file info (ChunkID:-1 Root:root:/ File:C:/Program Files/Epic Games/UE_4.27/FeaturePacks/TP_HandheldARBP.upack)
[2026.05.30-23.36.25:349][  0]LogPakFile: OnPakFileMounted2Time == 0.000039
[2026.05.30-23.36.25:351][  0]LogPakFile: PakFile PrimaryIndexSize=182
[2026.05.30-23.36.25:351][  0]LogPakFile: PakFile PathHashIndexSize=101
[2026.05.30-23.36.25:351][  0]LogPakFile: PakFile FullDirectoryIndexSize=138
[2026.05.30-23.36.25:351][  0]LogShaderLibrary: Display: ShaderCodeLibraryPakFileMountedCallback: PakFile 'C:/Program Files/Epic Games/UE_4.27/FeaturePacks/TP_Puzzle.upack' (chunk index -1, root 'root:/') mounted
[2026.05.30-23.36.25:351][  0]LogShaderLibrary: Display: ShaderCodeLibraryPakFileMountedCallback: pending pak file info (ChunkID:-1 Root:root:/ File:C:/Program Files/Epic Games/UE_4.27/FeaturePacks/TP_Puzzle.upack)
[2026.05.30-23.36.25:352][  0]LogPakFile: OnPakFileMounted2Time == 0.000039
[2026.05.30-23.36.25:353][  0]LogPakFile: PakFile PrimaryIndexSize=184
[2026.05.30-23.36.25:353][  0]LogPakFile: PakFile PathHashIndexSize=101
[2026.05.30-23.36.25:353][  0]LogPakFile: PakFile FullDirectoryIndexSize=142
[2026.05.30-23.36.25:353][  0]LogShaderLibrary: Display: ShaderCodeLibraryPakFileMountedCallback: PakFile 'C:/Program Files/Epic Games/UE_4.27/FeaturePacks/TP_PuzzleBP.upack' (chunk index -1, root 'root:/') mounted
[2026.05.30-23.36.25:353][  0]LogShaderLibrary: Display: ShaderCodeLibraryPakFileMountedCallback: pending pak file info (ChunkID:-1 Root:root:/ File:C:/Program Files/Epic Games/UE_4.27/FeaturePacks/TP_PuzzleBP.upack)
[2026.05.30-23.36.25:353][  0]LogPakFile: OnPakFileMounted2Time == 0.000037
[2026.05.30-23.36.25:354][  0]LogPakFile: PakFile PrimaryIndexSize=183
[2026.05.30-23.36.25:354][  0]LogPakFile: PakFile PathHashIndexSize=101
[2026.05.30-23.36.25:354][  0]LogPakFile: PakFile FullDirectoryIndexSize=140
[2026.05.30-23.36.25:354][  0]LogShaderLibrary: Display: ShaderCodeLibraryPakFileMountedCallback: PakFile 'C:/Program Files/Epic Games/UE_4.27/FeaturePacks/TP_Rolling.upack' (chunk index -1, root 'root:/') mounted
[2026.05.30-23.36.25:354][  0]LogShaderLibrary: Display: ShaderCodeLibraryPakFileMountedCallback: pending pak file info (ChunkID:-1 Root:root:/ File:C:/Program Files/Epic Games/UE_4.27/FeaturePacks/TP_Rolling.upack)
[2026.05.30-23.36.25:354][  0]LogPakFile: OnPakFileMounted2Time == 0.000037
[2026.05.30-23.36.25:356][  0]LogPakFile: PakFile PrimaryIndexSize=185
[2026.05.30-23.36.25:356][  0]LogPakFile: PakFile PathHashIndexSize=101
[2026.05.30-23.36.25:356][  0]LogPakFile: PakFile FullDirectoryIndexSize=144
[2026.05.30-23.36.25:356][  0]LogShaderLibrary: Display: ShaderCodeLibraryPakFileMountedCallback: PakFile 'C:/Program Files/Epic Games/UE_4.27/FeaturePacks/TP_RollingBP.upack' (chunk index -1, root 'root:/') mounted
[2026.05.30-23.36.25:356][  0]LogShaderLibrary: Display: ShaderCodeLibraryPakFileMountedCallback: pending pak file info (ChunkID:-1 Root:root:/ File:C:/Program Files/Epic Games/UE_4.27/FeaturePacks/TP_RollingBP.upack)
[2026.05.30-23.36.25:356][  0]LogPakFile: OnPakFileMounted2Time == 0.000039
[2026.05.30-23.36.25:357][  0]LogPakFile: PakFile PrimaryIndexSize=188
[2026.05.30-23.36.25:357][  0]LogPakFile: PakFile PathHashIndexSize=101
[2026.05.30-23.36.25:357][  0]LogPakFile: PakFile FullDirectoryIndexSize=150
[2026.05.30-23.36.25:357][  0]LogShaderLibrary: Display: ShaderCodeLibraryPakFileMountedCallback: PakFile 'C:/Program Files/Epic Games/UE_4.27/FeaturePacks/TP_SideScroller.upack' (chunk index -1, root 'root:/') mounted
[2026.05.30-23.36.25:357][  0]LogShaderLibrary: Display: ShaderCodeLibraryPakFileMountedCallback: pending pak file info (ChunkID:-1 Root:root:/ File:C:/Program Files/Epic Games/UE_4.27/FeaturePacks/TP_SideScroller.upack)
[2026.05.30-23.36.25:357][  0]LogPakFile: OnPakFileMounted2Time == 0.000037
[2026.05.30-23.36.25:359][  0]LogPakFile: PakFile PrimaryIndexSize=190
[2026.05.30-23.36.25:359][  0]LogPakFile: PakFile PathHashIndexSize=101
[2026.05.30-23.36.25:359][  0]LogPakFile: PakFile FullDirectoryIndexSize=154
[2026.05.30-23.36.25:359][  0]LogShaderLibrary: Display: ShaderCodeLibraryPakFileMountedCallback: PakFile 'C:/Program Files/Epic Games/UE_4.27/FeaturePacks/TP_SideScrollerBP.upack' (chunk index -1, root 'root:/') mounted
[2026.05.30-23.36.25:360][  0]LogShaderLibrary: Display: ShaderCodeLibraryPakFileMountedCallback: pending pak file info (ChunkID:-1 Root:root:/ File:C:/Program Files/Epic Games/UE_4.27/FeaturePacks/TP_SideScrollerBP.upack)
[2026.05.30-23.36.25:360][  0]LogPakFile: OnPakFileMounted2Time == 0.000047
[2026.05.30-23.36.25:361][  0]LogPakFile: PakFile PrimaryIndexSize=187
[2026.05.30-23.36.25:361][  0]LogPakFile: PakFile PathHashIndexSize=101
[2026.05.30-23.36.25:361][  0]LogPakFile: PakFile FullDirectoryIndexSize=148
[2026.05.30-23.36.25:361][  0]LogShaderLibrary: Display: ShaderCodeLibraryPakFileMountedCallback: PakFile 'C:/Program Files/Epic Games/UE_4.27/FeaturePacks/TP_ThirdPerson.upack' (chunk index -1, root 'root:/') mounted
[2026.05.30-23.36.25:361][  0]LogShaderLibrary: Display: ShaderCodeLibraryPakFileMountedCallback: pending pak file info (ChunkID:-1 Root:root:/ File:C:/Program Files/Epic Games/UE_4.27/FeaturePacks/TP_ThirdPerson.upack)
[2026.05.30-23.36.25:361][  0]LogPakFile: OnPakFileMounted2Time == 0.000043
[2026.05.30-23.36.25:363][  0]LogPakFile: PakFile PrimaryIndexSize=189
[2026.05.30-23.36.25:363][  0]LogPakFile: PakFile PathHashIndexSize=101
[2026.05.30-23.36.25:363][  0]LogPakFile: PakFile FullDirectoryIndexSize=152
[2026.05.30-23.36.25:363][  0]LogShaderLibrary: Display: ShaderCodeLibraryPakFileMountedCallback: PakFile 'C:/Program Files/Epic Games/UE_4.27/FeaturePacks/TP_ThirdPersonBP.upack' (chunk index -1, root 'root:/') mounted
[2026.05.30-23.36.25:363][  0]LogShaderLibrary: Display: ShaderCodeLibraryPakFileMountedCallback: pending pak file info (ChunkID:-1 Root:root:/ File:C:/Program Files/Epic Games/UE_4.27/FeaturePacks/TP_ThirdPersonBP.upack)
[2026.05.30-23.36.25:363][  0]LogPakFile: OnPakFileMounted2Time == 0.000038
[2026.05.30-23.36.25:364][  0]LogPakFile: PakFile PrimaryIndexSize=183
[2026.05.30-23.36.25:364][  0]LogPakFile: PakFile PathHashIndexSize=101
[2026.05.30-23.36.25:364][  0]LogPakFile: PakFile FullDirectoryIndexSize=140
[2026.05.30-23.36.25:364][  0]LogShaderLibrary: Display: ShaderCodeLibraryPakFileMountedCallback: PakFile 'C:/Program Files/Epic Games/UE_4.27/FeaturePacks/TP_TopDown.upack' (chunk index -1, root 'root:/') mounted
[2026.05.30-23.36.25:364][  0]LogShaderLibrary: Display: ShaderCodeLibraryPakFileMountedCallback: pending pak file info (ChunkID:-1 Root:root:/ File:C:/Program Files/Epic Games/UE_4.27/FeaturePacks/TP_TopDown.upack)
[2026.05.30-23.36.25:364][  0]LogPakFile: OnPakFileMounted2Time == 0.000046
[2026.05.30-23.36.25:365][  0]LogPakFile: PakFile PrimaryIndexSize=185
[2026.05.30-23.36.25:365][  0]LogPakFile: PakFile PathHashIndexSize=101
[2026.05.30-23.36.25:365][  0]LogPakFile: PakFile FullDirectoryIndexSize=144
[2026.05.30-23.36.25:365][  0]LogShaderLibrary: Display: ShaderCodeLibraryPakFileMountedCallback: PakFile 'C:/Program Files/Epic Games/UE_4.27/FeaturePacks/TP_TopDownBP.upack' (chunk index -1, root 'root:/') mounted
[2026.05.30-23.36.25:365][  0]LogShaderLibrary: Display: ShaderCodeLibraryPakFileMountedCallback: pending pak file info (ChunkID:-1 Root:root:/ File:C:/Program Files/Epic Games/UE_4.27/FeaturePacks/TP_TopDownBP.upack)
[2026.05.30-23.36.25:365][  0]LogPakFile: OnPakFileMounted2Time == 0.000041
[2026.05.30-23.36.25:367][  0]LogPakFile: PakFile PrimaryIndexSize=185
[2026.05.30-23.36.25:367][  0]LogPakFile: PakFile PathHashIndexSize=101
[2026.05.30-23.36.25:367][  0]LogPakFile: PakFile FullDirectoryIndexSize=144
[2026.05.30-23.36.25:367][  0]LogShaderLibrary: Display: ShaderCodeLibraryPakFileMountedCallback: PakFile 'C:/Program Files/Epic Games/UE_4.27/FeaturePacks/TP_TwinStick.upack' (chunk index -1, root 'root:/') mounted
[2026.05.30-23.36.25:367][  0]LogShaderLibrary: Display: ShaderCodeLibraryPakFileMountedCallback: pending pak file info (ChunkID:-1 Root:root:/ File:C:/Program Files/Epic Games/UE_4.27/FeaturePacks/TP_TwinStick.upack)
[2026.05.30-23.36.25:367][  0]LogPakFile: OnPakFileMounted2Time == 0.000052
[2026.05.30-23.36.25:369][  0]LogPakFile: PakFile PrimaryIndexSize=187
[2026.05.30-23.36.25:369][  0]LogPakFile: PakFile PathHashIndexSize=101
[2026.05.30-23.36.25:369][  0]LogPakFile: PakFile FullDirectoryIndexSize=148
[2026.05.30-23.36.25:369][  0]LogShaderLibrary: Display: ShaderCodeLibraryPakFileMountedCallback: PakFile 'C:/Program Files/Epic Games/UE_4.27/FeaturePacks/TP_TwinStickBP.upack' (chunk index -1, root 'root:/') mounted
[2026.05.30-23.36.25:369][  0]LogShaderLibrary: Display: ShaderCodeLibraryPakFileMountedCallback: pending pak file info (ChunkID:-1 Root:root:/ File:C:/Program Files/Epic Games/UE_4.27/FeaturePacks/TP_TwinStickBP.upack)
[2026.05.30-23.36.25:369][  0]LogPakFile: OnPakFileMounted2Time == 0.000041
[2026.05.30-23.36.25:370][  0]LogPakFile: PakFile PrimaryIndexSize=183
[2026.05.30-23.36.25:370][  0]LogPakFile: PakFile PathHashIndexSize=101
[2026.05.30-23.36.25:370][  0]LogPakFile: PakFile FullDirectoryIndexSize=140
[2026.05.30-23.36.25:370][  0]LogShaderLibrary: Display: ShaderCodeLibraryPakFileMountedCallback: PakFile 'C:/Program Files/Epic Games/UE_4.27/FeaturePacks/TP_Vehicle.upack' (chunk index -1, root 'root:/') mounted
[2026.05.30-23.36.25:370][  0]LogShaderLibrary: Display: ShaderCodeLibraryPakFileMountedCallback: pending pak file info (ChunkID:-1 Root:root:/ File:C:/Program Files/Epic Games/UE_4.27/FeaturePacks/TP_Vehicle.upack)
[2026.05.30-23.36.25:370][  0]LogPakFile: OnPakFileMounted2Time == 0.000038
[2026.05.30-23.36.25:371][  0]LogPakFile: PakFile PrimaryIndexSize=186
[2026.05.30-23.36.25:371][  0]LogPakFile: PakFile PathHashIndexSize=101
[2026.05.30-23.36.25:371][  0]LogPakFile: PakFile FullDirectoryIndexSize=146
[2026.05.30-23.36.25:371][  0]LogShaderLibrary: Display: ShaderCodeLibraryPakFileMountedCallback: PakFile 'C:/Program Files/Epic Games/UE_4.27/FeaturePacks/TP_VehicleAdv.upack' (chunk index -1, root 'root:/') mounted
[2026.05.30-23.36.25:371][  0]LogShaderLibrary: Display: ShaderCodeLibraryPakFileMountedCallback: pending pak file info (ChunkID:-1 Root:root:/ File:C:/Program Files/Epic Games/UE_4.27/FeaturePacks/TP_VehicleAdv.upack)
[2026.05.30-23.36.25:371][  0]LogPakFile: OnPakFileMounted2Time == 0.000042
[2026.05.30-23.36.25:373][  0]LogPakFile: PakFile PrimaryIndexSize=188
[2026.05.30-23.36.25:373][  0]LogPakFile: PakFile PathHashIndexSize=101
[2026.05.30-23.36.25:373][  0]LogPakFile: PakFile FullDirectoryIndexSize=150
[2026.05.30-23.36.25:373][  0]LogShaderLibrary: Display: ShaderCodeLibraryPakFileMountedCallback: PakFile 'C:/Program Files/Epic Games/UE_4.27/FeaturePacks/TP_VehicleAdvBP.upack' (chunk index -1, root 'root:/') mounted
[2026.05.30-23.36.25:373][  0]LogShaderLibrary: Display: ShaderCodeLibraryPakFileMountedCallback: pending pak file info (ChunkID:-1 Root:root:/ File:C:/Program Files/Epic Games/UE_4.27/FeaturePacks/TP_VehicleAdvBP.upack)
[2026.05.30-23.36.25:373][  0]LogPakFile: OnPakFileMounted2Time == 0.000040
[2026.05.30-23.36.25:374][  0]LogPakFile: PakFile PrimaryIndexSize=185
[2026.05.30-23.36.25:374][  0]LogPakFile: PakFile PathHashIndexSize=101
[2026.05.30-23.36.25:374][  0]LogPakFile: PakFile FullDirectoryIndexSize=144
[2026.05.30-23.36.25:374][  0]LogShaderLibrary: Display: ShaderCodeLibraryPakFileMountedCallback: PakFile 'C:/Program Files/Epic Games/UE_4.27/FeaturePacks/TP_VehicleBP.upack' (chunk index -1, root 'root:/') mounted
[2026.05.30-23.36.25:374][  0]LogShaderLibrary: Display: ShaderCodeLibraryPakFileMountedCallback: pending pak file info (ChunkID:-1 Root:root:/ File:C:/Program Files/Epic Games/UE_4.27/FeaturePacks/TP_VehicleBP.upack)
[2026.05.30-23.36.25:374][  0]LogPakFile: OnPakFileMounted2Time == 0.000038
[2026.05.30-23.36.25:376][  0]LogPakFile: PakFile PrimaryIndexSize=192
[2026.05.30-23.36.25:376][  0]LogPakFile: PakFile PathHashIndexSize=101
[2026.05.30-23.36.25:376][  0]LogPakFile: PakFile FullDirectoryIndexSize=158
[2026.05.30-23.36.25:376][  0]LogShaderLibrary: Display: ShaderCodeLibraryPakFileMountedCallback: PakFile 'C:/Program Files/Epic Games/UE_4.27/FeaturePacks/TP_VirtualRealityBP.upack' (chunk index -1, root 'root:/') mounted
[2026.05.30-23.36.25:376][  0]LogShaderLibrary: Display: ShaderCodeLibraryPakFileMountedCallback: pending pak file info (ChunkID:-1 Root:root:/ File:C:/Program Files/Epic Games/UE_4.27/FeaturePacks/TP_VirtualRealityBP.upack)
[2026.05.30-23.36.25:376][  0]LogPakFile: OnPakFileMounted2Time == 0.000038
[2026.05.30-23.36.25:532][  0]LogNativeClassHierarchy: Verbose: Native class hierarchy updated for 'AddContentDialog' in 0.0002 seconds. Added 0 classes and 0 folders.
[2026.05.30-23.36.25:535][  0]LogNativeClassHierarchy: Verbose: Native class hierarchy updated for 'SceneOutliner' in 0.0002 seconds. Added 2 classes and 0 folders.
[2026.05.30-23.36.25:579][  0]LogSlate: Took 0.000961 seconds to synchronously load lazily loaded font '../../../Engine/Content/Slate/Fonts/Roboto-Regular.ttf' (155K)
[2026.05.30-23.36.25:581][  0]LogSlate: Took 0.000802 seconds to synchronously load lazily loaded font '../../../Engine/Content/Editor/Slate/Fonts/FontAwesome.ttf' (139K)
[2026.05.30-23.36.25:583][  0]LogSlate: Took 0.000831 seconds to synchronously load lazily loaded font '../../../Engine/Content/Slate/Fonts/Roboto-Bold.ttf' (160K)
[2026.05.30-23.36.25:679][  0]LogRenderer: Reallocating scene render targets to support 1288x572 Format 10 NumSamples 1 (Frame:1).
[2026.05.30-23.36.25:780][  0]LogNativeClassHierarchy: Verbose: Native class hierarchy updated for 'HierarchicalLODOutliner' in 0.0003 seconds. Added 0 classes and 0 folders.
[2026.05.30-23.36.25:780][  0]LogLoad: (Engine Initialization) Total time: 18.00 seconds
[2026.05.30-23.36.25:780][  0]LogLoad: (Engine Initialization) Total Blueprint compile time: 0.00 seconds
[2026.05.30-23.36.25:829][  0]LogAssetRegistry: Asset discovery search completed in 8.1287 seconds
[2026.05.30-23.36.25:834][  0]LogCollectionManager: Fixed up redirectors for 0 collections in 0.000005 seconds (updated 0 objects)
[2026.05.30-23.36.25:838][  0]LogContentStreaming: Texture pool size now 1000 MB
[2026.05.31-01.07.36:703][387]LogLinker: Warning: [AssetLog] D:\LearnData\UnrealProject\UnrealLearn\ALSV4\Content\AdvancedLocomotionV4\CharacterAssets\MannequinSkeleton\AnimationExamples\Base\Locomotion\ALS_CLF_Walk_F.uasset: Failed to load '/Game/AdvancedLocomotionV4/Blueprints/AnimNotifys/CustomNotify': Can't find file.
[2026.05.31-01.07.36:703][387]LogLinker: Warning: [AssetLog] D:\LearnData\UnrealProject\UnrealLearn\ALSV4\Content\AdvancedLocomotionV4\CharacterAssets\MannequinSkeleton\AnimationExamples\Base\Locomotion\ALS_CLF_Walk_F.uasset: Failed to load '/Game/AdvancedLocomotionV4/Blueprints/AnimNotifys/CustomNotify': Can't find file.
[2026.05.31-01.07.36:715][387]LogLinker: Warning: [AssetLog] D:\LearnData\UnrealProject\UnrealLearn\ALSV4\Content\AdvancedLocomotionV4\CharacterAssets\MannequinSkeleton\AnimationExamples\Base\Locomotion\ALS_CLF_Walk_F.uasset: Failed to load '/Game/AdvancedLocomotionV4/Blueprints/AnimNotifys/CustomNotify': Can't find file.
[2026.05.31-01.07.36:715][387]LogLinker: Warning: [AssetLog] D:\LearnData\UnrealProject\UnrealLearn\ALSV4\Content\AdvancedLocomotionV4\CharacterAssets\MannequinSkeleton\ALS_AnimBp.uasset: Failed to load '/Game/AdvancedLocomotionV4/Blueprints/AnimNotifys/CustomNotify': Can't find file.
[2026.05.31-01.07.36:715][387]LogLinker: Warning: [AssetLog] D:\LearnData\UnrealProject\UnrealLearn\ALSV4\Content\AdvancedLocomotionV4\CharacterAssets\MannequinSkeleton\ALS_AnimBp.uasset: Failed to load '/Game/AdvancedLocomotionV4/Blueprints/AnimNotifys/CustomNotify': Can't find file.
[2026.05.31-01.07.36:736][387]LogLinker: Warning: [AssetLog] D:\LearnData\UnrealProject\UnrealLearn\ALSV4\Content\AdvancedLocomotionV4\CharacterAssets\MannequinSkeleton\Meshes\AnimMan.uasset: Failed to load '/Game/AdvancedLocomotionV4/CharacterAssets/MannequinSkeleton/Materials/M_AnimMan_Red': Can't find file.
[2026.05.31-01.07.36:736][387]LoadErrors: Failed to load /Game/AdvancedLocomotionV4/CharacterAssets/MannequinSkeleton/Meshes/AnimMan.AnimMan Referenced by Default__ALS_Base_CharacterBP_C
[2026.05.31-01.07.36:736][387]LogLinker: Warning: [AssetLog] D:\LearnData\UnrealProject\UnrealLearn\ALSV4\Content\AdvancedLocomotionV4\CharacterAssets\MannequinSkeleton\Meshes\AnimMan.uasset: Failed to load '/Game/AdvancedLocomotionV4/CharacterAssets/MannequinSkeleton/Materials/M_AnimMan_Red': Can't find file.
[2026.05.31-01.07.36:736][387]LogLinker: Warning: [AssetLog] D:\LearnData\UnrealProject\UnrealLearn\ALSV4\Content\AdvancedLocomotionV4\CharacterAssets\MannequinSkeleton\Meshes\AnimMan.uasset: Failed to load '/Game/AdvancedLocomotionV4/CharacterAssets/MannequinSkeleton/Materials/M_AnimMan_Red': Can't find file.
[2026.05.31-01.07.36:813][387]LogLinker: Warning: [AssetLog] D:\LearnData\UnrealProject\UnrealLearn\ALSV4\Content\AdvancedLocomotionV4\CharacterAssets\MannequinSkeleton\Meshes\AnimMan.uasset: Failed to load '/Game/AdvancedLocomotionV4/CharacterAssets/MannequinSkeleton/Materials/M_AnimMan_Red': Can't find file.
[2026.05.31-01.07.36:813][387]LoadErrors: Failed to load /Game/AdvancedLocomotionV4/CharacterAssets/MannequinSkeleton/Materials/M_AnimMan_Red.M_AnimMan_Red Referenced by AnimMan
[2026.05.31-01.07.36:925][387]LogAnimationCompression: Building Anim DDC data for AnimSequence /Game/AdvancedLocomotionV4/CharacterAssets/MannequinSkeleton/AnimationExamples/Base/Locomotion/ALS_N_Run_F.ALS_N_Run_F
[2026.05.31-01.07.36:931][387]LogSlate: Took 0.001301 seconds to synchronously load lazily loaded font '../../../Engine/Content/Slate/Fonts/Roboto-Light.ttf' (167K)
[2026.05.31-01.07.36:951][387]LogAssetEditorSubsystem: Opening Asset editor for AnimBlueprint /Game/AdvancedLocomotionV4/CharacterAssets/MannequinSkeleton/ALS_AnimBp.ALS_AnimBP
[2026.05.31-01.07.36:986][387]LogNativeClassHierarchy: Verbose: Native class hierarchy updated for 'SkeletonEditor' in 0.0003 seconds. Added 1 classes and 2 folders.
[2026.05.31-01.07.36:991][387]LogTexture: Default maximum texture size for cubemaps generated from long-lat sources has been changed from 512 to unlimited. In order to preserve old behaiour for '/Engine/EditorMaterials/AssetViewer/EpicQuadPanorama_CC+EV1.EpicQuadPanorama_CC+EV1', its maximum texture size has been explicitly set to 512.
[2026.05.31-01.07.37:092][387]LogTexture: Default maximum texture size for cubemaps generated from long-lat sources has been changed from 512 to unlimited. In order to preserve old behaiour for '/Engine/MapTemplates/Sky/SunsetAmbientCubemap.SunsetAmbientCubemap', its maximum texture size has been explicitly set to 512.
[2026.05.31-01.07.37:184][387]LogActorComponent: RegisterComponentWithWorld: (/Engine/Transient.World_2:PersistentLevel.AnimationEditorPreviewActor_0.DebugSkelMeshComponent_0) Already registered. Aborting.
[2026.05.31-01.07.37:187][387]LogNativeClassHierarchy: Verbose: Native class hierarchy updated for 'PinnedCommandList' in 0.0003 seconds. Added 1 classes and 0 folders.
[2026.05.31-01.07.37:375][387]LogNativeClassHierarchy: Verbose: Native class hierarchy updated for 'BlueprintGraph' in 0.0005 seconds. Added 126 classes and 0 folders.
[2026.05.31-01.07.38:349][387]LogSlate: Took 0.001279 seconds to synchronously load lazily loaded font '../../../Engine/Content/Slate/Fonts/Roboto-BoldCondensed.ttf' (158K)
[2026.05.31-01.07.38:410][388]LogAudio: Display: Cached duration for Sound Cue SoundCue /Game/AdvancedLocomotionV4/Audio/Footsteps/Footstep_Cue.Footstep_Cue was zero and has changed. Consider manually Re-saving the asset
[2026.05.31-01.07.38:421][388]LogSlate: Took 0.000707 seconds to synchronously load lazily loaded font '../../../Engine/Content/Slate/Fonts/Roboto-Italic.ttf' (157K)
[2026.05.31-01.07.40:035][562]LogSlate: Took 0.004928 seconds to synchronously load lazily loaded font '../../../Engine/Content/Slate/Fonts/DroidSansFallback.ttf' (3848K)
[2026.05.31-01.15.37:609][817]LogSavePackage: Moving 'D:/LearnData/UnrealProject/UnrealLearn/ALSV4/Saved/ALS_AnimBpD783D46A43F1BC4A3AC353BDA9529DA3.tmp' to 'D:/LearnData/UnrealProject/UnrealLearn/ALSV4/Content/AdvancedLocomotionV4/CharacterAssets/MannequinSkeleton/ALS_AnimBp.uasset'
[2026.05.31-01.15.37:631][817]AssetCheck: New page: Asset Save: ALS_AnimBP
[2026.05.31-01.15.37:631][817]LogContentValidation: Display: Validating AnimBlueprint /Game/AdvancedLocomotionV4/CharacterAssets/MannequinSkeleton/ALS_AnimBp.ALS_AnimBP
[2026.05.31-01.19.32:755][ 50]LogUObjectHash: Compacting FUObjectHashTables data took   2.65ms
[2026.05.31-01.19.32:756][ 50]LogFileHelpers: Editor autosave (incl. external actors) for '/Game/ThirdPersonBP/Maps/ThirdPersonExampleMap' took 0.026
[2026.05.31-01.19.32:757][ 50]OBJ SavePackage: Generating thumbnails for [2] asset(s) in package [/Game/AdvancedLocomotionV4/CharacterAssets/MannequinSkeleton/ALS_AnimBp] ([2] browsable assets)...
[2026.05.31-01.19.32:772][ 50]OBJ SavePackage:     Rendered thumbnail for [AnimBlueprint /Game/AdvancedLocomotionV4/CharacterAssets/MannequinSkeleton/ALS_AnimBp.ALS_AnimBP]
[2026.05.31-01.19.32:772][ 50]OBJ SavePackage: Finished generating thumbnails for package [/Game/AdvancedLocomotionV4/CharacterAssets/MannequinSkeleton/ALS_AnimBp]
[2026.05.31-01.19.32:798][ 50]LogSavePackage: Moving 'D:/LearnData/UnrealProject/UnrealLearn/ALSV4/Saved/ALS_AnimBp_Auto179D8F1B54C47E6CE09586CB5003E8A81.tmp' to 'D:/LearnData/UnrealProject/UnrealLearn/ALSV4/Saved/Autosaves/Game/AdvancedLocomotionV4/CharacterAssets/MannequinSkeleton/ALS_AnimBp_Auto1.uasset'
[2026.05.31-01.19.32:799][ 50]LogFileHelpers: Auto-saving content packages took 0.043
[2026.05.31-01.20.45:589][457]LogSavePackage: Moving 'D:/LearnData/UnrealProject/UnrealLearn/ALSV4/Saved/ALS_AnimBp1E68CBA444BE73F9A0335596410042C6.tmp' to 'D:/LearnData/UnrealProject/UnrealLearn/ALSV4/Content/AdvancedLocomotionV4/CharacterAssets/MannequinSkeleton/ALS_AnimBp.uasset'
[2026.05.31-01.20.45:605][457]AssetCheck: New page: Asset Save: ALS_AnimBP
[2026.05.31-01.20.45:605][457]LogContentValidation: Display: Validating AnimBlueprint /Game/AdvancedLocomotionV4/CharacterAssets/MannequinSkeleton/ALS_AnimBp.ALS_AnimBP
[2026.05.31-01.20.52:981][324]LogAssetEditorSubsystem: Opening Asset editor for Blueprint /Game/AdvancedLocomotionV4/Blueprints/CharacterLogic/ALS_Base_CharacterBP.ALS_Base_CharacterBP
[2026.05.31-01.21.20:557][459]LogEditorTransaction: Undo Add Node
[2026.05.31-01.21.20:638][459]LogActorComponent: RegisterComponentWithWorld: (/Engine/Transient.World_2:PersistentLevel.AnimationEditorPreviewActor_0.DebugSkelMeshComponent_0) Already registered. Aborting.
[2026.05.31-01.24.37:647][605]LogSavePackage: Moving 'D:/LearnData/UnrealProject/UnrealLearn/ALSV4/Saved/ALS_AnimBp84E70CC1412B2077F5A3D2B4F2BE3AF7.tmp' to 'D:/LearnData/UnrealProject/UnrealLearn/ALSV4/Content/AdvancedLocomotionV4/CharacterAssets/MannequinSkeleton/ALS_AnimBp.uasset'
[2026.05.31-01.24.37:667][605]AssetCheck: New page: Asset Save: ALS_AnimBP
[2026.05.31-01.24.37:667][605]LogContentValidation: Display: Validating AnimBlueprint /Game/AdvancedLocomotionV4/CharacterAssets/MannequinSkeleton/ALS_AnimBp.ALS_AnimBP
[2026.05.31-01.24.44:771][423]LogSavePackage: Moving 'D:/LearnData/UnrealProject/UnrealLearn/ALSV4/Saved/ALS_AnimBp229EF3D749EA934D2FCADABACEABE38B.tmp' to 'D:/LearnData/UnrealProject/UnrealLearn/ALSV4/Content/AdvancedLocomotionV4/CharacterAssets/MannequinSkeleton/ALS_AnimBp.uasset'
[2026.05.31-01.24.44:788][423]AssetCheck: New page: Asset Save: ALS_AnimBP
[2026.05.31-01.24.44:788][423]LogContentValidation: Display: Validating AnimBlueprint /Game/AdvancedLocomotionV4/CharacterAssets/MannequinSkeleton/ALS_AnimBp.ALS_AnimBP
[2026.05.31-01.24.46:667][639]LogSavePackage: Moving 'D:/LearnData/UnrealProject/UnrealLearn/ALSV4/Saved/ALS_AnimBp92A5182242D8E76D1F677A814F0F229E.tmp' to 'D:/LearnData/UnrealProject/UnrealLearn/ALSV4/Content/AdvancedLocomotionV4/CharacterAssets/MannequinSkeleton/ALS_AnimBp.uasset'
[2026.05.31-01.24.46:689][639]AssetCheck: New page: Asset Save: ALS_AnimBP
[2026.05.31-01.24.46:689][639]LogContentValidation: Display: Validating AnimBlueprint /Game/AdvancedLocomotionV4/CharacterAssets/MannequinSkeleton/ALS_AnimBp.ALS_AnimBP
[2026.05.31-01.25.19:336][867]LogSavePackage: Moving 'D:/LearnData/UnrealProject/UnrealLearn/ALSV4/Saved/ALS_AnimBpBED9FE1C41576427C958C0ADAA0F6576.tmp' to 'D:/LearnData/UnrealProject/UnrealLearn/ALSV4/Content/AdvancedLocomotionV4/CharacterAssets/MannequinSkeleton/ALS_AnimBp.uasset'
[2026.05.31-01.25.19:352][867]AssetCheck: New page: Asset Save: ALS_AnimBP
[2026.05.31-01.25.19:352][867]LogContentValidation: Display: Validating AnimBlueprint /Game/AdvancedLocomotionV4/CharacterAssets/MannequinSkeleton/ALS_AnimBp.ALS_AnimBP
[2026.05.31-01.29.17:187][575]LogSavePackage: Moving 'D:/LearnData/UnrealProject/UnrealLearn/ALSV4/Saved/ALS_AnimBp082F198B42DCDE6AEADC1FA65FC99B19.tmp' to 'D:/LearnData/UnrealProject/UnrealLearn/ALSV4/Content/AdvancedLocomotionV4/CharacterAssets/MannequinSkeleton/ALS_AnimBp.uasset'
[2026.05.31-01.29.17:204][575]AssetCheck: New page: Asset Save: ALS_AnimBP
[2026.05.31-01.29.17:204][575]LogContentValidation: Display: Validating AnimBlueprint /Game/AdvancedLocomotionV4/CharacterAssets/MannequinSkeleton/ALS_AnimBp.ALS_AnimBP
[2026.05.31-01.29.47:847][ 73]LogUObjectHash: Compacting FUObjectHashTables data took   2.57ms
[2026.05.31-01.29.47:850][ 73]LogFileHelpers: Editor autosave (incl. external actors) for '/Game/ThirdPersonBP/Maps/ThirdPersonExampleMap' took 0.028
[2026.05.31-01.29.47:851][ 73]OBJ SavePackage: Generating thumbnails for [2] asset(s) in package [/Game/AdvancedLocomotionV4/Blueprints/CharacterLogic/ALS_Base_CharacterBP] ([2] browsable assets)...
[2026.05.31-01.29.47:870][ 73]OBJ SavePackage:     Rendered thumbnail for [BlueprintGeneratedClass /Game/AdvancedLocomotionV4/Blueprints/CharacterLogic/ALS_Base_CharacterBP.ALS_Base_CharacterBP_C]
[2026.05.31-01.29.47:879][ 73]OBJ SavePackage:     Rendered thumbnail for [Blueprint /Game/AdvancedLocomotionV4/Blueprints/CharacterLogic/ALS_Base_CharacterBP.ALS_Base_CharacterBP]
[2026.05.31-01.29.47:879][ 73]OBJ SavePackage: Finished generating thumbnails for package [/Game/AdvancedLocomotionV4/Blueprints/CharacterLogic/ALS_Base_CharacterBP]
[2026.05.31-01.29.47:898][ 73]LogSavePackage: Moving 'D:/LearnData/UnrealProject/UnrealLearn/ALSV4/Saved/ALS_Base_CharacterBP_Auto290E956394C278ACD9A73FCAE7DDFD113.tmp' to 'D:/LearnData/UnrealProject/UnrealLearn/ALSV4/Saved/Autosaves/Game/AdvancedLocomotionV4/Blueprints/CharacterLogic/ALS_Base_CharacterBP_Auto2.uasset'
[2026.05.31-01.29.47:900][ 73]LogFileHelpers: Auto-saving content packages took 0.050
[2026.05.31-01.32.36:701][310]LogSavePackage: Moving 'D:/LearnData/UnrealProject/UnrealLearn/ALSV4/Saved/ALS_AnimBp19796227496C53409CA80CA579C9C49C.tmp' to 'D:/LearnData/UnrealProject/UnrealLearn/ALSV4/Content/AdvancedLocomotionV4/CharacterAssets/MannequinSkeleton/ALS_AnimBp.uasset'
[2026.05.31-01.32.36:724][310]AssetCheck: New page: Asset Save: ALS_AnimBP
[2026.05.31-01.32.36:724][310]LogContentValidation: Display: Validating AnimBlueprint /Game/AdvancedLocomotionV4/CharacterAssets/MannequinSkeleton/ALS_AnimBp.ALS_AnimBP
[2026.05.31-01.32.55:178][441]LogSavePackage: Moving 'D:/LearnData/UnrealProject/UnrealLearn/ALSV4/Saved/ALS_AnimBpB18936D149BAF97ADEBA10A6C1FCADC1.tmp' to 'D:/LearnData/UnrealProject/UnrealLearn/ALSV4/Content/AdvancedLocomotionV4/CharacterAssets/MannequinSkeleton/ALS_AnimBp.uasset'
[2026.05.31-01.32.55:197][441]AssetCheck: New page: Asset Save: ALS_AnimBP
[2026.05.31-01.32.55:197][441]LogContentValidation: Display: Validating AnimBlueprint /Game/AdvancedLocomotionV4/CharacterAssets/MannequinSkeleton/ALS_AnimBp.ALS_AnimBP
[2026.05.31-01.33.04:576][557]LogSavePackage: Moving 'D:/LearnData/UnrealProject/UnrealLearn/ALSV4/Saved/ALS_AnimBp6384AC6B43EF102DD8FE249925C63CFB.tmp' to 'D:/LearnData/UnrealProject/UnrealLearn/ALSV4/Content/AdvancedLocomotionV4/CharacterAssets/MannequinSkeleton/ALS_AnimBp.uasset'
[2026.05.31-01.33.04:592][557]AssetCheck: New page: Asset Save: ALS_AnimBP
[2026.05.31-01.33.04:592][557]LogContentValidation: Display: Validating AnimBlueprint /Game/AdvancedLocomotionV4/CharacterAssets/MannequinSkeleton/ALS_AnimBp.ALS_AnimBP
[2026.05.31-01.33.31:611][ 86]LogSavePackage: Moving 'D:/LearnData/UnrealProject/UnrealLearn/ALSV4/Saved/ALS_AnimBpF4809B4D402E5182A0C8ED9B17EC738C.tmp' to 'D:/LearnData/UnrealProject/UnrealLearn/ALSV4/Content/AdvancedLocomotionV4/CharacterAssets/MannequinSkeleton/ALS_AnimBp.uasset'
[2026.05.31-01.33.31:631][ 86]AssetCheck: New page: Asset Save: ALS_AnimBP
[2026.05.31-01.33.31:631][ 86]LogContentValidation: Display: Validating AnimBlueprint /Game/AdvancedLocomotionV4/CharacterAssets/MannequinSkeleton/ALS_AnimBp.ALS_AnimBP
[2026.05.31-01.33.40:826][832]LogSavePackage: Moving 'D:/LearnData/UnrealProject/UnrealLearn/ALSV4/Saved/ALS_AnimBpE515363C4D41C6A681C8219D565EDBC9.tmp' to 'D:/LearnData/UnrealProject/UnrealLearn/ALSV4/Content/AdvancedLocomotionV4/CharacterAssets/MannequinSkeleton/ALS_AnimBp.uasset'
[2026.05.31-01.33.40:848][832]AssetCheck: New page: Asset Save: ALS_AnimBP
[2026.05.31-01.33.40:848][832]LogContentValidation: Display: Validating AnimBlueprint /Game/AdvancedLocomotionV4/CharacterAssets/MannequinSkeleton/ALS_AnimBp.ALS_AnimBP
[2026.05.31-01.33.47:512][922]LogSavePackage: Moving 'D:/LearnData/UnrealProject/UnrealLearn/ALSV4/Saved/ALS_AnimBpF839097841B9F5C2B4521EB0D65CAA00.tmp' to 'D:/LearnData/UnrealProject/UnrealLearn/ALSV4/Content/AdvancedLocomotionV4/CharacterAssets/MannequinSkeleton/ALS_AnimBp.uasset'
[2026.05.31-01.33.47:525][922]AssetCheck: New page: Asset Save: ALS_AnimBP
[2026.05.31-01.33.47:526][922]LogContentValidation: Display: Validating AnimBlueprint /Game/AdvancedLocomotionV4/CharacterAssets/MannequinSkeleton/ALS_AnimBp.ALS_AnimBP
[2026.05.31-01.34.08:217][ 87]LogSavePackage: Moving 'D:/LearnData/UnrealProject/UnrealLearn/ALSV4/Saved/ALS_AnimBp3366DE014290B758C0F472939CA7BA52.tmp' to 'D:/LearnData/UnrealProject/UnrealLearn/ALSV4/Content/AdvancedLocomotionV4/CharacterAssets/MannequinSkeleton/ALS_AnimBp.uasset'
[2026.05.31-01.34.08:236][ 87]AssetCheck: New page: Asset Save: ALS_AnimBP
[2026.05.31-01.34.08:236][ 87]LogContentValidation: Display: Validating AnimBlueprint /Game/AdvancedLocomotionV4/CharacterAssets/MannequinSkeleton/ALS_AnimBp.ALS_AnimBP
[2026.05.31-01.34.24:889][925]LogSavePackage: Moving 'D:/LearnData/UnrealProject/UnrealLearn/ALSV4/Saved/ALS_AnimBp86CB9AEB438E460F963ACAA970DDCD98.tmp' to 'D:/LearnData/UnrealProject/UnrealLearn/ALSV4/Content/AdvancedLocomotionV4/CharacterAssets/MannequinSkeleton/ALS_AnimBp.uasset'
[2026.05.31-01.34.24:908][925]AssetCheck: New page: Asset Save: ALS_AnimBP
[2026.05.31-01.34.24:908][925]LogContentValidation: Display: Validating AnimBlueprint /Game/AdvancedLocomotionV4/CharacterAssets/MannequinSkeleton/ALS_AnimBp.ALS_AnimBP
[2026.05.31-01.34.43:861][878]LogSavePackage: Moving 'D:/LearnData/UnrealProject/UnrealLearn/ALSV4/Saved/ALS_AnimBp422F47274C7F1B8DD54A709E44F13B35.tmp' to 'D:/LearnData/UnrealProject/UnrealLearn/ALSV4/Content/AdvancedLocomotionV4/CharacterAssets/MannequinSkeleton/ALS_AnimBp.uasset'
[2026.05.31-01.34.43:880][878]AssetCheck: New page: Asset Save: ALS_AnimBP
[2026.05.31-01.34.43:880][878]LogContentValidation: Display: Validating AnimBlueprint /Game/AdvancedLocomotionV4/CharacterAssets/MannequinSkeleton/ALS_AnimBp.ALS_AnimBP
[2026.05.31-01.34.45:029][  2]LogSavePackage: Moving 'D:/LearnData/UnrealProject/UnrealLearn/ALSV4/Saved/ALS_AnimBp108DAF864E9BF0F2563883845B95CC98.tmp' to 'D:/LearnData/UnrealProject/UnrealLearn/ALSV4/Content/AdvancedLocomotionV4/CharacterAssets/MannequinSkeleton/ALS_AnimBp.uasset'
[2026.05.31-01.34.45:054][  2]AssetCheck: New page: Asset Save: ALS_AnimBP
[2026.05.31-01.34.45:054][  2]LogContentValidation: Display: Validating AnimBlueprint /Game/AdvancedLocomotionV4/CharacterAssets/MannequinSkeleton/ALS_AnimBp.ALS_AnimBP
[2026.05.31-01.34.45:228][ 20]BlueprintLog: New page: Compile ALS_AnimBP
[2026.05.31-01.34.45:234][ 20]LogBlueprint: Warning: [AssetLog] D:\LearnData\UnrealProject\UnrealLearn\ALSV4\Content\AdvancedLocomotionV4\CharacterAssets\MannequinSkeleton\ALS_AnimBp.uasset: [Compiler] RagdollOut to Locomotion  will never be taken, please connect something to  Can Enter Transition
[2026.05.31-01.34.45:275][ 20]LogUObjectHash: Compacting FUObjectHashTables data took   2.56ms
[2026.05.31-01.34.45:304][ 20]LogSlate: Took 0.001140 seconds to synchronously load lazily loaded font '../../../Engine/Content/Slate/Fonts/DroidSansMono.ttf' (77K)
[2026.05.31-01.34.46:562][158]LogSavePackage: Moving 'D:/LearnData/UnrealProject/UnrealLearn/ALSV4/Saved/ALS_AnimBp49DB18D14BF5D95D1EAAB8881B720169.tmp' to 'D:/LearnData/UnrealProject/UnrealLearn/ALSV4/Content/AdvancedLocomotionV4/CharacterAssets/MannequinSkeleton/ALS_AnimBp.uasset'
[2026.05.31-01.34.46:576][158]AssetCheck: New page: Asset Save: ALS_AnimBP
[2026.05.31-01.34.46:576][158]LogContentValidation: Display: Validating AnimBlueprint /Game/AdvancedLocomotionV4/CharacterAssets/MannequinSkeleton/ALS_AnimBp.ALS_AnimBP
[2026.05.31-01.36.48:051][397]LogSavePackage: Moving 'D:/LearnData/UnrealProject/UnrealLearn/ALSV4/Saved/ALS_AnimBpB50898B1495FD5F9C6B189BC42C8FF1E.tmp' to 'D:/LearnData/UnrealProject/UnrealLearn/ALSV4/Content/AdvancedLocomotionV4/CharacterAssets/MannequinSkeleton/ALS_AnimBp.uasset'
[2026.05.31-01.36.48:070][397]AssetCheck: New page: Asset Save: ALS_AnimBP
[2026.05.31-01.36.48:070][397]LogContentValidation: Display: Validating AnimBlueprint /Game/AdvancedLocomotionV4/CharacterAssets/MannequinSkeleton/ALS_AnimBp.ALS_AnimBP
[2026.05.31-01.37.01:581][748]LogSavePackage: Moving 'D:/LearnData/UnrealProject/UnrealLearn/ALSV4/Saved/ALS_AnimBp8D88B12341AF800FDF3EE383DEDA4505.tmp' to 'D:/LearnData/UnrealProject/UnrealLearn/ALSV4/Content/AdvancedLocomotionV4/CharacterAssets/MannequinSkeleton/ALS_AnimBp.uasset'
[2026.05.31-01.37.01:606][748]AssetCheck: New page: Asset Save: ALS_AnimBP
[2026.05.31-01.37.01:606][748]LogContentValidation: Display: Validating AnimBlueprint /Game/AdvancedLocomotionV4/CharacterAssets/MannequinSkeleton/ALS_AnimBp.ALS_AnimBP
[2026.05.31-01.37.14:709][ 19]LogSavePackage: Moving 'D:/LearnData/UnrealProject/UnrealLearn/ALSV4/Saved/ALS_AnimBpF80D8D894D781F55FAF3BD91D9E25D10.tmp' to 'D:/LearnData/UnrealProject/UnrealLearn/ALSV4/Content/AdvancedLocomotionV4/CharacterAssets/MannequinSkeleton/ALS_AnimBp.uasset'
[2026.05.31-01.37.14:729][ 19]AssetCheck: New page: Asset Save: ALS_AnimBP
[2026.05.31-01.37.14:729][ 19]LogContentValidation: Display: Validating AnimBlueprint /Game/AdvancedLocomotionV4/CharacterAssets/MannequinSkeleton/ALS_AnimBp.ALS_AnimBP
[2026.05.31-01.37.15:792][142]BlueprintLog: New page: Compile ALS_AnimBP
[2026.05.31-01.37.15:798][142]LogBlueprint: Warning: [AssetLog] D:\LearnData\UnrealProject\UnrealLearn\ALSV4\Content\AdvancedLocomotionV4\CharacterAssets\MannequinSkeleton\ALS_AnimBp.uasset: [Compiler] RagdollOut to Locomotion  will never be taken, please connect something to  Can Enter Transition
[2026.05.31-01.37.15:836][142]LogUObjectHash: Compacting FUObjectHashTables data took   2.59ms
[2026.05.31-01.37.16:377][193]LogSavePackage: Moving 'D:/LearnData/UnrealProject/UnrealLearn/ALSV4/Saved/ALS_AnimBp83C70B6F46F26F57A27BB2AC17B660AF.tmp' to 'D:/LearnData/UnrealProject/UnrealLearn/ALSV4/Content/AdvancedLocomotionV4/CharacterAssets/MannequinSkeleton/ALS_AnimBp.uasset'
[2026.05.31-01.37.16:399][193]AssetCheck: New page: Asset Save: ALS_AnimBP
[2026.05.31-01.37.16:399][193]LogContentValidation: Display: Validating AnimBlueprint /Game/AdvancedLocomotionV4/CharacterAssets/MannequinSkeleton/ALS_AnimBp.ALS_AnimBP
[2026.05.31-01.37.16:559][209]BlueprintLog: New page: Compile ALS_AnimBP
[2026.05.31-01.37.16:564][209]LogBlueprint: Warning: [AssetLog] D:\LearnData\UnrealProject\UnrealLearn\ALSV4\Content\AdvancedLocomotionV4\CharacterAssets\MannequinSkeleton\ALS_AnimBp.uasset: [Compiler] RagdollOut to Locomotion  will never be taken, please connect something to  Can Enter Transition
[2026.05.31-01.37.16:599][209]LogUObjectHash: Compacting FUObjectHashTables data took   2.30ms
[2026.05.31-01.37.29:541][757]LogSavePackage: Moving 'D:/LearnData/UnrealProject/UnrealLearn/ALSV4/Saved/ALS_AnimBp8064E88F48CD729AF144DC9CA87F4EE7.tmp' to 'D:/LearnData/UnrealProject/UnrealLearn/ALSV4/Content/AdvancedLocomotionV4/CharacterAssets/MannequinSkeleton/ALS_AnimBp.uasset'
[2026.05.31-01.37.29:557][757]AssetCheck: New page: Asset Save: ALS_AnimBP
[2026.05.31-01.37.29:557][757]LogContentValidation: Display: Validating AnimBlueprint /Game/AdvancedLocomotionV4/CharacterAssets/MannequinSkeleton/ALS_AnimBp.ALS_AnimBP
[2026.05.31-01.37.30:791][896]LogSavePackage: Moving 'D:/LearnData/UnrealProject/UnrealLearn/ALSV4/Saved/ALS_AnimBp4A5220704563BEBFDC81E29968E265AE.tmp' to 'D:/LearnData/UnrealProject/UnrealLearn/ALSV4/Content/AdvancedLocomotionV4/CharacterAssets/MannequinSkeleton/ALS_AnimBp.uasset'
[2026.05.31-01.37.30:807][896]AssetCheck: New page: Asset Save: ALS_AnimBP
[2026.05.31-01.37.30:807][896]LogContentValidation: Display: Validating AnimBlueprint /Game/AdvancedLocomotionV4/CharacterAssets/MannequinSkeleton/ALS_AnimBp.ALS_AnimBP
[2026.05.31-01.37.43:468][771]LogSavePackage: Moving 'D:/LearnData/UnrealProject/UnrealLearn/ALSV4/Saved/ALS_AnimBp8674DD5E43D68E719D980E8445329BEF.tmp' to 'D:/LearnData/UnrealProject/UnrealLearn/ALSV4/Content/AdvancedLocomotionV4/CharacterAssets/MannequinSkeleton/ALS_AnimBp.uasset'
[2026.05.31-01.37.43:482][771]AssetCheck: New page: Asset Save: ALS_AnimBP
[2026.05.31-01.37.43:482][771]LogContentValidation: Display: Validating AnimBlueprint /Game/AdvancedLocomotionV4/CharacterAssets/MannequinSkeleton/ALS_AnimBp.ALS_AnimBP
[2026.05.31-01.38.32:976][677]LogSavePackage: Moving 'D:/LearnData/UnrealProject/UnrealLearn/ALSV4/Saved/ALS_AnimBpB98268454F25FB929242EABE7AC04662.tmp' to 'D:/LearnData/UnrealProject/UnrealLearn/ALSV4/Content/AdvancedLocomotionV4/CharacterAssets/MannequinSkeleton/ALS_AnimBp.uasset'
[2026.05.31-01.38.32:994][677]AssetCheck: New page: Asset Save: ALS_AnimBP
[2026.05.31-01.38.32:994][677]LogContentValidation: Display: Validating AnimBlueprint /Game/AdvancedLocomotionV4/CharacterAssets/MannequinSkeleton/ALS_AnimBp.ALS_AnimBP
[2026.05.31-01.38.34:307][826]LogSavePackage: Moving 'D:/LearnData/UnrealProject/UnrealLearn/ALSV4/Saved/ALS_AnimBp309FD40F4A8E1326AF9D638AB53D375B.tmp' to 'D:/LearnData/UnrealProject/UnrealLearn/ALSV4/Content/AdvancedLocomotionV4/CharacterAssets/MannequinSkeleton/ALS_AnimBp.uasset'
[2026.05.31-01.38.34:329][826]AssetCheck: New page: Asset Save: ALS_AnimBP
[2026.05.31-01.38.34:329][826]LogContentValidation: Display: Validating AnimBlueprint /Game/AdvancedLocomotionV4/CharacterAssets/MannequinSkeleton/ALS_AnimBp.ALS_AnimBP
[2026.05.31-01.38.48:432][452]LogSavePackage: Moving 'D:/LearnData/UnrealProject/UnrealLearn/ALSV4/Saved/ALS_AnimBp6F2900D5431D521CC14F14ADE341C18E.tmp' to 'D:/LearnData/UnrealProject/UnrealLearn/ALSV4/Content/AdvancedLocomotionV4/CharacterAssets/MannequinSkeleton/ALS_AnimBp.uasset'
[2026.05.31-01.38.48:450][452]AssetCheck: New page: Asset Save: ALS_AnimBP
[2026.05.31-01.38.48:450][452]LogContentValidation: Display: Validating AnimBlueprint /Game/AdvancedLocomotionV4/CharacterAssets/MannequinSkeleton/ALS_AnimBp.ALS_AnimBP
[2026.05.31-01.38.49:005][512]LogSavePackage: Moving 'D:/LearnData/UnrealProject/UnrealLearn/ALSV4/Saved/ALS_AnimBp027201534B113563BE64BDB51B48E0AD.tmp' to 'D:/LearnData/UnrealProject/UnrealLearn/ALSV4/Content/AdvancedLocomotionV4/CharacterAssets/MannequinSkeleton/ALS_AnimBp.uasset'
[2026.05.31-01.38.49:018][512]AssetCheck: New page: Asset Save: ALS_AnimBP
[2026.05.31-01.38.49:018][512]LogContentValidation: Display: Validating AnimBlueprint /Game/AdvancedLocomotionV4/CharacterAssets/MannequinSkeleton/ALS_AnimBp.ALS_AnimBP
[2026.05.31-01.40.31:805][ 31]LogSavePackage: Moving 'D:/LearnData/UnrealProject/UnrealLearn/ALSV4/Saved/ALS_AnimBpD1CEF3C546870CE3A481BA8BDF3D62EF.tmp' to 'D:/LearnData/UnrealProject/UnrealLearn/ALSV4/Content/AdvancedLocomotionV4/CharacterAssets/MannequinSkeleton/ALS_AnimBp.uasset'
[2026.05.31-01.40.31:828][ 31]AssetCheck: New page: Asset Save: ALS_AnimBP
[2026.05.31-01.40.31:828][ 31]LogContentValidation: Display: Validating AnimBlueprint /Game/AdvancedLocomotionV4/CharacterAssets/MannequinSkeleton/ALS_AnimBp.ALS_AnimBP
[2026.05.31-01.41.18:938][279]LogAnimationCompression: Building Anim DDC data for AnimSequence /Game/AdvancedLocomotionV4/CharacterAssets/MannequinSkeleton/AnimationExamples/Actions/ALS_CLF_GetUp_Front.ALS_CLF_GetUp_Front
[2026.05.31-01.41.35:934][657]LogAnimationCompression: Building Anim DDC data for AnimSequence /Game/AdvancedLocomotionV4/CharacterAssets/MannequinSkeleton/AnimationExamples/Actions/ALS_CLF_GetUp_Back.ALS_CLF_GetUp_Back
[2026.05.31-01.41.37:637][853]LogSavePackage: Moving 'D:/LearnData/UnrealProject/UnrealLearn/ALSV4/Saved/ALS_Base_CharacterBPCBF1800B4099E8A7BA09158346F2F176.tmp' to 'D:/LearnData/UnrealProject/UnrealLearn/ALSV4/Content/AdvancedLocomotionV4/Blueprints/CharacterLogic/ALS_Base_CharacterBP.uasset'
[2026.05.31-01.41.37:659][853]AssetCheck: New page: Asset Save: ALS_Base_CharacterBP
[2026.05.31-01.41.37:659][853]LogContentValidation: Display: Validating Blueprint /Game/AdvancedLocomotionV4/Blueprints/CharacterLogic/ALS_Base_CharacterBP.ALS_Base_CharacterBP
[2026.05.31-01.43.34:183][963]LogSavePackage: Moving 'D:/LearnData/UnrealProject/UnrealLearn/ALSV4/Saved/ALS_Base_CharacterBP13B04E934B352A25FB9C499F9FFFB740.tmp' to 'D:/LearnData/UnrealProject/UnrealLearn/ALSV4/Content/AdvancedLocomotionV4/Blueprints/CharacterLogic/ALS_Base_CharacterBP.uasset'
[2026.05.31-01.43.34:199][963]AssetCheck: New page: Asset Save: ALS_Base_CharacterBP
[2026.05.31-01.43.34:199][963]LogContentValidation: Display: Validating Blueprint /Game/AdvancedLocomotionV4/Blueprints/CharacterLogic/ALS_Base_CharacterBP.ALS_Base_CharacterBP
[2026.05.31-01.44.03:805][132]LogSavePackage: Moving 'D:/LearnData/UnrealProject/UnrealLearn/ALSV4/Saved/ALS_Base_CharacterBPC8D641AA4228829D35FB7F926F745569.tmp' to 'D:/LearnData/UnrealProject/UnrealLearn/ALSV4/Content/AdvancedLocomotionV4/Blueprints/CharacterLogic/ALS_Base_CharacterBP.uasset'
[2026.05.31-01.44.03:822][132]AssetCheck: New page: Asset Save: ALS_Base_CharacterBP
[2026.05.31-01.44.03:822][132]LogContentValidation: Display: Validating Blueprint /Game/AdvancedLocomotionV4/Blueprints/CharacterLogic/ALS_Base_CharacterBP.ALS_Base_CharacterBP
[2026.05.31-01.44.12:327][768]LogSavePackage: Moving 'D:/LearnData/UnrealProject/UnrealLearn/ALSV4/Saved/ALS_Base_CharacterBP16A6D7274D9CFE66C3C9E0A8D8EA5D20.tmp' to 'D:/LearnData/UnrealProject/UnrealLearn/ALSV4/Content/AdvancedLocomotionV4/Blueprints/CharacterLogic/ALS_Base_CharacterBP.uasset'
[2026.05.31-01.44.12:340][768]AssetCheck: New page: Asset Save: ALS_Base_CharacterBP
[2026.05.31-01.44.12:340][768]LogContentValidation: Display: Validating Blueprint /Game/AdvancedLocomotionV4/Blueprints/CharacterLogic/ALS_Base_CharacterBP.ALS_Base_CharacterBP
[2026.05.31-01.44.18:248][324]LogSavePackage: Moving 'D:/LearnData/UnrealProject/UnrealLearn/ALSV4/Saved/ALS_Base_CharacterBP5F08273A47D9E96C51431DA296F75E15.tmp' to 'D:/LearnData/UnrealProject/UnrealLearn/ALSV4/Content/AdvancedLocomotionV4/Blueprints/CharacterLogic/ALS_Base_CharacterBP.uasset'
[2026.05.31-01.44.18:264][324]AssetCheck: New page: Asset Save: ALS_Base_CharacterBP
[2026.05.31-01.44.18:264][324]LogContentValidation: Display: Validating Blueprint /Game/AdvancedLocomotionV4/Blueprints/CharacterLogic/ALS_Base_CharacterBP.ALS_Base_CharacterBP
[2026.05.31-01.44.20:863][438]BlueprintLog: New page: Compile ALS_Base_CharacterBP
[2026.05.31-01.44.20:926][438]LogUObjectHash: Compacting FUObjectHashTables data took   2.59ms
[2026.05.31-01.45.10:560][756]LogEditorTransaction: Undo Break Pin Links
[2026.05.31-01.45.10:642][756]LogActorComponent: RegisterComponentWithWorld: (/Engine/Transient.World_2:PersistentLevel.AnimationEditorPreviewActor_0.DebugSkelMeshComponent_0) Already registered. Aborting.
[2026.05.31-01.45.20:200][773]LogSavePackage: Moving 'D:/LearnData/UnrealProject/UnrealLearn/ALSV4/Saved/ALS_Base_CharacterBP2329814A4422501841987487E07DDB3E.tmp' to 'D:/LearnData/UnrealProject/UnrealLearn/ALSV4/Content/AdvancedLocomotionV4/Blueprints/CharacterLogic/ALS_Base_CharacterBP.uasset'
[2026.05.31-01.45.20:217][773]AssetCheck: New page: Asset Save: ALS_Base_CharacterBP
[2026.05.31-01.45.20:217][773]LogContentValidation: Display: Validating Blueprint /Game/AdvancedLocomotionV4/Blueprints/CharacterLogic/ALS_Base_CharacterBP.ALS_Base_CharacterBP
[2026.05.31-01.46.01:205][419]BlueprintLog: New page: Compile ALS_Base_CharacterBP
[2026.05.31-01.46.01:251][419]LogUObjectHash: Compacting FUObjectHashTables data took   2.68ms
[2026.05.31-02.01.04:935][726]LogUObjectHash: Compacting FUObjectHashTables data took   3.60ms
[2026.05.31-02.01.05:011][726]LogWorld: UWorld::CleanupWorld for World_3, bSessionEnded=true, bCleanupResources=true
[2026.05.31-02.01.05:012][726]LogSlate: InvalidateAllWidgets triggered.  All widgets were invalidated
[2026.05.31-02.01.05:027][726]LogWorld: UWorld::CleanupWorld for World_2, bSessionEnded=true, bCleanupResources=true
[2026.05.31-02.01.05:027][726]LogSlate: InvalidateAllWidgets triggered.  All widgets were invalidated
[2026.05.31-02.01.05:032][726]LogWorld: UWorld::CleanupWorld for World_1, bSessionEnded=true, bCleanupResources=true
[2026.05.31-02.01.05:032][726]LogSlate: InvalidateAllWidgets triggered.  All widgets were invalidated
[2026.05.31-02.01.05:070][726]LogWorld: UWorld::CleanupWorld for World_9, bSessionEnded=true, bCleanupResources=true
[2026.05.31-02.01.05:070][726]LogSlate: InvalidateAllWidgets triggered.  All widgets were invalidated
[2026.05.31-02.01.05:123][726]LogSlate: Window 'ALSV4 - Unreal Editor' being destroyed
[2026.05.31-02.01.05:232][727]Cmd: QUIT_EDITOR
[2026.05.31-02.01.05:232][727]LogCore: Engine exit requested (reason: UUnrealEdEngine::CloseEditor())
[2026.05.31-02.01.05:236][727]LogCore: Engine exit requested (reason: EngineExit() was called; note: exit was already requested)
[2026.05.31-02.01.05:238][727]LogAudio: Display: Beginning Audio Device Manager Shutdown (Module: AudioMixerXAudio2)...
[2026.05.31-02.01.05:238][727]LogAudio: Display: Destroying 1 Remaining Audio Device(s)...
[2026.05.31-02.01.05:238][727]LogAudio: Display: Audio Device unregistered from world 'ThirdPersonExampleMap'.
[2026.05.31-02.01.05:239][727]LogAudioMixer: FMixerPlatformXAudio2::StopAudioStream() called
[2026.05.31-02.01.05:240][727]LogAudioMixer: FMixerPlatformXAudio2::StopAudioStream() called
[2026.05.31-02.01.05:243][727]LogAudio: Display: Audio Device Manager Shutdown
[2026.05.31-02.01.05:255][727]LogWindowsTextInputMethodSystem: Display: IME system activated using TSF (搜狗拼音输入法).
[2026.05.31-02.01.05:260][727]LogExit: Preparing to exit.
[2026.05.31-02.01.05:288][727]LogUObjectHash: Compacting FUObjectHashTables data took   2.16ms
[2026.05.31-02.01.06:492][727]LogWorld: UWorld::CleanupWorld for World_10, bSessionEnded=true, bCleanupResources=true
[2026.05.31-02.01.06:494][727]LogWorld: UWorld::CleanupWorld for World_8, bSessionEnded=true, bCleanupResources=true
[2026.05.31-02.01.06:497][727]LogWorld: UWorld::CleanupWorld for World_0, bSessionEnded=true, bCleanupResources=true
[2026.05.31-02.01.06:498][727]LogWorld: UWorld::CleanupWorld for World_5, bSessionEnded=true, bCleanupResources=true
[2026.05.31-02.01.06:500][727]LogWorld: UWorld::CleanupWorld for World_11, bSessionEnded=true, bCleanupResources=true
[2026.05.31-02.01.06:501][727]LogWorld: UWorld::CleanupWorld for World_7, bSessionEnded=true, bCleanupResources=true
[2026.05.31-02.01.06:504][727]LogWorld: UWorld::CleanupWorld for World_4, bSessionEnded=true, bCleanupResources=true
[2026.05.31-02.01.06:505][727]LogWorld: UWorld::CleanupWorld for World_6, bSessionEnded=true, bCleanupResources=true
[2026.05.31-02.01.06:561][727]LogDemo: Cleaned up 0 splitscreen connections with owner deletion
[2026.05.31-02.01.06:567][727]LogWorld: UWorld::CleanupWorld for None, bSessionEnded=true, bCleanupResources=true
[2026.05.31-02.01.06:568][727]LogExit: Editor shut down
[2026.05.31-02.01.06:568][727]LogExit: Transaction tracking system shut down
[2026.05.31-02.01.06:946][727]LogExit: Object subsystem successfully closed.
[2026.05.31-02.01.06:969][727]LogShaderCompilers: Display: === FShaderJobCache stats ===
[2026.05.31-02.01.06:969][727]LogShaderCompilers: Display: Total job queries 0, among them cache hits 0 (0.00%)
[2026.05.31-02.01.06:969][727]LogShaderCompilers: Display: Tracking 0 distinct input hashes that result in 0 distinct outputs (0.00%)
[2026.05.31-02.01.06:969][727]LogShaderCompilers: Display: RAM used: 0.00 MB (0.00 GB) of 1638.40 MB (1.60 GB) budget. Usage: 0.00%
[2026.05.31-02.01.06:969][727]LogShaderCompilers: Display: ================================================
[2026.05.31-02.01.06:980][727]LogShaderCompilers: Display: Shaders left to compile 0
[2026.05.31-02.01.07:014][727]LogModuleManager: Shutting down and abandoning module BlueprintGraph (892)
[2026.05.31-02.01.07:014][727]LogModuleManager: Shutting down and abandoning module PinnedCommandList (890)
[2026.05.31-02.01.07:014][727]LogModuleManager: Shutting down and abandoning module SkeletonEditor (888)
[2026.05.31-02.01.07:014][727]LogModuleManager: Shutting down and abandoning module HierarchicalLODOutliner (886)
[2026.05.31-02.01.07:014][727]LogModuleManager: Shutting down and abandoning module SceneOutliner (884)
[2026.05.31-02.01.07:014][727]LogModuleManager: Shutting down and abandoning module AddContentDialog (882)
[2026.05.31-02.01.07:014][727]LogModuleManager: Shutting down and abandoning module WidgetCarousel (881)
[2026.05.31-02.01.07:014][727]LogModuleManager: Shutting down and abandoning module EditorWidgets (878)
[2026.05.31-02.01.07:014][727]LogModuleManager: Shutting down and abandoning module StatsViewer (876)
[2026.05.31-02.01.07:014][727]LogModuleManager: Shutting down and abandoning module PIEPreviewDeviceProfileSelector (874)
[2026.05.31-02.01.07:014][727]LogModuleManager: Shutting down and abandoning module SequenceRecorderSections (872)
[2026.05.31-02.01.07:014][727]LogModuleManager: Shutting down and abandoning module AutomationWorker (870)
[2026.05.31-02.01.07:014][727]LogModuleManager: Shutting down and abandoning module SteamVREditor (868)
[2026.05.31-02.01.07:014][727]LogModuleManager: Shutting down and abandoning module OculusMR (866)
[2026.05.31-02.01.07:014][727]LogModuleManager: Shutting down and abandoning module RiderLC (864)
[2026.05.31-02.01.07:015][727]LogModuleManager: Shutting down and abandoning module RiderShaderInfo (862)
[2026.05.31-02.01.07:015][727]LogModuleManager: Shutting down and abandoning module OpenXRInput (860)
[2026.05.31-02.01.07:015][727]LogModuleManager: Shutting down and abandoning module GooglePADEditor (858)
[2026.05.31-02.01.07:015][727]LogModuleManager: Shutting down and abandoning module AudioCaptureEditor (856)
[2026.05.31-02.01.07:015][727]LogModuleManager: Shutting down and abandoning module TakeRecorderSources (854)
[2026.05.31-02.01.07:015][727]LogModuleManager: Shutting down and abandoning module TakeRecorder (853)
[2026.05.31-02.01.07:015][727]LogModuleManager: Shutting down and abandoning module TakeTrackRecorders (850)
[2026.05.31-02.01.07:015][727]LogModuleManager: Shutting down and abandoning module TakesCore (848)
[2026.05.31-02.01.07:015][727]LogModuleManager: Shutting down and abandoning module PlanarCut (846)
[2026.05.31-02.01.07:015][727]LogModuleManager: Shutting down and abandoning module CharacterAI (844)
[2026.05.31-02.01.07:015][727]LogModuleManager: Shutting down and abandoning module WmfMediaFactory (842)
[2026.05.31-02.01.07:015][727]LogModuleManager: Shutting down and abandoning module WmfMediaEditor (840)
[2026.05.31-02.01.07:015][727]LogModuleManager: Shutting down and abandoning module WebMMediaFactory (838)
[2026.05.31-02.01.07:015][727]LogModuleManager: Shutting down and abandoning module WebMMediaEditor (836)
[2026.05.31-02.01.07:015][727]LogModuleManager: Shutting down and abandoning module WebMMedia (834)
[2026.05.31-02.01.07:015][727]LogModuleManager: Shutting down and abandoning module MediaPlayerEditor (832)
[2026.05.31-02.01.07:015][727]LogModuleManager: Shutting down and abandoning module MediaCompositingEditor (830)
[2026.05.31-02.01.07:016][727]LogModuleManager: Shutting down and abandoning module SequenceRecorder (829)
[2026.05.31-02.01.07:016][727]LogModuleManager: Shutting down and abandoning module OpenExrWrapper (826)
[2026.05.31-02.01.07:016][727]LogModuleManager: Shutting down and abandoning module ImgMediaFactory (824)
[2026.05.31-02.01.07:016][727]LogModuleManager: Shutting down and abandoning module ImgMediaEditor (822)
[2026.05.31-02.01.07:016][727]LogModuleManager: Shutting down and abandoning module AvfMediaFactory (820)
[2026.05.31-02.01.07:016][727]LogModuleManager: Shutting down and abandoning module AvfMediaEditor (818)
[2026.05.31-02.01.07:016][727]LogModuleManager: Shutting down and abandoning module AndroidMediaFactory (816)
[2026.05.31-02.01.07:016][727]LogModuleManager: Shutting down and abandoning module AndroidMediaEditor (814)
[2026.05.31-02.01.07:016][727]LogModuleManager: Shutting down and abandoning module TemplateSequenceEditor (812)
[2026.05.31-02.01.07:016][727]LogModuleManager: Shutting down and abandoning module LevelSequenceEditor (810)
[2026.05.31-02.01.07:016][727]LogModuleManager: Shutting down and abandoning module MatineeToLevelSequence (808)
[2026.05.31-02.01.07:016][727]LogModuleManager: Shutting down and abandoning module ActorSequenceEditor (806)
[2026.05.31-02.01.07:016][727]LogModuleManager: Shutting down and abandoning module MagicLeapMediaCodecFactory (804)
[2026.05.31-02.01.07:016][727]LogModuleManager: Shutting down and abandoning module MagicLeapMediaFactory (802)
[2026.05.31-02.01.07:016][727]LogModuleManager: Shutting down and abandoning module MagicLeapMediaEditor (800)
[2026.05.31-02.01.07:016][727]LogModuleManager: Shutting down and abandoning module TextureAlignMode (798)
[2026.05.31-02.01.07:016][727]LogModuleManager: Shutting down and abandoning module BspMode (796)
[2026.05.31-02.01.07:016][727]LogModuleManager: Shutting down and abandoning module GeometryMode (794)
[2026.05.31-02.01.07:016][727]LogModuleManager: Shutting down and abandoning module CameraShakePreviewer (792)
[2026.05.31-02.01.07:016][727]LogModuleManager: Shutting down and abandoning module SmartSnapping (790)
[2026.05.31-02.01.07:016][727]LogModuleManager: Shutting down and abandoning module SessionServices (788)
[2026.05.31-02.01.07:017][727]LogModuleManager: Shutting down and abandoning module MeshPaint (786)
[2026.05.31-02.01.07:017][727]LogModuleManager: Shutting down and abandoning module VirtualTexturingEditor (784)
[2026.05.31-02.01.07:017][727]LogModuleManager: Shutting down and abandoning module FoliageEdit (782)
[2026.05.31-02.01.07:017][727]LogModuleManager: Shutting down and abandoning module LandscapeEditor (780)
[2026.05.31-02.01.07:017][727]LogModuleManager: Shutting down and abandoning module MeshPaintMode (778)
[2026.05.31-02.01.07:017][727]LogModuleManager: Shutting down and abandoning module SceneDepthPickerMode (776)
[2026.05.31-02.01.07:017][727]LogModuleManager: Shutting down and abandoning module ActorPickerMode (774)
[2026.05.31-02.01.07:017][727]LogModuleManager: Shutting down and abandoning module PlacementMode (772)
[2026.05.31-02.01.07:017][727]LogModuleManager: Shutting down and abandoning module ViewportSnapping (770)
[2026.05.31-02.01.07:017][727]LogModuleManager: Shutting down and abandoning module ViewportInteraction (768)
[2026.05.31-02.01.07:017][727]LogModuleManager: Shutting down and abandoning module ClothPainter (766)
[2026.05.31-02.01.07:017][727]LogModuleManager: Shutting down and abandoning module SkeletalMeshEditor (765)
[2026.05.31-02.01.07:017][727]LogModuleManager: Shutting down and abandoning module LogVisualizer (762)
[2026.05.31-02.01.07:017][727]LogModuleManager: Shutting down and abandoning module IntroTutorials (760)
[2026.05.31-02.01.07:017][727]LogModuleManager: Shutting down and abandoning module GameProjectGeneration (759)
[2026.05.31-02.01.07:017][727]LogModuleManager: Shutting down and abandoning module LuminPlatformEditor (756)
[2026.05.31-02.01.07:017][727]LogModuleManager: Shutting down and abandoning module IOSPlatformEditor (754)
[2026.05.31-02.01.07:017][727]LogModuleManager: Shutting down and abandoning module AndroidPlatformEditor (752)
[2026.05.31-02.01.07:017][727]LogModuleManager: Shutting down and abandoning module AndroidDeviceDetection (751)
[2026.05.31-02.01.08:469][727]LogModuleManager: Shutting down and abandoning module WindowsPlatformEditor (748)
[2026.05.31-02.01.08:470][727]LogModuleManager: Shutting down and abandoning module LuminRuntimeSettings (746)
[2026.05.31-02.01.08:470][727]LogModuleManager: Shutting down and abandoning module IOSRuntimeSettings (744)
[2026.05.31-02.01.08:470][727]LogModuleManager: Shutting down and abandoning module AndroidRuntimeSettings (742)
[2026.05.31-02.01.08:470][727]LogModuleManager: Shutting down and abandoning module TraceInsights (740)
[2026.05.31-02.01.08:470][727]MemoryProfiler: Shutdown
[2026.05.31-02.01.08:470][727]NetworkingProfiler: Shutdown
[2026.05.31-02.01.08:470][727]LoadingProfiler: Shutdown
[2026.05.31-02.01.08:470][727]TimingProfiler: Shutdown
[2026.05.31-02.01.08:470][727]LogModuleManager: Shutting down and abandoning module TraceServices (739)
[2026.05.31-02.01.08:470][727]LogModuleManager: Shutting down and abandoning module EditorInteractiveToolsFramework (736)
[2026.05.31-02.01.08:470][727]LogModuleManager: Shutting down and abandoning module TimeManagementEditor (734)
[2026.05.31-02.01.08:470][727]LogModuleManager: Shutting down and abandoning module InputBindingEditor (732)
[2026.05.31-02.01.08:470][727]LogModuleManager: Shutting down and abandoning module MergeActors (730)
[2026.05.31-02.01.08:471][727]LogModuleManager: Shutting down and abandoning module LocalizationDashboard (728)
[2026.05.31-02.01.08:471][727]LogModuleManager: Shutting down and abandoning module LocalizationService (727)
[2026.05.31-02.01.08:471][727]LogModuleManager: Shutting down and abandoning module HardwareTargeting (724)
[2026.05.31-02.01.08:471][727]LogModuleManager: Shutting down and abandoning module DeviceProfileEditor (722)
[2026.05.31-02.01.08:471][727]LogModuleManager: Shutting down and abandoning module UndoHistory (720)
[2026.05.31-02.01.08:471][727]LogModuleManager: Shutting down and abandoning module XmlParser (718)
[2026.05.31-02.01.08:471][727]LogModuleManager: Shutting down and abandoning module Blutility (716)
[2026.05.31-02.01.08:471][727]LogModuleManager: Shutting down and abandoning module ProjectSettingsViewer (714)
[2026.05.31-02.01.08:471][727]LogModuleManager: Shutting down and abandoning module ProjectTargetPlatformEditor (713)
[2026.05.31-02.01.08:471][727]LogModuleManager: Shutting down and abandoning module EditorSettingsViewer (710)
[2026.05.31-02.01.08:471][727]LogModuleManager: Shutting down and abandoning module InternationalizationSettings (709)
[2026.05.31-02.01.08:471][727]LogModuleManager: Shutting down and abandoning module SettingsEditor (706)
[2026.05.31-02.01.08:471][727]LogModuleManager: Shutting down and abandoning module ProjectLauncher (704)
[2026.05.31-02.01.08:471][727]LogModuleManager: Shutting down and abandoning module SessionFrontend (702)
[2026.05.31-02.01.08:484][727]LogModuleManager: Shutting down and abandoning module ProfilerClient (700)
[2026.05.31-02.01.08:484][727]LogModuleManager: Shutting down and abandoning module DeviceManager (698)
[2026.05.31-02.01.08:484][727]LogModuleManager: Shutting down and abandoning module TargetDeviceServices (697)
[2026.05.31-02.01.08:530][727]LogModuleManager: Shutting down and abandoning module AutomationController (694)
[2026.05.31-02.01.08:530][727]LogModuleManager: Shutting down and abandoning module AutomationWindow (692)
[2026.05.31-02.01.08:530][727]LogModuleManager: Shutting down and abandoning module Layers (690)
[2026.05.31-02.01.08:530][727]LogModuleManager: Shutting down and abandoning module ComponentVisualizers (688)
[2026.05.31-02.01.08:530][727]LogModuleManager: Shutting down and abandoning module DetailCustomizations (686)
[2026.05.31-02.01.08:530][727]LogModuleManager: Shutting down and abandoning module PackagesDialog (684)
[2026.05.31-02.01.08:530][727]LogModuleManager: Shutting down and abandoning module AnimationBlueprintEditor (682)
[2026.05.31-02.01.08:530][727]LogModuleManager: Shutting down and abandoning module Persona (680)
[2026.05.31-02.01.08:531][727]LogModuleManager: Shutting down and abandoning module AdvancedPreviewScene (679)
[2026.05.31-02.01.08:531][727]LogModuleManager: Shutting down and abandoning module AnimGraph (677)
[2026.05.31-02.01.08:531][727]LogModuleManager: Shutting down and abandoning module Kismet (674)
[2026.05.31-02.01.08:545][727]LogModuleManager: Shutting down and abandoning module KismetWidgets (673)
[2026.05.31-02.01.08:547][727]LogModuleManager: Shutting down and abandoning module GraphEditor (670)
[2026.05.31-02.01.08:547][727]LogModuleManager: Shutting down and abandoning module StructViewer (668)
[2026.05.31-02.01.08:547][727]LogModuleManager: Shutting down and abandoning module ClassViewer (666)
[2026.05.31-02.01.08:547][727]LogModuleManager: Shutting down and abandoning module Toolbox (664)
[2026.05.31-02.01.08:547][727]LogModuleManager: Shutting down and abandoning module ModuleUI (662)
[2026.05.31-02.01.08:547][727]LogModuleManager: Shutting down and abandoning module OutputLog (660)
[2026.05.31-02.01.08:548][727]LogModuleManager: Shutting down and abandoning module GammaUI (658)
[2026.05.31-02.01.08:548][727]LogModuleManager: Shutting down and abandoning module Documentation (656)
[2026.05.31-02.01.08:549][727]LogModuleManager: Shutting down and abandoning module LiveCoding (654)
[2026.05.31-02.01.08:549][727]LogModuleManager: Shutting down and abandoning module LevelSequence (652)
[2026.05.31-02.01.08:549][727]LogModuleManager: Shutting down and abandoning module MovieSceneTracks (650)
[2026.05.31-02.01.08:549][727]LogModuleManager: Shutting down and abandoning module MovieScene (648)
[2026.05.31-02.01.08:550][727]LogModuleManager: Shutting down and abandoning module StreamingPauseRendering (646)
[2026.05.31-02.01.08:550][727]LogModuleManager: Shutting down and abandoning module LauncherPlatform (644)
[2026.05.31-02.01.08:550][727]LogModuleManager: Shutting down and abandoning module AnalyticsET (642)
[2026.05.31-02.01.08:550][727]LogModuleManager: Shutting down and abandoning module PortalServices (640)
[2026.05.31-02.01.08:550][727]LogModuleManager: Shutting down and abandoning module PortalRpc (638)
[2026.05.31-02.01.08:550][727]LogModuleManager: Shutting down and abandoning module MessagingRpc (636)
[2026.05.31-02.01.08:550][727]LogModuleManager: Shutting down and abandoning module AudioMixerXAudio2 (634)
[2026.05.31-02.01.08:550][727]LogModuleManager: Shutting down and abandoning module AudioMixerCore (633)
[2026.05.31-02.01.08:550][727]LogModuleManager: Shutting down and abandoning module AIModule (630)
[2026.05.31-02.01.08:550][727]LogModuleManager: Shutting down and abandoning module GameplayDebugger (629)
[2026.05.31-02.01.08:551][727]LogModuleManager: Shutting down and abandoning module AITestSuite (627)
[2026.05.31-02.01.08:551][727]LogModuleManager: Shutting down and abandoning module NavigationSystem (625)
[2026.05.31-02.01.08:551][727]LogModuleManager: Shutting down and abandoning module ImageWriteQueue (622)
[2026.05.31-02.01.08:562][727]LogModuleManager: Shutting down and abandoning module ProfilerService (620)
[2026.05.31-02.01.08:664][727]LogModuleManager: Shutting down and abandoning module TaskGraph (618)
[2026.05.31-02.01.08:664][727]LogModuleManager: Shutting down and abandoning module AudioSynesthesiaEditor (616)
[2026.05.31-02.01.08:664][727]LogModuleManager: Shutting down and abandoning module OculusEditor (614)
[2026.05.31-02.01.08:665][727]LogModuleManager: Shutting down and abandoning module OculusInput (612)
[2026.05.31-02.01.08:665][727]LogModuleManager: Shutting down and abandoning module ContentBrowserFileDataSource (610)
[2026.05.31-02.01.08:665][727]LogModuleManager: Shutting down and abandoning module ContentBrowserAssetDataSource (608)
[2026.05.31-02.01.08:665][727]LogModuleManager: Shutting down and abandoning module ContentBrowserClassDataSource (606)
[2026.05.31-02.01.08:665][727]LogModuleManager: Shutting down and abandoning module CollectionManager (605)
[2026.05.31-02.01.08:665][727]LogModuleManager: Shutting down and abandoning module RiderGameControl (602)
[2026.05.31-02.01.08:665][727]LogModuleManager: Shutting down and abandoning module RiderBlueprint (600)
[2026.05.31-02.01.08:665][727]LogModuleManager: Shutting down and abandoning module SynthesisEditor (598)
[2026.05.31-02.01.08:665][727]LogModuleManager: Shutting down and abandoning module Synthesis (596)
[2026.05.31-02.01.08:665][727]LogModuleManager: Shutting down and abandoning module ProceduralMeshComponentEditor (594)
[2026.05.31-02.01.08:665][727]LogModuleManager: Shutting down and abandoning module ProceduralMeshComponent (592)
[2026.05.31-02.01.08:665][727]LogModuleManager: Shutting down and abandoning module OpenXREditor (590)
[2026.05.31-02.01.08:665][727]LogModuleManager: Shutting down and abandoning module MobilePatchingUtils (588)
[2026.05.31-02.01.08:665][727]LogModuleManager: Shutting down and abandoning module GooglePAD (586)
[2026.05.31-02.01.08:665][727]LogModuleManager: Shutting down and abandoning module EditableMesh (584)
[2026.05.31-02.01.08:665][727]LogModuleManager: Shutting down and abandoning module CustomMeshComponent (582)
[2026.05.31-02.01.08:665][727]LogModuleManager: Shutting down and abandoning module CableComponent (580)
[2026.05.31-02.01.08:665][727]LogModuleManager: Shutting down and abandoning module AssetTags (578)
[2026.05.31-02.01.08:665][727]LogModuleManager: Shutting down and abandoning module AudioCapture (576)
[2026.05.31-02.01.08:665][727]LogModuleManager: Shutting down and abandoning module AudioCaptureRtAudio (575)
[2026.05.31-02.01.08:665][727]LogModuleManager: Shutting down and abandoning module ArchVisCharacter (572)
[2026.05.31-02.01.08:665][727]LogModuleManager: Shutting down and abandoning module AppleImageUtilsBlueprintSupport (570)
[2026.05.31-02.01.08:665][727]LogModuleManager: Shutting down and abandoning module AppleImageUtils (568)
[2026.05.31-02.01.08:665][727]LogModuleManager: Shutting down and abandoning module AndroidPermission (566)
[2026.05.31-02.01.08:665][727]LogModuleManager: Shutting down and abandoning module ActorLayerUtilitiesEditor (564)
[2026.05.31-02.01.08:665][727]LogModuleManager: Shutting down and abandoning module ActorLayerUtilities (562)
[2026.05.31-02.01.08:665][727]LogModuleManager: Shutting down and abandoning module TakeSequencer (560)
[2026.05.31-02.01.08:665][727]LogModuleManager: Shutting down and abandoning module TakeMovieScene (558)
[2026.05.31-02.01.08:665][727]LogModuleManager: Shutting down and abandoning module ScreenshotTools (556)
[2026.05.31-02.01.08:665][727]LogModuleManager: Shutting down and abandoning module OpenImageDenoise (554)
[2026.05.31-02.01.08:665][727]LogOpenImageDenoise: OIDN shutting down
[2026.05.31-02.01.08:665][727]LogModuleManager: Shutting down and abandoning module MotoSynthEditor (552)
[2026.05.31-02.01.08:665][727]LogModuleManager: Shutting down and abandoning module MotoSynth (550)
[2026.05.31-02.01.08:665][727]LogModuleManager: Shutting down and abandoning module MeshConversion (548)
[2026.05.31-02.01.08:665][727]LogModuleManager: Shutting down and abandoning module DynamicMesh (546)
[2026.05.31-02.01.08:665][727]LogModuleManager: Shutting down and abandoning module GeometryAlgorithms (544)
[2026.05.31-02.01.08:667][727]LogModuleManager: Shutting down and abandoning module GeometricObjects (542)
[2026.05.31-02.01.08:667][727]LogModuleManager: Shutting down and abandoning module GeometryCollectionTracks (540)
[2026.05.31-02.01.08:667][727]LogModuleManager: Shutting down and abandoning module GeometryCollectionSequencer (539)
[2026.05.31-02.01.08:667][727]LogModuleManager: Shutting down and abandoning module GeometryCollectionEditor (536)
[2026.05.31-02.01.08:667][727]LogModuleManager: Shutting down and abandoning module GeometryCacheTracks (534)
[2026.05.31-02.01.08:667][727]LogModuleManager: Shutting down and abandoning module GeometryCacheStreamer (532)
[2026.05.31-02.01.08:667][727]LogModuleManager: Shutting down and abandoning module GeometryCacheSequencer (530)
[2026.05.31-02.01.08:667][727]LogModuleManager: Shutting down and abandoning module ChaosNiagara (528)
[2026.05.31-02.01.08:667][727]LogModuleManager: Shutting down and abandoning module ChaosClothEditor (526)
[2026.05.31-02.01.08:667][727]LogModuleManager: Shutting down and abandoning module FractureEditor (524)
[2026.05.31-02.01.08:667][727]LogModuleManager: Shutting down and abandoning module ChaosSolverEditor (522)
[2026.05.31-02.01.08:667][727]LogModuleManager: Shutting down and abandoning module FieldSystemEngine (521)
[2026.05.31-02.01.08:667][727]LogModuleManager: Shutting down and abandoning module AlembicImporter (518)
[2026.05.31-02.01.08:667][727]LogModuleManager: Shutting down and abandoning module AlembicLibrary (517)
[2026.05.31-02.01.08:667][727]LogModuleManager: Shutting down and abandoning module GeometryCache (516)
[2026.05.31-02.01.08:667][727]LogModuleManager: Shutting down and abandoning module GeometryCacheEd (515)
[2026.05.31-02.01.08:667][727]LogModuleManager: Shutting down and abandoning module AutomationUtilsEditor (510)
[2026.05.31-02.01.08:667][727]LogModuleManager: Shutting down and abandoning module AutomationUtils (508)
[2026.05.31-02.01.08:667][727]LogModuleManager: Shutting down and abandoning module BackChannel (506)
[2026.05.31-02.01.08:667][727]LogModuleManager: Shutting down and abandoning module MediaCompositing (504)
[2026.05.31-02.01.08:667][727]LogModuleManager: Shutting down and abandoning module ImgMedia (502)
[2026.05.31-02.01.08:667][727]LogModuleManager: Shutting down and abandoning module TemplateSequence (500)
[2026.05.31-02.01.08:667][727]LogModuleManager: Shutting down and abandoning module MagicLeapSharedWorld (498)
[2026.05.31-02.01.08:667][727]LogModuleManager: Shutting down and abandoning module MagicLeapLightEstimation (496)
[2026.05.31-02.01.08:667][727]LogModuleManager: Shutting down and abandoning module MagicLeapHelperVulkan (494)
[2026.05.31-02.01.08:667][727]LogModuleManager: Shutting down and abandoning module MagicLeapHelperOpenGL (492)
[2026.05.31-02.01.08:667][727]LogModuleManager: Shutting down and abandoning module MagicLeapAudio (490)
[2026.05.31-02.01.08:667][727]LogModuleManager: Shutting down and abandoning module VariantManagerContentEditor (488)
[2026.05.31-02.01.08:668][727]LogModuleManager: Shutting down and abandoning module DatasmithContentEditor (486)
[2026.05.31-02.01.08:668][727]LogModuleManager: Shutting down and abandoning module VisualStudioSourceCodeAccess (484)
[2026.05.31-02.01.08:668][727]LogModuleManager: Shutting down and abandoning module VisualStudioCodeSourceCodeAccess (482)
[2026.05.31-02.01.08:668][727]LogModuleManager: Shutting down and abandoning module UObjectPlugin (480)
[2026.05.31-02.01.08:668][727]LogModuleManager: Shutting down and abandoning module SubversionSourceControl (478)
[2026.05.31-02.01.08:668][727]LogModuleManager: Shutting down and abandoning module RiderSourceCodeAccess (476)
[2026.05.31-02.01.08:668][727]LogModuleManager: Shutting down and abandoning module PlasticSourceControl (474)
[2026.05.31-02.01.08:668][727]LogModuleManager: Shutting down and abandoning module PluginUtils (472)
[2026.05.31-02.01.08:668][727]LogModuleManager: Shutting down and abandoning module PerforceSourceControl (470)
[2026.05.31-02.01.08:668][727]LogModuleManager: Shutting down and abandoning module CLionSourceCodeAccess (468)
[2026.05.31-02.01.08:668][727]LogModuleManager: Shutting down and abandoning module AnimationSharingEd (466)
[2026.05.31-02.01.08:668][727]LogModuleManager: Shutting down and abandoning module GitSourceControl (464)
[2026.05.31-02.01.08:668][727]LogModuleManager: Shutting down and abandoning module SourceControl (463)
[2026.05.31-02.01.08:668][727]LogModuleManager: Shutting down and abandoning module SpeedTreeImporter (460)
[2026.05.31-02.01.08:668][727]LogModuleManager: Shutting down and abandoning module MobileLauncherProfileWizard (458)
[2026.05.31-02.01.08:668][727]LogModuleManager: Shutting down and abandoning module PluginBrowser (456)
[2026.05.31-02.01.08:668][727]LogModuleManager: Shutting down and abandoning module MaterialAnalyzer (454)
[2026.05.31-02.01.08:668][727]LogModuleManager: Shutting down and abandoning module CryptoKeysOpenSSL (452)
[2026.05.31-02.01.08:669][727]LogModuleManager: Shutting down and abandoning module CryptoKeys (450)
[2026.05.31-02.01.08:669][727]LogModuleManager: Shutting down and abandoning module CurveEditorTools (448)
[2026.05.31-02.01.08:669][727]LogModuleManager: Shutting down and abandoning module NiagaraEditorWidgets (446)
[2026.05.31-02.01.08:669][727]LogModuleManager: Shutting down and abandoning module LiveLinkSequencer (444)
[2026.05.31-02.01.08:669][727]LogModuleManager: Shutting down and abandoning module LiveLinkMovieScene (442)
[2026.05.31-02.01.08:669][727]LogModuleManager: Shutting down and abandoning module LiveLinkGraphNode (440)
[2026.05.31-02.01.08:669][727]LogModuleManager: Shutting down and abandoning module LiveLinkEditor (438)
[2026.05.31-02.01.08:669][727]LogModuleManager: Shutting down and abandoning module LiveLinkComponents (436)
[2026.05.31-02.01.08:669][727]LogModuleManager: Shutting down and abandoning module LiveLink (434)
