Log file open, 06/21/26 09:08:42
LogWindows: Failed to load 'aqProf.dll' (GetLastError=126)
LogWindows: File 'aqProf.dll' does not exist
LogWindows: Failed to load 'VtuneApi.dll' (GetLastError=126)
LogWindows: File 'VtuneApi.dll' does not exist
LogWindows: Failed to load 'VtuneApi32e.dll' (GetLastError=126)
LogWindows: File 'VtuneApi32e.dll' does not exist
LogConsoleResponse: Display: Failed to find resolution value strings in scalability ini. Falling back to default.
LogConsoleResponse: Display: Failed to find resolution value strings in scalability ini. Falling back to default.
LogInit: Display: Running engine for game: ALSV4
LogPlatformFile: Not using cached read wrapper
LogTaskGraph: Started task graph with 5 named threads and 35 total threads with 3 sets of task threads.
LogStats: Stats thread started at 2.301342
LogICUInternationalization: ICU TimeZone Detection - Raw Offset: +9:00, Platform Override: ''
LogInit: Display: Loading text-based GConfig....
LogPluginManager: Mounting plugin MeshPainting
LogPluginManager: Mounting plugin XGEController
LogPluginManager: Mounting plugin Paper2D
LogPluginManager: Mounting plugin AISupport
LogPluginManager: Mounting plugin EnvironmentQueryEditor
LogPluginManager: Mounting plugin LightPropagationVolume
LogPluginManager: Mounting plugin LiveLink
LogPluginManager: Mounting plugin CameraShakePreviewer
LogPluginManager: Mounting plugin GameplayCameras
LogPluginManager: Mounting plugin OodleData
LogPluginManager: Mounting plugin OodleNetwork
LogPluginManager: Mounting plugin AssetManagerEditor
LogPluginManager: Mounting plugin CryptoKeys
LogPluginManager: Mounting plugin DataValidation
LogPluginManager: Mounting plugin FacialAnimation
LogPluginManager: Mounting plugin CurveEditorTools
LogPluginManager: Mounting plugin GameplayTagsEditor
LogPluginManager: Mounting plugin GeometryMode
LogPluginManager: Mounting plugin MacGraphicsSwitching
LogPluginManager: Mounting plugin PluginBrowser
LogPluginManager: Mounting plugin MobileLauncherProfileWizard
LogPluginManager: Mounting plugin SpeedTreeImporter
LogPluginManager: Mounting plugin MaterialAnalyzer
LogPluginManager: Mounting plugin DatasmithContent
LogPluginManager: Mounting plugin AlembicImporter
LogPluginManager: Mounting plugin AnimationSharing
LogPluginManager: Mounting plugin AutomationUtils
LogPluginManager: Mounting plugin Niagara
LogPluginManager: Mounting plugin BackChannel
LogPluginManager: Mounting plugin CLionSourceCodeAccess
LogPluginManager: Mounting plugin CodeLiteSourceCodeAccess
LogPluginManager: Mounting plugin GitSourceControl
LogPluginManager: Mounting plugin ChaosCloth
LogPluginManager: Mounting plugin KDevelopSourceCodeAccess
LogPluginManager: Mounting plugin ChaosClothEditor
LogPluginManager: Mounting plugin NullSourceCodeAccess
LogPluginManager: Mounting plugin ChaosEditor
LogPluginManager: Mounting plugin ChaosSolverPlugin
LogPluginManager: Mounting plugin PerforceSourceControl
LogPluginManager: Mounting plugin ChaosNiagara
LogPluginManager: Mounting plugin PixWinPlugin
LogPluginManager: Mounting plugin PlasticSourceControl
LogPluginManager: Mounting plugin CharacterAI
LogPluginManager: Mounting plugin PluginUtils
LogPluginManager: Mounting plugin PropertyAccessNode
LogPluginManager: Mounting plugin GeometryCollectionPlugin
LogPluginManager: Mounting plugin GeometryCache
LogPluginManager: Mounting plugin VariantManagerContent
LogPluginManager: Mounting plugin GeometryProcessing
LogPluginManager: Mounting plugin MotoSynth
LogPluginManager: Mounting plugin OpenImageDenoise
LogPluginManager: Mounting plugin PlanarCut
LogPluginManager: Mounting plugin ProxyLODPlugin
LogPluginManager: Mounting plugin PlatformCrypto
LogPluginManager: Mounting plugin PythonScriptPlugin
LogPluginManager: Mounting plugin SkeletalReduction
LogPluginManager: Mounting plugin MagicLeap
LogPluginManager: Mounting plugin LuminPlatformFeatures
LogPluginManager: Mounting plugin MagicLeapLightEstimation
LogPluginManager: Mounting plugin MagicLeapMedia
LogPluginManager: Mounting plugin MagicLeapPassableWorld
LogPluginManager: Mounting plugin MLSDK
LogPluginManager: Mounting plugin RiderSourceCodeAccess
LogPluginManager: Mounting plugin SubversionSourceControl
LogPluginManager: Mounting plugin TextureFormatOodle
LogPluginManager: Mounting plugin UObjectPlugin
LogPluginManager: Mounting plugin VisualStudioSourceCodeAccess
LogPluginManager: Mounting plugin VisualStudioCodeSourceCodeAccess
LogPluginManager: Mounting plugin XCodeSourceCodeAccess
LogPluginManager: Mounting plugin AndroidMedia
LogPluginManager: Mounting plugin AvfMedia
LogPluginManager: Mounting plugin ImgMedia
LogPluginManager: Mounting plugin MediaCompositing
LogPluginManager: Mounting plugin MediaPlayerEditor
LogPluginManager: Mounting plugin WebMMedia
LogPluginManager: Mounting plugin WmfMedia
LogPluginManager: Mounting plugin TcpMessaging
LogPluginManager: Mounting plugin UdpMessaging
LogPluginManager: Mounting plugin ActorSequence
LogPluginManager: Mounting plugin LevelSequenceEditor
LogPluginManager: Mounting plugin MatineeToLevelSequence
LogPluginManager: Mounting plugin TemplateSequence
LogPluginManager: Mounting plugin OnlineSubsystem
LogPluginManager: Mounting plugin OnlineSubsystemNull
LogPluginManager: Mounting plugin OnlineSubsystemUtils
LogPluginManager: Mounting plugin LauncherChunkInstaller
LogPluginManager: Mounting plugin ActorLayerUtilities
LogPluginManager: Mounting plugin AndroidDeviceProfileSelector
LogPluginManager: Mounting plugin AndroidMoviePlayer
LogPluginManager: Mounting plugin ScreenshotTools
LogPluginManager: Mounting plugin AndroidPermission
LogPluginManager: Mounting plugin AppleImageUtils
LogPluginManager: Mounting plugin AppleMoviePlayer
LogPluginManager: Mounting plugin ArchVisCharacter
LogPluginManager: Mounting plugin AssetTags
LogPluginManager: Mounting plugin AudioCapture
LogPluginManager: Mounting plugin AudioSynesthesia
LogPluginManager: Mounting plugin CableComponent
LogPluginManager: Mounting plugin ChunkDownloader
LogPluginManager: Mounting plugin CustomMeshComponent
LogPluginManager: Mounting plugin EditableMesh
LogPluginManager: Mounting plugin ExampleDeviceProfileSelector
LogPluginManager: Mounting plugin GoogleCloudMessaging
LogPluginManager: Mounting plugin GooglePAD
LogPluginManager: Mounting plugin IOSDeviceProfileSelector
LogPluginManager: Mounting plugin LinuxDeviceProfileSelector
LogPluginManager: Mounting plugin LocationServicesBPLibrary
LogPluginManager: Mounting plugin MobilePatchingUtils
LogPluginManager: Mounting plugin OpenXR
LogPluginManager: Mounting plugin OpenXREyeTracker
LogPluginManager: Mounting plugin OpenXRHandTracking
LogPluginManager: Mounting plugin PhysXVehicles
LogPluginManager: Mounting plugin Takes
LogPluginManager: Mounting plugin PostSplashScreen
LogPluginManager: Mounting plugin ProceduralMeshComponent
LogPluginManager: Mounting plugin PropertyAccessEditor
LogPluginManager: Mounting plugin RuntimePhysXCooking
LogPluginManager: Mounting plugin SignificanceManager
LogPluginManager: Mounting plugin SoundFields
LogPluginManager: Mounting plugin Synthesis
LogPluginManager: Mounting plugin WebMMoviePlayer
LogPluginManager: Mounting plugin WindowsMoviePlayer
LogPluginManager: Mounting plugin ContentBrowserAssetDataSource
LogPluginManager: Mounting plugin ContentBrowserClassDataSource
LogPluginManager: Mounting plugin ContentBrowserFileDataSource
LogPluginManager: Mounting plugin RiderLink
LogPluginManager: Mounting plugin OnlineSubsystemGooglePlay
LogPluginManager: Mounting plugin OnlineSubsystemIOS
LogPluginManager: Mounting plugin OculusVR
LogPluginManager: Mounting plugin SteamVR
PixWinPlugin: PIX capture plugin failed to initialize! Check that the process is launched from PIX.
LogInit: Using libcurl 7.55.1-DEV
LogInit:  - built for x86_64-pc-win32
LogInit:  - supports SSL with OpenSSL/1.1.1
LogInit:  - supports HTTP deflate (compression) using libz 1.2.8
LogInit:  - other features:
LogInit:      CURL_VERSION_SSL
LogInit:      CURL_VERSION_LIBZ
LogInit:      CURL_VERSION_IPV6
LogInit:      CURL_VERSION_ASYNCHDNS
LogInit:      CURL_VERSION_LARGEFILE
LogInit:      CURL_VERSION_IDN
LogInit:  CurlRequestOptions (configurable via config and command line):
LogInit:  - bVerifyPeer = true  - Libcurl will verify peer certificate
LogInit:  - bUseHttpProxy = false  - Libcurl will NOT use HTTP proxy
LogInit:  - bDontReuseConnections = false  - Libcurl will reuse connections
LogInit:  - MaxHostConnections = 16  - Libcurl will limit the number of connections to a host
LogInit:  - LocalHostAddr = Default
LogInit:  - BufferSize = 65536
LogOnline: OSS: Creating online subsystem instance for: NULL
LogInit: WinSock: version 1.1 (2.2), MaxSocks=32767, MaxUdp=65467
LogOnline: OSS: TryLoadSubsystemAndSetDefault: Loaded subsystem for module [NULL]
LogOculusPluginWrapper: OculusPlugin initialized successfully
LogHMD: Failed initializing OVRPlugin 1.59.0
LogInit: Build: ++UE4+Release-4.27-CL-18319896
LogInit: Engine Version: 4.27.2-18319896+++UE4+Release-4.27
LogInit: Compatible Engine Version: 4.27.0-17155196+++UE4+Release-4.27
LogInit: Net CL: 17155196
LogInit: OS: Windows 10 (Release 2009) (), CPU: 12th Gen Intel(R) Core(TM) i5-12490F, GPU: NVIDIA GeForce RTX 3060 Ti
LogInit: Compiled (64-bit): Nov 30 2021 07:12:08
LogInit: Compiled with Visual C++: 19.24.28315.00
LogInit: Build Configuration: Development
LogInit: Branch Name: ++UE4+Release-4.27
LogInit: Command Line: 
LogInit: Base Directory: C:/Program Files/Epic Games/UE_4.27/Engine/Binaries/Win64/
LogInit: Allocator: TBB
LogInit: Installed Engine Build: 1
LogDevObjectVersion: Number of dev versions registered: 29
LogDevObjectVersion:   Dev-Blueprints (B0D832E4-1F89-4F0D-ACCF-7EB736FD4AA2): 10
LogDevObjectVersion:   Dev-Build (E1C64328-A22C-4D53-A36C-8E866417BD8C): 0
LogDevObjectVersion:   Dev-Core (375EC13C-06E4-48FB-B500-84F0262A717E): 4
LogDevObjectVersion:   Dev-Editor (E4B068ED-F494-42E9-A231-DA0B2E46BB41): 40
LogDevObjectVersion:   Dev-Framework (CFFC743F-43B0-4480-9391-14DF171D2073): 37
LogDevObjectVersion:   Dev-Mobile (B02B49B5-BB20-44E9-A304-32B752E40360): 3
LogDevObjectVersion:   Dev-Networking (A4E4105C-59A1-49B5-A7C5-40C4547EDFEE): 0
LogDevObjectVersion:   Dev-Online (39C831C9-5AE6-47DC-9A44-9C173E1C8E7C): 0
LogDevObjectVersion:   Dev-Physics (78F01B33-EBEA-4F98-B9B4-84EACCB95AA2): 14
LogDevObjectVersion:   Dev-Platform (6631380F-2D4D-43E0-8009-CF276956A95A): 0
LogDevObjectVersion:   Dev-Rendering (12F88B9F-8875-4AFC-A67C-D90C383ABD29): 45
LogDevObjectVersion:   Dev-Sequencer (7B5AE74C-D270-4C10-A958-57980B212A5A): 13
LogDevObjectVersion:   Dev-VR (D7296918-1DD6-4BDD-9DE2-64A83CC13884): 3
LogDevObjectVersion:   Dev-LoadTimes (C2A15278-BFE7-4AFE-6C17-90FF531DF755): 1
LogDevObjectVersion:   Private-Geometry (6EACA3D4-40EC-4CC1-B786-8BED09428FC5): 3
LogDevObjectVersion:   Dev-AnimPhys (29E575DD-E0A3-4627-9D10-D276232CDCEA): 17
LogDevObjectVersion:   Dev-Anim (AF43A65D-7FD3-4947-9873-3E8ED9C1BB05): 15
LogDevObjectVersion:   Dev-ReflectionCapture (6B266CEC-1EC7-4B8F-A30B-E4D90942FC07): 1
LogDevObjectVersion:   Dev-Automation (0DF73D61-A23F-47EA-B727-89E90C41499A): 1
LogDevObjectVersion:   FortniteMain (601D1886-AC64-4F84-AA16-D3DE0DEAC7D6): 47
LogDevObjectVersion:   FortniteRelease (E7086368-6B23-4C58-8439-1B7016265E91): 1
LogDevObjectVersion:   Dev-Enterprise (9DFFBCD6-494F-0158-E221-12823C92A888): 10
LogDevObjectVersion:   Dev-Niagara (F2AED0AC-9AFE-416F-8664-AA7FFA26D6FC): 1
LogDevObjectVersion:   Dev-Destruction (174F1F0B-B4C6-45A5-B13F-2EE8D0FB917D): 10
LogDevObjectVersion:   Dev-Physics-Ext (35F94A83-E258-406C-A318-09F59610247C): 41
LogDevObjectVersion:   Dev-PhysicsMaterial-Chaos (B68FC16E-8B1B-42E2-B453-215C058844FE): 1
LogDevObjectVersion:   Dev-CineCamera (B2E18506-4273-CFC2-A54E-F4BB758BBA07): 1
LogDevObjectVersion:   Dev-VirtualProduction (64F58936-FD1B-42BA-BA96-7289D5D0FA4E): 1
LogDevObjectVersion:   Dev-MediaFramework (6F0ED827-A609-4895-9C91-998D90180EA4): 2
LogInit: Presizing for max 25165824 objects, including 0 objects not considered by GC, pre-allocating 0 bytes for permanent pool.
LogConfig: Applying CVar settings from Section [/Script/Engine.StreamingSettings] File [D:/LearnData/UnrealProject/UnrealLearn/ALSV4/Saved/Config/Windows/Engine.ini]
LogConfig: Setting CVar [[s.MinBulkDataSizeForAsyncLoading:131072]]
LogConfig: Setting CVar [[s.AsyncLoadingThreadEnabled:0]]
LogConfig: Setting CVar [[s.EventDrivenLoaderEnabled:1]]
LogConfig: Setting CVar [[s.WarnIfTimeLimitExceeded:0]]
LogConfig: Setting CVar [[s.TimeLimitExceededMultiplier:1.5]]
LogConfig: Setting CVar [[s.TimeLimitExceededMinTime:0.005]]
LogConfig: Setting CVar [[s.UseBackgroundLevelStreaming:1]]
LogConfig: Setting CVar [[s.PriorityAsyncLoadingExtraTime:15.0]]
LogConfig: Setting CVar [[s.LevelStreamingActorsUpdateTimeLimit:5.0]]
LogConfig: Setting CVar [[s.PriorityLevelStreamingActorsUpdateExtraTime:5.0]]
LogConfig: Setting CVar [[s.LevelStreamingComponentsRegistrationGranularity:10]]
LogConfig: Setting CVar [[s.UnregisterComponentsTimeLimit:1.0]]
LogConfig: Setting CVar [[s.LevelStreamingComponentsUnregistrationGranularity:5]]
LogConfig: Setting CVar [[s.FlushStreamingOnExit:1]]
LogInit: Object subsystem initialized
LogConfig: Setting CVar [[con.DebugEarlyDefault:1]]
LogConfig: Setting CVar [[r.setres:1280x720]]
[2026.06.21-00.08.43:014][  0]LogConfig: Setting CVar [[r.VSync:0]]
[2026.06.21-00.08.43:014][  0]LogConfig: Setting CVar [[r.RHICmdBypass:0]]
[2026.06.21-00.08.43:014][  0]LogConfig: Applying CVar settings from Section [/Script/Engine.RendererSettings] File [D:/LearnData/UnrealProject/UnrealLearn/ALSV4/Saved/Config/Windows/Engine.ini]
[2026.06.21-00.08.43:014][  0]LogConfig: Setting CVar [[r.GPUCrashDebugging:0]]
[2026.06.21-00.08.43:015][  0]LogConfig: Applying CVar settings from Section [/Script/Engine.RendererOverrideSettings] File [D:/LearnData/UnrealProject/UnrealLearn/ALSV4/Saved/Config/Windows/Engine.ini]
[2026.06.21-00.08.43:015][  0]LogConfig: Applying CVar settings from Section [/Script/Engine.StreamingSettings] File [D:/LearnData/UnrealProject/UnrealLearn/ALSV4/Saved/Config/Windows/Engine.ini]
[2026.06.21-00.08.43:015][  0]LogConfig: Setting CVar [[s.MinBulkDataSizeForAsyncLoading:131072]]
[2026.06.21-00.08.43:015][  0]LogConfig: Setting CVar [[s.AsyncLoadingThreadEnabled:0]]
[2026.06.21-00.08.43:015][  0]LogConfig: Setting CVar [[s.EventDrivenLoaderEnabled:1]]
[2026.06.21-00.08.43:015][  0]LogConfig: Setting CVar [[s.WarnIfTimeLimitExceeded:0]]
[2026.06.21-00.08.43:015][  0]LogConfig: Setting CVar [[s.TimeLimitExceededMultiplier:1.5]]
[2026.06.21-00.08.43:015][  0]LogConfig: Setting CVar [[s.TimeLimitExceededMinTime:0.005]]
[2026.06.21-00.08.43:015][  0]LogConfig: Setting CVar [[s.UseBackgroundLevelStreaming:1]]
[2026.06.21-00.08.43:015][  0]LogConfig: Setting CVar [[s.PriorityAsyncLoadingExtraTime:15.0]]
[2026.06.21-00.08.43:015][  0]LogConfig: Setting CVar [[s.LevelStreamingActorsUpdateTimeLimit:5.0]]
[2026.06.21-00.08.43:015][  0]LogConfig: Setting CVar [[s.PriorityLevelStreamingActorsUpdateExtraTime:5.0]]
[2026.06.21-00.08.43:015][  0]LogConfig: Setting CVar [[s.LevelStreamingComponentsRegistrationGranularity:10]]
[2026.06.21-00.08.43:015][  0]LogConfig: Setting CVar [[s.UnregisterComponentsTimeLimit:1.0]]
[2026.06.21-00.08.43:015][  0]LogConfig: Setting CVar [[s.LevelStreamingComponentsUnregistrationGranularity:5]]
[2026.06.21-00.08.43:015][  0]LogConfig: Setting CVar [[s.FlushStreamingOnExit:1]]
[2026.06.21-00.08.43:015][  0]LogConfig: Applying CVar settings from Section [/Script/Engine.GarbageCollectionSettings] File [D:/LearnData/UnrealProject/UnrealLearn/ALSV4/Saved/Config/Windows/Engine.ini]
[2026.06.21-00.08.43:015][  0]LogConfig: Setting CVar [[gc.MaxObjectsNotConsideredByGC:1]]
[2026.06.21-00.08.43:015][  0]LogConfig: Setting CVar [[gc.SizeOfPermanentObjectPool:0]]
[2026.06.21-00.08.43:015][  0]LogConfig: Setting CVar [[gc.FlushStreamingOnGC:0]]
[2026.06.21-00.08.43:015][  0]LogConfig: Setting CVar [[gc.NumRetriesBeforeForcingGC:10]]
[2026.06.21-00.08.43:015][  0]LogConfig: Setting CVar [[gc.AllowParallelGC:1]]
[2026.06.21-00.08.43:015][  0]LogConfig: Setting CVar [[gc.TimeBetweenPurgingPendingKillObjects:61.1]]
[2026.06.21-00.08.43:015][  0]LogConfig: Setting CVar [[gc.MaxObjectsInEditor:25165824]]
[2026.06.21-00.08.43:015][  0]LogConfig: Setting CVar [[gc.IncrementalBeginDestroyEnabled:1]]
[2026.06.21-00.08.43:015][  0]LogConfig: Setting CVar [[gc.CreateGCClusters:1]]
[2026.06.21-00.08.43:015][  0]LogConfig: Setting CVar [[gc.MinGCClusterSize:5]]
[2026.06.21-00.08.43:015][  0]LogConfig: Setting CVar [[gc.ActorClusteringEnabled:0]]
[2026.06.21-00.08.43:015][  0]LogConfig: Setting CVar [[gc.BlueprintClusteringEnabled:0]]
[2026.06.21-00.08.43:015][  0]LogConfig: Setting CVar [[gc.UseDisregardForGCOnDedicatedServers:0]]
[2026.06.21-00.08.43:015][  0]LogConfig: Setting CVar [[gc.MultithreadedDestructionEnabled:1]]
[2026.06.21-00.08.43:015][  0]LogConfig: Applying CVar settings from Section [/Script/Engine.NetworkSettings] File [D:/LearnData/UnrealProject/UnrealLearn/ALSV4/Saved/Config/Windows/Engine.ini]
[2026.06.21-00.08.43:015][  0]LogConfig: Applying CVar settings from Section [/Script/UnrealEd.CookerSettings] File [D:/LearnData/UnrealProject/UnrealLearn/ALSV4/Saved/Config/Windows/Engine.ini]
[2026.06.21-00.08.43:056][  0]LogConfig: Applying CVar settings from Section [ViewDistanceQuality@3] File [D:/LearnData/UnrealProject/UnrealLearn/ALSV4/Saved/Config/Windows/Scalability.ini]
[2026.06.21-00.08.43:056][  0]LogConfig: Setting CVar [[r.SkeletalMeshLODBias:0]]
[2026.06.21-00.08.43:056][  0]LogConfig: Setting CVar [[r.ViewDistanceScale:1.0]]
[2026.06.21-00.08.43:056][  0]LogConfig: Applying CVar settings from Section [AntiAliasingQuality@3] File [D:/LearnData/UnrealProject/UnrealLearn/ALSV4/Saved/Config/Windows/Scalability.ini]
[2026.06.21-00.08.43:056][  0]LogConfig: Setting CVar [[r.PostProcessAAQuality:4]]
[2026.06.21-00.08.43:056][  0]LogConfig: Applying CVar settings from Section [ShadowQuality@3] File [D:/LearnData/UnrealProject/UnrealLearn/ALSV4/Saved/Config/Windows/Scalability.ini]
[2026.06.21-00.08.43:056][  0]LogConfig: Setting CVar [[r.LightFunctionQuality:1]]
[2026.06.21-00.08.43:056][  0]LogConfig: Setting CVar [[r.ShadowQuality:5]]
[2026.06.21-00.08.43:056][  0]LogConfig: Setting CVar [[r.Shadow.CSM.MaxCascades:10]]
[2026.06.21-00.08.43:056][  0]LogConfig: Setting CVar [[r.Shadow.MaxResolution:2048]]
[2026.06.21-00.08.43:056][  0]LogConfig: Setting CVar [[r.Shadow.MaxCSMResolution:2048]]
[2026.06.21-00.08.43:056][  0]LogConfig: Setting CVar [[r.Shadow.RadiusThreshold:0.01]]
[2026.06.21-00.08.43:056][  0]LogConfig: Setting CVar [[r.Shadow.DistanceScale:1.0]]
[2026.06.21-00.08.43:056][  0]LogConfig: Setting CVar [[r.Shadow.CSM.TransitionScale:1.0]]
[2026.06.21-00.08.43:056][  0]LogConfig: Setting CVar [[r.Shadow.PreShadowResolutionFactor:1.0]]
[2026.06.21-00.08.43:056][  0]LogConfig: Setting CVar [[r.DistanceFieldShadowing:1]]
[2026.06.21-00.08.43:056][  0]LogConfig: Setting CVar [[r.DistanceFieldAO:1]]
[2026.06.21-00.08.43:056][  0]LogConfig: Setting CVar [[r.AOQuality:2]]
[2026.06.21-00.08.43:056][  0]LogConfig: Setting CVar [[r.VolumetricFog:1]]
[2026.06.21-00.08.43:056][  0]LogConfig: Setting CVar [[r.VolumetricFog.GridPixelSize:8]]
[2026.06.21-00.08.43:056][  0]LogConfig: Setting CVar [[r.VolumetricFog.GridSizeZ:128]]
[2026.06.21-00.08.43:056][  0]LogConfig: Setting CVar [[r.VolumetricFog.HistoryMissSupersampleCount:4]]
[2026.06.21-00.08.43:056][  0]LogConfig: Setting CVar [[r.LightMaxDrawDistanceScale:1]]
[2026.06.21-00.08.43:056][  0]LogConfig: Setting CVar [[r.CapsuleShadows:1]]
[2026.06.21-00.08.43:056][  0]LogConfig: Applying CVar settings from Section [PostProcessQuality@3] File [D:/LearnData/UnrealProject/UnrealLearn/ALSV4/Saved/Config/Windows/Scalability.ini]
[2026.06.21-00.08.43:056][  0]LogConfig: Setting CVar [[r.MotionBlurQuality:4]]
[2026.06.21-00.08.43:056][  0]LogConfig: Setting CVar [[r.AmbientOcclusionMipLevelFactor:0.4]]
[2026.06.21-00.08.43:056][  0]LogConfig: Setting CVar [[r.AmbientOcclusionMaxQuality:100]]
[2026.06.21-00.08.43:056][  0]LogConfig: Setting CVar [[r.AmbientOcclusionLevels:-1]]
[2026.06.21-00.08.43:056][  0]LogConfig: Setting CVar [[r.AmbientOcclusionRadiusScale:1.0]]
[2026.06.21-00.08.43:056][  0]LogConfig: Setting CVar [[r.DepthOfFieldQuality:2]]
[2026.06.21-00.08.43:056][  0]LogConfig: Setting CVar [[r.RenderTargetPoolMin:400]]
[2026.06.21-00.08.43:056][  0]LogConfig: Setting CVar [[r.LensFlareQuality:2]]
[2026.06.21-00.08.43:056][  0]LogConfig: Setting CVar [[r.SceneColorFringeQuality:1]]
[2026.06.21-00.08.43:056][  0]LogConfig: Setting CVar [[r.EyeAdaptationQuality:2]]
[2026.06.21-00.08.43:056][  0]LogConfig: Setting CVar [[r.BloomQuality:5]]
[2026.06.21-00.08.43:056][  0]LogConfig: Setting CVar [[r.FastBlurThreshold:100]]
[2026.06.21-00.08.43:056][  0]LogConfig: Setting CVar [[r.Upscale.Quality:3]]
[2026.06.21-00.08.43:056][  0]LogConfig: Setting CVar [[r.Tonemapper.GrainQuantization:1]]
[2026.06.21-00.08.43:056][  0]LogConfig: Setting CVar [[r.LightShaftQuality:1]]
[2026.06.21-00.08.43:056][  0]LogConfig: Setting CVar [[r.Filter.SizeScale:1]]
[2026.06.21-00.08.43:056][  0]LogConfig: Setting CVar [[r.Tonemapper.Quality:5]]
[2026.06.21-00.08.43:056][  0]LogConfig: Setting CVar [[r.DOF.Gather.AccumulatorQuality:1        ; higher gathering accumulator quality]]
[2026.06.21-00.08.43:056][  0]LogConfig: Setting CVar [[r.DOF.Gather.PostfilterMethod:1          ; Median3x3 postfilering method]]
[2026.06.21-00.08.43:056][  0]LogConfig: Setting CVar [[r.DOF.Gather.EnableBokehSettings:0       ; no bokeh simulation when gathering]]
[2026.06.21-00.08.43:056][  0]LogConfig: Setting CVar [[r.DOF.Gather.RingCount:4                 ; medium number of samples when gathering]]
[2026.06.21-00.08.43:056][  0]LogConfig: Setting CVar [[r.DOF.Scatter.ForegroundCompositing:1    ; additive foreground scattering]]
[2026.06.21-00.08.43:056][  0]LogConfig: Setting CVar [[r.DOF.Scatter.BackgroundCompositing:2    ; additive background scattering]]
[2026.06.21-00.08.43:056][  0]LogConfig: Setting CVar [[r.DOF.Scatter.EnableBokehSettings:1      ; bokeh simulation when scattering]]
[2026.06.21-00.08.43:056][  0]LogConfig: Setting CVar [[r.DOF.Scatter.MaxSpriteRatio:0.1         ; only a maximum of 10% of scattered bokeh]]
[2026.06.21-00.08.43:056][  0]LogConfig: Setting CVar [[r.DOF.Recombine.Quality:1                ; cheap slight out of focus]]
[2026.06.21-00.08.43:056][  0]LogConfig: Setting CVar [[r.DOF.Recombine.EnableBokehSettings:0    ; no bokeh simulation on slight out of focus]]
[2026.06.21-00.08.43:056][  0]LogConfig: Setting CVar [[r.DOF.TemporalAAQuality:1                ; more stable temporal accumulation]]
[2026.06.21-00.08.43:056][  0]LogConfig: Setting CVar [[r.DOF.Kernel.MaxForegroundRadius:0.025]]
[2026.06.21-00.08.43:056][  0]LogConfig: Setting CVar [[r.DOF.Kernel.MaxBackgroundRadius:0.025]]
[2026.06.21-00.08.43:056][  0]LogConfig: Applying CVar settings from Section [TextureQuality@3] File [D:/LearnData/UnrealProject/UnrealLearn/ALSV4/Saved/Config/Windows/Scalability.ini]
[2026.06.21-00.08.43:056][  0]LogConfig: Setting CVar [[r.Streaming.MipBias:0]]
[2026.06.21-00.08.43:056][  0]LogConfig: Setting CVar [[r.Streaming.AmortizeCPUToGPUCopy:0]]
[2026.06.21-00.08.43:056][  0]LogConfig: Setting CVar [[r.Streaming.MaxNumTexturesToStreamPerFrame:0]]
[2026.06.21-00.08.43:056][  0]LogConfig: Setting CVar [[r.Streaming.Boost:1]]
[2026.06.21-00.08.43:056][  0]LogConfig: Setting CVar [[r.MaxAnisotropy:8]]
[2026.06.21-00.08.43:056][  0]LogConfig: Setting CVar [[r.VT.MaxAnisotropy:8]]
[2026.06.21-00.08.43:056][  0]LogConfig: Setting CVar [[r.Streaming.LimitPoolSizeToVRAM:0]]
[2026.06.21-00.08.43:056][  0]LogConfig: Setting CVar [[r.Streaming.PoolSize:1000]]
[2026.06.21-00.08.43:056][  0]LogConfig: Setting CVar [[r.Streaming.MaxEffectiveScreenSize:0]]
[2026.06.21-00.08.43:057][  0]LogConfig: Applying CVar settings from Section [EffectsQuality@3] File [D:/LearnData/UnrealProject/UnrealLearn/ALSV4/Saved/Config/Windows/Scalability.ini]
[2026.06.21-00.08.43:057][  0]LogConfig: Setting CVar [[r.TranslucencyLightingVolumeDim:64]]
[2026.06.21-00.08.43:057][  0]LogConfig: Setting CVar [[r.RefractionQuality:2]]
[2026.06.21-00.08.43:057][  0]LogConfig: Setting CVar [[r.SSR.Quality:3]]
[2026.06.21-00.08.43:057][  0]LogConfig: Setting CVar [[r.SSR.HalfResSceneColor:0]]
[2026.06.21-00.08.43:057][  0]LogConfig: Setting CVar [[r.SceneColorFormat:4]]
[2026.06.21-00.08.43:057][  0]LogConfig: Setting CVar [[r.DetailMode:2]]
[2026.06.21-00.08.43:057][  0]LogConfig: Setting CVar [[r.TranslucencyVolumeBlur:1]]
[2026.06.21-00.08.43:057][  0]LogConfig: Setting CVar [[r.MaterialQualityLevel:1 ; High quality]]
[2026.06.21-00.08.43:057][  0]LogConfig: Setting CVar [[r.AnisotropicMaterials:1]]
[2026.06.21-00.08.43:057][  0]LogConfig: Setting CVar [[r.SSS.Scale:1]]
[2026.06.21-00.08.43:057][  0]LogConfig: Setting CVar [[r.SSS.SampleSet:2]]
[2026.06.21-00.08.43:057][  0]LogConfig: Setting CVar [[r.SSS.Quality:1]]
[2026.06.21-00.08.43:057][  0]LogConfig: Setting CVar [[r.SSS.HalfRes:0]]
[2026.06.21-00.08.43:057][  0]LogConfig: Setting CVar [[r.SSGI.Quality:3]]
[2026.06.21-00.08.43:057][  0]LogConfig: Setting CVar [[r.EmitterSpawnRateScale:1.0]]
[2026.06.21-00.08.43:057][  0]LogConfig: Setting CVar [[r.ParticleLightQuality:2]]
[2026.06.21-00.08.43:057][  0]LogConfig: Setting CVar [[r.SkyAtmosphere.AerialPerspectiveLUT.FastApplyOnOpaque:1 ; Always have FastSkyLUT 1 in this case to avoid wrong sky]]
[2026.06.21-00.08.43:057][  0]LogConfig: Setting CVar [[r.SkyAtmosphere.AerialPerspectiveLUT.SampleCountMaxPerSlice:4]]
[2026.06.21-00.08.43:057][  0]LogConfig: Setting CVar [[r.SkyAtmosphere.AerialPerspectiveLUT.DepthResolution:16.0]]
[2026.06.21-00.08.43:057][  0]LogConfig: Setting CVar [[r.SkyAtmosphere.FastSkyLUT:1]]
[2026.06.21-00.08.43:057][  0]LogConfig: Setting CVar [[r.SkyAtmosphere.FastSkyLUT.SampleCountMin:4.0]]
[2026.06.21-00.08.43:057][  0]LogConfig: Setting CVar [[r.SkyAtmosphere.FastSkyLUT.SampleCountMax:128.0]]
[2026.06.21-00.08.43:057][  0]LogConfig: Setting CVar [[r.SkyAtmosphere.SampleCountMin:4.0]]
[2026.06.21-00.08.43:057][  0]LogConfig: Setting CVar [[r.SkyAtmosphere.SampleCountMax:128.0]]
[2026.06.21-00.08.43:057][  0]LogConfig: Setting CVar [[r.SkyAtmosphere.TransmittanceLUT.UseSmallFormat:0]]
[2026.06.21-00.08.43:057][  0]LogConfig: Setting CVar [[r.SkyAtmosphere.TransmittanceLUT.SampleCount:10.0]]
[2026.06.21-00.08.43:057][  0]LogConfig: Setting CVar [[r.SkyAtmosphere.MultiScatteringLUT.SampleCount:15.0]]
[2026.06.21-00.08.43:057][  0]LogConfig: Setting CVar [[r.SkyLight.RealTimeReflectionCapture:1]]
[2026.06.21-00.08.43:057][  0]LogConfig: Applying CVar settings from Section [FoliageQuality@3] File [D:/LearnData/UnrealProject/UnrealLearn/ALSV4/Saved/Config/Windows/Scalability.ini]
[2026.06.21-00.08.43:057][  0]LogConfig: Setting CVar [[foliage.DensityScale:1.0]]
[2026.06.21-00.08.43:057][  0]LogConfig: Setting CVar [[grass.DensityScale:1.0]]
[2026.06.21-00.08.43:057][  0]LogConfig: Applying CVar settings from Section [ShadingQuality@3] File [D:/LearnData/UnrealProject/UnrealLearn/ALSV4/Saved/Config/Windows/Scalability.ini]
[2026.06.21-00.08.43:057][  0]LogConfig: Setting CVar [[r.HairStrands.SkyLighting.IntegrationType:2]]
[2026.06.21-00.08.43:057][  0]LogConfig: Setting CVar [[r.HairStrands.SkyAO.SampleCount:4]]
[2026.06.21-00.08.43:057][  0]LogConfig: Setting CVar [[r.HairStrands.Visibility.MSAA.SamplePerPixel:4]]
[2026.06.21-00.08.43:057][  0]LogInit: Selected Device Profile: [Windows]
[2026.06.21-00.08.43:057][  0]LogInit: Applying CVar settings loaded from the selected device profile: [Windows]
[2026.06.21-00.08.43:057][  0]LogHAL: Display: Platform has ~ 32 GB [34164101120 / 34359738368 / 32], which maps to Largest [LargestMinGB=32, LargerMinGB=12, DefaultMinGB=8, SmallerMinGB=6, SmallestMinGB=0)
[2026.06.21-00.08.43:057][  0]LogInit: Going up to parent DeviceProfile []
[2026.06.21-00.08.43:057][  0]LogConfig: Applying CVar settings from Section [ViewDistanceQuality@3] File [D:/LearnData/UnrealProject/UnrealLearn/ALSV4/Saved/Config/Windows/Scalability.ini]
[2026.06.21-00.08.43:057][  0]LogConfig: Setting CVar [[r.SkeletalMeshLODBias:0]]
[2026.06.21-00.08.43:057][  0]LogConfig: Setting CVar [[r.ViewDistanceScale:1.0]]
[2026.06.21-00.08.43:057][  0]LogConfig: Applying CVar settings from Section [AntiAliasingQuality@3] File [D:/LearnData/UnrealProject/UnrealLearn/ALSV4/Saved/Config/Windows/Scalability.ini]
[2026.06.21-00.08.43:057][  0]LogConfig: Setting CVar [[r.PostProcessAAQuality:4]]
[2026.06.21-00.08.43:057][  0]LogConfig: Applying CVar settings from Section [ShadowQuality@3] File [D:/LearnData/UnrealProject/UnrealLearn/ALSV4/Saved/Config/Windows/Scalability.ini]
[2026.06.21-00.08.43:057][  0]LogConfig: Setting CVar [[r.LightFunctionQuality:1]]
[2026.06.21-00.08.43:057][  0]LogConfig: Setting CVar [[r.ShadowQuality:5]]
[2026.06.21-00.08.43:057][  0]LogConfig: Setting CVar [[r.Shadow.CSM.MaxCascades:10]]
[2026.06.21-00.08.43:057][  0]LogConfig: Setting CVar [[r.Shadow.MaxResolution:2048]]
[2026.06.21-00.08.43:057][  0]LogConfig: Setting CVar [[r.Shadow.MaxCSMResolution:2048]]
[2026.06.21-00.08.43:057][  0]LogConfig: Setting CVar [[r.Shadow.RadiusThreshold:0.01]]
[2026.06.21-00.08.43:057][  0]LogConfig: Setting CVar [[r.Shadow.DistanceScale:1.0]]
[2026.06.21-00.08.43:057][  0]LogConfig: Setting CVar [[r.Shadow.CSM.TransitionScale:1.0]]
[2026.06.21-00.08.43:057][  0]LogConfig: Setting CVar [[r.Shadow.PreShadowResolutionFactor:1.0]]
[2026.06.21-00.08.43:057][  0]LogConfig: Setting CVar [[r.DistanceFieldShadowing:1]]
[2026.06.21-00.08.43:057][  0]LogConfig: Setting CVar [[r.DistanceFieldAO:1]]
[2026.06.21-00.08.43:057][  0]LogConfig: Setting CVar [[r.AOQuality:2]]
[2026.06.21-00.08.43:057][  0]LogConfig: Setting CVar [[r.VolumetricFog:1]]
[2026.06.21-00.08.43:057][  0]LogConfig: Setting CVar [[r.VolumetricFog.GridPixelSize:8]]
[2026.06.21-00.08.43:057][  0]LogConfig: Setting CVar [[r.VolumetricFog.GridSizeZ:128]]
[2026.06.21-00.08.43:057][  0]LogConfig: Setting CVar [[r.VolumetricFog.HistoryMissSupersampleCount:4]]
[2026.06.21-00.08.43:057][  0]LogConfig: Setting CVar [[r.LightMaxDrawDistanceScale:1]]
[2026.06.21-00.08.43:057][  0]LogConfig: Setting CVar [[r.CapsuleShadows:1]]
[2026.06.21-00.08.43:057][  0]LogConfig: Applying CVar settings from Section [PostProcessQuality@3] File [D:/LearnData/UnrealProject/UnrealLearn/ALSV4/Saved/Config/Windows/Scalability.ini]
[2026.06.21-00.08.43:057][  0]LogConfig: Setting CVar [[r.MotionBlurQuality:4]]
[2026.06.21-00.08.43:057][  0]LogConfig: Setting CVar [[r.AmbientOcclusionMipLevelFactor:0.4]]
[2026.06.21-00.08.43:057][  0]LogConfig: Setting CVar [[r.AmbientOcclusionMaxQuality:100]]
[2026.06.21-00.08.43:057][  0]LogConfig: Setting CVar [[r.AmbientOcclusionLevels:-1]]
[2026.06.21-00.08.43:057][  0]LogConfig: Setting CVar [[r.AmbientOcclusionRadiusScale:1.0]]
[2026.06.21-00.08.43:057][  0]LogConfig: Setting CVar [[r.DepthOfFieldQuality:2]]
[2026.06.21-00.08.43:057][  0]LogConfig: Setting CVar [[r.RenderTargetPoolMin:400]]
[2026.06.21-00.08.43:057][  0]LogConfig: Setting CVar [[r.LensFlareQuality:2]]
[2026.06.21-00.08.43:057][  0]LogConfig: Setting CVar [[r.SceneColorFringeQuality:1]]
[2026.06.21-00.08.43:057][  0]LogConfig: Setting CVar [[r.EyeAdaptationQuality:2]]
[2026.06.21-00.08.43:057][  0]LogConfig: Setting CVar [[r.BloomQuality:5]]
[2026.06.21-00.08.43:057][  0]LogConfig: Setting CVar [[r.FastBlurThreshold:100]]
[2026.06.21-00.08.43:057][  0]LogConfig: Setting CVar [[r.Upscale.Quality:3]]
[2026.06.21-00.08.43:057][  0]LogConfig: Setting CVar [[r.Tonemapper.GrainQuantization:1]]
[2026.06.21-00.08.43:057][  0]LogConfig: Setting CVar [[r.LightShaftQuality:1]]
[2026.06.21-00.08.43:057][  0]LogConfig: Setting CVar [[r.Filter.SizeScale:1]]
[2026.06.21-00.08.43:057][  0]LogConfig: Setting CVar [[r.Tonemapper.Quality:5]]
[2026.06.21-00.08.43:057][  0]LogConfig: Setting CVar [[r.DOF.Gather.AccumulatorQuality:1        ; higher gathering accumulator quality]]
[2026.06.21-00.08.43:057][  0]LogConfig: Setting CVar [[r.DOF.Gather.PostfilterMethod:1          ; Median3x3 postfilering method]]
[2026.06.21-00.08.43:057][  0]LogConfig: Setting CVar [[r.DOF.Gather.EnableBokehSettings:0       ; no bokeh simulation when gathering]]
[2026.06.21-00.08.43:058][  0]LogConfig: Setting CVar [[r.DOF.Gather.RingCount:4                 ; medium number of samples when gathering]]
[2026.06.21-00.08.43:058][  0]LogConfig: Setting CVar [[r.DOF.Scatter.ForegroundCompositing:1    ; additive foreground scattering]]
[2026.06.21-00.08.43:058][  0]LogConfig: Setting CVar [[r.DOF.Scatter.BackgroundCompositing:2    ; additive background scattering]]
[2026.06.21-00.08.43:058][  0]LogConfig: Setting CVar [[r.DOF.Scatter.EnableBokehSettings:1      ; bokeh simulation when scattering]]
[2026.06.21-00.08.43:058][  0]LogConfig: Setting CVar [[r.DOF.Scatter.MaxSpriteRatio:0.1         ; only a maximum of 10% of scattered bokeh]]
[2026.06.21-00.08.43:058][  0]LogConfig: Setting CVar [[r.DOF.Recombine.Quality:1                ; cheap slight out of focus]]
[2026.06.21-00.08.43:058][  0]LogConfig: Setting CVar [[r.DOF.Recombine.EnableBokehSettings:0    ; no bokeh simulation on slight out of focus]]
[2026.06.21-00.08.43:058][  0]LogConfig: Setting CVar [[r.DOF.TemporalAAQuality:1                ; more stable temporal accumulation]]
[2026.06.21-00.08.43:058][  0]LogConfig: Setting CVar [[r.DOF.Kernel.MaxForegroundRadius:0.025]]
[2026.06.21-00.08.43:058][  0]LogConfig: Setting CVar [[r.DOF.Kernel.MaxBackgroundRadius:0.025]]
[2026.06.21-00.08.43:058][  0]LogConfig: Applying CVar settings from Section [TextureQuality@3] File [D:/LearnData/UnrealProject/UnrealLearn/ALSV4/Saved/Config/Windows/Scalability.ini]
[2026.06.21-00.08.43:058][  0]LogConfig: Setting CVar [[r.Streaming.MipBias:0]]
[2026.06.21-00.08.43:058][  0]LogConfig: Setting CVar [[r.Streaming.AmortizeCPUToGPUCopy:0]]
[2026.06.21-00.08.43:058][  0]LogConfig: Setting CVar [[r.Streaming.MaxNumTexturesToStreamPerFrame:0]]
[2026.06.21-00.08.43:058][  0]LogConfig: Setting CVar [[r.Streaming.Boost:1]]
[2026.06.21-00.08.43:058][  0]LogConfig: Setting CVar [[r.MaxAnisotropy:8]]
[2026.06.21-00.08.43:058][  0]LogConfig: Setting CVar [[r.VT.MaxAnisotropy:8]]
[2026.06.21-00.08.43:058][  0]LogConfig: Setting CVar [[r.Streaming.LimitPoolSizeToVRAM:0]]
[2026.06.21-00.08.43:058][  0]LogConfig: Setting CVar [[r.Streaming.PoolSize:1000]]
[2026.06.21-00.08.43:058][  0]LogConfig: Setting CVar [[r.Streaming.MaxEffectiveScreenSize:0]]
[2026.06.21-00.08.43:058][  0]LogConfig: Applying CVar settings from Section [EffectsQuality@3] File [D:/LearnData/UnrealProject/UnrealLearn/ALSV4/Saved/Config/Windows/Scalability.ini]
[2026.06.21-00.08.43:058][  0]LogConfig: Setting CVar [[r.TranslucencyLightingVolumeDim:64]]
[2026.06.21-00.08.43:058][  0]LogConfig: Setting CVar [[r.RefractionQuality:2]]
[2026.06.21-00.08.43:058][  0]LogConfig: Setting CVar [[r.SSR.Quality:3]]
[2026.06.21-00.08.43:058][  0]LogConfig: Setting CVar [[r.SSR.HalfResSceneColor:0]]
[2026.06.21-00.08.43:058][  0]LogConfig: Setting CVar [[r.SceneColorFormat:4]]
[2026.06.21-00.08.43:058][  0]LogConfig: Setting CVar [[r.DetailMode:2]]
[2026.06.21-00.08.43:058][  0]LogConfig: Setting CVar [[r.TranslucencyVolumeBlur:1]]
[2026.06.21-00.08.43:058][  0]LogConfig: Setting CVar [[r.MaterialQualityLevel:1 ; High quality]]
[2026.06.21-00.08.43:058][  0]LogConfig: Setting CVar [[r.AnisotropicMaterials:1]]
[2026.06.21-00.08.43:058][  0]LogConfig: Setting CVar [[r.SSS.Scale:1]]
[2026.06.21-00.08.43:058][  0]LogConfig: Setting CVar [[r.SSS.SampleSet:2]]
[2026.06.21-00.08.43:058][  0]LogConfig: Setting CVar [[r.SSS.Quality:1]]
[2026.06.21-00.08.43:058][  0]LogConfig: Setting CVar [[r.SSS.HalfRes:0]]
[2026.06.21-00.08.43:058][  0]LogConfig: Setting CVar [[r.SSGI.Quality:3]]
[2026.06.21-00.08.43:058][  0]LogConfig: Setting CVar [[r.EmitterSpawnRateScale:1.0]]
[2026.06.21-00.08.43:058][  0]LogConfig: Setting CVar [[r.ParticleLightQuality:2]]
[2026.06.21-00.08.43:058][  0]LogConfig: Setting CVar [[r.SkyAtmosphere.AerialPerspectiveLUT.FastApplyOnOpaque:1 ; Always have FastSkyLUT 1 in this case to avoid wrong sky]]
[2026.06.21-00.08.43:058][  0]LogConfig: Setting CVar [[r.SkyAtmosphere.AerialPerspectiveLUT.SampleCountMaxPerSlice:4]]
[2026.06.21-00.08.43:058][  0]LogConfig: Setting CVar [[r.SkyAtmosphere.AerialPerspectiveLUT.DepthResolution:16.0]]
[2026.06.21-00.08.43:058][  0]LogConfig: Setting CVar [[r.SkyAtmosphere.FastSkyLUT:1]]
[2026.06.21-00.08.43:058][  0]LogConfig: Setting CVar [[r.SkyAtmosphere.FastSkyLUT.SampleCountMin:4.0]]
[2026.06.21-00.08.43:058][  0]LogConfig: Setting CVar [[r.SkyAtmosphere.FastSkyLUT.SampleCountMax:128.0]]
[2026.06.21-00.08.43:058][  0]LogConfig: Setting CVar [[r.SkyAtmosphere.SampleCountMin:4.0]]
[2026.06.21-00.08.43:058][  0]LogConfig: Setting CVar [[r.SkyAtmosphere.SampleCountMax:128.0]]
[2026.06.21-00.08.43:058][  0]LogConfig: Setting CVar [[r.SkyAtmosphere.TransmittanceLUT.UseSmallFormat:0]]
[2026.06.21-00.08.43:058][  0]LogConfig: Setting CVar [[r.SkyAtmosphere.TransmittanceLUT.SampleCount:10.0]]
[2026.06.21-00.08.43:058][  0]LogConfig: Setting CVar [[r.SkyAtmosphere.MultiScatteringLUT.SampleCount:15.0]]
[2026.06.21-00.08.43:058][  0]LogConfig: Setting CVar [[r.SkyLight.RealTimeReflectionCapture:1]]
[2026.06.21-00.08.43:058][  0]LogConfig: Applying CVar settings from Section [FoliageQuality@3] File [D:/LearnData/UnrealProject/UnrealLearn/ALSV4/Saved/Config/Windows/Scalability.ini]
[2026.06.21-00.08.43:058][  0]LogConfig: Setting CVar [[foliage.DensityScale:1.0]]
[2026.06.21-00.08.43:058][  0]LogConfig: Setting CVar [[grass.DensityScale:1.0]]
[2026.06.21-00.08.43:058][  0]LogConfig: Applying CVar settings from Section [ShadingQuality@3] File [D:/LearnData/UnrealProject/UnrealLearn/ALSV4/Saved/Config/Windows/Scalability.ini]
[2026.06.21-00.08.43:058][  0]LogConfig: Setting CVar [[r.HairStrands.SkyLighting.IntegrationType:2]]
[2026.06.21-00.08.43:058][  0]LogConfig: Setting CVar [[r.HairStrands.SkyAO.SampleCount:4]]
[2026.06.21-00.08.43:058][  0]LogConfig: Setting CVar [[r.HairStrands.Visibility.MSAA.SamplePerPixel:4]]
[2026.06.21-00.08.43:058][  0]LogConfig: Applying CVar settings from Section [Startup] File [../../../Engine/Config/ConsoleVariables.ini]
[2026.06.21-00.08.43:059][  0]LogConfig: Setting CVar [[net.UseAdaptiveNetUpdateFrequency:0]]
[2026.06.21-00.08.43:059][  0]LogConfig: Setting CVar [[p.chaos.AllowCreatePhysxBodies:1]]
[2026.06.21-00.08.43:059][  0]LogConfig: Setting CVar [[fx.SkipVectorVMBackendOptimizations:1]]
[2026.06.21-00.08.43:059][  0]LogConfig: Applying CVar settings from Section [ConsoleVariables] File [D:/LearnData/UnrealProject/UnrealLearn/ALSV4/Saved/Config/Windows/Engine.ini]
[2026.06.21-00.08.43:059][  0]LogConfig: Applying CVar settings from Section [ConsoleVariables] File [D:/LearnData/UnrealProject/UnrealLearn/ALSV4/Saved/Config/Windows/Editor.ini]
[2026.06.21-00.08.43:059][  0]LogInit: Computer: MIU
[2026.06.21-00.08.43:059][  0]LogInit: User: 23932
[2026.06.21-00.08.43:059][  0]LogInit: CPU Page size=4096, Cores=6
[2026.06.21-00.08.43:059][  0]LogInit: High frequency timer resolution =10.000000 MHz
[2026.06.21-00.08.43:059][  0]LogMemory: Memory total: Physical=31.8GB (32GB approx)
[2026.06.21-00.08.43:059][  0]LogMemory: Platform Memory Stats for Windows
[2026.06.21-00.08.43:059][  0]LogMemory: Process Physical Memory: 153.66 MB used, 153.66 MB peak
[2026.06.21-00.08.43:059][  0]LogMemory: Process Virtual Memory: 132.27 MB used, 132.27 MB peak
[2026.06.21-00.08.43:059][  0]LogMemory: Physical Memory: 10130.48 MB used,  22450.94 MB free, 32581.43 MB total
[2026.06.21-00.08.43:059][  0]LogMemory: Virtual Memory: 134196304.00 MB used,  21420.56 MB free, 134217728.00 MB total
[2026.06.21-00.08.43:068][  0]LogWindows: WindowsPlatformFeatures enabled
[2026.06.21-00.08.43:207][  0]LogInit: Physics initialised using underlying interface: PhysX
[2026.06.21-00.08.43:211][  0]LogInit: Overriding language with editor language configuration option (en).
[2026.06.21-00.08.43:211][  0]LogInit: Overriding language with editor locale configuration option (en).
[2026.06.21-00.08.43:559][  0]LogInit: Setting process to per monitor DPI aware
[2026.06.21-00.08.43:669][  0]LogWindowsTextInputMethodSystem: Display: IME system deactivated.
[2026.06.21-00.08.43:698][  0]LogSlate: New Slate User Created.  User Index 0, Is Virtual User: 0
[2026.06.21-00.08.43:698][  0]LogSlate: Slate User Registered.  User Index 0, Is Virtual User: 0
[2026.06.21-00.08.44:150][  0]LogD3D11RHI: Loaded GFSDK_Aftermath_Lib.x64.dll
[2026.06.21-00.08.44:164][  0]LogHMD: Failed to initialize OpenVR with code 110
[2026.06.21-00.08.44:164][  0]LogD3D11RHI: D3D11 min allowed feature level: 11_0
[2026.06.21-00.08.44:164][  0]LogD3D11RHI: D3D11 max allowed feature level: 11_0
[2026.06.21-00.08.44:164][  0]LogD3D11RHI: D3D11 adapters:
[2026.06.21-00.08.44:472][  0]LogD3D11RHI:    0. 'NVIDIA GeForce RTX 3060 Ti' (Feature Level 11_0)
[2026.06.21-00.08.44:472][  0]LogD3D11RHI:       8024/0/16290 MB DedicatedVideo/DedicatedSystem/SharedSystem, Outputs:1, VendorId:0x10de
[2026.06.21-00.08.44:477][  0]LogD3D11RHI:    1. 'Microsoft Basic Render Driver' (Feature Level 11_0)
[2026.06.21-00.08.44:477][  0]LogD3D11RHI:       0/0/16290 MB DedicatedVideo/DedicatedSystem/SharedSystem, Outputs:0, VendorId:0x1414
[2026.06.21-00.08.44:477][  0]LogD3D11RHI: Chosen D3D11 Adapter:
[2026.06.21-00.08.44:477][  0]LogD3D11RHI:     Description : NVIDIA GeForce RTX 3060 Ti
[2026.06.21-00.08.44:477][  0]LogD3D11RHI:     VendorId    : 10de
[2026.06.21-00.08.44:477][  0]LogD3D11RHI:     DeviceId    : 2489
[2026.06.21-00.08.44:477][  0]LogD3D11RHI:     SubSysId    : 39031462
[2026.06.21-00.08.44:477][  0]LogD3D11RHI:     Revision    : 00a1
[2026.06.21-00.08.44:477][  0]LogD3D11RHI:     DedicatedVideoMemory : 8413773824 bytes
[2026.06.21-00.08.44:477][  0]LogD3D11RHI:     DedicatedSystemMemory : 0 bytes
[2026.06.21-00.08.44:477][  0]LogD3D11RHI:     SharedSystemMemory : 17082050560 bytes
[2026.06.21-00.08.44:477][  0]LogD3D11RHI:     AdapterLuid : 0 67446
[2026.06.21-00.08.44:486][  0]LogD3D11RHI: Creating new Direct3DDevice
[2026.06.21-00.08.44:486][  0]LogD3D11RHI:     GPU DeviceId: 0x2489 (for the marketing name, search the web for "GPU Device Id")
[2026.06.21-00.08.44:486][  0]LogWindows: EnumDisplayDevices:
[2026.06.21-00.08.44:486][  0]LogWindows:    0. 'NVIDIA GeForce RTX 3060 Ti' (P:1 D:1)
[2026.06.21-00.08.44:487][  0]LogWindows:    1. 'NVIDIA GeForce RTX 3060 Ti' (P:0 D:0)
[2026.06.21-00.08.44:487][  0]LogWindows:    2. 'NVIDIA GeForce RTX 3060 Ti' (P:0 D:0)
[2026.06.21-00.08.44:488][  0]LogWindows:    3. 'NVIDIA GeForce RTX 3060 Ti' (P:0 D:0)
[2026.06.21-00.08.44:488][  0]LogWindows: DebugString: FoundDriverCount:4 
[2026.06.21-00.08.44:488][  0]LogD3D11RHI:     Adapter Name: NVIDIA GeForce RTX 3060 Ti
[2026.06.21-00.08.44:488][  0]LogD3D11RHI:   Driver Version: 595.97 (internal:32.0.15.9597, unified:595.97)
[2026.06.21-00.08.44:488][  0]LogD3D11RHI:      Driver Date: 3-17-2026
[2026.06.21-00.08.44:488][  0]LogRHI: Texture pool is 5616 MB (70% of 8024 MB)
[2026.06.21-00.08.44:488][  0]LogD3D11RHI: Creating D3DDevice using adapter:
[2026.06.21-00.08.44:488][  0]LogD3D11RHI:     Description : NVIDIA GeForce RTX 3060 Ti
[2026.06.21-00.08.44:488][  0]LogD3D11RHI:     VendorId    : 10de
[2026.06.21-00.08.44:488][  0]LogD3D11RHI:     DeviceId    : 2489
[2026.06.21-00.08.44:488][  0]LogD3D11RHI:     SubSysId    : 39031462
[2026.06.21-00.08.44:488][  0]LogD3D11RHI:     Revision    : 00a1
[2026.06.21-00.08.44:489][  0]LogD3D11RHI:     DedicatedVideoMemory : 8413773824 bytes
[2026.06.21-00.08.44:489][  0]LogD3D11RHI:     DedicatedSystemMemory : 0 bytes
[2026.06.21-00.08.44:489][  0]LogD3D11RHI:     SharedSystemMemory : 17082050560 bytes
[2026.06.21-00.08.44:489][  0]LogD3D11RHI:     AdapterLuid : 0 67446
[2026.06.21-00.08.44:697][  0]LogD3D11RHI: RHI has support for 64 bit atomics
[2026.06.21-00.08.44:697][  0]LogD3D11RHI: Async texture creation enabled
[2026.06.21-00.08.44:697][  0]LogD3D11RHI: Array index from any shader is supported
[2026.06.21-00.08.44:701][  0]LogD3D11RHI: HDR output is supported on display 0 (NvId: 0x80061080).
[2026.06.21-00.08.44:740][  0]LogD3D11RHI: GPU Timing Frequency: 1000.000000 (Debug: 2 1)
[2026.06.21-00.08.44:803][  0]LogRHI: GeForceNow SDK initialized: 1
[2026.06.21-00.08.45:870][  0]LogTargetPlatformManager: Display: Loaded TargetPlatform 'AllDesktop'
[2026.06.21-00.08.45:919][  0]LogTargetPlatformManager: Display: Loaded TargetPlatform 'Android'
[2026.06.21-00.08.45:919][  0]LogTargetPlatformManager: Display: Loaded TargetPlatform 'Android_ASTC'
[2026.06.21-00.08.45:919][  0]LogTargetPlatformManager: Display: Loaded TargetPlatform 'Android_DXT'
[2026.06.21-00.08.45:919][  0]LogTargetPlatformManager: Display: Loaded TargetPlatform 'Android_ETC2'
[2026.06.21-00.08.45:919][  0]LogTargetPlatformManager: Display: Loaded TargetPlatform 'AndroidClient'
[2026.06.21-00.08.45:919][  0]LogTargetPlatformManager: Display: Loaded TargetPlatform 'Android_ASTCClient'
[2026.06.21-00.08.45:919][  0]LogTargetPlatformManager: Display: Loaded TargetPlatform 'Android_DXTClient'
[2026.06.21-00.08.45:919][  0]LogTargetPlatformManager: Display: Loaded TargetPlatform 'Android_ETC2Client'
[2026.06.21-00.08.45:919][  0]LogTargetPlatformManager: Display: Loaded TargetPlatform 'Android_Multi'
[2026.06.21-00.08.45:919][  0]LogTargetPlatformManager: Display: Loaded TargetPlatform 'Android_MultiClient'
[2026.06.21-00.08.45:968][  0]LogTargetPlatformManager: Display: Loaded TargetPlatform 'IOSClient'
[2026.06.21-00.08.45:968][  0]LogTargetPlatformManager: Display: Loaded TargetPlatform 'IOS'
[2026.06.21-00.08.45:985][  0]LogTargetPlatformManager: Display: Loaded TargetPlatform 'Linux'
[2026.06.21-00.08.45:997][  0]LogTargetPlatformManager: Display: Loaded TargetPlatform 'LinuxNoEditor'
[2026.06.21-00.08.46:010][  0]LogTargetPlatformManager: Display: Loaded TargetPlatform 'LinuxClient'
[2026.06.21-00.08.46:019][  0]LogTargetPlatformManager: Display: Loaded TargetPlatform 'LinuxServer'
[2026.06.21-00.08.46:036][  0]LogTargetPlatformManager: Display: Loaded TargetPlatform 'LinuxAArch64NoEditor'
[2026.06.21-00.08.46:047][  0]LogTargetPlatformManager: Display: Loaded TargetPlatform 'LinuxAArch64Client'
[2026.06.21-00.08.46:057][  0]LogTargetPlatformManager: Display: Loaded TargetPlatform 'LinuxAArch64Server'
[2026.06.21-00.08.46:088][  0]LogTargetPlatformManager: Display: Loaded TargetPlatform 'Lumin'
[2026.06.21-00.08.46:088][  0]LogTargetPlatformManager: Display: Loaded TargetPlatform 'LuminClient'
[2026.06.21-00.08.46:102][  0]LogTargetPlatformManager: Display: Loaded TargetPlatform 'MacNoEditor'
[2026.06.21-00.08.46:111][  0]LogTargetPlatformManager: Display: Loaded TargetPlatform 'Mac'
[2026.06.21-00.08.46:118][  0]LogTargetPlatformManager: Display: Loaded TargetPlatform 'MacClient'
[2026.06.21-00.08.46:126][  0]LogTargetPlatformManager: Display: Loaded TargetPlatform 'MacServer'
[2026.06.21-00.08.46:140][  0]LogTargetPlatformManager: Display: Loaded TargetPlatform 'TVOSClient'
[2026.06.21-00.08.46:140][  0]LogTargetPlatformManager: Display: Loaded TargetPlatform 'TVOS'
[2026.06.21-00.08.46:156][  0]LogTargetPlatformManager: Display: Loaded TargetPlatform 'WindowsNoEditor'
[2026.06.21-00.08.46:164][  0]LogTargetPlatformManager: Display: Loaded TargetPlatform 'Windows'
[2026.06.21-00.08.46:175][  0]LogTargetPlatformManager: Display: Loaded TargetPlatform 'WindowsClient'
[2026.06.21-00.08.46:182][  0]LogTargetPlatformManager: Display: Loaded TargetPlatform 'WindowsServer'
[2026.06.21-00.08.46:184][  0]LogTargetPlatformManager: Display: Building Assets For Windows
[2026.06.21-00.08.46:203][  0]LogAudioDebug: Display: Lib vorbis DLL was dynamically loaded.
[2026.06.21-00.08.46:284][  0]LogTextureFormatOodle: Display: Oodle Texture 2.9.0 init RDO Off
[2026.06.21-00.08.46:398][  0]LogRendererCore: Ray tracing is disabled. Reason: r.RayTracing=0.
[2026.06.21-00.08.46:398][  0]LogShaderCompilers: Guid format shader working directory is 1 characters bigger than the processId version (D:/LearnData/UnrealProject/UnrealLearn/ALSV4/Intermediate/Shaders/WorkingDirectory/13080/).
[2026.06.21-00.08.46:398][  0]LogShaderCompilers: Cleaned the shader compiler working directory 'C:/Users/23932/AppData/Local/Temp/UnrealShaderWorkingDir/6DC65FB444DC5F044C94A1A12BFE4069/'.
[2026.06.21-00.08.46:398][  0]LogXGEController: Cannot use XGE Controller as Incredibuild is not installed on this machine.
[2026.06.21-00.08.46:398][  0]LogShaderCompilers: Cannot use XGE Shader Compiler as Incredibuild is not installed on this machine.
[2026.06.21-00.08.46:398][  0]LogShaderCompilers: Display: Using Local Shader Compiler.
[2026.06.21-00.08.47:684][  0]LogDerivedDataCache: Display: Max Cache Size: 512 MB
[2026.06.21-00.08.47:779][  0]LogDerivedDataCache: Loaded boot cache 0.09s 94MB C:/Users/23932/AppData/Local/UnrealEngine/4.27/DerivedDataCache/Boot.ddc.
[2026.06.21-00.08.47:779][  0]LogDerivedDataCache: Display: Loaded Boot cache: C:/Users/23932/AppData/Local/UnrealEngine/4.27/DerivedDataCache/Boot.ddc
[2026.06.21-00.08.47:779][  0]LogDerivedDataCache: FDerivedDataBackendGraph:  Pak pak cache file D:/LearnData/UnrealProject/UnrealLearn/ALSV4/DerivedDataCache/DDC.ddp not found, will not use a pak cache.
[2026.06.21-00.08.47:779][  0]LogDerivedDataCache: Unable to find inner node Pak for hierarchical cache Hierarchy.
[2026.06.21-00.08.47:779][  0]LogDerivedDataCache: FDerivedDataBackendGraph:  CompressedPak pak cache file D:/LearnData/UnrealProject/UnrealLearn/ALSV4/DerivedDataCache/Compressed.ddp not found, will not use a pak cache.
[2026.06.21-00.08.47:779][  0]LogDerivedDataCache: Unable to find inner node CompressedPak for hierarchical cache Hierarchy.
[2026.06.21-00.08.47:804][  0]LogDerivedDataCache: Display: Pak cache opened for reading ../../../Engine/DerivedDataCache/Compressed.ddp.
[2026.06.21-00.08.47:804][  0]LogDerivedDataCache: FDerivedDataBackendGraph:  EnterprisePak pak cache file ../../../Enterprise/DerivedDataCache/Compressed.ddp not found, will not use a pak cache.
[2026.06.21-00.08.47:804][  0]LogDerivedDataCache: Unable to find inner node EnterprisePak for hierarchical cache Hierarchy.
[2026.06.21-00.08.47:826][  0]LogDerivedDataCache: Speed tests for C:/Users/23932/AppData/Local/UnrealEngine/Common/DerivedDataCache took 0.02 seconds
[2026.06.21-00.08.47:826][  0]LogDerivedDataCache: Display: Performance to C:/Users/23932/AppData/Local/UnrealEngine/Common/DerivedDataCache: Latency=0.29ms. RandomReadSpeed=132.81MBs, RandomWriteSpeed=79.97MBs. Assigned SpeedClass 'Local'
[2026.06.21-00.08.47:827][  0]LogDerivedDataCache: Using Local data cache path C:/Users/23932/AppData/Local/UnrealEngine/Common/DerivedDataCache: Writable
[2026.06.21-00.08.47:827][  0]LogDerivedDataCache: Shared data cache path not found in *engine.ini, will not use an Shared cache.
[2026.06.21-00.08.47:827][  0]LogDerivedDataCache: Unable to find inner node Shared for hierarchical cache Hierarchy.
[2026.06.21-00.08.47:887][  0]LogSlate: Using FreeType 2.10.0
[2026.06.21-00.08.47:891][  0]LogSlate: SlateFontServices - WITH_FREETYPE: 1, WITH_HARFBUZZ: 1
[2026.06.21-00.08.47:938][  0]LogAssetRegistry: FAssetRegistry took 0.0065 seconds to start up
[2026.06.21-00.08.48:284][  0]LogInit: Selected Device Profile: [Windows]
[2026.06.21-00.08.48:284][  0]LogInit: Active device profile: [000002359592CB00][000002358BE28680 49] Windows
[2026.06.21-00.08.48:285][  0]LogInit: Profiles: [000002359592CB00][000002358BE28680 49] Windows, [00000235958E6100][000002358BE2C7C0 49] WindowsNoEditor, [000002359592D900][000002358BE30900 49] WindowsServer, [00000235958E6E00][0000023594C5CA80 49] WindowsClient, [000002359592FC00][0000023594C60C00 49] IOS, [00000235958E4F00][0000023594C64D80 49] iPadAir, [000002359592FE00][0000023594C68F00 49] iPadAir2, [00000235958A8C00][0000023594C711C0 49] IPadPro, [00000235958A8D00][0000023594C6D200 49] iPadAir3, [00000235958E7B00][0000023594C75380 49] iPadAir4, [00000235958AB600][0000023594C79500 49] iPadMini2, [00000235958E7200][0000023594C7D680 49] iPadMini3, [00000235958AB800][0000023594C81800 49] iPadMini4, [00000235958E7800][0000023594C85980 49] iPadMini5, [00000235958B0600][0000023594C8C0C0 49] iPhone6, [00000235958B0700][0000023594C88100 49] iPodTouch6, [000002359592E900][0000023596FD83C0 49] iPhone7, [000002359592E800][0000023596FD4400 49] iPodTouch7, [00000235958B0100][0000023596FDC580 49] iPhone5S, [00000235958A8700][0000023596FE0700 49] iPhone6Plus, [00000235958B2500][0000023594C58840 49] iPhone6S, [00000235958A9300][0000023596FE4980 49] iPhone6SPlus, [00000235958B3B00][0000023596FE8AC0 49] iPhone7Plus, [00000235958AB500][0000023596FF0C40 49] iPhoneSE, [000002359592E600][0000023596FF4DC0 49] iPhone8, [00000235958A8600][0000023596FF8F40 49] iPhone8Plus, [000002359592E200][0000023596FFD0C0 49] iPhoneX, [00000235958AB300][0000023597001240 49] iPhoneXS, [000002359592F400][00000235970053C0 49] iPhoneXSMax, [00000235958AAD00][0000023597009540 49] iPhoneXR, [000002359592C200][000002359700D6C0 49] iPhone11, [00000235958A9E00][0000023597011840 49] iPhone11Pro, [000002359592EA00][00000235970159C0 49] iPhone11ProMax, [00000235958AB700][0000023597019B40 49] iPhoneSE2, [000002359592CD00][000002359701C140 49] iPhone12Mini, [00000235958A9F00][00000235970202C0 49] iPhone12, [000002359592C700][0000023597024440 49] iPhone12Pro, [00000235958A9400][00000235970285C0 49] iPhone12ProMax, [000002359592CC00][000002359702C740 49] iPadPro105, [00000235958A9700][00000235970308C0 49] iPadPro129, [000002359592C100][0000023596FECA00 49] iPadPro97, [00000235958ABC00][0000023597034B40 49] iPadPro2_129, [000002359592C800][0000023597038C80 49] iPad5, [00000235958AB100][000002359703CDC0 49] iPad6, [000002359592C500][0000023597044F40 49] iPad7, [00000235958AA800][00000235970490C0 49] iPad8, [000002359592D500][000002359704D240 49] iPadPro11, [00000235958A9500][00000235970513C0 49] iPadPro2_11, [000002359592CF00][0000023597055540 49] iPadPro3_129, [00000235958AAC00][00000235970596C0 49] iPadPro4_129, [000002359592E500][000002359705D840 49] AppleTV, [00000235958A9100][00000235970619C0 49] AppleTV4K, [000002359592C400][0000023597065B40 49] TVOS, [00000235958AA600][0000023597068140 49] Mac, [000002359592FD00][000002359706C2C0 49] MacClient, [00000235958A9800][0000023597070440 49] MacNoEditor, [000002359592F100][00000235970745C0 49] MacServer, [00000235958AB900][0000023597078740 49] Linux, [000002359592C900][00000235970848C0 49] LinuxAArch64, [00000235958ABF00][0000023597088A40 49] LinuxNoEditor, [000002359592DB00][0000023597040B80 49] LinuxAArch64NoEditor, [00000235958AB400][000002359708CCC0 49] LinuxClient, [000002359592DC00][0000023597090E00 49] LinuxAArch64Client, [00000235958A9D00][0000023597094F40 49] LinuxServer, [000002359592EF00][000002359709D0C0 49] LinuxAArch64Server, [00000235958A8500][000002359711D240 49] Android, [000002359592DE00][00000235971213C0 49] Android_Low, [00000235958AB000][0000023597125540 49] Android_Mid, [000002359592E400][00000235971296C0 49] Android_High, [00000235958A8800][000002359712D840 49] Android_Default, [000002359592F200][00000235971319C0 49] Android_Adreno4xx, [00000235958E6400][0000023597135B40 49] Android_Adreno5xx_Low, [00000235958B1C00][0000023597138140 49] Android_Adreno5xx, [00000235958E7D00][000002359713C2C0 49] Android_Adreno6xx, [00000235958B2B00][0000023597140440 49] Android_Adreno6xx_Vulkan, [00000235958E7E00][00000235971445C0 49] Android_Mali_T6xx, [00000235958B0F00][0000023597148740 49] Android_Mali_T7xx, [00000235958E5300][000002359714C8C0 49] Android_Mali_T8xx, [00000235958B1F00][0000023597150A40 49] Android_Mali_G71, [00000235958E5C00][0000023597154BC0 49] Android_Mali_G72, [00000235958B2400][0000023597158D40 49] Android_Mali_G72_Vulkan, [00000235958E7600][0000023597098E80 49] Android_Mali_G76, [00000235958B2100][000002359715CFC0 49] Android_Mali_G76_Vulkan, [00000235958E5B00][0000023597161100 49] Android_Mali_G77, [00000235958B0A00][0000023597169280 49] Android_Mali_G77_Vulkan, [00000235958E7400][000002359716D400 49] Android_Mali_G78, [00000235958B1300][0000023597171580 49] Android_Mali_G78_Vulkan, [00000235958E6900][0000023597175700 49] Android_Mali_G710, [00000235958B3D00][0000023597179880 49] Android_Mali_G710_Vulkan, [00000235958E5E00][000002359717DA00 49] Android_Vulkan_SM5, [00000235958B0900][0000023597181B80 49] Android_PowerVR_G6xxx, [00000235958E5F00][0000023597184180 49] Android_PowerVR_GT7xxx, [00000235958B2700][0000023597188300 49] Android_PowerVR_GE8xxx, [00000235958E6300][000002359718C480 49] Android_PowerVR_GM9xxx, [00000235958B3200][0000023597190600 49] Android_PowerVR_GM9xxx_Vulkan, [00000235958E7000][0000023597194780 49] Android_TegraK1, [00000235958B1700][0000023597198900 49] Android_Unknown_Vulkan, [00000235958E7700][000002359719CA80 49] Lumin, [00000235958B0200][00000235971A0C00 49] Lumin_Desktop, [00000235958E6200][00000235971F4D80 49] HoloLens, 
[2026.06.21-00.08.48:533][  0]LogMeshReduction: Using QuadricMeshReduction for automatic static mesh reduction
[2026.06.21-00.08.48:533][  0]LogMeshReduction: Using SimplygonMeshReduction for automatic skeletal mesh reduction
[2026.06.21-00.08.48:533][  0]LogMeshReduction: Using ProxyLODMeshReduction for automatic mesh merging
[2026.06.21-00.08.48:533][  0]LogMeshReduction: No distributed automatic mesh merging module available
[2026.06.21-00.08.48:534][  0]LogMeshMerging: No distributed automatic mesh merging module available
[2026.06.21-00.08.48:568][  0]LogNetVersion: ALSV4 1.0.0, NetCL: 17155196, EngineNetVer: 17, GameNetVer: 0 (Checksum: 1428757274)
[2026.06.21-00.08.49:261][  0]LogTexture: Default maximum texture size for cubemaps generated from long-lat sources has been changed from 512 to unlimited. In order to preserve old behaiour for '/Engine/MapTemplates/Sky/DaylightAmbientCubemap.DaylightAmbientCubemap', its maximum texture size has been explicitly set to 512.
[2026.06.21-00.08.49:344][  0]LogHMD: PokeAHoleMaterial loaded successfully
[2026.06.21-00.08.49:350][  0]LogUObjectArray: 17178 objects as part of root set at end of initial load.
[2026.06.21-00.08.49:350][  0]LogUObjectAllocator: 4302048 out of 0 bytes used by permanent object pool.
[2026.06.21-00.08.49:350][  0]LogUObjectArray: CloseDisregardForGC: 0/0 objects in disregard for GC pool
[2026.06.21-00.08.49:975][  0]LogNiagaraDebuggerClient: Niagara Debugger Client Initialized | Session: BB742D33426F3F8DD20DC99856214976 | Instance: F666633E4CE7A75BDE7CFDBE167CF198 (MIU-13080).
[2026.06.21-00.08.50:078][  0]LogPython: Using Python 3.7.7
[2026.06.21-00.08.50:877][  0]LogTcpMessaging: Initializing TcpMessaging bridge
[2026.06.21-00.08.50:887][  0]LogUdpMessaging: Initializing bridge on interface 0.0.0.0:0 to multicast group 230.0.0.1:6666.
[2026.06.21-00.08.51:496][  0]SourceControl: Source control is disabled
[2026.06.21-00.08.51:497][  0]SourceControl: Source control is disabled
[2026.06.21-00.08.51:642][  0]SourceControl: Source control is disabled
[2026.06.21-00.08.51:661][  0]SourceControl: Source control is disabled
[2026.06.21-00.08.51:730][  0]LogOpenImageDenoise: OIDN starting up
[2026.06.21-00.08.51:776][  0]SourceControl: Source control is disabled
[2026.06.21-00.08.51:790][  0]LogUProjectInfo: Found projects:
[2026.06.21-00.08.51:872][  0]LogAndroidPermission: UAndroidPermissionCallbackProxy::GetInstance
[2026.06.21-00.08.51:918][  0]LogAudioCaptureCore: Display: No Audio Capture implementations found. Audio input will be silent.
[2026.06.21-00.08.51:918][  0]LogAudioCaptureCore: Display: No Audio Capture implementations found. Audio input will be silent.
[2026.06.21-00.08.52:164][  0]LogCollectionManager: Loaded 0 collections in 0.002424 seconds
[2026.06.21-00.08.52:224][  0]LogFileCache: Scanning file cache for directory 'D:/LearnData/UnrealProject/UnrealLearn/ALSV4/Saved/Collections/' took 0.00s
[2026.06.21-00.08.52:224][  0]LogFileCache: Scanning file cache for directory 'D:/LearnData/UnrealProject/UnrealLearn/ALSV4/Content/Developers/23932/Collections/' took 0.00s
[2026.06.21-00.08.52:224][  0]LogFileCache: Scanning file cache for directory 'D:/LearnData/UnrealProject/UnrealLearn/ALSV4/Content/Collections/' took 0.00s
[2026.06.21-00.08.52:224][  0]LogOcInput: OculusInput pre-init called
[2026.06.21-00.08.52:620][  0]LogEngine: Initializing Engine...
[2026.06.21-00.08.52:629][  0]LogHMD: Failed to enumerate extensions. Please check that you have a valid OpenXR runtime installed.
[2026.06.21-00.08.52:629][  0]LogHMD: Failed to initialize OpenVR with code 110
[2026.06.21-00.08.52:630][  0]LogMagicLeap: Warning: VR disabled because ZI is not enabled.  To enable, in the editor, Edit -> Project Settings -> Plugins -> Magic Leap Plugin -> Enable Zero Iteration
[2026.06.21-00.08.52:632][  0]LogStats: UGameplayTagsManager::InitializeManager -  0.001 s
[2026.06.21-00.08.52:850][  0]LogInit: Initializing FReadOnlyCVARCache
[2026.06.21-00.08.52:883][  0]LogAIModule: Creating AISystem for world Untitled
[2026.06.21-00.08.52:884][  0]LogAudio: Display: Initializing Audio Device Manager...
[2026.06.21-00.08.52:890][  0]LogAudio: Display: Loading Default Audio Settings Objects...
[2026.06.21-00.08.52:892][  0]LogAudio: Display: No default SoundConcurrencyObject specified (or failed to load).
[2026.06.21-00.08.52:893][  0]LogAudio: Display: Audio Device Manager Initialized
[2026.06.21-00.08.52:893][  0]LogAudio: Display: Creating Audio Device:                 Id: 1, Scope: Shared, Realtime: True
[2026.06.21-00.08.52:893][  0]LogAudioMixer: Display: Audio Mixer Platform Settings:
[2026.06.21-00.08.52:893][  0]LogAudioMixer: Display: 	Sample Rate:						  48000
[2026.06.21-00.08.52:893][  0]LogAudioMixer: Display: 	Callback Buffer Frame Size Requested: 1024
[2026.06.21-00.08.52:893][  0]LogAudioMixer: Display: 	Callback Buffer Frame Size To Use:	  1024
[2026.06.21-00.08.52:893][  0]LogAudioMixer: Display: 	Number of buffers to queue:			  2
[2026.06.21-00.08.52:893][  0]LogAudioMixer: Display: 	Max Channels (voices):				  32
[2026.06.21-00.08.52:893][  0]LogAudioMixer: Display: 	Number of Async Source Workers:		  0
[2026.06.21-00.08.52:893][  0]LogAudio: Display: AudioDevice MaxSources: 32
[2026.06.21-00.08.52:894][  0]LogAudio: Display: Audio Spatialization Plugin: None (built-in).
[2026.06.21-00.08.52:894][  0]LogAudio: Display: Audio Reverb Plugin: None (built-in).
[2026.06.21-00.08.52:894][  0]LogAudio: Display: Audio Occlusion Plugin: None (built-in).
[2026.06.21-00.08.52:894][  0]LogAudioMixer: Display: Initializing audio mixer.
[2026.06.21-00.08.52:919][  0]LogAudioMixer: Display: 0: FrontLeft
[2026.06.21-00.08.52:919][  0]LogAudioMixer: Display: 1: FrontRight
[2026.06.21-00.08.52:940][  0]LogAudioMixer: Display: Using Audio Device 扬声器 (HECATE G1500)
[2026.06.21-00.08.52:943][  0]LogAudioMixer: Display: Initializing Sound Submixes...
[2026.06.21-00.08.52:948][  0]LogAudioMixer: Display: Creating Master Submix 'MasterSubmixDefault'
[2026.06.21-00.08.52:948][  0]LogAudioMixer: Display: Creating Master Submix 'MasterReverbSubmixDefault'
[2026.06.21-00.08.52:950][  0]LogAudioMixer: Display: Creating Master Submix 'MasterEQSubmixDefault'
[2026.06.21-00.08.52:950][  0]LogAudioMixer: FMixerPlatformXAudio2::StartAudioStream() called
[2026.06.21-00.08.52:950][  0]LogAudioMixer: Display: Output buffers initialized: Frames=1024, Channels=2, Samples=2048
[2026.06.21-00.08.52:951][  0]LogAudioMixer: Display: Starting AudioMixerPlatformInterface::RunInternal()
[2026.06.21-00.08.52:951][  0]LogAudioMixer: Display: FMixerPlatformXAudio2::SubmitBuffer() called for the first time
[2026.06.21-00.08.52:951][  0]LogInit: FAudioDevice initialized.
[2026.06.21-00.08.52:951][  0]LogAudio: Display: Audio Device (ID: 1) registered with world 'Untitled'.
[2026.06.21-00.08.52:951][  0]LogNetVersion: Set ProjectVersion to 1.0.0.0. Version Checksum will be recalculated on next use.
[2026.06.21-00.08.53:006][  0]LogDerivedDataCache: Saved boot cache 0.05s 94MB C:/Users/23932/AppData/Local/UnrealEngine/4.27/DerivedDataCache/Boot.ddc.
[2026.06.21-00.08.53:008][  0]LogInit: Texture streaming: Enabled
[2026.06.21-00.08.53:033][  0]LogAnalytics: Display: [UEEditor.Rocket.Release] APIServer = https://datarouter.ol.epicgames.com/. AppVersion = 4.27.2-18319896+++UE4+Release-4.27
[2026.06.21-00.08.53:039][  0]LogEngineSessionManager: EngineSessionManager initialized
[2026.06.21-00.08.53:039][  0]LogEditorSessionSummary: Verbose: Initializing EditorSessionSummaryWriter for editor session tracking
[2026.06.21-00.08.53:042][  0]LogEditorSessionSummary: EditorSessionSummaryWriter initialized
[2026.06.21-00.08.53:101][  0]LogInit: Transaction tracking system initialized
[2026.06.21-00.08.53:149][  0]BlueprintLog: New page: Editor Load
[2026.06.21-00.08.53:296][  0]LocalizationService: Localization service is disabled
[2026.06.21-00.08.53:394][  0]TimingProfiler: Initialize
[2026.06.21-00.08.53:396][  0]TimingProfiler: OnSessionChanged
[2026.06.21-00.08.53:396][  0]LoadingProfiler: Initialize
[2026.06.21-00.08.53:396][  0]LoadingProfiler: OnSessionChanged
[2026.06.21-00.08.53:396][  0]NetworkingProfiler: Initialize
[2026.06.21-00.08.53:397][  0]NetworkingProfiler: OnSessionChanged
[2026.06.21-00.08.53:397][  0]MemoryProfiler: Initialize
[2026.06.21-00.08.53:397][  0]MemoryProfiler: OnSessionChanged
[2026.06.21-00.08.53:691][  0]LogCook: Display: CookSettings for Memory: MemoryMaxUsedVirtual 0MiB, MemoryMaxUsedPhysical 16384MiB, MemoryMinFreeVirtual 0MiB, MemoryMinFreePhysical 1024MiB
[2026.06.21-00.08.53:691][  0]LogCook: Display: Mobile HDR setting 1
[2026.06.21-00.08.54:142][  0]LogFileCache: Scanning file cache for directory 'D:/LearnData/UnrealProject/UnrealLearn/ALSV4/Content/' took 0.01s
[2026.06.21-00.08.54:394][  0]LogInit: Display: Engine is initialized. Leaving FEngineLoop::Init()
[2026.06.21-00.08.54:404][  0]SourceControl: Source control is disabled
[2026.06.21-00.08.54:404][  0]LogUnrealEdMisc: Loading editor; pre map load, took 15.641
[2026.06.21-00.08.54:404][  0]Cmd: MAP LOAD FILE="D:/LearnData/UnrealProject/UnrealLearn/ALSV4/Content/ThirdPersonBP/Maps/ThirdPersonExampleMap.umap" TEMPLATE=0 SHOWPROGRESS=1 FEATURELEVEL=3
[2026.06.21-00.08.54:405][  0]LightingResults: New page: Lighting Build
[2026.06.21-00.08.54:408][  0]LogWorld: UWorld::CleanupWorld for Untitled, bSessionEnded=true, bCleanupResources=true
[2026.06.21-00.08.54:408][  0]LogSlate: InvalidateAllWidgets triggered.  All widgets were invalidated
[2026.06.21-00.08.54:408][  0]MapCheck: New page: Map Check
[2026.06.21-00.08.54:410][  0]LightingResults: New page: Lighting Build
[2026.06.21-00.08.54:417][  0]LogAudio: Display: Audio Device unregistered from world 'None'.
[2026.06.21-00.08.54:422][  0]LogUObjectHash: Compacting FUObjectHashTables data took   1.03ms
[2026.06.21-00.08.55:142][  0]LogLinker: Warning: [AssetLog] D:\LearnData\UnrealProject\UnrealLearn\ALSV4\Content\AdvancedLocomotionV4\Data\DataTables\MovementModelTable.uasset: Failed to load '/Game/AdvancedLocomotionV4/Data/Curves/CharacterMovementCurves/NormalRotation': Can't find file.
[2026.06.21-00.08.55:142][  0]LogLinker: Warning: [AssetLog] D:\LearnData\UnrealProject\UnrealLearn\ALSV4\Content\AdvancedLocomotionV4\Data\DataTables\MovementModelTable.uasset: Failed to load '/Game/AdvancedLocomotionV4/Data/Curves/CharacterMovementCurves/NormalRotation': Can't find file.
[2026.06.21-00.08.55:142][  0]LogLinker: Warning: [AssetLog] D:\LearnData\UnrealProject\UnrealLearn\ALSV4\Content\AdvancedLocomotionV4\Data\DataTables\MovementModelTable.uasset: Failed to load '/Game/AdvancedLocomotionV4/Data/Curves/CharacterMovementCurves/ResponsiveRotation': Can't find file.
[2026.06.21-00.08.55:142][  0]LogLinker: Warning: [AssetLog] D:\LearnData\UnrealProject\UnrealLearn\ALSV4\Content\AdvancedLocomotionV4\Data\DataTables\MovementModelTable.uasset: Failed to load '/Game/AdvancedLocomotionV4/Data/Curves/CharacterMovementCurves/ResponsiveRotation': Can't find file.
[2026.06.21-00.08.55:142][  0]LogLinker: Warning: [AssetLog] D:\LearnData\UnrealProject\UnrealLearn\ALSV4\Content\AdvancedLocomotionV4\Data\DataTables\MovementModelTable.uasset: Failed to load '/Game/AdvancedLocomotionV4/Data/Curves/CharacterMovementCurves/SluggishRotation': Can't find file.
[2026.06.21-00.08.55:142][  0]LogLinker: Warning: [AssetLog] D:\LearnData\UnrealProject\UnrealLearn\ALSV4\Content\AdvancedLocomotionV4\Data\DataTables\MovementModelTable.uasset: Failed to load '/Game/AdvancedLocomotionV4/Data/Curves/CharacterMovementCurves/SluggishRotation': Can't find file.
[2026.06.21-00.08.55:142][  0]LogLinker: Warning: [AssetLog] D:\LearnData\UnrealProject\UnrealLearn\ALSV4\Content\AdvancedLocomotionV4\Data\DataTables\MovementModelTable.uasset: Failed to load '/Game/AdvancedLocomotionV4/Data/Curves/CharacterMovementCurves/NormalMovement': Can't find file.
[2026.06.21-00.08.55:142][  0]LogLinker: Warning: [AssetLog] D:\LearnData\UnrealProject\UnrealLearn\ALSV4\Content\AdvancedLocomotionV4\Data\DataTables\MovementModelTable.uasset: Failed to load '/Game/AdvancedLocomotionV4/Data/Curves/CharacterMovementCurves/NormalMovement': Can't find file.
[2026.06.21-00.08.55:143][  0]LogLinker: Warning: [AssetLog] D:\LearnData\UnrealProject\UnrealLearn\ALSV4\Content\AdvancedLocomotionV4\Data\DataTables\MovementModelTable.uasset: Failed to load '/Game/AdvancedLocomotionV4/Data/Curves/CharacterMovementCurves/ResponsiveMovement': Can't find file.
[2026.06.21-00.08.55:143][  0]LogLinker: Warning: [AssetLog] D:\LearnData\UnrealProject\UnrealLearn\ALSV4\Content\AdvancedLocomotionV4\Data\DataTables\MovementModelTable.uasset: Failed to load '/Game/AdvancedLocomotionV4/Data/Curves/CharacterMovementCurves/ResponsiveMovement': Can't find file.
[2026.06.21-00.08.55:143][  0]LogLinker: Warning: [AssetLog] D:\LearnData\UnrealProject\UnrealLearn\ALSV4\Content\AdvancedLocomotionV4\Data\DataTables\MovementModelTable.uasset: Failed to load '/Game/AdvancedLocomotionV4/Data/Curves/CharacterMovementCurves/SluggishMovement': Can't find file.
[2026.06.21-00.08.55:143][  0]LogLinker: Warning: [AssetLog] D:\LearnData\UnrealProject\UnrealLearn\ALSV4\Content\AdvancedLocomotionV4\Data\DataTables\MovementModelTable.uasset: Failed to load '/Game/AdvancedLocomotionV4/Data/Curves/CharacterMovementCurves/SluggishMovement': Can't find file.
[2026.06.21-00.08.55:143][  0]LogLinker: Warning: [AssetLog] D:\LearnData\UnrealProject\UnrealLearn\ALSV4\Content\AdvancedLocomotionV4\Data\DataTables\MovementModelTable.uasset: Failed to load '/Game/AdvancedLocomotionV4/Data/Curves/CharacterMovementCurves/NormalMovement': Can't find file.
[2026.06.21-00.08.55:143][  0]LogLinker: Warning: [AssetLog] D:\LearnData\UnrealProject\UnrealLearn\ALSV4\Content\AdvancedLocomotionV4\Data\DataTables\MovementModelTable.uasset: Failed to load '/Game/AdvancedLocomotionV4/Data/Curves/CharacterMovementCurves/NormalRotation': Can't find file.
[2026.06.21-00.08.55:143][  0]LogLinker: Warning: [AssetLog] D:\LearnData\UnrealProject\UnrealLearn\ALSV4\Content\AdvancedLocomotionV4\Data\DataTables\MovementModelTable.uasset: Failed to load '/Game/AdvancedLocomotionV4/Data/Curves/CharacterMovementCurves/ResponsiveMovement': Can't find file.
[2026.06.21-00.08.55:144][  0]LogLinker: Warning: [AssetLog] D:\LearnData\UnrealProject\UnrealLearn\ALSV4\Content\AdvancedLocomotionV4\Data\DataTables\MovementModelTable.uasset: Failed to load '/Game/AdvancedLocomotionV4/Data/Curves/CharacterMovementCurves/ResponsiveRotation': Can't find file.
[2026.06.21-00.08.55:144][  0]LogLinker: Warning: [AssetLog] D:\LearnData\UnrealProject\UnrealLearn\ALSV4\Content\AdvancedLocomotionV4\Data\DataTables\MovementModelTable.uasset: Failed to load '/Game/AdvancedLocomotionV4/Data/Curves/CharacterMovementCurves/SluggishMovement': Can't find file.
[2026.06.21-00.08.55:144][  0]LogLinker: Warning: [AssetLog] D:\LearnData\UnrealProject\UnrealLearn\ALSV4\Content\AdvancedLocomotionV4\Data\DataTables\MovementModelTable.uasset: Failed to load '/Game/AdvancedLocomotionV4/Data/Curves/CharacterMovementCurves/SluggishRotation': Can't find file.
[2026.06.21-00.08.55:723][  0]LogLinker: Warning: [AssetLog] D:\LearnData\UnrealProject\UnrealLearn\ALSV4\Content\AdvancedLocomotionV4\Data\DataTables\MovementModelTable.uasset: Failed to load '/Game/AdvancedLocomotionV4/Data/Curves/CharacterMovementCurves/NormalMovement': Can't find file.
[2026.06.21-00.08.55:723][  0]LoadErrors: Failed to load /Game/AdvancedLocomotionV4/Data/Curves/CharacterMovementCurves/NormalMovement.NormalMovement Referenced by MovementModelTable
[2026.06.21-00.08.55:723][  0]LogLinker: Warning: [AssetLog] D:\LearnData\UnrealProject\UnrealLearn\ALSV4\Content\AdvancedLocomotionV4\Data\DataTables\MovementModelTable.uasset: Failed to load '/Game/AdvancedLocomotionV4/Data/Curves/CharacterMovementCurves/ResponsiveRotation': Can't find file.
[2026.06.21-00.08.55:723][  0]LoadErrors: Failed to load /Game/AdvancedLocomotionV4/Data/Curves/CharacterMovementCurves/ResponsiveRotation.ResponsiveRotation Referenced by MovementModelTable
[2026.06.21-00.08.55:723][  0]LogLinker: Warning: [AssetLog] D:\LearnData\UnrealProject\UnrealLearn\ALSV4\Content\AdvancedLocomotionV4\Data\DataTables\MovementModelTable.uasset: Failed to load '/Game/AdvancedLocomotionV4/Data/Curves/CharacterMovementCurves/ResponsiveMovement': Can't find file.
[2026.06.21-00.08.55:723][  0]LoadErrors: Failed to load /Game/AdvancedLocomotionV4/Data/Curves/CharacterMovementCurves/ResponsiveMovement.ResponsiveMovement Referenced by MovementModelTable
[2026.06.21-00.08.55:723][  0]LogLinker: Warning: [AssetLog] D:\LearnData\UnrealProject\UnrealLearn\ALSV4\Content\AdvancedLocomotionV4\Data\DataTables\MovementModelTable.uasset: Failed to load '/Game/AdvancedLocomotionV4/Data/Curves/CharacterMovementCurves/NormalRotation': Can't find file.
[2026.06.21-00.08.55:723][  0]LoadErrors: Failed to load /Game/AdvancedLocomotionV4/Data/Curves/CharacterMovementCurves/NormalRotation.NormalRotation Referenced by MovementModelTable
[2026.06.21-00.08.55:724][  0]LogLinker: Warning: [AssetLog] D:\LearnData\UnrealProject\UnrealLearn\ALSV4\Content\AdvancedLocomotionV4\Data\DataTables\MovementModelTable.uasset: Failed to load '/Game/AdvancedLocomotionV4/Data/Curves/CharacterMovementCurves/NormalMovement': Can't find file.
[2026.06.21-00.08.55:724][  0]LoadErrors: Failed to load /Game/AdvancedLocomotionV4/Data/Curves/CharacterMovementCurves/NormalMovement.NormalMovement Referenced by MovementModelTable
[2026.06.21-00.08.55:724][  0]LogLinker: Warning: [AssetLog] D:\LearnData\UnrealProject\UnrealLearn\ALSV4\Content\AdvancedLocomotionV4\Data\DataTables\MovementModelTable.uasset: Failed to load '/Game/AdvancedLocomotionV4/Data/Curves/CharacterMovementCurves/NormalRotation': Can't find file.
[2026.06.21-00.08.55:724][  0]LoadErrors: Failed to load /Game/AdvancedLocomotionV4/Data/Curves/CharacterMovementCurves/NormalRotation.NormalRotation Referenced by MovementModelTable
[2026.06.21-00.08.55:724][  0]LogLinker: Warning: [AssetLog] D:\LearnData\UnrealProject\UnrealLearn\ALSV4\Content\AdvancedLocomotionV4\Data\DataTables\MovementModelTable.uasset: Failed to load '/Game/AdvancedLocomotionV4/Data/Curves/CharacterMovementCurves/ResponsiveMovement': Can't find file.
[2026.06.21-00.08.55:724][  0]LoadErrors: Failed to load /Game/AdvancedLocomotionV4/Data/Curves/CharacterMovementCurves/ResponsiveMovement.ResponsiveMovement Referenced by MovementModelTable
[2026.06.21-00.08.55:724][  0]LogLinker: Warning: [AssetLog] D:\LearnData\UnrealProject\UnrealLearn\ALSV4\Content\AdvancedLocomotionV4\Data\DataTables\MovementModelTable.uasset: Failed to load '/Game/AdvancedLocomotionV4/Data/Curves/CharacterMovementCurves/NormalRotation': Can't find file.
[2026.06.21-00.08.55:724][  0]LoadErrors: Failed to load /Game/AdvancedLocomotionV4/Data/Curves/CharacterMovementCurves/NormalRotation.NormalRotation Referenced by MovementModelTable
[2026.06.21-00.08.55:724][  0]LogLinker: Warning: [AssetLog] D:\LearnData\UnrealProject\UnrealLearn\ALSV4\Content\AdvancedLocomotionV4\Data\DataTables\MovementModelTable.uasset: Failed to load '/Game/AdvancedLocomotionV4/Data/Curves/CharacterMovementCurves/NormalMovement': Can't find file.
[2026.06.21-00.08.55:724][  0]LoadErrors: Failed to load /Game/AdvancedLocomotionV4/Data/Curves/CharacterMovementCurves/NormalMovement.NormalMovement Referenced by MovementModelTable
[2026.06.21-00.08.55:725][  0]LogLinker: Warning: [AssetLog] D:\LearnData\UnrealProject\UnrealLearn\ALSV4\Content\AdvancedLocomotionV4\Data\DataTables\MovementModelTable.uasset: Failed to load '/Game/AdvancedLocomotionV4/Data/Curves/CharacterMovementCurves/NormalRotation': Can't find file.
[2026.06.21-00.08.55:725][  0]LoadErrors: Failed to load /Game/AdvancedLocomotionV4/Data/Curves/CharacterMovementCurves/NormalRotation.NormalRotation Referenced by MovementModelTable
[2026.06.21-00.08.55:725][  0]LogLinker: Warning: [AssetLog] D:\LearnData\UnrealProject\UnrealLearn\ALSV4\Content\AdvancedLocomotionV4\Data\DataTables\MovementModelTable.uasset: Failed to load '/Game/AdvancedLocomotionV4/Data/Curves/CharacterMovementCurves/ResponsiveMovement': Can't find file.
[2026.06.21-00.08.55:725][  0]LoadErrors: Failed to load /Game/AdvancedLocomotionV4/Data/Curves/CharacterMovementCurves/ResponsiveMovement.ResponsiveMovement Referenced by MovementModelTable
[2026.06.21-00.08.55:725][  0]LogLinker: Warning: [AssetLog] D:\LearnData\UnrealProject\UnrealLearn\ALSV4\Content\AdvancedLocomotionV4\Data\DataTables\MovementModelTable.uasset: Failed to load '/Game/AdvancedLocomotionV4/Data/Curves/CharacterMovementCurves/NormalRotation': Can't find file.
[2026.06.21-00.08.55:725][  0]LoadErrors: Failed to load /Game/AdvancedLocomotionV4/Data/Curves/CharacterMovementCurves/NormalRotation.NormalRotation Referenced by MovementModelTable
[2026.06.21-00.08.55:725][  0]LogLinker: Warning: [AssetLog] D:\LearnData\UnrealProject\UnrealLearn\ALSV4\Content\AdvancedLocomotionV4\Data\DataTables\MovementModelTable.uasset: Failed to load '/Game/AdvancedLocomotionV4/Data/Curves/CharacterMovementCurves/ResponsiveMovement': Can't find file.
[2026.06.21-00.08.55:725][  0]LoadErrors: Failed to load /Game/AdvancedLocomotionV4/Data/Curves/CharacterMovementCurves/ResponsiveMovement.ResponsiveMovement Referenced by MovementModelTable
[2026.06.21-00.08.55:725][  0]LogLinker: Warning: [AssetLog] D:\LearnData\UnrealProject\UnrealLearn\ALSV4\Content\AdvancedLocomotionV4\Data\DataTables\MovementModelTable.uasset: Failed to load '/Game/AdvancedLocomotionV4/Data/Curves/CharacterMovementCurves/ResponsiveRotation': Can't find file.
[2026.06.21-00.08.55:725][  0]LoadErrors: Failed to load /Game/AdvancedLocomotionV4/Data/Curves/CharacterMovementCurves/ResponsiveRotation.ResponsiveRotation Referenced by MovementModelTable
[2026.06.21-00.08.55:726][  0]LogLinker: Warning: [AssetLog] D:\LearnData\UnrealProject\UnrealLearn\ALSV4\Content\AdvancedLocomotionV4\Data\DataTables\MovementModelTable.uasset: Failed to load '/Game/AdvancedLocomotionV4/Data/Curves/CharacterMovementCurves/ResponsiveMovement': Can't find file.
[2026.06.21-00.08.55:726][  0]LoadErrors: Failed to load /Game/AdvancedLocomotionV4/Data/Curves/CharacterMovementCurves/ResponsiveMovement.ResponsiveMovement Referenced by MovementModelTable
[2026.06.21-00.08.55:726][  0]LogLinker: Warning: [AssetLog] D:\LearnData\UnrealProject\UnrealLearn\ALSV4\Content\AdvancedLocomotionV4\Data\DataTables\MovementModelTable.uasset: Failed to load '/Game/AdvancedLocomotionV4/Data/Curves/CharacterMovementCurves/ResponsiveRotation': Can't find file.
[2026.06.21-00.08.55:726][  0]LoadErrors: Failed to load /Game/AdvancedLocomotionV4/Data/Curves/CharacterMovementCurves/ResponsiveRotation.ResponsiveRotation Referenced by MovementModelTable
[2026.06.21-00.08.55:726][  0]LogLinker: Warning: [AssetLog] D:\LearnData\UnrealProject\UnrealLearn\ALSV4\Content\AdvancedLocomotionV4\Data\DataTables\MovementModelTable.uasset: Failed to load '/Game/AdvancedLocomotionV4/Data/Curves/CharacterMovementCurves/ResponsiveMovement': Can't find file.
[2026.06.21-00.08.55:726][  0]LoadErrors: Failed to load /Game/AdvancedLocomotionV4/Data/Curves/CharacterMovementCurves/ResponsiveMovement.ResponsiveMovement Referenced by MovementModelTable
[2026.06.21-00.08.55:726][  0]LogLinker: Warning: [AssetLog] D:\LearnData\UnrealProject\UnrealLearn\ALSV4\Content\AdvancedLocomotionV4\Data\DataTables\MovementModelTable.uasset: Failed to load '/Game/AdvancedLocomotionV4/Data/Curves/CharacterMovementCurves/ResponsiveRotation': Can't find file.
[2026.06.21-00.08.55:726][  0]LoadErrors: Failed to load /Game/AdvancedLocomotionV4/Data/Curves/CharacterMovementCurves/ResponsiveRotation.ResponsiveRotation Referenced by MovementModelTable
[2026.06.21-00.08.55:727][  0]LogLinker: Warning: [AssetLog] D:\LearnData\UnrealProject\UnrealLearn\ALSV4\Content\AdvancedLocomotionV4\Data\DataTables\MovementModelTable.uasset: Failed to load '/Game/AdvancedLocomotionV4/Data/Curves/CharacterMovementCurves/ResponsiveMovement': Can't find file.
[2026.06.21-00.08.55:727][  0]LoadErrors: Failed to load /Game/AdvancedLocomotionV4/Data/Curves/CharacterMovementCurves/ResponsiveMovement.ResponsiveMovement Referenced by MovementModelTable
[2026.06.21-00.08.55:727][  0]LogLinker: Warning: [AssetLog] D:\LearnData\UnrealProject\UnrealLearn\ALSV4\Content\AdvancedLocomotionV4\Data\DataTables\MovementModelTable.uasset: Failed to load '/Game/AdvancedLocomotionV4/Data/Curves/CharacterMovementCurves/ResponsiveRotation': Can't find file.
[2026.06.21-00.08.55:727][  0]LoadErrors: Failed to load /Game/AdvancedLocomotionV4/Data/Curves/CharacterMovementCurves/ResponsiveRotation.ResponsiveRotation Referenced by MovementModelTable
[2026.06.21-00.08.55:727][  0]LogLinker: Warning: [AssetLog] D:\LearnData\UnrealProject\UnrealLearn\ALSV4\Content\AdvancedLocomotionV4\Data\DataTables\MovementModelTable.uasset: Failed to load '/Game/AdvancedLocomotionV4/Data/Curves/CharacterMovementCurves/ResponsiveMovement': Can't find file.
[2026.06.21-00.08.55:727][  0]LoadErrors: Failed to load /Game/AdvancedLocomotionV4/Data/Curves/CharacterMovementCurves/ResponsiveMovement.ResponsiveMovement Referenced by MovementModelTable
[2026.06.21-00.08.55:727][  0]LogLinker: Warning: [AssetLog] D:\LearnData\UnrealProject\UnrealLearn\ALSV4\Content\AdvancedLocomotionV4\Data\DataTables\MovementModelTable.uasset: Failed to load '/Game/AdvancedLocomotionV4/Data/Curves/CharacterMovementCurves/ResponsiveRotation': Can't find file.
[2026.06.21-00.08.55:727][  0]LoadErrors: Failed to load /Game/AdvancedLocomotionV4/Data/Curves/CharacterMovementCurves/ResponsiveRotation.ResponsiveRotation Referenced by MovementModelTable
[2026.06.21-00.08.55:727][  0]LogLinker: Warning: [AssetLog] D:\LearnData\UnrealProject\UnrealLearn\ALSV4\Content\AdvancedLocomotionV4\Data\DataTables\MovementModelTable.uasset: Failed to load '/Game/AdvancedLocomotionV4/Data/Curves/CharacterMovementCurves/ResponsiveMovement': Can't find file.
[2026.06.21-00.08.55:727][  0]LoadErrors: Failed to load /Game/AdvancedLocomotionV4/Data/Curves/CharacterMovementCurves/ResponsiveMovement.ResponsiveMovement Referenced by MovementModelTable
[2026.06.21-00.08.55:727][  0]LogLinker: Warning: [AssetLog] D:\LearnData\UnrealProject\UnrealLearn\ALSV4\Content\AdvancedLocomotionV4\Data\DataTables\MovementModelTable.uasset: Failed to load '/Game/AdvancedLocomotionV4/Data/Curves/CharacterMovementCurves/ResponsiveRotation': Can't find file.
[2026.06.21-00.08.55:727][  0]LoadErrors: Failed to load /Game/AdvancedLocomotionV4/Data/Curves/CharacterMovementCurves/ResponsiveRotation.ResponsiveRotation Referenced by MovementModelTable
[2026.06.21-00.08.55:727][  0]LogLinker: Warning: [AssetLog] D:\LearnData\UnrealProject\UnrealLearn\ALSV4\Content\AdvancedLocomotionV4\Data\DataTables\MovementModelTable.uasset: Failed to load '/Game/AdvancedLocomotionV4/Data/Curves/CharacterMovementCurves/SluggishMovement': Can't find file.
[2026.06.21-00.08.55:727][  0]LoadErrors: Failed to load /Game/AdvancedLocomotionV4/Data/Curves/CharacterMovementCurves/SluggishMovement.SluggishMovement Referenced by MovementModelTable
[2026.06.21-00.08.55:728][  0]LogLinker: Warning: [AssetLog] D:\LearnData\UnrealProject\UnrealLearn\ALSV4\Content\AdvancedLocomotionV4\Data\DataTables\MovementModelTable.uasset: Failed to load '/Game/AdvancedLocomotionV4/Data/Curves/CharacterMovementCurves/SluggishRotation': Can't find file.
[2026.06.21-00.08.55:728][  0]LoadErrors: Failed to load /Game/AdvancedLocomotionV4/Data/Curves/CharacterMovementCurves/SluggishRotation.SluggishRotation Referenced by MovementModelTable
[2026.06.21-00.08.55:728][  0]LogLinker: Warning: [AssetLog] D:\LearnData\UnrealProject\UnrealLearn\ALSV4\Content\AdvancedLocomotionV4\Data\DataTables\MovementModelTable.uasset: Failed to load '/Game/AdvancedLocomotionV4/Data/Curves/CharacterMovementCurves/SluggishMovement': Can't find file.
[2026.06.21-00.08.55:728][  0]LoadErrors: Failed to load /Game/AdvancedLocomotionV4/Data/Curves/CharacterMovementCurves/SluggishMovement.SluggishMovement Referenced by MovementModelTable
[2026.06.21-00.08.55:728][  0]LogLinker: Warning: [AssetLog] D:\LearnData\UnrealProject\UnrealLearn\ALSV4\Content\AdvancedLocomotionV4\Data\DataTables\MovementModelTable.uasset: Failed to load '/Game/AdvancedLocomotionV4/Data/Curves/CharacterMovementCurves/SluggishRotation': Can't find file.
[2026.06.21-00.08.55:728][  0]LoadErrors: Failed to load /Game/AdvancedLocomotionV4/Data/Curves/CharacterMovementCurves/SluggishRotation.SluggishRotation Referenced by MovementModelTable
[2026.06.21-00.08.55:728][  0]LogLinker: Warning: [AssetLog] D:\LearnData\UnrealProject\UnrealLearn\ALSV4\Content\AdvancedLocomotionV4\Data\DataTables\MovementModelTable.uasset: Failed to load '/Game/AdvancedLocomotionV4/Data/Curves/CharacterMovementCurves/SluggishMovement': Can't find file.
[2026.06.21-00.08.55:728][  0]LoadErrors: Failed to load /Game/AdvancedLocomotionV4/Data/Curves/CharacterMovementCurves/SluggishMovement.SluggishMovement Referenced by MovementModelTable
[2026.06.21-00.08.55:728][  0]LogLinker: Warning: [AssetLog] D:\LearnData\UnrealProject\UnrealLearn\ALSV4\Content\AdvancedLocomotionV4\Data\DataTables\MovementModelTable.uasset: Failed to load '/Game/AdvancedLocomotionV4/Data/Curves/CharacterMovementCurves/SluggishRotation': Can't find file.
[2026.06.21-00.08.55:728][  0]LoadErrors: Failed to load /Game/AdvancedLocomotionV4/Data/Curves/CharacterMovementCurves/SluggishRotation.SluggishRotation Referenced by MovementModelTable
[2026.06.21-00.08.55:728][  0]LogLinker: Warning: [AssetLog] D:\LearnData\UnrealProject\UnrealLearn\ALSV4\Content\AdvancedLocomotionV4\Data\DataTables\MovementModelTable.uasset: Failed to load '/Game/AdvancedLocomotionV4/Data/Curves/CharacterMovementCurves/SluggishMovement': Can't find file.
[2026.06.21-00.08.55:728][  0]LoadErrors: Failed to load /Game/AdvancedLocomotionV4/Data/Curves/CharacterMovementCurves/SluggishMovement.SluggishMovement Referenced by MovementModelTable
[2026.06.21-00.08.55:728][  0]LogLinker: Warning: [AssetLog] D:\LearnData\UnrealProject\UnrealLearn\ALSV4\Content\AdvancedLocomotionV4\Data\DataTables\MovementModelTable.uasset: Failed to load '/Game/AdvancedLocomotionV4/Data/Curves/CharacterMovementCurves/SluggishRotation': Can't find file.
[2026.06.21-00.08.55:728][  0]LoadErrors: Failed to load /Game/AdvancedLocomotionV4/Data/Curves/CharacterMovementCurves/SluggishRotation.SluggishRotation Referenced by MovementModelTable
[2026.06.21-00.08.55:729][  0]LogLinker: Warning: [AssetLog] D:\LearnData\UnrealProject\UnrealLearn\ALSV4\Content\AdvancedLocomotionV4\Data\DataTables\MovementModelTable.uasset: Failed to load '/Game/AdvancedLocomotionV4/Data/Curves/CharacterMovementCurves/SluggishMovement': Can't find file.
[2026.06.21-00.08.55:729][  0]LoadErrors: Failed to load /Game/AdvancedLocomotionV4/Data/Curves/CharacterMovementCurves/SluggishMovement.SluggishMovement Referenced by MovementModelTable
[2026.06.21-00.08.55:729][  0]LogLinker: Warning: [AssetLog] D:\LearnData\UnrealProject\UnrealLearn\ALSV4\Content\AdvancedLocomotionV4\Data\DataTables\MovementModelTable.uasset: Failed to load '/Game/AdvancedLocomotionV4/Data/Curves/CharacterMovementCurves/SluggishRotation': Can't find file.
[2026.06.21-00.08.55:729][  0]LoadErrors: Failed to load /Game/AdvancedLocomotionV4/Data/Curves/CharacterMovementCurves/SluggishRotation.SluggishRotation Referenced by MovementModelTable
[2026.06.21-00.08.55:729][  0]LogLinker: Warning: [AssetLog] D:\LearnData\UnrealProject\UnrealLearn\ALSV4\Content\AdvancedLocomotionV4\Data\DataTables\MovementModelTable.uasset: Failed to load '/Game/AdvancedLocomotionV4/Data/Curves/CharacterMovementCurves/SluggishMovement': Can't find file.
[2026.06.21-00.08.55:729][  0]LoadErrors: Failed to load /Game/AdvancedLocomotionV4/Data/Curves/CharacterMovementCurves/SluggishMovement.SluggishMovement Referenced by MovementModelTable
[2026.06.21-00.08.55:729][  0]LogLinker: Warning: [AssetLog] D:\LearnData\UnrealProject\UnrealLearn\ALSV4\Content\AdvancedLocomotionV4\Data\DataTables\MovementModelTable.uasset: Failed to load '/Game/AdvancedLocomotionV4/Data/Curves/CharacterMovementCurves/SluggishRotation': Can't find file.
[2026.06.21-00.08.55:729][  0]LoadErrors: Failed to load /Game/AdvancedLocomotionV4/Data/Curves/CharacterMovementCurves/SluggishRotation.SluggishRotation Referenced by MovementModelTable
[2026.06.21-00.08.56:106][  0]LogAudio: Display: Audio Device (ID: 1) registered with world 'ThirdPersonExampleMap'.
[2026.06.21-00.08.56:107][  0]LogAIModule: Creating AISystem for world ThirdPersonExampleMap
[2026.06.21-00.08.56:120][  0]LogEditorServer: Finished looking for orphan Actors (0.000 secs)
[2026.06.21-00.08.56:132][  0]LogUObjectHash: Compacting FUObjectHashTables data took   0.97ms
[2026.06.21-00.08.56:132][  0]Cmd: MAP CHECKDEP NOCLEARLOG
[2026.06.21-00.08.56:132][  0]MapCheck: Map check complete: 0 Error(s), 0 Warning(s), took 0.136ms to complete.
[2026.06.21-00.08.56:132][  0]LogFileHelpers: Loading map 'ThirdPersonExampleMap' took 1.729
[2026.06.21-00.08.56:147][  0]LogUnrealEdMisc: Total Editor Startup Time, took 17.385
[2026.06.21-00.08.56:282][  0]LogSlate: Updating window title bar state: overlay mode, drag disabled, window buttons hidden, title bar hidden
[2026.06.21-00.08.56:289][  0]LogSlate: Updating window title bar state: overlay mode, drag disabled, window buttons hidden, title bar hidden
[2026.06.21-00.08.56:294][  0]LogSlate: Updating window title bar state: overlay mode, drag disabled, window buttons hidden, title bar hidden
[2026.06.21-00.08.56:300][  0]LogSlate: Updating window title bar state: overlay mode, drag disabled, window buttons hidden, title bar hidden
[2026.06.21-00.08.56:327][  0]LogNativeClassHierarchy: Verbose: Native class hierarchy populated in 0.0097 seconds. Added 3822 classes and 928 folders.
[2026.06.21-00.08.56:335][  0]LogNativeClassHierarchy: Verbose: Native class hierarchy updated for 'WidgetCarousel' in 0.0004 seconds. Added 0 classes and 0 folders.
[2026.06.21-00.08.56:339][  0]LogPakFile: PakFile PrimaryIndexSize=187
[2026.06.21-00.08.56:339][  0]LogPakFile: PakFile PathHashIndexSize=101
[2026.06.21-00.08.56:339][  0]LogPakFile: PakFile FullDirectoryIndexSize=148
[2026.06.21-00.08.56:339][  0]LogShaderLibrary: Display: ShaderCodeLibraryPakFileMountedCallback: PakFile 'C:/Program Files/Epic Games/UE_4.27/FeaturePacks/FP_FirstPerson.upack' (chunk index -1, root 'root:/') mounted
[2026.06.21-00.08.56:339][  0]LogShaderLibrary: Display: ShaderCodeLibraryPakFileMountedCallback: pending pak file info (ChunkID:-1 Root:root:/ File:C:/Program Files/Epic Games/UE_4.27/FeaturePacks/FP_FirstPerson.upack)
[2026.06.21-00.08.56:339][  0]LogPakFile: OnPakFileMounted2Time == 0.000071
[2026.06.21-00.08.56:342][  0]LogPakFile: PakFile PrimaryIndexSize=189
[2026.06.21-00.08.56:343][  0]LogPakFile: PakFile PathHashIndexSize=101
[2026.06.21-00.08.56:343][  0]LogPakFile: PakFile FullDirectoryIndexSize=152
[2026.06.21-00.08.56:343][  0]LogShaderLibrary: Display: ShaderCodeLibraryPakFileMountedCallback: PakFile 'C:/Program Files/Epic Games/UE_4.27/FeaturePacks/FP_FirstPersonBP.upack' (chunk index -1, root 'root:/') mounted
[2026.06.21-00.08.56:343][  0]LogShaderLibrary: Display: ShaderCodeLibraryPakFileMountedCallback: pending pak file info (ChunkID:-1 Root:root:/ File:C:/Program Files/Epic Games/UE_4.27/FeaturePacks/FP_FirstPersonBP.upack)
[2026.06.21-00.08.56:343][  0]LogPakFile: OnPakFileMounted2Time == 0.000097
[2026.06.21-00.08.56:346][  0]LogPakFile: PakFile PrimaryIndexSize=191
[2026.06.21-00.08.56:346][  0]LogPakFile: PakFile PathHashIndexSize=101
[2026.06.21-00.08.56:346][  0]LogPakFile: PakFile FullDirectoryIndexSize=160
[2026.06.21-00.08.56:346][  0]LogShaderLibrary: Display: ShaderCodeLibraryPakFileMountedCallback: PakFile 'C:/Program Files/Epic Games/UE_4.27/FeaturePacks/MobileStarterContent.upack' (chunk index -1, root 'root:/') mounted
[2026.06.21-00.08.56:346][  0]LogShaderLibrary: Display: ShaderCodeLibraryPakFileMountedCallback: pending pak file info (ChunkID:-1 Root:root:/ File:C:/Program Files/Epic Games/UE_4.27/FeaturePacks/MobileStarterContent.upack)
[2026.06.21-00.08.56:346][  0]LogPakFile: OnPakFileMounted2Time == 0.000055
[2026.06.21-00.08.56:348][  0]LogPakFile: PakFile PrimaryIndexSize=185
[2026.06.21-00.08.56:348][  0]LogPakFile: PakFile PathHashIndexSize=101
[2026.06.21-00.08.56:348][  0]LogPakFile: PakFile FullDirectoryIndexSize=148
[2026.06.21-00.08.56:348][  0]LogShaderLibrary: Display: ShaderCodeLibraryPakFileMountedCallback: PakFile 'C:/Program Files/Epic Games/UE_4.27/FeaturePacks/StarterContent.upack' (chunk index -1, root 'root:/') mounted
[2026.06.21-00.08.56:348][  0]LogShaderLibrary: Display: ShaderCodeLibraryPakFileMountedCallback: pending pak file info (ChunkID:-1 Root:root:/ File:C:/Program Files/Epic Games/UE_4.27/FeaturePacks/StarterContent.upack)
[2026.06.21-00.08.56:348][  0]LogPakFile: OnPakFileMounted2Time == 0.000068
[2026.06.21-00.08.56:350][  0]LogPakFile: PakFile PrimaryIndexSize=190
[2026.06.21-00.08.56:350][  0]LogPakFile: PakFile PathHashIndexSize=101
[2026.06.21-00.08.56:350][  0]LogPakFile: PakFile FullDirectoryIndexSize=154
[2026.06.21-00.08.56:350][  0]LogShaderLibrary: Display: ShaderCodeLibraryPakFileMountedCallback: PakFile 'C:/Program Files/Epic Games/UE_4.27/FeaturePacks/TP_2DSideScroller.upack' (chunk index -1, root 'root:/') mounted
[2026.06.21-00.08.56:350][  0]LogShaderLibrary: Display: ShaderCodeLibraryPakFileMountedCallback: pending pak file info (ChunkID:-1 Root:root:/ File:C:/Program Files/Epic Games/UE_4.27/FeaturePacks/TP_2DSideScroller.upack)
[2026.06.21-00.08.56:350][  0]LogPakFile: OnPakFileMounted2Time == 0.000052
[2026.06.21-00.08.56:352][  0]LogPakFile: PakFile PrimaryIndexSize=192
[2026.06.21-00.08.56:352][  0]LogPakFile: PakFile PathHashIndexSize=101
[2026.06.21-00.08.56:352][  0]LogPakFile: PakFile FullDirectoryIndexSize=158
[2026.06.21-00.08.56:352][  0]LogShaderLibrary: Display: ShaderCodeLibraryPakFileMountedCallback: PakFile 'C:/Program Files/Epic Games/UE_4.27/FeaturePacks/TP_2DSideScrollerBP.upack' (chunk index -1, root 'root:/') mounted
[2026.06.21-00.08.56:352][  0]LogShaderLibrary: Display: ShaderCodeLibraryPakFileMountedCallback: pending pak file info (ChunkID:-1 Root:root:/ File:C:/Program Files/Epic Games/UE_4.27/FeaturePacks/TP_2DSideScrollerBP.upack)
[2026.06.21-00.08.56:352][  0]LogPakFile: OnPakFileMounted2Time == 0.000077
[2026.06.21-00.08.56:353][  0]LogPakFile: PakFile PrimaryIndexSize=182
[2026.06.21-00.08.56:353][  0]LogPakFile: PakFile PathHashIndexSize=101
[2026.06.21-00.08.56:353][  0]LogPakFile: PakFile FullDirectoryIndexSize=138
[2026.06.21-00.08.56:353][  0]LogShaderLibrary: Display: ShaderCodeLibraryPakFileMountedCallback: PakFile 'C:/Program Files/Epic Games/UE_4.27/FeaturePacks/TP_Flying.upack' (chunk index -1, root 'root:/') mounted
[2026.06.21-00.08.56:353][  0]LogShaderLibrary: Display: ShaderCodeLibraryPakFileMountedCallback: pending pak file info (ChunkID:-1 Root:root:/ File:C:/Program Files/Epic Games/UE_4.27/FeaturePacks/TP_Flying.upack)
[2026.06.21-00.08.56:353][  0]LogPakFile: OnPakFileMounted2Time == 0.000040
[2026.06.21-00.08.56:354][  0]LogPakFile: PakFile PrimaryIndexSize=184
[2026.06.21-00.08.56:355][  0]LogPakFile: PakFile PathHashIndexSize=101
[2026.06.21-00.08.56:355][  0]LogPakFile: PakFile FullDirectoryIndexSize=142
[2026.06.21-00.08.56:355][  0]LogShaderLibrary: Display: ShaderCodeLibraryPakFileMountedCallback: PakFile 'C:/Program Files/Epic Games/UE_4.27/FeaturePacks/TP_FlyingBP.upack' (chunk index -1, root 'root:/') mounted
[2026.06.21-00.08.56:355][  0]LogShaderLibrary: Display: ShaderCodeLibraryPakFileMountedCallback: pending pak file info (ChunkID:-1 Root:root:/ File:C:/Program Files/Epic Games/UE_4.27/FeaturePacks/TP_FlyingBP.upack)
[2026.06.21-00.08.56:355][  0]LogPakFile: OnPakFileMounted2Time == 0.000057
[2026.06.21-00.08.56:356][  0]LogPakFile: PakFile PrimaryIndexSize=188
[2026.06.21-00.08.56:356][  0]LogPakFile: PakFile PathHashIndexSize=101
[2026.06.21-00.08.56:356][  0]LogPakFile: PakFile FullDirectoryIndexSize=150
[2026.06.21-00.08.56:356][  0]LogShaderLibrary: Display: ShaderCodeLibraryPakFileMountedCallback: PakFile 'C:/Program Files/Epic Games/UE_4.27/FeaturePacks/TP_HandheldARBP.upack' (chunk index -1, root 'root:/') mounted
[2026.06.21-00.08.56:356][  0]LogShaderLibrary: Display: ShaderCodeLibraryPakFileMountedCallback: pending pak file info (ChunkID:-1 Root:root:/ File:C:/Program Files/Epic Games/UE_4.27/FeaturePacks/TP_HandheldARBP.upack)
[2026.06.21-00.08.56:356][  0]LogPakFile: OnPakFileMounted2Time == 0.000044
[2026.06.21-00.08.56:359][  0]LogPakFile: PakFile PrimaryIndexSize=182
[2026.06.21-00.08.56:359][  0]LogPakFile: PakFile PathHashIndexSize=101
[2026.06.21-00.08.56:359][  0]LogPakFile: PakFile FullDirectoryIndexSize=138
[2026.06.21-00.08.56:359][  0]LogShaderLibrary: Display: ShaderCodeLibraryPakFileMountedCallback: PakFile 'C:/Program Files/Epic Games/UE_4.27/FeaturePacks/TP_Puzzle.upack' (chunk index -1, root 'root:/') mounted
[2026.06.21-00.08.56:359][  0]LogShaderLibrary: Display: ShaderCodeLibraryPakFileMountedCallback: pending pak file info (ChunkID:-1 Root:root:/ File:C:/Program Files/Epic Games/UE_4.27/FeaturePacks/TP_Puzzle.upack)
[2026.06.21-00.08.56:359][  0]LogPakFile: OnPakFileMounted2Time == 0.000041
[2026.06.21-00.08.56:360][  0]LogPakFile: PakFile PrimaryIndexSize=184
[2026.06.21-00.08.56:360][  0]LogPakFile: PakFile PathHashIndexSize=101
[2026.06.21-00.08.56:360][  0]LogPakFile: PakFile FullDirectoryIndexSize=142
[2026.06.21-00.08.56:360][  0]LogShaderLibrary: Display: ShaderCodeLibraryPakFileMountedCallback: PakFile 'C:/Program Files/Epic Games/UE_4.27/FeaturePacks/TP_PuzzleBP.upack' (chunk index -1, root 'root:/') mounted
[2026.06.21-00.08.56:360][  0]LogShaderLibrary: Display: ShaderCodeLibraryPakFileMountedCallback: pending pak file info (ChunkID:-1 Root:root:/ File:C:/Program Files/Epic Games/UE_4.27/FeaturePacks/TP_PuzzleBP.upack)
[2026.06.21-00.08.56:360][  0]LogPakFile: OnPakFileMounted2Time == 0.000041
[2026.06.21-00.08.56:363][  0]LogPakFile: PakFile PrimaryIndexSize=183
[2026.06.21-00.08.56:363][  0]LogPakFile: PakFile PathHashIndexSize=101
[2026.06.21-00.08.56:363][  0]LogPakFile: PakFile FullDirectoryIndexSize=140
[2026.06.21-00.08.56:363][  0]LogShaderLibrary: Display: ShaderCodeLibraryPakFileMountedCallback: PakFile 'C:/Program Files/Epic Games/UE_4.27/FeaturePacks/TP_Rolling.upack' (chunk index -1, root 'root:/') mounted
[2026.06.21-00.08.56:363][  0]LogShaderLibrary: Display: ShaderCodeLibraryPakFileMountedCallback: pending pak file info (ChunkID:-1 Root:root:/ File:C:/Program Files/Epic Games/UE_4.27/FeaturePacks/TP_Rolling.upack)
[2026.06.21-00.08.56:363][  0]LogPakFile: OnPakFileMounted2Time == 0.000039
[2026.06.21-00.08.56:364][  0]LogPakFile: PakFile PrimaryIndexSize=185
[2026.06.21-00.08.56:364][  0]LogPakFile: PakFile PathHashIndexSize=101
[2026.06.21-00.08.56:364][  0]LogPakFile: PakFile FullDirectoryIndexSize=144
[2026.06.21-00.08.56:364][  0]LogShaderLibrary: Display: ShaderCodeLibraryPakFileMountedCallback: PakFile 'C:/Program Files/Epic Games/UE_4.27/FeaturePacks/TP_RollingBP.upack' (chunk index -1, root 'root:/') mounted
[2026.06.21-00.08.56:364][  0]LogShaderLibrary: Display: ShaderCodeLibraryPakFileMountedCallback: pending pak file info (ChunkID:-1 Root:root:/ File:C:/Program Files/Epic Games/UE_4.27/FeaturePacks/TP_RollingBP.upack)
[2026.06.21-00.08.56:364][  0]LogPakFile: OnPakFileMounted2Time == 0.000037
[2026.06.21-00.08.56:366][  0]LogPakFile: PakFile PrimaryIndexSize=188
[2026.06.21-00.08.56:366][  0]LogPakFile: PakFile PathHashIndexSize=101
[2026.06.21-00.08.56:366][  0]LogPakFile: PakFile FullDirectoryIndexSize=150
[2026.06.21-00.08.56:366][  0]LogShaderLibrary: Display: ShaderCodeLibraryPakFileMountedCallback: PakFile 'C:/Program Files/Epic Games/UE_4.27/FeaturePacks/TP_SideScroller.upack' (chunk index -1, root 'root:/') mounted
[2026.06.21-00.08.56:366][  0]LogShaderLibrary: Display: ShaderCodeLibraryPakFileMountedCallback: pending pak file info (ChunkID:-1 Root:root:/ File:C:/Program Files/Epic Games/UE_4.27/FeaturePacks/TP_SideScroller.upack)
[2026.06.21-00.08.56:366][  0]LogPakFile: OnPakFileMounted2Time == 0.000037
[2026.06.21-00.08.56:367][  0]LogPakFile: PakFile PrimaryIndexSize=190
[2026.06.21-00.08.56:367][  0]LogPakFile: PakFile PathHashIndexSize=101
[2026.06.21-00.08.56:367][  0]LogPakFile: PakFile FullDirectoryIndexSize=154
[2026.06.21-00.08.56:367][  0]LogShaderLibrary: Display: ShaderCodeLibraryPakFileMountedCallback: PakFile 'C:/Program Files/Epic Games/UE_4.27/FeaturePacks/TP_SideScrollerBP.upack' (chunk index -1, root 'root:/') mounted
[2026.06.21-00.08.56:367][  0]LogShaderLibrary: Display: ShaderCodeLibraryPakFileMountedCallback: pending pak file info (ChunkID:-1 Root:root:/ File:C:/Program Files/Epic Games/UE_4.27/FeaturePacks/TP_SideScrollerBP.upack)
[2026.06.21-00.08.56:367][  0]LogPakFile: OnPakFileMounted2Time == 0.000038
[2026.06.21-00.08.56:369][  0]LogPakFile: PakFile PrimaryIndexSize=187
[2026.06.21-00.08.56:369][  0]LogPakFile: PakFile PathHashIndexSize=101
[2026.06.21-00.08.56:369][  0]LogPakFile: PakFile FullDirectoryIndexSize=148
[2026.06.21-00.08.56:369][  0]LogShaderLibrary: Display: ShaderCodeLibraryPakFileMountedCallback: PakFile 'C:/Program Files/Epic Games/UE_4.27/FeaturePacks/TP_ThirdPerson.upack' (chunk index -1, root 'root:/') mounted
[2026.06.21-00.08.56:369][  0]LogShaderLibrary: Display: ShaderCodeLibraryPakFileMountedCallback: pending pak file info (ChunkID:-1 Root:root:/ File:C:/Program Files/Epic Games/UE_4.27/FeaturePacks/TP_ThirdPerson.upack)
[2026.06.21-00.08.56:369][  0]LogPakFile: OnPakFileMounted2Time == 0.000043
[2026.06.21-00.08.56:371][  0]LogPakFile: PakFile PrimaryIndexSize=189
[2026.06.21-00.08.56:371][  0]LogPakFile: PakFile PathHashIndexSize=101
[2026.06.21-00.08.56:371][  0]LogPakFile: PakFile FullDirectoryIndexSize=152
[2026.06.21-00.08.56:371][  0]LogShaderLibrary: Display: ShaderCodeLibraryPakFileMountedCallback: PakFile 'C:/Program Files/Epic Games/UE_4.27/FeaturePacks/TP_ThirdPersonBP.upack' (chunk index -1, root 'root:/') mounted
[2026.06.21-00.08.56:371][  0]LogShaderLibrary: Display: ShaderCodeLibraryPakFileMountedCallback: pending pak file info (ChunkID:-1 Root:root:/ File:C:/Program Files/Epic Games/UE_4.27/FeaturePacks/TP_ThirdPersonBP.upack)
[2026.06.21-00.08.56:371][  0]LogPakFile: OnPakFileMounted2Time == 0.000038
[2026.06.21-00.08.56:372][  0]LogPakFile: PakFile PrimaryIndexSize=183
[2026.06.21-00.08.56:372][  0]LogPakFile: PakFile PathHashIndexSize=101
[2026.06.21-00.08.56:372][  0]LogPakFile: PakFile FullDirectoryIndexSize=140
[2026.06.21-00.08.56:372][  0]LogShaderLibrary: Display: ShaderCodeLibraryPakFileMountedCallback: PakFile 'C:/Program Files/Epic Games/UE_4.27/FeaturePacks/TP_TopDown.upack' (chunk index -1, root 'root:/') mounted
[2026.06.21-00.08.56:372][  0]LogShaderLibrary: Display: ShaderCodeLibraryPakFileMountedCallback: pending pak file info (ChunkID:-1 Root:root:/ File:C:/Program Files/Epic Games/UE_4.27/FeaturePacks/TP_TopDown.upack)
[2026.06.21-00.08.56:372][  0]LogPakFile: OnPakFileMounted2Time == 0.000062
[2026.06.21-00.08.56:374][  0]LogPakFile: PakFile PrimaryIndexSize=185
[2026.06.21-00.08.56:374][  0]LogPakFile: PakFile PathHashIndexSize=101
[2026.06.21-00.08.56:374][  0]LogPakFile: PakFile FullDirectoryIndexSize=144
[2026.06.21-00.08.56:374][  0]LogShaderLibrary: Display: ShaderCodeLibraryPakFileMountedCallback: PakFile 'C:/Program Files/Epic Games/UE_4.27/FeaturePacks/TP_TopDownBP.upack' (chunk index -1, root 'root:/') mounted
[2026.06.21-00.08.56:374][  0]LogShaderLibrary: Display: ShaderCodeLibraryPakFileMountedCallback: pending pak file info (ChunkID:-1 Root:root:/ File:C:/Program Files/Epic Games/UE_4.27/FeaturePacks/TP_TopDownBP.upack)
[2026.06.21-00.08.56:374][  0]LogPakFile: OnPakFileMounted2Time == 0.000044
[2026.06.21-00.08.56:375][  0]LogPakFile: PakFile PrimaryIndexSize=185
[2026.06.21-00.08.56:375][  0]LogPakFile: PakFile PathHashIndexSize=101
[2026.06.21-00.08.56:375][  0]LogPakFile: PakFile FullDirectoryIndexSize=144
[2026.06.21-00.08.56:375][  0]LogShaderLibrary: Display: ShaderCodeLibraryPakFileMountedCallback: PakFile 'C:/Program Files/Epic Games/UE_4.27/FeaturePacks/TP_TwinStick.upack' (chunk index -1, root 'root:/') mounted
[2026.06.21-00.08.56:375][  0]LogShaderLibrary: Display: ShaderCodeLibraryPakFileMountedCallback: pending pak file info (ChunkID:-1 Root:root:/ File:C:/Program Files/Epic Games/UE_4.27/FeaturePacks/TP_TwinStick.upack)
[2026.06.21-00.08.56:375][  0]LogPakFile: OnPakFileMounted2Time == 0.000037
[2026.06.21-00.08.56:376][  0]LogPakFile: PakFile PrimaryIndexSize=187
[2026.06.21-00.08.56:376][  0]LogPakFile: PakFile PathHashIndexSize=101
[2026.06.21-00.08.56:376][  0]LogPakFile: PakFile FullDirectoryIndexSize=148
[2026.06.21-00.08.56:376][  0]LogShaderLibrary: Display: ShaderCodeLibraryPakFileMountedCallback: PakFile 'C:/Program Files/Epic Games/UE_4.27/FeaturePacks/TP_TwinStickBP.upack' (chunk index -1, root 'root:/') mounted
[2026.06.21-00.08.56:376][  0]LogShaderLibrary: Display: ShaderCodeLibraryPakFileMountedCallback: pending pak file info (ChunkID:-1 Root:root:/ File:C:/Program Files/Epic Games/UE_4.27/FeaturePacks/TP_TwinStickBP.upack)
[2026.06.21-00.08.56:376][  0]LogPakFile: OnPakFileMounted2Time == 0.000038
[2026.06.21-00.08.56:378][  0]LogPakFile: PakFile PrimaryIndexSize=183
[2026.06.21-00.08.56:378][  0]LogPakFile: PakFile PathHashIndexSize=101
[2026.06.21-00.08.56:378][  0]LogPakFile: PakFile FullDirectoryIndexSize=140
[2026.06.21-00.08.56:378][  0]LogShaderLibrary: Display: ShaderCodeLibraryPakFileMountedCallback: PakFile 'C:/Program Files/Epic Games/UE_4.27/FeaturePacks/TP_Vehicle.upack' (chunk index -1, root 'root:/') mounted
[2026.06.21-00.08.56:378][  0]LogShaderLibrary: Display: ShaderCodeLibraryPakFileMountedCallback: pending pak file info (ChunkID:-1 Root:root:/ File:C:/Program Files/Epic Games/UE_4.27/FeaturePacks/TP_Vehicle.upack)
[2026.06.21-00.08.56:378][  0]LogPakFile: OnPakFileMounted2Time == 0.000061
[2026.06.21-00.08.56:380][  0]LogPakFile: PakFile PrimaryIndexSize=186
[2026.06.21-00.08.56:380][  0]LogPakFile: PakFile PathHashIndexSize=101
[2026.06.21-00.08.56:380][  0]LogPakFile: PakFile FullDirectoryIndexSize=146
[2026.06.21-00.08.56:380][  0]LogShaderLibrary: Display: ShaderCodeLibraryPakFileMountedCallback: PakFile 'C:/Program Files/Epic Games/UE_4.27/FeaturePacks/TP_VehicleAdv.upack' (chunk index -1, root 'root:/') mounted
[2026.06.21-00.08.56:380][  0]LogShaderLibrary: Display: ShaderCodeLibraryPakFileMountedCallback: pending pak file info (ChunkID:-1 Root:root:/ File:C:/Program Files/Epic Games/UE_4.27/FeaturePacks/TP_VehicleAdv.upack)
[2026.06.21-00.08.56:380][  0]LogPakFile: OnPakFileMounted2Time == 0.000055
[2026.06.21-00.08.56:382][  0]LogPakFile: PakFile PrimaryIndexSize=188
[2026.06.21-00.08.56:383][  0]LogPakFile: PakFile PathHashIndexSize=101
[2026.06.21-00.08.56:383][  0]LogPakFile: PakFile FullDirectoryIndexSize=150
[2026.06.21-00.08.56:383][  0]LogShaderLibrary: Display: ShaderCodeLibraryPakFileMountedCallback: PakFile 'C:/Program Files/Epic Games/UE_4.27/FeaturePacks/TP_VehicleAdvBP.upack' (chunk index -1, root 'root:/') mounted
[2026.06.21-00.08.56:383][  0]LogShaderLibrary: Display: ShaderCodeLibraryPakFileMountedCallback: pending pak file info (ChunkID:-1 Root:root:/ File:C:/Program Files/Epic Games/UE_4.27/FeaturePacks/TP_VehicleAdvBP.upack)
[2026.06.21-00.08.56:383][  0]LogPakFile: OnPakFileMounted2Time == 0.000044
[2026.06.21-00.08.56:384][  0]LogPakFile: PakFile PrimaryIndexSize=185
[2026.06.21-00.08.56:384][  0]LogPakFile: PakFile PathHashIndexSize=101
[2026.06.21-00.08.56:384][  0]LogPakFile: PakFile FullDirectoryIndexSize=144
[2026.06.21-00.08.56:384][  0]LogShaderLibrary: Display: ShaderCodeLibraryPakFileMountedCallback: PakFile 'C:/Program Files/Epic Games/UE_4.27/FeaturePacks/TP_VehicleBP.upack' (chunk index -1, root 'root:/') mounted
[2026.06.21-00.08.56:384][  0]LogShaderLibrary: Display: ShaderCodeLibraryPakFileMountedCallback: pending pak file info (ChunkID:-1 Root:root:/ File:C:/Program Files/Epic Games/UE_4.27/FeaturePacks/TP_VehicleBP.upack)
[2026.06.21-00.08.56:384][  0]LogPakFile: OnPakFileMounted2Time == 0.000040
[2026.06.21-00.08.56:387][  0]LogPakFile: PakFile PrimaryIndexSize=192
[2026.06.21-00.08.56:387][  0]LogPakFile: PakFile PathHashIndexSize=101
[2026.06.21-00.08.56:387][  0]LogPakFile: PakFile FullDirectoryIndexSize=158
[2026.06.21-00.08.56:387][  0]LogShaderLibrary: Display: ShaderCodeLibraryPakFileMountedCallback: PakFile 'C:/Program Files/Epic Games/UE_4.27/FeaturePacks/TP_VirtualRealityBP.upack' (chunk index -1, root 'root:/') mounted
[2026.06.21-00.08.56:387][  0]LogShaderLibrary: Display: ShaderCodeLibraryPakFileMountedCallback: pending pak file info (ChunkID:-1 Root:root:/ File:C:/Program Files/Epic Games/UE_4.27/FeaturePacks/TP_VirtualRealityBP.upack)
[2026.06.21-00.08.56:387][  0]LogPakFile: OnPakFileMounted2Time == 0.000038
[2026.06.21-00.08.56:501][  0]LogNativeClassHierarchy: Verbose: Native class hierarchy updated for 'AddContentDialog' in 0.0003 seconds. Added 0 classes and 0 folders.
[2026.06.21-00.08.56:504][  0]LogNativeClassHierarchy: Verbose: Native class hierarchy updated for 'SceneOutliner' in 0.0003 seconds. Added 2 classes and 0 folders.
[2026.06.21-00.08.56:547][  0]LogSlate: Took 0.001131 seconds to synchronously load lazily loaded font '../../../Engine/Content/Slate/Fonts/Roboto-Regular.ttf' (155K)
[2026.06.21-00.08.56:549][  0]LogSlate: Took 0.000731 seconds to synchronously load lazily loaded font '../../../Engine/Content/Editor/Slate/Fonts/FontAwesome.ttf' (139K)
[2026.06.21-00.08.56:550][  0]LogSlate: Took 0.000883 seconds to synchronously load lazily loaded font '../../../Engine/Content/Slate/Fonts/Roboto-Bold.ttf' (160K)
[2026.06.21-00.08.56:643][  0]LogRenderer: Reallocating scene render targets to support 1288x572 Format 10 NumSamples 1 (Frame:1).
[2026.06.21-00.08.56:738][  0]LogNativeClassHierarchy: Verbose: Native class hierarchy updated for 'HierarchicalLODOutliner' in 0.0003 seconds. Added 0 classes and 0 folders.
[2026.06.21-00.08.56:738][  0]LogLoad: (Engine Initialization) Total time: 17.98 seconds
[2026.06.21-00.08.56:738][  0]LogLoad: (Engine Initialization) Total Blueprint compile time: 0.00 seconds
[2026.06.21-00.08.56:792][  0]LogAssetRegistry: Asset discovery search completed in 8.8564 seconds
[2026.06.21-00.08.56:803][  0]LogCollectionManager: Fixed up redirectors for 0 collections in 0.000007 seconds (updated 0 objects)
[2026.06.21-00.08.56:806][  0]LogContentStreaming: Texture pool size now 1000 MB
[2026.06.21-00.08.56:846][  0]LogSlate: Took 0.000975 seconds to synchronously load lazily loaded font '../../../Engine/Content/Slate/Fonts/DroidSansMono.ttf' (77K)
[2026.06.21-00.08.58:094][  4]LogSlate: Took 0.001190 seconds to synchronously load lazily loaded font '../../../Engine/Content/Slate/Fonts/Roboto-Light.ttf' (167K)
[2026.06.21-00.18.10:465][648]LogAssetEditorSubsystem: Opening Asset editor for Blueprint /Game/AdvancedLocomotionV4/Blueprints/CharacterLogic/ALS_Base_CharacterBP.ALS_Base_CharacterBP
[2026.06.21-00.18.10:683][648]LogNativeClassHierarchy: Verbose: Native class hierarchy updated for 'BlueprintGraph' in 0.0006 seconds. Added 126 classes and 0 folders.
[2026.06.21-00.18.11:572][648]LogSlate: Took 0.001293 seconds to synchronously load lazily loaded font '../../../Engine/Content/Slate/Fonts/Roboto-BoldCondensed.ttf' (158K)
[2026.06.21-00.18.11:650][649]LogAudio: Display: Cached duration for Sound Cue SoundCue /Game/AdvancedLocomotionV4/Audio/Footsteps/Footstep_Cue.Footstep_Cue was zero and has changed. Consider manually Re-saving the asset
[2026.06.21-00.18.59:704][195]LogSavePackage: Moving 'D:/LearnData/UnrealProject/UnrealLearn/ALSV4/Saved/ALS_Base_CharacterBP9DBD29A54E3533928E86E485FDDA9DDF.tmp' to 'D:/LearnData/UnrealProject/UnrealLearn/ALSV4/Content/AdvancedLocomotionV4/Blueprints/CharacterLogic/ALS_Base_CharacterBP.uasset'
[2026.06.21-00.18.59:734][195]AssetCheck: New page: Asset Save: ALS_Base_CharacterBP
[2026.06.21-00.18.59:734][195]LogContentValidation: Display: Validating Blueprint /Game/AdvancedLocomotionV4/Blueprints/CharacterLogic/ALS_Base_CharacterBP.ALS_Base_CharacterBP
[2026.06.21-00.19.05:973][651]LogSavePackage: Moving 'D:/LearnData/UnrealProject/UnrealLearn/ALSV4/Saved/ALS_Base_CharacterBP4DDA62BB49323992B93F57ADE0AB6300.tmp' to 'D:/LearnData/UnrealProject/UnrealLearn/ALSV4/Content/AdvancedLocomotionV4/Blueprints/CharacterLogic/ALS_Base_CharacterBP.uasset'
[2026.06.21-00.19.05:990][651]AssetCheck: New page: Asset Save: ALS_Base_CharacterBP
[2026.06.21-00.19.05:990][651]LogContentValidation: Display: Validating Blueprint /Game/AdvancedLocomotionV4/Blueprints/CharacterLogic/ALS_Base_CharacterBP.ALS_Base_CharacterBP
[2026.06.21-00.19.37:517][741]LogSavePackage: Moving 'D:/LearnData/UnrealProject/UnrealLearn/ALSV4/Saved/ALS_Base_CharacterBP23A486AA4C2341678C6405832A679803.tmp' to 'D:/LearnData/UnrealProject/UnrealLearn/ALSV4/Content/AdvancedLocomotionV4/Blueprints/CharacterLogic/ALS_Base_CharacterBP.uasset'
[2026.06.21-00.19.37:534][741]AssetCheck: New page: Asset Save: ALS_Base_CharacterBP
[2026.06.21-00.19.37:534][741]LogContentValidation: Display: Validating Blueprint /Game/AdvancedLocomotionV4/Blueprints/CharacterLogic/ALS_Base_CharacterBP.ALS_Base_CharacterBP
[2026.06.21-00.20.54:917][350]LogSavePackage: Moving 'D:/LearnData/UnrealProject/UnrealLearn/ALSV4/Saved/ALS_Base_CharacterBP74A262374FDA62FED30D66B97CD60637.tmp' to 'D:/LearnData/UnrealProject/UnrealLearn/ALSV4/Content/AdvancedLocomotionV4/Blueprints/CharacterLogic/ALS_Base_CharacterBP.uasset'
[2026.06.21-00.20.54:931][350]AssetCheck: New page: Asset Save: ALS_Base_CharacterBP
[2026.06.21-00.20.54:931][350]LogContentValidation: Display: Validating Blueprint /Game/AdvancedLocomotionV4/Blueprints/CharacterLogic/ALS_Base_CharacterBP.ALS_Base_CharacterBP
[2026.06.21-00.20.57:604][647]LogSavePackage: Moving 'D:/LearnData/UnrealProject/UnrealLearn/ALSV4/Saved/ALS_Base_CharacterBP579759FF48432F2DB876B9ABB4908098.tmp' to 'D:/LearnData/UnrealProject/UnrealLearn/ALSV4/Content/AdvancedLocomotionV4/Blueprints/CharacterLogic/ALS_Base_CharacterBP.uasset'
[2026.06.21-00.20.57:619][647]AssetCheck: New page: Asset Save: ALS_Base_CharacterBP
[2026.06.21-00.20.57:619][647]LogContentValidation: Display: Validating Blueprint /Game/AdvancedLocomotionV4/Blueprints/CharacterLogic/ALS_Base_CharacterBP.ALS_Base_CharacterBP
[2026.06.21-00.21.12:914][366]LogSavePackage: Moving 'D:/LearnData/UnrealProject/UnrealLearn/ALSV4/Saved/ALS_Base_CharacterBP9F90F3AD4CEFA65554E4569E1606FA70.tmp' to 'D:/LearnData/UnrealProject/UnrealLearn/ALSV4/Content/AdvancedLocomotionV4/Blueprints/CharacterLogic/ALS_Base_CharacterBP.uasset'
[2026.06.21-00.21.12:933][366]AssetCheck: New page: Asset Save: ALS_Base_CharacterBP
[2026.06.21-00.21.12:933][366]LogContentValidation: Display: Validating Blueprint /Game/AdvancedLocomotionV4/Blueprints/CharacterLogic/ALS_Base_CharacterBP.ALS_Base_CharacterBP
[2026.06.21-00.21.25:149][770]LogSavePackage: Moving 'D:/LearnData/UnrealProject/UnrealLearn/ALSV4/Saved/ALS_Base_CharacterBP3C0C9AB14FAD63DED6EE128BF543CE90.tmp' to 'D:/LearnData/UnrealProject/UnrealLearn/ALSV4/Content/AdvancedLocomotionV4/Blueprints/CharacterLogic/ALS_Base_CharacterBP.uasset'
[2026.06.21-00.21.25:165][770]AssetCheck: New page: Asset Save: ALS_Base_CharacterBP
[2026.06.21-00.21.25:165][770]LogContentValidation: Display: Validating Blueprint /Game/AdvancedLocomotionV4/Blueprints/CharacterLogic/ALS_Base_CharacterBP.ALS_Base_CharacterBP
[2026.06.21-00.24.30:165][ 80]LogUObjectHash: Compacting FUObjectHashTables data took   2.72ms
[2026.06.21-00.24.30:166][ 80]LogFileHelpers: Editor autosave (incl. external actors) for '/Game/ThirdPersonBP/Maps/ThirdPersonExampleMap' took 0.026
[2026.06.21-00.24.30:166][ 80]OBJ SavePackage: Generating thumbnails for [0] asset(s) in package [/Game/AdvancedLocomotionV4/Blueprints/CharacterLogic/ALS_Base_CharacterBP] ([2] browsable assets)...
[2026.06.21-00.24.30:166][ 80]OBJ SavePackage: Finished generating thumbnails for package [/Game/AdvancedLocomotionV4/Blueprints/CharacterLogic/ALS_Base_CharacterBP]
[2026.06.21-00.24.30:236][ 80]LogSavePackage: Moving 'D:/LearnData/UnrealProject/UnrealLearn/ALSV4/Saved/ALS_Base_CharacterBP_Auto1F98E2AB24FBBC38638487483983BB9CD.tmp' to 'D:/LearnData/UnrealProject/UnrealLearn/ALSV4/Saved/Autosaves/Game/AdvancedLocomotionV4/Blueprints/CharacterLogic/ALS_Base_CharacterBP_Auto1.uasset'
[2026.06.21-00.24.30:265][ 80]LogFileHelpers: Auto-saving content packages took 0.099
[2026.06.21-00.46.49:525][511]LogSavePackage: Moving 'D:/LearnData/UnrealProject/UnrealLearn/ALSV4/Saved/ALS_Base_CharacterBP433E8B7545385BCCDD5C068076D744E6.tmp' to 'D:/LearnData/UnrealProject/UnrealLearn/ALSV4/Content/AdvancedLocomotionV4/Blueprints/CharacterLogic/ALS_Base_CharacterBP.uasset'
[2026.06.21-00.46.49:548][511]AssetCheck: New page: Asset Save: ALS_Base_CharacterBP
[2026.06.21-00.46.49:548][511]LogContentValidation: Display: Validating Blueprint /Game/AdvancedLocomotionV4/Blueprints/CharacterLogic/ALS_Base_CharacterBP.ALS_Base_CharacterBP
[2026.06.21-00.46.49:735][532]BlueprintLog: New page: Compile ALS_Base_CharacterBP
[2026.06.21-00.46.49:842][532]LogUObjectHash: Compacting FUObjectHashTables data took   2.36ms
[2026.06.21-00.46.56:661][130]LogSlate: Took 0.004713 seconds to synchronously load lazily loaded font '../../../Engine/Content/Slate/Fonts/DroidSansFallback.ttf' (3848K)
[2026.06.21-00.46.56:664][130]LogSlate: Took 0.001102 seconds to synchronously load lazily loaded font '../../../Engine/Content/Slate/Fonts/Roboto-Italic.ttf' (157K)
[2026.06.21-00.48.30:497][664]LogSavePackage: Moving 'D:/LearnData/UnrealProject/UnrealLearn/ALSV4/Saved/ALS_Base_CharacterBPD655DDD343553360C37DC7870EF7E1D4.tmp' to 'D:/LearnData/UnrealProject/UnrealLearn/ALSV4/Content/AdvancedLocomotionV4/Blueprints/CharacterLogic/ALS_Base_CharacterBP.uasset'
[2026.06.21-00.48.30:513][664]AssetCheck: New page: Asset Save: ALS_Base_CharacterBP
[2026.06.21-00.48.30:513][664]LogContentValidation: Display: Validating Blueprint /Game/AdvancedLocomotionV4/Blueprints/CharacterLogic/ALS_Base_CharacterBP.ALS_Base_CharacterBP
[2026.06.21-00.49.02:127][418]LogUObjectHash: Compacting FUObjectHashTables data took   2.35ms
[2026.06.21-00.49.02:166][418]LogSavePackage: Moving 'D:/LearnData/UnrealProject/UnrealLearn/ALSV4/Saved/ThirdPersonExampleMap_Auto2C53244A748B0D32DBE45F484B3E5FCBF.tmp' to 'D:/LearnData/UnrealProject/UnrealLearn/ALSV4/Saved/Autosaves/Game/ThirdPersonBP/Maps/ThirdPersonExampleMap_Auto2.umap'
[2026.06.21-00.49.02:185][418]LogFileHelpers: Editor autosave (incl. external actors) for '/Game/ThirdPersonBP/Maps/ThirdPersonExampleMap' took 0.078
[2026.06.21-00.49.02:185][418]LogFileHelpers: Editor autosave (incl. sublevels & external actors) for all levels took 0.078
[2026.06.21-00.51.28:590][162]LogSlate: Took 0.009984 seconds to synchronously load lazily loaded font '../../../Engine/Content/Slate/Fonts/Roboto-BoldCondensedItalic.ttf' (160K)
[2026.06.21-00.51.38:488][321]LogSavePackage: Moving 'D:/LearnData/UnrealProject/UnrealLearn/ALSV4/Saved/ALS_Base_CharacterBP9EC74C164365877AA5B643A97807B2FB.tmp' to 'D:/LearnData/UnrealProject/UnrealLearn/ALSV4/Content/AdvancedLocomotionV4/Blueprints/CharacterLogic/ALS_Base_CharacterBP.uasset'
[2026.06.21-00.51.38:506][321]AssetCheck: New page: Asset Save: ALS_Base_CharacterBP
[2026.06.21-00.51.38:506][321]LogContentValidation: Display: Validating Blueprint /Game/AdvancedLocomotionV4/Blueprints/CharacterLogic/ALS_Base_CharacterBP.ALS_Base_CharacterBP
[2026.06.21-00.52.08:894][660]LogSavePackage: Moving 'D:/LearnData/UnrealProject/UnrealLearn/ALSV4/Saved/ALS_Base_CharacterBP22510062485BF2B5BD5259AB944F9BB1.tmp' to 'D:/LearnData/UnrealProject/UnrealLearn/ALSV4/Content/AdvancedLocomotionV4/Blueprints/CharacterLogic/ALS_Base_CharacterBP.uasset'
[2026.06.21-00.52.08:913][660]AssetCheck: New page: Asset Save: ALS_Base_CharacterBP
[2026.06.21-00.52.08:913][660]LogContentValidation: Display: Validating Blueprint /Game/AdvancedLocomotionV4/Blueprints/CharacterLogic/ALS_Base_CharacterBP.ALS_Base_CharacterBP
[2026.06.21-00.52.09:267][701]BlueprintLog: New page: Compile ALS_Base_CharacterBP
[2026.06.21-00.52.09:341][701]LogUObjectHash: Compacting FUObjectHashTables data took   2.64ms
[2026.06.21-00.54.45:974][135]LogSavePackage: Moving 'D:/LearnData/UnrealProject/UnrealLearn/ALSV4/Saved/ALS_Base_CharacterBP414007FF465208D6A3E834A41059EA42.tmp' to 'D:/LearnData/UnrealProject/UnrealLearn/ALSV4/Content/AdvancedLocomotionV4/Blueprints/CharacterLogic/ALS_Base_CharacterBP.uasset'
[2026.06.21-00.54.45:993][135]AssetCheck: New page: Asset Save: ALS_Base_CharacterBP
[2026.06.21-00.54.45:993][135]LogContentValidation: Display: Validating Blueprint /Game/AdvancedLocomotionV4/Blueprints/CharacterLogic/ALS_Base_CharacterBP.ALS_Base_CharacterBP
[2026.06.21-00.55.18:428][ 61]LogSavePackage: Moving 'D:/LearnData/UnrealProject/UnrealLearn/ALSV4/Saved/ALS_Base_CharacterBP1394DBEE4251DC777585CA817D3F56B7.tmp' to 'D:/LearnData/UnrealProject/UnrealLearn/ALSV4/Content/AdvancedLocomotionV4/Blueprints/CharacterLogic/ALS_Base_CharacterBP.uasset'
[2026.06.21-00.55.18:444][ 61]AssetCheck: New page: Asset Save: ALS_Base_CharacterBP
[2026.06.21-00.55.18:444][ 61]LogContentValidation: Display: Validating Blueprint /Game/AdvancedLocomotionV4/Blueprints/CharacterLogic/ALS_Base_CharacterBP.ALS_Base_CharacterBP
[2026.06.21-00.55.30:938][534]LogSavePackage: Moving 'D:/LearnData/UnrealProject/UnrealLearn/ALSV4/Saved/ALS_Base_CharacterBP38A1835C4F9ED5261A78BFB660D9DD47.tmp' to 'D:/LearnData/UnrealProject/UnrealLearn/ALSV4/Content/AdvancedLocomotionV4/Blueprints/CharacterLogic/ALS_Base_CharacterBP.uasset'
[2026.06.21-00.55.30:953][534]AssetCheck: New page: Asset Save: ALS_Base_CharacterBP
[2026.06.21-00.55.30:953][534]LogContentValidation: Display: Validating Blueprint /Game/AdvancedLocomotionV4/Blueprints/CharacterLogic/ALS_Base_CharacterBP.ALS_Base_CharacterBP
[2026.06.21-00.55.42:151][188]LogSavePackage: Moving 'D:/LearnData/UnrealProject/UnrealLearn/ALSV4/Saved/ALS_Base_CharacterBPFE88326045DBD0500A267EB15E9701B4.tmp' to 'D:/LearnData/UnrealProject/UnrealLearn/ALSV4/Content/AdvancedLocomotionV4/Blueprints/CharacterLogic/ALS_Base_CharacterBP.uasset'
[2026.06.21-00.55.42:167][188]AssetCheck: New page: Asset Save: ALS_Base_CharacterBP
[2026.06.21-00.55.42:167][188]LogContentValidation: Display: Validating Blueprint /Game/AdvancedLocomotionV4/Blueprints/CharacterLogic/ALS_Base_CharacterBP.ALS_Base_CharacterBP
[2026.06.21-00.56.17:277][360]LogSavePackage: Moving 'D:/LearnData/UnrealProject/UnrealLearn/ALSV4/Saved/ALS_Base_CharacterBPD09EC8894160FE66935914BE21F23F3C.tmp' to 'D:/LearnData/UnrealProject/UnrealLearn/ALSV4/Content/AdvancedLocomotionV4/Blueprints/CharacterLogic/ALS_Base_CharacterBP.uasset'
[2026.06.21-00.56.17:299][360]AssetCheck: New page: Asset Save: ALS_Base_CharacterBP
[2026.06.21-00.56.17:300][360]LogContentValidation: Display: Validating Blueprint /Game/AdvancedLocomotionV4/Blueprints/CharacterLogic/ALS_Base_CharacterBP.ALS_Base_CharacterBP
[2026.06.21-00.56.17:419][373]BlueprintLog: New page: Compile ALS_Base_CharacterBP
[2026.06.21-00.56.17:499][373]LogUObjectHash: Compacting FUObjectHashTables data took   2.75ms
[2026.06.21-00.57.04:965][670]LogSavePackage: Moving 'D:/LearnData/UnrealProject/UnrealLearn/ALSV4/Saved/ALS_Base_CharacterBP2F07B92C489F105D96FD6583F66645DD.tmp' to 'D:/LearnData/UnrealProject/UnrealLearn/ALSV4/Content/AdvancedLocomotionV4/Blueprints/CharacterLogic/ALS_Base_CharacterBP.uasset'
[2026.06.21-00.57.04:981][670]AssetCheck: New page: Asset Save: ALS_Base_CharacterBP
[2026.06.21-00.57.04:981][670]LogContentValidation: Display: Validating Blueprint /Game/AdvancedLocomotionV4/Blueprints/CharacterLogic/ALS_Base_CharacterBP.ALS_Base_CharacterBP
[2026.06.21-00.59.02:626][393]LogUObjectHash: Compacting FUObjectHashTables data took   2.63ms
[2026.06.21-00.59.02:663][393]LogSavePackage: Moving 'D:/LearnData/UnrealProject/UnrealLearn/ALSV4/Saved/ThirdPersonExampleMap_Auto30DBD035747F93BB86D14099FBA480616.tmp' to 'D:/LearnData/UnrealProject/UnrealLearn/ALSV4/Saved/Autosaves/Game/ThirdPersonBP/Maps/ThirdPersonExampleMap_Auto3.umap'
[2026.06.21-00.59.02:731][393]LogFileHelpers: Editor autosave (incl. external actors) for '/Game/ThirdPersonBP/Maps/ThirdPersonExampleMap' took 0.129
[2026.06.21-00.59.02:731][393]LogFileHelpers: Editor autosave (incl. sublevels & external actors) for all levels took 0.129
[2026.06.21-00.59.10:864][775]LogSavePackage: Moving 'D:/LearnData/UnrealProject/UnrealLearn/ALSV4/Saved/ALS_Base_CharacterBP766152F840112C03DF43D49D84EF0C00.tmp' to 'D:/LearnData/UnrealProject/UnrealLearn/ALSV4/Content/AdvancedLocomotionV4/Blueprints/CharacterLogic/ALS_Base_CharacterBP.uasset'
[2026.06.21-00.59.10:880][775]AssetCheck: New page: Asset Save: ALS_Base_CharacterBP
[2026.06.21-00.59.10:880][775]LogContentValidation: Display: Validating Blueprint /Game/AdvancedLocomotionV4/Blueprints/CharacterLogic/ALS_Base_CharacterBP.ALS_Base_CharacterBP
[2026.06.21-00.59.28:834][377]LogSavePackage: Moving 'D:/LearnData/UnrealProject/UnrealLearn/ALSV4/Saved/ALS_Base_CharacterBP1B07627A42F871A439F1948613422ECD.tmp' to 'D:/LearnData/UnrealProject/UnrealLearn/ALSV4/Content/AdvancedLocomotionV4/Blueprints/CharacterLogic/ALS_Base_CharacterBP.uasset'
[2026.06.21-00.59.28:852][377]AssetCheck: New page: Asset Save: ALS_Base_CharacterBP
[2026.06.21-00.59.28:852][377]LogContentValidation: Display: Validating Blueprint /Game/AdvancedLocomotionV4/Blueprints/CharacterLogic/ALS_Base_CharacterBP.ALS_Base_CharacterBP
[2026.06.21-00.59.38:138][ 96]LogSavePackage: Moving 'D:/LearnData/UnrealProject/UnrealLearn/ALSV4/Saved/ALS_Base_CharacterBP4A532C684DC1E5E262EC2AA83AEA9B1F.tmp' to 'D:/LearnData/UnrealProject/UnrealLearn/ALSV4/Content/AdvancedLocomotionV4/Blueprints/CharacterLogic/ALS_Base_CharacterBP.uasset'
[2026.06.21-00.59.38:154][ 96]AssetCheck: New page: Asset Save: ALS_Base_CharacterBP
[2026.06.21-00.59.38:154][ 96]LogContentValidation: Display: Validating Blueprint /Game/AdvancedLocomotionV4/Blueprints/CharacterLogic/ALS_Base_CharacterBP.ALS_Base_CharacterBP
[2026.06.21-01.00.00:967][548]LogSavePackage: Moving 'D:/LearnData/UnrealProject/UnrealLearn/ALSV4/Saved/ALS_Base_CharacterBP22EE359D495436D393C241B69AFD9E30.tmp' to 'D:/LearnData/UnrealProject/UnrealLearn/ALSV4/Content/AdvancedLocomotionV4/Blueprints/CharacterLogic/ALS_Base_CharacterBP.uasset'
[2026.06.21-01.00.00:983][548]AssetCheck: New page: Asset Save: ALS_Base_CharacterBP
[2026.06.21-01.00.00:983][548]LogContentValidation: Display: Validating Blueprint /Game/AdvancedLocomotionV4/Blueprints/CharacterLogic/ALS_Base_CharacterBP.ALS_Base_CharacterBP
[2026.06.21-01.00.27:845][786]LogSavePackage: Moving 'D:/LearnData/UnrealProject/UnrealLearn/ALSV4/Saved/ALS_Base_CharacterBP5C21875D4A5169B1E6D0D4B4EA31FFBB.tmp' to 'D:/LearnData/UnrealProject/UnrealLearn/ALSV4/Content/AdvancedLocomotionV4/Blueprints/CharacterLogic/ALS_Base_CharacterBP.uasset'
[2026.06.21-01.00.27:868][786]AssetCheck: New page: Asset Save: ALS_Base_CharacterBP
[2026.06.21-01.00.27:868][786]LogContentValidation: Display: Validating Blueprint /Game/AdvancedLocomotionV4/Blueprints/CharacterLogic/ALS_Base_CharacterBP.ALS_Base_CharacterBP
[2026.06.21-01.00.28:269][833]BlueprintLog: New page: Compile ALS_Base_CharacterBP
[2026.06.21-01.00.28:342][833]LogUObjectHash: Compacting FUObjectHashTables data took   2.03ms
[2026.06.21-01.06.14:408][530]LogAssetEditorSubsystem: Opening Asset editor for Blueprint /Game/AdvancedLocomotionV4/Blueprints/CharacterLogic/ALS_AnimMan_CharacterBP.ALS_AnimMan_CharacterBP
[2026.06.21-01.07.24:422][736]LogSavePackage: Moving 'D:/LearnData/UnrealProject/UnrealLearn/ALSV4/Saved/ALS_AnimMan_CharacterBP8238372C4EBAAC26F0F23FB45D0BE472.tmp' to 'D:/LearnData/UnrealProject/UnrealLearn/ALSV4/Content/AdvancedLocomotionV4/Blueprints/CharacterLogic/ALS_AnimMan_CharacterBP.uasset'
[2026.06.21-01.07.24:462][736]AssetCheck: New page: Asset Save: ALS_AnimMan_CharacterBP
[2026.06.21-01.07.24:462][736]LogContentValidation: Display: Validating Blueprint /Game/AdvancedLocomotionV4/Blueprints/CharacterLogic/ALS_AnimMan_CharacterBP.ALS_AnimMan_CharacterBP
[2026.06.21-01.07.24:581][748]BlueprintLog: New page: Compile ALS_AnimMan_CharacterBP
[2026.06.21-01.07.24:634][748]LogUObjectHash: Compacting FUObjectHashTables data took   3.00ms
[2026.06.21-01.07.31:519][947]LogTemp: Repeating last play command: Selected Viewport
[2026.06.21-01.07.31:526][947]LogPlayLevel: PlayLevel: No blueprints needed recompiling
[2026.06.21-01.07.31:527][947]PIE: New page: PIE session: ThirdPersonExampleMap (Jun 21, 2026, 7:07:31 PM)
[2026.06.21-01.07.31:528][947]LogOnline: OSS: Creating online subsystem instance for: NULL
[2026.06.21-01.07.31:530][947]LogOnline: OSS: TryLoadSubsystemAndSetDefault: Loaded subsystem for module [NULL]
[2026.06.21-01.07.31:530][947]LogPlayLevel: Creating play world package: /Game/ThirdPersonBP/Maps/UEDPIE_0_ThirdPersonExampleMap
[2026.06.21-01.07.31:541][947]LogPlayLevel: PIE: StaticDuplicateObject took: (0.010859s)
[2026.06.21-01.07.31:542][947]LogAIModule: Creating AISystem for world ThirdPersonExampleMap
[2026.06.21-01.07.31:542][947]LogPlayLevel: PIE: World Init took: (0.001087s)
[2026.06.21-01.07.31:542][947]LogPlayLevel: PIE: Created PIE world by copying editor world from /Game/ThirdPersonBP/Maps/ThirdPersonExampleMap.ThirdPersonExampleMap to /Game/ThirdPersonBP/Maps/UEDPIE_0_ThirdPersonExampleMap.ThirdPersonExampleMap (0.012144s)
[2026.06.21-01.07.31:561][947]LogUObjectHash: Compacting FUObjectHashTables data took   2.32ms
[2026.06.21-01.07.31:563][947]LogAudio: Display: Creating Audio Device:                 Id: 2, Scope: Unique, Realtime: True
[2026.06.21-01.07.31:563][947]LogAudioMixer: Display: Audio Mixer Platform Settings:
[2026.06.21-01.07.31:563][947]LogAudioMixer: Display: 	Sample Rate:						  48000
[2026.06.21-01.07.31:563][947]LogAudioMixer: Display: 	Callback Buffer Frame Size Requested: 1024
[2026.06.21-01.07.31:564][947]LogAudioMixer: Display: 	Callback Buffer Frame Size To Use:	  1024
[2026.06.21-01.07.31:564][947]LogAudioMixer: Display: 	Number of buffers to queue:			  2
[2026.06.21-01.07.31:564][947]LogAudioMixer: Display: 	Max Channels (voices):				  32
[2026.06.21-01.07.31:564][947]LogAudioMixer: Display: 	Number of Async Source Workers:		  0
[2026.06.21-01.07.31:564][947]LogAudio: Display: AudioDevice MaxSources: 32
[2026.06.21-01.07.31:564][947]LogAudio: Display: Audio Spatialization Plugin: None (built-in).
[2026.06.21-01.07.31:564][947]LogAudio: Display: Audio Reverb Plugin: None (built-in).
[2026.06.21-01.07.31:564][947]LogAudio: Display: Audio Occlusion Plugin: None (built-in).
[2026.06.21-01.07.31:564][947]LogAudioMixer: Display: Initializing audio mixer.
[2026.06.21-01.07.31:571][947]LogAudioMixer: Display: 0: FrontLeft
[2026.06.21-01.07.31:571][947]LogAudioMixer: Display: 1: FrontRight
[2026.06.21-01.07.31:584][947]LogAudioMixer: Display: Using Audio Device 扬声器 (HECATE G1500)
[2026.06.21-01.07.31:584][947]LogAudioMixer: Display: Initializing Sound Submixes...
[2026.06.21-01.07.31:584][947]LogAudioMixer: Display: Creating Master Submix 'MasterSubmixDefault'
[2026.06.21-01.07.31:585][947]LogAudioMixer: Display: Creating Master Submix 'MasterReverbSubmixDefault'
[2026.06.21-01.07.31:585][947]LogAudioMixer: Display: Creating Master Submix 'MasterEQSubmixDefault'
[2026.06.21-01.07.31:585][947]LogAudioMixer: FMixerPlatformXAudio2::StartAudioStream() called
[2026.06.21-01.07.31:585][947]LogAudioMixer: Display: Output buffers initialized: Frames=1024, Channels=2, Samples=2048
[2026.06.21-01.07.31:587][947]LogAudioMixer: Display: Starting AudioMixerPlatformInterface::RunInternal()
[2026.06.21-01.07.31:587][947]LogAudioMixer: Display: FMixerPlatformXAudio2::SubmitBuffer() called for the first time
[2026.06.21-01.07.31:587][947]LogInit: FAudioDevice initialized.
[2026.06.21-01.07.31:587][947]LogAudio: Display: Audio Device (ID: 2) registered with world 'ThirdPersonExampleMap'.
[2026.06.21-01.07.31:722][947]LogSkeletalMesh: Building Skeletal Mesh Camera...
[2026.06.21-01.07.31:725][947]LogSkeletalMesh: Built Skeletal Mesh [0.00s] /Game/AdvancedLocomotionV4/Blueprints/CameraSystem/Camera.Camera
[2026.06.21-01.07.31:735][947]LogLoad: Game class is 'ALS_GameMode_C'
[2026.06.21-01.07.31:737][947]LogWorld: Bringing World /Game/ThirdPersonBP/Maps/UEDPIE_0_ThirdPersonExampleMap.ThirdPersonExampleMap up for play (max tick rate 0) at 2026.06.21-10.07.31
[2026.06.21-01.07.31:738][947]LogWorld: Bringing up level for play took: 0.002027
[2026.06.21-01.07.31:738][947]LogOnline: OSS: Creating online subsystem instance for: :Context_13
[2026.06.21-01.07.31:745][947]LogNativeClassHierarchy: Verbose: Native class hierarchy updated for 'MovieSceneCapture' in 0.0003 seconds. Added 20 classes and 0 folders.
[2026.06.21-01.07.31:748][947]PIE: Server logged in
[2026.06.21-01.07.31:751][947]PIE: Play in editor total start time 0.225 seconds.
[2026.06.21-01.07.33:526][119]LogBlueprintUserMessages: [ALS_BTTask_ChangeMesh_C_0] On Task Execute
[2026.06.21-01.07.34:688][255]LogBlueprintUserMessages: [CustomNotify_C_0] Hello
[2026.06.21-01.07.35:540][357]LogBlueprintUserMessages: [ALS_BTTask_ChangeMesh_C_1] On Task Execute
[2026.06.21-01.07.37:558][599]LogBlueprintUserMessages: [ALS_BTTask_ChangeMesh_C_0] On Task Execute
[2026.06.21-01.07.39:573][840]LogBlueprintUserMessages: [ALS_BTTask_ChangeMesh_C_1] On Task Execute
[2026.06.21-01.07.41:590][ 81]LogBlueprintUserMessages: [ALS_BTTask_ChangeMesh_C_0] On Task Execute
[2026.06.21-01.07.41:665][ 90]LogBlueprintUserMessages: [CustomNotify_C_0] Hello
[2026.06.21-01.07.43:598][321]LogBlueprintUserMessages: [ALS_BTTask_ChangeMesh_C_1] On Task Execute
[2026.06.21-01.07.43:682][331]LogBlueprintUserMessages: [CustomNotify_C_0] Hello
[2026.06.21-01.07.44:005][365]LogSlate: Updating window title bar state: overlay mode, drag disabled, window buttons hidden, title bar hidden
[2026.06.21-01.07.44:005][365]LogWorld: BeginTearingDown for /Game/ThirdPersonBP/Maps/UEDPIE_0_ThirdPersonExampleMap
[2026.06.21-01.07.44:006][365]LogWorld: UWorld::CleanupWorld for ThirdPersonExampleMap, bSessionEnded=true, bCleanupResources=true
[2026.06.21-01.07.44:006][365]LogSlate: InvalidateAllWidgets triggered.  All widgets were invalidated
[2026.06.21-01.07.44:017][365]LogPlayLevel: Display: Shutting down PIE online subsystems
[2026.06.21-01.07.44:021][365]LogSlate: InvalidateAllWidgets triggered.  All widgets were invalidated
[2026.06.21-01.07.44:050][365]LogAudio: Display: Audio Device unregistered from world 'None'.
[2026.06.21-01.07.44:050][365]LogAudioMixer: FMixerPlatformXAudio2::StopAudioStream() called
[2026.06.21-01.07.44:052][365]LogAudioMixer: FMixerPlatformXAudio2::StopAudioStream() called
[2026.06.21-01.07.44:054][365]LogSlate: Updating window title bar state: overlay mode, drag disabled, window buttons hidden, title bar hidden
[2026.06.21-01.07.44:070][365]LogUObjectHash: Compacting FUObjectHashTables data took   3.70ms
[2026.06.21-01.07.44:091][366]LogPlayLevel: Display: Destroying online subsystem :Context_13
[2026.06.21-01.08.23:302][803]LogAssetEditorSubsystem: Opening Asset editor for DataTable /Game/AdvancedLocomotionV4/Data/DataTables/MovementModelTable.MovementModelTable
[2026.06.21-01.08.33:307][696]LogSlate: Window 'MovementModelTable' being destroyed
[2026.06.21-01.08.33:318][696]LogSlate: Window 'MovementModelTable' being destroyed
[2026.06.21-01.09.15:757][161]LogUObjectHash: Compacting FUObjectHashTables data took   5.52ms
[2026.06.21-01.09.15:772][161]LogSavePackage: Moving 'D:/LearnData/UnrealProject/UnrealLearn/ALSV4/Saved/ThirdPersonExampleMap_Auto42A3C176E44428EAE1654D4A4ED408794.tmp' to 'D:/LearnData/UnrealProject/UnrealLearn/ALSV4/Saved/Autosaves/Game/ThirdPersonBP/Maps/ThirdPersonExampleMap_Auto4.umap'
[2026.06.21-01.09.15:774][161]LogFileHelpers: Editor autosave (incl. external actors) for '/Game/ThirdPersonBP/Maps/ThirdPersonExampleMap' took 0.092
[2026.06.21-01.09.15:774][161]LogFileHelpers: Editor autosave (incl. sublevels & external actors) for all levels took 0.092
[2026.06.21-01.10.08:727][422]LogSlate: Window 'Message Log' being destroyed
[2026.06.21-01.10.08:738][422]LogSlate: Window 'Message Log' being destroyed
[2026.06.21-01.11.46:386][300]LogTemp: Repeating last play command: Selected Viewport
[2026.06.21-01.11.46:392][300]LogPlayLevel: PlayLevel: No blueprints needed recompiling
[2026.06.21-01.11.46:392][300]PIE: New page: PIE session: ThirdPersonExampleMap (Jun 21, 2026, 7:11:46 PM)
[2026.06.21-01.11.46:434][300]LogPlayLevel: Creating play world package: /Game/ThirdPersonBP/Maps/UEDPIE_0_ThirdPersonExampleMap
[2026.06.21-01.11.46:446][300]LogPlayLevel: PIE: StaticDuplicateObject took: (0.011054s)
[2026.06.21-01.11.46:447][300]LogAIModule: Creating AISystem for world ThirdPersonExampleMap
[2026.06.21-01.11.46:447][300]LogPlayLevel: PIE: World Init took: (0.001684s)
[2026.06.21-01.11.46:447][300]LogPlayLevel: PIE: Created PIE world by copying editor world from /Game/ThirdPersonBP/Maps/ThirdPersonExampleMap.ThirdPersonExampleMap to /Game/ThirdPersonBP/Maps/UEDPIE_0_ThirdPersonExampleMap.ThirdPersonExampleMap (0.013009s)
[2026.06.21-01.11.46:494][300]LogUObjectHash: Compacting FUObjectHashTables data took   3.28ms
[2026.06.21-01.11.46:496][300]LogAudio: Display: Creating Audio Device:                 Id: 3, Scope: Unique, Realtime: True
[2026.06.21-01.11.46:496][300]LogAudioMixer: Display: Audio Mixer Platform Settings:
[2026.06.21-01.11.46:496][300]LogAudioMixer: Display: 	Sample Rate:						  48000
[2026.06.21-01.11.46:496][300]LogAudioMixer: Display: 	Callback Buffer Frame Size Requested: 1024
[2026.06.21-01.11.46:496][300]LogAudioMixer: Display: 	Callback Buffer Frame Size To Use:	  1024
[2026.06.21-01.11.46:496][300]LogAudioMixer: Display: 	Number of buffers to queue:			  2
[2026.06.21-01.11.46:496][300]LogAudioMixer: Display: 	Max Channels (voices):				  32
[2026.06.21-01.11.46:496][300]LogAudioMixer: Display: 	Number of Async Source Workers:		  0
[2026.06.21-01.11.46:496][300]LogAudio: Display: AudioDevice MaxSources: 32
[2026.06.21-01.11.46:496][300]LogAudio: Display: Audio Spatialization Plugin: None (built-in).
[2026.06.21-01.11.46:496][300]LogAudio: Display: Audio Reverb Plugin: None (built-in).
[2026.06.21-01.11.46:496][300]LogAudio: Display: Audio Occlusion Plugin: None (built-in).
[2026.06.21-01.11.46:496][300]LogAudioMixer: Display: Initializing audio mixer.
[2026.06.21-01.11.46:503][300]LogAudioMixer: Display: 0: FrontLeft
[2026.06.21-01.11.46:503][300]LogAudioMixer: Display: 1: FrontRight
[2026.06.21-01.11.46:519][300]LogAudioMixer: Display: Using Audio Device 扬声器 (HECATE G1500)
[2026.06.21-01.11.46:519][300]LogAudioMixer: Display: Initializing Sound Submixes...
[2026.06.21-01.11.46:519][300]LogAudioMixer: Display: Creating Master Submix 'MasterSubmixDefault'
[2026.06.21-01.11.46:519][300]LogAudioMixer: Display: Creating Master Submix 'MasterReverbSubmixDefault'
[2026.06.21-01.11.46:519][300]LogAudioMixer: Display: Creating Master Submix 'MasterEQSubmixDefault'
[2026.06.21-01.11.46:520][300]LogAudioMixer: FMixerPlatformXAudio2::StartAudioStream() called
[2026.06.21-01.11.46:520][300]LogAudioMixer: Display: Output buffers initialized: Frames=1024, Channels=2, Samples=2048
[2026.06.21-01.11.46:520][300]LogAudioMixer: Display: Starting AudioMixerPlatformInterface::RunInternal()
[2026.06.21-01.11.46:520][300]LogAudioMixer: Display: FMixerPlatformXAudio2::SubmitBuffer() called for the first time
[2026.06.21-01.11.46:520][300]LogInit: FAudioDevice initialized.
[2026.06.21-01.11.46:520][300]LogAudio: Display: Audio Device (ID: 3) registered with world 'ThirdPersonExampleMap'.
[2026.06.21-01.11.46:531][300]LogLoad: Game class is 'ALS_GameMode_C'
[2026.06.21-01.11.46:532][300]LogWorld: Bringing World /Game/ThirdPersonBP/Maps/UEDPIE_0_ThirdPersonExampleMap.ThirdPersonExampleMap up for play (max tick rate 0) at 2026.06.21-10.11.46
[2026.06.21-01.11.46:534][300]LogWorld: Bringing up level for play took: 0.001817
[2026.06.21-01.11.46:534][300]LogOnline: OSS: Creating online subsystem instance for: :Context_14
[2026.06.21-01.11.46:538][300]PIE: Server logged in
[2026.06.21-01.11.46:539][300]PIE: Play in editor total start time 0.148 seconds.
[2026.06.21-01.11.48:391][518]LogBlueprintUserMessages: [ALS_BTTask_ChangeMesh_C_0] On Task Execute
[2026.06.21-01.11.48:565][536]LogSlate: Updating window title bar state: overlay mode, drag disabled, window buttons hidden, title bar hidden
[2026.06.21-01.11.48:565][536]LogWorld: BeginTearingDown for /Game/ThirdPersonBP/Maps/UEDPIE_0_ThirdPersonExampleMap
[2026.06.21-01.11.48:566][536]LogWorld: UWorld::CleanupWorld for ThirdPersonExampleMap, bSessionEnded=true, bCleanupResources=true
[2026.06.21-01.11.48:566][536]LogSlate: InvalidateAllWidgets triggered.  All widgets were invalidated
[2026.06.21-01.11.48:579][536]LogPlayLevel: Display: Shutting down PIE online subsystems
[2026.06.21-01.11.48:584][536]LogSlate: InvalidateAllWidgets triggered.  All widgets were invalidated
[2026.06.21-01.11.48:607][536]LogAudio: Display: Audio Device unregistered from world 'None'.
[2026.06.21-01.11.48:607][536]LogAudioMixer: FMixerPlatformXAudio2::StopAudioStream() called
[2026.06.21-01.11.48:608][536]LogAudioMixer: FMixerPlatformXAudio2::StopAudioStream() called
[2026.06.21-01.11.48:610][536]LogSlate: Updating window title bar state: overlay mode, drag disabled, window buttons hidden, title bar hidden
[2026.06.21-01.11.48:614][536]LogUObjectHash: Compacting FUObjectHashTables data took   2.87ms
[2026.06.21-01.11.48:657][538]LogPlayLevel: Display: Destroying online subsystem :Context_14
[2026.06.21-01.12.02:958][947]LogUObjectHash: Compacting FUObjectHashTables data took   3.77ms
[2026.06.21-01.12.03:019][947]LogSavePackage: Moving 'D:/LearnData/UnrealProject/UnrealLearn/ALSV4/Saved/ThirdPersonExampleMap431E8BED46C1D0D0DD7D27ADCCC64136.tmp' to 'D:/LearnData/UnrealProject/UnrealLearn/ALSV4/Content/ThirdPersonBP/Maps/ThirdPersonExampleMap.umap'
[2026.06.21-01.12.03:178][947]LogSavePackage: Moving 'D:/LearnData/UnrealProject/UnrealLearn/ALSV4/Saved/ThirdPersonExampleMap_BuiltData6A6B00EF4B828404D8A95BBE652BAAB0.tmp' to 'D:/LearnData/UnrealProject/UnrealLearn/ALSV4/Content/ThirdPersonBP/Maps/ThirdPersonExampleMap_BuiltData.uasset'
[2026.06.21-01.12.03:205][947]AssetCheck: New page: Asset Save: multiple assets
[2026.06.21-01.12.03:205][947]LogContentValidation: Display: Validating MapBuildDataRegistry /Game/ThirdPersonBP/Maps/ThirdPersonExampleMap_BuiltData.ThirdPersonExampleMap_BuiltData
[2026.06.21-01.12.03:205][947]LogContentValidation: Display: Validating World /Game/ThirdPersonBP/Maps/ThirdPersonExampleMap.ThirdPersonExampleMap
[2026.06.21-01.12.03:966][ 33]LogUObjectHash: Compacting FUObjectHashTables data took   3.82ms
[2026.06.21-01.12.04:039][ 33]LogWorld: UWorld::CleanupWorld for World_2, bSessionEnded=true, bCleanupResources=true
[2026.06.21-01.12.04:039][ 33]LogSlate: InvalidateAllWidgets triggered.  All widgets were invalidated
[2026.06.21-01.12.04:242][ 33]LogActorComponent: UnregisterComponent: (/Engine/Transient.EditorFloorComp) Not registered. Aborting.
[2026.06.21-01.12.04:242][ 33]LogWorld: UWorld::CleanupWorld for World_10, bSessionEnded=true, bCleanupResources=true
[2026.06.21-01.12.04:242][ 33]LogSlate: InvalidateAllWidgets triggered.  All widgets were invalidated
[2026.06.21-01.12.04:304][ 33]LogSlate: Window 'ALSV4 - Unreal Editor' being destroyed
[2026.06.21-01.12.04:406][ 34]Cmd: QUIT_EDITOR
[2026.06.21-01.12.04:406][ 34]LogCore: Engine exit requested (reason: UUnrealEdEngine::CloseEditor())
[2026.06.21-01.12.04:409][ 34]LogCore: Engine exit requested (reason: EngineExit() was called; note: exit was already requested)
[2026.06.21-01.12.05:143][ 34]LogAudio: Display: Beginning Audio Device Manager Shutdown (Module: AudioMixerXAudio2)...
[2026.06.21-01.12.05:143][ 34]LogAudio: Display: Destroying 1 Remaining Audio Device(s)...
[2026.06.21-01.12.05:143][ 34]LogAudio: Display: Audio Device unregistered from world 'ThirdPersonExampleMap'.
[2026.06.21-01.12.05:143][ 34]LogAudioMixer: FMixerPlatformXAudio2::StopAudioStream() called
[2026.06.21-01.12.05:144][ 34]LogAudioMixer: FMixerPlatformXAudio2::StopAudioStream() called
[2026.06.21-01.12.05:148][ 34]LogAudio: Display: Audio Device Manager Shutdown
[2026.06.21-01.12.05:153][ 34]LogWindowsTextInputMethodSystem: Display: IME system activated using TSF (搜狗拼音输入法).
[2026.06.21-01.12.05:159][ 34]LogExit: Preparing to exit.
[2026.06.21-01.12.06:105][ 34]LogUObjectHash: Compacting FUObjectHashTables data took   4.20ms
[2026.06.21-01.12.06:301][ 34]LogWorld: UWorld::CleanupWorld for World_3, bSessionEnded=true, bCleanupResources=true
[2026.06.21-01.12.06:304][ 34]LogActorComponent: UnregisterComponent: (None.None) Not registered. Aborting.
[2026.06.21-01.12.06:304][ 34]LogActorComponent: UnregisterComponent: (None.None) Not registered. Aborting.
[2026.06.21-01.12.06:304][ 34]LogActorComponent: UnregisterComponent: (None.None) Not registered. Aborting.
[2026.06.21-01.12.06:304][ 34]LogActorComponent: UnregisterComponent: (None.None) Not registered. Aborting.
[2026.06.21-01.12.06:304][ 34]LogActorComponent: UnregisterComponent: (None.None) Not registered. Aborting.
[2026.06.21-01.12.06:304][ 34]LogActorComponent: UnregisterComponent: (None.None) Not registered. Aborting.
[2026.06.21-01.12.06:304][ 34]LogActorComponent: UnregisterComponent: (None.None) Not registered. Aborting.
[2026.06.21-01.12.06:304][ 34]LogWorld: UWorld::CleanupWorld for None, bSessionEnded=true, bCleanupResources=true
[2026.06.21-01.12.06:307][ 34]LogActorComponent: UnregisterComponent: (None.None) Not registered. Aborting.
[2026.06.21-01.12.06:307][ 34]LogActorComponent: UnregisterComponent: (None.None) Not registered. Aborting.
[2026.06.21-01.12.06:307][ 34]LogActorComponent: UnregisterComponent: (None.None) Not registered. Aborting.
[2026.06.21-01.12.06:307][ 34]LogActorComponent: UnregisterComponent: (None.None) Not registered. Aborting.
[2026.06.21-01.12.06:307][ 34]LogActorComponent: UnregisterComponent: (None.None) Not registered. Aborting.
[2026.06.21-01.12.06:307][ 34]LogActorComponent: UnregisterComponent: (None.None) Not registered. Aborting.
[2026.06.21-01.12.06:307][ 34]LogActorComponent: UnregisterComponent: (None.None) Not registered. Aborting.
[2026.06.21-01.12.06:307][ 34]LogWorld: UWorld::CleanupWorld for None, bSessionEnded=true, bCleanupResources=true
[2026.06.21-01.12.06:311][ 34]LogActorComponent: UnregisterComponent: (None.None) Not registered. Aborting.
[2026.06.21-01.12.06:311][ 34]LogActorComponent: UnregisterComponent: (None.None) Not registered. Aborting.
[2026.06.21-01.12.06:311][ 34]LogActorComponent: UnregisterComponent: (None.None) Not registered. Aborting.
[2026.06.21-01.12.06:311][ 34]LogActorComponent: UnregisterComponent: (None.None) Not registered. Aborting.
[2026.06.21-01.12.06:311][ 34]LogActorComponent: UnregisterComponent: (None.None) Not registered. Aborting.
[2026.06.21-01.12.06:311][ 34]LogActorComponent: UnregisterComponent: (None.None) Not registered. Aborting.
[2026.06.21-01.12.06:311][ 34]LogActorComponent: UnregisterComponent: (None.None) Not registered. Aborting.
[2026.06.21-01.12.06:311][ 34]LogWorld: UWorld::CleanupWorld for None, bSessionEnded=true, bCleanupResources=true
[2026.06.21-01.12.06:315][ 34]LogActorComponent: UnregisterComponent: (None.None) Not registered. Aborting.
[2026.06.21-01.12.06:315][ 34]LogActorComponent: UnregisterComponent: (None.None) Not registered. Aborting.
[2026.06.21-01.12.06:315][ 34]LogActorComponent: UnregisterComponent: (None.None) Not registered. Aborting.
[2026.06.21-01.12.06:315][ 34]LogActorComponent: UnregisterComponent: (None.None) Not registered. Aborting.
[2026.06.21-01.12.06:315][ 34]LogActorComponent: UnregisterComponent: (None.None) Not registered. Aborting.
[2026.06.21-01.12.06:315][ 34]LogActorComponent: UnregisterComponent: (None.None) Not registered. Aborting.
[2026.06.21-01.12.06:315][ 34]LogActorComponent: UnregisterComponent: (None.None) Not registered. Aborting.
[2026.06.21-01.12.06:315][ 34]LogWorld: UWorld::CleanupWorld for None, bSessionEnded=true, bCleanupResources=true
[2026.06.21-01.12.06:318][ 34]LogActorComponent: UnregisterComponent: (None.None) Not registered. Aborting.
[2026.06.21-01.12.06:318][ 34]LogActorComponent: UnregisterComponent: (None.None) Not registered. Aborting.
[2026.06.21-01.12.06:318][ 34]LogActorComponent: UnregisterComponent: (None.None) Not registered. Aborting.
[2026.06.21-01.12.06:318][ 34]LogActorComponent: UnregisterComponent: (None.None) Not registered. Aborting.
[2026.06.21-01.12.06:318][ 34]LogActorComponent: UnregisterComponent: (None.None) Not registered. Aborting.
[2026.06.21-01.12.06:318][ 34]LogActorComponent: UnregisterComponent: (None.None) Not registered. Aborting.
[2026.06.21-01.12.06:318][ 34]LogActorComponent: UnregisterComponent: (None.None) Not registered. Aborting.
[2026.06.21-01.12.06:318][ 34]LogWorld: UWorld::CleanupWorld for None, bSessionEnded=true, bCleanupResources=true
[2026.06.21-01.12.06:321][ 34]LogActorComponent: UnregisterComponent: (None.None) Not registered. Aborting.
[2026.06.21-01.12.06:321][ 34]LogActorComponent: UnregisterComponent: (None.None) Not registered. Aborting.
[2026.06.21-01.12.06:321][ 34]LogActorComponent: UnregisterComponent: (None.None) Not registered. Aborting.
[2026.06.21-01.12.06:321][ 34]LogActorComponent: UnregisterComponent: (None.None) Not registered. Aborting.
[2026.06.21-01.12.06:321][ 34]LogActorComponent: UnregisterComponent: (None.None) Not registered. Aborting.
[2026.06.21-01.12.06:321][ 34]LogActorComponent: UnregisterComponent: (None.None) Not registered. Aborting.
[2026.06.21-01.12.06:321][ 34]LogActorComponent: UnregisterComponent: (None.None) Not registered. Aborting.
[2026.06.21-01.12.06:321][ 34]LogWorld: UWorld::CleanupWorld for None, bSessionEnded=true, bCleanupResources=true
[2026.06.21-01.12.06:325][ 34]LogActorComponent: UnregisterComponent: (None.None) Not registered. Aborting.
[2026.06.21-01.12.06:325][ 34]LogActorComponent: UnregisterComponent: (None.None) Not registered. Aborting.
[2026.06.21-01.12.06:325][ 34]LogActorComponent: UnregisterComponent: (None.None) Not registered. Aborting.
[2026.06.21-01.12.06:325][ 34]LogActorComponent: UnregisterComponent: (None.None) Not registered. Aborting.
[2026.06.21-01.12.06:325][ 34]LogActorComponent: UnregisterComponent: (None.None) Not registered. Aborting.
[2026.06.21-01.12.06:325][ 34]LogActorComponent: UnregisterComponent: (None.None) Not registered. Aborting.
[2026.06.21-01.12.06:325][ 34]LogActorComponent: UnregisterComponent: (None.None) Not registered. Aborting.
[2026.06.21-01.12.06:325][ 34]LogWorld: UWorld::CleanupWorld for None, bSessionEnded=true, bCleanupResources=true
[2026.06.21-01.12.06:328][ 34]LogActorComponent: UnregisterComponent: (None.None) Not registered. Aborting.
[2026.06.21-01.12.06:328][ 34]LogActorComponent: UnregisterComponent: (None.None) Not registered. Aborting.
[2026.06.21-01.12.06:328][ 34]LogActorComponent: UnregisterComponent: (None.None) Not registered. Aborting.
[2026.06.21-01.12.06:328][ 34]LogActorComponent: UnregisterComponent: (None.None) Not registered. Aborting.
[2026.06.21-01.12.06:328][ 34]LogActorComponent: UnregisterComponent: (None.None) Not registered. Aborting.
[2026.06.21-01.12.06:328][ 34]LogActorComponent: UnregisterComponent: (None.None) Not registered. Aborting.
[2026.06.21-01.12.06:328][ 34]LogActorComponent: UnregisterComponent: (None.None) Not registered. Aborting.
[2026.06.21-01.12.06:328][ 34]LogWorld: UWorld::CleanupWorld for None, bSessionEnded=true, bCleanupResources=true
[2026.06.21-01.12.06:332][ 34]LogActorComponent: UnregisterComponent: (None.None) Not registered. Aborting.
[2026.06.21-01.12.06:332][ 34]LogActorComponent: UnregisterComponent: (None.None) Not registered. Aborting.
[2026.06.21-01.12.06:332][ 34]LogActorComponent: UnregisterComponent: (None.None) Not registered. Aborting.
[2026.06.21-01.12.06:332][ 34]LogActorComponent: UnregisterComponent: (None.None) Not registered. Aborting.
[2026.06.21-01.12.06:332][ 34]LogActorComponent: UnregisterComponent: (None.None) Not registered. Aborting.
[2026.06.21-01.12.06:332][ 34]LogActorComponent: UnregisterComponent: (None.None) Not registered. Aborting.
[2026.06.21-01.12.06:332][ 34]LogActorComponent: UnregisterComponent: (None.None) Not registered. Aborting.
[2026.06.21-01.12.06:332][ 34]LogWorld: UWorld::CleanupWorld for None, bSessionEnded=true, bCleanupResources=true
[2026.06.21-01.12.06:393][ 34]LogDemo: Cleaned up 0 splitscreen connections with owner deletion
[2026.06.21-01.12.06:403][ 34]LogExit: Editor shut down
[2026.06.21-01.12.06:403][ 34]LogExit: Transaction tracking system shut down
[2026.06.21-01.12.06:738][ 34]LogExit: Object subsystem successfully closed.
[2026.06.21-01.12.06:762][ 34]LogShaderCompilers: Display: === FShaderJobCache stats ===
[2026.06.21-01.12.06:762][ 34]LogShaderCompilers: Display: Total job queries 0, among them cache hits 0 (0.00%)
[2026.06.21-01.12.06:762][ 34]LogShaderCompilers: Display: Tracking 0 distinct input hashes that result in 0 distinct outputs (0.00%)
[2026.06.21-01.12.06:762][ 34]LogShaderCompilers: Display: RAM used: 0.00 MB (0.00 GB) of 1638.40 MB (1.60 GB) budget. Usage: 0.00%
[2026.06.21-01.12.06:762][ 34]LogShaderCompilers: Display: ================================================
[2026.06.21-01.12.06:773][ 34]LogShaderCompilers: Display: Shaders left to compile 0
[2026.06.21-01.12.06:803][ 34]LogModuleManager: Shutting down and abandoning module DataTableEditor (894)
[2026.06.21-01.12.06:803][ 34]LogModuleManager: Shutting down and abandoning module MovieSceneCapture (892)
[2026.06.21-01.12.06:803][ 34]LogModuleManager: Shutting down and abandoning module Voice (890)
[2026.06.21-01.12.06:803][ 34]LogModuleManager: Shutting down and abandoning module BlueprintGraph (888)
[2026.06.21-01.12.06:804][ 34]LogModuleManager: Shutting down and abandoning module HierarchicalLODOutliner (886)
[2026.06.21-01.12.06:804][ 34]LogModuleManager: Shutting down and abandoning module SceneOutliner (884)
[2026.06.21-01.12.06:804][ 34]LogModuleManager: Shutting down and abandoning module AddContentDialog (882)
[2026.06.21-01.12.06:804][ 34]LogModuleManager: Shutting down and abandoning module WidgetCarousel (881)
[2026.06.21-01.12.06:804][ 34]LogModuleManager: Shutting down and abandoning module EditorWidgets (878)
[2026.06.21-01.12.06:804][ 34]LogModuleManager: Shutting down and abandoning module StatsViewer (876)
[2026.06.21-01.12.06:804][ 34]LogModuleManager: Shutting down and abandoning module PIEPreviewDeviceProfileSelector (874)
[2026.06.21-01.12.06:804][ 34]LogModuleManager: Shutting down and abandoning module SequenceRecorderSections (872)
[2026.06.21-01.12.06:804][ 34]LogModuleManager: Shutting down and abandoning module AutomationWorker (870)
[2026.06.21-01.12.06:804][ 34]LogModuleManager: Shutting down and abandoning module SteamVREditor (868)
[2026.06.21-01.12.06:804][ 34]LogModuleManager: Shutting down and abandoning module OculusMR (866)
[2026.06.21-01.12.06:804][ 34]LogModuleManager: Shutting down and abandoning module RiderLC (864)
[2026.06.21-01.12.06:804][ 34]LogModuleManager: Shutting down and abandoning module RiderShaderInfo (862)
[2026.06.21-01.12.06:804][ 34]LogModuleManager: Shutting down and abandoning module TakeRecorderSources (860)
[2026.06.21-01.12.06:804][ 34]LogModuleManager: Shutting down and abandoning module TakeRecorder (859)
[2026.06.21-01.12.06:804][ 34]LogModuleManager: Shutting down and abandoning module TakeTrackRecorders (856)
[2026.06.21-01.12.06:805][ 34]LogModuleManager: Shutting down and abandoning module TakesCore (854)
[2026.06.21-01.12.06:805][ 34]LogModuleManager: Shutting down and abandoning module OpenXRInput (852)
[2026.06.21-01.12.06:805][ 34]LogModuleManager: Shutting down and abandoning module GooglePADEditor (850)
[2026.06.21-01.12.06:805][ 34]LogModuleManager: Shutting down and abandoning module AudioCaptureEditor (848)
[2026.06.21-01.12.06:805][ 34]LogModuleManager: Shutting down and abandoning module TemplateSequenceEditor (846)
[2026.06.21-01.12.06:805][ 34]LogModuleManager: Shutting down and abandoning module MatineeToLevelSequence (844)
[2026.06.21-01.12.06:805][ 34]LogModuleManager: Shutting down and abandoning module LevelSequenceEditor (842)
[2026.06.21-01.12.06:805][ 34]LogModuleManager: Shutting down and abandoning module ActorSequenceEditor (840)
[2026.06.21-01.12.06:805][ 34]LogModuleManager: Shutting down and abandoning module WmfMediaFactory (838)
[2026.06.21-01.12.06:805][ 34]LogModuleManager: Shutting down and abandoning module WmfMediaEditor (836)
[2026.06.21-01.12.06:805][ 34]LogModuleManager: Shutting down and abandoning module WebMMediaFactory (834)
[2026.06.21-01.12.06:805][ 34]LogModuleManager: Shutting down and abandoning module WebMMediaEditor (832)
[2026.06.21-01.12.06:805][ 34]LogModuleManager: Shutting down and abandoning module WebMMedia (830)
[2026.06.21-01.12.06:805][ 34]LogModuleManager: Shutting down and abandoning module MediaPlayerEditor (828)
[2026.06.21-01.12.06:805][ 34]LogModuleManager: Shutting down and abandoning module MediaCompositingEditor (826)
[2026.06.21-01.12.06:805][ 34]LogModuleManager: Shutting down and abandoning module SequenceRecorder (825)
[2026.06.21-01.12.06:805][ 34]LogModuleManager: Shutting down and abandoning module OpenExrWrapper (822)
[2026.06.21-01.12.06:805][ 34]LogModuleManager: Shutting down and abandoning module ImgMediaFactory (820)
[2026.06.21-01.12.06:805][ 34]LogModuleManager: Shutting down and abandoning module ImgMediaEditor (818)
[2026.06.21-01.12.06:805][ 34]LogModuleManager: Shutting down and abandoning module AvfMediaFactory (816)
[2026.06.21-01.12.06:805][ 34]LogModuleManager: Shutting down and abandoning module AvfMediaEditor (814)
[2026.06.21-01.12.06:805][ 34]LogModuleManager: Shutting down and abandoning module AndroidMediaFactory (812)
[2026.06.21-01.12.06:805][ 34]LogModuleManager: Shutting down and abandoning module AndroidMediaEditor (810)
[2026.06.21-01.12.06:805][ 34]LogModuleManager: Shutting down and abandoning module MagicLeapMediaCodecFactory (808)
[2026.06.21-01.12.06:805][ 34]LogModuleManager: Shutting down and abandoning module MagicLeapMediaFactory (806)
[2026.06.21-01.12.06:805][ 34]LogModuleManager: Shutting down and abandoning module MagicLeapMediaEditor (804)
[2026.06.21-01.12.06:805][ 34]LogModuleManager: Shutting down and abandoning module PlanarCut (802)
[2026.06.21-01.12.06:805][ 34]LogModuleManager: Shutting down and abandoning module CharacterAI (800)
[2026.06.21-01.12.06:805][ 34]LogModuleManager: Shutting down and abandoning module TextureAlignMode (798)
[2026.06.21-01.12.06:805][ 34]LogModuleManager: Shutting down and abandoning module BspMode (796)
[2026.06.21-01.12.06:805][ 34]LogModuleManager: Shutting down and abandoning module GeometryMode (794)
[2026.06.21-01.12.06:805][ 34]LogModuleManager: Shutting down and abandoning module CameraShakePreviewer (792)
[2026.06.21-01.12.06:805][ 34]LogModuleManager: Shutting down and abandoning module SmartSnapping (790)
[2026.06.21-01.12.06:805][ 34]LogModuleManager: Shutting down and abandoning module SessionServices (788)
[2026.06.21-01.12.06:805][ 34]LogModuleManager: Shutting down and abandoning module MeshPaint (786)
[2026.06.21-01.12.06:806][ 34]LogModuleManager: Shutting down and abandoning module VirtualTexturingEditor (784)
[2026.06.21-01.12.06:806][ 34]LogModuleManager: Shutting down and abandoning module FoliageEdit (782)
[2026.06.21-01.12.06:806][ 34]LogModuleManager: Shutting down and abandoning module LandscapeEditor (780)
[2026.06.21-01.12.06:806][ 34]LogModuleManager: Shutting down and abandoning module MeshPaintMode (778)
[2026.06.21-01.12.06:806][ 34]LogModuleManager: Shutting down and abandoning module SceneDepthPickerMode (776)
[2026.06.21-01.12.06:806][ 34]LogModuleManager: Shutting down and abandoning module ActorPickerMode (774)
[2026.06.21-01.12.06:806][ 34]LogModuleManager: Shutting down and abandoning module PlacementMode (772)
[2026.06.21-01.12.06:806][ 34]LogModuleManager: Shutting down and abandoning module ViewportSnapping (770)
[2026.06.21-01.12.06:806][ 34]LogModuleManager: Shutting down and abandoning module ViewportInteraction (768)
[2026.06.21-01.12.06:806][ 34]LogModuleManager: Shutting down and abandoning module ClothPainter (766)
[2026.06.21-01.12.06:806][ 34]LogModuleManager: Shutting down and abandoning module SkeletalMeshEditor (765)
[2026.06.21-01.12.06:806][ 34]LogModuleManager: Shutting down and abandoning module LogVisualizer (762)
[2026.06.21-01.12.06:806][ 34]LogModuleManager: Shutting down and abandoning module IntroTutorials (760)
[2026.06.21-01.12.06:806][ 34]LogModuleManager: Shutting down and abandoning module GameProjectGeneration (759)
[2026.06.21-01.12.06:806][ 34]LogModuleManager: Shutting down and abandoning module LuminPlatformEditor (756)
[2026.06.21-01.12.06:806][ 34]LogModuleManager: Shutting down and abandoning module IOSPlatformEditor (754)
[2026.06.21-01.12.06:806][ 34]LogModuleManager: Shutting down and abandoning module AndroidPlatformEditor (752)
[2026.06.21-01.12.06:806][ 34]LogModuleManager: Shutting down and abandoning module AndroidDeviceDetection (751)
[2026.06.21-01.12.08:692][ 34]LogModuleManager: Shutting down and abandoning module WindowsPlatformEditor (748)
[2026.06.21-01.12.08:692][ 34]LogModuleManager: Shutting down and abandoning module LuminRuntimeSettings (746)
[2026.06.21-01.12.08:692][ 34]LogModuleManager: Shutting down and abandoning module IOSRuntimeSettings (744)
[2026.06.21-01.12.08:692][ 34]LogModuleManager: Shutting down and abandoning module AndroidRuntimeSettings (742)
[2026.06.21-01.12.08:692][ 34]LogModuleManager: Shutting down and abandoning module TraceInsights (740)
[2026.06.21-01.12.08:692][ 34]MemoryProfiler: Shutdown
[2026.06.21-01.12.08:692][ 34]NetworkingProfiler: Shutdown
[2026.06.21-01.12.08:692][ 34]LoadingProfiler: Shutdown
[2026.06.21-01.12.08:692][ 34]TimingProfiler: Shutdown
[2026.06.21-01.12.08:692][ 34]LogModuleManager: Shutting down and abandoning module TraceServices (739)
[2026.06.21-01.12.08:692][ 34]LogModuleManager: Shutting down and abandoning module EditorInteractiveToolsFramework (736)
[2026.06.21-01.12.08:692][ 34]LogModuleManager: Shutting down and abandoning module TimeManagementEditor (734)
[2026.06.21-01.12.08:692][ 34]LogModuleManager: Shutting down and abandoning module InputBindingEditor (732)
[2026.06.21-01.12.08:692][ 34]LogModuleManager: Shutting down and abandoning module MergeActors (730)
[2026.06.21-01.12.08:692][ 34]LogModuleManager: Shutting down and abandoning module LocalizationDashboard (728)
[2026.06.21-01.12.08:692][ 34]LogModuleManager: Shutting down and abandoning module LocalizationService (727)
[2026.06.21-01.12.08:692][ 34]LogModuleManager: Shutting down and abandoning module HardwareTargeting (724)
[2026.06.21-01.12.08:692][ 34]LogModuleManager: Shutting down and abandoning module DeviceProfileEditor (722)
[2026.06.21-01.12.08:692][ 34]LogModuleManager: Shutting down and abandoning module UndoHistory (720)
[2026.06.21-01.12.08:692][ 34]LogModuleManager: Shutting down and abandoning module XmlParser (718)
[2026.06.21-01.12.08:692][ 34]LogModuleManager: Shutting down and abandoning module Blutility (716)
[2026.06.21-01.12.08:692][ 34]LogModuleManager: Shutting down and abandoning module ProjectSettingsViewer (714)
[2026.06.21-01.12.08:692][ 34]LogModuleManager: Shutting down and abandoning module ProjectTargetPlatformEditor (713)
[2026.06.21-01.12.08:692][ 34]LogModuleManager: Shutting down and abandoning module EditorSettingsViewer (710)
[2026.06.21-01.12.08:692][ 34]LogModuleManager: Shutting down and abandoning module InternationalizationSettings (709)
[2026.06.21-01.12.08:692][ 34]LogModuleManager: Shutting down and abandoning module SettingsEditor (706)
[2026.06.21-01.12.08:692][ 34]LogModuleManager: Shutting down and abandoning module ProjectLauncher (704)
[2026.06.21-01.12.08:692][ 34]LogModuleManager: Shutting down and abandoning module SessionFrontend (702)
[2026.06.21-01.12.08:692][ 34]LogModuleManager: Shutting down and abandoning module ProfilerClient (700)
[2026.06.21-01.12.08:692][ 34]LogModuleManager: Shutting down and abandoning module DeviceManager (698)
[2026.06.21-01.12.08:693][ 34]LogModuleManager: Shutting down and abandoning module TargetDeviceServices (697)
[2026.06.21-01.12.08:725][ 34]LogModuleManager: Shutting down and abandoning module AutomationController (694)
[2026.06.21-01.12.08:725][ 34]LogModuleManager: Shutting down and abandoning module AutomationWindow (692)
[2026.06.21-01.12.08:725][ 34]LogModuleManager: Shutting down and abandoning module Layers (690)
[2026.06.21-01.12.08:725][ 34]LogModuleManager: Shutting down and abandoning module ComponentVisualizers (688)
[2026.06.21-01.12.08:725][ 34]LogModuleManager: Shutting down and abandoning module DetailCustomizations (686)
[2026.06.21-01.12.08:725][ 34]LogModuleManager: Shutting down and abandoning module PackagesDialog (684)
[2026.06.21-01.12.08:725][ 34]LogModuleManager: Shutting down and abandoning module AnimationBlueprintEditor (682)
[2026.06.21-01.12.08:725][ 34]LogModuleManager: Shutting down and abandoning module Persona (680)
[2026.06.21-01.12.08:725][ 34]LogModuleManager: Shutting down and abandoning module AdvancedPreviewScene (679)
[2026.06.21-01.12.08:725][ 34]LogModuleManager: Shutting down and abandoning module AnimGraph (677)
[2026.06.21-01.12.08:725][ 34]LogModuleManager: Shutting down and abandoning module Kismet (674)
[2026.06.21-01.12.08:736][ 34]LogModuleManager: Shutting down and abandoning module KismetWidgets (673)
[2026.06.21-01.12.08:736][ 34]LogModuleManager: Shutting down and abandoning module GraphEditor (670)
[2026.06.21-01.12.08:736][ 34]LogModuleManager: Shutting down and abandoning module StructViewer (668)
[2026.06.21-01.12.08:736][ 34]LogModuleManager: Shutting down and abandoning module ClassViewer (666)
[2026.06.21-01.12.08:736][ 34]LogModuleManager: Shutting down and abandoning module Toolbox (664)
[2026.06.21-01.12.08:736][ 34]LogModuleManager: Shutting down and abandoning module ModuleUI (662)
[2026.06.21-01.12.08:736][ 34]LogModuleManager: Shutting down and abandoning module OutputLog (660)
[2026.06.21-01.12.08:736][ 34]LogModuleManager: Shutting down and abandoning module GammaUI (658)
[2026.06.21-01.12.08:736][ 34]LogModuleManager: Shutting down and abandoning module Documentation (656)
[2026.06.21-01.12.08:736][ 34]LogModuleManager: Shutting down and abandoning module LiveCoding (654)
[2026.06.21-01.12.08:737][ 34]LogModuleManager: Shutting down and abandoning module LevelSequence (652)
[2026.06.21-01.12.08:737][ 34]LogModuleManager: Shutting down and abandoning module MovieSceneTracks (650)
[2026.06.21-01.12.08:737][ 34]LogModuleManager: Shutting down and abandoning module MovieScene (648)
[2026.06.21-01.12.08:737][ 34]LogModuleManager: Shutting down and abandoning module StreamingPauseRendering (646)
[2026.06.21-01.12.08:737][ 34]LogModuleManager: Shutting down and abandoning module LauncherPlatform (644)
[2026.06.21-01.12.08:737][ 34]LogModuleManager: Shutting down and abandoning module AnalyticsET (642)
[2026.06.21-01.12.08:737][ 34]LogModuleManager: Shutting down and abandoning module PortalServices (640)
[2026.06.21-01.12.08:737][ 34]LogModuleManager: Shutting down and abandoning module PortalRpc (638)
[2026.06.21-01.12.08:737][ 34]LogModuleManager: Shutting down and abandoning module MessagingRpc (636)
[2026.06.21-01.12.08:737][ 34]LogModuleManager: Shutting down and abandoning module AudioMixerXAudio2 (634)
[2026.06.21-01.12.08:737][ 34]LogModuleManager: Shutting down and abandoning module AudioMixerCore (633)
[2026.06.21-01.12.08:737][ 34]LogModuleManager: Shutting down and abandoning module AIModule (630)
[2026.06.21-01.12.08:737][ 34]LogModuleManager: Shutting down and abandoning module GameplayDebugger (629)
[2026.06.21-01.12.08:737][ 34]LogModuleManager: Shutting down and abandoning module AITestSuite (627)
[2026.06.21-01.12.08:737][ 34]LogModuleManager: Shutting down and abandoning module NavigationSystem (625)
[2026.06.21-01.12.08:737][ 34]LogModuleManager: Shutting down and abandoning module ImageWriteQueue (622)
[2026.06.21-01.12.08:742][ 34]LogModuleManager: Shutting down and abandoning module ProfilerService (620)
[2026.06.21-01.12.08:888][ 34]LogModuleManager: Shutting down and abandoning module TaskGraph (618)
[2026.06.21-01.12.08:888][ 34]LogModuleManager: Shutting down and abandoning module AudioSynesthesiaEditor (616)
[2026.06.21-01.12.08:888][ 34]LogModuleManager: Shutting down and abandoning module OculusEditor (614)
[2026.06.21-01.12.08:888][ 34]LogModuleManager: Shutting down and abandoning module OculusInput (612)
[2026.06.21-01.12.08:888][ 34]LogModuleManager: Shutting down and abandoning module RiderGameControl (610)
[2026.06.21-01.12.08:888][ 34]LogModuleManager: Shutting down and abandoning module RiderBlueprint (608)
[2026.06.21-01.12.08:888][ 34]LogModuleManager: Shutting down and abandoning module ContentBrowserFileDataSource (606)
[2026.06.21-01.12.08:888][ 34]LogModuleManager: Shutting down and abandoning module ContentBrowserClassDataSource (604)
[2026.06.21-01.12.08:888][ 34]LogModuleManager: Shutting down and abandoning module ContentBrowserAssetDataSource (602)
[2026.06.21-01.12.08:888][ 34]LogModuleManager: Shutting down and abandoning module CollectionManager (601)
[2026.06.21-01.12.08:889][ 34]LogModuleManager: Shutting down and abandoning module SynthesisEditor (598)
[2026.06.21-01.12.08:889][ 34]LogModuleManager: Shutting down and abandoning module Synthesis (596)
[2026.06.21-01.12.08:889][ 34]LogModuleManager: Shutting down and abandoning module ProceduralMeshComponentEditor (594)
[2026.06.21-01.12.08:889][ 34]LogModuleManager: Shutting down and abandoning module ProceduralMeshComponent (592)
[2026.06.21-01.12.08:889][ 34]LogModuleManager: Shutting down and abandoning module TakeSequencer (590)
[2026.06.21-01.12.08:889][ 34]LogModuleManager: Shutting down and abandoning module TakeMovieScene (588)
[2026.06.21-01.12.08:889][ 34]LogModuleManager: Shutting down and abandoning module OpenXREditor (586)
[2026.06.21-01.12.08:889][ 34]LogModuleManager: Shutting down and abandoning module MobilePatchingUtils (584)
[2026.06.21-01.12.08:889][ 34]LogModuleManager: Shutting down and abandoning module GooglePAD (582)
[2026.06.21-01.12.08:889][ 34]LogModuleManager: Shutting down and abandoning module EditableMesh (580)
[2026.06.21-01.12.08:889][ 34]LogModuleManager: Shutting down and abandoning module CustomMeshComponent (578)
[2026.06.21-01.12.08:889][ 34]LogModuleManager: Shutting down and abandoning module CableComponent (576)
[2026.06.21-01.12.08:889][ 34]LogModuleManager: Shutting down and abandoning module AudioCapture (574)
[2026.06.21-01.12.08:889][ 34]LogModuleManager: Shutting down and abandoning module AudioCaptureRtAudio (573)
[2026.06.21-01.12.08:889][ 34]LogModuleManager: Shutting down and abandoning module AssetTags (570)
[2026.06.21-01.12.08:889][ 34]LogModuleManager: Shutting down and abandoning module ArchVisCharacter (568)
[2026.06.21-01.12.08:889][ 34]LogModuleManager: Shutting down and abandoning module AppleImageUtilsBlueprintSupport (566)
[2026.06.21-01.12.08:889][ 34]LogModuleManager: Shutting down and abandoning module AppleImageUtils (564)
[2026.06.21-01.12.08:889][ 34]LogModuleManager: Shutting down and abandoning module AndroidPermission (562)
[2026.06.21-01.12.08:889][ 34]LogModuleManager: Shutting down and abandoning module ScreenshotTools (560)
[2026.06.21-01.12.08:889][ 34]LogModuleManager: Shutting down and abandoning module ActorLayerUtilitiesEditor (558)
[2026.06.21-01.12.08:889][ 34]LogModuleManager: Shutting down and abandoning module ActorLayerUtilities (556)
[2026.06.21-01.12.08:889][ 34]LogModuleManager: Shutting down and abandoning module TemplateSequence (554)
[2026.06.21-01.12.08:889][ 34]LogModuleManager: Shutting down and abandoning module MediaCompositing (552)
[2026.06.21-01.12.08:889][ 34]LogModuleManager: Shutting down and abandoning module ImgMedia (550)
[2026.06.21-01.12.08:889][ 34]LogModuleManager: Shutting down and abandoning module VisualStudioCodeSourceCodeAccess (548)
[2026.06.21-01.12.08:889][ 34]LogModuleManager: Shutting down and abandoning module VisualStudioSourceCodeAccess (546)
[2026.06.21-01.12.08:889][ 34]LogModuleManager: Shutting down and abandoning module UObjectPlugin (544)
[2026.06.21-01.12.08:889][ 34]LogModuleManager: Shutting down and abandoning module SubversionSourceControl (542)
[2026.06.21-01.12.08:889][ 34]LogModuleManager: Shutting down and abandoning module RiderSourceCodeAccess (540)
[2026.06.21-01.12.08:889][ 34]LogModuleManager: Shutting down and abandoning module MagicLeapSharedWorld (538)
[2026.06.21-01.12.08:889][ 34]LogModuleManager: Shutting down and abandoning module MagicLeapLightEstimation (536)
[2026.06.21-01.12.08:889][ 34]LogModuleManager: Shutting down and abandoning module MagicLeapHelperVulkan (534)
[2026.06.21-01.12.08:889][ 34]LogModuleManager: Shutting down and abandoning module MagicLeapHelperOpenGL (532)
[2026.06.21-01.12.08:889][ 34]LogModuleManager: Shutting down and abandoning module MagicLeapAudio (530)
[2026.06.21-01.12.08:889][ 34]LogModuleManager: Shutting down and abandoning module OpenImageDenoise (528)
[2026.06.21-01.12.08:889][ 34]LogOpenImageDenoise: OIDN shutting down
[2026.06.21-01.12.08:889][ 34]LogModuleManager: Shutting down and abandoning module MotoSynthEditor (526)
[2026.06.21-01.12.08:889][ 34]LogModuleManager: Shutting down and abandoning module MotoSynth (524)
[2026.06.21-01.12.08:889][ 34]LogModuleManager: Shutting down and abandoning module MeshConversion (522)
[2026.06.21-01.12.08:889][ 34]LogModuleManager: Shutting down and abandoning module DynamicMesh (520)
[2026.06.21-01.12.08:889][ 34]LogModuleManager: Shutting down and abandoning module GeometryAlgorithms (518)
[2026.06.21-01.12.08:889][ 34]LogModuleManager: Shutting down and abandoning module GeometricObjects (516)
[2026.06.21-01.12.08:889][ 34]LogModuleManager: Shutting down and abandoning module VariantManagerContentEditor (514)
[2026.06.21-01.12.08:889][ 34]LogModuleManager: Shutting down and abandoning module GeometryCacheTracks (512)
[2026.06.21-01.12.08:889][ 34]LogModuleManager: Shutting down and abandoning module GeometryCacheStreamer (510)
[2026.06.21-01.12.08:889][ 34]LogModuleManager: Shutting down and abandoning module GeometryCacheSequencer (508)
[2026.06.21-01.12.08:889][ 34]LogModuleManager: Shutting down and abandoning module GeometryCollectionTracks (506)
[2026.06.21-01.12.08:889][ 34]LogModuleManager: Shutting down and abandoning module GeometryCollectionSequencer (505)
[2026.06.21-01.12.08:889][ 34]LogModuleManager: Shutting down and abandoning module GeometryCollectionEditor (502)
[2026.06.21-01.12.08:889][ 34]LogModuleManager: Shutting down and abandoning module PluginUtils (500)
[2026.06.21-01.12.08:889][ 34]LogModuleManager: Shutting down and abandoning module PlasticSourceControl (498)
[2026.06.21-01.12.08:889][ 34]LogModuleManager: Shutting down and abandoning module ChaosNiagara (496)
[2026.06.21-01.12.08:889][ 34]LogModuleManager: Shutting down and abandoning module PerforceSourceControl (494)
[2026.06.21-01.12.08:889][ 34]LogModuleManager: Shutting down and abandoning module ChaosSolverEditor (492)
[2026.06.21-01.12.08:890][ 34]LogModuleManager: Shutting down and abandoning module FractureEditor (490)
[2026.06.21-01.12.08:890][ 34]LogModuleManager: Shutting down and abandoning module FieldSystemEngine (489)
[2026.06.21-01.12.08:890][ 34]LogModuleManager: Shutting down and abandoning module ChaosClothEditor (486)
[2026.06.21-01.12.08:890][ 34]LogModuleManager: Shutting down and abandoning module GitSourceControl (484)
[2026.06.21-01.12.08:890][ 34]LogModuleManager: Shutting down and abandoning module SourceControl (483)
[2026.06.21-01.12.08:890][ 34]LogModuleManager: Shutting down and abandoning module CLionSourceCodeAccess (480)
[2026.06.21-01.12.08:890][ 34]LogModuleManager: Shutting down and abandoning module BackChannel (478)
[2026.06.21-01.12.08:890][ 34]LogModuleManager: Shutting down and abandoning module NiagaraEditorWidgets (476)
[2026.06.21-01.12.08:890][ 34]LogModuleManager: Shutting down and abandoning module AutomationUtilsEditor (474)
[2026.06.21-01.12.08:890][ 34]LogModuleManager: Shutting down and abandoning module AutomationUtils (472)
[2026.06.21-01.12.08:890][ 34]LogModuleManager: Shutting down and abandoning module AnimationSharingEd (470)
[2026.06.21-01.12.08:890][ 34]LogModuleManager: Shutting down and abandoning module AlembicImporter (468)
[2026.06.21-01.12.08:890][ 34]LogModuleManager: Shutting down and abandoning module AlembicLibrary (467)
[2026.06.21-01.12.08:890][ 34]LogModuleManager: Shutting down and abandoning module GeometryCache (466)
[2026.06.21-01.12.08:890][ 34]LogModuleManager: Shutting down and abandoning module GeometryCacheEd (465)
[2026.06.21-01.12.08:890][ 34]LogModuleManager: Shutting down and abandoning module DatasmithContentEditor (460)
[2026.06.21-01.12.08:890][ 34]LogModuleManager: Shutting down and abandoning module MaterialAnalyzer (458)
[2026.06.21-01.12.08:890][ 34]LogModuleManager: Shutting down and abandoning module SpeedTreeImporter (456)
[2026.06.21-01.12.08:890][ 34]LogModuleManager: Shutting down and abandoning module MobileLauncherProfileWizard (454)
[2026.06.21-01.12.08:890][ 34]LogModuleManager: Shutting down and abandoning module PluginBrowser (452)
[2026.06.21-01.12.08:890][ 34]LogModuleManager: Shutting down and abandoning module CurveEditorTools (450)
[2026.06.21-01.12.08:890][ 34]LogModuleManager: Shutting down and abandoning module CryptoKeysOpenSSL (448)
[2026.06.21-01.12.08:890][ 34]LogModuleManager: Shutting down and abandoning module CryptoKeys (446)
[2026.06.21-01.12.08:890][ 34]LogModuleManager: Shutting down and abandoning module OodleNetworkHandlerComponent (444)
[2026.06.21-01.12.08:890][ 34]LogModuleManager: Shutting down and abandoning module LiveLinkSequencer (442)
[2026.06.21-01.12.08:890][ 34]LogModuleManager: Shutting down and abandoning module LiveLinkMovieScene (440)
[2026.06.21-01.12.08:890][ 34]LogModuleManager: Shutting down and abandoning module LiveLinkGraphNode (438)
[2026.06.21-01.12.08:890][ 34]LogModuleManager: Shutting down and abandoning module LiveLinkEditor (436)
[2026.06.21-01.12.08:890][ 34]LogModuleManager: Shutting down and abandoning module LiveLinkComponents (434)
[2026.06.21-01.12.08:890][ 34]LogModuleManager: Shutting down and abandoning module LiveLink (432)
[2026.06.21-01.12.09:360][ 34]LogModuleManager: Shutting down and abandoning module LightPropagationVolumeEditor (430)
[2026.06.21-01.12.09:360][ 34]LogModuleManager: Shutting down and abandoning module PaperTiledImporter (428)
[2026.06.21-01.12.09:360][ 34]LogModuleManager: Shutting down and abandoning module PaperSpriteSheetImporter (426)
[2026.06.21-01.12.09:360][ 34]LogModuleManager: Shutting down and abandoning module Paper2DEditor (424)
[2026.06.21-01.12.09:360][ 34]LogModuleManager: Shutting down and abandoning module MeshPaintingToolset (422)
[2026.06.21-01.12.09:360][ 34]LogModuleManager: Shutting down and abandoning module MeshPaintEditorMode (420)
[2026.06.21-01.12.09:360][ 34]LogModuleManager: Shutting down and abandoning module RiderDebuggerSupport (418)
[2026.06.21-01.12.09:360][ 34]LogModuleManager: Shutting down and abandoning module RiderLogging (416)
[2026.06.21-01.12.09:361][ 34]LogModuleManager: Shutting down and abandoning module RiderLink (414)
[2026.06.21-01.12.09:362][ 34]LogModuleManager: Shutting down and abandoning module RD (412)
[2026.06.21-01.12.09:362][ 34]LogModuleManager: Shutting down and abandoning module SoundFields (410)
[2026.06.21-01.12.09:362][ 34]LogModuleManager: Shutting down and abandoning module SignificanceManager (408)
[2026.06.21-01.12.09:362][ 34]LogModuleManager: Shutting down and abandoning module RuntimePhysXCooking (406)
[2026.06.21-01.12.09:362][ 34]LogModuleManager: Shutting down and abandoning module PropertyAccessEditor (404)
[2026.06.21-01.12.09:362][ 34]LogModuleManager: Shutting down and abandoning module PhysXVehiclesEditor (402)
[2026.06.21-01.12.09:362][ 34]LogModuleManager: Shutting down and abandoning module LocationServicesBPLibrary (398)
[2026.06.21-01.12.09:362][ 34]LogModuleManager: Shutting down and abandoning module AudioSynesthesia (396)
[2026.06.21-01.12.09:362][ 34]LogModuleManager: Shutting down and abandoning module AudioSynesthesiaCore (394)
[2026.06.21-01.12.09:362][ 34]LogModuleManager: Shutting down and abandoning module ActorSequence (392)
[2026.06.21-01.12.09:362][ 34]LogModuleManager: Shutting down and abandoning module UdpMessaging (390)
[2026.06.21-01.12.09:465][ 34]LogModuleManager: Shutting down and abandoning module TcpMessaging (388)
[2026.06.21-01.12.09:565][ 34]LogModuleManager: Shutting down and abandoning module ImgMediaEngine (386)
[2026.06.21-01.12.09:565][ 34]LogModuleManager: Shutting down and abandoning module MagicLeapARPin (384)
[2026.06.21-01.12.09:565][ 34]LogModuleManager: Shutting down and abandoning module MagicLeapHandMeshing (382)
[2026.06.21-01.12.09:565][ 34]LogModuleManager: Shutting down and abandoning module MagicLeapSecureStorage (380)
[2026.06.21-01.12.09:565][ 34]LogModuleManager: Shutting down and abandoning module MagicLeapPrivileges (378)
[2026.06.21-01.12.09:565][ 34]LogModuleManager: Shutting down and abandoning module MagicLeapPlanes (376)
[2026.06.21-01.12.09:565][ 34]LogMagicLeapPlanes: Planes tracker already destroyed.
[2026.06.21-01.12.09:565][ 34]LogModuleManager: Shutting down and abandoning module MagicLeapImageTracker (374)
[2026.06.21-01.12.09:565][ 34]LogModuleManager: Shutting down and abandoning module MagicLeapIdentity (372)
[2026.06.21-01.12.09:565][ 34]LogModuleManager: Shutting down and abandoning module MagicLeapHandTracking (370)
[2026.06.21-01.12.09:565][ 34]LogModuleManager: Shutting down and abandoning module MagicLeapEyeTracker (368)
[2026.06.21-01.12.09:565][ 34]LogModuleManager: Shutting down and abandoning module MagicLeapController (366)
[2026.06.21-01.12.09:565][ 34]LogModuleManager: Shutting down and abandoning module MagicLeapARPinImpl (364)
[2026.06.21-01.12.09:565][ 34]LogModuleManager: Shutting down and abandoning module MagicLeapAR (362)
[2026.06.21-01.12.09:565][ 34]LogModuleManager: Shutting down and abandoning module PythonScriptPlugin (360)
[2026.06.21-01.12.09:565][ 34]LogModuleManager: Shutting down and abandoning module PropertyAccessNode (358)
[2026.06.21-01.12.09:565][ 34]LogModuleManager: Shutting down and abandoning module NiagaraAnimNotifies (356)
[2026.06.21-01.12.09:565][ 34]LogModuleManager: Shutting down and abandoning module Niagara (354)
[2026.06.21-01.12.09:565][ 34]LogModuleManager: Shutting down and abandoning module SignalProcessing (353)
[2026.06.21-01.12.09:565][ 34]LogModuleManager: Shutting down and abandoning module NiagaraEditor (351)
[2026.06.21-01.12.09:565][ 34]LogModuleManager: Shutting down and abandoning module NiagaraCore (348)
[2026.06.21-01.12.09:565][ 34]LogModuleManager: Shutting down and abandoning module AnimationSharing (346)
[2026.06.21-01.12.09:565][ 34]LogModuleManager: Shutting down and abandoning module GameplayTagsEditor (344)
[2026.06.21-01.12.09:565][ 34]LogModuleManager: Shutting down and abandoning module FacialAnimationEditor (342)
[2026.06.21-01.12.09:565][ 34]LogModuleManager: Shutting down and abandoning module FacialAnimation (340)
[2026.06.21-01.12.09:565][ 34]LogModuleManager: Shutting down and abandoning module DataValidation (338)
[2026.06.21-01.12.09:565][ 34]LogModuleManager: Shutting down and abandoning module AssetManagerEditor (336)
[2026.06.21-01.12.09:565][ 34]LogModuleManager: Shutting down and abandoning module LevelEditor (335)
[2026.06.21-01.12.09:566][ 34]LogModuleManager: Shutting down and abandoning module PixelInspectorModule (334)
[2026.06.21-01.12.09:566][ 34]LogModuleManager: Shutting down and abandoning module CommonMenuExtensions (332)
[2026.06.21-01.12.09:566][ 34]LogModuleManager: Shutting down and abandoning module MainFrame (330)
[2026.06.21-01.12.09:566][ 34]LogModuleManager: Shutting down and abandoning module HotReload (329)
[2026.06.21-01.12.09:568][ 34]LogModuleManager: Shutting down and abandoning module ToolMenus (325)
[2026.06.21-01.12.09:568][ 34]LogModuleManager: Shutting down and abandoning module ContentBrowser (323)
[2026.06.21-01.12.09:568][ 34]LogModuleManager: Shutting down and abandoning module ContentBrowserData (322)
[2026.06.21-01.12.09:568][ 34]LogModuleManager: Shutting down and abandoning module TreeMap (319)
[2026.06.21-01.12.09:568][ 34]LogModuleManager: Shutting down and abandoning module GameplayCameras (316)
[2026.06.21-01.12.09:568][ 34]LogModuleManager: Shutting down and abandoning module LightPropagationVolumeRuntime (314)
[2026.06.21-01.12.09:568][ 34]LogModuleManager: Shutting down and abandoning module EnvironmentQueryEditor (312)
[2026.06.21-01.12.09:568][ 34]LogModuleManager: Shutting down and abandoning module Paper2D (310)
[2026.06.21-01.12.09:568][ 34]LogModuleManager: Shutting down and abandoning module WindowsMoviePlayer (308)
[2026.06.21-01.12.09:570][ 34]LogModuleManager: Shutting down and abandoning module WebMMoviePlayer (306)
[2026.06.21-01.12.09:570][ 34]LogModuleManager: Shutting down and abandoning module NetworkReplayStreaming (304)
[2026.06.21-01.12.09:570][ 34]LogModuleManager: Shutting down and abandoning module PacketHandler (302)
[2026.06.21-01.12.09:570][ 34]LogModuleManager: Shutting down and abandoning module ClothingSystemEditor (300)
[2026.06.21-01.12.09:570][ 34]LogModuleManager: Shutting down and abandoning module ClothingSystemRuntimeNv (298)
[2026.06.21-01.12.09:570][ 34]LogModuleManager: Shutting down and abandoning module MediaAssets (296)
[2026.06.21-01.12.09:570][ 34]LogModuleManager: Shutting down and abandoning module Overlay (294)
[2026.06.21-01.12.09:570][ 34]LogModuleManager: Shutting down and abandoning module OverlayEditor (293)
[2026.06.21-01.12.09:570][ 34]LogModuleManager: Shutting down and abandoning module VREditor (290)
[2026.06.21-01.12.09:570][ 34]LogModuleManager: Shutting down and abandoning module StringTableEditor (288)
[2026.06.21-01.12.09:570][ 34]LogModuleManager: Shutting down and abandoning module GameplayTasksEditor (286)
[2026.06.21-01.12.09:570][ 34]LogModuleManager: Shutting down and abandoning module BehaviorTreeEditor (284)
[2026.06.21-01.12.09:570][ 34]LogModuleManager: Shutting down and abandoning module FunctionalTesting (282)
[2026.06.21-01.12.09:570][ 34]LogModuleManager: Shutting down and abandoning module CollisionAnalyzer (280)
[2026.06.21-01.12.09:570][ 34]LogModuleManager: Shutting down and abandoning module WorkspaceMenuStructure (279)
[2026.06.21-01.12.09:570][ 34]LogModuleManager: Shutting down and abandoning module UMG (276)
[2026.06.21-01.12.09:570][ 34]LogModuleManager: Shutting down and abandoning module UMGEditor (275)
[2026.06.21-01.12.09:570][ 34]LogModuleManager: Shutting down and abandoning module MessageLog (273)
[2026.06.21-01.12.09:570][ 34]LogModuleManager: Shutting down and abandoning module SlateReflector (268)
[2026.06.21-01.12.09:570][ 34]LogModuleManager: Shutting down and abandoning module Slate (266)
[2026.06.21-01.12.09:570][ 34]LogModuleManager: Shutting down and abandoning module SlateCore (264)
[2026.06.21-01.12.09:571][ 34]LogModuleManager: Shutting down and abandoning module LandscapeEditorUtilities (262)
[2026.06.21-01.12.09:571][ 34]LogModuleManager: Shutting down and abandoning module UnrealEd (260)
[2026.06.21-01.12.09:571][ 34]LogModuleManager: Shutting down and abandoning module MRMesh (258)
[2026.06.21-01.12.09:571][ 34]LogModuleManager: Shutting down and abandoning module SourceCodeAccess (256)
[2026.06.21-01.12.09:571][ 34]LogModuleManager: Shutting down and abandoning module HeadMountedDisplay (254)
[2026.06.21-01.12.09:571][ 34]LogModuleManager: Shutting down and abandoning module XAudio2 (252)
[2026.06.21-01.12.09:571][ 34]LogModuleManager: Shutting down and abandoning module Networking (250)
[2026.06.21-01.12.09:571][ 34]LogModuleManager: Shutting down and abandoning module Core (248)
[2026.06.21-01.12.09:571][ 34]LogModuleManager: Shutting down and abandoning module MaterialEditor (246)
[2026.06.21-01.12.09:571][ 34]LogModuleManager: Shutting down and abandoning module MovieSceneTools (244)
[2026.06.21-01.12.09:571][ 34]LogModuleManager: Shutting down and abandoning module CurveEditor (243)
[2026.06.21-01.12.09:571][ 34]LogModuleManager: Shutting down and abandoning module Sequencer (241)
[2026.06.21-01.12.09:571][ 34]LogModuleManager: Shutting down and abandoning module EditorStyle (240)
[2026.06.21-01.12.09:572][ 34]LogModuleManager: Shutting down and abandoning module KismetCompiler (236)
[2026.06.21-01.12.09:572][ 34]LogModuleManager: Shutting down and abandoning module MeshBuilder (234)
[2026.06.21-01.12.09:572][ 34]LogModuleManager: Shutting down and abandoning module MeshUtilities (232)
[2026.06.21-01.12.09:572][ 34]LogModuleManager: Shutting down and abandoning module MeshMergeUtilities (231)
[2026.06.21-01.12.09:572][ 34]LogModuleManager: Shutting down and abandoning module MeshReductionInterface (230)
[2026.06.21-01.12.09:572][ 34]LogModuleManager: Shutting down and abandoning module MeshBoneReduction (229)
[2026.06.21-01.12.09:572][ 34]LogModuleManager: Shutting down and abandoning module SkeletalMeshReduction (227)
[2026.06.21-01.12.09:572][ 34]LogModuleManager: Shutting down and abandoning module ProxyLODMeshReduction (225)
[2026.06.21-01.12.09:572][ 34]LogModuleManager: Shutting down and abandoning module QuadricMeshReduction (223)
[2026.06.21-01.12.09:572][ 34]LogModuleManager: Shutting down and abandoning module MaterialBaking (219)
[2026.06.21-01.12.09:572][ 34]LogModuleManager: Shutting down and abandoning module NullInstallBundleManager (214)
[2026.06.21-01.12.09:572][ 34]LogModuleManager: Shutting down and abandoning module DerivedDataCache (212)
[2026.06.21-01.12.09:572][ 34]LogModuleManager: Shutting down and abandoning module TargetPlatform (210)
[2026.06.21-01.12.09:572][ 34]LogModuleManager: Shutting down and abandoning module VulkanShaderFormat (209)
[2026.06.21-01.12.09:572][ 34]LogModuleManager: Shutting down and abandoning module ShaderFormatVectorVM (207)
[2026.06.21-01.12.09:572][ 34]LogModuleManager: Shutting down and abandoning module ShaderFormatOpenGL (205)
[2026.06.21-01.12.09:572][ 34]LogModuleManager: Shutting down and abandoning module ShaderFormatD3D (203)
[2026.06.21-01.12.09:572][ 34]LogModuleManager: Shutting down and abandoning module MetalShaderFormat (201)
[2026.06.21-01.12.09:572][ 34]LogModuleManager: Shutting down and abandoning module TextureFormatOodle (199)
[2026.06.21-01.12.09:572][ 34]LogModuleManager: Shutting down and abandoning module TextureFormatUncompressed (197)
[2026.06.21-01.12.09:572][ 34]LogModuleManager: Shutting down and abandoning module TextureFormatPVR (195)
[2026.06.21-01.12.09:572][ 34]LogModuleManager: Shutting down and abandoning module TextureFormatETC2 (193)
[2026.06.21-01.12.09:572][ 34]LogModuleManager: Shutting down and abandoning module TextureFormatDXT (191)
[2026.06.21-01.12.09:572][ 34]LogModuleManager: Shutting down and abandoning module TextureFormatIntelISPCTexComp (189)
[2026.06.21-01.12.09:573][ 34]LogModuleManager: Shutting down and abandoning module TextureFormatASTC (187)
[2026.06.21-01.12.09:573][ 34]LogModuleManager: Shutting down and abandoning module ImageWrapper (186)
[2026.06.21-01.12.09:573][ 34]LogModuleManager: Shutting down and abandoning module AudioFormatOpus (183)
[2026.06.21-01.12.09:573][ 34]LogModuleManager: Shutting down and abandoning module AudioFormatOgg (181)
[2026.06.21-01.12.09:573][ 34]LogModuleManager: Shutting down and abandoning module AudioFormatADPCM (179)
[2026.06.21-01.12.09:573][ 34]LogModuleManager: Shutting down and abandoning module WindowsServerTargetPlatform (177)
[2026.06.21-01.12.09:573][ 34]LogModuleManager: Shutting down and abandoning module WindowsClientTargetPlatform (175)
[2026.06.21-01.12.09:573][ 34]LogModuleManager: Shutting down and abandoning module WindowsTargetPlatform (173)
[2026.06.21-01.12.09:573][ 34]LogModuleManager: Shutting down and abandoning module WindowsNoEditorTargetPlatform (171)
[2026.06.21-01.12.09:573][ 34]LogModuleManager: Shutting down and abandoning module TVOSTargetPlatform (169)
[2026.06.21-01.12.09:573][ 34]LogModuleManager: Shutting down and abandoning module MacServerTargetPlatform (167)
[2026.06.21-01.12.09:573][ 34]LogModuleManager: Shutting down and abandoning module MacClientTargetPlatform (165)
[2026.06.21-01.12.09:573][ 34]LogModuleManager: Shutting down and abandoning module MacTargetPlatform (163)
[2026.06.21-01.12.09:573][ 34]LogModuleManager: Shutting down and abandoning module MacNoEditorTargetPlatform (161)
[2026.06.21-01.12.09:573][ 34]LogModuleManager: Shutting down and abandoning module LuminTargetPlatform (159)
[2026.06.21-01.12.09:574][ 34]LogModuleManager: Shutting down and abandoning module LinuxAArch64ServerTargetPlatform (157)
[2026.06.21-01.12.09:574][ 34]LogModuleManager: Shutting down and abandoning module LinuxAArch64ClientTargetPlatform (155)
[2026.06.21-01.12.09:574][ 34]LogModuleManager: Shutting down and abandoning module LinuxAArch64NoEditorTargetPlatform (153)
[2026.06.21-01.12.09:574][ 34]LogModuleManager: Shutting down and abandoning module LinuxServerTargetPlatform (151)
[2026.06.21-01.12.09:574][ 34]LogModuleManager: Shutting down and abandoning module LinuxClientTargetPlatform (149)
[2026.06.21-01.12.09:574][ 34]LogModuleManager: Shutting down and abandoning module LinuxNoEditorTargetPlatform (147)
[2026.06.21-01.12.09:574][ 34]LogModuleManager: Shutting down and abandoning module LinuxTargetPlatform (145)
[2026.06.21-01.12.09:574][ 34]LogModuleManager: Shutting down and abandoning module Messaging (143)
[2026.06.21-01.12.09:574][ 34]LogModuleManager: Shutting down and abandoning module IOSTargetPlatform (141)
[2026.06.21-01.12.09:575][ 34]LogModuleManager: Shutting down and abandoning module AndroidTargetPlatform (139)
[2026.06.21-01.12.09:577][ 34]LogModuleManager: Shutting down and abandoning module AllDesktopTargetPlatform (137)
[2026.06.21-01.12.09:577][ 34]LogModuleManager: Shutting down and abandoning module D3D11RHI (134)
[2026.06.21-01.12.09:577][ 34]LogModuleManager: Shutting down and abandoning module InputCore (132)
[2026.06.21-01.12.09:577][ 34]LogModuleManager: Shutting down and abandoning module Settings (130)
[2026.06.21-01.12.09:577][ 34]LogModuleManager: Shutting down and abandoning module DirectoryWatcher (128)
[2026.06.21-01.12.09:577][ 34]LogModuleManager: Shutting down and abandoning module PhysXCooking (126)
[2026.06.21-01.12.09:577][ 34]LogModuleManager: Shutting down and abandoning module Chaos (124)
[2026.06.21-01.12.09:577][ 34]LogModuleManager: Shutting down and abandoning module WindowsPlatformFeatures (122)
[2026.06.21-01.12.09:577][ 34]LogModuleManager: Shutting down and abandoning module GameplayMediaEncoder (121)
[2026.06.21-01.12.09:577][ 34]LogModuleManager: Shutting down and abandoning module AVEncoder (120)
[2026.06.21-01.12.09:578][ 34]LogModuleManager: Shutting down and abandoning module SteamVRInputDevice (116)
[2026.06.21-01.12.09:578][ 34]LogModuleManager: Shutting down and abandoning module SteamVRInput (114)
[2026.06.21-01.12.09:578][ 34]LogModuleManager: Shutting down and abandoning module SteamVR (112)
[2026.06.21-01.12.09:578][ 34]LogHMD: Freeing OpenVRDLLHandle.
[2026.06.21-01.12.09:578][ 34]LogModuleManager: Shutting down and abandoning module OculusHMD (110)
[2026.06.21-01.12.09:578][ 34]LogModuleManager: Shutting down and abandoning module OpenXRHandTracking (108)
[2026.06.21-01.12.09:578][ 34]LogSlate: Slate User Destroyed.  User Index 0, Is Virtual User: 0
[2026.06.21-01.12.09:578][ 34]LogModuleManager: Shutting down and abandoning module OpenXREyeTracker (106)
[2026.06.21-01.12.09:578][ 34]LogModuleManager: Shutting down and abandoning module OpenXRAR (104)
[2026.06.21-01.12.09:578][ 34]LogModuleManager: Shutting down and abandoning module AugmentedReality (103)
[2026.06.21-01.12.09:578][ 34]LogModuleManager: Shutting down and abandoning module OpenXRHMD (100)
[2026.06.21-01.12.09:578][ 34]LogModuleManager: Shutting down and abandoning module ExampleDeviceProfileSelector (98)
[2026.06.21-01.12.09:578][ 34]LogModuleManager: Shutting down and abandoning module ChunkDownloader (96)
[2026.06.21-01.12.09:579][ 34]LogModuleManager: Shutting down and abandoning module LauncherChunkInstaller (94)
[2026.06.21-01.12.09:579][ 34]LogModuleManager: Shutting down and abandoning module OnlineBlueprintSupport (92)
[2026.06.21-01.12.09:579][ 34]LogModuleManager: Shutting down and abandoning module OnlineSubsystem (88)
[2026.06.21-01.12.09:581][ 34]LogModuleManager: Shutting down and abandoning module XMPP (83)
[2026.06.21-01.12.09:581][ 34]LogModuleManager: Shutting down and abandoning module WebSockets (82)
[2026.06.21-01.12.09:613][ 34]LogModuleManager: Shutting down and abandoning module HTTP (79)
[2026.06.21-01.12.09:613][ 34]LogHttp: Display: Http module shutting down, but needs to wait on 1 outstanding Http requests:
[2026.06.21-01.12.09:613][ 34]LogHttp: Display: 	verb=[POST] url=[https://datarouter.ol.epicgames.com/datarouter/api/v1/public/data?SessionID=%7B03E8C0F8-4035-1EE8-69E1-5FA5F3126A43%7D&AppID=UEEditor.Rocket.Release&AppVersion=4.27.2-18319896%2B%2B%2BUE4%2BRelease-4.27&UserID=b8cc06d04e871ffdffca32b47f909cff%7C81d32e9996224e89b0dfec987a357124%7C72bd2619-d333-4b0c-85ec-0f2529c0ddb7&AppEnvironment=datacollector-binary&UploadType=eteventstream] refs=[1] status=Processing
[2026.06.21-01.12.09:613][ 34]LogHttp: Display: cleaning up 1 outstanding Http requests.
[2026.06.21-01.12.09:619][ 34]LogModuleManager: Shutting down and abandoning module SSL (78)
[2026.06.21-01.12.09:620][ 34]LogModuleManager: Shutting down and abandoning module WmfMedia (74)
[2026.06.21-01.12.09:621][ 34]LogModuleManager: Shutting down and abandoning module Media (73)
[2026.06.21-01.12.09:622][ 34]LogModuleManager: Shutting down and abandoning module MediaInfo (72)
[2026.06.21-01.12.09:622][ 34]LogModuleManager: Shutting down and abandoning module ExrReaderGpu (68)
[2026.06.21-01.12.09:622][ 34]LogModuleManager: Shutting down and abandoning module MLSDK (66)
[2026.06.21-01.12.09:622][ 34]LogModuleManager: Shutting down and abandoning module MagicLeap (64)
[2026.06.21-01.12.09:622][ 34]LogModuleManager: Shutting down and abandoning module VariantManagerContent (62)
[2026.06.21-01.12.09:622][ 34]LogModuleManager: Shutting down and abandoning module PixWinPlugin (60)
[2026.06.21-01.12.09:622][ 34]LogModuleManager: Shutting down and abandoning module ChaosCloth (58)
[2026.06.21-01.12.09:622][ 34]LogModuleManager: Shutting down and abandoning module NiagaraVertexFactories (56)
[2026.06.21-01.12.09:622][ 34]LogModuleManager: Shutting down and abandoning module NiagaraShader (54)
[2026.06.21-01.12.09:622][ 34]LogModuleManager: Shutting down and abandoning module DatasmithContent (52)
[2026.06.21-01.12.09:623][ 34]LogModuleManager: Shutting down and abandoning module AISupportModule (50)
[2026.06.21-01.12.09:623][ 34]LogModuleManager: Shutting down and abandoning module DesktopPlatform (48)
[2026.06.21-01.12.09:623][ 34]LogModuleManager: Shutting down and abandoning module PythonScriptPluginPreload (46)
[2026.06.21-01.12.09:623][ 34]LogModuleManager: Shutting down and abandoning module PlatformCryptoOpenSSL (44)
[2026.06.21-01.12.09:623][ 34]LogModuleManager: Shutting down and abandoning module PlatformCryptoTypes (42)
[2026.06.21-01.12.09:623][ 34]LogModuleManager: Shutting down and abandoning module PlatformCrypto (40)
[2026.06.21-01.12.09:623][ 34]LogModuleManager: Shutting down and abandoning module OodleDataCompressionFormat (38)
[2026.06.21-01.12.09:623][ 34]LogModuleManager: Shutting down and abandoning module XGEController (36)
[2026.06.21-01.12.09:623][ 34]LogXGEController: Cleaning working directory: C:/Users/23932/AppData/Local/Temp/UnrealXGEWorkingDir/
[2026.06.21-01.12.09:623][ 34]LogModuleManager: Shutting down and abandoning module AnimationModifiers (34)
[2026.06.21-01.12.09:623][ 34]LogModuleManager: Shutting down and abandoning module AudioEditor (32)
[2026.06.21-01.12.09:623][ 34]LogModuleManager: Shutting down and abandoning module PropertyEditor (31)
[2026.06.21-01.12.09:623][ 34]LogModuleManager: Shutting down and abandoning module TextureCompressor (28)
[2026.06.21-01.12.09:623][ 34]LogModuleManager: Shutting down and abandoning module RenderCore (26)
[2026.06.21-01.12.09:623][ 34]LogModuleManager: Shutting down and abandoning module Landscape (24)
[2026.06.21-01.12.09:623][ 34]LogModuleManager: Shutting down and abandoning module SlateRHIRenderer (22)
[2026.06.21-01.12.09:624][ 34]LogModuleManager: Shutting down and abandoning module AnimGraphRuntime (20)
[2026.06.21-01.12.09:624][ 34]LogModuleManager: Shutting down and abandoning module Renderer (18)
[2026.06.21-01.12.09:624][ 34]LogModuleManager: Shutting down and abandoning module Engine (16)
[2026.06.21-01.12.09:624][ 34]LogModuleManager: Shutting down and abandoning module CoreUObject (14)
[2026.06.21-01.12.09:624][ 34]LogModuleManager: Shutting down and abandoning module NetworkFile (12)
[2026.06.21-01.12.09:624][ 34]LogModuleManager: Shutting down and abandoning module CookedIterativeFile (10)
[2026.06.21-01.12.09:624][ 34]LogModuleManager: Shutting down and abandoning module StreamingFile (8)
[2026.06.21-01.12.09:624][ 34]LogModuleManager: Shutting down and abandoning module SandboxFile (6)
[2026.06.21-01.12.09:624][ 34]LogModuleManager: Shutting down and abandoning module PakFile (4)
[2026.06.21-01.12.09:624][ 34]LogModuleManager: Shutting down and abandoning module RSA (3)
[2026.06.21-01.12.09:624][ 34]LogContentStreaming: Display: There are 1 unreleased StreamingManagers
[2026.06.21-01.12.09:645][ 34]LogD3D11RHI: Shutdown
[2026.06.21-01.12.09:646][ 34]LogD3D11RHI: CleanupD3DDevice
[2026.06.21-01.12.09:648][ 34]LogExit: Exiting.
[2026.06.21-01.12.09:678][ 34]Log file closed, 06/21/26 10:12:09
