Log file open, 01/07/26 08:43:59
LogWindows: Failed to load 'aqProf.dll' (GetLastError=126)
LogWindows: File 'aqProf.dll' does not exist
LogWindows: Failed to load 'VtuneApi.dll' (GetLastError=126)
LogWindows: File 'VtuneApi.dll' does not exist
LogWindows: Failed to load 'VtuneApi32e.dll' (GetLastError=126)
LogWindows: File 'VtuneApi32e.dll' does not exist
LogConsoleResponse: Display: Failed to find resolution value strings in scalability ini. Falling back to default.
LogConsoleResponse: Display: Failed to find resolution value strings in scalability ini. Falling back to default.
LogInit: Display: Running engine for game: ALSV4
LogPlatformFile: Not using cached read wrapper
LogTaskGraph: Started task graph with 5 named threads and 71 total threads with 3 sets of task threads.
LogStats: Stats thread started at 0.179214
LogICUInternationalization: ICU TimeZone Detection - Raw Offset: +9:00, Platform Override: ''
LogInit: Display: Loading text-based GConfig....
LogPluginManager: Mounting plugin MeshPainting
LogPluginManager: Mounting plugin XGEController
LogPluginManager: Mounting plugin AISupport
LogPluginManager: Mounting plugin EnvironmentQueryEditor
LogPluginManager: Mounting plugin Paper2D
LogPluginManager: Mounting plugin OodleData
LogPluginManager: Mounting plugin CameraShakePreviewer
LogPluginManager: Mounting plugin GameplayCameras
LogPluginManager: Mounting plugin LiveLink
LogPluginManager: Mounting plugin AssetManagerEditor
LogPluginManager: Mounting plugin CryptoKeys
LogPluginManager: Mounting plugin GeometryMode
LogPluginManager: Mounting plugin FacialAnimation
LogPluginManager: Mounting plugin GameplayTagsEditor
LogPluginManager: Mounting plugin DataValidation
LogPluginManager: Mounting plugin MaterialAnalyzer
LogPluginManager: Mounting plugin MobileLauncherProfileWizard
LogPluginManager: Mounting plugin PluginBrowser
LogPluginManager: Mounting plugin SpeedTreeImporter
LogPluginManager: Mounting plugin CurveEditorTools
LogPluginManager: Mounting plugin MacGraphicsSwitching
LogPluginManager: Mounting plugin Niagara
LogPluginManager: Mounting plugin OodleNetwork
LogPluginManager: Mounting plugin NullSourceCodeAccess
LogPluginManager: Mounting plugin GitSourceControl
LogPluginManager: Mounting plugin AnimationSharing
LogPluginManager: Mounting plugin KDevelopSourceCodeAccess
LogPluginManager: Mounting plugin CodeLiteSourceCodeAccess
LogPluginManager: Mounting plugin PixWinPlugin
LogPluginManager: Mounting plugin AlembicImporter
LogPluginManager: Mounting plugin PlasticSourceControl
LogPluginManager: Mounting plugin PluginUtils
LogPluginManager: Mounting plugin PropertyAccessNode
LogPluginManager: Mounting plugin SubversionSourceControl
LogPluginManager: Mounting plugin TextureFormatOodle
LogPluginManager: Mounting plugin AutomationUtils
LogPluginManager: Mounting plugin BackChannel
LogPluginManager: Mounting plugin RiderSourceCodeAccess
LogPluginManager: Mounting plugin PerforceSourceControl
LogPluginManager: Mounting plugin UObjectPlugin
LogPluginManager: Mounting plugin ChaosEditor
LogPluginManager: Mounting plugin ChaosNiagara
LogPluginManager: Mounting plugin ChaosClothEditor
LogPluginManager: Mounting plugin ChaosCloth
LogPluginManager: Mounting plugin VisualStudioCodeSourceCodeAccess
LogPluginManager: Mounting plugin ChaosSolverPlugin
LogPluginManager: Mounting plugin CharacterAI
LogPluginManager: Mounting plugin XCodeSourceCodeAccess
LogPluginManager: Mounting plugin VisualStudioSourceCodeAccess
LogPluginManager: Mounting plugin GeometryCollectionPlugin
LogPluginManager: Mounting plugin GeometryCache
LogPluginManager: Mounting plugin CLionSourceCodeAccess
LogPluginManager: Mounting plugin GeometryProcessing
LogPluginManager: Mounting plugin MotoSynth
LogPluginManager: Mounting plugin OpenImageDenoise
LogPluginManager: Mounting plugin PlanarCut
LogPluginManager: Mounting plugin SkeletalReduction
LogPluginManager: Mounting plugin PlatformCrypto
LogPluginManager: Mounting plugin ProxyLODPlugin
LogPluginManager: Mounting plugin MagicLeap
LogPluginManager: Mounting plugin LuminPlatformFeatures
LogPluginManager: Mounting plugin MagicLeapMedia
LogPluginManager: Mounting plugin MagicLeapLightEstimation
LogPluginManager: Mounting plugin MagicLeapPassableWorld
LogPluginManager: Mounting plugin PythonScriptPlugin
LogPluginManager: Mounting plugin MLSDK
LogPluginManager: Mounting plugin AvfMedia
LogPluginManager: Mounting plugin AndroidMedia
LogPluginManager: Mounting plugin ImgMedia
LogPluginManager: Mounting plugin MediaCompositing
LogPluginManager: Mounting plugin WebMMedia
LogPluginManager: Mounting plugin MediaPlayerEditor
LogPluginManager: Mounting plugin WmfMedia
LogPluginManager: Mounting plugin TcpMessaging
LogPluginManager: Mounting plugin UdpMessaging
LogPluginManager: Mounting plugin DatasmithContent
LogPluginManager: Mounting plugin LevelSequenceEditor
LogPluginManager: Mounting plugin ActorSequence
LogPluginManager: Mounting plugin VariantManagerContent
LogPluginManager: Mounting plugin MatineeToLevelSequence
LogPluginManager: Mounting plugin OnlineSubsystem
LogPluginManager: Mounting plugin TemplateSequence
LogPluginManager: Mounting plugin OnlineSubsystemUtils
LogPluginManager: Mounting plugin OnlineSubsystemNull
LogPluginManager: Mounting plugin LauncherChunkInstaller
LogPluginManager: Mounting plugin ActorLayerUtilities
LogPluginManager: Mounting plugin AndroidMoviePlayer
LogPluginManager: Mounting plugin AndroidDeviceProfileSelector
LogPluginManager: Mounting plugin AppleImageUtils
LogPluginManager: Mounting plugin ArchVisCharacter
LogPluginManager: Mounting plugin AssetTags
LogPluginManager: Mounting plugin AudioCapture
LogPluginManager: Mounting plugin CableComponent
LogPluginManager: Mounting plugin AppleMoviePlayer
LogPluginManager: Mounting plugin CustomMeshComponent
LogPluginManager: Mounting plugin AndroidPermission
LogPluginManager: Mounting plugin AudioSynesthesia
LogPluginManager: Mounting plugin ChunkDownloader
LogPluginManager: Mounting plugin EditableMesh
LogPluginManager: Mounting plugin ExampleDeviceProfileSelector
LogPluginManager: Mounting plugin GooglePAD
LogPluginManager: Mounting plugin GoogleCloudMessaging
LogPluginManager: Mounting plugin Takes
LogPluginManager: Mounting plugin LinuxDeviceProfileSelector
LogPluginManager: Mounting plugin IOSDeviceProfileSelector
LogPluginManager: Mounting plugin LocationServicesBPLibrary
LogPluginManager: Mounting plugin MobilePatchingUtils
LogPluginManager: Mounting plugin OpenXREyeTracker
LogPluginManager: Mounting plugin OpenXR
LogPluginManager: Mounting plugin OpenXRHandTracking
LogPluginManager: Mounting plugin PostSplashScreen
LogPluginManager: Mounting plugin PropertyAccessEditor
LogPluginManager: Mounting plugin RuntimePhysXCooking
LogPluginManager: Mounting plugin PhysXVehicles
LogPluginManager: Mounting plugin SoundFields
LogPluginManager: Mounting plugin ProceduralMeshComponent
LogPluginManager: Mounting plugin SignificanceManager
LogPluginManager: Mounting plugin WebMMoviePlayer
LogPluginManager: Mounting plugin Synthesis
LogPluginManager: Mounting plugin WindowsMoviePlayer
LogPluginManager: Mounting plugin ScreenshotTools
LogPluginManager: Mounting plugin LightPropagationVolume
LogPluginManager: Mounting plugin ContentBrowserAssetDataSource
LogPluginManager: Mounting plugin ContentBrowserClassDataSource
LogPluginManager: Mounting plugin ContentBrowserFileDataSource
LogPluginManager: Mounting plugin RiderLink
LogPluginManager: Mounting plugin OnlineSubsystemGooglePlay
LogPluginManager: Mounting plugin OnlineSubsystemIOS
LogPluginManager: Mounting plugin OculusVR
LogPluginManager: Mounting plugin SteamVR
PixWinPlugin: PIX capture plugin failed to initialize! Check that the process is launched from PIX.
LogInit: Using libcurl 7.55.1-DEV
LogInit:  - built for x86_64-pc-win32
LogInit:  - supports SSL with OpenSSL/1.1.1
LogInit:  - supports HTTP deflate (compression) using libz 1.2.8
LogInit:  - other features:
LogInit:      CURL_VERSION_SSL
LogInit:      CURL_VERSION_LIBZ
LogInit:      CURL_VERSION_IPV6
LogInit:      CURL_VERSION_ASYNCHDNS
LogInit:      CURL_VERSION_LARGEFILE
LogInit:      CURL_VERSION_IDN
LogInit:  CurlRequestOptions (configurable via config and command line):
LogInit:  - bVerifyPeer = true  - Libcurl will verify peer certificate
LogInit:  - bUseHttpProxy = false  - Libcurl will NOT use HTTP proxy
LogInit:  - bDontReuseConnections = false  - Libcurl will reuse connections
LogInit:  - MaxHostConnections = 16  - Libcurl will limit the number of connections to a host
LogInit:  - LocalHostAddr = Default
LogInit:  - BufferSize = 65536
LogOnline: OSS: Creating online subsystem instance for: NULL
LogInit: WinSock: version 1.1 (2.2), MaxSocks=32767, MaxUdp=65467
LogOnline: OSS: TryLoadSubsystemAndSetDefault: Loaded subsystem for module [NULL]
LogOculusPluginWrapper: OculusPlugin initialized successfully
LogHMD: Failed initializing OVRPlugin 1.59.0
LogInit: Build: ++UE4+Release-4.27-CL-18319896
LogInit: Engine Version: 4.27.2-18319896+++UE4+Release-4.27
LogInit: Compatible Engine Version: 4.27.0-17155196+++UE4+Release-4.27
LogInit: Net CL: 17155196
LogInit: OS: Windows 10 (Release 2009) (), CPU: 13th Gen Intel(R) Core(TM) i7-13700, GPU: NVIDIA GeForce RTX 4070
LogInit: Compiled (64-bit): Nov 30 2021 07:12:08
LogInit: Compiled with Visual C++: 19.24.28315.00
LogInit: Build Configuration: Development
LogInit: Branch Name: ++UE4+Release-4.27
LogInit: Command Line: 
LogInit: Base Directory: C:/Program Files/Epic Games/UE_4.27/Engine/Binaries/Win64/
LogInit: Allocator: TBB
LogInit: Installed Engine Build: 1
LogDevObjectVersion: Number of dev versions registered: 29
LogDevObjectVersion:   Dev-Blueprints (B0D832E4-1F89-4F0D-ACCF-7EB736FD4AA2): 10
LogDevObjectVersion:   Dev-Build (E1C64328-A22C-4D53-A36C-8E866417BD8C): 0
LogDevObjectVersion:   Dev-Core (375EC13C-06E4-48FB-B500-84F0262A717E): 4
LogDevObjectVersion:   Dev-Editor (E4B068ED-F494-42E9-A231-DA0B2E46BB41): 40
LogDevObjectVersion:   Dev-Framework (CFFC743F-43B0-4480-9391-14DF171D2073): 37
LogDevObjectVersion:   Dev-Mobile (B02B49B5-BB20-44E9-A304-32B752E40360): 3
LogDevObjectVersion:   Dev-Networking (A4E4105C-59A1-49B5-A7C5-40C4547EDFEE): 0
LogDevObjectVersion:   Dev-Online (39C831C9-5AE6-47DC-9A44-9C173E1C8E7C): 0
LogDevObjectVersion:   Dev-Physics (78F01B33-EBEA-4F98-B9B4-84EACCB95AA2): 14
LogDevObjectVersion:   Dev-Platform (6631380F-2D4D-43E0-8009-CF276956A95A): 0
LogDevObjectVersion:   Dev-Rendering (12F88B9F-8875-4AFC-A67C-D90C383ABD29): 45
LogDevObjectVersion:   Dev-Sequencer (7B5AE74C-D270-4C10-A958-57980B212A5A): 13
LogDevObjectVersion:   Dev-VR (D7296918-1DD6-4BDD-9DE2-64A83CC13884): 3
LogDevObjectVersion:   Dev-LoadTimes (C2A15278-BFE7-4AFE-6C17-90FF531DF755): 1
LogDevObjectVersion:   Private-Geometry (6EACA3D4-40EC-4CC1-B786-8BED09428FC5): 3
LogDevObjectVersion:   Dev-AnimPhys (29E575DD-E0A3-4627-9D10-D276232CDCEA): 17
LogDevObjectVersion:   Dev-Anim (AF43A65D-7FD3-4947-9873-3E8ED9C1BB05): 15
LogDevObjectVersion:   Dev-ReflectionCapture (6B266CEC-1EC7-4B8F-A30B-E4D90942FC07): 1
LogDevObjectVersion:   Dev-Automation (0DF73D61-A23F-47EA-B727-89E90C41499A): 1
LogDevObjectVersion:   FortniteMain (601D1886-AC64-4F84-AA16-D3DE0DEAC7D6): 47
LogDevObjectVersion:   FortniteRelease (E7086368-6B23-4C58-8439-1B7016265E91): 1
LogDevObjectVersion:   Dev-Enterprise (9DFFBCD6-494F-0158-E221-12823C92A888): 10
LogDevObjectVersion:   Dev-Niagara (F2AED0AC-9AFE-416F-8664-AA7FFA26D6FC): 1
LogDevObjectVersion:   Dev-Destruction (174F1F0B-B4C6-45A5-B13F-2EE8D0FB917D): 10
LogDevObjectVersion:   Dev-Physics-Ext (35F94A83-E258-406C-A318-09F59610247C): 41
LogDevObjectVersion:   Dev-PhysicsMaterial-Chaos (B68FC16E-8B1B-42E2-B453-215C058844FE): 1
LogDevObjectVersion:   Dev-CineCamera (B2E18506-4273-CFC2-A54E-F4BB758BBA07): 1
LogDevObjectVersion:   Dev-VirtualProduction (64F58936-FD1B-42BA-BA96-7289D5D0FA4E): 1
LogDevObjectVersion:   Dev-MediaFramework (6F0ED827-A609-4895-9C91-998D90180EA4): 2
LogInit: Presizing for max 25165824 objects, including 0 objects not considered by GC, pre-allocating 0 bytes for permanent pool.
LogConfig: Applying CVar settings from Section [/Script/Engine.StreamingSettings] File [C:/UEProject/UnrealLearn/ALSV4/Saved/Config/Windows/Engine.ini]
LogConfig: Setting CVar [[s.MinBulkDataSizeForAsyncLoading:131072]]
LogConfig: Setting CVar [[s.AsyncLoadingThreadEnabled:0]]
LogConfig: Setting CVar [[s.EventDrivenLoaderEnabled:1]]
LogConfig: Setting CVar [[s.WarnIfTimeLimitExceeded:0]]
LogConfig: Setting CVar [[s.TimeLimitExceededMultiplier:1.5]]
LogConfig: Setting CVar [[s.TimeLimitExceededMinTime:0.005]]
LogConfig: Setting CVar [[s.UseBackgroundLevelStreaming:1]]
LogConfig: Setting CVar [[s.PriorityAsyncLoadingExtraTime:15.0]]
LogConfig: Setting CVar [[s.LevelStreamingActorsUpdateTimeLimit:5.0]]
LogConfig: Setting CVar [[s.PriorityLevelStreamingActorsUpdateExtraTime:5.0]]
LogConfig: Setting CVar [[s.LevelStreamingComponentsRegistrationGranularity:10]]
LogConfig: Setting CVar [[s.UnregisterComponentsTimeLimit:1.0]]
LogConfig: Setting CVar [[s.LevelStreamingComponentsUnregistrationGranularity:5]]
LogConfig: Setting CVar [[s.FlushStreamingOnExit:1]]
LogInit: Object subsystem initialized
LogConfig: Setting CVar [[con.DebugEarlyDefault:1]]
LogConfig: Setting CVar [[r.setres:1280x720]]
[2026.01.06-23.43.59:549][  0]LogConfig: Setting CVar [[r.VSync:0]]
[2026.01.06-23.43.59:549][  0]LogConfig: Setting CVar [[r.RHICmdBypass:0]]
[2026.01.06-23.43.59:549][  0]LogConfig: Applying CVar settings from Section [/Script/Engine.RendererSettings] File [C:/UEProject/UnrealLearn/ALSV4/Saved/Config/Windows/Engine.ini]
[2026.01.06-23.43.59:549][  0]LogConfig: Setting CVar [[r.GPUCrashDebugging:0]]
[2026.01.06-23.43.59:549][  0]LogConfig: Applying CVar settings from Section [/Script/Engine.RendererOverrideSettings] File [C:/UEProject/UnrealLearn/ALSV4/Saved/Config/Windows/Engine.ini]
[2026.01.06-23.43.59:549][  0]LogConfig: Applying CVar settings from Section [/Script/Engine.StreamingSettings] File [C:/UEProject/UnrealLearn/ALSV4/Saved/Config/Windows/Engine.ini]
[2026.01.06-23.43.59:549][  0]LogConfig: Setting CVar [[s.MinBulkDataSizeForAsyncLoading:131072]]
[2026.01.06-23.43.59:549][  0]LogConfig: Setting CVar [[s.AsyncLoadingThreadEnabled:0]]
[2026.01.06-23.43.59:549][  0]LogConfig: Setting CVar [[s.EventDrivenLoaderEnabled:1]]
[2026.01.06-23.43.59:549][  0]LogConfig: Setting CVar [[s.WarnIfTimeLimitExceeded:0]]
[2026.01.06-23.43.59:549][  0]LogConfig: Setting CVar [[s.TimeLimitExceededMultiplier:1.5]]
[2026.01.06-23.43.59:549][  0]LogConfig: Setting CVar [[s.TimeLimitExceededMinTime:0.005]]
[2026.01.06-23.43.59:549][  0]LogConfig: Setting CVar [[s.UseBackgroundLevelStreaming:1]]
[2026.01.06-23.43.59:549][  0]LogConfig: Setting CVar [[s.PriorityAsyncLoadingExtraTime:15.0]]
[2026.01.06-23.43.59:549][  0]LogConfig: Setting CVar [[s.LevelStreamingActorsUpdateTimeLimit:5.0]]
[2026.01.06-23.43.59:549][  0]LogConfig: Setting CVar [[s.PriorityLevelStreamingActorsUpdateExtraTime:5.0]]
[2026.01.06-23.43.59:549][  0]LogConfig: Setting CVar [[s.LevelStreamingComponentsRegistrationGranularity:10]]
[2026.01.06-23.43.59:549][  0]LogConfig: Setting CVar [[s.UnregisterComponentsTimeLimit:1.0]]
[2026.01.06-23.43.59:549][  0]LogConfig: Setting CVar [[s.LevelStreamingComponentsUnregistrationGranularity:5]]
[2026.01.06-23.43.59:549][  0]LogConfig: Setting CVar [[s.FlushStreamingOnExit:1]]
[2026.01.06-23.43.59:549][  0]LogConfig: Applying CVar settings from Section [/Script/Engine.GarbageCollectionSettings] File [C:/UEProject/UnrealLearn/ALSV4/Saved/Config/Windows/Engine.ini]
[2026.01.06-23.43.59:549][  0]LogConfig: Setting CVar [[gc.MaxObjectsNotConsideredByGC:1]]
[2026.01.06-23.43.59:549][  0]LogConfig: Setting CVar [[gc.SizeOfPermanentObjectPool:0]]
[2026.01.06-23.43.59:549][  0]LogConfig: Setting CVar [[gc.FlushStreamingOnGC:0]]
[2026.01.06-23.43.59:549][  0]LogConfig: Setting CVar [[gc.NumRetriesBeforeForcingGC:10]]
[2026.01.06-23.43.59:549][  0]LogConfig: Setting CVar [[gc.AllowParallelGC:1]]
[2026.01.06-23.43.59:549][  0]LogConfig: Setting CVar [[gc.TimeBetweenPurgingPendingKillObjects:61.1]]
[2026.01.06-23.43.59:549][  0]LogConfig: Setting CVar [[gc.MaxObjectsInEditor:25165824]]
[2026.01.06-23.43.59:549][  0]LogConfig: Setting CVar [[gc.IncrementalBeginDestroyEnabled:1]]
[2026.01.06-23.43.59:549][  0]LogConfig: Setting CVar [[gc.CreateGCClusters:1]]
[2026.01.06-23.43.59:549][  0]LogConfig: Setting CVar [[gc.MinGCClusterSize:5]]
[2026.01.06-23.43.59:549][  0]LogConfig: Setting CVar [[gc.ActorClusteringEnabled:0]]
[2026.01.06-23.43.59:549][  0]LogConfig: Setting CVar [[gc.BlueprintClusteringEnabled:0]]
[2026.01.06-23.43.59:549][  0]LogConfig: Setting CVar [[gc.UseDisregardForGCOnDedicatedServers:0]]
[2026.01.06-23.43.59:549][  0]LogConfig: Setting CVar [[gc.MultithreadedDestructionEnabled:1]]
[2026.01.06-23.43.59:549][  0]LogConfig: Applying CVar settings from Section [/Script/Engine.NetworkSettings] File [C:/UEProject/UnrealLearn/ALSV4/Saved/Config/Windows/Engine.ini]
[2026.01.06-23.43.59:549][  0]LogConfig: Applying CVar settings from Section [/Script/UnrealEd.CookerSettings] File [C:/UEProject/UnrealLearn/ALSV4/Saved/Config/Windows/Engine.ini]
[2026.01.06-23.43.59:580][  0]LogConfig: Applying CVar settings from Section [ViewDistanceQuality@3] File [C:/UEProject/UnrealLearn/ALSV4/Saved/Config/Windows/Scalability.ini]
[2026.01.06-23.43.59:580][  0]LogConfig: Setting CVar [[r.SkeletalMeshLODBias:0]]
[2026.01.06-23.43.59:580][  0]LogConfig: Setting CVar [[r.ViewDistanceScale:1.0]]
[2026.01.06-23.43.59:580][  0]LogConfig: Applying CVar settings from Section [AntiAliasingQuality@3] File [C:/UEProject/UnrealLearn/ALSV4/Saved/Config/Windows/Scalability.ini]
[2026.01.06-23.43.59:580][  0]LogConfig: Setting CVar [[r.PostProcessAAQuality:4]]
[2026.01.06-23.43.59:580][  0]LogConfig: Applying CVar settings from Section [ShadowQuality@3] File [C:/UEProject/UnrealLearn/ALSV4/Saved/Config/Windows/Scalability.ini]
[2026.01.06-23.43.59:580][  0]LogConfig: Setting CVar [[r.LightFunctionQuality:1]]
[2026.01.06-23.43.59:580][  0]LogConfig: Setting CVar [[r.ShadowQuality:5]]
[2026.01.06-23.43.59:580][  0]LogConfig: Setting CVar [[r.Shadow.CSM.MaxCascades:10]]
[2026.01.06-23.43.59:580][  0]LogConfig: Setting CVar [[r.Shadow.MaxResolution:2048]]
[2026.01.06-23.43.59:580][  0]LogConfig: Setting CVar [[r.Shadow.MaxCSMResolution:2048]]
[2026.01.06-23.43.59:580][  0]LogConfig: Setting CVar [[r.Shadow.RadiusThreshold:0.01]]
[2026.01.06-23.43.59:580][  0]LogConfig: Setting CVar [[r.Shadow.DistanceScale:1.0]]
[2026.01.06-23.43.59:580][  0]LogConfig: Setting CVar [[r.Shadow.CSM.TransitionScale:1.0]]
[2026.01.06-23.43.59:580][  0]LogConfig: Setting CVar [[r.Shadow.PreShadowResolutionFactor:1.0]]
[2026.01.06-23.43.59:580][  0]LogConfig: Setting CVar [[r.DistanceFieldShadowing:1]]
[2026.01.06-23.43.59:580][  0]LogConfig: Setting CVar [[r.DistanceFieldAO:1]]
[2026.01.06-23.43.59:580][  0]LogConfig: Setting CVar [[r.AOQuality:2]]
[2026.01.06-23.43.59:580][  0]LogConfig: Setting CVar [[r.VolumetricFog:1]]
[2026.01.06-23.43.59:580][  0]LogConfig: Setting CVar [[r.VolumetricFog.GridPixelSize:8]]
[2026.01.06-23.43.59:580][  0]LogConfig: Setting CVar [[r.VolumetricFog.GridSizeZ:128]]
[2026.01.06-23.43.59:580][  0]LogConfig: Setting CVar [[r.VolumetricFog.HistoryMissSupersampleCount:4]]
[2026.01.06-23.43.59:580][  0]LogConfig: Setting CVar [[r.LightMaxDrawDistanceScale:1]]
[2026.01.06-23.43.59:580][  0]LogConfig: Setting CVar [[r.CapsuleShadows:1]]
[2026.01.06-23.43.59:580][  0]LogConfig: Applying CVar settings from Section [PostProcessQuality@3] File [C:/UEProject/UnrealLearn/ALSV4/Saved/Config/Windows/Scalability.ini]
[2026.01.06-23.43.59:580][  0]LogConfig: Setting CVar [[r.MotionBlurQuality:4]]
[2026.01.06-23.43.59:580][  0]LogConfig: Setting CVar [[r.AmbientOcclusionMipLevelFactor:0.4]]
[2026.01.06-23.43.59:580][  0]LogConfig: Setting CVar [[r.AmbientOcclusionMaxQuality:100]]
[2026.01.06-23.43.59:580][  0]LogConfig: Setting CVar [[r.AmbientOcclusionLevels:-1]]
[2026.01.06-23.43.59:580][  0]LogConfig: Setting CVar [[r.AmbientOcclusionRadiusScale:1.0]]
[2026.01.06-23.43.59:580][  0]LogConfig: Setting CVar [[r.DepthOfFieldQuality:2]]
[2026.01.06-23.43.59:580][  0]LogConfig: Setting CVar [[r.RenderTargetPoolMin:400]]
[2026.01.06-23.43.59:580][  0]LogConfig: Setting CVar [[r.LensFlareQuality:2]]
[2026.01.06-23.43.59:580][  0]LogConfig: Setting CVar [[r.SceneColorFringeQuality:1]]
[2026.01.06-23.43.59:580][  0]LogConfig: Setting CVar [[r.EyeAdaptationQuality:2]]
[2026.01.06-23.43.59:580][  0]LogConfig: Setting CVar [[r.BloomQuality:5]]
[2026.01.06-23.43.59:580][  0]LogConfig: Setting CVar [[r.FastBlurThreshold:100]]
[2026.01.06-23.43.59:580][  0]LogConfig: Setting CVar [[r.Upscale.Quality:3]]
[2026.01.06-23.43.59:580][  0]LogConfig: Setting CVar [[r.Tonemapper.GrainQuantization:1]]
[2026.01.06-23.43.59:580][  0]LogConfig: Setting CVar [[r.LightShaftQuality:1]]
[2026.01.06-23.43.59:580][  0]LogConfig: Setting CVar [[r.Filter.SizeScale:1]]
[2026.01.06-23.43.59:580][  0]LogConfig: Setting CVar [[r.Tonemapper.Quality:5]]
[2026.01.06-23.43.59:580][  0]LogConfig: Setting CVar [[r.DOF.Gather.AccumulatorQuality:1        ; higher gathering accumulator quality]]
[2026.01.06-23.43.59:580][  0]LogConfig: Setting CVar [[r.DOF.Gather.PostfilterMethod:1          ; Median3x3 postfilering method]]
[2026.01.06-23.43.59:580][  0]LogConfig: Setting CVar [[r.DOF.Gather.EnableBokehSettings:0       ; no bokeh simulation when gathering]]
[2026.01.06-23.43.59:580][  0]LogConfig: Setting CVar [[r.DOF.Gather.RingCount:4                 ; medium number of samples when gathering]]
[2026.01.06-23.43.59:580][  0]LogConfig: Setting CVar [[r.DOF.Scatter.ForegroundCompositing:1    ; additive foreground scattering]]
[2026.01.06-23.43.59:580][  0]LogConfig: Setting CVar [[r.DOF.Scatter.BackgroundCompositing:2    ; additive background scattering]]
[2026.01.06-23.43.59:580][  0]LogConfig: Setting CVar [[r.DOF.Scatter.EnableBokehSettings:1      ; bokeh simulation when scattering]]
[2026.01.06-23.43.59:580][  0]LogConfig: Setting CVar [[r.DOF.Scatter.MaxSpriteRatio:0.1         ; only a maximum of 10% of scattered bokeh]]
[2026.01.06-23.43.59:580][  0]LogConfig: Setting CVar [[r.DOF.Recombine.Quality:1                ; cheap slight out of focus]]
[2026.01.06-23.43.59:580][  0]LogConfig: Setting CVar [[r.DOF.Recombine.EnableBokehSettings:0    ; no bokeh simulation on slight out of focus]]
[2026.01.06-23.43.59:580][  0]LogConfig: Setting CVar [[r.DOF.TemporalAAQuality:1                ; more stable temporal accumulation]]
[2026.01.06-23.43.59:580][  0]LogConfig: Setting CVar [[r.DOF.Kernel.MaxForegroundRadius:0.025]]
[2026.01.06-23.43.59:580][  0]LogConfig: Setting CVar [[r.DOF.Kernel.MaxBackgroundRadius:0.025]]
[2026.01.06-23.43.59:580][  0]LogConfig: Applying CVar settings from Section [TextureQuality@3] File [C:/UEProject/UnrealLearn/ALSV4/Saved/Config/Windows/Scalability.ini]
[2026.01.06-23.43.59:580][  0]LogConfig: Setting CVar [[r.Streaming.MipBias:0]]
[2026.01.06-23.43.59:580][  0]LogConfig: Setting CVar [[r.Streaming.AmortizeCPUToGPUCopy:0]]
[2026.01.06-23.43.59:580][  0]LogConfig: Setting CVar [[r.Streaming.MaxNumTexturesToStreamPerFrame:0]]
[2026.01.06-23.43.59:580][  0]LogConfig: Setting CVar [[r.Streaming.Boost:1]]
[2026.01.06-23.43.59:580][  0]LogConfig: Setting CVar [[r.MaxAnisotropy:8]]
[2026.01.06-23.43.59:580][  0]LogConfig: Setting CVar [[r.VT.MaxAnisotropy:8]]
[2026.01.06-23.43.59:580][  0]LogConfig: Setting CVar [[r.Streaming.LimitPoolSizeToVRAM:0]]
[2026.01.06-23.43.59:580][  0]LogConfig: Setting CVar [[r.Streaming.PoolSize:1000]]
[2026.01.06-23.43.59:580][  0]LogConfig: Setting CVar [[r.Streaming.MaxEffectiveScreenSize:0]]
[2026.01.06-23.43.59:580][  0]LogConfig: Applying CVar settings from Section [EffectsQuality@3] File [C:/UEProject/UnrealLearn/ALSV4/Saved/Config/Windows/Scalability.ini]
[2026.01.06-23.43.59:580][  0]LogConfig: Setting CVar [[r.TranslucencyLightingVolumeDim:64]]
[2026.01.06-23.43.59:580][  0]LogConfig: Setting CVar [[r.RefractionQuality:2]]
[2026.01.06-23.43.59:580][  0]LogConfig: Setting CVar [[r.SSR.Quality:3]]
[2026.01.06-23.43.59:580][  0]LogConfig: Setting CVar [[r.SSR.HalfResSceneColor:0]]
[2026.01.06-23.43.59:580][  0]LogConfig: Setting CVar [[r.SceneColorFormat:4]]
[2026.01.06-23.43.59:580][  0]LogConfig: Setting CVar [[r.DetailMode:2]]
[2026.01.06-23.43.59:580][  0]LogConfig: Setting CVar [[r.TranslucencyVolumeBlur:1]]
[2026.01.06-23.43.59:580][  0]LogConfig: Setting CVar [[r.MaterialQualityLevel:1 ; High quality]]
[2026.01.06-23.43.59:580][  0]LogConfig: Setting CVar [[r.AnisotropicMaterials:1]]
[2026.01.06-23.43.59:580][  0]LogConfig: Setting CVar [[r.SSS.Scale:1]]
[2026.01.06-23.43.59:580][  0]LogConfig: Setting CVar [[r.SSS.SampleSet:2]]
[2026.01.06-23.43.59:580][  0]LogConfig: Setting CVar [[r.SSS.Quality:1]]
[2026.01.06-23.43.59:580][  0]LogConfig: Setting CVar [[r.SSS.HalfRes:0]]
[2026.01.06-23.43.59:580][  0]LogConfig: Setting CVar [[r.SSGI.Quality:3]]
[2026.01.06-23.43.59:580][  0]LogConfig: Setting CVar [[r.EmitterSpawnRateScale:1.0]]
[2026.01.06-23.43.59:580][  0]LogConfig: Setting CVar [[r.ParticleLightQuality:2]]
[2026.01.06-23.43.59:580][  0]LogConfig: Setting CVar [[r.SkyAtmosphere.AerialPerspectiveLUT.FastApplyOnOpaque:1 ; Always have FastSkyLUT 1 in this case to avoid wrong sky]]
[2026.01.06-23.43.59:580][  0]LogConfig: Setting CVar [[r.SkyAtmosphere.AerialPerspectiveLUT.SampleCountMaxPerSlice:4]]
[2026.01.06-23.43.59:580][  0]LogConfig: Setting CVar [[r.SkyAtmosphere.AerialPerspectiveLUT.DepthResolution:16.0]]
[2026.01.06-23.43.59:580][  0]LogConfig: Setting CVar [[r.SkyAtmosphere.FastSkyLUT:1]]
[2026.01.06-23.43.59:580][  0]LogConfig: Setting CVar [[r.SkyAtmosphere.FastSkyLUT.SampleCountMin:4.0]]
[2026.01.06-23.43.59:580][  0]LogConfig: Setting CVar [[r.SkyAtmosphere.FastSkyLUT.SampleCountMax:128.0]]
[2026.01.06-23.43.59:580][  0]LogConfig: Setting CVar [[r.SkyAtmosphere.SampleCountMin:4.0]]
[2026.01.06-23.43.59:580][  0]LogConfig: Setting CVar [[r.SkyAtmosphere.SampleCountMax:128.0]]
[2026.01.06-23.43.59:580][  0]LogConfig: Setting CVar [[r.SkyAtmosphere.TransmittanceLUT.UseSmallFormat:0]]
[2026.01.06-23.43.59:580][  0]LogConfig: Setting CVar [[r.SkyAtmosphere.TransmittanceLUT.SampleCount:10.0]]
[2026.01.06-23.43.59:580][  0]LogConfig: Setting CVar [[r.SkyAtmosphere.MultiScatteringLUT.SampleCount:15.0]]
[2026.01.06-23.43.59:580][  0]LogConfig: Setting CVar [[r.SkyLight.RealTimeReflectionCapture:1]]
[2026.01.06-23.43.59:580][  0]LogConfig: Applying CVar settings from Section [FoliageQuality@3] File [C:/UEProject/UnrealLearn/ALSV4/Saved/Config/Windows/Scalability.ini]
[2026.01.06-23.43.59:580][  0]LogConfig: Setting CVar [[foliage.DensityScale:1.0]]
[2026.01.06-23.43.59:580][  0]LogConfig: Setting CVar [[grass.DensityScale:1.0]]
[2026.01.06-23.43.59:580][  0]LogConfig: Applying CVar settings from Section [ShadingQuality@3] File [C:/UEProject/UnrealLearn/ALSV4/Saved/Config/Windows/Scalability.ini]
[2026.01.06-23.43.59:580][  0]LogConfig: Setting CVar [[r.HairStrands.SkyLighting.IntegrationType:2]]
[2026.01.06-23.43.59:580][  0]LogConfig: Setting CVar [[r.HairStrands.SkyAO.SampleCount:4]]
[2026.01.06-23.43.59:580][  0]LogConfig: Setting CVar [[r.HairStrands.Visibility.MSAA.SamplePerPixel:4]]
[2026.01.06-23.43.59:581][  0]LogInit: Selected Device Profile: [Windows]
[2026.01.06-23.43.59:581][  0]LogInit: Applying CVar settings loaded from the selected device profile: [Windows]
[2026.01.06-23.43.59:581][  0]LogHAL: Display: Platform has ~ 14 GB [14665842688 / 17179869184 / 14], which maps to Larger [LargestMinGB=32, LargerMinGB=12, DefaultMinGB=8, SmallerMinGB=6, SmallestMinGB=0)
[2026.01.06-23.43.59:581][  0]LogInit: Going up to parent DeviceProfile []
[2026.01.06-23.43.59:581][  0]LogConfig: Applying CVar settings from Section [ViewDistanceQuality@3] File [C:/UEProject/UnrealLearn/ALSV4/Saved/Config/Windows/Scalability.ini]
[2026.01.06-23.43.59:581][  0]LogConfig: Setting CVar [[r.SkeletalMeshLODBias:0]]
[2026.01.06-23.43.59:581][  0]LogConfig: Setting CVar [[r.ViewDistanceScale:1.0]]
[2026.01.06-23.43.59:581][  0]LogConfig: Applying CVar settings from Section [AntiAliasingQuality@3] File [C:/UEProject/UnrealLearn/ALSV4/Saved/Config/Windows/Scalability.ini]
[2026.01.06-23.43.59:581][  0]LogConfig: Setting CVar [[r.PostProcessAAQuality:4]]
[2026.01.06-23.43.59:581][  0]LogConfig: Applying CVar settings from Section [ShadowQuality@3] File [C:/UEProject/UnrealLearn/ALSV4/Saved/Config/Windows/Scalability.ini]
[2026.01.06-23.43.59:581][  0]LogConfig: Setting CVar [[r.LightFunctionQuality:1]]
[2026.01.06-23.43.59:581][  0]LogConfig: Setting CVar [[r.ShadowQuality:5]]
[2026.01.06-23.43.59:581][  0]LogConfig: Setting CVar [[r.Shadow.CSM.MaxCascades:10]]
[2026.01.06-23.43.59:581][  0]LogConfig: Setting CVar [[r.Shadow.MaxResolution:2048]]
[2026.01.06-23.43.59:581][  0]LogConfig: Setting CVar [[r.Shadow.MaxCSMResolution:2048]]
[2026.01.06-23.43.59:581][  0]LogConfig: Setting CVar [[r.Shadow.RadiusThreshold:0.01]]
[2026.01.06-23.43.59:581][  0]LogConfig: Setting CVar [[r.Shadow.DistanceScale:1.0]]
[2026.01.06-23.43.59:581][  0]LogConfig: Setting CVar [[r.Shadow.CSM.TransitionScale:1.0]]
[2026.01.06-23.43.59:581][  0]LogConfig: Setting CVar [[r.Shadow.PreShadowResolutionFactor:1.0]]
[2026.01.06-23.43.59:581][  0]LogConfig: Setting CVar [[r.DistanceFieldShadowing:1]]
[2026.01.06-23.43.59:581][  0]LogConfig: Setting CVar [[r.DistanceFieldAO:1]]
[2026.01.06-23.43.59:581][  0]LogConfig: Setting CVar [[r.AOQuality:2]]
[2026.01.06-23.43.59:581][  0]LogConfig: Setting CVar [[r.VolumetricFog:1]]
[2026.01.06-23.43.59:581][  0]LogConfig: Setting CVar [[r.VolumetricFog.GridPixelSize:8]]
[2026.01.06-23.43.59:581][  0]LogConfig: Setting CVar [[r.VolumetricFog.GridSizeZ:128]]
[2026.01.06-23.43.59:581][  0]LogConfig: Setting CVar [[r.VolumetricFog.HistoryMissSupersampleCount:4]]
[2026.01.06-23.43.59:581][  0]LogConfig: Setting CVar [[r.LightMaxDrawDistanceScale:1]]
[2026.01.06-23.43.59:581][  0]LogConfig: Setting CVar [[r.CapsuleShadows:1]]
[2026.01.06-23.43.59:581][  0]LogConfig: Applying CVar settings from Section [PostProcessQuality@3] File [C:/UEProject/UnrealLearn/ALSV4/Saved/Config/Windows/Scalability.ini]
[2026.01.06-23.43.59:581][  0]LogConfig: Setting CVar [[r.MotionBlurQuality:4]]
[2026.01.06-23.43.59:581][  0]LogConfig: Setting CVar [[r.AmbientOcclusionMipLevelFactor:0.4]]
[2026.01.06-23.43.59:581][  0]LogConfig: Setting CVar [[r.AmbientOcclusionMaxQuality:100]]
[2026.01.06-23.43.59:581][  0]LogConfig: Setting CVar [[r.AmbientOcclusionLevels:-1]]
[2026.01.06-23.43.59:581][  0]LogConfig: Setting CVar [[r.AmbientOcclusionRadiusScale:1.0]]
[2026.01.06-23.43.59:581][  0]LogConfig: Setting CVar [[r.DepthOfFieldQuality:2]]
[2026.01.06-23.43.59:581][  0]LogConfig: Setting CVar [[r.RenderTargetPoolMin:400]]
[2026.01.06-23.43.59:581][  0]LogConfig: Setting CVar [[r.LensFlareQuality:2]]
[2026.01.06-23.43.59:581][  0]LogConfig: Setting CVar [[r.SceneColorFringeQuality:1]]
[2026.01.06-23.43.59:581][  0]LogConfig: Setting CVar [[r.EyeAdaptationQuality:2]]
[2026.01.06-23.43.59:581][  0]LogConfig: Setting CVar [[r.BloomQuality:5]]
[2026.01.06-23.43.59:581][  0]LogConfig: Setting CVar [[r.FastBlurThreshold:100]]
[2026.01.06-23.43.59:581][  0]LogConfig: Setting CVar [[r.Upscale.Quality:3]]
[2026.01.06-23.43.59:581][  0]LogConfig: Setting CVar [[r.Tonemapper.GrainQuantization:1]]
[2026.01.06-23.43.59:581][  0]LogConfig: Setting CVar [[r.LightShaftQuality:1]]
[2026.01.06-23.43.59:581][  0]LogConfig: Setting CVar [[r.Filter.SizeScale:1]]
[2026.01.06-23.43.59:581][  0]LogConfig: Setting CVar [[r.Tonemapper.Quality:5]]
[2026.01.06-23.43.59:581][  0]LogConfig: Setting CVar [[r.DOF.Gather.AccumulatorQuality:1        ; higher gathering accumulator quality]]
[2026.01.06-23.43.59:581][  0]LogConfig: Setting CVar [[r.DOF.Gather.PostfilterMethod:1          ; Median3x3 postfilering method]]
[2026.01.06-23.43.59:581][  0]LogConfig: Setting CVar [[r.DOF.Gather.EnableBokehSettings:0       ; no bokeh simulation when gathering]]
[2026.01.06-23.43.59:581][  0]LogConfig: Setting CVar [[r.DOF.Gather.RingCount:4                 ; medium number of samples when gathering]]
[2026.01.06-23.43.59:581][  0]LogConfig: Setting CVar [[r.DOF.Scatter.ForegroundCompositing:1    ; additive foreground scattering]]
[2026.01.06-23.43.59:581][  0]LogConfig: Setting CVar [[r.DOF.Scatter.BackgroundCompositing:2    ; additive background scattering]]
[2026.01.06-23.43.59:581][  0]LogConfig: Setting CVar [[r.DOF.Scatter.EnableBokehSettings:1      ; bokeh simulation when scattering]]
[2026.01.06-23.43.59:581][  0]LogConfig: Setting CVar [[r.DOF.Scatter.MaxSpriteRatio:0.1         ; only a maximum of 10% of scattered bokeh]]
[2026.01.06-23.43.59:581][  0]LogConfig: Setting CVar [[r.DOF.Recombine.Quality:1                ; cheap slight out of focus]]
[2026.01.06-23.43.59:581][  0]LogConfig: Setting CVar [[r.DOF.Recombine.EnableBokehSettings:0    ; no bokeh simulation on slight out of focus]]
[2026.01.06-23.43.59:581][  0]LogConfig: Setting CVar [[r.DOF.TemporalAAQuality:1                ; more stable temporal accumulation]]
[2026.01.06-23.43.59:581][  0]LogConfig: Setting CVar [[r.DOF.Kernel.MaxForegroundRadius:0.025]]
[2026.01.06-23.43.59:581][  0]LogConfig: Setting CVar [[r.DOF.Kernel.MaxBackgroundRadius:0.025]]
[2026.01.06-23.43.59:581][  0]LogConfig: Applying CVar settings from Section [TextureQuality@3] File [C:/UEProject/UnrealLearn/ALSV4/Saved/Config/Windows/Scalability.ini]
[2026.01.06-23.43.59:581][  0]LogConfig: Setting CVar [[r.Streaming.MipBias:0]]
[2026.01.06-23.43.59:581][  0]LogConfig: Setting CVar [[r.Streaming.AmortizeCPUToGPUCopy:0]]
[2026.01.06-23.43.59:581][  0]LogConfig: Setting CVar [[r.Streaming.MaxNumTexturesToStreamPerFrame:0]]
[2026.01.06-23.43.59:581][  0]LogConfig: Setting CVar [[r.Streaming.Boost:1]]
[2026.01.06-23.43.59:581][  0]LogConfig: Setting CVar [[r.MaxAnisotropy:8]]
[2026.01.06-23.43.59:581][  0]LogConfig: Setting CVar [[r.VT.MaxAnisotropy:8]]
[2026.01.06-23.43.59:581][  0]LogConfig: Setting CVar [[r.Streaming.LimitPoolSizeToVRAM:0]]
[2026.01.06-23.43.59:581][  0]LogConfig: Setting CVar [[r.Streaming.PoolSize:1000]]
[2026.01.06-23.43.59:581][  0]LogConfig: Setting CVar [[r.Streaming.MaxEffectiveScreenSize:0]]
[2026.01.06-23.43.59:581][  0]LogConfig: Applying CVar settings from Section [EffectsQuality@3] File [C:/UEProject/UnrealLearn/ALSV4/Saved/Config/Windows/Scalability.ini]
[2026.01.06-23.43.59:581][  0]LogConfig: Setting CVar [[r.TranslucencyLightingVolumeDim:64]]
[2026.01.06-23.43.59:581][  0]LogConfig: Setting CVar [[r.RefractionQuality:2]]
[2026.01.06-23.43.59:581][  0]LogConfig: Setting CVar [[r.SSR.Quality:3]]
[2026.01.06-23.43.59:581][  0]LogConfig: Setting CVar [[r.SSR.HalfResSceneColor:0]]
[2026.01.06-23.43.59:581][  0]LogConfig: Setting CVar [[r.SceneColorFormat:4]]
[2026.01.06-23.43.59:581][  0]LogConfig: Setting CVar [[r.DetailMode:2]]
[2026.01.06-23.43.59:581][  0]LogConfig: Setting CVar [[r.TranslucencyVolumeBlur:1]]
[2026.01.06-23.43.59:581][  0]LogConfig: Setting CVar [[r.MaterialQualityLevel:1 ; High quality]]
[2026.01.06-23.43.59:581][  0]LogConfig: Setting CVar [[r.AnisotropicMaterials:1]]
[2026.01.06-23.43.59:581][  0]LogConfig: Setting CVar [[r.SSS.Scale:1]]
[2026.01.06-23.43.59:581][  0]LogConfig: Setting CVar [[r.SSS.SampleSet:2]]
[2026.01.06-23.43.59:581][  0]LogConfig: Setting CVar [[r.SSS.Quality:1]]
[2026.01.06-23.43.59:581][  0]LogConfig: Setting CVar [[r.SSS.HalfRes:0]]
[2026.01.06-23.43.59:581][  0]LogConfig: Setting CVar [[r.SSGI.Quality:3]]
[2026.01.06-23.43.59:581][  0]LogConfig: Setting CVar [[r.EmitterSpawnRateScale:1.0]]
[2026.01.06-23.43.59:581][  0]LogConfig: Setting CVar [[r.ParticleLightQuality:2]]
[2026.01.06-23.43.59:581][  0]LogConfig: Setting CVar [[r.SkyAtmosphere.AerialPerspectiveLUT.FastApplyOnOpaque:1 ; Always have FastSkyLUT 1 in this case to avoid wrong sky]]
[2026.01.06-23.43.59:581][  0]LogConfig: Setting CVar [[r.SkyAtmosphere.AerialPerspectiveLUT.SampleCountMaxPerSlice:4]]
[2026.01.06-23.43.59:581][  0]LogConfig: Setting CVar [[r.SkyAtmosphere.AerialPerspectiveLUT.DepthResolution:16.0]]
[2026.01.06-23.43.59:581][  0]LogConfig: Setting CVar [[r.SkyAtmosphere.FastSkyLUT:1]]
[2026.01.06-23.43.59:581][  0]LogConfig: Setting CVar [[r.SkyAtmosphere.FastSkyLUT.SampleCountMin:4.0]]
[2026.01.06-23.43.59:581][  0]LogConfig: Setting CVar [[r.SkyAtmosphere.FastSkyLUT.SampleCountMax:128.0]]
[2026.01.06-23.43.59:581][  0]LogConfig: Setting CVar [[r.SkyAtmosphere.SampleCountMin:4.0]]
[2026.01.06-23.43.59:581][  0]LogConfig: Setting CVar [[r.SkyAtmosphere.SampleCountMax:128.0]]
[2026.01.06-23.43.59:581][  0]LogConfig: Setting CVar [[r.SkyAtmosphere.TransmittanceLUT.UseSmallFormat:0]]
[2026.01.06-23.43.59:581][  0]LogConfig: Setting CVar [[r.SkyAtmosphere.TransmittanceLUT.SampleCount:10.0]]
[2026.01.06-23.43.59:581][  0]LogConfig: Setting CVar [[r.SkyAtmosphere.MultiScatteringLUT.SampleCount:15.0]]
[2026.01.06-23.43.59:581][  0]LogConfig: Setting CVar [[r.SkyLight.RealTimeReflectionCapture:1]]
[2026.01.06-23.43.59:581][  0]LogConfig: Applying CVar settings from Section [FoliageQuality@3] File [C:/UEProject/UnrealLearn/ALSV4/Saved/Config/Windows/Scalability.ini]
[2026.01.06-23.43.59:581][  0]LogConfig: Setting CVar [[foliage.DensityScale:1.0]]
[2026.01.06-23.43.59:581][  0]LogConfig: Setting CVar [[grass.DensityScale:1.0]]
[2026.01.06-23.43.59:581][  0]LogConfig: Applying CVar settings from Section [ShadingQuality@3] File [C:/UEProject/UnrealLearn/ALSV4/Saved/Config/Windows/Scalability.ini]
[2026.01.06-23.43.59:581][  0]LogConfig: Setting CVar [[r.HairStrands.SkyLighting.IntegrationType:2]]
[2026.01.06-23.43.59:581][  0]LogConfig: Setting CVar [[r.HairStrands.SkyAO.SampleCount:4]]
[2026.01.06-23.43.59:581][  0]LogConfig: Setting CVar [[r.HairStrands.Visibility.MSAA.SamplePerPixel:4]]
[2026.01.06-23.43.59:581][  0]LogConfig: Applying CVar settings from Section [Startup] File [../../../Engine/Config/ConsoleVariables.ini]
[2026.01.06-23.43.59:581][  0]LogConfig: Setting CVar [[net.UseAdaptiveNetUpdateFrequency:0]]
[2026.01.06-23.43.59:581][  0]LogConfig: Setting CVar [[p.chaos.AllowCreatePhysxBodies:1]]
[2026.01.06-23.43.59:581][  0]LogConfig: Setting CVar [[fx.SkipVectorVMBackendOptimizations:1]]
[2026.01.06-23.43.59:581][  0]LogConfig: Applying CVar settings from Section [ConsoleVariables] File [C:/UEProject/UnrealLearn/ALSV4/Saved/Config/Windows/Engine.ini]
[2026.01.06-23.43.59:581][  0]LogConfig: Applying CVar settings from Section [ConsoleVariables] File [C:/UEProject/UnrealLearn/ALSV4/Saved/Config/Windows/Editor.ini]
[2026.01.06-23.43.59:581][  0]LogInit: Computer: MANKA-D-D-6017
[2026.01.06-23.43.59:581][  0]LogInit: User: LiamChen
[2026.01.06-23.43.59:581][  0]LogInit: CPU Page size=4096, Cores=16
[2026.01.06-23.43.59:581][  0]LogInit: High frequency timer resolution =10.000000 MHz
[2026.01.06-23.43.59:581][  0]LogMemory: Memory total: Physical=13.7GB (14GB approx)
[2026.01.06-23.43.59:581][  0]LogMemory: Platform Memory Stats for Windows
[2026.01.06-23.43.59:581][  0]LogMemory: Process Physical Memory: 155.85 MB used, 155.85 MB peak
[2026.01.06-23.43.59:581][  0]LogMemory: Process Virtual Memory: 136.49 MB used, 136.49 MB peak
[2026.01.06-23.43.59:581][  0]LogMemory: Physical Memory: 10839.86 MB used,  3146.57 MB free, 13986.44 MB total
[2026.01.06-23.43.59:581][  0]LogMemory: Virtual Memory: 134205000.00 MB used,  12726.56 MB free, 134217728.00 MB total
[2026.01.06-23.43.59:585][  0]LogWindows: WindowsPlatformFeatures enabled
[2026.01.06-23.43.59:600][  0]LogInit: Physics initialised using underlying interface: PhysX
[2026.01.06-23.43.59:600][  0]LogInit: Overriding language with editor language configuration option (en).
[2026.01.06-23.43.59:600][  0]LogInit: Overriding language with editor locale configuration option (en).
[2026.01.06-23.43.59:726][  0]LogInit: Setting process to per monitor DPI aware
[2026.01.06-23.43.59:790][  0]LogWindowsTextInputMethodSystem: Display: IME system deactivated.
[2026.01.06-23.43.59:800][  0]LogSlate: New Slate User Created.  User Index 0, Is Virtual User: 0
[2026.01.06-23.43.59:800][  0]LogSlate: Slate User Registered.  User Index 0, Is Virtual User: 0
[2026.01.06-23.43.59:857][  0]LogD3D11RHI: Loaded GFSDK_Aftermath_Lib.x64.dll
[2026.01.06-23.43.59:865][  0]LogHMD: Failed to initialize OpenVR with code 110
[2026.01.06-23.43.59:865][  0]LogD3D11RHI: D3D11 min allowed feature level: 11_0
[2026.01.06-23.43.59:865][  0]LogD3D11RHI: D3D11 max allowed feature level: 11_0
[2026.01.06-23.43.59:865][  0]LogD3D11RHI: D3D11 adapters:
[2026.01.06-23.43.59:996][  0]LogD3D11RHI:    0. 'NVIDIA GeForce RTX 4070' (Feature Level 11_0)
[2026.01.06-23.43.59:996][  0]LogD3D11RHI:       12012/0/6993 MB DedicatedVideo/DedicatedSystem/SharedSystem, Outputs:1, VendorId:0x10de
[2026.01.06-23.44.00:020][  0]LogD3D11RHI:    1. 'Intel(R) UHD Graphics 770' (Feature Level 11_0)
[2026.01.06-23.44.00:020][  0]LogD3D11RHI:       2048/0/6993 MB DedicatedVideo/DedicatedSystem/SharedSystem, Outputs:1, VendorId:0x8086
[2026.01.06-23.44.00:022][  0]LogD3D11RHI:    2. 'Microsoft Basic Render Driver' (Feature Level 11_0)
[2026.01.06-23.44.00:022][  0]LogD3D11RHI:       0/0/6993 MB DedicatedVideo/DedicatedSystem/SharedSystem, Outputs:0, VendorId:0x1414
[2026.01.06-23.44.00:022][  0]LogD3D11RHI: Chosen D3D11 Adapter:
[2026.01.06-23.44.00:022][  0]LogD3D11RHI:     Description : NVIDIA GeForce RTX 4070
[2026.01.06-23.44.00:022][  0]LogD3D11RHI:     VendorId    : 10de
[2026.01.06-23.44.00:022][  0]LogD3D11RHI:     DeviceId    : 2786
[2026.01.06-23.44.00:022][  0]LogD3D11RHI:     SubSysId    : 513a1028
[2026.01.06-23.44.00:022][  0]LogD3D11RHI:     Revision    : 00a1
[2026.01.06-23.44.00:022][  0]LogD3D11RHI:     DedicatedVideoMemory : 12595494912 bytes
[2026.01.06-23.44.00:022][  0]LogD3D11RHI:     DedicatedSystemMemory : 0 bytes
[2026.01.06-23.44.00:022][  0]LogD3D11RHI:     SharedSystemMemory : 7332921344 bytes
[2026.01.06-23.44.00:022][  0]LogD3D11RHI:     AdapterLuid : 0 55706
[2026.01.06-23.44.00:027][  0]LogD3D11RHI: Creating new Direct3DDevice
[2026.01.06-23.44.00:027][  0]LogD3D11RHI:     GPU DeviceId: 0x2786 (for the marketing name, search the web for "GPU Device Id")
[2026.01.06-23.44.00:027][  0]LogWindows: EnumDisplayDevices:
[2026.01.06-23.44.00:027][  0]LogWindows:    0. 'NVIDIA GeForce RTX 4070' (P:1 D:1)
[2026.01.06-23.44.00:027][  0]LogWindows:    1. 'NVIDIA GeForce RTX 4070' (P:0 D:0)
[2026.01.06-23.44.00:027][  0]LogWindows:    2. 'NVIDIA GeForce RTX 4070' (P:0 D:0)
[2026.01.06-23.44.00:027][  0]LogWindows:    3. 'NVIDIA GeForce RTX 4070' (P:0 D:0)
[2026.01.06-23.44.00:027][  0]LogWindows:    4. 'Intel(R) UHD Graphics 770' (P:0 D:1)
[2026.01.06-23.44.00:029][  0]LogWindows:    5. 'Intel(R) UHD Graphics 770' (P:0 D:0)
[2026.01.06-23.44.00:029][  0]LogWindows:    6. 'Intel(R) UHD Graphics 770' (P:0 D:0)
[2026.01.06-23.44.00:029][  0]LogWindows:    7. 'Intel(R) UHD Graphics 770' (P:0 D:0)
[2026.01.06-23.44.00:029][  0]LogWindows: DebugString: PrimaryIsNotTheChoosenAdapter PrimaryIsNotTheChoosenAdapter PrimaryIsNotTheChoosenAdapter PrimaryIsNotTheChoosenAdapter FoundDriverCount:4 
[2026.01.06-23.44.00:029][  0]LogD3D11RHI:     Adapter Name: NVIDIA GeForce RTX 4070
[2026.01.06-23.44.00:029][  0]LogD3D11RHI:   Driver Version: 581.04 (internal:32.0.15.8104, unified:581.04)
[2026.01.06-23.44.00:029][  0]LogD3D11RHI:      Driver Date: 8-14-2025
[2026.01.06-23.44.00:029][  0]LogRHI: Texture pool is 8408 MB (70% of 12012 MB)
[2026.01.06-23.44.00:029][  0]LogD3D11RHI: Creating D3DDevice using adapter:
[2026.01.06-23.44.00:029][  0]LogD3D11RHI:     Description : NVIDIA GeForce RTX 4070
[2026.01.06-23.44.00:029][  0]LogD3D11RHI:     VendorId    : 10de
[2026.01.06-23.44.00:029][  0]LogD3D11RHI:     DeviceId    : 2786
[2026.01.06-23.44.00:029][  0]LogD3D11RHI:     SubSysId    : 513a1028
[2026.01.06-23.44.00:029][  0]LogD3D11RHI:     Revision    : 00a1
[2026.01.06-23.44.00:029][  0]LogD3D11RHI:     DedicatedVideoMemory : 12595494912 bytes
[2026.01.06-23.44.00:029][  0]LogD3D11RHI:     DedicatedSystemMemory : 0 bytes
[2026.01.06-23.44.00:029][  0]LogD3D11RHI:     SharedSystemMemory : 7332921344 bytes
[2026.01.06-23.44.00:029][  0]LogD3D11RHI:     AdapterLuid : 0 55706
[2026.01.06-23.44.00:133][  0]LogD3D11RHI: RHI has support for 64 bit atomics
[2026.01.06-23.44.00:134][  0]LogD3D11RHI: Async texture creation enabled
[2026.01.06-23.44.00:134][  0]LogD3D11RHI: Array index from any shader is supported
[2026.01.06-23.44.00:134][  0]LogD3D11RHI: HDR output is supported on display 0 (NvId: 0x80061083).
[2026.01.06-23.44.00:150][  0]LogD3D11RHI: GPU Timing Frequency: 1000.000000 (Debug: 2 2)
[2026.01.06-23.44.00:169][  0]LogRHI: GeForceNow SDK initialized: 1
[2026.01.06-23.44.00:368][  0]LogTargetPlatformManager: Display: Loaded TargetPlatform 'AllDesktop'
[2026.01.06-23.44.00:382][  0]LogTargetPlatformManager: Display: Loaded TargetPlatform 'Android'
[2026.01.06-23.44.00:382][  0]LogTargetPlatformManager: Display: Loaded TargetPlatform 'Android_ASTC'
[2026.01.06-23.44.00:382][  0]LogTargetPlatformManager: Display: Loaded TargetPlatform 'Android_DXT'
[2026.01.06-23.44.00:382][  0]LogTargetPlatformManager: Display: Loaded TargetPlatform 'Android_ETC2'
[2026.01.06-23.44.00:382][  0]LogTargetPlatformManager: Display: Loaded TargetPlatform 'AndroidClient'
[2026.01.06-23.44.00:382][  0]LogTargetPlatformManager: Display: Loaded TargetPlatform 'Android_ASTCClient'
[2026.01.06-23.44.00:382][  0]LogTargetPlatformManager: Display: Loaded TargetPlatform 'Android_DXTClient'
[2026.01.06-23.44.00:382][  0]LogTargetPlatformManager: Display: Loaded TargetPlatform 'Android_ETC2Client'
[2026.01.06-23.44.00:382][  0]LogTargetPlatformManager: Display: Loaded TargetPlatform 'Android_Multi'
[2026.01.06-23.44.00:382][  0]LogTargetPlatformManager: Display: Loaded TargetPlatform 'Android_MultiClient'
[2026.01.06-23.44.00:395][  0]LogTargetPlatformManager: Display: Loaded TargetPlatform 'IOSClient'
[2026.01.06-23.44.00:395][  0]LogTargetPlatformManager: Display: Loaded TargetPlatform 'IOS'
[2026.01.06-23.44.00:401][  0]LogTargetPlatformManager: Display: Loaded TargetPlatform 'Linux'
[2026.01.06-23.44.00:404][  0]LogTargetPlatformManager: Display: Loaded TargetPlatform 'LinuxNoEditor'
[2026.01.06-23.44.00:407][  0]LogTargetPlatformManager: Display: Loaded TargetPlatform 'LinuxClient'
[2026.01.06-23.44.00:411][  0]LogTargetPlatformManager: Display: Loaded TargetPlatform 'LinuxServer'
[2026.01.06-23.44.00:417][  0]LogTargetPlatformManager: Display: Loaded TargetPlatform 'LinuxAArch64NoEditor'
[2026.01.06-23.44.00:420][  0]LogTargetPlatformManager: Display: Loaded TargetPlatform 'LinuxAArch64Client'
[2026.01.06-23.44.00:423][  0]LogTargetPlatformManager: Display: Loaded TargetPlatform 'LinuxAArch64Server'
[2026.01.06-23.44.00:437][  0]LogTargetPlatformManager: Display: Loaded TargetPlatform 'Lumin'
[2026.01.06-23.44.00:437][  0]LogTargetPlatformManager: Display: Loaded TargetPlatform 'LuminClient'
[2026.01.06-23.44.00:442][  0]LogTargetPlatformManager: Display: Loaded TargetPlatform 'MacNoEditor'
[2026.01.06-23.44.00:445][  0]LogTargetPlatformManager: Display: Loaded TargetPlatform 'Mac'
[2026.01.06-23.44.00:447][  0]LogTargetPlatformManager: Display: Loaded TargetPlatform 'MacClient'
[2026.01.06-23.44.00:451][  0]LogTargetPlatformManager: Display: Loaded TargetPlatform 'MacServer'
[2026.01.06-23.44.00:457][  0]LogTargetPlatformManager: Display: Loaded TargetPlatform 'TVOSClient'
[2026.01.06-23.44.00:457][  0]LogTargetPlatformManager: Display: Loaded TargetPlatform 'TVOS'
[2026.01.06-23.44.00:463][  0]LogTargetPlatformManager: Display: Loaded TargetPlatform 'WindowsNoEditor'
[2026.01.06-23.44.00:466][  0]LogTargetPlatformManager: Display: Loaded TargetPlatform 'Windows'
[2026.01.06-23.44.00:470][  0]LogTargetPlatformManager: Display: Loaded TargetPlatform 'WindowsClient'
[2026.01.06-23.44.00:473][  0]LogTargetPlatformManager: Display: Loaded TargetPlatform 'WindowsServer'
[2026.01.06-23.44.00:473][  0]LogTargetPlatformManager: Display: Building Assets For Windows
[2026.01.06-23.44.00:478][  0]LogAudioDebug: Display: Lib vorbis DLL was dynamically loaded.
[2026.01.06-23.44.00:500][  0]LogTextureFormatOodle: Display: Oodle Texture 2.9.0 init RDO Off
[2026.01.06-23.44.00:523][  0]LogRendererCore: Ray tracing is disabled. Reason: r.RayTracing=0.
[2026.01.06-23.44.00:523][  0]LogShaderCompilers: Guid format shader working directory is 4 characters bigger than the processId version (../../../../../../UEProject/UnrealLearn/ALSV4/Intermediate/Shaders/WorkingDirectory/7320/).
[2026.01.06-23.44.00:523][  0]LogShaderCompilers: Cleaned the shader compiler working directory 'C:/Users/LiamChen/AppData/Local/Temp/UnrealShaderWorkingDir/809D00054814BDD08767EEAC715CCBC5/'.
[2026.01.06-23.44.00:524][  0]LogXGEController: Cannot use XGE Controller as Incredibuild is not installed on this machine.
[2026.01.06-23.44.00:524][  0]LogShaderCompilers: Cannot use XGE Shader Compiler as Incredibuild is not installed on this machine.
[2026.01.06-23.44.00:524][  0]LogShaderCompilers: Display: Using Local Shader Compiler.
[2026.01.06-23.44.01:196][  0]LogDerivedDataCache: Display: Max Cache Size: 512 MB
[2026.01.06-23.44.01:254][  0]LogDerivedDataCache: Loaded boot cache 0.06s 94MB C:/Users/LiamChen/AppData/Local/UnrealEngine/4.27/DerivedDataCache/Boot.ddc.
[2026.01.06-23.44.01:254][  0]LogDerivedDataCache: Display: Loaded Boot cache: C:/Users/LiamChen/AppData/Local/UnrealEngine/4.27/DerivedDataCache/Boot.ddc
[2026.01.06-23.44.01:254][  0]LogDerivedDataCache: FDerivedDataBackendGraph:  Pak pak cache file ../../../../../../UEProject/UnrealLearn/ALSV4/DerivedDataCache/DDC.ddp not found, will not use a pak cache.
[2026.01.06-23.44.01:254][  0]LogDerivedDataCache: Unable to find inner node Pak for hierarchical cache Hierarchy.
[2026.01.06-23.44.01:254][  0]LogDerivedDataCache: FDerivedDataBackendGraph:  CompressedPak pak cache file ../../../../../../UEProject/UnrealLearn/ALSV4/DerivedDataCache/Compressed.ddp not found, will not use a pak cache.
[2026.01.06-23.44.01:254][  0]LogDerivedDataCache: Unable to find inner node CompressedPak for hierarchical cache Hierarchy.
[2026.01.06-23.44.01:267][  0]LogDerivedDataCache: Display: Pak cache opened for reading ../../../Engine/DerivedDataCache/Compressed.ddp.
[2026.01.06-23.44.01:267][  0]LogDerivedDataCache: FDerivedDataBackendGraph:  EnterprisePak pak cache file ../../../Enterprise/DerivedDataCache/Compressed.ddp not found, will not use a pak cache.
[2026.01.06-23.44.01:267][  0]LogDerivedDataCache: Unable to find inner node EnterprisePak for hierarchical cache Hierarchy.
[2026.01.06-23.44.01:271][  0]LogDerivedDataCache: Speed tests for C:/Users/LiamChen/AppData/Local/UnrealEngine/Common/DerivedDataCache took 0.00 seconds
[2026.01.06-23.44.01:271][  0]LogDerivedDataCache: Display: Performance to C:/Users/LiamChen/AppData/Local/UnrealEngine/Common/DerivedDataCache: Latency=0.02ms. RandomReadSpeed=2034.77MBs, RandomWriteSpeed=285.71MBs. Assigned SpeedClass 'Local'
[2026.01.06-23.44.01:273][  0]LogDerivedDataCache: Using Local data cache path C:/Users/LiamChen/AppData/Local/UnrealEngine/Common/DerivedDataCache: Writable
[2026.01.06-23.44.01:273][  0]LogDerivedDataCache: Shared data cache path not found in *engine.ini, will not use an Shared cache.
[2026.01.06-23.44.01:273][  0]LogDerivedDataCache: Unable to find inner node Shared for hierarchical cache Hierarchy.
[2026.01.06-23.44.01:303][  0]LogSlate: Using FreeType 2.10.0
[2026.01.06-23.44.01:303][  0]LogSlate: SlateFontServices - WITH_FREETYPE: 1, WITH_HARFBUZZ: 1
[2026.01.06-23.44.01:329][  0]LogAssetRegistry: FAssetRegistry took 0.0029 seconds to start up
[2026.01.06-23.44.01:492][  0]LogInit: Selected Device Profile: [Windows]
[2026.01.06-23.44.01:492][  0]LogInit: Active device profile: [000002367EBC9400][000002367E3C7480 49] Windows
[2026.01.06-23.44.01:492][  0]LogInit: Profiles: [000002367EBC9400][000002367E3C7480 49] Windows, [000002367EB68100][000002367E3CF600 49] WindowsNoEditor, [000002367EB4C200][000002367E3D3780 49] WindowsServer, [000002367EB6A500][000002367E3D7900 49] WindowsClient, [000002367EB4DA00][000002367E3DBA80 49] IOS, [000002367EB6A000][000002367E3DFC00 49] iPadAir, [000002367EB4E100][000002367E3E2200 49] iPadAir2, [000002367EB18400][000002367E3EA4C0 49] IPadPro, [000002367EB18500][000002367E3E6500 49] iPadAir3, [000002367EB4F900][000002367E3CA640 49] iPadAir4, [000002367EB1BD00][000002367E3EE780 49] iPadMini2, [000002367EB4C800][000002367E3F28C0 49] iPadMini3, [000002367EB19300][000002367E3FAA40 49] iPadMini4, [000002367EB4F100][000002367E3FEBC0 49] iPadMini5, [000002367EAFFC00][000002367E406E80 49] iPhone6, [000002367EAFFD00][000002367E402EC0 49] iPodTouch6, [000002367EB1B400][000002367E40F180 49] iPhone7, [000002367EB1B300][000002367E40B1C0 49] iPodTouch7, [000002367EAFC700][000002367E413340 49] iPhone5S, [000002367EB1B700][000002367E4174C0 49] iPhone6Plus, [000002367EAFF000][000002367E41B640 49] iPhone6S, [000002367EB1BC00][000002367E5EF7C0 49] iPhone6SPlus, [000002367EAFD100][000002367E5F3940 49] iPhone7Plus, [000002367EB1B200][000002367E5F7AC0 49] iPhoneSE, [000002367EAFE700][000002367E5FA0C0 49] iPhone8, [000002367EB19A00][000002367E5FE240 49] iPhone8Plus, [000002367EAFF400][000002367E6023C0 49] iPhoneX, [000002367EB18A00][000002367E606540 49] iPhoneXS, [000002367EAFCD00][000002367E60A6C0 49] iPhoneXSMax, [000002367EB19900][000002367E3F6800 49] iPhoneXR, [000002367EAFFF00][000002367E60E940 49] iPhone11, [000002367EB18F00][000002367E612A80 49] iPhone11Pro, [000002367EAFC200][000002367E616BC0 49] iPhone11ProMax, [000002367EB19D00][000002367E61ED40 49] iPhoneSE2, [000002367EAFCE00][000002367E622EC0 49] iPhone12Mini, [000002367EB18D00][000002367E627040 49] iPhone12, [000002367EAFEF00][000002367E62B1C0 49] iPhone12Pro, [000002367EB1B600][000002367E62F340 49] iPhone12ProMax, [000002367EAFCC00][000002367E6334C0 49] iPadPro105, [000002367EB1AE00][000002367E637640 49] iPadPro129, [000002367EAFEE00][000002367E6977C0 49] iPadPro97, [000002367EB18C00][000002367E70B940 49] iPadPro2_129, [000002367EAFE800][000002367E70FAC0 49] iPad5, [000002367EB18800][000002367E78E0C0 49] iPad6, [000002367EAFC500][000002367E792240 49] iPad7, [000002367EB1A400][000002367E82C3C0 49] iPad8, [000002367EAFDB00][0000023678988540 49] iPadPro11, [000002367EB19200][00000236789DC6C0 49] iPadPro2_11, [000002367EAFDC00][00000236789E0840 49] iPadPro3_129, [000002367EB1BA00][000002367E61A980 49] iPadPro4_129, [000002367EAFCA00][00000236789E4AC0 49] AppleTV, [000002367EB18900][00000236789E8C00 49] AppleTV4K, [000002367EAFC400][00000236789ECD40 49] TVOS, [000002367EB1AD00][00000236789F8EC0 49] Mac, [000002367EAFFE00][0000023678A09040 49] MacClient, [000002367EB1A700][0000023678A111C0 49] MacNoEditor, [000002367EAFE300][000002367E63B340 49] MacServer, [000002367EB1A900][000002367E63F4C0 49] Linux, [000002367EAFE500][000002367E643640 49] LinuxAArch64, [000002367EB18600][000002367E6477C0 49] LinuxNoEditor, [000002367EAFE000][000002367E671940 49] LinuxAArch64NoEditor, [000002367EB1B900][000002367E675AC0 49] LinuxClient, [000002367EAFF700][000002367E6800C0 49] LinuxAArch64Client, [000002367EB1AB00][000002367E684240 49] LinuxServer, [000002367EAFFA00][000002367E6903C0 49] LinuxAArch64Server, [000002367EB19E00][000002367E6F8540 49] Android, [000002367EB6B900][000002367E6FC6C0 49] Android_Low, [000002367EBC9C00][000002367E700840 49] Android_Mid, [000002367EB6BF00][000002367E7049C0 49] Android_High, [000002367EBC8700][000002367E80EB40 49] Android_Default, [000002367EB68900][00000236789F4C80 49] Android_Adreno4xx, [000002367EBC8200][000002367E812DC0 49] Android_Adreno5xx_Low, [000002367EB68800][000002367E816F00 49] Android_Adreno5xx, [000002367EBCA700][00000236769C9080 49] Android_Adreno6xx, [000002367EB69000][00000236769CD200 49] Android_Adreno6xx_Vulkan, [000002367EBC9100][000002367E81B380 49] Android_Mali_T6xx, [000002367EB68700][000002367E81F500 49] Android_Mali_T7xx, [000002367EBC8F00][000002367E789680 49] Android_Mali_T8xx, [000002367EB6B200][000002367E823800 49] Android_Mali_G71, [000002367EBCA800][0000023600203980 49] Android_Mali_G72, [000002367EB69C00][000002360020BB00 49] Android_Mali_G72_Vulkan, [000002367EBCAC00][000002360020E100 49] Android_Mali_G76, [000002367EB6AA00][0000023600216280 49] Android_Mali_G76_Vulkan, [000002367EBCAA00][0000023600250400 49] Android_Mali_G77, [000002367EB6A100][0000023600290580 49] Android_Mali_G77_Vulkan, [000002367EBC8C00][0000023600298700 49] Android_Mali_G78, [000002367EB6B600][000002360029C880 49] Android_Mali_G78_Vulkan, [000002367EBCB700][00000236003C6A00 49] Android_Mali_G710, [000002367EB68A00][00000236003D4B80 49] Android_Mali_G710_Vulkan, [000002367EBCA400][00000236003D8D00 49] Android_Vulkan_SM5, [000002367EB69700][00000236769C4E40 49] Android_PowerVR_G6xxx, [000002367EBCB100][00000236003DCF80 49] Android_PowerVR_GT7xxx, [000002367EB6AB00][00000236003E10C0 49] Android_PowerVR_GE8xxx, [000002367EBC9300][00000236003E9240 49] Android_PowerVR_GM9xxx, [000002367EB1A100][00000236003ED3C0 49] Android_PowerVR_GM9xxx_Vulkan, [000002367EBCB400][00000236003F1540 49] Android_TegraK1, [000002367EB1B800][00000236003F56C0 49] Android_Unknown_Vulkan, [000002367EBC9200][0000023678561840 49] Lumin, [000002367EB1B500][00000236785AD9C0 49] Lumin_Desktop, [000002367EBCAF00][00000236785B1B40 49] HoloLens, 
[2026.01.06-23.44.01:582][  0]LogMeshReduction: Using QuadricMeshReduction for automatic static mesh reduction
[2026.01.06-23.44.01:582][  0]LogMeshReduction: Using SimplygonMeshReduction for automatic skeletal mesh reduction
[2026.01.06-23.44.01:582][  0]LogMeshReduction: Using ProxyLODMeshReduction for automatic mesh merging
[2026.01.06-23.44.01:582][  0]LogMeshReduction: No distributed automatic mesh merging module available
[2026.01.06-23.44.01:582][  0]LogMeshMerging: No distributed automatic mesh merging module available
[2026.01.06-23.44.01:592][  0]LogNetVersion: ALSV4 1.0.0, NetCL: 17155196, EngineNetVer: 17, GameNetVer: 0 (Checksum: 1428757274)
[2026.01.06-23.44.01:914][  0]LogTexture: Default maximum texture size for cubemaps generated from long-lat sources has been changed from 512 to unlimited. In order to preserve old behaiour for '/Engine/MapTemplates/Sky/DaylightAmbientCubemap.DaylightAmbientCubemap', its maximum texture size has been explicitly set to 512.
[2026.01.06-23.44.01:959][  0]LogHMD: PokeAHoleMaterial loaded successfully
[2026.01.06-23.44.01:963][  0]LogUObjectArray: 17178 objects as part of root set at end of initial load.
[2026.01.06-23.44.01:964][  0]LogUObjectAllocator: 4302048 out of 0 bytes used by permanent object pool.
[2026.01.06-23.44.01:964][  0]LogUObjectArray: CloseDisregardForGC: 0/0 objects in disregard for GC pool
[2026.01.06-23.44.02:155][  0]LogNiagaraDebuggerClient: Niagara Debugger Client Initialized | Session: 2501470E4B4C62EBC7FBD8AC1E7C5A1F | Instance: EE03ACD947D00C3907E800BD640224DC (MANKA-D-D-6017-7320).
[2026.01.06-23.44.02:255][  0]LogPython: Using Python 3.7.7
[2026.01.06-23.44.02:636][  0]LogTcpMessaging: Initializing TcpMessaging bridge
[2026.01.06-23.44.02:640][  0]LogUdpMessaging: Initializing bridge on interface 0.0.0.0:0 to multicast group 230.0.0.1:6666.
[2026.01.06-23.44.02:850][  0]SourceControl: Source control is disabled
[2026.01.06-23.44.02:850][  0]SourceControl: Source control is disabled
[2026.01.06-23.44.02:870][  0]SourceControl: Source control is disabled
[2026.01.06-23.44.02:872][  0]SourceControl: Source control is disabled
[2026.01.06-23.44.02:891][  0]SourceControl: Source control is disabled
[2026.01.06-23.44.02:950][  0]LogUProjectInfo: Found projects:
[2026.01.06-23.44.02:982][  0]LogOpenImageDenoise: OIDN starting up
[2026.01.06-23.44.03:041][  0]LogAudioCaptureCore: Display: No Audio Capture implementations found. Audio input will be silent.
[2026.01.06-23.44.03:041][  0]LogAudioCaptureCore: Display: No Audio Capture implementations found. Audio input will be silent.
[2026.01.06-23.44.03:053][  0]LogAndroidPermission: UAndroidPermissionCallbackProxy::GetInstance
[2026.01.06-23.44.03:171][  0]LogCollectionManager: Loaded 0 collections in 0.000971 seconds
[2026.01.06-23.44.03:201][  0]LogFileCache: Scanning file cache for directory 'C:/UEProject/UnrealLearn/ALSV4/Saved/Collections/' took 0.00s
[2026.01.06-23.44.03:201][  0]LogFileCache: Scanning file cache for directory 'C:/UEProject/UnrealLearn/ALSV4/Content/Developers/LiamChen/Collections/' took 0.00s
[2026.01.06-23.44.03:201][  0]LogFileCache: Scanning file cache for directory 'C:/UEProject/UnrealLearn/ALSV4/Content/Collections/' took 0.00s
[2026.01.06-23.44.03:201][  0]LogOcInput: OculusInput pre-init called
[2026.01.06-23.44.03:418][  0]LogEngine: Initializing Engine...
[2026.01.06-23.44.03:420][  0]LogHMD: Failed to enumerate extensions. Please check that you have a valid OpenXR runtime installed.
[2026.01.06-23.44.03:420][  0]LogHMD: Failed to initialize OpenVR with code 110
[2026.01.06-23.44.03:420][  0]LogMagicLeap: Warning: VR disabled because ZI is not enabled.  To enable, in the editor, Edit -> Project Settings -> Plugins -> Magic Leap Plugin -> Enable Zero Iteration
[2026.01.06-23.44.03:421][  0]LogStats: UGameplayTagsManager::InitializeManager -  0.000 s
[2026.01.06-23.44.03:583][  0]LogInit: Initializing FReadOnlyCVARCache
[2026.01.06-23.44.03:589][  0]LogAIModule: Creating AISystem for world Untitled
[2026.01.06-23.44.03:590][  0]LogAudio: Display: Initializing Audio Device Manager...
[2026.01.06-23.44.03:592][  0]LogAudio: Display: Loading Default Audio Settings Objects...
[2026.01.06-23.44.03:592][  0]LogAudio: Display: No default SoundConcurrencyObject specified (or failed to load).
[2026.01.06-23.44.03:593][  0]LogAudio: Display: Audio Device Manager Initialized
[2026.01.06-23.44.03:593][  0]LogAudio: Display: Creating Audio Device:                 Id: 1, Scope: Shared, Realtime: True
[2026.01.06-23.44.03:593][  0]LogAudioMixer: Display: Audio Mixer Platform Settings:
[2026.01.06-23.44.03:593][  0]LogAudioMixer: Display: 	Sample Rate:						  48000
[2026.01.06-23.44.03:593][  0]LogAudioMixer: Display: 	Callback Buffer Frame Size Requested: 1024
[2026.01.06-23.44.03:593][  0]LogAudioMixer: Display: 	Callback Buffer Frame Size To Use:	  1024
[2026.01.06-23.44.03:593][  0]LogAudioMixer: Display: 	Number of buffers to queue:			  2
[2026.01.06-23.44.03:593][  0]LogAudioMixer: Display: 	Max Channels (voices):				  32
[2026.01.06-23.44.03:593][  0]LogAudioMixer: Display: 	Number of Async Source Workers:		  0
[2026.01.06-23.44.03:593][  0]LogAudio: Display: AudioDevice MaxSources: 32
[2026.01.06-23.44.03:593][  0]LogAudio: Display: Audio Spatialization Plugin: None (built-in).
[2026.01.06-23.44.03:593][  0]LogAudio: Display: Audio Reverb Plugin: None (built-in).
[2026.01.06-23.44.03:593][  0]LogAudio: Display: Audio Occlusion Plugin: None (built-in).
[2026.01.06-23.44.03:593][  0]LogAudioMixer: Display: Initializing audio mixer.
[2026.01.06-23.44.03:606][  0]LogAudioMixer: Display: 0: FrontLeft
[2026.01.06-23.44.03:606][  0]LogAudioMixer: Display: 1: FrontRight
[2026.01.06-23.44.03:615][  0]LogAudioMixer: Display: Using Audio Device G274F (HD Audio Driver for Display Audio)
[2026.01.06-23.44.03:615][  0]LogAudioMixer: Display: Initializing Sound Submixes...
[2026.01.06-23.44.03:617][  0]LogAudioMixer: Display: Creating Master Submix 'MasterSubmixDefault'
[2026.01.06-23.44.03:617][  0]LogAudioMixer: Display: Creating Master Submix 'MasterReverbSubmixDefault'
[2026.01.06-23.44.03:618][  0]LogAudioMixer: Display: Creating Master Submix 'MasterEQSubmixDefault'
[2026.01.06-23.44.03:618][  0]LogAudioMixer: FMixerPlatformXAudio2::StartAudioStream() called
[2026.01.06-23.44.03:618][  0]LogAudioMixer: Display: Output buffers initialized: Frames=1024, Channels=2, Samples=2048
[2026.01.06-23.44.03:618][  0]LogAudioMixer: Display: Starting AudioMixerPlatformInterface::RunInternal()
[2026.01.06-23.44.03:618][  0]LogAudioMixer: Display: FMixerPlatformXAudio2::SubmitBuffer() called for the first time
[2026.01.06-23.44.03:618][  0]LogInit: FAudioDevice initialized.
[2026.01.06-23.44.03:618][  0]LogAudio: Display: Audio Device (ID: 1) registered with world 'Untitled'.
[2026.01.06-23.44.03:618][  0]LogNetVersion: Set ProjectVersion to 1.0.0.0. Version Checksum will be recalculated on next use.
[2026.01.06-23.44.03:680][  0]LogDerivedDataCache: Saved boot cache 0.06s 94MB C:/Users/LiamChen/AppData/Local/UnrealEngine/4.27/DerivedDataCache/Boot.ddc.
[2026.01.06-23.44.03:681][  0]LogInit: Texture streaming: Enabled
[2026.01.06-23.44.03:700][  0]LogAnalytics: Display: [UEEditor.Rocket.Release] APIServer = https://datarouter.ol.epicgames.com/. AppVersion = 4.27.2-18319896+++UE4+Release-4.27
[2026.01.06-23.44.03:703][  0]LogEngineSessionManager: EngineSessionManager initialized
[2026.01.06-23.44.03:703][  0]LogEditorSessionSummary: Verbose: Initializing EditorSessionSummaryWriter for editor session tracking
[2026.01.06-23.44.03:705][  0]LogEditorSessionSummary: EditorSessionSummaryWriter initialized
[2026.01.06-23.44.03:726][  0]LogInit: Transaction tracking system initialized
[2026.01.06-23.44.03:742][  0]BlueprintLog: New page: Editor Load
[2026.01.06-23.44.03:783][  0]LocalizationService: Localization service is disabled
[2026.01.06-23.44.03:800][  0]TimingProfiler: Initialize
[2026.01.06-23.44.03:800][  0]TimingProfiler: OnSessionChanged
[2026.01.06-23.44.03:800][  0]LoadingProfiler: Initialize
[2026.01.06-23.44.03:800][  0]LoadingProfiler: OnSessionChanged
[2026.01.06-23.44.03:800][  0]NetworkingProfiler: Initialize
[2026.01.06-23.44.03:800][  0]NetworkingProfiler: OnSessionChanged
[2026.01.06-23.44.03:800][  0]MemoryProfiler: Initialize
[2026.01.06-23.44.03:800][  0]MemoryProfiler: OnSessionChanged
[2026.01.06-23.44.03:888][  0]LogCook: Display: CookSettings for Memory: MemoryMaxUsedVirtual 0MiB, MemoryMaxUsedPhysical 16384MiB, MemoryMinFreeVirtual 0MiB, MemoryMinFreePhysical 1024MiB
[2026.01.06-23.44.03:888][  0]LogCook: Display: Mobile HDR setting 1
[2026.01.06-23.44.04:017][  0]LogFileCache: Scanning file cache for directory 'C:/UEProject/UnrealLearn/ALSV4/Content/' took 0.00s
[2026.01.06-23.44.04:138][  0]LogInit: Display: Engine is initialized. Leaving FEngineLoop::Init()
[2026.01.06-23.44.04:141][  0]SourceControl: Source control is disabled
[2026.01.06-23.44.04:141][  0]LogUnrealEdMisc: Loading editor; pre map load, took 5.177
[2026.01.06-23.44.04:141][  0]Cmd: MAP LOAD FILE="../../../../../../UEProject/UnrealLearn/ALSV4/Content/ThirdPersonBP/Maps/ThirdPersonExampleMap.umap" TEMPLATE=0 SHOWPROGRESS=1 FEATURELEVEL=3
[2026.01.06-23.44.04:141][  0]LightingResults: New page: Lighting Build
[2026.01.06-23.44.04:142][  0]LogWorld: UWorld::CleanupWorld for Untitled, bSessionEnded=true, bCleanupResources=true
[2026.01.06-23.44.04:142][  0]LogSlate: InvalidateAllWidgets triggered.  All widgets were invalidated
[2026.01.06-23.44.04:142][  0]MapCheck: New page: Map Check
[2026.01.06-23.44.04:142][  0]LightingResults: New page: Lighting Build
[2026.01.06-23.44.04:151][  0]LogAudio: Display: Audio Device unregistered from world 'None'.
[2026.01.06-23.44.04:153][  0]LogUObjectHash: Compacting FUObjectHashTables data took   0.44ms
[2026.01.06-23.44.04:191][  0]LogAudio: Display: Audio Device (ID: 1) registered with world 'ThirdPersonExampleMap'.
[2026.01.06-23.44.04:192][  0]LogAIModule: Creating AISystem for world ThirdPersonExampleMap
[2026.01.06-23.44.04:195][  0]LogEditorServer: Finished looking for orphan Actors (0.000 secs)
[2026.01.06-23.44.04:199][  0]LogUObjectHash: Compacting FUObjectHashTables data took   0.48ms
[2026.01.06-23.44.04:199][  0]Cmd: MAP CHECKDEP NOCLEARLOG
[2026.01.06-23.44.04:200][  0]MapCheck: Map check complete: 0 Error(s), 0 Warning(s), took 0.14ms to complete.
[2026.01.06-23.44.04:200][  0]LogFileHelpers: Loading map 'ThirdPersonExampleMap' took 0.059
[2026.01.06-23.44.04:201][  0]LogUnrealEdMisc: Total Editor Startup Time, took 5.237
[2026.01.06-23.44.04:311][  0]LogSlate: Updating window title bar state: overlay mode, drag disabled, window buttons hidden, title bar hidden
[2026.01.06-23.44.04:315][  0]LogSlate: Updating window title bar state: overlay mode, drag disabled, window buttons hidden, title bar hidden
[2026.01.06-23.44.04:321][  0]LogSlate: Updating window title bar state: overlay mode, drag disabled, window buttons hidden, title bar hidden
[2026.01.06-23.44.04:324][  0]LogSlate: Updating window title bar state: overlay mode, drag disabled, window buttons hidden, title bar hidden
[2026.01.06-23.44.04:333][  0]LogNativeClassHierarchy: Verbose: Native class hierarchy populated in 0.0065 seconds. Added 3822 classes and 928 folders.
[2026.01.06-23.44.04:334][  0]LogNativeClassHierarchy: Verbose: Native class hierarchy updated for 'WidgetCarousel' in 0.0001 seconds. Added 0 classes and 0 folders.
[2026.01.06-23.44.04:335][  0]LogPakFile: PakFile PrimaryIndexSize=187
[2026.01.06-23.44.04:335][  0]LogPakFile: PakFile PathHashIndexSize=101
[2026.01.06-23.44.04:335][  0]LogPakFile: PakFile FullDirectoryIndexSize=148
[2026.01.06-23.44.04:335][  0]LogShaderLibrary: Display: ShaderCodeLibraryPakFileMountedCallback: PakFile 'C:/Program Files/Epic Games/UE_4.27/FeaturePacks/FP_FirstPerson.upack' (chunk index -1, root 'root:/') mounted
[2026.01.06-23.44.04:335][  0]LogShaderLibrary: Display: ShaderCodeLibraryPakFileMountedCallback: pending pak file info (ChunkID:-1 Root:root:/ File:C:/Program Files/Epic Games/UE_4.27/FeaturePacks/FP_FirstPerson.upack)
[2026.01.06-23.44.04:335][  0]LogPakFile: OnPakFileMounted2Time == 0.000044
[2026.01.06-23.44.04:335][  0]LogPakFile: PakFile PrimaryIndexSize=189
[2026.01.06-23.44.04:335][  0]LogPakFile: PakFile PathHashIndexSize=101
[2026.01.06-23.44.04:335][  0]LogPakFile: PakFile FullDirectoryIndexSize=152
[2026.01.06-23.44.04:335][  0]LogShaderLibrary: Display: ShaderCodeLibraryPakFileMountedCallback: PakFile 'C:/Program Files/Epic Games/UE_4.27/FeaturePacks/FP_FirstPersonBP.upack' (chunk index -1, root 'root:/') mounted
[2026.01.06-23.44.04:335][  0]LogShaderLibrary: Display: ShaderCodeLibraryPakFileMountedCallback: pending pak file info (ChunkID:-1 Root:root:/ File:C:/Program Files/Epic Games/UE_4.27/FeaturePacks/FP_FirstPersonBP.upack)
[2026.01.06-23.44.04:335][  0]LogPakFile: OnPakFileMounted2Time == 0.000030
[2026.01.06-23.44.04:336][  0]LogPakFile: PakFile PrimaryIndexSize=191
[2026.01.06-23.44.04:336][  0]LogPakFile: PakFile PathHashIndexSize=101
[2026.01.06-23.44.04:336][  0]LogPakFile: PakFile FullDirectoryIndexSize=160
[2026.01.06-23.44.04:336][  0]LogShaderLibrary: Display: ShaderCodeLibraryPakFileMountedCallback: PakFile 'C:/Program Files/Epic Games/UE_4.27/FeaturePacks/MobileStarterContent.upack' (chunk index -1, root 'root:/') mounted
[2026.01.06-23.44.04:336][  0]LogShaderLibrary: Display: ShaderCodeLibraryPakFileMountedCallback: pending pak file info (ChunkID:-1 Root:root:/ File:C:/Program Files/Epic Games/UE_4.27/FeaturePacks/MobileStarterContent.upack)
[2026.01.06-23.44.04:336][  0]LogPakFile: OnPakFileMounted2Time == 0.000025
[2026.01.06-23.44.04:336][  0]LogPakFile: PakFile PrimaryIndexSize=185
[2026.01.06-23.44.04:336][  0]LogPakFile: PakFile PathHashIndexSize=101
[2026.01.06-23.44.04:336][  0]LogPakFile: PakFile FullDirectoryIndexSize=148
[2026.01.06-23.44.04:336][  0]LogShaderLibrary: Display: ShaderCodeLibraryPakFileMountedCallback: PakFile 'C:/Program Files/Epic Games/UE_4.27/FeaturePacks/StarterContent.upack' (chunk index -1, root 'root:/') mounted
[2026.01.06-23.44.04:336][  0]LogShaderLibrary: Display: ShaderCodeLibraryPakFileMountedCallback: pending pak file info (ChunkID:-1 Root:root:/ File:C:/Program Files/Epic Games/UE_4.27/FeaturePacks/StarterContent.upack)
[2026.01.06-23.44.04:336][  0]LogPakFile: OnPakFileMounted2Time == 0.000027
[2026.01.06-23.44.04:336][  0]LogPakFile: PakFile PrimaryIndexSize=190
[2026.01.06-23.44.04:336][  0]LogPakFile: PakFile PathHashIndexSize=101
[2026.01.06-23.44.04:336][  0]LogPakFile: PakFile FullDirectoryIndexSize=154
[2026.01.06-23.44.04:336][  0]LogShaderLibrary: Display: ShaderCodeLibraryPakFileMountedCallback: PakFile 'C:/Program Files/Epic Games/UE_4.27/FeaturePacks/TP_2DSideScroller.upack' (chunk index -1, root 'root:/') mounted
[2026.01.06-23.44.04:336][  0]LogShaderLibrary: Display: ShaderCodeLibraryPakFileMountedCallback: pending pak file info (ChunkID:-1 Root:root:/ File:C:/Program Files/Epic Games/UE_4.27/FeaturePacks/TP_2DSideScroller.upack)
[2026.01.06-23.44.04:336][  0]LogPakFile: OnPakFileMounted2Time == 0.000026
[2026.01.06-23.44.04:337][  0]LogPakFile: PakFile PrimaryIndexSize=192
[2026.01.06-23.44.04:337][  0]LogPakFile: PakFile PathHashIndexSize=101
[2026.01.06-23.44.04:337][  0]LogPakFile: PakFile FullDirectoryIndexSize=158
[2026.01.06-23.44.04:337][  0]LogShaderLibrary: Display: ShaderCodeLibraryPakFileMountedCallback: PakFile 'C:/Program Files/Epic Games/UE_4.27/FeaturePacks/TP_2DSideScrollerBP.upack' (chunk index -1, root 'root:/') mounted
[2026.01.06-23.44.04:337][  0]LogShaderLibrary: Display: ShaderCodeLibraryPakFileMountedCallback: pending pak file info (ChunkID:-1 Root:root:/ File:C:/Program Files/Epic Games/UE_4.27/FeaturePacks/TP_2DSideScrollerBP.upack)
[2026.01.06-23.44.04:337][  0]LogPakFile: OnPakFileMounted2Time == 0.000025
[2026.01.06-23.44.04:337][  0]LogPakFile: PakFile PrimaryIndexSize=182
[2026.01.06-23.44.04:337][  0]LogPakFile: PakFile PathHashIndexSize=101
[2026.01.06-23.44.04:337][  0]LogPakFile: PakFile FullDirectoryIndexSize=138
[2026.01.06-23.44.04:337][  0]LogShaderLibrary: Display: ShaderCodeLibraryPakFileMountedCallback: PakFile 'C:/Program Files/Epic Games/UE_4.27/FeaturePacks/TP_Flying.upack' (chunk index -1, root 'root:/') mounted
[2026.01.06-23.44.04:337][  0]LogShaderLibrary: Display: ShaderCodeLibraryPakFileMountedCallback: pending pak file info (ChunkID:-1 Root:root:/ File:C:/Program Files/Epic Games/UE_4.27/FeaturePacks/TP_Flying.upack)
[2026.01.06-23.44.04:337][  0]LogPakFile: OnPakFileMounted2Time == 0.000025
[2026.01.06-23.44.04:337][  0]LogPakFile: PakFile PrimaryIndexSize=184
[2026.01.06-23.44.04:337][  0]LogPakFile: PakFile PathHashIndexSize=101
[2026.01.06-23.44.04:337][  0]LogPakFile: PakFile FullDirectoryIndexSize=142
[2026.01.06-23.44.04:337][  0]LogShaderLibrary: Display: ShaderCodeLibraryPakFileMountedCallback: PakFile 'C:/Program Files/Epic Games/UE_4.27/FeaturePacks/TP_FlyingBP.upack' (chunk index -1, root 'root:/') mounted
[2026.01.06-23.44.04:337][  0]LogShaderLibrary: Display: ShaderCodeLibraryPakFileMountedCallback: pending pak file info (ChunkID:-1 Root:root:/ File:C:/Program Files/Epic Games/UE_4.27/FeaturePacks/TP_FlyingBP.upack)
[2026.01.06-23.44.04:337][  0]LogPakFile: OnPakFileMounted2Time == 0.000025
[2026.01.06-23.44.04:337][  0]LogPakFile: PakFile PrimaryIndexSize=188
[2026.01.06-23.44.04:337][  0]LogPakFile: PakFile PathHashIndexSize=101
[2026.01.06-23.44.04:337][  0]LogPakFile: PakFile FullDirectoryIndexSize=150
[2026.01.06-23.44.04:337][  0]LogShaderLibrary: Display: ShaderCodeLibraryPakFileMountedCallback: PakFile 'C:/Program Files/Epic Games/UE_4.27/FeaturePacks/TP_HandheldARBP.upack' (chunk index -1, root 'root:/') mounted
[2026.01.06-23.44.04:337][  0]LogShaderLibrary: Display: ShaderCodeLibraryPakFileMountedCallback: pending pak file info (ChunkID:-1 Root:root:/ File:C:/Program Files/Epic Games/UE_4.27/FeaturePacks/TP_HandheldARBP.upack)
[2026.01.06-23.44.04:337][  0]LogPakFile: OnPakFileMounted2Time == 0.000024
[2026.01.06-23.44.04:338][  0]LogPakFile: PakFile PrimaryIndexSize=182
[2026.01.06-23.44.04:338][  0]LogPakFile: PakFile PathHashIndexSize=101
[2026.01.06-23.44.04:338][  0]LogPakFile: PakFile FullDirectoryIndexSize=138
[2026.01.06-23.44.04:338][  0]LogShaderLibrary: Display: ShaderCodeLibraryPakFileMountedCallback: PakFile 'C:/Program Files/Epic Games/UE_4.27/FeaturePacks/TP_Puzzle.upack' (chunk index -1, root 'root:/') mounted
[2026.01.06-23.44.04:338][  0]LogShaderLibrary: Display: ShaderCodeLibraryPakFileMountedCallback: pending pak file info (ChunkID:-1 Root:root:/ File:C:/Program Files/Epic Games/UE_4.27/FeaturePacks/TP_Puzzle.upack)
[2026.01.06-23.44.04:338][  0]LogPakFile: OnPakFileMounted2Time == 0.000051
[2026.01.06-23.44.04:338][  0]LogPakFile: PakFile PrimaryIndexSize=184
[2026.01.06-23.44.04:338][  0]LogPakFile: PakFile PathHashIndexSize=101
[2026.01.06-23.44.04:338][  0]LogPakFile: PakFile FullDirectoryIndexSize=142
[2026.01.06-23.44.04:338][  0]LogShaderLibrary: Display: ShaderCodeLibraryPakFileMountedCallback: PakFile 'C:/Program Files/Epic Games/UE_4.27/FeaturePacks/TP_PuzzleBP.upack' (chunk index -1, root 'root:/') mounted
[2026.01.06-23.44.04:338][  0]LogShaderLibrary: Display: ShaderCodeLibraryPakFileMountedCallback: pending pak file info (ChunkID:-1 Root:root:/ File:C:/Program Files/Epic Games/UE_4.27/FeaturePacks/TP_PuzzleBP.upack)
[2026.01.06-23.44.04:339][  0]LogPakFile: OnPakFileMounted2Time == 0.000041
[2026.01.06-23.44.04:339][  0]LogPakFile: PakFile PrimaryIndexSize=183
[2026.01.06-23.44.04:339][  0]LogPakFile: PakFile PathHashIndexSize=101
[2026.01.06-23.44.04:339][  0]LogPakFile: PakFile FullDirectoryIndexSize=140
[2026.01.06-23.44.04:339][  0]LogShaderLibrary: Display: ShaderCodeLibraryPakFileMountedCallback: PakFile 'C:/Program Files/Epic Games/UE_4.27/FeaturePacks/TP_Rolling.upack' (chunk index -1, root 'root:/') mounted
[2026.01.06-23.44.04:339][  0]LogShaderLibrary: Display: ShaderCodeLibraryPakFileMountedCallback: pending pak file info (ChunkID:-1 Root:root:/ File:C:/Program Files/Epic Games/UE_4.27/FeaturePacks/TP_Rolling.upack)
[2026.01.06-23.44.04:339][  0]LogPakFile: OnPakFileMounted2Time == 0.000026
[2026.01.06-23.44.04:339][  0]LogPakFile: PakFile PrimaryIndexSize=185
[2026.01.06-23.44.04:339][  0]LogPakFile: PakFile PathHashIndexSize=101
[2026.01.06-23.44.04:339][  0]LogPakFile: PakFile FullDirectoryIndexSize=144
[2026.01.06-23.44.04:339][  0]LogShaderLibrary: Display: ShaderCodeLibraryPakFileMountedCallback: PakFile 'C:/Program Files/Epic Games/UE_4.27/FeaturePacks/TP_RollingBP.upack' (chunk index -1, root 'root:/') mounted
[2026.01.06-23.44.04:339][  0]LogShaderLibrary: Display: ShaderCodeLibraryPakFileMountedCallback: pending pak file info (ChunkID:-1 Root:root:/ File:C:/Program Files/Epic Games/UE_4.27/FeaturePacks/TP_RollingBP.upack)
[2026.01.06-23.44.04:339][  0]LogPakFile: OnPakFileMounted2Time == 0.000035
[2026.01.06-23.44.04:339][  0]LogPakFile: PakFile PrimaryIndexSize=188
[2026.01.06-23.44.04:339][  0]LogPakFile: PakFile PathHashIndexSize=101
[2026.01.06-23.44.04:339][  0]LogPakFile: PakFile FullDirectoryIndexSize=150
[2026.01.06-23.44.04:339][  0]LogShaderLibrary: Display: ShaderCodeLibraryPakFileMountedCallback: PakFile 'C:/Program Files/Epic Games/UE_4.27/FeaturePacks/TP_SideScroller.upack' (chunk index -1, root 'root:/') mounted
[2026.01.06-23.44.04:340][  0]LogShaderLibrary: Display: ShaderCodeLibraryPakFileMountedCallback: pending pak file info (ChunkID:-1 Root:root:/ File:C:/Program Files/Epic Games/UE_4.27/FeaturePacks/TP_SideScroller.upack)
[2026.01.06-23.44.04:340][  0]LogPakFile: OnPakFileMounted2Time == 0.000021
[2026.01.06-23.44.04:340][  0]LogPakFile: PakFile PrimaryIndexSize=190
[2026.01.06-23.44.04:340][  0]LogPakFile: PakFile PathHashIndexSize=101
[2026.01.06-23.44.04:340][  0]LogPakFile: PakFile FullDirectoryIndexSize=154
[2026.01.06-23.44.04:340][  0]LogShaderLibrary: Display: ShaderCodeLibraryPakFileMountedCallback: PakFile 'C:/Program Files/Epic Games/UE_4.27/FeaturePacks/TP_SideScrollerBP.upack' (chunk index -1, root 'root:/') mounted
[2026.01.06-23.44.04:340][  0]LogShaderLibrary: Display: ShaderCodeLibraryPakFileMountedCallback: pending pak file info (ChunkID:-1 Root:root:/ File:C:/Program Files/Epic Games/UE_4.27/FeaturePacks/TP_SideScrollerBP.upack)
[2026.01.06-23.44.04:340][  0]LogPakFile: OnPakFileMounted2Time == 0.000028
[2026.01.06-23.44.04:340][  0]LogPakFile: PakFile PrimaryIndexSize=187
[2026.01.06-23.44.04:340][  0]LogPakFile: PakFile PathHashIndexSize=101
[2026.01.06-23.44.04:340][  0]LogPakFile: PakFile FullDirectoryIndexSize=148
[2026.01.06-23.44.04:340][  0]LogShaderLibrary: Display: ShaderCodeLibraryPakFileMountedCallback: PakFile 'C:/Program Files/Epic Games/UE_4.27/FeaturePacks/TP_ThirdPerson.upack' (chunk index -1, root 'root:/') mounted
[2026.01.06-23.44.04:340][  0]LogShaderLibrary: Display: ShaderCodeLibraryPakFileMountedCallback: pending pak file info (ChunkID:-1 Root:root:/ File:C:/Program Files/Epic Games/UE_4.27/FeaturePacks/TP_ThirdPerson.upack)
[2026.01.06-23.44.04:340][  0]LogPakFile: OnPakFileMounted2Time == 0.000024
[2026.01.06-23.44.04:340][  0]LogPakFile: PakFile PrimaryIndexSize=189
[2026.01.06-23.44.04:340][  0]LogPakFile: PakFile PathHashIndexSize=101
[2026.01.06-23.44.04:340][  0]LogPakFile: PakFile FullDirectoryIndexSize=152
[2026.01.06-23.44.04:340][  0]LogShaderLibrary: Display: ShaderCodeLibraryPakFileMountedCallback: PakFile 'C:/Program Files/Epic Games/UE_4.27/FeaturePacks/TP_ThirdPersonBP.upack' (chunk index -1, root 'root:/') mounted
[2026.01.06-23.44.04:340][  0]LogShaderLibrary: Display: ShaderCodeLibraryPakFileMountedCallback: pending pak file info (ChunkID:-1 Root:root:/ File:C:/Program Files/Epic Games/UE_4.27/FeaturePacks/TP_ThirdPersonBP.upack)
[2026.01.06-23.44.04:340][  0]LogPakFile: OnPakFileMounted2Time == 0.000024
[2026.01.06-23.44.04:341][  0]LogPakFile: PakFile PrimaryIndexSize=183
[2026.01.06-23.44.04:341][  0]LogPakFile: PakFile PathHashIndexSize=101
[2026.01.06-23.44.04:341][  0]LogPakFile: PakFile FullDirectoryIndexSize=140
[2026.01.06-23.44.04:341][  0]LogShaderLibrary: Display: ShaderCodeLibraryPakFileMountedCallback: PakFile 'C:/Program Files/Epic Games/UE_4.27/FeaturePacks/TP_TopDown.upack' (chunk index -1, root 'root:/') mounted
[2026.01.06-23.44.04:341][  0]LogShaderLibrary: Display: ShaderCodeLibraryPakFileMountedCallback: pending pak file info (ChunkID:-1 Root:root:/ File:C:/Program Files/Epic Games/UE_4.27/FeaturePacks/TP_TopDown.upack)
[2026.01.06-23.44.04:341][  0]LogPakFile: OnPakFileMounted2Time == 0.000029
[2026.01.06-23.44.04:341][  0]LogPakFile: PakFile PrimaryIndexSize=185
[2026.01.06-23.44.04:341][  0]LogPakFile: PakFile PathHashIndexSize=101
[2026.01.06-23.44.04:341][  0]LogPakFile: PakFile FullDirectoryIndexSize=144
[2026.01.06-23.44.04:341][  0]LogShaderLibrary: Display: ShaderCodeLibraryPakFileMountedCallback: PakFile 'C:/Program Files/Epic Games/UE_4.27/FeaturePacks/TP_TopDownBP.upack' (chunk index -1, root 'root:/') mounted
[2026.01.06-23.44.04:341][  0]LogShaderLibrary: Display: ShaderCodeLibraryPakFileMountedCallback: pending pak file info (ChunkID:-1 Root:root:/ File:C:/Program Files/Epic Games/UE_4.27/FeaturePacks/TP_TopDownBP.upack)
[2026.01.06-23.44.04:341][  0]LogPakFile: OnPakFileMounted2Time == 0.000025
[2026.01.06-23.44.04:341][  0]LogPakFile: PakFile PrimaryIndexSize=185
[2026.01.06-23.44.04:341][  0]LogPakFile: PakFile PathHashIndexSize=101
[2026.01.06-23.44.04:341][  0]LogPakFile: PakFile FullDirectoryIndexSize=144
[2026.01.06-23.44.04:341][  0]LogShaderLibrary: Display: ShaderCodeLibraryPakFileMountedCallback: PakFile 'C:/Program Files/Epic Games/UE_4.27/FeaturePacks/TP_TwinStick.upack' (chunk index -1, root 'root:/') mounted
[2026.01.06-23.44.04:341][  0]LogShaderLibrary: Display: ShaderCodeLibraryPakFileMountedCallback: pending pak file info (ChunkID:-1 Root:root:/ File:C:/Program Files/Epic Games/UE_4.27/FeaturePacks/TP_TwinStick.upack)
[2026.01.06-23.44.04:341][  0]LogPakFile: OnPakFileMounted2Time == 0.000024
[2026.01.06-23.44.04:341][  0]LogPakFile: PakFile PrimaryIndexSize=187
[2026.01.06-23.44.04:341][  0]LogPakFile: PakFile PathHashIndexSize=101
[2026.01.06-23.44.04:341][  0]LogPakFile: PakFile FullDirectoryIndexSize=148
[2026.01.06-23.44.04:341][  0]LogShaderLibrary: Display: ShaderCodeLibraryPakFileMountedCallback: PakFile 'C:/Program Files/Epic Games/UE_4.27/FeaturePacks/TP_TwinStickBP.upack' (chunk index -1, root 'root:/') mounted
[2026.01.06-23.44.04:341][  0]LogShaderLibrary: Display: ShaderCodeLibraryPakFileMountedCallback: pending pak file info (ChunkID:-1 Root:root:/ File:C:/Program Files/Epic Games/UE_4.27/FeaturePacks/TP_TwinStickBP.upack)
[2026.01.06-23.44.04:341][  0]LogPakFile: OnPakFileMounted2Time == 0.000025
[2026.01.06-23.44.04:342][  0]LogPakFile: PakFile PrimaryIndexSize=183
[2026.01.06-23.44.04:342][  0]LogPakFile: PakFile PathHashIndexSize=101
[2026.01.06-23.44.04:342][  0]LogPakFile: PakFile FullDirectoryIndexSize=140
[2026.01.06-23.44.04:342][  0]LogShaderLibrary: Display: ShaderCodeLibraryPakFileMountedCallback: PakFile 'C:/Program Files/Epic Games/UE_4.27/FeaturePacks/TP_Vehicle.upack' (chunk index -1, root 'root:/') mounted
[2026.01.06-23.44.04:342][  0]LogShaderLibrary: Display: ShaderCodeLibraryPakFileMountedCallback: pending pak file info (ChunkID:-1 Root:root:/ File:C:/Program Files/Epic Games/UE_4.27/FeaturePacks/TP_Vehicle.upack)
[2026.01.06-23.44.04:342][  0]LogPakFile: OnPakFileMounted2Time == 0.000026
[2026.01.06-23.44.04:342][  0]LogPakFile: PakFile PrimaryIndexSize=186
[2026.01.06-23.44.04:342][  0]LogPakFile: PakFile PathHashIndexSize=101
[2026.01.06-23.44.04:342][  0]LogPakFile: PakFile FullDirectoryIndexSize=146
[2026.01.06-23.44.04:342][  0]LogShaderLibrary: Display: ShaderCodeLibraryPakFileMountedCallback: PakFile 'C:/Program Files/Epic Games/UE_4.27/FeaturePacks/TP_VehicleAdv.upack' (chunk index -1, root 'root:/') mounted
[2026.01.06-23.44.04:342][  0]LogShaderLibrary: Display: ShaderCodeLibraryPakFileMountedCallback: pending pak file info (ChunkID:-1 Root:root:/ File:C:/Program Files/Epic Games/UE_4.27/FeaturePacks/TP_VehicleAdv.upack)
[2026.01.06-23.44.04:342][  0]LogPakFile: OnPakFileMounted2Time == 0.000026
[2026.01.06-23.44.04:342][  0]LogPakFile: PakFile PrimaryIndexSize=188
[2026.01.06-23.44.04:342][  0]LogPakFile: PakFile PathHashIndexSize=101
[2026.01.06-23.44.04:342][  0]LogPakFile: PakFile FullDirectoryIndexSize=150
[2026.01.06-23.44.04:342][  0]LogShaderLibrary: Display: ShaderCodeLibraryPakFileMountedCallback: PakFile 'C:/Program Files/Epic Games/UE_4.27/FeaturePacks/TP_VehicleAdvBP.upack' (chunk index -1, root 'root:/') mounted
[2026.01.06-23.44.04:342][  0]LogShaderLibrary: Display: ShaderCodeLibraryPakFileMountedCallback: pending pak file info (ChunkID:-1 Root:root:/ File:C:/Program Files/Epic Games/UE_4.27/FeaturePacks/TP_VehicleAdvBP.upack)
[2026.01.06-23.44.04:342][  0]LogPakFile: OnPakFileMounted2Time == 0.000031
[2026.01.06-23.44.04:343][  0]LogPakFile: PakFile PrimaryIndexSize=185
[2026.01.06-23.44.04:343][  0]LogPakFile: PakFile PathHashIndexSize=101
[2026.01.06-23.44.04:343][  0]LogPakFile: PakFile FullDirectoryIndexSize=144
[2026.01.06-23.44.04:343][  0]LogShaderLibrary: Display: ShaderCodeLibraryPakFileMountedCallback: PakFile 'C:/Program Files/Epic Games/UE_4.27/FeaturePacks/TP_VehicleBP.upack' (chunk index -1, root 'root:/') mounted
[2026.01.06-23.44.04:343][  0]LogShaderLibrary: Display: ShaderCodeLibraryPakFileMountedCallback: pending pak file info (ChunkID:-1 Root:root:/ File:C:/Program Files/Epic Games/UE_4.27/FeaturePacks/TP_VehicleBP.upack)
[2026.01.06-23.44.04:343][  0]LogPakFile: OnPakFileMounted2Time == 0.000027
[2026.01.06-23.44.04:343][  0]LogPakFile: PakFile PrimaryIndexSize=192
[2026.01.06-23.44.04:343][  0]LogPakFile: PakFile PathHashIndexSize=101
[2026.01.06-23.44.04:343][  0]LogPakFile: PakFile FullDirectoryIndexSize=158
[2026.01.06-23.44.04:343][  0]LogShaderLibrary: Display: ShaderCodeLibraryPakFileMountedCallback: PakFile 'C:/Program Files/Epic Games/UE_4.27/FeaturePacks/TP_VirtualRealityBP.upack' (chunk index -1, root 'root:/') mounted
[2026.01.06-23.44.04:343][  0]LogShaderLibrary: Display: ShaderCodeLibraryPakFileMountedCallback: pending pak file info (ChunkID:-1 Root:root:/ File:C:/Program Files/Epic Games/UE_4.27/FeaturePacks/TP_VirtualRealityBP.upack)
[2026.01.06-23.44.04:343][  0]LogPakFile: OnPakFileMounted2Time == 0.000025
[2026.01.06-23.44.04:365][  0]LogNativeClassHierarchy: Verbose: Native class hierarchy updated for 'AddContentDialog' in 0.0002 seconds. Added 0 classes and 0 folders.
[2026.01.06-23.44.04:366][  0]LogNativeClassHierarchy: Verbose: Native class hierarchy updated for 'SceneOutliner' in 0.0001 seconds. Added 2 classes and 0 folders.
[2026.01.06-23.44.04:421][  0]LogSlate: Took 0.000137 seconds to synchronously load lazily loaded font '../../../Engine/Content/Slate/Fonts/Roboto-Regular.ttf' (155K)
[2026.01.06-23.44.04:422][  0]LogSlate: Took 0.000096 seconds to synchronously load lazily loaded font '../../../Engine/Content/Editor/Slate/Fonts/FontAwesome.ttf' (139K)
[2026.01.06-23.44.04:422][  0]LogSlate: Took 0.000083 seconds to synchronously load lazily loaded font '../../../Engine/Content/Slate/Fonts/Roboto-Bold.ttf' (160K)
[2026.01.06-23.44.04:467][  0]LogRenderer: Reallocating scene render targets to support 1208x568 Format 10 NumSamples 1 (Frame:1).
[2026.01.06-23.44.04:518][  0]LogNativeClassHierarchy: Verbose: Native class hierarchy updated for 'HierarchicalLODOutliner' in 0.0002 seconds. Added 0 classes and 0 folders.
[2026.01.06-23.44.04:518][  0]LogLoad: (Engine Initialization) Total time: 5.56 seconds
[2026.01.06-23.44.04:518][  0]LogLoad: (Engine Initialization) Total Blueprint compile time: 0.00 seconds
[2026.01.06-23.44.04:555][  0]LogAssetRegistry: Asset discovery search completed in 3.2276 seconds
[2026.01.06-23.44.04:559][  0]LogCollectionManager: Fixed up redirectors for 0 collections in 0.000003 seconds (updated 0 objects)
[2026.01.06-23.44.04:560][  0]LogContentStreaming: Texture pool size now 1000 MB
[2026.01.06-23.44.05:210][  2]LogSlate: Took 0.000150 seconds to synchronously load lazily loaded font '../../../Engine/Content/Slate/Fonts/Roboto-Light.ttf' (167K)
[2026.01.06-23.44.05:871][  4]LogSlate: Took 0.000308 seconds to synchronously load lazily loaded font '../../../Engine/Content/Slate/Fonts/Roboto-Light.ttf' (167K)
[2026.01.07-00.18.30:936][157]LogAudioMixer: Warning: Changing default audio render device to new device: {0.0.0.00000000}.{5e2b3661-3924-40f5-8413-c9ad5b89d2bc}.
[2026.01.07-00.18.30:936][157]LogAudioMixer: Resetting audio stream to device id 
[2026.01.07-00.18.30:939][157]LogAudioMixer: Display: 0: FrontLeft
[2026.01.07-00.18.30:939][157]LogAudioMixer: Display: 1: FrontRight
[2026.01.07-00.19.59:289][420]LogWindowsTextInputMethodSystem: Display: IME system deactivated.
[2026.01.07-00.20.00:844][555]LogAssetEditorSubsystem: Opening Asset editor for AnimBlueprint /Game/AdvancedLocomotionV4/Blueprints/CharacterLogic/ALS_AnimBP.ALS_AnimBP
[2026.01.07-00.20.00:858][555]LogNativeClassHierarchy: Verbose: Native class hierarchy updated for 'SkeletonEditor' in 0.0002 seconds. Added 1 classes and 2 folders.
[2026.01.07-00.20.00:869][555]LogTexture: Default maximum texture size for cubemaps generated from long-lat sources has been changed from 512 to unlimited. In order to preserve old behaiour for '/Engine/EditorMaterials/AssetViewer/EpicQuadPanorama_CC+EV1.EpicQuadPanorama_CC+EV1', its maximum texture size has been explicitly set to 512.
[2026.01.07-00.20.00:949][555]LogTexture: Default maximum texture size for cubemaps generated from long-lat sources has been changed from 512 to unlimited. In order to preserve old behaiour for '/Engine/MapTemplates/Sky/SunsetAmbientCubemap.SunsetAmbientCubemap', its maximum texture size has been explicitly set to 512.
[2026.01.07-00.20.01:023][555]LogActorComponent: RegisterComponentWithWorld: (/Engine/Transient.World_1:PersistentLevel.AnimationEditorPreviewActor_0.DebugSkelMeshComponent_0) Already registered. Aborting.
[2026.01.07-00.20.01:030][555]LogNativeClassHierarchy: Verbose: Native class hierarchy updated for 'PinnedCommandList' in 0.0002 seconds. Added 1 classes and 0 folders.
[2026.01.07-00.20.01:741][555]LogNativeClassHierarchy: Verbose: Native class hierarchy updated for 'BlueprintGraph' in 0.0003 seconds. Added 126 classes and 0 folders.
[2026.01.07-00.20.02:401][555]LogSlate: Took 0.006267 seconds to synchronously load lazily loaded font '../../../Engine/Content/Slate/Fonts/Roboto-BoldCondensed.ttf' (158K)
[2026.01.07-00.20.02:479][555]LogContentBrowser: Verbose: The majority of assets in the view are of type: AnimSequence
[2026.01.07-00.20.02:495][556]LogAudio: Display: Cached duration for Sound Cue SoundCue /Game/AdvancedLocomotionV4/Audio/Footsteps/Footstep_Cue.Footstep_Cue was zero and has changed. Consider manually Re-saving the asset
[2026.01.07-00.20.02:510][556]LogSlate: Took 0.005959 seconds to synchronously load lazily loaded font '../../../Engine/Content/Slate/Fonts/Roboto-Italic.ttf' (157K)
[2026.01.07-00.20.12:710][749]LogWindowsTextInputMethodSystem: Display: IME system activated using TSF (微软输入法).
[2026.01.07-00.20.47:798][782]LogSavePackage: Moving '../../../../../../UEProject/UnrealLearn/ALSV4/Saved/ALS_AnimBP6879873841024FFFB8404D9B7D01D9AD.tmp' to '../../../../../../UEProject/UnrealLearn/ALSV4/Content/AdvancedLocomotionV4/Blueprints/CharacterLogic/ALS_AnimBP.uasset'
[2026.01.07-00.20.47:819][782]AssetCheck: New page: Asset Save: ALS_AnimBP
[2026.01.07-00.20.47:819][782]LogContentValidation: Display: Validating AnimBlueprint /Game/AdvancedLocomotionV4/Blueprints/CharacterLogic/ALS_AnimBP.ALS_AnimBP
[2026.01.07-00.23.09:296][754]LogSavePackage: Moving '../../../../../../UEProject/UnrealLearn/ALSV4/Saved/ALS_AnimBP5B67E5674B10F0532D39638700FF7B14.tmp' to '../../../../../../UEProject/UnrealLearn/ALSV4/Content/AdvancedLocomotionV4/Blueprints/CharacterLogic/ALS_AnimBP.uasset'
[2026.01.07-00.23.09:308][754]AssetCheck: New page: Asset Save: ALS_AnimBP
[2026.01.07-00.23.09:308][754]LogContentValidation: Display: Validating AnimBlueprint /Game/AdvancedLocomotionV4/Blueprints/CharacterLogic/ALS_AnimBP.ALS_AnimBP
[2026.01.07-00.23.09:727][802]BlueprintLog: New page: Compile ALS_AnimBP
[2026.01.07-00.23.09:763][802]LogUObjectHash: Compacting FUObjectHashTables data took   1.46ms
[2026.01.07-00.23.09:793][802]LogSlate: Took 0.006193 seconds to synchronously load lazily loaded font '../../../Engine/Content/Slate/Fonts/DroidSansMono.ttf' (77K)
[2026.01.07-00.23.12:122][ 67]LogSavePackage: Moving '../../../../../../UEProject/UnrealLearn/ALSV4/Saved/ALS_AnimBP639A74C7416096355C649FA64CF212DE.tmp' to '../../../../../../UEProject/UnrealLearn/ALSV4/Content/AdvancedLocomotionV4/Blueprints/CharacterLogic/ALS_AnimBP.uasset'
[2026.01.07-00.23.12:131][ 67]AssetCheck: New page: Asset Save: ALS_AnimBP
[2026.01.07-00.23.12:131][ 67]LogContentValidation: Display: Validating AnimBlueprint /Game/AdvancedLocomotionV4/Blueprints/CharacterLogic/ALS_AnimBP.ALS_AnimBP
[2026.01.07-00.23.18:046][612]LogAssetEditorSubsystem: Opening Asset editor for SkeletalMesh /Game/AdvancedLocomotionV4/CharacterAssets/MannequinSkeleton/Meshes/AnimMan.AnimMan
[2026.01.07-00.23.18:050][612]LogActorComponent: RegisterComponentWithWorld: (/Engine/Transient.World_8:PersistentLevel.AnimationEditorPreviewActor_0.DebugSkelMeshComponent_0) Already registered. Aborting.
[2026.01.07-00.23.18:268][612]LogRenderer: Reallocating scene render targets to support 1208x876 Format 10 NumSamples 1 (Frame:1).
[2026.01.07-00.23.21:123][928]LogAssetEditorSubsystem: Opening Asset editor for Skeleton /Game/AdvancedLocomotionV4/CharacterAssets/MannequinSkeleton/ALS_Mannequin_Skeleton.ALS_Mannequin_Skeleton
[2026.01.07-00.23.21:126][928]LogActorComponent: RegisterComponentWithWorld: (/Engine/Transient.World_10:PersistentLevel.AnimationEditorPreviewActor_0.DebugSkelMeshComponent_0) Already registered. Aborting.
[2026.01.07-00.23.23:985][234]LogAssetEditorSubsystem: Opening Asset editor for BlendSpace /Game/AdvancedLocomotionV4/CharacterAssets/MannequinSkeleton/AnimationExamples/Base/Locomotion/ALS_N_WalkRun_BL.ALS_N_WalkRun_BL
[2026.01.07-00.23.24:001][234]LogActorComponent: RegisterComponentWithWorld: (/Engine/Transient.World_11:PersistentLevel.AnimationEditorPreviewActor_0.DebugSkelMeshComponent_0) Already registered. Aborting.
[2026.01.07-00.23.24:316][234]LogContentBrowser: Verbose: The majority of assets in the view are of type: AnimSequence
[2026.01.07-00.23.29:541][826]LogSlate: Window 'AnimMan' being destroyed
[2026.01.07-00.23.29:545][826]LogWorld: UWorld::CleanupWorld for World_8, bSessionEnded=true, bCleanupResources=true
[2026.01.07-00.23.29:545][826]LogSlate: InvalidateAllWidgets triggered.  All widgets were invalidated
[2026.01.07-00.23.32:034][114]LogWorld: UWorld::CleanupWorld for World_10, bSessionEnded=true, bCleanupResources=true
[2026.01.07-00.23.32:034][114]LogSlate: InvalidateAllWidgets triggered.  All widgets were invalidated
[2026.01.07-00.24.07:646][622]LogUObjectHash: Compacting FUObjectHashTables data took   2.15ms
[2026.01.07-00.24.07:648][622]LogFileHelpers: Editor autosave (incl. external actors) for '/Game/ThirdPersonBP/Maps/ThirdPersonExampleMap' took 0.043
[2026.01.07-00.24.07:649][622]OBJ SavePackage: Generating thumbnails for [1] asset(s) in package [/Game/AdvancedLocomotionV4/Blueprints/CharacterLogic/ALS_AnimBP] ([2] browsable assets)...
[2026.01.07-00.24.07:649][622]OBJ SavePackage: Finished generating thumbnails for package [/Game/AdvancedLocomotionV4/Blueprints/CharacterLogic/ALS_AnimBP]
[2026.01.07-00.24.07:658][622]LogSavePackage: Moving '../../../../../../UEProject/UnrealLearn/ALSV4/Saved/ALS_AnimBP_Auto19C2B29984FF228F8688D7DBAAB8B0EA5.tmp' to '../../../../../../UEProject/UnrealLearn/ALSV4/Saved/Autosaves/Game/AdvancedLocomotionV4/Blueprints/CharacterLogic/ALS_AnimBP_Auto1.uasset'
[2026.01.07-00.24.07:659][622]LogFileHelpers: Auto-saving content packages took 0.012
[2026.01.07-00.32.33:317][129]LogWindowsTextInputMethodSystem: Display: IME system deactivated.
[2026.01.07-00.32.33:328][129]LogWindowsTextInputMethodSystem: Display: IME system activated using TSF (搜狗拼音输入法).
[2026.01.07-00.32.44:219][710]LogWorld: UWorld::CleanupWorld for World_11, bSessionEnded=true, bCleanupResources=true
[2026.01.07-00.32.44:219][710]LogSlate: InvalidateAllWidgets triggered.  All widgets were invalidated
[2026.01.07-00.32.44:308][710]LogWorld: UWorld::CleanupWorld for World_12, bSessionEnded=true, bCleanupResources=true
[2026.01.07-00.32.44:308][710]LogSlate: InvalidateAllWidgets triggered.  All widgets were invalidated
[2026.01.07-00.32.45:395][836]LogSavePackage: Moving '../../../../../../UEProject/UnrealLearn/ALSV4/Saved/ALS_AnimBP9035645C49B928C19837CFB62C0A12F9.tmp' to '../../../../../../UEProject/UnrealLearn/ALSV4/Content/AdvancedLocomotionV4/Blueprints/CharacterLogic/ALS_AnimBP.uasset'
[2026.01.07-00.32.45:407][836]AssetCheck: New page: Asset Save: ALS_AnimBP
[2026.01.07-00.32.45:407][836]LogContentValidation: Display: Validating AnimBlueprint /Game/AdvancedLocomotionV4/Blueprints/CharacterLogic/ALS_AnimBP.ALS_AnimBP
[2026.01.07-00.33.52:849][157]LogSavePackage: Moving '../../../../../../UEProject/UnrealLearn/ALSV4/Saved/ALS_AnimBP484FB7DF4E163D2A061B00BD092582AA.tmp' to '../../../../../../UEProject/UnrealLearn/ALSV4/Content/AdvancedLocomotionV4/Blueprints/CharacterLogic/ALS_AnimBP.uasset'
[2026.01.07-00.33.52:860][157]AssetCheck: New page: Asset Save: ALS_AnimBP
[2026.01.07-00.33.52:860][157]LogContentValidation: Display: Validating AnimBlueprint /Game/AdvancedLocomotionV4/Blueprints/CharacterLogic/ALS_AnimBP.ALS_AnimBP
[2026.01.07-00.34.46:820][362]LogSavePackage: Moving '../../../../../../UEProject/UnrealLearn/ALSV4/Saved/ALS_AnimBPCD1CCB1B426CE1B29089A0848EB354FE.tmp' to '../../../../../../UEProject/UnrealLearn/ALSV4/Content/AdvancedLocomotionV4/Blueprints/CharacterLogic/ALS_AnimBP.uasset'
[2026.01.07-00.34.46:833][362]AssetCheck: New page: Asset Save: ALS_AnimBP
[2026.01.07-00.34.46:833][362]LogContentValidation: Display: Validating AnimBlueprint /Game/AdvancedLocomotionV4/Blueprints/CharacterLogic/ALS_AnimBP.ALS_AnimBP
[2026.01.07-00.34.50:215][761]LogSavePackage: Moving '../../../../../../UEProject/UnrealLearn/ALSV4/Saved/ALS_AnimBP8F2F8969441B077E920DADB5453CB6E5.tmp' to '../../../../../../UEProject/UnrealLearn/ALSV4/Content/AdvancedLocomotionV4/Blueprints/CharacterLogic/ALS_AnimBP.uasset'
[2026.01.07-00.34.50:225][761]AssetCheck: New page: Asset Save: ALS_AnimBP
[2026.01.07-00.34.50:225][761]LogContentValidation: Display: Validating AnimBlueprint /Game/AdvancedLocomotionV4/Blueprints/CharacterLogic/ALS_AnimBP.ALS_AnimBP
[2026.01.07-00.34.52:584][ 37]LogSavePackage: Moving '../../../../../../UEProject/UnrealLearn/ALSV4/Saved/ALS_AnimBP997C488A4BDE8946580C6F8FAE08D2FE.tmp' to '../../../../../../UEProject/UnrealLearn/ALSV4/Content/AdvancedLocomotionV4/Blueprints/CharacterLogic/ALS_AnimBP.uasset'
[2026.01.07-00.34.52:593][ 37]AssetCheck: New page: Asset Save: ALS_AnimBP
[2026.01.07-00.34.52:593][ 37]LogContentValidation: Display: Validating AnimBlueprint /Game/AdvancedLocomotionV4/Blueprints/CharacterLogic/ALS_AnimBP.ALS_AnimBP
[2026.01.07-00.34.53:781][176]LogSavePackage: Moving '../../../../../../UEProject/UnrealLearn/ALSV4/Saved/ALS_AnimBPA5C737E645550DE3F30A80ADF4DE39BE.tmp' to '../../../../../../UEProject/UnrealLearn/ALSV4/Content/AdvancedLocomotionV4/Blueprints/CharacterLogic/ALS_AnimBP.uasset'
[2026.01.07-00.34.53:792][176]AssetCheck: New page: Asset Save: ALS_AnimBP
[2026.01.07-00.34.53:792][176]LogContentValidation: Display: Validating AnimBlueprint /Game/AdvancedLocomotionV4/Blueprints/CharacterLogic/ALS_AnimBP.ALS_AnimBP
[2026.01.07-00.34.55:023][323]BlueprintLog: New page: Compile ALS_AnimBP
[2026.01.07-00.34.55:053][323]LogUObjectHash: Compacting FUObjectHashTables data took   2.07ms
[2026.01.07-00.34.59:480][821]LogSavePackage: Moving '../../../../../../UEProject/UnrealLearn/ALSV4/Saved/ALS_AnimBP5E3AC0894ADB866257F7CE80FA29B4EC.tmp' to '../../../../../../UEProject/UnrealLearn/ALSV4/Content/AdvancedLocomotionV4/Blueprints/CharacterLogic/ALS_AnimBP.uasset'
[2026.01.07-00.34.59:490][821]AssetCheck: New page: Asset Save: ALS_AnimBP
[2026.01.07-00.34.59:490][821]LogContentValidation: Display: Validating AnimBlueprint /Game/AdvancedLocomotionV4/Blueprints/CharacterLogic/ALS_AnimBP.ALS_AnimBP
[2026.01.07-00.35.11:426][721]LogSavePackage: Moving '../../../../../../UEProject/UnrealLearn/ALSV4/Saved/ALS_AnimBP01A0014041B40623B0536DB6E2627A55.tmp' to '../../../../../../UEProject/UnrealLearn/ALSV4/Content/AdvancedLocomotionV4/Blueprints/CharacterLogic/ALS_AnimBP.uasset'
[2026.01.07-00.35.11:436][721]AssetCheck: New page: Asset Save: ALS_AnimBP
[2026.01.07-00.35.11:436][721]LogContentValidation: Display: Validating AnimBlueprint /Game/AdvancedLocomotionV4/Blueprints/CharacterLogic/ALS_AnimBP.ALS_AnimBP
[2026.01.07-00.35.16:538][ 14]LogSavePackage: Moving '../../../../../../UEProject/UnrealLearn/ALSV4/Saved/ALS_AnimBP5D5BFFC7438699883B3D69BE7709A739.tmp' to '../../../../../../UEProject/UnrealLearn/ALSV4/Content/AdvancedLocomotionV4/Blueprints/CharacterLogic/ALS_AnimBP.uasset'
[2026.01.07-00.35.16:549][ 14]AssetCheck: New page: Asset Save: ALS_AnimBP
[2026.01.07-00.35.16:549][ 14]LogContentValidation: Display: Validating AnimBlueprint /Game/AdvancedLocomotionV4/Blueprints/CharacterLogic/ALS_AnimBP.ALS_AnimBP
[2026.01.07-00.35.52:880][336]LogUObjectHash: Compacting FUObjectHashTables data took   2.17ms
[2026.01.07-00.35.52:883][336]LogFileHelpers: Editor autosave (incl. external actors) for '/Game/ThirdPersonBP/Maps/ThirdPersonExampleMap' took 0.022
[2026.01.07-00.35.52:883][336]OBJ SavePackage: Generating thumbnails for [2] asset(s) in package [/Game/AdvancedLocomotionV4/Blueprints/CharacterLogic/ALS_AnimBP] ([2] browsable assets)...
[2026.01.07-00.35.52:891][336]OBJ SavePackage:     Rendered thumbnail for [AnimBlueprint /Game/AdvancedLocomotionV4/Blueprints/CharacterLogic/ALS_AnimBP.ALS_AnimBP]
[2026.01.07-00.35.52:891][336]OBJ SavePackage: Finished generating thumbnails for package [/Game/AdvancedLocomotionV4/Blueprints/CharacterLogic/ALS_AnimBP]
[2026.01.07-00.35.52:904][336]LogSavePackage: Moving '../../../../../../UEProject/UnrealLearn/ALSV4/Saved/ALS_AnimBP_Auto2960C5B8940B93347D75FE4A7B488908B.tmp' to '../../../../../../UEProject/UnrealLearn/ALSV4/Saved/Autosaves/Game/AdvancedLocomotionV4/Blueprints/CharacterLogic/ALS_AnimBP_Auto2.uasset'
[2026.01.07-00.35.52:905][336]LogFileHelpers: Auto-saving content packages took 0.022
[2026.01.07-01.04.06:425][982]LogSavePackage: Moving '../../../../../../UEProject/UnrealLearn/ALSV4/Saved/ALS_AnimBPBB30B62E461B312D1AE01EBF0CF24831.tmp' to '../../../../../../UEProject/UnrealLearn/ALSV4/Content/AdvancedLocomotionV4/Blueprints/CharacterLogic/ALS_AnimBP.uasset'
[2026.01.07-01.04.06:439][982]AssetCheck: New page: Asset Save: ALS_AnimBP
[2026.01.07-01.04.06:440][982]LogContentValidation: Display: Validating AnimBlueprint /Game/AdvancedLocomotionV4/Blueprints/CharacterLogic/ALS_AnimBP.ALS_AnimBP
[2026.01.07-01.04.06:854][ 31]BlueprintLog: New page: Compile ALS_AnimBP
[2026.01.07-01.04.06:881][ 31]LogUObjectHash: Compacting FUObjectHashTables data took   1.94ms
[2026.01.07-01.04.11:202][541]LogTemp: Repeating last play command: Selected Viewport
[2026.01.07-01.04.11:213][541]LogPlayLevel: PlayLevel: No blueprints needed recompiling
[2026.01.07-01.04.11:218][541]PIE: New page: PIE session: ThirdPersonExampleMap (Jan 7, 2026, 7:04:11 PM)
[2026.01.07-01.04.11:224][541]LogOnline: OSS: Creating online subsystem instance for: NULL
[2026.01.07-01.04.11:226][541]LogOnline: OSS: TryLoadSubsystemAndSetDefault: Loaded subsystem for module [NULL]
[2026.01.07-01.04.11:227][541]LogPlayLevel: Creating play world package: /Game/ThirdPersonBP/Maps/UEDPIE_0_ThirdPersonExampleMap
[2026.01.07-01.04.11:240][541]LogPlayLevel: PIE: StaticDuplicateObject took: (0.012789s)
[2026.01.07-01.04.11:243][541]LogAIModule: Creating AISystem for world ThirdPersonExampleMap
[2026.01.07-01.04.11:246][541]LogPlayLevel: PIE: World Init took: (0.005776s)
[2026.01.07-01.04.11:246][541]LogPlayLevel: PIE: Created PIE world by copying editor world from /Game/ThirdPersonBP/Maps/ThirdPersonExampleMap.ThirdPersonExampleMap to /Game/ThirdPersonBP/Maps/UEDPIE_0_ThirdPersonExampleMap.ThirdPersonExampleMap (0.018841s)
[2026.01.07-01.04.11:261][541]LogUObjectHash: Compacting FUObjectHashTables data took   1.85ms
[2026.01.07-01.04.11:263][541]LogAudio: Display: Creating Audio Device:                 Id: 2, Scope: Unique, Realtime: True
[2026.01.07-01.04.11:263][541]LogAudioMixer: Display: Audio Mixer Platform Settings:
[2026.01.07-01.04.11:263][541]LogAudioMixer: Display: 	Sample Rate:						  48000
[2026.01.07-01.04.11:263][541]LogAudioMixer: Display: 	Callback Buffer Frame Size Requested: 1024
[2026.01.07-01.04.11:263][541]LogAudioMixer: Display: 	Callback Buffer Frame Size To Use:	  1024
[2026.01.07-01.04.11:263][541]LogAudioMixer: Display: 	Number of buffers to queue:			  2
[2026.01.07-01.04.11:263][541]LogAudioMixer: Display: 	Max Channels (voices):				  32
[2026.01.07-01.04.11:263][541]LogAudioMixer: Display: 	Number of Async Source Workers:		  0
[2026.01.07-01.04.11:263][541]LogAudio: Display: AudioDevice MaxSources: 32
[2026.01.07-01.04.11:264][541]LogAudio: Display: Audio Spatialization Plugin: None (built-in).
[2026.01.07-01.04.11:264][541]LogAudio: Display: Audio Reverb Plugin: None (built-in).
[2026.01.07-01.04.11:264][541]LogAudio: Display: Audio Occlusion Plugin: None (built-in).
[2026.01.07-01.04.11:264][541]LogAudioMixer: Display: Initializing audio mixer.
[2026.01.07-01.04.11:269][541]LogAudioMixer: Display: 0: FrontLeft
[2026.01.07-01.04.11:269][541]LogAudioMixer: Display: 1: FrontRight
[2026.01.07-01.04.11:272][541]LogAudioMixer: Display: Using Audio Device Headphones (WF-1000XM4)
[2026.01.07-01.04.11:273][541]LogAudioMixer: Display: Initializing Sound Submixes...
[2026.01.07-01.04.11:273][541]LogAudioMixer: Display: Creating Master Submix 'MasterSubmixDefault'
[2026.01.07-01.04.11:273][541]LogAudioMixer: Display: Creating Master Submix 'MasterReverbSubmixDefault'
[2026.01.07-01.04.11:274][541]LogAudioMixer: Display: Creating Master Submix 'MasterEQSubmixDefault'
[2026.01.07-01.04.11:274][541]LogAudioMixer: FMixerPlatformXAudio2::StartAudioStream() called
[2026.01.07-01.04.11:274][541]LogAudioMixer: Display: Output buffers initialized: Frames=1024, Channels=2, Samples=2048
[2026.01.07-01.04.11:275][541]LogAudioMixer: Display: Starting AudioMixerPlatformInterface::RunInternal()
[2026.01.07-01.04.11:275][541]LogAudioMixer: Display: FMixerPlatformXAudio2::SubmitBuffer() called for the first time
[2026.01.07-01.04.11:275][541]LogInit: FAudioDevice initialized.
[2026.01.07-01.04.11:275][541]LogAudio: Display: Audio Device (ID: 2) registered with world 'ThirdPersonExampleMap'.
[2026.01.07-01.04.11:299][541]LogLoad: Game class is 'ALS_GameMode_C'
[2026.01.07-01.04.11:302][541]LogWorld: Bringing World /Game/ThirdPersonBP/Maps/UEDPIE_0_ThirdPersonExampleMap.ThirdPersonExampleMap up for play (max tick rate 0) at 2026.01.07-10.04.11
[2026.01.07-01.04.11:303][541]LogWorld: Bringing up level for play took: 0.002592
[2026.01.07-01.04.11:305][541]LogOnline: OSS: Creating online subsystem instance for: :Context_16
[2026.01.07-01.04.11:319][541]LogNativeClassHierarchy: Verbose: Native class hierarchy updated for 'MovieSceneCapture' in 0.0007 seconds. Added 20 classes and 0 folders.
[2026.01.07-01.04.11:324][541]PIE: Server logged in
[2026.01.07-01.04.11:326][541]PIE: Play in editor total start time 0.117 seconds.
[2026.01.07-01.04.14:458][889]LogSlate: Updating window title bar state: overlay mode, drag disabled, window buttons hidden, title bar hidden
[2026.01.07-01.04.14:458][889]LogWorld: BeginTearingDown for /Game/ThirdPersonBP/Maps/UEDPIE_0_ThirdPersonExampleMap
[2026.01.07-01.04.14:459][889]LogWorld: UWorld::CleanupWorld for ThirdPersonExampleMap, bSessionEnded=true, bCleanupResources=true
[2026.01.07-01.04.14:459][889]LogSlate: InvalidateAllWidgets triggered.  All widgets were invalidated
[2026.01.07-01.04.14:467][889]LogPlayLevel: Display: Shutting down PIE online subsystems
[2026.01.07-01.04.14:471][889]LogSlate: InvalidateAllWidgets triggered.  All widgets were invalidated
[2026.01.07-01.04.14:490][889]LogAudio: Display: Audio Device unregistered from world 'None'.
[2026.01.07-01.04.14:491][889]LogAudioMixer: FMixerPlatformXAudio2::StopAudioStream() called
[2026.01.07-01.04.14:494][889]LogAudioMixer: FMixerPlatformXAudio2::StopAudioStream() called
[2026.01.07-01.04.14:496][889]LogSlate: Updating window title bar state: overlay mode, drag disabled, window buttons hidden, title bar hidden
[2026.01.07-01.04.14:527][889]LogUObjectHash: Compacting FUObjectHashTables data took   2.23ms
[2026.01.07-01.04.14:542][890]LogPlayLevel: Display: Destroying online subsystem :Context_16
[2026.01.07-01.04.52:469][ 81]LogUObjectHash: Compacting FUObjectHashTables data took   2.33ms
[2026.01.07-01.04.52:470][ 81]LogFileHelpers: Editor autosave (incl. external actors) for '/Game/ThirdPersonBP/Maps/ThirdPersonExampleMap' took 0.038
[2026.01.07-01.04.52:471][ 81]OBJ SavePackage: Generating thumbnails for [2] asset(s) in package [/Game/AdvancedLocomotionV4/Blueprints/CharacterLogic/ALS_AnimBP] ([2] browsable assets)...
[2026.01.07-01.04.52:478][ 81]OBJ SavePackage:     Rendered thumbnail for [AnimBlueprint /Game/AdvancedLocomotionV4/Blueprints/CharacterLogic/ALS_AnimBP.ALS_AnimBP]
[2026.01.07-01.04.52:478][ 81]OBJ SavePackage: Finished generating thumbnails for package [/Game/AdvancedLocomotionV4/Blueprints/CharacterLogic/ALS_AnimBP]
[2026.01.07-01.04.52:492][ 81]LogSavePackage: Moving '../../../../../../UEProject/UnrealLearn/ALSV4/Saved/ALS_AnimBP_Auto3A0555D744BEA7B4C664661B5D59CB259.tmp' to '../../../../../../UEProject/UnrealLearn/ALSV4/Saved/Autosaves/Game/AdvancedLocomotionV4/Blueprints/CharacterLogic/ALS_AnimBP_Auto3.uasset'
[2026.01.07-01.04.52:493][ 81]LogFileHelpers: Auto-saving content packages took 0.023
[2026.01.07-01.06.00:829][508]LogSavePackage: Moving '../../../../../../UEProject/UnrealLearn/ALSV4/Saved/ALS_AnimBP131DA00C490F94442F0045973CCA9C02.tmp' to '../../../../../../UEProject/UnrealLearn/ALSV4/Content/AdvancedLocomotionV4/Blueprints/CharacterLogic/ALS_AnimBP.uasset'
[2026.01.07-01.06.00:840][508]AssetCheck: New page: Asset Save: ALS_AnimBP
[2026.01.07-01.06.00:840][508]LogContentValidation: Display: Validating AnimBlueprint /Game/AdvancedLocomotionV4/Blueprints/CharacterLogic/ALS_AnimBP.ALS_AnimBP
[2026.01.07-01.06.04:490][933]LogSavePackage: Moving '../../../../../../UEProject/UnrealLearn/ALSV4/Saved/ALS_AnimBPD39CEBCA43190B09F33695BA39E67313.tmp' to '../../../../../../UEProject/UnrealLearn/ALSV4/Content/AdvancedLocomotionV4/Blueprints/CharacterLogic/ALS_AnimBP.uasset'
[2026.01.07-01.06.04:501][933]AssetCheck: New page: Asset Save: ALS_AnimBP
[2026.01.07-01.06.04:502][933]LogContentValidation: Display: Validating AnimBlueprint /Game/AdvancedLocomotionV4/Blueprints/CharacterLogic/ALS_AnimBP.ALS_AnimBP
[2026.01.07-01.11.41:203][725]LogSavePackage: Moving '../../../../../../UEProject/UnrealLearn/ALSV4/Saved/ALS_AnimBPDF77687143EA5172EF64F5BD773B81A9.tmp' to '../../../../../../UEProject/UnrealLearn/ALSV4/Content/AdvancedLocomotionV4/Blueprints/CharacterLogic/ALS_AnimBP.uasset'
[2026.01.07-01.11.41:219][725]AssetCheck: New page: Asset Save: ALS_AnimBP
[2026.01.07-01.11.41:219][725]LogContentValidation: Display: Validating AnimBlueprint /Game/AdvancedLocomotionV4/Blueprints/CharacterLogic/ALS_AnimBP.ALS_AnimBP
[2026.01.07-01.11.57:734][746]LogSavePackage: Moving '../../../../../../UEProject/UnrealLearn/ALSV4/Saved/ALS_AnimBPC2408ACC48F55A2DB6748491643CB29B.tmp' to '../../../../../../UEProject/UnrealLearn/ALSV4/Content/AdvancedLocomotionV4/Blueprints/CharacterLogic/ALS_AnimBP.uasset'
[2026.01.07-01.11.57:748][746]AssetCheck: New page: Asset Save: ALS_AnimBP
[2026.01.07-01.11.57:748][746]LogContentValidation: Display: Validating AnimBlueprint /Game/AdvancedLocomotionV4/Blueprints/CharacterLogic/ALS_AnimBP.ALS_AnimBP
[2026.01.07-01.12.25:766][470]LogSavePackage: Moving '../../../../../../UEProject/UnrealLearn/ALSV4/Saved/ALS_AnimBP30B909D949396B74677D8E9A0163A2F7.tmp' to '../../../../../../UEProject/UnrealLearn/ALSV4/Content/AdvancedLocomotionV4/Blueprints/CharacterLogic/ALS_AnimBP.uasset'
[2026.01.07-01.12.25:777][470]AssetCheck: New page: Asset Save: ALS_AnimBP
[2026.01.07-01.12.25:777][470]LogContentValidation: Display: Validating AnimBlueprint /Game/AdvancedLocomotionV4/Blueprints/CharacterLogic/ALS_AnimBP.ALS_AnimBP
[2026.01.07-01.12.34:016][203]LogSavePackage: Moving '../../../../../../UEProject/UnrealLearn/ALSV4/Saved/ALS_AnimBP1683C6D245A3843C3E7586A342B2B62D.tmp' to '../../../../../../UEProject/UnrealLearn/ALSV4/Content/AdvancedLocomotionV4/Blueprints/CharacterLogic/ALS_AnimBP.uasset'
[2026.01.07-01.12.34:035][203]AssetCheck: New page: Asset Save: ALS_AnimBP
[2026.01.07-01.12.34:035][203]LogContentValidation: Display: Validating AnimBlueprint /Game/AdvancedLocomotionV4/Blueprints/CharacterLogic/ALS_AnimBP.ALS_AnimBP
[2026.01.07-01.12.44:469][ 67]LogSavePackage: Moving '../../../../../../UEProject/UnrealLearn/ALSV4/Saved/ALS_AnimBPA56348CC40C6163290E4258FDA99EB6D.tmp' to '../../../../../../UEProject/UnrealLearn/ALSV4/Content/AdvancedLocomotionV4/Blueprints/CharacterLogic/ALS_AnimBP.uasset'
[2026.01.07-01.12.44:482][ 67]AssetCheck: New page: Asset Save: ALS_AnimBP
[2026.01.07-01.12.44:482][ 67]LogContentValidation: Display: Validating AnimBlueprint /Game/AdvancedLocomotionV4/Blueprints/CharacterLogic/ALS_AnimBP.ALS_AnimBP
[2026.01.07-01.12.50:122][538]LogSavePackage: Moving '../../../../../../UEProject/UnrealLearn/ALSV4/Saved/ALS_AnimBP1AA2BB2F4291176B3D43B5B726EF4847.tmp' to '../../../../../../UEProject/UnrealLearn/ALSV4/Content/AdvancedLocomotionV4/Blueprints/CharacterLogic/ALS_AnimBP.uasset'
[2026.01.07-01.12.50:134][538]AssetCheck: New page: Asset Save: ALS_AnimBP
[2026.01.07-01.12.50:134][538]LogContentValidation: Display: Validating AnimBlueprint /Game/AdvancedLocomotionV4/Blueprints/CharacterLogic/ALS_AnimBP.ALS_AnimBP
[2026.01.07-01.12.50:665][602]BlueprintLog: New page: Compile ALS_AnimBP
[2026.01.07-01.12.50:694][602]LogUObjectHash: Compacting FUObjectHashTables data took   2.42ms
[2026.01.07-01.13.05:102][305]LogTemp: Repeating last play command: Selected Viewport
[2026.01.07-01.13.05:105][305]LogPlayLevel: PlayLevel: No blueprints needed recompiling
[2026.01.07-01.13.05:105][305]PIE: New page: PIE session: ThirdPersonExampleMap (Jan 7, 2026, 7:13:05 PM)
[2026.01.07-01.13.05:129][305]LogPlayLevel: Creating play world package: /Game/ThirdPersonBP/Maps/UEDPIE_0_ThirdPersonExampleMap
[2026.01.07-01.13.05:135][305]LogPlayLevel: PIE: StaticDuplicateObject took: (0.006840s)
[2026.01.07-01.13.05:136][305]LogAIModule: Creating AISystem for world ThirdPersonExampleMap
[2026.01.07-01.13.05:136][305]LogPlayLevel: PIE: World Init took: (0.000906s)
[2026.01.07-01.13.05:136][305]LogPlayLevel: PIE: Created PIE world by copying editor world from /Game/ThirdPersonBP/Maps/ThirdPersonExampleMap.ThirdPersonExampleMap to /Game/ThirdPersonBP/Maps/UEDPIE_0_ThirdPersonExampleMap.ThirdPersonExampleMap (0.007892s)
[2026.01.07-01.13.05:154][305]LogUObjectHash: Compacting FUObjectHashTables data took   1.83ms
[2026.01.07-01.13.05:155][305]LogAudio: Display: Creating Audio Device:                 Id: 3, Scope: Unique, Realtime: True
[2026.01.07-01.13.05:155][305]LogAudioMixer: Display: Audio Mixer Platform Settings:
[2026.01.07-01.13.05:155][305]LogAudioMixer: Display: 	Sample Rate:						  48000
[2026.01.07-01.13.05:155][305]LogAudioMixer: Display: 	Callback Buffer Frame Size Requested: 1024
[2026.01.07-01.13.05:155][305]LogAudioMixer: Display: 	Callback Buffer Frame Size To Use:	  1024
[2026.01.07-01.13.05:156][305]LogAudioMixer: Display: 	Number of buffers to queue:			  2
[2026.01.07-01.13.05:156][305]LogAudioMixer: Display: 	Max Channels (voices):				  32
[2026.01.07-01.13.05:156][305]LogAudioMixer: Display: 	Number of Async Source Workers:		  0
[2026.01.07-01.13.05:156][305]LogAudio: Display: AudioDevice MaxSources: 32
[2026.01.07-01.13.05:156][305]LogAudio: Display: Audio Spatialization Plugin: None (built-in).
[2026.01.07-01.13.05:156][305]LogAudio: Display: Audio Reverb Plugin: None (built-in).
[2026.01.07-01.13.05:156][305]LogAudio: Display: Audio Occlusion Plugin: None (built-in).
[2026.01.07-01.13.05:156][305]LogAudioMixer: Display: Initializing audio mixer.
[2026.01.07-01.13.05:158][305]LogAudioMixer: Display: 0: FrontLeft
[2026.01.07-01.13.05:158][305]LogAudioMixer: Display: 1: FrontRight
[2026.01.07-01.13.05:161][305]LogAudioMixer: Display: Using Audio Device Headphones (WF-1000XM4)
[2026.01.07-01.13.05:161][305]LogAudioMixer: Display: Initializing Sound Submixes...
[2026.01.07-01.13.05:161][305]LogAudioMixer: Display: Creating Master Submix 'MasterSubmixDefault'
[2026.01.07-01.13.05:161][305]LogAudioMixer: Display: Creating Master Submix 'MasterReverbSubmixDefault'
[2026.01.07-01.13.05:162][305]LogAudioMixer: Display: Creating Master Submix 'MasterEQSubmixDefault'
[2026.01.07-01.13.05:162][305]LogAudioMixer: FMixerPlatformXAudio2::StartAudioStream() called
[2026.01.07-01.13.05:162][305]LogAudioMixer: Display: Output buffers initialized: Frames=1024, Channels=2, Samples=2048
[2026.01.07-01.13.05:163][305]LogAudioMixer: Display: Starting AudioMixerPlatformInterface::RunInternal()
[2026.01.07-01.13.05:163][305]LogAudioMixer: Display: FMixerPlatformXAudio2::SubmitBuffer() called for the first time
[2026.01.07-01.13.05:163][305]LogInit: FAudioDevice initialized.
[2026.01.07-01.13.05:163][305]LogAudio: Display: Audio Device (ID: 3) registered with world 'ThirdPersonExampleMap'.
[2026.01.07-01.13.05:171][305]LogLoad: Game class is 'ALS_GameMode_C'
[2026.01.07-01.13.05:172][305]LogWorld: Bringing World /Game/ThirdPersonBP/Maps/UEDPIE_0_ThirdPersonExampleMap.ThirdPersonExampleMap up for play (max tick rate 0) at 2026.01.07-10.13.05
[2026.01.07-01.13.05:172][305]LogWorld: Bringing up level for play took: 0.000641
[2026.01.07-01.13.05:172][305]LogOnline: OSS: Creating online subsystem instance for: :Context_17
[2026.01.07-01.13.05:174][305]PIE: Server logged in
[2026.01.07-01.13.05:175][305]PIE: Play in editor total start time 0.07 seconds.
[2026.01.07-01.13.12:380][163]LogSlate: Updating window title bar state: overlay mode, drag disabled, window buttons hidden, title bar hidden
[2026.01.07-01.13.12:380][163]LogWorld: BeginTearingDown for /Game/ThirdPersonBP/Maps/UEDPIE_0_ThirdPersonExampleMap
[2026.01.07-01.13.12:380][163]LogWorld: UWorld::CleanupWorld for ThirdPersonExampleMap, bSessionEnded=true, bCleanupResources=true
[2026.01.07-01.13.12:380][163]LogSlate: InvalidateAllWidgets triggered.  All widgets were invalidated
[2026.01.07-01.13.12:387][163]LogPlayLevel: Display: Shutting down PIE online subsystems
[2026.01.07-01.13.12:389][163]LogSlate: InvalidateAllWidgets triggered.  All widgets were invalidated
[2026.01.07-01.13.12:406][163]LogAudio: Display: Audio Device unregistered from world 'None'.
[2026.01.07-01.13.12:406][163]LogAudioMixer: FMixerPlatformXAudio2::StopAudioStream() called
[2026.01.07-01.13.12:408][163]LogAudioMixer: FMixerPlatformXAudio2::StopAudioStream() called
[2026.01.07-01.13.12:409][163]LogSlate: Updating window title bar state: overlay mode, drag disabled, window buttons hidden, title bar hidden
[2026.01.07-01.13.12:411][163]LogUObjectHash: Compacting FUObjectHashTables data took   1.47ms
[2026.01.07-01.13.12:443][165]LogPlayLevel: Display: Destroying online subsystem :Context_17
[2026.01.07-01.18.46:468][937]LogUObjectHash: Compacting FUObjectHashTables data took   1.97ms
[2026.01.07-01.18.46:474][937]LogFileHelpers: Editor autosave (incl. external actors) for '/Game/ThirdPersonBP/Maps/ThirdPersonExampleMap' took 0.026
[2026.01.07-01.18.46:484][937]OBJ SavePackage: Generating thumbnails for [2] asset(s) in package [/Game/AdvancedLocomotionV4/Blueprints/CharacterLogic/ALS_AnimBP] ([2] browsable assets)...
[2026.01.07-01.18.46:490][937]OBJ SavePackage:     Rendered thumbnail for [AnimBlueprint /Game/AdvancedLocomotionV4/Blueprints/CharacterLogic/ALS_AnimBP.ALS_AnimBP]
[2026.01.07-01.18.46:490][937]OBJ SavePackage: Finished generating thumbnails for package [/Game/AdvancedLocomotionV4/Blueprints/CharacterLogic/ALS_AnimBP]
[2026.01.07-01.18.46:506][937]LogSavePackage: Moving '../../../../../../UEProject/UnrealLearn/ALSV4/Saved/ALS_AnimBP_Auto47C7C37E44A5CAF45DED45FB338D9AD1A.tmp' to '../../../../../../UEProject/UnrealLearn/ALSV4/Saved/Autosaves/Game/AdvancedLocomotionV4/Blueprints/CharacterLogic/ALS_AnimBP_Auto4.uasset'
[2026.01.07-01.18.46:508][937]LogFileHelpers: Auto-saving content packages took 0.024
[2026.01.07-01.27.02:456][411]LogSavePackage: Moving '../../../../../../UEProject/UnrealLearn/ALSV4/Saved/ALS_AnimBPE4BF27AF4525755CE519509065F06AB0.tmp' to '../../../../../../UEProject/UnrealLearn/ALSV4/Content/AdvancedLocomotionV4/Blueprints/CharacterLogic/ALS_AnimBP.uasset'
[2026.01.07-01.27.02:474][411]AssetCheck: New page: Asset Save: ALS_AnimBP
[2026.01.07-01.27.02:474][411]LogContentValidation: Display: Validating AnimBlueprint /Game/AdvancedLocomotionV4/Blueprints/CharacterLogic/ALS_AnimBP.ALS_AnimBP
[2026.01.07-01.27.02:900][461]BlueprintLog: New page: Compile ALS_AnimBP
[2026.01.07-01.27.02:928][461]LogUObjectHash: Compacting FUObjectHashTables data took   1.91ms
[2026.01.07-01.27.04:567][651]LogTemp: Repeating last play command: Selected Viewport
[2026.01.07-01.27.04:570][651]LogPlayLevel: PlayLevel: No blueprints needed recompiling
[2026.01.07-01.27.04:570][651]PIE: New page: PIE session: ThirdPersonExampleMap (Jan 7, 2026, 7:27:04 PM)
[2026.01.07-01.27.04:598][651]LogPlayLevel: Creating play world package: /Game/ThirdPersonBP/Maps/UEDPIE_0_ThirdPersonExampleMap
[2026.01.07-01.27.04:605][651]LogPlayLevel: PIE: StaticDuplicateObject took: (0.006799s)
[2026.01.07-01.27.04:605][651]LogAIModule: Creating AISystem for world ThirdPersonExampleMap
[2026.01.07-01.27.04:605][651]LogPlayLevel: PIE: World Init took: (0.000915s)
[2026.01.07-01.27.04:605][651]LogPlayLevel: PIE: Created PIE world by copying editor world from /Game/ThirdPersonBP/Maps/ThirdPersonExampleMap.ThirdPersonExampleMap to /Game/ThirdPersonBP/Maps/UEDPIE_0_ThirdPersonExampleMap.ThirdPersonExampleMap (0.007868s)
[2026.01.07-01.27.04:622][651]LogUObjectHash: Compacting FUObjectHashTables data took   1.73ms
[2026.01.07-01.27.04:622][651]LogAudio: Display: Creating Audio Device:                 Id: 4, Scope: Unique, Realtime: True
[2026.01.07-01.27.04:623][651]LogAudioMixer: Display: Audio Mixer Platform Settings:
[2026.01.07-01.27.04:623][651]LogAudioMixer: Display: 	Sample Rate:						  48000
[2026.01.07-01.27.04:623][651]LogAudioMixer: Display: 	Callback Buffer Frame Size Requested: 1024
[2026.01.07-01.27.04:623][651]LogAudioMixer: Display: 	Callback Buffer Frame Size To Use:	  1024
[2026.01.07-01.27.04:623][651]LogAudioMixer: Display: 	Number of buffers to queue:			  2
[2026.01.07-01.27.04:623][651]LogAudioMixer: Display: 	Max Channels (voices):				  32
[2026.01.07-01.27.04:623][651]LogAudioMixer: Display: 	Number of Async Source Workers:		  0
[2026.01.07-01.27.04:623][651]LogAudio: Display: AudioDevice MaxSources: 32
[2026.01.07-01.27.04:623][651]LogAudio: Display: Audio Spatialization Plugin: None (built-in).
[2026.01.07-01.27.04:623][651]LogAudio: Display: Audio Reverb Plugin: None (built-in).
[2026.01.07-01.27.04:623][651]LogAudio: Display: Audio Occlusion Plugin: None (built-in).
[2026.01.07-01.27.04:623][651]LogAudioMixer: Display: Initializing audio mixer.
[2026.01.07-01.27.04:625][651]LogAudioMixer: Display: 0: FrontLeft
[2026.01.07-01.27.04:625][651]LogAudioMixer: Display: 1: FrontRight
[2026.01.07-01.27.04:628][651]LogAudioMixer: Display: Using Audio Device Headphones (WF-1000XM4)
[2026.01.07-01.27.04:629][651]LogAudioMixer: Display: Initializing Sound Submixes...
[2026.01.07-01.27.04:629][651]LogAudioMixer: Display: Creating Master Submix 'MasterSubmixDefault'
[2026.01.07-01.27.04:629][651]LogAudioMixer: Display: Creating Master Submix 'MasterReverbSubmixDefault'
[2026.01.07-01.27.04:629][651]LogAudioMixer: Display: Creating Master Submix 'MasterEQSubmixDefault'
[2026.01.07-01.27.04:629][651]LogAudioMixer: FMixerPlatformXAudio2::StartAudioStream() called
[2026.01.07-01.27.04:629][651]LogAudioMixer: Display: Output buffers initialized: Frames=1024, Channels=2, Samples=2048
[2026.01.07-01.27.04:631][651]LogAudioMixer: Display: Starting AudioMixerPlatformInterface::RunInternal()
[2026.01.07-01.27.04:631][651]LogAudioMixer: Display: FMixerPlatformXAudio2::SubmitBuffer() called for the first time
[2026.01.07-01.27.04:631][651]LogInit: FAudioDevice initialized.
[2026.01.07-01.27.04:631][651]LogAudio: Display: Audio Device (ID: 4) registered with world 'ThirdPersonExampleMap'.
[2026.01.07-01.27.04:638][651]LogLoad: Game class is 'ALS_GameMode_C'
[2026.01.07-01.27.04:639][651]LogWorld: Bringing World /Game/ThirdPersonBP/Maps/UEDPIE_0_ThirdPersonExampleMap.ThirdPersonExampleMap up for play (max tick rate 0) at 2026.01.07-10.27.04
[2026.01.07-01.27.04:639][651]LogWorld: Bringing up level for play took: 0.000642
[2026.01.07-01.27.04:639][651]LogOnline: OSS: Creating online subsystem instance for: :Context_18
[2026.01.07-01.27.04:641][651]PIE: Server logged in
[2026.01.07-01.27.04:642][651]PIE: Play in editor total start time 0.073 seconds.
[2026.01.07-01.27.09:258][200]LogSlate: Updating window title bar state: overlay mode, drag disabled, window buttons hidden, title bar hidden
[2026.01.07-01.27.09:259][200]LogWorld: BeginTearingDown for /Game/ThirdPersonBP/Maps/UEDPIE_0_ThirdPersonExampleMap
[2026.01.07-01.27.09:259][200]LogWorld: UWorld::CleanupWorld for ThirdPersonExampleMap, bSessionEnded=true, bCleanupResources=true
[2026.01.07-01.27.09:259][200]LogSlate: InvalidateAllWidgets triggered.  All widgets were invalidated
[2026.01.07-01.27.09:268][200]LogPlayLevel: Display: Shutting down PIE online subsystems
[2026.01.07-01.27.09:270][200]LogSlate: InvalidateAllWidgets triggered.  All widgets were invalidated
[2026.01.07-01.27.09:288][200]LogAudio: Display: Audio Device unregistered from world 'None'.
[2026.01.07-01.27.09:288][200]LogAudioMixer: FMixerPlatformXAudio2::StopAudioStream() called
[2026.01.07-01.27.09:289][200]LogAudioMixer: FMixerPlatformXAudio2::StopAudioStream() called
[2026.01.07-01.27.09:290][200]LogSlate: Updating window title bar state: overlay mode, drag disabled, window buttons hidden, title bar hidden
[2026.01.07-01.27.09:293][200]LogUObjectHash: Compacting FUObjectHashTables data took   1.59ms
[2026.01.07-01.27.09:338][204]LogPlayLevel: Display: Destroying online subsystem :Context_18
[2026.01.07-01.27.24:067][250]LogSavePackage: Moving '../../../../../../UEProject/UnrealLearn/ALSV4/Saved/ALS_AnimBPAAE52E1B424163B54682878B1E7901F4.tmp' to '../../../../../../UEProject/UnrealLearn/ALSV4/Content/AdvancedLocomotionV4/Blueprints/CharacterLogic/ALS_AnimBP.uasset'
[2026.01.07-01.27.24:078][250]AssetCheck: New page: Asset Save: ALS_AnimBP
[2026.01.07-01.27.24:078][250]LogContentValidation: Display: Validating AnimBlueprint /Game/AdvancedLocomotionV4/Blueprints/CharacterLogic/ALS_AnimBP.ALS_AnimBP
[2026.01.07-01.27.25:314][397]BlueprintLog: New page: Compile ALS_AnimBP
[2026.01.07-01.27.25:340][397]LogUObjectHash: Compacting FUObjectHashTables data took   1.46ms
[2026.01.07-01.27.26:499][532]LogTemp: Repeating last play command: Selected Viewport
[2026.01.07-01.27.26:503][532]LogPlayLevel: PlayLevel: No blueprints needed recompiling
[2026.01.07-01.27.26:503][532]PIE: New page: PIE session: ThirdPersonExampleMap (Jan 7, 2026, 7:27:26 PM)
[2026.01.07-01.27.26:528][532]LogPlayLevel: Creating play world package: /Game/ThirdPersonBP/Maps/UEDPIE_0_ThirdPersonExampleMap
[2026.01.07-01.27.26:534][532]LogPlayLevel: PIE: StaticDuplicateObject took: (0.006463s)
[2026.01.07-01.27.26:535][532]LogAIModule: Creating AISystem for world ThirdPersonExampleMap
[2026.01.07-01.27.26:535][532]LogPlayLevel: PIE: World Init took: (0.000810s)
[2026.01.07-01.27.26:535][532]LogPlayLevel: PIE: Created PIE world by copying editor world from /Game/ThirdPersonBP/Maps/ThirdPersonExampleMap.ThirdPersonExampleMap to /Game/ThirdPersonBP/Maps/UEDPIE_0_ThirdPersonExampleMap.ThirdPersonExampleMap (0.007411s)
[2026.01.07-01.27.26:552][532]LogUObjectHash: Compacting FUObjectHashTables data took   1.72ms
[2026.01.07-01.27.26:553][532]LogAudio: Display: Creating Audio Device:                 Id: 5, Scope: Unique, Realtime: True
[2026.01.07-01.27.26:553][532]LogAudioMixer: Display: Audio Mixer Platform Settings:
[2026.01.07-01.27.26:553][532]LogAudioMixer: Display: 	Sample Rate:						  48000
[2026.01.07-01.27.26:553][532]LogAudioMixer: Display: 	Callback Buffer Frame Size Requested: 1024
[2026.01.07-01.27.26:553][532]LogAudioMixer: Display: 	Callback Buffer Frame Size To Use:	  1024
[2026.01.07-01.27.26:553][532]LogAudioMixer: Display: 	Number of buffers to queue:			  2
[2026.01.07-01.27.26:553][532]LogAudioMixer: Display: 	Max Channels (voices):				  32
[2026.01.07-01.27.26:553][532]LogAudioMixer: Display: 	Number of Async Source Workers:		  0
[2026.01.07-01.27.26:553][532]LogAudio: Display: AudioDevice MaxSources: 32
[2026.01.07-01.27.26:553][532]LogAudio: Display: Audio Spatialization Plugin: None (built-in).
[2026.01.07-01.27.26:553][532]LogAudio: Display: Audio Reverb Plugin: None (built-in).
[2026.01.07-01.27.26:553][532]LogAudio: Display: Audio Occlusion Plugin: None (built-in).
[2026.01.07-01.27.26:553][532]LogAudioMixer: Display: Initializing audio mixer.
[2026.01.07-01.27.26:555][532]LogAudioMixer: Display: 0: FrontLeft
[2026.01.07-01.27.26:555][532]LogAudioMixer: Display: 1: FrontRight
[2026.01.07-01.27.26:559][532]LogAudioMixer: Display: Using Audio Device Headphones (WF-1000XM4)
[2026.01.07-01.27.26:559][532]LogAudioMixer: Display: Initializing Sound Submixes...
[2026.01.07-01.27.26:559][532]LogAudioMixer: Display: Creating Master Submix 'MasterSubmixDefault'
[2026.01.07-01.27.26:559][532]LogAudioMixer: Display: Creating Master Submix 'MasterReverbSubmixDefault'
[2026.01.07-01.27.26:560][532]LogAudioMixer: Display: Creating Master Submix 'MasterEQSubmixDefault'
[2026.01.07-01.27.26:560][532]LogAudioMixer: FMixerPlatformXAudio2::StartAudioStream() called
[2026.01.07-01.27.26:560][532]LogAudioMixer: Display: Output buffers initialized: Frames=1024, Channels=2, Samples=2048
[2026.01.07-01.27.26:561][532]LogAudioMixer: Display: Starting AudioMixerPlatformInterface::RunInternal()
[2026.01.07-01.27.26:561][532]LogAudioMixer: Display: FMixerPlatformXAudio2::SubmitBuffer() called for the first time
[2026.01.07-01.27.26:561][532]LogInit: FAudioDevice initialized.
[2026.01.07-01.27.26:561][532]LogAudio: Display: Audio Device (ID: 5) registered with world 'ThirdPersonExampleMap'.
[2026.01.07-01.27.26:569][532]LogLoad: Game class is 'ALS_GameMode_C'
[2026.01.07-01.27.26:570][532]LogWorld: Bringing World /Game/ThirdPersonBP/Maps/UEDPIE_0_ThirdPersonExampleMap.ThirdPersonExampleMap up for play (max tick rate 0) at 2026.01.07-10.27.26
[2026.01.07-01.27.26:570][532]LogWorld: Bringing up level for play took: 0.000545
[2026.01.07-01.27.26:570][532]LogOnline: OSS: Creating online subsystem instance for: :Context_19
[2026.01.07-01.27.26:571][532]PIE: Server logged in
[2026.01.07-01.27.26:572][532]PIE: Play in editor total start time 0.07 seconds.
[2026.01.07-01.27.36:100][669]LogSlate: Updating window title bar state: overlay mode, drag disabled, window buttons hidden, title bar hidden
[2026.01.07-01.27.36:100][669]LogWorld: BeginTearingDown for /Game/ThirdPersonBP/Maps/UEDPIE_0_ThirdPersonExampleMap
[2026.01.07-01.27.36:100][669]LogWorld: UWorld::CleanupWorld for ThirdPersonExampleMap, bSessionEnded=true, bCleanupResources=true
[2026.01.07-01.27.36:100][669]LogSlate: InvalidateAllWidgets triggered.  All widgets were invalidated
[2026.01.07-01.27.36:114][669]LogPlayLevel: Display: Shutting down PIE online subsystems
[2026.01.07-01.27.36:115][669]LogSlate: InvalidateAllWidgets triggered.  All widgets were invalidated
[2026.01.07-01.27.36:133][669]LogAudio: Display: Audio Device unregistered from world 'None'.
[2026.01.07-01.27.36:134][669]LogAudioMixer: FMixerPlatformXAudio2::StopAudioStream() called
[2026.01.07-01.27.36:135][669]LogAudioMixer: FMixerPlatformXAudio2::StopAudioStream() called
[2026.01.07-01.27.36:136][669]LogSlate: Updating window title bar state: overlay mode, drag disabled, window buttons hidden, title bar hidden
[2026.01.07-01.27.36:139][669]LogUObjectHash: Compacting FUObjectHashTables data took   1.33ms
[2026.01.07-01.27.36:169][671]LogPlayLevel: Display: Destroying online subsystem :Context_19
[2026.01.07-01.28.11:648][958]LogTemp: Repeating last play command: Selected Viewport
[2026.01.07-01.28.11:652][958]LogPlayLevel: PlayLevel: No blueprints needed recompiling
[2026.01.07-01.28.11:652][958]PIE: New page: PIE session: ThirdPersonExampleMap (Jan 7, 2026, 7:28:11 PM)
[2026.01.07-01.28.11:688][958]LogPlayLevel: Creating play world package: /Game/ThirdPersonBP/Maps/UEDPIE_0_ThirdPersonExampleMap
[2026.01.07-01.28.11:699][958]LogPlayLevel: PIE: StaticDuplicateObject took: (0.010998s)
[2026.01.07-01.28.11:700][958]LogAIModule: Creating AISystem for world ThirdPersonExampleMap
[2026.01.07-01.28.11:700][958]LogPlayLevel: PIE: World Init took: (0.001304s)
[2026.01.07-01.28.11:700][958]LogPlayLevel: PIE: Created PIE world by copying editor world from /Game/ThirdPersonBP/Maps/ThirdPersonExampleMap.ThirdPersonExampleMap to /Game/ThirdPersonBP/Maps/UEDPIE_0_ThirdPersonExampleMap.ThirdPersonExampleMap (0.012535s)
[2026.01.07-01.28.11:718][958]LogUObjectHash: Compacting FUObjectHashTables data took   1.53ms
[2026.01.07-01.28.11:719][958]LogAudio: Display: Creating Audio Device:                 Id: 6, Scope: Unique, Realtime: True
[2026.01.07-01.28.11:719][958]LogAudioMixer: Display: Audio Mixer Platform Settings:
[2026.01.07-01.28.11:719][958]LogAudioMixer: Display: 	Sample Rate:						  48000
[2026.01.07-01.28.11:719][958]LogAudioMixer: Display: 	Callback Buffer Frame Size Requested: 1024
[2026.01.07-01.28.11:719][958]LogAudioMixer: Display: 	Callback Buffer Frame Size To Use:	  1024
[2026.01.07-01.28.11:719][958]LogAudioMixer: Display: 	Number of buffers to queue:			  2
[2026.01.07-01.28.11:719][958]LogAudioMixer: Display: 	Max Channels (voices):				  32
[2026.01.07-01.28.11:719][958]LogAudioMixer: Display: 	Number of Async Source Workers:		  0
[2026.01.07-01.28.11:719][958]LogAudio: Display: AudioDevice MaxSources: 32
[2026.01.07-01.28.11:719][958]LogAudio: Display: Audio Spatialization Plugin: None (built-in).
[2026.01.07-01.28.11:719][958]LogAudio: Display: Audio Reverb Plugin: None (built-in).
[2026.01.07-01.28.11:719][958]LogAudio: Display: Audio Occlusion Plugin: None (built-in).
[2026.01.07-01.28.11:719][958]LogAudioMixer: Display: Initializing audio mixer.
[2026.01.07-01.28.11:722][958]LogAudioMixer: Display: 0: FrontLeft
[2026.01.07-01.28.11:722][958]LogAudioMixer: Display: 1: FrontRight
[2026.01.07-01.28.11:726][958]LogAudioMixer: Display: Using Audio Device Headphones (WF-1000XM4)
[2026.01.07-01.28.11:726][958]LogAudioMixer: Display: Initializing Sound Submixes...
[2026.01.07-01.28.11:726][958]LogAudioMixer: Display: Creating Master Submix 'MasterSubmixDefault'
[2026.01.07-01.28.11:726][958]LogAudioMixer: Display: Creating Master Submix 'MasterReverbSubmixDefault'
[2026.01.07-01.28.11:726][958]LogAudioMixer: Display: Creating Master Submix 'MasterEQSubmixDefault'
[2026.01.07-01.28.11:726][958]LogAudioMixer: FMixerPlatformXAudio2::StartAudioStream() called
[2026.01.07-01.28.11:726][958]LogAudioMixer: Display: Output buffers initialized: Frames=1024, Channels=2, Samples=2048
[2026.01.07-01.28.11:728][958]LogAudioMixer: Display: Starting AudioMixerPlatformInterface::RunInternal()
[2026.01.07-01.28.11:728][958]LogAudioMixer: Display: FMixerPlatformXAudio2::SubmitBuffer() called for the first time
[2026.01.07-01.28.11:728][958]LogInit: FAudioDevice initialized.
[2026.01.07-01.28.11:728][958]LogAudio: Display: Audio Device (ID: 6) registered with world 'ThirdPersonExampleMap'.
[2026.01.07-01.28.11:733][958]LogLoad: Game class is 'ALS_GameMode_C'
[2026.01.07-01.28.11:734][958]LogWorld: Bringing World /Game/ThirdPersonBP/Maps/UEDPIE_0_ThirdPersonExampleMap.ThirdPersonExampleMap up for play (max tick rate 0) at 2026.01.07-10.28.11
[2026.01.07-01.28.11:734][958]LogWorld: Bringing up level for play took: 0.000666
[2026.01.07-01.28.11:735][958]LogOnline: OSS: Creating online subsystem instance for: :Context_20
[2026.01.07-01.28.11:738][958]PIE: Server logged in
[2026.01.07-01.28.11:739][958]PIE: Play in editor total start time 0.088 seconds.
[2026.01.07-01.29.09:130][837]LogSlate: Updating window title bar state: overlay mode, drag disabled, window buttons hidden, title bar hidden
[2026.01.07-01.29.09:130][837]LogWorld: BeginTearingDown for /Game/ThirdPersonBP/Maps/UEDPIE_0_ThirdPersonExampleMap
[2026.01.07-01.29.09:130][837]LogWorld: UWorld::CleanupWorld for ThirdPersonExampleMap, bSessionEnded=true, bCleanupResources=true
[2026.01.07-01.29.09:130][837]LogSlate: InvalidateAllWidgets triggered.  All widgets were invalidated
[2026.01.07-01.29.09:138][837]LogPlayLevel: Display: Shutting down PIE online subsystems
[2026.01.07-01.29.09:140][837]LogSlate: InvalidateAllWidgets triggered.  All widgets were invalidated
[2026.01.07-01.29.09:159][837]LogSlate: Updating window title bar state: overlay mode, drag disabled, window buttons hidden, title bar hidden
[2026.01.07-01.29.09:159][837]LogAudioMixer: FMixerPlatformXAudio2::StopAudioStream() called
[2026.01.07-01.29.09:159][837]LogAudioMixer: FMixerPlatformXAudio2::StopAudioStream() called
[2026.01.07-01.29.09:164][837]LogUObjectHash: Compacting FUObjectHashTables data took   1.69ms
[2026.01.07-01.29.09:195][839]LogPlayLevel: Display: Destroying online subsystem :Context_20
[2026.01.07-01.29.58:934][692]LogSavePackage: Moving '../../../../../../UEProject/UnrealLearn/ALSV4/Saved/ALS_AnimBP41A8CE1042FAD9C8F78843A32C0C80DE.tmp' to '../../../../../../UEProject/UnrealLearn/ALSV4/Content/AdvancedLocomotionV4/Blueprints/CharacterLogic/ALS_AnimBP.uasset'
[2026.01.07-01.29.58:949][692]AssetCheck: New page: Asset Save: ALS_AnimBP
[2026.01.07-01.29.58:949][692]LogContentValidation: Display: Validating AnimBlueprint /Game/AdvancedLocomotionV4/Blueprints/CharacterLogic/ALS_AnimBP.ALS_AnimBP
[2026.01.07-01.29.59:945][808]BlueprintLog: New page: Compile ALS_AnimBP
[2026.01.07-01.29.59:972][808]LogUObjectHash: Compacting FUObjectHashTables data took   1.67ms
[2026.01.07-01.30.00:913][916]LogTemp: Repeating last play command: Selected Viewport
[2026.01.07-01.30.00:916][916]LogPlayLevel: PlayLevel: No blueprints needed recompiling
[2026.01.07-01.30.00:916][916]PIE: New page: PIE session: ThirdPersonExampleMap (Jan 7, 2026, 7:30:00 PM)
[2026.01.07-01.30.00:938][916]LogPlayLevel: Creating play world package: /Game/ThirdPersonBP/Maps/UEDPIE_0_ThirdPersonExampleMap
[2026.01.07-01.30.00:945][916]LogPlayLevel: PIE: StaticDuplicateObject took: (0.007043s)
[2026.01.07-01.30.00:946][916]LogAIModule: Creating AISystem for world ThirdPersonExampleMap
[2026.01.07-01.30.00:946][916]LogPlayLevel: PIE: World Init took: (0.001063s)
[2026.01.07-01.30.00:946][916]LogPlayLevel: PIE: Created PIE world by copying editor world from /Game/ThirdPersonBP/Maps/ThirdPersonExampleMap.ThirdPersonExampleMap to /Game/ThirdPersonBP/Maps/UEDPIE_0_ThirdPersonExampleMap.ThirdPersonExampleMap (0.008527s)
[2026.01.07-01.30.00:962][916]LogUObjectHash: Compacting FUObjectHashTables data took   1.80ms
[2026.01.07-01.30.00:963][916]LogAudio: Display: Creating Audio Device:                 Id: 7, Scope: Unique, Realtime: True
[2026.01.07-01.30.00:963][916]LogAudioMixer: Display: Audio Mixer Platform Settings:
[2026.01.07-01.30.00:963][916]LogAudioMixer: Display: 	Sample Rate:						  48000
[2026.01.07-01.30.00:963][916]LogAudioMixer: Display: 	Callback Buffer Frame Size Requested: 1024
[2026.01.07-01.30.00:963][916]LogAudioMixer: Display: 	Callback Buffer Frame Size To Use:	  1024
[2026.01.07-01.30.00:963][916]LogAudioMixer: Display: 	Number of buffers to queue:			  2
[2026.01.07-01.30.00:963][916]LogAudioMixer: Display: 	Max Channels (voices):				  32
[2026.01.07-01.30.00:963][916]LogAudioMixer: Display: 	Number of Async Source Workers:		  0
[2026.01.07-01.30.00:963][916]LogAudio: Display: AudioDevice MaxSources: 32
[2026.01.07-01.30.00:964][916]LogAudio: Display: Audio Spatialization Plugin: None (built-in).
[2026.01.07-01.30.00:964][916]LogAudio: Display: Audio Reverb Plugin: None (built-in).
[2026.01.07-01.30.00:964][916]LogAudio: Display: Audio Occlusion Plugin: None (built-in).
[2026.01.07-01.30.00:964][916]LogAudioMixer: Display: Initializing audio mixer.
[2026.01.07-01.30.00:966][916]LogAudioMixer: Display: 0: FrontLeft
[2026.01.07-01.30.00:966][916]LogAudioMixer: Display: 1: FrontRight
[2026.01.07-01.30.00:970][916]LogAudioMixer: Display: Using Audio Device Headphones (WF-1000XM4)
[2026.01.07-01.30.00:970][916]LogAudioMixer: Display: Initializing Sound Submixes...
[2026.01.07-01.30.00:970][916]LogAudioMixer: Display: Creating Master Submix 'MasterSubmixDefault'
[2026.01.07-01.30.00:970][916]LogAudioMixer: Display: Creating Master Submix 'MasterReverbSubmixDefault'
[2026.01.07-01.30.00:970][916]LogAudioMixer: Display: Creating Master Submix 'MasterEQSubmixDefault'
[2026.01.07-01.30.00:970][916]LogAudioMixer: FMixerPlatformXAudio2::StartAudioStream() called
[2026.01.07-01.30.00:970][916]LogAudioMixer: Display: Output buffers initialized: Frames=1024, Channels=2, Samples=2048
[2026.01.07-01.30.00:971][916]LogAudioMixer: Display: Starting AudioMixerPlatformInterface::RunInternal()
[2026.01.07-01.30.00:971][916]LogAudioMixer: Display: FMixerPlatformXAudio2::SubmitBuffer() called for the first time
[2026.01.07-01.30.00:971][916]LogInit: FAudioDevice initialized.
[2026.01.07-01.30.00:971][916]LogAudio: Display: Audio Device (ID: 7) registered with world 'ThirdPersonExampleMap'.
[2026.01.07-01.30.00:981][916]LogLoad: Game class is 'ALS_GameMode_C'
[2026.01.07-01.30.00:982][916]LogWorld: Bringing World /Game/ThirdPersonBP/Maps/UEDPIE_0_ThirdPersonExampleMap.ThirdPersonExampleMap up for play (max tick rate 0) at 2026.01.07-10.30.00
[2026.01.07-01.30.00:982][916]LogWorld: Bringing up level for play took: 0.000617
[2026.01.07-01.30.00:982][916]LogOnline: OSS: Creating online subsystem instance for: :Context_21
[2026.01.07-01.30.00:984][916]PIE: Server logged in
[2026.01.07-01.30.00:984][916]PIE: Play in editor total start time 0.069 seconds.
[2026.01.07-01.38.00:506][256]LogUObjectHash: Compacting FUObjectHashTables data took   1.93ms
[2026.01.07-01.38.00:519][256]LogSavePackage: Moving '../../../../../../UEProject/UnrealLearn/ALSV4/Saved/ThirdPersonExampleMap9DB027714624455D553EE8B8ACAEE366.tmp' to '../../../../../../UEProject/UnrealLearn/ALSV4/Content/ThirdPersonBP/Maps/ThirdPersonExampleMap.umap'
[2026.01.07-01.38.00:584][256]LogSavePackage: Moving '../../../../../../UEProject/UnrealLearn/ALSV4/Saved/ThirdPersonExampleMap_BuiltData5C3682AB44B171DD62AA7A8F64546D5B.tmp' to '../../../../../../UEProject/UnrealLearn/ALSV4/Content/ThirdPersonBP/Maps/ThirdPersonExampleMap_BuiltData.uasset'
[2026.01.07-01.38.00:593][256]AssetCheck: New page: Asset Save: multiple assets
[2026.01.07-01.38.00:593][256]LogContentValidation: Display: Validating MapBuildDataRegistry /Game/ThirdPersonBP/Maps/ThirdPersonExampleMap_BuiltData.ThirdPersonExampleMap_BuiltData
[2026.01.07-01.38.00:593][256]LogContentValidation: Display: Validating World /Game/ThirdPersonBP/Maps/ThirdPersonExampleMap.ThirdPersonExampleMap
[2026.01.07-01.42.13:296][997]LogSavePackage: Moving '../../../../../../UEProject/UnrealLearn/ALSV4/Saved/ALS_AnimBPFAC1FDE147F3EF76C94E2B995A728D1E.tmp' to '../../../../../../UEProject/UnrealLearn/ALSV4/Content/AdvancedLocomotionV4/Blueprints/CharacterLogic/ALS_AnimBP.uasset'
[2026.01.07-01.42.13:308][997]AssetCheck: New page: Asset Save: ALS_AnimBP
[2026.01.07-01.42.13:308][997]LogContentValidation: Display: Validating AnimBlueprint /Game/AdvancedLocomotionV4/Blueprints/CharacterLogic/ALS_AnimBP.ALS_AnimBP
[2026.01.07-01.44.41:431][536]LogSavePackage: Moving '../../../../../../UEProject/UnrealLearn/ALSV4/Saved/ALS_AnimBP1B64674D471F9F3626BF62BFD9C60400.tmp' to '../../../../../../UEProject/UnrealLearn/ALSV4/Content/AdvancedLocomotionV4/Blueprints/CharacterLogic/ALS_AnimBP.uasset'
[2026.01.07-01.44.41:441][536]AssetCheck: New page: Asset Save: ALS_AnimBP
[2026.01.07-01.44.41:441][536]LogContentValidation: Display: Validating AnimBlueprint /Game/AdvancedLocomotionV4/Blueprints/CharacterLogic/ALS_AnimBP.ALS_AnimBP
[2026.01.07-01.44.42:716][683]BlueprintLog: New page: Compile ALS_AnimBP
[2026.01.07-01.44.42:745][683]LogUObjectHash: Compacting FUObjectHashTables data took   1.89ms
[2026.01.07-01.52.35:966][224]LogSavePackage: Moving '../../../../../../UEProject/UnrealLearn/ALSV4/Saved/ALS_AnimBP8DCB130D4D8EC76CEE32FDA33DECDC5B.tmp' to '../../../../../../UEProject/UnrealLearn/ALSV4/Content/AdvancedLocomotionV4/Blueprints/CharacterLogic/ALS_AnimBP.uasset'
[2026.01.07-01.52.35:978][224]AssetCheck: New page: Asset Save: ALS_AnimBP
[2026.01.07-01.52.35:978][224]LogContentValidation: Display: Validating AnimBlueprint /Game/AdvancedLocomotionV4/Blueprints/CharacterLogic/ALS_AnimBP.ALS_AnimBP
[2026.01.07-01.52.46:407][288]LogSavePackage: Moving '../../../../../../UEProject/UnrealLearn/ALSV4/Saved/ALS_AnimBPE0C838424DAFA2D3C6C9409624E3EE3F.tmp' to '../../../../../../UEProject/UnrealLearn/ALSV4/Content/AdvancedLocomotionV4/Blueprints/CharacterLogic/ALS_AnimBP.uasset'
[2026.01.07-01.52.46:418][288]AssetCheck: New page: Asset Save: ALS_AnimBP
[2026.01.07-01.52.46:418][288]LogContentValidation: Display: Validating AnimBlueprint /Game/AdvancedLocomotionV4/Blueprints/CharacterLogic/ALS_AnimBP.ALS_AnimBP
[2026.01.07-01.53.11:672][490]LogSavePackage: Moving '../../../../../../UEProject/UnrealLearn/ALSV4/Saved/ALS_AnimBPEB0435CA40EDA52A206413BB6D3B4983.tmp' to '../../../../../../UEProject/UnrealLearn/ALSV4/Content/AdvancedLocomotionV4/Blueprints/CharacterLogic/ALS_AnimBP.uasset'
[2026.01.07-01.53.11:685][490]AssetCheck: New page: Asset Save: ALS_AnimBP
[2026.01.07-01.53.11:685][490]LogContentValidation: Display: Validating AnimBlueprint /Game/AdvancedLocomotionV4/Blueprints/CharacterLogic/ALS_AnimBP.ALS_AnimBP
[2026.01.07-01.53.14:429][737]LogSavePackage: Moving '../../../../../../UEProject/UnrealLearn/ALSV4/Saved/ALS_AnimBPEA500E4A4527B7639B280085F2A63A34.tmp' to '../../../../../../UEProject/UnrealLearn/ALSV4/Content/AdvancedLocomotionV4/Blueprints/CharacterLogic/ALS_AnimBP.uasset'
[2026.01.07-01.53.14:448][737]AssetCheck: New page: Asset Save: ALS_AnimBP
[2026.01.07-01.53.14:448][737]LogContentValidation: Display: Validating AnimBlueprint /Game/AdvancedLocomotionV4/Blueprints/CharacterLogic/ALS_AnimBP.ALS_AnimBP
[2026.01.07-01.53.18:156][ 61]LogSavePackage: Moving '../../../../../../UEProject/UnrealLearn/ALSV4/Saved/ALS_AnimBP5B7D8E804494A4F5B346ED9C48369267.tmp' to '../../../../../../UEProject/UnrealLearn/ALSV4/Content/AdvancedLocomotionV4/Blueprints/CharacterLogic/ALS_AnimBP.uasset'
[2026.01.07-01.53.18:166][ 61]AssetCheck: New page: Asset Save: ALS_AnimBP
[2026.01.07-01.53.18:166][ 61]LogContentValidation: Display: Validating AnimBlueprint /Game/AdvancedLocomotionV4/Blueprints/CharacterLogic/ALS_AnimBP.ALS_AnimBP
[2026.01.07-01.53.37:209][ 14]LogSavePackage: Moving '../../../../../../UEProject/UnrealLearn/ALSV4/Saved/ALS_AnimBP4D843C984D264F4A2F238A8DD4E97422.tmp' to '../../../../../../UEProject/UnrealLearn/ALSV4/Content/AdvancedLocomotionV4/Blueprints/CharacterLogic/ALS_AnimBP.uasset'
[2026.01.07-01.53.37:219][ 14]AssetCheck: New page: Asset Save: ALS_AnimBP
[2026.01.07-01.53.37:219][ 14]LogContentValidation: Display: Validating AnimBlueprint /Game/AdvancedLocomotionV4/Blueprints/CharacterLogic/ALS_AnimBP.ALS_AnimBP
[2026.01.07-01.53.43:368][352]LogSavePackage: Moving '../../../../../../UEProject/UnrealLearn/ALSV4/Saved/ALS_AnimBPF564EFB4486E9847676294B124B06951.tmp' to '../../../../../../UEProject/UnrealLearn/ALSV4/Content/AdvancedLocomotionV4/Blueprints/CharacterLogic/ALS_AnimBP.uasset'
[2026.01.07-01.53.43:378][352]AssetCheck: New page: Asset Save: ALS_AnimBP
[2026.01.07-01.53.43:378][352]LogContentValidation: Display: Validating AnimBlueprint /Game/AdvancedLocomotionV4/Blueprints/CharacterLogic/ALS_AnimBP.ALS_AnimBP
[2026.01.07-01.53.49:237][ 30]LogSavePackage: Moving '../../../../../../UEProject/UnrealLearn/ALSV4/Saved/ALS_AnimBP2695C0E046791CF1DA5185ABD1404117.tmp' to '../../../../../../UEProject/UnrealLearn/ALSV4/Content/AdvancedLocomotionV4/Blueprints/CharacterLogic/ALS_AnimBP.uasset'
[2026.01.07-01.53.49:247][ 30]AssetCheck: New page: Asset Save: ALS_AnimBP
[2026.01.07-01.53.49:247][ 30]LogContentValidation: Display: Validating AnimBlueprint /Game/AdvancedLocomotionV4/Blueprints/CharacterLogic/ALS_AnimBP.ALS_AnimBP
[2026.01.07-01.53.55:482][753]LogSavePackage: Moving '../../../../../../UEProject/UnrealLearn/ALSV4/Saved/ALS_AnimBP3F5970524A0D195FA81E0CA4EE8CADF8.tmp' to '../../../../../../UEProject/UnrealLearn/ALSV4/Content/AdvancedLocomotionV4/Blueprints/CharacterLogic/ALS_AnimBP.uasset'
[2026.01.07-01.53.55:493][753]AssetCheck: New page: Asset Save: ALS_AnimBP
[2026.01.07-01.53.55:493][753]LogContentValidation: Display: Validating AnimBlueprint /Game/AdvancedLocomotionV4/Blueprints/CharacterLogic/ALS_AnimBP.ALS_AnimBP
[2026.01.07-01.53.56:992][930]LogSavePackage: Moving '../../../../../../UEProject/UnrealLearn/ALSV4/Saved/ALS_AnimBP1E3845FF4223508860BF328F4E069AB8.tmp' to '../../../../../../UEProject/UnrealLearn/ALSV4/Content/AdvancedLocomotionV4/Blueprints/CharacterLogic/ALS_AnimBP.uasset'
[2026.01.07-01.53.57:002][930]AssetCheck: New page: Asset Save: ALS_AnimBP
[2026.01.07-01.53.57:002][930]LogContentValidation: Display: Validating AnimBlueprint /Game/AdvancedLocomotionV4/Blueprints/CharacterLogic/ALS_AnimBP.ALS_AnimBP
[2026.01.07-01.54.04:693][ 62]BlueprintLog: New page: Compile ALS_AnimBP
[2026.01.07-01.54.04:722][ 62]LogUObjectHash: Compacting FUObjectHashTables data took   2.37ms
[2026.01.07-01.54.06:798][298]LogSlate: Updating window title bar state: overlay mode, drag disabled, window buttons hidden, title bar hidden
[2026.01.07-01.54.06:798][298]LogWorld: BeginTearingDown for /Game/ThirdPersonBP/Maps/UEDPIE_0_ThirdPersonExampleMap
[2026.01.07-01.54.06:799][298]LogWorld: UWorld::CleanupWorld for ThirdPersonExampleMap, bSessionEnded=true, bCleanupResources=true
[2026.01.07-01.54.06:799][298]LogSlate: InvalidateAllWidgets triggered.  All widgets were invalidated
[2026.01.07-01.54.06:805][298]LogPlayLevel: Display: Shutting down PIE online subsystems
[2026.01.07-01.54.06:806][298]LogSlate: InvalidateAllWidgets triggered.  All widgets were invalidated
[2026.01.07-01.54.06:824][298]LogAudio: Display: Audio Device unregistered from world 'None'.
[2026.01.07-01.54.06:824][298]LogAudioMixer: FMixerPlatformXAudio2::StopAudioStream() called
[2026.01.07-01.54.06:825][298]LogAudioMixer: FMixerPlatformXAudio2::StopAudioStream() called
[2026.01.07-01.54.06:828][298]LogSlate: Updating window title bar state: overlay mode, drag disabled, window buttons hidden, title bar hidden
[2026.01.07-01.54.06:830][298]LogUObjectHash: Compacting FUObjectHashTables data took   1.99ms
[2026.01.07-01.54.06:875][303]LogPlayLevel: Display: Destroying online subsystem :Context_21
[2026.01.07-01.54.07:553][384]LogTemp: Repeating last play command: Selected Viewport
[2026.01.07-01.54.07:556][384]LogPlayLevel: PlayLevel: No blueprints needed recompiling
[2026.01.07-01.54.07:556][384]PIE: New page: PIE session: ThirdPersonExampleMap (Jan 7, 2026, 7:54:07 PM)
[2026.01.07-01.54.07:556][384]LogPlayLevel: Creating play world package: /Game/ThirdPersonBP/Maps/UEDPIE_0_ThirdPersonExampleMap
[2026.01.07-01.54.07:565][384]LogPlayLevel: PIE: StaticDuplicateObject took: (0.008377s)
[2026.01.07-01.54.07:566][384]LogAIModule: Creating AISystem for world ThirdPersonExampleMap
[2026.01.07-01.54.07:566][384]LogPlayLevel: PIE: World Init took: (0.000918s)
[2026.01.07-01.54.07:566][384]LogPlayLevel: PIE: Created PIE world by copying editor world from /Game/ThirdPersonBP/Maps/ThirdPersonExampleMap.ThirdPersonExampleMap to /Game/ThirdPersonBP/Maps/UEDPIE_0_ThirdPersonExampleMap.ThirdPersonExampleMap (0.009419s)
[2026.01.07-01.54.07:580][384]LogUObjectHash: Compacting FUObjectHashTables data took   1.41ms
[2026.01.07-01.54.07:581][384]LogAudio: Display: Creating Audio Device:                 Id: 8, Scope: Unique, Realtime: True
[2026.01.07-01.54.07:581][384]LogAudioMixer: Display: Audio Mixer Platform Settings:
[2026.01.07-01.54.07:581][384]LogAudioMixer: Display: 	Sample Rate:						  48000
[2026.01.07-01.54.07:581][384]LogAudioMixer: Display: 	Callback Buffer Frame Size Requested: 1024
[2026.01.07-01.54.07:581][384]LogAudioMixer: Display: 	Callback Buffer Frame Size To Use:	  1024
[2026.01.07-01.54.07:581][384]LogAudioMixer: Display: 	Number of buffers to queue:			  2
[2026.01.07-01.54.07:581][384]LogAudioMixer: Display: 	Max Channels (voices):				  32
[2026.01.07-01.54.07:581][384]LogAudioMixer: Display: 	Number of Async Source Workers:		  0
[2026.01.07-01.54.07:581][384]LogAudio: Display: AudioDevice MaxSources: 32
[2026.01.07-01.54.07:581][384]LogAudio: Display: Audio Spatialization Plugin: None (built-in).
[2026.01.07-01.54.07:581][384]LogAudio: Display: Audio Reverb Plugin: None (built-in).
[2026.01.07-01.54.07:581][384]LogAudio: Display: Audio Occlusion Plugin: None (built-in).
[2026.01.07-01.54.07:581][384]LogAudioMixer: Display: Initializing audio mixer.
[2026.01.07-01.54.07:584][384]LogAudioMixer: Display: 0: FrontLeft
[2026.01.07-01.54.07:584][384]LogAudioMixer: Display: 1: FrontRight
[2026.01.07-01.54.07:586][384]LogAudioMixer: Display: Using Audio Device Headphones (WF-1000XM4)
[2026.01.07-01.54.07:586][384]LogAudioMixer: Display: Initializing Sound Submixes...
[2026.01.07-01.54.07:588][384]LogAudioMixer: Display: Creating Master Submix 'MasterSubmixDefault'
[2026.01.07-01.54.07:588][384]LogAudioMixer: Display: Creating Master Submix 'MasterReverbSubmixDefault'
[2026.01.07-01.54.07:588][384]LogAudioMixer: Display: Creating Master Submix 'MasterEQSubmixDefault'
[2026.01.07-01.54.07:588][384]LogAudioMixer: FMixerPlatformXAudio2::StartAudioStream() called
[2026.01.07-01.54.07:588][384]LogAudioMixer: Display: Output buffers initialized: Frames=1024, Channels=2, Samples=2048
[2026.01.07-01.54.07:588][384]LogAudioMixer: Display: Starting AudioMixerPlatformInterface::RunInternal()
[2026.01.07-01.54.07:588][384]LogAudioMixer: Display: FMixerPlatformXAudio2::SubmitBuffer() called for the first time
[2026.01.07-01.54.07:588][384]LogInit: FAudioDevice initialized.
[2026.01.07-01.54.07:588][384]LogAudio: Display: Audio Device (ID: 8) registered with world 'ThirdPersonExampleMap'.
[2026.01.07-01.54.07:595][384]LogLoad: Game class is 'ALS_GameMode_C'
[2026.01.07-01.54.07:596][384]LogWorld: Bringing World /Game/ThirdPersonBP/Maps/UEDPIE_0_ThirdPersonExampleMap.ThirdPersonExampleMap up for play (max tick rate 0) at 2026.01.07-10.54.07
[2026.01.07-01.54.07:596][384]LogWorld: Bringing up level for play took: 0.000629
[2026.01.07-01.54.07:596][384]LogOnline: OSS: Creating online subsystem instance for: :Context_22
[2026.01.07-01.54.07:598][384]PIE: Server logged in
[2026.01.07-01.54.07:599][384]PIE: Play in editor total start time 0.043 seconds.
[2026.01.07-01.54.11:239][816]LogSlate: Updating window title bar state: overlay mode, drag disabled, window buttons hidden, title bar hidden
[2026.01.07-01.54.11:239][816]LogWorld: BeginTearingDown for /Game/ThirdPersonBP/Maps/UEDPIE_0_ThirdPersonExampleMap
[2026.01.07-01.54.11:239][816]LogWorld: UWorld::CleanupWorld for ThirdPersonExampleMap, bSessionEnded=true, bCleanupResources=true
[2026.01.07-01.54.11:239][816]LogSlate: InvalidateAllWidgets triggered.  All widgets were invalidated
[2026.01.07-01.54.11:244][816]LogPlayLevel: Display: Shutting down PIE online subsystems
[2026.01.07-01.54.11:247][816]LogSlate: InvalidateAllWidgets triggered.  All widgets were invalidated
[2026.01.07-01.54.11:265][816]LogSlate: Updating window title bar state: overlay mode, drag disabled, window buttons hidden, title bar hidden
[2026.01.07-01.54.11:265][816]LogAudioMixer: FMixerPlatformXAudio2::StopAudioStream() called
[2026.01.07-01.54.11:266][816]LogAudioMixer: FMixerPlatformXAudio2::StopAudioStream() called
[2026.01.07-01.54.11:271][816]LogUObjectHash: Compacting FUObjectHashTables data took   1.73ms
[2026.01.07-01.54.11:319][820]LogPlayLevel: Display: Destroying online subsystem :Context_22
[2026.01.07-01.54.24:466][144]LogTemp: Repeating last play command: Selected Viewport
[2026.01.07-01.54.24:470][144]LogPlayLevel: PlayLevel: No blueprints needed recompiling
[2026.01.07-01.54.24:470][144]PIE: New page: PIE session: ThirdPersonExampleMap (Jan 7, 2026, 7:54:24 PM)
[2026.01.07-01.54.24:509][144]LogPlayLevel: Creating play world package: /Game/ThirdPersonBP/Maps/UEDPIE_0_ThirdPersonExampleMap
[2026.01.07-01.54.24:515][144]LogPlayLevel: PIE: StaticDuplicateObject took: (0.006702s)
[2026.01.07-01.54.24:516][144]LogAIModule: Creating AISystem for world ThirdPersonExampleMap
[2026.01.07-01.54.24:516][144]LogPlayLevel: PIE: World Init took: (0.000738s)
[2026.01.07-01.54.24:516][144]LogPlayLevel: PIE: Created PIE world by copying editor world from /Game/ThirdPersonBP/Maps/ThirdPersonExampleMap.ThirdPersonExampleMap to /Game/ThirdPersonBP/Maps/UEDPIE_0_ThirdPersonExampleMap.ThirdPersonExampleMap (0.007597s)
[2026.01.07-01.54.24:533][144]LogUObjectHash: Compacting FUObjectHashTables data took   1.42ms
[2026.01.07-01.54.24:535][144]LogAudio: Display: Creating Audio Device:                 Id: 9, Scope: Unique, Realtime: True
[2026.01.07-01.54.24:535][144]LogAudioMixer: Display: Audio Mixer Platform Settings:
[2026.01.07-01.54.24:535][144]LogAudioMixer: Display: 	Sample Rate:						  48000
[2026.01.07-01.54.24:535][144]LogAudioMixer: Display: 	Callback Buffer Frame Size Requested: 1024
[2026.01.07-01.54.24:535][144]LogAudioMixer: Display: 	Callback Buffer Frame Size To Use:	  1024
[2026.01.07-01.54.24:535][144]LogAudioMixer: Display: 	Number of buffers to queue:			  2
[2026.01.07-01.54.24:535][144]LogAudioMixer: Display: 	Max Channels (voices):				  32
[2026.01.07-01.54.24:535][144]LogAudioMixer: Display: 	Number of Async Source Workers:		  0
[2026.01.07-01.54.24:535][144]LogAudio: Display: AudioDevice MaxSources: 32
[2026.01.07-01.54.24:536][144]LogAudio: Display: Audio Spatialization Plugin: None (built-in).
[2026.01.07-01.54.24:536][144]LogAudio: Display: Audio Reverb Plugin: None (built-in).
[2026.01.07-01.54.24:536][144]LogAudio: Display: Audio Occlusion Plugin: None (built-in).
[2026.01.07-01.54.24:536][144]LogAudioMixer: Display: Initializing audio mixer.
[2026.01.07-01.54.24:538][144]LogAudioMixer: Display: 0: FrontLeft
[2026.01.07-01.54.24:538][144]LogAudioMixer: Display: 1: FrontRight
[2026.01.07-01.54.24:541][144]LogAudioMixer: Display: Using Audio Device Headphones (WF-1000XM4)
[2026.01.07-01.54.24:541][144]LogAudioMixer: Display: Initializing Sound Submixes...
[2026.01.07-01.54.24:541][144]LogAudioMixer: Display: Creating Master Submix 'MasterSubmixDefault'
[2026.01.07-01.54.24:541][144]LogAudioMixer: Display: Creating Master Submix 'MasterReverbSubmixDefault'
[2026.01.07-01.54.24:542][144]LogAudioMixer: Display: Creating Master Submix 'MasterEQSubmixDefault'
[2026.01.07-01.54.24:542][144]LogAudioMixer: FMixerPlatformXAudio2::StartAudioStream() called
[2026.01.07-01.54.24:542][144]LogAudioMixer: Display: Output buffers initialized: Frames=1024, Channels=2, Samples=2048
[2026.01.07-01.54.24:543][144]LogAudioMixer: Display: Starting AudioMixerPlatformInterface::RunInternal()
[2026.01.07-01.54.24:543][144]LogAudioMixer: Display: FMixerPlatformXAudio2::SubmitBuffer() called for the first time
[2026.01.07-01.54.24:543][144]LogInit: FAudioDevice initialized.
[2026.01.07-01.54.24:543][144]LogAudio: Display: Audio Device (ID: 9) registered with world 'ThirdPersonExampleMap'.
[2026.01.07-01.54.24:546][144]LogLoad: Game class is 'ALS_GameMode_C'
[2026.01.07-01.54.24:548][144]LogWorld: Bringing World /Game/ThirdPersonBP/Maps/UEDPIE_0_ThirdPersonExampleMap.ThirdPersonExampleMap up for play (max tick rate 0) at 2026.01.07-10.54.24
[2026.01.07-01.54.24:548][144]LogWorld: Bringing up level for play took: 0.000587
[2026.01.07-01.54.24:548][144]LogOnline: OSS: Creating online subsystem instance for: :Context_23
[2026.01.07-01.54.24:550][144]PIE: Server logged in
[2026.01.07-01.54.24:551][144]PIE: Play in editor total start time 0.081 seconds.
[2026.01.07-01.54.30:207][814]LogSlate: Updating window title bar state: overlay mode, drag disabled, window buttons hidden, title bar hidden
[2026.01.07-01.54.30:207][814]LogWorld: BeginTearingDown for /Game/ThirdPersonBP/Maps/UEDPIE_0_ThirdPersonExampleMap
[2026.01.07-01.54.30:208][814]LogWorld: UWorld::CleanupWorld for ThirdPersonExampleMap, bSessionEnded=true, bCleanupResources=true
[2026.01.07-01.54.30:208][814]LogSlate: InvalidateAllWidgets triggered.  All widgets were invalidated
[2026.01.07-01.54.30:213][814]LogPlayLevel: Display: Shutting down PIE online subsystems
[2026.01.07-01.54.30:219][814]LogSlate: InvalidateAllWidgets triggered.  All widgets were invalidated
[2026.01.07-01.54.30:233][814]LogSlate: Updating window title bar state: overlay mode, drag disabled, window buttons hidden, title bar hidden
[2026.01.07-01.54.30:234][814]LogAudioMixer: FMixerPlatformXAudio2::StopAudioStream() called
[2026.01.07-01.54.30:235][814]LogAudioMixer: FMixerPlatformXAudio2::StopAudioStream() called
[2026.01.07-01.54.30:239][814]LogUObjectHash: Compacting FUObjectHashTables data took   1.37ms
[2026.01.07-01.54.30:276][817]LogPlayLevel: Display: Destroying online subsystem :Context_23
[2026.01.07-01.55.02:785][ 47]LogAssetEditorSubsystem: Opening Asset editor for Blueprint /Game/AdvancedLocomotionV4/Blueprints/CharacterLogic/ALS_Base_CharacterBP.ALS_Base_CharacterBP
[2026.01.07-01.55.22:886][408]LogEditorTransaction: Undo Modify Component(s)
[2026.01.07-01.55.22:949][408]LogActorComponent: RegisterComponentWithWorld: (/Engine/Transient.World_1:PersistentLevel.AnimationEditorPreviewActor_0.DebugSkelMeshComponent_0) Already registered. Aborting.
[2026.01.07-01.55.23:308][428]LogEditorTransaction: Undo Modify Component(s)
[2026.01.07-01.55.23:348][428]LogActorComponent: RegisterComponentWithWorld: (/Engine/Transient.World_1:PersistentLevel.AnimationEditorPreviewActor_0.DebugSkelMeshComponent_0) Already registered. Aborting.
[2026.01.07-01.55.25:202][647]LogEditorTransaction: Undo Modify Component(s)
[2026.01.07-01.55.25:243][647]LogActorComponent: RegisterComponentWithWorld: (/Engine/Transient.World_1:PersistentLevel.AnimationEditorPreviewActor_0.DebugSkelMeshComponent_0) Already registered. Aborting.
[2026.01.07-01.55.29:403][142]LogWorld: UWorld::CleanupWorld for World_16, bSessionEnded=true, bCleanupResources=true
[2026.01.07-01.55.29:403][142]LogSlate: InvalidateAllWidgets triggered.  All widgets were invalidated
[2026.01.07-01.55.31:808][420]LogTemp: Repeating last play command: Selected Viewport
[2026.01.07-01.55.31:811][420]BlueprintLog: New page: Pre-Play auto-recompile
[2026.01.07-01.55.31:813][420]LogPlayLevel: [PlayLevel] Compiling ALS_Base_CharacterBP before play...
[2026.01.07-01.55.31:813][420]LogPlayLevel: [PlayLevel]   Compiling ALS_AnimMain_CharacterBP as a dependent...
[2026.01.07-01.55.31:850][420]LogUObjectHash: Compacting FUObjectHashTables data took   2.11ms
[2026.01.07-01.55.31:852][420]LogPlayLevel: PlayLevel: Blueprint regeneration took 40 ms (2 blueprints)
[2026.01.07-01.55.31:853][420]PIE: New page: PIE session: ThirdPersonExampleMap (Jan 7, 2026, 7:55:31 PM)
[2026.01.07-01.55.31:854][420]LogPlayLevel: Creating play world package: /Game/ThirdPersonBP/Maps/UEDPIE_0_ThirdPersonExampleMap
[2026.01.07-01.55.31:862][420]LogPlayLevel: PIE: StaticDuplicateObject took: (0.008312s)
[2026.01.07-01.55.31:863][420]LogAIModule: Creating AISystem for world ThirdPersonExampleMap
[2026.01.07-01.55.31:863][420]LogPlayLevel: PIE: World Init took: (0.000866s)
[2026.01.07-01.55.31:863][420]LogPlayLevel: PIE: Created PIE world by copying editor world from /Game/ThirdPersonBP/Maps/ThirdPersonExampleMap.ThirdPersonExampleMap to /Game/ThirdPersonBP/Maps/UEDPIE_0_ThirdPersonExampleMap.ThirdPersonExampleMap (0.009321s)
[2026.01.07-01.55.31:880][420]LogUObjectHash: Compacting FUObjectHashTables data took   1.46ms
[2026.01.07-01.55.31:882][420]LogAudio: Display: Creating Audio Device:                 Id: 10, Scope: Unique, Realtime: True
[2026.01.07-01.55.31:882][420]LogAudioMixer: Display: Audio Mixer Platform Settings:
[2026.01.07-01.55.31:882][420]LogAudioMixer: Display: 	Sample Rate:						  48000
[2026.01.07-01.55.31:882][420]LogAudioMixer: Display: 	Callback Buffer Frame Size Requested: 1024
[2026.01.07-01.55.31:882][420]LogAudioMixer: Display: 	Callback Buffer Frame Size To Use:	  1024
[2026.01.07-01.55.31:882][420]LogAudioMixer: Display: 	Number of buffers to queue:			  2
[2026.01.07-01.55.31:882][420]LogAudioMixer: Display: 	Max Channels (voices):				  32
[2026.01.07-01.55.31:882][420]LogAudioMixer: Display: 	Number of Async Source Workers:		  0
[2026.01.07-01.55.31:882][420]LogAudio: Display: AudioDevice MaxSources: 32
[2026.01.07-01.55.31:882][420]LogAudio: Display: Audio Spatialization Plugin: None (built-in).
[2026.01.07-01.55.31:882][420]LogAudio: Display: Audio Reverb Plugin: None (built-in).
[2026.01.07-01.55.31:882][420]LogAudio: Display: Audio Occlusion Plugin: None (built-in).
[2026.01.07-01.55.31:882][420]LogAudioMixer: Display: Initializing audio mixer.
[2026.01.07-01.55.31:884][420]LogAudioMixer: Display: 0: FrontLeft
[2026.01.07-01.55.31:885][420]LogAudioMixer: Display: 1: FrontRight
[2026.01.07-01.55.31:889][420]LogAudioMixer: Display: Using Audio Device Headphones (WF-1000XM4)
[2026.01.07-01.55.31:889][420]LogAudioMixer: Display: Initializing Sound Submixes...
[2026.01.07-01.55.31:889][420]LogAudioMixer: Display: Creating Master Submix 'MasterSubmixDefault'
[2026.01.07-01.55.31:889][420]LogAudioMixer: Display: Creating Master Submix 'MasterReverbSubmixDefault'
[2026.01.07-01.55.31:889][420]LogAudioMixer: Display: Creating Master Submix 'MasterEQSubmixDefault'
[2026.01.07-01.55.31:889][420]LogAudioMixer: FMixerPlatformXAudio2::StartAudioStream() called
[2026.01.07-01.55.31:889][420]LogAudioMixer: Display: Output buffers initialized: Frames=1024, Channels=2, Samples=2048
[2026.01.07-01.55.31:890][420]LogAudioMixer: Display: Starting AudioMixerPlatformInterface::RunInternal()
[2026.01.07-01.55.31:890][420]LogAudioMixer: Display: FMixerPlatformXAudio2::SubmitBuffer() called for the first time
[2026.01.07-01.55.31:890][420]LogInit: FAudioDevice initialized.
[2026.01.07-01.55.31:890][420]LogAudio: Display: Audio Device (ID: 10) registered with world 'ThirdPersonExampleMap'.
[2026.01.07-01.55.31:897][420]LogLoad: Game class is 'ALS_GameMode_C'
[2026.01.07-01.55.31:898][420]LogWorld: Bringing World /Game/ThirdPersonBP/Maps/UEDPIE_0_ThirdPersonExampleMap.ThirdPersonExampleMap up for play (max tick rate 0) at 2026.01.07-10.55.31
[2026.01.07-01.55.31:898][420]LogWorld: Bringing up level for play took: 0.000629
[2026.01.07-01.55.31:898][420]LogOnline: OSS: Creating online subsystem instance for: :Context_26
[2026.01.07-01.55.31:900][420]PIE: Server logged in
[2026.01.07-01.55.31:900][420]PIE: Play in editor total start time 0.089 seconds.
[2026.01.07-01.55.45:431][ 38]Cmd: LevelEditor.ToggleImmersive
[2026.01.07-01.55.45:511][ 39]LogRenderer: Reallocating scene render targets to support 1552x876 Format 10 NumSamples 1 (Frame:1620).
[2026.01.07-01.55.45:550][ 40]LogRenderer: Reallocating scene render targets to support 1896x1016 Format 10 NumSamples 1 (Frame:1622).
[2026.01.07-01.55.45:597][ 41]LogRenderer: Reallocating scene render targets to support 1920x1032 Format 10 NumSamples 1 (Frame:1624).
[2026.01.07-01.55.46:254][119]Cmd: LevelEditor.ToggleImmersive
[2026.01.07-01.55.46:774][167]Cmd: LevelEditor.ToggleImmersive
[2026.01.07-01.55.47:266][216]Cmd: LevelEditor.ToggleImmersive
[2026.01.07-01.55.48:015][294]Cmd: LevelEditor.ToggleImmersive
[2026.01.07-01.55.48:418][333]Cmd: LevelEditor.ToggleImmersive
[2026.01.07-01.55.48:876][376]Cmd: LevelEditor.ToggleImmersive
[2026.01.07-01.55.49:347][423]Cmd: LevelEditor.ToggleImmersive
[2026.01.07-01.55.49:746][459]Cmd: LevelEditor.ToggleImmersive
[2026.01.07-01.55.50:871][585]Cmd: LevelEditor.ToggleImmersive
[2026.01.07-01.55.57:868][409]LogEditorViewport: Clicking on Actor (LMB): ALS_AnimMain_CharacterBP_C (ALS_AnimMain_CharacterBP)
[2026.01.07-01.56.38:725][ 90]LogAssetEditorSubsystem: Opening Asset editor for Blueprint /Game/AdvancedLocomotionV4/Blueprints/CharacterLogic/ALS_AnimMain_CharacterBP.ALS_AnimMain_CharacterBP
[2026.01.07-01.56.39:879][202]LogWorld: UWorld::CleanupWorld for World_17, bSessionEnded=true, bCleanupResources=true
[2026.01.07-01.56.39:879][202]LogSlate: InvalidateAllWidgets triggered.  All widgets were invalidated
[2026.01.07-01.56.39:906][202]LogAssetEditorSubsystem: Opening Asset editor for Blueprint /Game/AdvancedLocomotionV4/Blueprints/CharacterLogic/ALS_AnimMain_CharacterBP.ALS_AnimMain_CharacterBP
[2026.01.07-01.56.46:069][581]LogSlate: Updating window title bar state: overlay mode, drag disabled, window buttons hidden, title bar hidden
[2026.01.07-01.56.46:069][581]LogWorld: BeginTearingDown for /Game/ThirdPersonBP/Maps/UEDPIE_0_ThirdPersonExampleMap
[2026.01.07-01.56.46:070][581]LogWorld: UWorld::CleanupWorld for ThirdPersonExampleMap, bSessionEnded=true, bCleanupResources=true
[2026.01.07-01.56.46:070][581]LogSlate: InvalidateAllWidgets triggered.  All widgets were invalidated
[2026.01.07-01.56.46:081][581]LogPlayLevel: Display: Shutting down PIE online subsystems
[2026.01.07-01.56.46:083][581]LogSlate: InvalidateAllWidgets triggered.  All widgets were invalidated
[2026.01.07-01.56.46:103][581]LogSlate: Updating window title bar state: overlay mode, drag disabled, window buttons hidden, title bar hidden
[2026.01.07-01.56.46:104][581]LogAudioMixer: FMixerPlatformXAudio2::StopAudioStream() called
[2026.01.07-01.56.46:105][581]LogAudioMixer: FMixerPlatformXAudio2::StopAudioStream() called
[2026.01.07-01.56.46:110][581]LogUObjectHash: Compacting FUObjectHashTables data took   1.53ms
[2026.01.07-01.56.46:135][582]LogPlayLevel: Display: Destroying online subsystem :Context_26
[2026.01.07-01.56.58:497][ 52]LogEditorTransaction: Undo Modify Component(s)
[2026.01.07-01.56.58:548][ 52]LogActorComponent: RegisterComponentWithWorld: (/Engine/Transient.World_1:PersistentLevel.AnimationEditorPreviewActor_0.DebugSkelMeshComponent_0) Already registered. Aborting.
[2026.01.07-01.57.15:511][ 39]LogSavePackage: Moving '../../../../../../UEProject/UnrealLearn/ALSV4/Saved/ALS_AnimMain_CharacterBPA1C0B7CB45DB14E70A77AC84CD85328C.tmp' to '../../../../../../UEProject/UnrealLearn/ALSV4/Content/AdvancedLocomotionV4/Blueprints/CharacterLogic/ALS_AnimMain_CharacterBP.uasset'
[2026.01.07-01.57.15:526][ 39]AssetCheck: New page: Asset Save: ALS_AnimMain_CharacterBP
[2026.01.07-01.57.15:528][ 39]LogContentValidation: Display: Validating Blueprint /Game/AdvancedLocomotionV4/Blueprints/CharacterLogic/ALS_AnimMain_CharacterBP.ALS_AnimMain_CharacterBP
[2026.01.07-01.57.15:997][ 95]BlueprintLog: New page: Compile ALS_AnimMain_CharacterBP
[2026.01.07-01.57.16:048][ 95]LogUObjectHash: Compacting FUObjectHashTables data took   1.60ms
[2026.01.07-01.57.17:228][226]LogTemp: Repeating last play command: Selected Viewport
[2026.01.07-01.57.17:232][226]LogPlayLevel: PlayLevel: No blueprints needed recompiling
[2026.01.07-01.57.17:232][226]PIE: New page: PIE session: ThirdPersonExampleMap (Jan 7, 2026, 7:57:17 PM)
[2026.01.07-01.57.17:232][226]LogPlayLevel: Creating play world package: /Game/ThirdPersonBP/Maps/UEDPIE_0_ThirdPersonExampleMap
[2026.01.07-01.57.17:239][226]LogPlayLevel: PIE: StaticDuplicateObject took: (0.006846s)
[2026.01.07-01.57.17:239][226]LogAIModule: Creating AISystem for world ThirdPersonExampleMap
[2026.01.07-01.57.17:239][226]LogPlayLevel: PIE: World Init took: (0.000704s)
[2026.01.07-01.57.17:239][226]LogPlayLevel: PIE: Created PIE world by copying editor world from /Game/ThirdPersonBP/Maps/ThirdPersonExampleMap.ThirdPersonExampleMap to /Game/ThirdPersonBP/Maps/UEDPIE_0_ThirdPersonExampleMap.ThirdPersonExampleMap (0.007644s)
[2026.01.07-01.57.17:256][226]LogUObjectHash: Compacting FUObjectHashTables data took   1.82ms
[2026.01.07-01.57.17:257][226]LogAudio: Display: Creating Audio Device:                 Id: 11, Scope: Unique, Realtime: True
[2026.01.07-01.57.17:257][226]LogAudioMixer: Display: Audio Mixer Platform Settings:
[2026.01.07-01.57.17:257][226]LogAudioMixer: Display: 	Sample Rate:						  48000
[2026.01.07-01.57.17:257][226]LogAudioMixer: Display: 	Callback Buffer Frame Size Requested: 1024
[2026.01.07-01.57.17:257][226]LogAudioMixer: Display: 	Callback Buffer Frame Size To Use:	  1024
[2026.01.07-01.57.17:257][226]LogAudioMixer: Display: 	Number of buffers to queue:			  2
[2026.01.07-01.57.17:257][226]LogAudioMixer: Display: 	Max Channels (voices):				  32
[2026.01.07-01.57.17:257][226]LogAudioMixer: Display: 	Number of Async Source Workers:		  0
[2026.01.07-01.57.17:257][226]LogAudio: Display: AudioDevice MaxSources: 32
[2026.01.07-01.57.17:257][226]LogAudio: Display: Audio Spatialization Plugin: None (built-in).
[2026.01.07-01.57.17:257][226]LogAudio: Display: Audio Reverb Plugin: None (built-in).
[2026.01.07-01.57.17:257][226]LogAudio: Display: Audio Occlusion Plugin: None (built-in).
[2026.01.07-01.57.17:257][226]LogAudioMixer: Display: Initializing audio mixer.
[2026.01.07-01.57.17:260][226]LogAudioMixer: Display: 0: FrontLeft
[2026.01.07-01.57.17:260][226]LogAudioMixer: Display: 1: FrontRight
[2026.01.07-01.57.17:264][226]LogAudioMixer: Display: Using Audio Device Headphones (WF-1000XM4)
[2026.01.07-01.57.17:264][226]LogAudioMixer: Display: Initializing Sound Submixes...
[2026.01.07-01.57.17:264][226]LogAudioMixer: Display: Creating Master Submix 'MasterSubmixDefault'
[2026.01.07-01.57.17:264][226]LogAudioMixer: Display: Creating Master Submix 'MasterReverbSubmixDefault'
[2026.01.07-01.57.17:265][226]LogAudioMixer: Display: Creating Master Submix 'MasterEQSubmixDefault'
[2026.01.07-01.57.17:265][226]LogAudioMixer: FMixerPlatformXAudio2::StartAudioStream() called
[2026.01.07-01.57.17:265][226]LogAudioMixer: Display: Output buffers initialized: Frames=1024, Channels=2, Samples=2048
[2026.01.07-01.57.17:265][226]LogAudioMixer: Display: Starting AudioMixerPlatformInterface::RunInternal()
[2026.01.07-01.57.17:265][226]LogAudioMixer: Display: FMixerPlatformXAudio2::SubmitBuffer() called for the first time
[2026.01.07-01.57.17:265][226]LogInit: FAudioDevice initialized.
[2026.01.07-01.57.17:265][226]LogAudio: Display: Audio Device (ID: 11) registered with world 'ThirdPersonExampleMap'.
[2026.01.07-01.57.17:273][226]LogLoad: Game class is 'ALS_GameMode_C'
[2026.01.07-01.57.17:274][226]LogWorld: Bringing World /Game/ThirdPersonBP/Maps/UEDPIE_0_ThirdPersonExampleMap.ThirdPersonExampleMap up for play (max tick rate 0) at 2026.01.07-10.57.17
[2026.01.07-01.57.17:274][226]LogWorld: Bringing up level for play took: 0.000562
[2026.01.07-01.57.17:274][226]LogOnline: OSS: Creating online subsystem instance for: :Context_30
[2026.01.07-01.57.17:276][226]PIE: Server logged in
[2026.01.07-01.57.17:276][226]PIE: Play in editor total start time 0.046 seconds.
[2026.01.07-01.57.25:860][250]LogSlate: Updating window title bar state: overlay mode, drag disabled, window buttons hidden, title bar hidden
[2026.01.07-01.57.25:860][250]LogWorld: BeginTearingDown for /Game/ThirdPersonBP/Maps/UEDPIE_0_ThirdPersonExampleMap
[2026.01.07-01.57.25:860][250]LogWorld: UWorld::CleanupWorld for ThirdPersonExampleMap, bSessionEnded=true, bCleanupResources=true
[2026.01.07-01.57.25:860][250]LogSlate: InvalidateAllWidgets triggered.  All widgets were invalidated
[2026.01.07-01.57.25:864][250]LogPlayLevel: Display: Shutting down PIE online subsystems
[2026.01.07-01.57.25:866][250]LogSlate: InvalidateAllWidgets triggered.  All widgets were invalidated
[2026.01.07-01.57.25:886][250]LogAudio: Display: Audio Device unregistered from world 'None'.
[2026.01.07-01.57.25:886][250]LogAudioMixer: FMixerPlatformXAudio2::StopAudioStream() called
[2026.01.07-01.57.25:887][250]LogAudioMixer: FMixerPlatformXAudio2::StopAudioStream() called
[2026.01.07-01.57.25:888][250]LogSlate: Updating window title bar state: overlay mode, drag disabled, window buttons hidden, title bar hidden
[2026.01.07-01.57.25:890][250]LogUObjectHash: Compacting FUObjectHashTables data took   1.44ms
[2026.01.07-01.57.25:926][252]LogPlayLevel: Display: Destroying online subsystem :Context_30
[2026.01.07-01.57.50:052][633]LogAssetEditorSubsystem: Opening Asset editor for AnimSequence /Game/AdvancedLocomotionV4/CharacterAssets/MannequinSkeleton/AnimationExamples/Base/Locomotion/ALS_N_Walk_F.ALS_N_Walk_F
[2026.01.07-01.57.50:054][633]LogActorComponent: RegisterComponentWithWorld: (/Engine/Transient.World_20:PersistentLevel.AnimationEditorPreviewActor_0.DebugSkelMeshComponent_0) Already registered. Aborting.
[2026.01.07-01.57.50:505][633]LogContentBrowser: Verbose: The majority of assets in the view are of type: AnimSequence
[2026.01.07-01.57.52:274][793]LogSlate: Window 'ALS_N_Walk_F' being destroyed
[2026.01.07-01.57.52:318][793]LogWorld: UWorld::CleanupWorld for World_20, bSessionEnded=true, bCleanupResources=true
[2026.01.07-01.57.52:318][793]LogSlate: InvalidateAllWidgets triggered.  All widgets were invalidated
[2026.01.07-01.57.52:359][793]LogWorld: UWorld::CleanupWorld for World_22, bSessionEnded=true, bCleanupResources=true
[2026.01.07-01.57.52:359][793]LogSlate: InvalidateAllWidgets triggered.  All widgets were invalidated
[2026.01.07-01.57.52:405][793]LogWorld: UWorld::CleanupWorld for World_21, bSessionEnded=true, bCleanupResources=true
[2026.01.07-01.57.52:406][793]LogSlate: InvalidateAllWidgets triggered.  All widgets were invalidated
[2026.01.07-01.58.22:415][729]LogSavePackage: Moving '../../../../../../UEProject/UnrealLearn/ALSV4/Saved/ALS_AnimBP18A9A75B4A5CB532F5D902826C32CF2D.tmp' to '../../../../../../UEProject/UnrealLearn/ALSV4/Content/AdvancedLocomotionV4/Blueprints/CharacterLogic/ALS_AnimBP.uasset'
[2026.01.07-01.58.22:428][729]AssetCheck: New page: Asset Save: ALS_AnimBP
[2026.01.07-01.58.22:428][729]LogContentValidation: Display: Validating AnimBlueprint /Game/AdvancedLocomotionV4/Blueprints/CharacterLogic/ALS_AnimBP.ALS_AnimBP
[2026.01.07-01.58.23:118][804]LogSavePackage: Moving '../../../../../../UEProject/UnrealLearn/ALSV4/Saved/ALS_AnimBPCDB673E249A1C7A7CBAF178F8E8EB8E9.tmp' to '../../../../../../UEProject/UnrealLearn/ALSV4/Content/AdvancedLocomotionV4/Blueprints/CharacterLogic/ALS_AnimBP.uasset'
[2026.01.07-01.58.23:128][804]AssetCheck: New page: Asset Save: ALS_AnimBP
[2026.01.07-01.58.23:128][804]LogContentValidation: Display: Validating AnimBlueprint /Game/AdvancedLocomotionV4/Blueprints/CharacterLogic/ALS_AnimBP.ALS_AnimBP
[2026.01.07-01.58.24:487][958]LogSavePackage: Moving '../../../../../../UEProject/UnrealLearn/ALSV4/Saved/ALS_AnimBP532DA9944755CFD5D676C38333366905.tmp' to '../../../../../../UEProject/UnrealLearn/ALSV4/Content/AdvancedLocomotionV4/Blueprints/CharacterLogic/ALS_AnimBP.uasset'
[2026.01.07-01.58.24:499][958]AssetCheck: New page: Asset Save: ALS_AnimBP
[2026.01.07-01.58.24:499][958]LogContentValidation: Display: Validating AnimBlueprint /Game/AdvancedLocomotionV4/Blueprints/CharacterLogic/ALS_AnimBP.ALS_AnimBP
[2026.01.07-01.58.24:979][ 15]BlueprintLog: New page: Compile ALS_AnimBP
[2026.01.07-01.58.25:052][ 15]LogUObjectHash: Compacting FUObjectHashTables data took   2.91ms
[2026.01.07-01.58.26:198][147]LogTemp: Repeating last play command: Selected Viewport
[2026.01.07-01.58.26:202][147]LogPlayLevel: PlayLevel: No blueprints needed recompiling
[2026.01.07-01.58.26:202][147]PIE: New page: PIE session: ThirdPersonExampleMap (Jan 7, 2026, 7:58:26 PM)
[2026.01.07-01.58.26:239][147]LogPlayLevel: Creating play world package: /Game/ThirdPersonBP/Maps/UEDPIE_0_ThirdPersonExampleMap
[2026.01.07-01.58.26:246][147]LogPlayLevel: PIE: StaticDuplicateObject took: (0.007452s)
[2026.01.07-01.58.26:246][147]LogAIModule: Creating AISystem for world ThirdPersonExampleMap
[2026.01.07-01.58.26:246][147]LogPlayLevel: PIE: World Init took: (0.000836s)
[2026.01.07-01.58.26:246][147]LogPlayLevel: PIE: Created PIE world by copying editor world from /Game/ThirdPersonBP/Maps/ThirdPersonExampleMap.ThirdPersonExampleMap to /Game/ThirdPersonBP/Maps/UEDPIE_0_ThirdPersonExampleMap.ThirdPersonExampleMap (0.008436s)
[2026.01.07-01.58.26:276][147]LogUObjectHash: Compacting FUObjectHashTables data took   2.43ms
[2026.01.07-01.58.26:277][147]LogAudio: Display: Creating Audio Device:                 Id: 12, Scope: Unique, Realtime: True
[2026.01.07-01.58.26:278][147]LogAudioMixer: Display: Audio Mixer Platform Settings:
[2026.01.07-01.58.26:278][147]LogAudioMixer: Display: 	Sample Rate:						  48000
[2026.01.07-01.58.26:278][147]LogAudioMixer: Display: 	Callback Buffer Frame Size Requested: 1024
[2026.01.07-01.58.26:278][147]LogAudioMixer: Display: 	Callback Buffer Frame Size To Use:	  1024
[2026.01.07-01.58.26:278][147]LogAudioMixer: Display: 	Number of buffers to queue:			  2
[2026.01.07-01.58.26:278][147]LogAudioMixer: Display: 	Max Channels (voices):				  32
[2026.01.07-01.58.26:278][147]LogAudioMixer: Display: 	Number of Async Source Workers:		  0
[2026.01.07-01.58.26:278][147]LogAudio: Display: AudioDevice MaxSources: 32
[2026.01.07-01.58.26:278][147]LogAudio: Display: Audio Spatialization Plugin: None (built-in).
[2026.01.07-01.58.26:278][147]LogAudio: Display: Audio Reverb Plugin: None (built-in).
[2026.01.07-01.58.26:278][147]LogAudio: Display: Audio Occlusion Plugin: None (built-in).
[2026.01.07-01.58.26:278][147]LogAudioMixer: Display: Initializing audio mixer.
[2026.01.07-01.58.26:280][147]LogAudioMixer: Display: 0: FrontLeft
[2026.01.07-01.58.26:280][147]LogAudioMixer: Display: 1: FrontRight
[2026.01.07-01.58.26:284][147]LogAudioMixer: Display: Using Audio Device Headphones (WF-1000XM4)
[2026.01.07-01.58.26:284][147]LogAudioMixer: Display: Initializing Sound Submixes...
[2026.01.07-01.58.26:284][147]LogAudioMixer: Display: Creating Master Submix 'MasterSubmixDefault'
[2026.01.07-01.58.26:284][147]LogAudioMixer: Display: Creating Master Submix 'MasterReverbSubmixDefault'
[2026.01.07-01.58.26:284][147]LogAudioMixer: Display: Creating Master Submix 'MasterEQSubmixDefault'
[2026.01.07-01.58.26:284][147]LogAudioMixer: FMixerPlatformXAudio2::StartAudioStream() called
[2026.01.07-01.58.26:284][147]LogAudioMixer: Display: Output buffers initialized: Frames=1024, Channels=2, Samples=2048
[2026.01.07-01.58.26:285][147]LogAudioMixer: Display: Starting AudioMixerPlatformInterface::RunInternal()
[2026.01.07-01.58.26:285][147]LogAudioMixer: Display: FMixerPlatformXAudio2::SubmitBuffer() called for the first time
[2026.01.07-01.58.26:285][147]LogInit: FAudioDevice initialized.
[2026.01.07-01.58.26:285][147]LogAudio: Display: Audio Device (ID: 12) registered with world 'ThirdPersonExampleMap'.
[2026.01.07-01.58.26:290][147]LogLoad: Game class is 'ALS_GameMode_C'
[2026.01.07-01.58.26:291][147]LogWorld: Bringing World /Game/ThirdPersonBP/Maps/UEDPIE_0_ThirdPersonExampleMap.ThirdPersonExampleMap up for play (max tick rate 0) at 2026.01.07-10.58.26
[2026.01.07-01.58.26:291][147]LogWorld: Bringing up level for play took: 0.000586
[2026.01.07-01.58.26:291][147]LogOnline: OSS: Creating online subsystem instance for: :Context_34
[2026.01.07-01.58.26:293][147]PIE: Server logged in
[2026.01.07-01.58.26:294][147]PIE: Play in editor total start time 0.093 seconds.
[2026.01.07-01.58.34:458][121]LogSlate: Updating window title bar state: overlay mode, drag disabled, window buttons hidden, title bar hidden
[2026.01.07-01.58.34:458][121]LogWorld: BeginTearingDown for /Game/ThirdPersonBP/Maps/UEDPIE_0_ThirdPersonExampleMap
[2026.01.07-01.58.34:459][121]LogWorld: UWorld::CleanupWorld for ThirdPersonExampleMap, bSessionEnded=true, bCleanupResources=true
[2026.01.07-01.58.34:459][121]LogSlate: InvalidateAllWidgets triggered.  All widgets were invalidated
[2026.01.07-01.58.34:469][121]LogPlayLevel: Display: Shutting down PIE online subsystems
[2026.01.07-01.58.34:472][121]LogSlate: InvalidateAllWidgets triggered.  All widgets were invalidated
[2026.01.07-01.58.34:494][121]LogAudio: Display: Audio Device unregistered from world 'None'.
[2026.01.07-01.58.34:494][121]LogAudioMixer: FMixerPlatformXAudio2::StopAudioStream() called
[2026.01.07-01.58.34:495][121]LogAudioMixer: FMixerPlatformXAudio2::StopAudioStream() called
[2026.01.07-01.58.34:496][121]LogSlate: Updating window title bar state: overlay mode, drag disabled, window buttons hidden, title bar hidden
[2026.01.07-01.58.34:500][121]LogUObjectHash: Compacting FUObjectHashTables data took   2.00ms
[2026.01.07-01.58.34:534][123]LogPlayLevel: Display: Destroying online subsystem :Context_34
[2026.01.07-02.00.27:851][815]LogAssetEditorSubsystem: Opening Asset editor for AnimSequence /Game/AdvancedLocomotionV4/CharacterAssets/MannequinSkeleton/AnimationExamples/Base/Locomotion/ALS_N_Walk_F.ALS_N_Walk_F
[2026.01.07-02.00.27:853][815]LogActorComponent: RegisterComponentWithWorld: (/Engine/Transient.World_23:PersistentLevel.AnimationEditorPreviewActor_0.DebugSkelMeshComponent_0) Already registered. Aborting.
[2026.01.07-02.00.28:062][815]LogContentBrowser: Verbose: The majority of assets in the view are of type: AnimSequence
[2026.01.07-02.00.36:180][574]LogSlate: Window 'ALS_N_Walk_F' being destroyed
[2026.01.07-02.00.36:219][574]LogWorld: UWorld::CleanupWorld for World_23, bSessionEnded=true, bCleanupResources=true
[2026.01.07-02.00.36:219][574]LogSlate: InvalidateAllWidgets triggered.  All widgets were invalidated
[2026.01.07-02.00.36:269][574]LogWorld: UWorld::CleanupWorld for World_25, bSessionEnded=true, bCleanupResources=true
[2026.01.07-02.00.36:269][574]LogSlate: InvalidateAllWidgets triggered.  All widgets were invalidated
[2026.01.07-02.00.36:313][574]LogWorld: UWorld::CleanupWorld for World_24, bSessionEnded=true, bCleanupResources=true
[2026.01.07-02.00.36:313][574]LogSlate: InvalidateAllWidgets triggered.  All widgets were invalidated
[2026.01.07-02.04.14:159][351]LogAudioMixer: Warning: Changing default audio render device to new device: {0.0.0.00000000}.{77824054-850c-4d16-9c55-f0b3a534b379}.
[2026.01.07-02.04.14:159][351]LogAudioMixer: Resetting audio stream to device id 
[2026.01.07-02.04.14:169][351]LogAudioMixer: Display: 0: FrontLeft
[2026.01.07-02.04.14:169][351]LogAudioMixer: Display: 1: FrontRight
[2026.01.07-02.05.47:657][630]LogUObjectHash: Compacting FUObjectHashTables data took   2.47ms
[2026.01.07-02.05.47:661][630]LogFileHelpers: Editor autosave (incl. external actors) for '/Game/ThirdPersonBP/Maps/ThirdPersonExampleMap' took 0.035
[2026.01.07-02.05.47:661][630]OBJ SavePackage: Generating thumbnails for [2] asset(s) in package [/Game/AdvancedLocomotionV4/Blueprints/CharacterLogic/ALS_Base_CharacterBP] ([2] browsable assets)...
[2026.01.07-02.05.47:673][630]OBJ SavePackage:     Rendered thumbnail for [BlueprintGeneratedClass /Game/AdvancedLocomotionV4/Blueprints/CharacterLogic/ALS_Base_CharacterBP.ALS_Base_CharacterBP_C]
[2026.01.07-02.05.47:678][630]OBJ SavePackage:     Rendered thumbnail for [Blueprint /Game/AdvancedLocomotionV4/Blueprints/CharacterLogic/ALS_Base_CharacterBP.ALS_Base_CharacterBP]
[2026.01.07-02.05.47:678][630]OBJ SavePackage: Finished generating thumbnails for package [/Game/AdvancedLocomotionV4/Blueprints/CharacterLogic/ALS_Base_CharacterBP]
[2026.01.07-02.05.47:697][630]LogSavePackage: Moving '../../../../../../UEProject/UnrealLearn/ALSV4/Saved/ALS_Base_CharacterBP_Auto5141203F54C33768A557B0CB98A8503DB.tmp' to '../../../../../../UEProject/UnrealLearn/ALSV4/Saved/Autosaves/Game/AdvancedLocomotionV4/Blueprints/CharacterLogic/ALS_Base_CharacterBP_Auto5.uasset'
[2026.01.07-02.05.47:698][630]LogFileHelpers: Auto-saving content packages took 0.037
[2026.01.07-02.21.34:396][771]LogSavePackage: Moving '../../../../../../UEProject/UnrealLearn/ALSV4/Saved/ALS_AnimBPE2D5130D4111457DF035B894D427852E.tmp' to '../../../../../../UEProject/UnrealLearn/ALSV4/Content/AdvancedLocomotionV4/Blueprints/CharacterLogic/ALS_AnimBP.uasset'
[2026.01.07-02.21.34:414][771]AssetCheck: New page: Asset Save: ALS_AnimBP
[2026.01.07-02.21.34:414][771]LogContentValidation: Display: Validating AnimBlueprint /Game/AdvancedLocomotionV4/Blueprints/CharacterLogic/ALS_AnimBP.ALS_AnimBP
[2026.01.07-02.21.34:525][783]LogWorld: UWorld::CleanupWorld for World_1, bSessionEnded=true, bCleanupResources=true
[2026.01.07-02.21.34:525][783]LogSlate: InvalidateAllWidgets triggered.  All widgets were invalidated
[2026.01.07-02.21.34:531][783]LogWorld: UWorld::CleanupWorld for World_0, bSessionEnded=true, bCleanupResources=true
[2026.01.07-02.21.34:532][783]LogSlate: InvalidateAllWidgets triggered.  All widgets were invalidated
[2026.01.07-02.21.34:618][783]LogWorld: UWorld::CleanupWorld for World_2, bSessionEnded=true, bCleanupResources=true
[2026.01.07-02.21.34:618][783]LogSlate: InvalidateAllWidgets triggered.  All widgets were invalidated
[2026.01.07-02.21.35:069][833]LogWorld: UWorld::CleanupWorld for World_18, bSessionEnded=true, bCleanupResources=true
[2026.01.07-02.21.35:069][833]LogSlate: InvalidateAllWidgets triggered.  All widgets were invalidated
[2026.01.07-02.21.35:718][896]LogUObjectHash: Compacting FUObjectHashTables data took   2.34ms
[2026.01.07-02.21.35:731][896]LogSavePackage: Moving '../../../../../../UEProject/UnrealLearn/ALSV4/Saved/ThirdPersonExampleMap5D3B797541AAAB30217215978664EDC5.tmp' to '../../../../../../UEProject/UnrealLearn/ALSV4/Content/ThirdPersonBP/Maps/ThirdPersonExampleMap.umap'
[2026.01.07-02.21.35:763][896]LogSavePackage: Moving '../../../../../../UEProject/UnrealLearn/ALSV4/Saved/ThirdPersonExampleMap_BuiltDataAA20FB424DFC0EAE4DF5759506A5AD9A.tmp' to '../../../../../../UEProject/UnrealLearn/ALSV4/Content/ThirdPersonBP/Maps/ThirdPersonExampleMap_BuiltData.uasset'
[2026.01.07-02.21.35:778][896]AssetCheck: New page: Asset Save: multiple assets
[2026.01.07-02.21.35:778][896]LogContentValidation: Display: Validating MapBuildDataRegistry /Game/ThirdPersonBP/Maps/ThirdPersonExampleMap_BuiltData.ThirdPersonExampleMap_BuiltData
[2026.01.07-02.21.35:778][896]LogContentValidation: Display: Validating World /Game/ThirdPersonBP/Maps/ThirdPersonExampleMap.ThirdPersonExampleMap
[2026.01.07-02.21.36:122][931]LogUObjectHash: Compacting FUObjectHashTables data took   2.60ms
[2026.01.07-02.21.37:534][931]LogSlate: Window 'Save Content' being destroyed
[2026.01.07-02.21.37:563][931]LogSavePackage: Moving '../../../../../../UEProject/UnrealLearn/ALSV4/Saved/ALS_Base_CharacterBPE7BABD354C424E3EB7C205A17111AC36.tmp' to '../../../../../../UEProject/UnrealLearn/ALSV4/Content/AdvancedLocomotionV4/Blueprints/CharacterLogic/ALS_Base_CharacterBP.uasset'
[2026.01.07-02.21.37:601][931]LogSlate: Window 'ALSV4 - Unreal Editor' being destroyed
[2026.01.07-02.21.37:700][931]AssetCheck: New page: Asset Save: ALS_Base_CharacterBP
[2026.01.07-02.21.37:700][931]LogContentValidation: Display: Validating Blueprint /Game/AdvancedLocomotionV4/Blueprints/CharacterLogic/ALS_Base_CharacterBP.ALS_Base_CharacterBP
[2026.01.07-02.21.37:712][932]Cmd: QUIT_EDITOR
[2026.01.07-02.21.37:712][932]LogCore: Engine exit requested (reason: UUnrealEdEngine::CloseEditor())
[2026.01.07-02.21.37:717][932]LogCore: Engine exit requested (reason: EngineExit() was called; note: exit was already requested)
[2026.01.07-02.21.37:786][932]LogAudio: Display: Beginning Audio Device Manager Shutdown (Module: AudioMixerXAudio2)...
[2026.01.07-02.21.37:786][932]LogAudio: Display: Destroying 1 Remaining Audio Device(s)...
[2026.01.07-02.21.37:786][932]LogAudio: Display: Audio Device unregistered from world 'ThirdPersonExampleMap'.
[2026.01.07-02.21.37:786][932]LogAudioMixer: FMixerPlatformXAudio2::StopAudioStream() called
[2026.01.07-02.21.37:786][932]LogAudioMixer: FMixerPlatformXAudio2::StopAudioStream() called
[2026.01.07-02.21.37:799][932]LogAudio: Display: Audio Device Manager Shutdown
[2026.01.07-02.21.37:803][932]LogWindowsTextInputMethodSystem: Display: IME system activated using TSF (搜狗拼音输入法).
[2026.01.07-02.21.37:807][932]LogExit: Preparing to exit.
[2026.01.07-02.21.38:599][932]LogUObjectHash: Compacting FUObjectHashTables data took   1.11ms
[2026.01.07-02.21.38:714][932]LogWorld: UWorld::CleanupWorld for World_19, bSessionEnded=true, bCleanupResources=true
[2026.01.07-02.21.38:715][932]LogWorld: UWorld::CleanupWorld for World_26, bSessionEnded=true, bCleanupResources=true
[2026.01.07-02.21.38:716][932]LogWorld: UWorld::CleanupWorld for World_7, bSessionEnded=true, bCleanupResources=true
[2026.01.07-02.21.38:717][932]LogWorld: UWorld::CleanupWorld for World_15, bSessionEnded=true, bCleanupResources=true
[2026.01.07-02.21.38:718][932]LogWorld: UWorld::CleanupWorld for World_9, bSessionEnded=true, bCleanupResources=true
[2026.01.07-02.21.38:719][932]LogWorld: UWorld::CleanupWorld for World_14, bSessionEnded=true, bCleanupResources=true
[2026.01.07-02.21.38:719][932]LogWorld: UWorld::CleanupWorld for World_5, bSessionEnded=true, bCleanupResources=true
[2026.01.07-02.21.38:720][932]LogWorld: UWorld::CleanupWorld for World_13, bSessionEnded=true, bCleanupResources=true
[2026.01.07-02.21.38:721][932]LogWorld: UWorld::CleanupWorld for World_3, bSessionEnded=true, bCleanupResources=true
[2026.01.07-02.21.38:722][932]LogWorld: UWorld::CleanupWorld for World_4, bSessionEnded=true, bCleanupResources=true
[2026.01.07-02.21.38:722][932]LogWorld: UWorld::CleanupWorld for World_6, bSessionEnded=true, bCleanupResources=true
[2026.01.07-02.21.38:771][932]LogDemo: Cleaned up 0 splitscreen connections with owner deletion
[2026.01.07-02.21.38:790][932]LogWorld: UWorld::CleanupWorld for None, bSessionEnded=true, bCleanupResources=true
[2026.01.07-02.21.38:790][932]LogExit: Editor shut down
[2026.01.07-02.21.38:792][932]LogExit: Transaction tracking system shut down
[2026.01.07-02.21.39:018][932]LogExit: Object subsystem successfully closed.
[2026.01.07-02.21.39:045][932]LogShaderCompilers: Display: === FShaderJobCache stats ===
[2026.01.07-02.21.39:045][932]LogShaderCompilers: Display: Total job queries 0, among them cache hits 0 (0.00%)
[2026.01.07-02.21.39:045][932]LogShaderCompilers: Display: Tracking 0 distinct input hashes that result in 0 distinct outputs (0.00%)
[2026.01.07-02.21.39:045][932]LogShaderCompilers: Display: RAM used: 0.00 MB (0.00 GB) of 716.80 MB (0.70 GB) budget. Usage: 0.00%
[2026.01.07-02.21.39:045][932]LogShaderCompilers: Display: ================================================
[2026.01.07-02.21.39:067][932]LogShaderCompilers: Display: Shaders left to compile 0
[2026.01.07-02.21.39:119][932]LogModuleManager: Shutting down and abandoning module SequencerWidgets (900)
[2026.01.07-02.21.39:120][932]LogModuleManager: Shutting down and abandoning module MovieSceneCapture (898)
[2026.01.07-02.21.39:120][932]LogModuleManager: Shutting down and abandoning module Voice (896)
[2026.01.07-02.21.39:120][932]LogModuleManager: Shutting down and abandoning module AnimationEditor (894)
[2026.01.07-02.21.39:120][932]LogModuleManager: Shutting down and abandoning module BlueprintGraph (892)
[2026.01.07-02.21.39:120][932]LogModuleManager: Shutting down and abandoning module PinnedCommandList (890)
[2026.01.07-02.21.39:120][932]LogModuleManager: Shutting down and abandoning module SkeletonEditor (888)
[2026.01.07-02.21.39:120][932]LogModuleManager: Shutting down and abandoning module HierarchicalLODOutliner (886)
[2026.01.07-02.21.39:120][932]LogModuleManager: Shutting down and abandoning module SceneOutliner (884)
[2026.01.07-02.21.39:120][932]LogModuleManager: Shutting down and abandoning module AddContentDialog (882)
[2026.01.07-02.21.39:122][932]LogModuleManager: Shutting down and abandoning module WidgetCarousel (881)
[2026.01.07-02.21.39:122][932]LogModuleManager: Shutting down and abandoning module EditorWidgets (878)
[2026.01.07-02.21.39:122][932]LogModuleManager: Shutting down and abandoning module StatsViewer (876)
[2026.01.07-02.21.39:123][932]LogModuleManager: Shutting down and abandoning module PIEPreviewDeviceProfileSelector (874)
[2026.01.07-02.21.39:123][932]LogModuleManager: Shutting down and abandoning module SequenceRecorderSections (872)
[2026.01.07-02.21.39:123][932]LogModuleManager: Shutting down and abandoning module AutomationWorker (870)
[2026.01.07-02.21.39:123][932]LogModuleManager: Shutting down and abandoning module SteamVREditor (868)
[2026.01.07-02.21.39:123][932]LogModuleManager: Shutting down and abandoning module OculusMR (866)
[2026.01.07-02.21.39:123][932]LogModuleManager: Shutting down and abandoning module RiderLC (864)
[2026.01.07-02.21.39:124][932]LogModuleManager: Shutting down and abandoning module RiderShaderInfo (862)
[2026.01.07-02.21.39:124][932]LogModuleManager: Shutting down and abandoning module OpenXRInput (860)
[2026.01.07-02.21.39:124][932]LogModuleManager: Shutting down and abandoning module TakeRecorderSources (858)
[2026.01.07-02.21.39:126][932]LogModuleManager: Shutting down and abandoning module TakeRecorder (857)
[2026.01.07-02.21.39:127][932]LogModuleManager: Shutting down and abandoning module TakeTrackRecorders (854)
[2026.01.07-02.21.39:127][932]LogModuleManager: Shutting down and abandoning module TakesCore (852)
[2026.01.07-02.21.39:127][932]LogModuleManager: Shutting down and abandoning module GooglePADEditor (850)
[2026.01.07-02.21.39:127][932]LogModuleManager: Shutting down and abandoning module AudioCaptureEditor (848)
[2026.01.07-02.21.39:127][932]LogModuleManager: Shutting down and abandoning module TemplateSequenceEditor (846)
[2026.01.07-02.21.39:129][932]LogModuleManager: Shutting down and abandoning module MatineeToLevelSequence (844)
[2026.01.07-02.21.39:129][932]LogModuleManager: Shutting down and abandoning module ActorSequenceEditor (842)
[2026.01.07-02.21.39:129][932]LogModuleManager: Shutting down and abandoning module LevelSequenceEditor (840)
[2026.01.07-02.21.39:130][932]LogModuleManager: Shutting down and abandoning module WmfMediaFactory (838)
[2026.01.07-02.21.39:130][932]LogModuleManager: Shutting down and abandoning module WmfMediaEditor (836)
[2026.01.07-02.21.39:130][932]LogModuleManager: Shutting down and abandoning module MediaPlayerEditor (834)
[2026.01.07-02.21.39:131][932]LogModuleManager: Shutting down and abandoning module WebMMediaFactory (832)
[2026.01.07-02.21.39:131][932]LogModuleManager: Shutting down and abandoning module WebMMediaEditor (830)
[2026.01.07-02.21.39:131][932]LogModuleManager: Shutting down and abandoning module WebMMedia (828)
[2026.01.07-02.21.39:131][932]LogModuleManager: Shutting down and abandoning module MediaCompositingEditor (826)
[2026.01.07-02.21.39:132][932]LogModuleManager: Shutting down and abandoning module SequenceRecorder (825)
[2026.01.07-02.21.39:132][932]LogModuleManager: Shutting down and abandoning module OpenExrWrapper (822)
[2026.01.07-02.21.39:132][932]LogModuleManager: Shutting down and abandoning module ImgMediaFactory (820)
[2026.01.07-02.21.39:132][932]LogModuleManager: Shutting down and abandoning module ImgMediaEditor (818)
[2026.01.07-02.21.39:132][932]LogModuleManager: Shutting down and abandoning module AndroidMediaFactory (816)
[2026.01.07-02.21.39:132][932]LogModuleManager: Shutting down and abandoning module AndroidMediaEditor (814)
[2026.01.07-02.21.39:132][932]LogModuleManager: Shutting down and abandoning module AvfMediaFactory (812)
[2026.01.07-02.21.39:132][932]LogModuleManager: Shutting down and abandoning module AvfMediaEditor (810)
[2026.01.07-02.21.39:132][932]LogModuleManager: Shutting down and abandoning module MagicLeapMediaCodecFactory (808)
[2026.01.07-02.21.39:132][932]LogModuleManager: Shutting down and abandoning module MagicLeapMediaFactory (806)
[2026.01.07-02.21.39:132][932]LogModuleManager: Shutting down and abandoning module MagicLeapMediaEditor (804)
[2026.01.07-02.21.39:132][932]LogModuleManager: Shutting down and abandoning module PlanarCut (802)
[2026.01.07-02.21.39:132][932]LogModuleManager: Shutting down and abandoning module CharacterAI (800)
[2026.01.07-02.21.39:132][932]LogModuleManager: Shutting down and abandoning module TextureAlignMode (798)
[2026.01.07-02.21.39:132][932]LogModuleManager: Shutting down and abandoning module BspMode (796)
[2026.01.07-02.21.39:133][932]LogModuleManager: Shutting down and abandoning module GeometryMode (794)
[2026.01.07-02.21.39:133][932]LogModuleManager: Shutting down and abandoning module CameraShakePreviewer (792)
[2026.01.07-02.21.39:133][932]LogModuleManager: Shutting down and abandoning module SmartSnapping (790)
[2026.01.07-02.21.39:133][932]LogModuleManager: Shutting down and abandoning module SessionServices (788)
[2026.01.07-02.21.39:133][932]LogModuleManager: Shutting down and abandoning module MeshPaint (786)
[2026.01.07-02.21.39:134][932]LogModuleManager: Shutting down and abandoning module VirtualTexturingEditor (784)
[2026.01.07-02.21.39:134][932]LogModuleManager: Shutting down and abandoning module FoliageEdit (782)
[2026.01.07-02.21.39:134][932]LogModuleManager: Shutting down and abandoning module LandscapeEditor (780)
[2026.01.07-02.21.39:135][932]LogModuleManager: Shutting down and abandoning module MeshPaintMode (778)
[2026.01.07-02.21.39:135][932]LogModuleManager: Shutting down and abandoning module SceneDepthPickerMode (776)
[2026.01.07-02.21.39:135][932]LogModuleManager: Shutting down and abandoning module ActorPickerMode (774)
[2026.01.07-02.21.39:135][932]LogModuleManager: Shutting down and abandoning module PlacementMode (772)
[2026.01.07-02.21.39:135][932]LogModuleManager: Shutting down and abandoning module ViewportSnapping (770)
[2026.01.07-02.21.39:135][932]LogModuleManager: Shutting down and abandoning module ViewportInteraction (768)
[2026.01.07-02.21.39:135][932]LogModuleManager: Shutting down and abandoning module ClothPainter (766)
[2026.01.07-02.21.39:136][932]LogModuleManager: Shutting down and abandoning module SkeletalMeshEditor (765)
[2026.01.07-02.21.39:136][932]LogModuleManager: Shutting down and abandoning module LogVisualizer (762)
[2026.01.07-02.21.39:137][932]LogModuleManager: Shutting down and abandoning module IntroTutorials (760)
[2026.01.07-02.21.39:137][932]LogModuleManager: Shutting down and abandoning module GameProjectGeneration (759)
[2026.01.07-02.21.39:137][932]LogModuleManager: Shutting down and abandoning module LuminPlatformEditor (756)
[2026.01.07-02.21.39:138][932]LogModuleManager: Shutting down and abandoning module IOSPlatformEditor (754)
[2026.01.07-02.21.39:138][932]LogModuleManager: Shutting down and abandoning module AndroidPlatformEditor (752)
[2026.01.07-02.21.39:138][932]LogModuleManager: Shutting down and abandoning module AndroidDeviceDetection (751)
[2026.01.07-02.21.40:151][932]LogModuleManager: Shutting down and abandoning module WindowsPlatformEditor (748)
[2026.01.07-02.21.40:151][932]LogModuleManager: Shutting down and abandoning module LuminRuntimeSettings (746)
[2026.01.07-02.21.40:151][932]LogModuleManager: Shutting down and abandoning module IOSRuntimeSettings (744)
[2026.01.07-02.21.40:151][932]LogModuleManager: Shutting down and abandoning module AndroidRuntimeSettings (742)
[2026.01.07-02.21.40:151][932]LogModuleManager: Shutting down and abandoning module TraceInsights (740)
[2026.01.07-02.21.40:156][932]MemoryProfiler: Shutdown
[2026.01.07-02.21.40:156][932]NetworkingProfiler: Shutdown
[2026.01.07-02.21.40:156][932]LoadingProfiler: Shutdown
[2026.01.07-02.21.40:157][932]TimingProfiler: Shutdown
[2026.01.07-02.21.40:158][932]LogModuleManager: Shutting down and abandoning module TraceServices (739)
[2026.01.07-02.21.40:160][932]LogModuleManager: Shutting down and abandoning module EditorInteractiveToolsFramework (736)
[2026.01.07-02.21.40:160][932]LogModuleManager: Shutting down and abandoning module TimeManagementEditor (734)
[2026.01.07-02.21.40:160][932]LogModuleManager: Shutting down and abandoning module InputBindingEditor (732)
[2026.01.07-02.21.40:161][932]LogModuleManager: Shutting down and abandoning module MergeActors (730)
[2026.01.07-02.21.40:161][932]LogModuleManager: Shutting down and abandoning module LocalizationDashboard (728)
[2026.01.07-02.21.40:162][932]LogModuleManager: Shutting down and abandoning module LocalizationService (727)
[2026.01.07-02.21.40:163][932]LogModuleManager: Shutting down and abandoning module HardwareTargeting (724)
[2026.01.07-02.21.40:163][932]LogModuleManager: Shutting down and abandoning module DeviceProfileEditor (722)
[2026.01.07-02.21.40:163][932]LogModuleManager: Shutting down and abandoning module UndoHistory (720)
[2026.01.07-02.21.40:163][932]LogModuleManager: Shutting down and abandoning module XmlParser (718)
[2026.01.07-02.21.40:164][932]LogModuleManager: Shutting down and abandoning module Blutility (716)
[2026.01.07-02.21.40:164][932]LogModuleManager: Shutting down and abandoning module ProjectSettingsViewer (714)
[2026.01.07-02.21.40:164][932]LogModuleManager: Shutting down and abandoning module ProjectTargetPlatformEditor (713)
[2026.01.07-02.21.40:164][932]LogModuleManager: Shutting down and abandoning module EditorSettingsViewer (710)
[2026.01.07-02.21.40:164][932]LogModuleManager: Shutting down and abandoning module InternationalizationSettings (709)
[2026.01.07-02.21.40:164][932]LogModuleManager: Shutting down and abandoning module SettingsEditor (706)
[2026.01.07-02.21.40:165][932]LogModuleManager: Shutting down and abandoning module ProjectLauncher (704)
[2026.01.07-02.21.40:165][932]LogModuleManager: Shutting down and abandoning module SessionFrontend (702)
[2026.01.07-02.21.40:165][932]LogModuleManager: Shutting down and abandoning module ProfilerClient (700)
[2026.01.07-02.21.40:165][932]LogModuleManager: Shutting down and abandoning module DeviceManager (698)
[2026.01.07-02.21.40:167][932]LogModuleManager: Shutting down and abandoning module TargetDeviceServices (697)
[2026.01.07-02.21.40:199][932]LogModuleManager: Shutting down and abandoning module AutomationController (694)
[2026.01.07-02.21.40:199][932]LogModuleManager: Shutting down and abandoning module AutomationWindow (692)
[2026.01.07-02.21.40:200][932]LogModuleManager: Shutting down and abandoning module Layers (690)
[2026.01.07-02.21.40:201][932]LogModuleManager: Shutting down and abandoning module ComponentVisualizers (688)
[2026.01.07-02.21.40:201][932]LogModuleManager: Shutting down and abandoning module DetailCustomizations (686)
[2026.01.07-02.21.40:201][932]LogModuleManager: Shutting down and abandoning module PackagesDialog (684)
[2026.01.07-02.21.40:201][932]LogModuleManager: Shutting down and abandoning module AnimationBlueprintEditor (682)
[2026.01.07-02.21.40:202][932]LogModuleManager: Shutting down and abandoning module Persona (680)
[2026.01.07-02.21.40:202][932]LogModuleManager: Shutting down and abandoning module AdvancedPreviewScene (679)
[2026.01.07-02.21.40:202][932]LogModuleManager: Shutting down and abandoning module AnimGraph (677)
[2026.01.07-02.21.40:202][932]LogModuleManager: Shutting down and abandoning module Kismet (674)
[2026.01.07-02.21.40:208][932]LogModuleManager: Shutting down and abandoning module KismetWidgets (673)
[2026.01.07-02.21.40:208][932]LogModuleManager: Shutting down and abandoning module GraphEditor (670)
[2026.01.07-02.21.40:208][932]LogModuleManager: Shutting down and abandoning module StructViewer (668)
[2026.01.07-02.21.40:208][932]LogModuleManager: Shutting down and abandoning module ClassViewer (666)
[2026.01.07-02.21.40:208][932]LogModuleManager: Shutting down and abandoning module Toolbox (664)
[2026.01.07-02.21.40:209][932]LogModuleManager: Shutting down and abandoning module ModuleUI (662)
[2026.01.07-02.21.40:209][932]LogModuleManager: Shutting down and abandoning module OutputLog (660)
[2026.01.07-02.21.40:210][932]LogModuleManager: Shutting down and abandoning module GammaUI (658)
[2026.01.07-02.21.40:210][932]LogModuleManager: Shutting down and abandoning module Documentation (656)
[2026.01.07-02.21.40:210][932]LogModuleManager: Shutting down and abandoning module LiveCoding (654)
[2026.01.07-02.21.40:211][932]LogModuleManager: Shutting down and abandoning module LevelSequence (652)
[2026.01.07-02.21.40:211][932]LogModuleManager: Shutting down and abandoning module MovieSceneTracks (650)
[2026.01.07-02.21.40:211][932]LogModuleManager: Shutting down and abandoning module MovieScene (648)
[2026.01.07-02.21.40:212][932]LogModuleManager: Shutting down and abandoning module StreamingPauseRendering (646)
[2026.01.07-02.21.40:212][932]LogModuleManager: Shutting down and abandoning module LauncherPlatform (644)
[2026.01.07-02.21.40:212][932]LogModuleManager: Shutting down and abandoning module AnalyticsET (642)
[2026.01.07-02.21.40:212][932]LogModuleManager: Shutting down and abandoning module PortalServices (640)
[2026.01.07-02.21.40:212][932]LogModuleManager: Shutting down and abandoning module PortalRpc (638)
[2026.01.07-02.21.40:212][932]LogModuleManager: Shutting down and abandoning module MessagingRpc (636)
[2026.01.07-02.21.40:212][932]LogModuleManager: Shutting down and abandoning module AudioMixerXAudio2 (634)
[2026.01.07-02.21.40:212][932]LogModuleManager: Shutting down and abandoning module AudioMixerCore (633)
[2026.01.07-02.21.40:212][932]LogModuleManager: Shutting down and abandoning module AIModule (630)
[2026.01.07-02.21.40:213][932]LogModuleManager: Shutting down and abandoning module GameplayDebugger (629)
[2026.01.07-02.21.40:213][932]LogModuleManager: Shutting down and abandoning module AITestSuite (627)
[2026.01.07-02.21.40:213][932]LogModuleManager: Shutting down and abandoning module NavigationSystem (625)
[2026.01.07-02.21.40:213][932]LogModuleManager: Shutting down and abandoning module ImageWriteQueue (622)
[2026.01.07-02.21.40:221][932]LogModuleManager: Shutting down and abandoning module ProfilerService (620)
[2026.01.07-02.21.40:233][932]LogModuleManager: Shutting down and abandoning module TaskGraph (618)
[2026.01.07-02.21.40:234][932]LogModuleManager: Shutting down and abandoning module AudioSynesthesiaEditor (616)
[2026.01.07-02.21.40:234][932]LogModuleManager: Shutting down and abandoning module OculusEditor (614)
[2026.01.07-02.21.40:235][932]LogModuleManager: Shutting down and abandoning module OculusInput (612)
[2026.01.07-02.21.40:235][932]LogModuleManager: Shutting down and abandoning module RiderGameControl (610)
[2026.01.07-02.21.40:236][932]LogModuleManager: Shutting down and abandoning module RiderBlueprint (608)
[2026.01.07-02.21.40:236][932]LogModuleManager: Shutting down and abandoning module ContentBrowserFileDataSource (606)
[2026.01.07-02.21.40:236][932]LogModuleManager: Shutting down and abandoning module ContentBrowserClassDataSource (604)
[2026.01.07-02.21.40:236][932]LogModuleManager: Shutting down and abandoning module ContentBrowserAssetDataSource (602)
[2026.01.07-02.21.40:236][932]LogModuleManager: Shutting down and abandoning module CollectionManager (601)
[2026.01.07-02.21.40:236][932]LogModuleManager: Shutting down and abandoning module LightPropagationVolumeEditor (598)
[2026.01.07-02.21.40:236][932]LogModuleManager: Shutting down and abandoning module ScreenshotTools (596)
[2026.01.07-02.21.40:236][932]LogModuleManager: Shutting down and abandoning module SynthesisEditor (594)
[2026.01.07-02.21.40:236][932]LogModuleManager: Shutting down and abandoning module Synthesis (592)
[2026.01.07-02.21.40:237][932]LogModuleManager: Shutting down and abandoning module ProceduralMeshComponentEditor (590)
[2026.01.07-02.21.40:237][932]LogModuleManager: Shutting down and abandoning module ProceduralMeshComponent (588)
[2026.01.07-02.21.40:237][932]LogModuleManager: Shutting down and abandoning module OpenXREditor (586)
[2026.01.07-02.21.40:237][932]LogModuleManager: Shutting down and abandoning module MobilePatchingUtils (584)
[2026.01.07-02.21.40:237][932]LogModuleManager: Shutting down and abandoning module TakeSequencer (582)
[2026.01.07-02.21.40:237][932]LogModuleManager: Shutting down and abandoning module TakeMovieScene (580)
[2026.01.07-02.21.40:237][932]LogModuleManager: Shutting down and abandoning module GooglePAD (578)
[2026.01.07-02.21.40:237][932]LogModuleManager: Shutting down and abandoning module EditableMesh (576)
[2026.01.07-02.21.40:238][932]LogModuleManager: Shutting down and abandoning module AndroidPermission (574)
[2026.01.07-02.21.40:238][932]LogModuleManager: Shutting down and abandoning module CustomMeshComponent (572)
[2026.01.07-02.21.40:238][932]LogModuleManager: Shutting down and abandoning module CableComponent (570)
[2026.01.07-02.21.40:238][932]LogModuleManager: Shutting down and abandoning module AudioCapture (568)
[2026.01.07-02.21.40:238][932]LogModuleManager: Shutting down and abandoning module AudioCaptureRtAudio (567)
[2026.01.07-02.21.40:238][932]LogModuleManager: Shutting down and abandoning module AssetTags (564)
[2026.01.07-02.21.40:238][932]LogModuleManager: Shutting down and abandoning module ArchVisCharacter (562)
[2026.01.07-02.21.40:238][932]LogModuleManager: Shutting down and abandoning module AppleImageUtilsBlueprintSupport (560)
[2026.01.07-02.21.40:238][932]LogModuleManager: Shutting down and abandoning module AppleImageUtils (558)
[2026.01.07-02.21.40:238][932]LogModuleManager: Shutting down and abandoning module ActorLayerUtilitiesEditor (556)
[2026.01.07-02.21.40:238][932]LogModuleManager: Shutting down and abandoning module ActorLayerUtilities (554)
[2026.01.07-02.21.40:238][932]LogModuleManager: Shutting down and abandoning module TemplateSequence (552)
[2026.01.07-02.21.40:238][932]LogModuleManager: Shutting down and abandoning module VariantManagerContentEditor (550)
[2026.01.07-02.21.40:238][932]LogModuleManager: Shutting down and abandoning module DatasmithContentEditor (548)
[2026.01.07-02.21.40:238][932]LogModuleManager: Shutting down and abandoning module MediaCompositing (546)
[2026.01.07-02.21.40:238][932]LogModuleManager: Shutting down and abandoning module ImgMedia (544)
[2026.01.07-02.21.40:238][932]LogModuleManager: Shutting down and abandoning module MagicLeapSharedWorld (542)
[2026.01.07-02.21.40:238][932]LogModuleManager: Shutting down and abandoning module MagicLeapLightEstimation (540)
[2026.01.07-02.21.40:238][932]LogModuleManager: Shutting down and abandoning module MagicLeapHelperVulkan (538)
[2026.01.07-02.21.40:238][932]LogModuleManager: Shutting down and abandoning module MagicLeapHelperOpenGL (536)
[2026.01.07-02.21.40:238][932]LogModuleManager: Shutting down and abandoning module MagicLeapAudio (534)
[2026.01.07-02.21.40:238][932]LogModuleManager: Shutting down and abandoning module OpenImageDenoise (532)
[2026.01.07-02.21.40:238][932]LogOpenImageDenoise: OIDN shutting down
[2026.01.07-02.21.40:238][932]LogModuleManager: Shutting down and abandoning module MotoSynthEditor (530)
[2026.01.07-02.21.40:238][932]LogModuleManager: Shutting down and abandoning module MotoSynth (528)
[2026.01.07-02.21.40:238][932]LogModuleManager: Shutting down and abandoning module MeshConversion (526)
[2026.01.07-02.21.40:239][932]LogModuleManager: Shutting down and abandoning module DynamicMesh (524)
[2026.01.07-02.21.40:239][932]LogModuleManager: Shutting down and abandoning module GeometryAlgorithms (522)
[2026.01.07-02.21.40:239][932]LogModuleManager: Shutting down and abandoning module GeometricObjects (520)
[2026.01.07-02.21.40:239][932]LogModuleManager: Shutting down and abandoning module CLionSourceCodeAccess (518)
[2026.01.07-02.21.40:239][932]LogModuleManager: Shutting down and abandoning module GeometryCacheTracks (516)
[2026.01.07-02.21.40:239][932]LogModuleManager: Shutting down and abandoning module GeometryCacheStreamer (514)
[2026.01.07-02.21.40:240][932]LogModuleManager: Shutting down and abandoning module GeometryCacheSequencer (512)
[2026.01.07-02.21.40:240][932]LogModuleManager: Shutting down and abandoning module GeometryCollectionTracks (510)
[2026.01.07-02.21.40:240][932]LogModuleManager: Shutting down and abandoning module GeometryCollectionSequencer (509)
[2026.01.07-02.21.40:240][932]LogModuleManager: Shutting down and abandoning module GeometryCollectionEditor (506)
[2026.01.07-02.21.40:240][932]LogModuleManager: Shutting down and abandoning module VisualStudioSourceCodeAccess (504)
[2026.01.07-02.21.40:240][932]LogModuleManager: Shutting down and abandoning module ChaosSolverEditor (502)
[2026.01.07-02.21.40:240][932]LogModuleManager: Shutting down and abandoning module VisualStudioCodeSourceCodeAccess (500)
[2026.01.07-02.21.40:240][932]LogModuleManager: Shutting down and abandoning module ChaosClothEditor (498)
[2026.01.07-02.21.40:240][932]LogModuleManager: Shutting down and abandoning module ChaosNiagara (496)
[2026.01.07-02.21.40:240][932]LogModuleManager: Shutting down and abandoning module FractureEditor (494)
[2026.01.07-02.21.40:240][932]LogModuleManager: Shutting down and abandoning module FieldSystemEngine (493)
[2026.01.07-02.21.40:240][932]LogModuleManager: Shutting down and abandoning module UObjectPlugin (490)
[2026.01.07-02.21.40:240][932]LogModuleManager: Shutting down and abandoning module PerforceSourceControl (488)
[2026.01.07-02.21.40:241][932]LogModuleManager: Shutting down and abandoning module RiderSourceCodeAccess (486)
[2026.01.07-02.21.40:242][932]LogModuleManager: Shutting down and abandoning module BackChannel (484)
[2026.01.07-02.21.40:242][932]LogModuleManager: Shutting down and abandoning module AutomationUtilsEditor (482)
[2026.01.07-02.21.40:242][932]LogModuleManager: Shutting down and abandoning module AutomationUtils (480)
[2026.01.07-02.21.40:242][932]LogModuleManager: Shutting down and abandoning module SubversionSourceControl (478)
[2026.01.07-02.21.40:242][932]LogModuleManager: Shutting down and abandoning module PluginUtils (476)
[2026.01.07-02.21.40:242][932]LogModuleManager: Shutting down and abandoning module PlasticSourceControl (474)
[2026.01.07-02.21.40:243][932]LogModuleManager: Shutting down and abandoning module AlembicImporter (472)
[2026.01.07-02.21.40:243][932]LogModuleManager: Shutting down and abandoning module AlembicLibrary (471)
[2026.01.07-02.21.40:243][932]LogModuleManager: Shutting down and abandoning module GeometryCache (470)
[2026.01.07-02.21.40:243][932]LogModuleManager: Shutting down and abandoning module GeometryCacheEd (469)
[2026.01.07-02.21.40:243][932]LogModuleManager: Shutting down and abandoning module AnimationSharingEd (464)
[2026.01.07-02.21.40:243][932]LogModuleManager: Shutting down and abandoning module GitSourceControl (462)
[2026.01.07-02.21.40:244][932]LogModuleManager: Shutting down and abandoning module SourceControl (461)
[2026.01.07-02.21.40:244][932]LogModuleManager: Shutting down and abandoning module OodleNetworkHandlerComponent (458)
[2026.01.07-02.21.40:244][932]LogModuleManager: Shutting down and abandoning module NiagaraEditorWidgets (456)
[2026.01.07-02.21.40:245][932]LogModuleManager: Shutting down and abandoning module CurveEditorTools (454)
[2026.01.07-02.21.40:246][932]LogModuleManager: Shutting down and abandoning module SpeedTreeImporter (452)
[2026.01.07-02.21.40:246][932]LogModuleManager: Shutting down and abandoning module PluginBrowser (450)
[2026.01.07-02.21.40:247][932]LogModuleManager: Shutting down and abandoning module MobileLauncherProfileWizard (448)
[2026.01.07-02.21.40:247][932]LogModuleManager: Shutting down and abandoning module MaterialAnalyzer (446)
[2026.01.07-02.21.40:247][932]LogModuleManager: Shutting down and abandoning module CryptoKeysOpenSSL (444)
[2026.01.07-02.21.40:247][932]LogModuleManager: Shutting down and abandoning module CryptoKeys (442)
[2026.01.07-02.21.40:247][932]LogModuleManager: Shutting down and abandoning module LiveLinkSequencer (440)
[2026.01.07-02.21.40:247][932]LogModuleManager: Shutting down and abandoning module LiveLinkMovieScene (438)
[2026.01.07-02.21.40:247][932]LogModuleManager: Shutting down and abandoning module LiveLinkGraphNode (436)
[2026.01.07-02.21.40:247][932]LogModuleManager: Shutting down and abandoning module LiveLinkEditor (434)
[2026.01.07-02.21.40:249][932]LogModuleManager: Shutting down and abandoning module LiveLinkComponents (432)
[2026.01.07-02.21.40:249][932]LogModuleManager: Shutting down and abandoning module LiveLink (430)
[2026.01.07-02.21.41:024][932]LogModuleManager: Shutting down and abandoning module PaperTiledImporter (428)
[2026.01.07-02.21.41:024][932]LogModuleManager: Shutting down and abandoning module PaperSpriteSheetImporter (426)
[2026.01.07-02.21.41:024][932]LogModuleManager: Shutting down and abandoning module Paper2DEditor (424)
[2026.01.07-02.21.41:025][932]LogModuleManager: Shutting down and abandoning module MeshPaintingToolset (422)
[2026.01.07-02.21.41:026][932]LogModuleManager: Shutting down and abandoning module MeshPaintEditorMode (420)
[2026.01.07-02.21.41:026][932]LogModuleManager: Shutting down and abandoning module RiderDebuggerSupport (418)
[2026.01.07-02.21.41:026][932]LogModuleManager: Shutting down and abandoning module RiderLogging (416)
[2026.01.07-02.21.41:028][932]LogModuleManager: Shutting down and abandoning module RiderLink (414)
[2026.01.07-02.21.41:035][932]LogModuleManager: Shutting down and abandoning module RD (412)
[2026.01.07-02.21.41:035][932]LogModuleManager: Shutting down and abandoning module LightPropagationVolumeRuntime (410)
[2026.01.07-02.21.41:035][932]LogModuleManager: Shutting down and abandoning module SignificanceManager (408)
[2026.01.07-02.21.41:035][932]LogModuleManager: Shutting down and abandoning module SoundFields (406)
[2026.01.07-02.21.41:035][932]LogModuleManager: Shutting down and abandoning module PhysXVehiclesEditor (404)
[2026.01.07-02.21.41:035][932]LogModuleManager: Shutting down and abandoning module RuntimePhysXCooking (400)
[2026.01.07-02.21.41:035][932]LogModuleManager: Shutting down and abandoning module PropertyAccessEditor (398)
[2026.01.07-02.21.41:035][932]LogModuleManager: Shutting down and abandoning module LocationServicesBPLibrary (396)
[2026.01.07-02.21.41:035][932]LogModuleManager: Shutting down and abandoning module AudioSynesthesia (394)
[2026.01.07-02.21.41:036][932]LogModuleManager: Shutting down and abandoning module AudioSynesthesiaCore (392)
[2026.01.07-02.21.41:036][932]LogModuleManager: Shutting down and abandoning module ActorSequence (390)
[2026.01.07-02.21.41:036][932]LogModuleManager: Shutting down and abandoning module UdpMessaging (388)
[2026.01.07-02.21.41:138][932]LogModuleManager: Shutting down and abandoning module TcpMessaging (386)
[2026.01.07-02.21.41:239][932]LogModuleManager: Shutting down and abandoning module ImgMediaEngine (384)
[2026.01.07-02.21.41:239][932]LogModuleManager: Shutting down and abandoning module PythonScriptPlugin (382)
[2026.01.07-02.21.41:239][932]LogModuleManager: Shutting down and abandoning module MagicLeapARPin (380)
[2026.01.07-02.21.41:239][932]LogModuleManager: Shutting down and abandoning module MagicLeapHandMeshing (378)
[2026.01.07-02.21.41:239][932]LogModuleManager: Shutting down and abandoning module MagicLeapSecureStorage (376)
[2026.01.07-02.21.41:239][932]LogModuleManager: Shutting down and abandoning module MagicLeapPrivileges (374)
[2026.01.07-02.21.41:239][932]LogModuleManager: Shutting down and abandoning module MagicLeapPlanes (372)
[2026.01.07-02.21.41:239][932]LogMagicLeapPlanes: Planes tracker already destroyed.
[2026.01.07-02.21.41:239][932]LogModuleManager: Shutting down and abandoning module MagicLeapImageTracker (370)
[2026.01.07-02.21.41:239][932]LogModuleManager: Shutting down and abandoning module MagicLeapIdentity (368)
[2026.01.07-02.21.41:239][932]LogModuleManager: Shutting down and abandoning module MagicLeapHandTracking (366)
[2026.01.07-02.21.41:240][932]LogModuleManager: Shutting down and abandoning module MagicLeapEyeTracker (364)
[2026.01.07-02.21.41:240][932]LogModuleManager: Shutting down and abandoning module MagicLeapController (362)
[2026.01.07-02.21.41:240][932]LogModuleManager: Shutting down and abandoning module MagicLeapARPinImpl (360)
[2026.01.07-02.21.41:240][932]LogModuleManager: Shutting down and abandoning module MagicLeapAR (358)
[2026.01.07-02.21.41:240][932]LogModuleManager: Shutting down and abandoning module PropertyAccessNode (356)
[2026.01.07-02.21.41:240][932]LogModuleManager: Shutting down and abandoning module AnimationSharing (354)
[2026.01.07-02.21.41:240][932]LogModuleManager: Shutting down and abandoning module NiagaraAnimNotifies (352)
[2026.01.07-02.21.41:240][932]LogModuleManager: Shutting down and abandoning module Niagara (350)
[2026.01.07-02.21.41:240][932]LogModuleManager: Shutting down and abandoning module SignalProcessing (349)
[2026.01.07-02.21.41:240][932]LogModuleManager: Shutting down and abandoning module NiagaraEditor (347)
[2026.01.07-02.21.41:241][932]LogModuleManager: Shutting down and abandoning module NiagaraCore (344)
[2026.01.07-02.21.41:241][932]LogModuleManager: Shutting down and abandoning module DataValidation (342)
[2026.01.07-02.21.41:241][932]LogModuleManager: Shutting down and abandoning module GameplayTagsEditor (340)
[2026.01.07-02.21.41:242][932]LogModuleManager: Shutting down and abandoning module FacialAnimationEditor (338)
[2026.01.07-02.21.41:242][932]LogModuleManager: Shutting down and abandoning module FacialAnimation (336)
[2026.01.07-02.21.41:242][932]LogModuleManager: Shutting down and abandoning module AssetManagerEditor (334)
[2026.01.07-02.21.41:242][932]LogModuleManager: Shutting down and abandoning module LevelEditor (333)
[2026.01.07-02.21.41:245][932]LogModuleManager: Shutting down and abandoning module PixelInspectorModule (332)
[2026.01.07-02.21.41:245][932]LogModuleManager: Shutting down and abandoning module CommonMenuExtensions (330)
[2026.01.07-02.21.41:246][932]LogModuleManager: Shutting down and abandoning module MainFrame (328)
[2026.01.07-02.21.41:246][932]LogModuleManager: Shutting down and abandoning module HotReload (327)
[2026.01.07-02.21.41:247][932]LogModuleManager: Shutting down and abandoning module ToolMenus (323)
[2026.01.07-02.21.41:247][932]LogModuleManager: Shutting down and abandoning module ContentBrowser (321)
[2026.01.07-02.21.41:247][932]LogModuleManager: Shutting down and abandoning module ContentBrowserData (320)
[2026.01.07-02.21.41:247][932]LogModuleManager: Shutting down and abandoning module TreeMap (317)
[2026.01.07-02.21.41:247][932]LogModuleManager: Shutting down and abandoning module GameplayCameras (314)
[2026.01.07-02.21.41:247][932]LogModuleManager: Shutting down and abandoning module Paper2D (312)
[2026.01.07-02.21.41:248][932]LogModuleManager: Shutting down and abandoning module EnvironmentQueryEditor (310)
[2026.01.07-02.21.41:248][932]LogModuleManager: Shutting down and abandoning module WindowsMoviePlayer (308)
[2026.01.07-02.21.41:252][932]LogModuleManager: Shutting down and abandoning module WebMMoviePlayer (306)
[2026.01.07-02.21.41:253][932]LogModuleManager: Shutting down and abandoning module NetworkReplayStreaming (304)
[2026.01.07-02.21.41:253][932]LogModuleManager: Shutting down and abandoning module PacketHandler (302)
[2026.01.07-02.21.41:253][932]LogModuleManager: Shutting down and abandoning module ClothingSystemEditor (300)
[2026.01.07-02.21.41:253][932]LogModuleManager: Shutting down and abandoning module ClothingSystemRuntimeNv (298)
[2026.01.07-02.21.41:253][932]LogModuleManager: Shutting down and abandoning module MediaAssets (296)
[2026.01.07-02.21.41:253][932]LogModuleManager: Shutting down and abandoning module Overlay (294)
[2026.01.07-02.21.41:253][932]LogModuleManager: Shutting down and abandoning module OverlayEditor (293)
[2026.01.07-02.21.41:253][932]LogModuleManager: Shutting down and abandoning module VREditor (290)
[2026.01.07-02.21.41:254][932]LogModuleManager: Shutting down and abandoning module StringTableEditor (288)
[2026.01.07-02.21.41:254][932]LogModuleManager: Shutting down and abandoning module GameplayTasksEditor (286)
[2026.01.07-02.21.41:254][932]LogModuleManager: Shutting down and abandoning module BehaviorTreeEditor (284)
[2026.01.07-02.21.41:255][932]LogModuleManager: Shutting down and abandoning module FunctionalTesting (282)
[2026.01.07-02.21.41:255][932]LogModuleManager: Shutting down and abandoning module CollisionAnalyzer (280)
[2026.01.07-02.21.41:255][932]LogModuleManager: Shutting down and abandoning module WorkspaceMenuStructure (279)
[2026.01.07-02.21.41:256][932]LogModuleManager: Shutting down and abandoning module UMG (276)
[2026.01.07-02.21.41:256][932]LogModuleManager: Shutting down and abandoning module UMGEditor (275)
[2026.01.07-02.21.41:258][932]LogModuleManager: Shutting down and abandoning module MessageLog (273)
[2026.01.07-02.21.41:258][932]LogModuleManager: Shutting down and abandoning module SlateReflector (268)
[2026.01.07-02.21.41:259][932]LogModuleManager: Shutting down and abandoning module Slate (266)
[2026.01.07-02.21.41:259][932]LogModuleManager: Shutting down and abandoning module SlateCore (264)
[2026.01.07-02.21.41:259][932]LogModuleManager: Shutting down and abandoning module LandscapeEditorUtilities (262)
[2026.01.07-02.21.41:259][932]LogModuleManager: Shutting down and abandoning module UnrealEd (260)
[2026.01.07-02.21.41:259][932]LogModuleManager: Shutting down and abandoning module MRMesh (258)
[2026.01.07-02.21.41:259][932]LogModuleManager: Shutting down and abandoning module SourceCodeAccess (256)
[2026.01.07-02.21.41:259][932]LogModuleManager: Shutting down and abandoning module HeadMountedDisplay (254)
[2026.01.07-02.21.41:259][932]LogModuleManager: Shutting down and abandoning module XAudio2 (252)
[2026.01.07-02.21.41:260][932]LogModuleManager: Shutting down and abandoning module Networking (250)
[2026.01.07-02.21.41:260][932]LogModuleManager: Shutting down and abandoning module Core (248)
[2026.01.07-02.21.41:260][932]LogModuleManager: Shutting down and abandoning module MaterialEditor (246)
[2026.01.07-02.21.41:260][932]LogModuleManager: Shutting down and abandoning module MovieSceneTools (244)
[2026.01.07-02.21.41:261][932]LogModuleManager: Shutting down and abandoning module CurveEditor (243)
[2026.01.07-02.21.41:261][932]LogModuleManager: Shutting down and abandoning module Sequencer (241)
[2026.01.07-02.21.41:262][932]LogModuleManager: Shutting down and abandoning module EditorStyle (240)
[2026.01.07-02.21.41:265][932]LogModuleManager: Shutting down and abandoning module KismetCompiler (236)
[2026.01.07-02.21.41:265][932]LogModuleManager: Shutting down and abandoning module MeshBuilder (234)
[2026.01.07-02.21.41:265][932]LogModuleManager: Shutting down and abandoning module MeshUtilities (232)
[2026.01.07-02.21.41:266][932]LogModuleManager: Shutting down and abandoning module MeshMergeUtilities (231)
[2026.01.07-02.21.41:266][932]LogModuleManager: Shutting down and abandoning module MeshReductionInterface (230)
[2026.01.07-02.21.41:266][932]LogModuleManager: Shutting down and abandoning module MeshBoneReduction (229)
[2026.01.07-02.21.41:266][932]LogModuleManager: Shutting down and abandoning module ProxyLODMeshReduction (227)
[2026.01.07-02.21.41:267][932]LogModuleManager: Shutting down and abandoning module SkeletalMeshReduction (225)
[2026.01.07-02.21.41:268][932]LogModuleManager: Shutting down and abandoning module QuadricMeshReduction (223)
[2026.01.07-02.21.41:268][932]LogModuleManager: Shutting down and abandoning module MaterialBaking (219)
[2026.01.07-02.21.41:268][932]LogModuleManager: Shutting down and abandoning module NullInstallBundleManager (214)
[2026.01.07-02.21.41:268][932]LogModuleManager: Shutting down and abandoning module DerivedDataCache (212)
[2026.01.07-02.21.41:268][932]LogModuleManager: Shutting down and abandoning module TargetPlatform (210)
[2026.01.07-02.21.41:269][932]LogModuleManager: Shutting down and abandoning module VulkanShaderFormat (209)
[2026.01.07-02.21.41:270][932]LogModuleManager: Shutting down and abandoning module ShaderFormatVectorVM (207)
[2026.01.07-02.21.41:270][932]LogModuleManager: Shutting down and abandoning module ShaderFormatOpenGL (205)
[2026.01.07-02.21.41:270][932]LogModuleManager: Shutting down and abandoning module ShaderFormatD3D (203)
[2026.01.07-02.21.41:270][932]LogModuleManager: Shutting down and abandoning module MetalShaderFormat (201)
[2026.01.07-02.21.41:271][932]LogModuleManager: Shutting down and abandoning module TextureFormatOodle (199)
[2026.01.07-02.21.41:271][932]LogModuleManager: Shutting down and abandoning module TextureFormatUncompressed (197)
[2026.01.07-02.21.41:271][932]LogModuleManager: Shutting down and abandoning module TextureFormatPVR (195)
[2026.01.07-02.21.41:271][932]LogModuleManager: Shutting down and abandoning module TextureFormatETC2 (193)
[2026.01.07-02.21.41:271][932]LogModuleManager: Shutting down and abandoning module TextureFormatDXT (191)
[2026.01.07-02.21.41:271][932]LogModuleManager: Shutting down and abandoning module TextureFormatIntelISPCTexComp (189)
[2026.01.07-02.21.41:272][932]LogModuleManager: Shutting down and abandoning module TextureFormatASTC (187)
[2026.01.07-02.21.41:272][932]LogModuleManager: Shutting down and abandoning module ImageWrapper (186)
[2026.01.07-02.21.41:272][932]LogModuleManager: Shutting down and abandoning module AudioFormatOpus (183)
[2026.01.07-02.21.41:272][932]LogModuleManager: Shutting down and abandoning module AudioFormatOgg (181)
[2026.01.07-02.21.41:272][932]LogModuleManager: Shutting down and abandoning module AudioFormatADPCM (179)
[2026.01.07-02.21.41:272][932]LogModuleManager: Shutting down and abandoning module WindowsServerTargetPlatform (177)
[2026.01.07-02.21.41:272][932]LogModuleManager: Shutting down and abandoning module WindowsClientTargetPlatform (175)
[2026.01.07-02.21.41:272][932]LogModuleManager: Shutting down and abandoning module WindowsTargetPlatform (173)
[2026.01.07-02.21.41:272][932]LogModuleManager: Shutting down and abandoning module WindowsNoEditorTargetPlatform (171)
[2026.01.07-02.21.41:272][932]LogModuleManager: Shutting down and abandoning module TVOSTargetPlatform (169)
[2026.01.07-02.21.41:275][932]LogModuleManager: Shutting down and abandoning module MacServerTargetPlatform (167)
[2026.01.07-02.21.41:275][932]LogModuleManager: Shutting down and abandoning module MacClientTargetPlatform (165)
[2026.01.07-02.21.41:275][932]LogModuleManager: Shutting down and abandoning module MacTargetPlatform (163)
[2026.01.07-02.21.41:275][932]LogModuleManager: Shutting down and abandoning module MacNoEditorTargetPlatform (161)
[2026.01.07-02.21.41:275][932]LogModuleManager: Shutting down and abandoning module LuminTargetPlatform (159)
[2026.01.07-02.21.41:280][932]LogModuleManager: Shutting down and abandoning module LinuxAArch64ServerTargetPlatform (157)
[2026.01.07-02.21.41:280][932]LogModuleManager: Shutting down and abandoning module LinuxAArch64ClientTargetPlatform (155)
[2026.01.07-02.21.41:280][932]LogModuleManager: Shutting down and abandoning module LinuxAArch64NoEditorTargetPlatform (153)
[2026.01.07-02.21.41:280][932]LogModuleManager: Shutting down and abandoning module LinuxServerTargetPlatform (151)
[2026.01.07-02.21.41:280][932]LogModuleManager: Shutting down and abandoning module LinuxClientTargetPlatform (149)
[2026.01.07-02.21.41:280][932]LogModuleManager: Shutting down and abandoning module LinuxNoEditorTargetPlatform (147)
[2026.01.07-02.21.41:280][932]LogModuleManager: Shutting down and abandoning module LinuxTargetPlatform (145)
[2026.01.07-02.21.41:280][932]LogModuleManager: Shutting down and abandoning module Messaging (143)
[2026.01.07-02.21.41:280][932]LogModuleManager: Shutting down and abandoning module IOSTargetPlatform (141)
[2026.01.07-02.21.41:283][932]LogModuleManager: Shutting down and abandoning module AndroidTargetPlatform (139)
[2026.01.07-02.21.41:292][932]LogModuleManager: Shutting down and abandoning module AllDesktopTargetPlatform (137)
[2026.01.07-02.21.41:292][932]LogModuleManager: Shutting down and abandoning module D3D11RHI (134)
[2026.01.07-02.21.41:292][932]LogModuleManager: Shutting down and abandoning module InputCore (132)
[2026.01.07-02.21.41:292][932]LogModuleManager: Shutting down and abandoning module Settings (130)
[2026.01.07-02.21.41:292][932]LogModuleManager: Shutting down and abandoning module DirectoryWatcher (128)
[2026.01.07-02.21.41:293][932]LogModuleManager: Shutting down and abandoning module PhysXCooking (126)
[2026.01.07-02.21.41:293][932]LogModuleManager: Shutting down and abandoning module Chaos (124)
[2026.01.07-02.21.41:293][932]LogModuleManager: Shutting down and abandoning module WindowsPlatformFeatures (122)
[2026.01.07-02.21.41:293][932]LogModuleManager: Shutting down and abandoning module GameplayMediaEncoder (121)
[2026.01.07-02.21.41:293][932]LogModuleManager: Shutting down and abandoning module AVEncoder (120)
[2026.01.07-02.21.41:293][932]LogModuleManager: Shutting down and abandoning module SteamVRInputDevice (116)
[2026.01.07-02.21.41:293][932]LogModuleManager: Shutting down and abandoning module SteamVRInput (114)
[2026.01.07-02.21.41:293][932]LogModuleManager: Shutting down and abandoning module SteamVR (112)
[2026.01.07-02.21.41:293][932]LogHMD: Freeing OpenVRDLLHandle.
[2026.01.07-02.21.41:293][932]LogModuleManager: Shutting down and abandoning module OculusHMD (110)
[2026.01.07-02.21.41:294][932]LogModuleManager: Shutting down and abandoning module OpenXRHandTracking (108)
[2026.01.07-02.21.41:294][932]LogSlate: Slate User Destroyed.  User Index 0, Is Virtual User: 0
[2026.01.07-02.21.41:294][932]LogModuleManager: Shutting down and abandoning module OpenXRAR (106)
[2026.01.07-02.21.41:294][932]LogModuleManager: Shutting down and abandoning module AugmentedReality (105)
[2026.01.07-02.21.41:294][932]LogModuleManager: Shutting down and abandoning module OpenXRHMD (102)
[2026.01.07-02.21.41:296][932]LogModuleManager: Shutting down and abandoning module OpenXREyeTracker (100)
[2026.01.07-02.21.41:296][932]LogModuleManager: Shutting down and abandoning module ExampleDeviceProfileSelector (98)
[2026.01.07-02.21.41:296][932]LogModuleManager: Shutting down and abandoning module ChunkDownloader (96)
[2026.01.07-02.21.41:296][932]LogModuleManager: Shutting down and abandoning module LauncherChunkInstaller (94)
[2026.01.07-02.21.41:297][932]LogModuleManager: Shutting down and abandoning module OnlineBlueprintSupport (92)
[2026.01.07-02.21.41:297][932]LogModuleManager: Shutting down and abandoning module OnlineSubsystem (88)
[2026.01.07-02.21.41:298][932]LogModuleManager: Shutting down and abandoning module XMPP (83)
[2026.01.07-02.21.41:298][932]LogModuleManager: Shutting down and abandoning module WebSockets (82)
[2026.01.07-02.21.41:328][932]LogModuleManager: Shutting down and abandoning module HTTP (79)
[2026.01.07-02.21.41:328][932]LogHttp: Display: Http module shutting down, but needs to wait on 1 outstanding Http requests:
[2026.01.07-02.21.41:328][932]LogHttp: Display: 	verb=[POST] url=[https://datarouter.ol.epicgames.com/datarouter/api/v1/public/data?SessionID=%7B92059772-4949-176C-05C2-4F8441B68DF3%7D&AppID=UEEditor.Rocket.Release&AppVersion=4.27.2-18319896%2B%2B%2BUE4%2BRelease-4.27&UserID=55c73c474e92d0c37f07ab8febe04a38%7C81d32e9996224e89b0dfec987a357124%7Cdc1b3db0-7ab3-4480-bd05-cd7efc218524&AppEnvironment=datacollector-binary&UploadType=eteventstream] refs=[1] status=Processing
[2026.01.07-02.21.41:328][932]LogHttp: Display: cleaning up 1 outstanding Http requests.
[2026.01.07-02.21.41:333][932]LogModuleManager: Shutting down and abandoning module SSL (78)
[2026.01.07-02.21.41:334][932]LogModuleManager: Shutting down and abandoning module VariantManagerContent (74)
[2026.01.07-02.21.41:334][932]LogModuleManager: Shutting down and abandoning module DatasmithContent (72)
[2026.01.07-02.21.41:334][932]LogModuleManager: Shutting down and abandoning module WmfMedia (70)
[2026.01.07-02.21.41:335][932]LogModuleManager: Shutting down and abandoning module Media (69)
[2026.01.07-02.21.41:336][932]LogModuleManager: Shutting down and abandoning module MediaInfo (68)
[2026.01.07-02.21.41:336][932]LogModuleManager: Shutting down and abandoning module ExrReaderGpu (64)
[2026.01.07-02.21.41:336][932]LogModuleManager: Shutting down and abandoning module MLSDK (62)
[2026.01.07-02.21.41:336][932]LogModuleManager: Shutting down and abandoning module MagicLeap (60)
[2026.01.07-02.21.41:336][932]LogModuleManager: Shutting down and abandoning module ChaosCloth (58)
[2026.01.07-02.21.41:336][932]LogModuleManager: Shutting down and abandoning module PixWinPlugin (56)
[2026.01.07-02.21.41:336][932]LogModuleManager: Shutting down and abandoning module NiagaraVertexFactories (54)
[2026.01.07-02.21.41:336][932]LogModuleManager: Shutting down and abandoning module NiagaraShader (52)
[2026.01.07-02.21.41:336][932]LogModuleManager: Shutting down and abandoning module AISupportModule (50)
[2026.01.07-02.21.41:336][932]LogModuleManager: Shutting down and abandoning module DesktopPlatform (48)
[2026.01.07-02.21.41:337][932]LogModuleManager: Shutting down and abandoning module PythonScriptPluginPreload (46)
[2026.01.07-02.21.41:337][932]LogModuleManager: Shutting down and abandoning module PlatformCryptoOpenSSL (44)
[2026.01.07-02.21.41:337][932]LogModuleManager: Shutting down and abandoning module PlatformCryptoTypes (42)
[2026.01.07-02.21.41:337][932]LogModuleManager: Shutting down and abandoning module PlatformCrypto (40)
[2026.01.07-02.21.41:337][932]LogModuleManager: Shutting down and abandoning module OodleDataCompressionFormat (38)
[2026.01.07-02.21.41:338][932]LogModuleManager: Shutting down and abandoning module XGEController (36)
[2026.01.07-02.21.41:338][932]LogModuleManager: Shutting down and abandoning module AnimationModifiers (34)
[2026.01.07-02.21.41:338][932]LogModuleManager: Shutting down and abandoning module AudioEditor (32)
[2026.01.07-02.21.41:339][932]LogModuleManager: Shutting down and abandoning module PropertyEditor (31)
[2026.01.07-02.21.41:341][932]LogModuleManager: Shutting down and abandoning module TextureCompressor (28)
[2026.01.07-02.21.41:342][932]LogModuleManager: Shutting down and abandoning module RenderCore (26)
[2026.01.07-02.21.41:342][932]LogModuleManager: Shutting down and abandoning module Landscape (24)
[2026.01.07-02.21.41:342][932]LogModuleManager: Shutting down and abandoning module SlateRHIRenderer (22)
[2026.01.07-02.21.41:343][932]LogModuleManager: Shutting down and abandoning module AnimGraphRuntime (20)
[2026.01.07-02.21.41:343][932]LogModuleManager: Shutting down and abandoning module Renderer (18)
[2026.01.07-02.21.41:344][932]LogModuleManager: Shutting down and abandoning module Engine (16)
[2026.01.07-02.21.41:344][932]LogModuleManager: Shutting down and abandoning module CoreUObject (14)
[2026.01.07-02.21.41:344][932]LogModuleManager: Shutting down and abandoning module NetworkFile (12)
[2026.01.07-02.21.41:344][932]LogModuleManager: Shutting down and abandoning module CookedIterativeFile (10)
[2026.01.07-02.21.41:344][932]LogModuleManager: Shutting down and abandoning module StreamingFile (8)
[2026.01.07-02.21.41:344][932]LogModuleManager: Shutting down and abandoning module SandboxFile (6)
[2026.01.07-02.21.41:344][932]LogModuleManager: Shutting down and abandoning module PakFile (4)
[2026.01.07-02.21.41:345][932]LogModuleManager: Shutting down and abandoning module RSA (3)
[2026.01.07-02.21.41:345][932]LogContentStreaming: Display: There are 1 unreleased StreamingManagers
[2026.01.07-02.21.41:370][932]LogD3D11RHI: Shutdown
[2026.01.07-02.21.41:370][932]LogD3D11RHI: CleanupD3DDevice
[2026.01.07-02.21.41:382][932]LogExit: Exiting.
[2026.01.07-02.21.41:393][932]Log file closed, 01/07/26 11:21:41
