Log file open, 05/13/26 09:25:36
LogWindows: Failed to load 'aqProf.dll' (GetLastError=126)
LogWindows: File 'aqProf.dll' does not exist
LogWindows: Failed to load 'VtuneApi.dll' (GetLastError=126)
LogWindows: File 'VtuneApi.dll' does not exist
LogWindows: Failed to load 'VtuneApi32e.dll' (GetLastError=126)
LogWindows: File 'VtuneApi32e.dll' does not exist
LogConsoleResponse: Display: Failed to find resolution value strings in scalability ini. Falling back to default.
LogConsoleResponse: Display: Failed to find resolution value strings in scalability ini. Falling back to default.
LogInit: Display: Running engine for game: ALSV4
LogPlatformFile: Not using cached read wrapper
LogTaskGraph: Started task graph with 5 named threads and 71 total threads with 3 sets of task threads.
LogStats: Stats thread started at 0.181295
LogICUInternationalization: ICU TimeZone Detection - Raw Offset: +9:00, Platform Override: ''
LogInit: Display: Loading text-based GConfig....
LogPluginManager: Mounting plugin MeshPainting
LogPluginManager: Mounting plugin XGEController
LogPluginManager: Mounting plugin Paper2D
LogPluginManager: Mounting plugin AISupport
LogPluginManager: Mounting plugin EnvironmentQueryEditor
LogPluginManager: Mounting plugin LiveLink
LogPluginManager: Mounting plugin CameraShakePreviewer
LogPluginManager: Mounting plugin GameplayCameras
LogPluginManager: Mounting plugin DatasmithContent
LogPluginManager: Mounting plugin VariantManagerContent
LogPluginManager: Mounting plugin Niagara
LogPluginManager: Mounting plugin LuminPlatformFeatures
LogPluginManager: Mounting plugin MagicLeap
LogPluginManager: Mounting plugin MagicLeapLightEstimation
LogPluginManager: Mounting plugin MagicLeapMedia
LogPluginManager: Mounting plugin MagicLeapPassableWorld
LogPluginManager: Mounting plugin LightPropagationVolume
LogPluginManager: Mounting plugin MLSDK
LogPluginManager: Mounting plugin AnimationSharing
LogPluginManager: Mounting plugin BackChannel
LogPluginManager: Mounting plugin AutomationUtils
LogPluginManager: Mounting plugin ChaosCloth
LogPluginManager: Mounting plugin AlembicImporter
LogPluginManager: Mounting plugin ChaosEditor
LogPluginManager: Mounting plugin ChaosNiagara
LogPluginManager: Mounting plugin ChaosSolverPlugin
LogPluginManager: Mounting plugin ChaosClothEditor
LogPluginManager: Mounting plugin CharacterAI
LogPluginManager: Mounting plugin CLionSourceCodeAccess
LogPluginManager: Mounting plugin GeometryCache
LogPluginManager: Mounting plugin KDevelopSourceCodeAccess
LogPluginManager: Mounting plugin NullSourceCodeAccess
LogPluginManager: Mounting plugin GitSourceControl
LogPluginManager: Mounting plugin PixWinPlugin
LogPluginManager: Mounting plugin PlasticSourceControl
LogPluginManager: Mounting plugin PerforceSourceControl
LogPluginManager: Mounting plugin PluginUtils
LogPluginManager: Mounting plugin GeometryCollectionPlugin
LogPluginManager: Mounting plugin CodeLiteSourceCodeAccess
LogPluginManager: Mounting plugin RiderSourceCodeAccess
LogPluginManager: Mounting plugin SubversionSourceControl
LogPluginManager: Mounting plugin AssetManagerEditor
LogPluginManager: Mounting plugin VisualStudioCodeSourceCodeAccess
LogPluginManager: Mounting plugin VisualStudioSourceCodeAccess
LogPluginManager: Mounting plugin TextureFormatOodle
LogPluginManager: Mounting plugin CryptoKeys
LogPluginManager: Mounting plugin XCodeSourceCodeAccess
LogPluginManager: Mounting plugin CurveEditorTools
LogPluginManager: Mounting plugin FacialAnimation
LogPluginManager: Mounting plugin MacGraphicsSwitching
LogPluginManager: Mounting plugin GeometryMode
LogPluginManager: Mounting plugin GameplayTagsEditor
LogPluginManager: Mounting plugin PluginBrowser
LogPluginManager: Mounting plugin MobileLauncherProfileWizard
LogPluginManager: Mounting plugin DataValidation
LogPluginManager: Mounting plugin SpeedTreeImporter
LogPluginManager: Mounting plugin GeometryProcessing
LogPluginManager: Mounting plugin UObjectPlugin
LogPluginManager: Mounting plugin PropertyAccessNode
LogPluginManager: Mounting plugin AvfMedia
LogPluginManager: Mounting plugin AndroidMedia
LogPluginManager: Mounting plugin MotoSynth
LogPluginManager: Mounting plugin OpenImageDenoise
LogPluginManager: Mounting plugin PlatformCrypto
LogPluginManager: Mounting plugin PlanarCut
LogPluginManager: Mounting plugin ProxyLODPlugin
LogPluginManager: Mounting plugin SkeletalReduction
LogPluginManager: Mounting plugin MaterialAnalyzer
LogPluginManager: Mounting plugin ImgMedia
LogPluginManager: Mounting plugin MediaPlayerEditor
LogPluginManager: Mounting plugin WebMMedia
LogPluginManager: Mounting plugin WmfMedia
LogPluginManager: Mounting plugin MediaCompositing
LogPluginManager: Mounting plugin ActorSequence
LogPluginManager: Mounting plugin TcpMessaging
LogPluginManager: Mounting plugin MatineeToLevelSequence
LogPluginManager: Mounting plugin LevelSequenceEditor
LogPluginManager: Mounting plugin PythonScriptPlugin
LogPluginManager: Mounting plugin UdpMessaging
LogPluginManager: Mounting plugin OnlineSubsystem
LogPluginManager: Mounting plugin TemplateSequence
LogPluginManager: Mounting plugin LauncherChunkInstaller
LogPluginManager: Mounting plugin OnlineSubsystemUtils
LogPluginManager: Mounting plugin ActorLayerUtilities
LogPluginManager: Mounting plugin AndroidMoviePlayer
LogPluginManager: Mounting plugin AppleMoviePlayer
LogPluginManager: Mounting plugin AppleImageUtils
LogPluginManager: Mounting plugin AndroidDeviceProfileSelector
LogPluginManager: Mounting plugin AudioCapture
LogPluginManager: Mounting plugin AndroidPermission
LogPluginManager: Mounting plugin AssetTags
LogPluginManager: Mounting plugin AudioSynesthesia
LogPluginManager: Mounting plugin OnlineSubsystemNull
LogPluginManager: Mounting plugin CustomMeshComponent
LogPluginManager: Mounting plugin ChunkDownloader
LogPluginManager: Mounting plugin ExampleDeviceProfileSelector
LogPluginManager: Mounting plugin GoogleCloudMessaging
LogPluginManager: Mounting plugin CableComponent
LogPluginManager: Mounting plugin ScreenshotTools
LogPluginManager: Mounting plugin EditableMesh
LogPluginManager: Mounting plugin IOSDeviceProfileSelector
LogPluginManager: Mounting plugin LocationServicesBPLibrary
LogPluginManager: Mounting plugin MobilePatchingUtils
LogPluginManager: Mounting plugin OpenXRHandTracking
LogPluginManager: Mounting plugin LinuxDeviceProfileSelector
LogPluginManager: Mounting plugin PhysXVehicles
LogPluginManager: Mounting plugin OpenXR
LogPluginManager: Mounting plugin ArchVisCharacter
LogPluginManager: Mounting plugin GooglePAD
LogPluginManager: Mounting plugin PostSplashScreen
LogPluginManager: Mounting plugin ProceduralMeshComponent
LogPluginManager: Mounting plugin OpenXREyeTracker
LogPluginManager: Mounting plugin RuntimePhysXCooking
LogPluginManager: Mounting plugin Takes
LogPluginManager: Mounting plugin SoundFields
LogPluginManager: Mounting plugin SignificanceManager
LogPluginManager: Mounting plugin Synthesis
LogPluginManager: Mounting plugin PropertyAccessEditor
LogPluginManager: Mounting plugin WebMMoviePlayer
LogPluginManager: Mounting plugin OodleData
LogPluginManager: Mounting plugin WindowsMoviePlayer
LogPluginManager: Mounting plugin OodleNetwork
LogPluginManager: Mounting plugin RiderLink
LogPluginManager: Mounting plugin ContentBrowserFileDataSource
LogPluginManager: Mounting plugin ContentBrowserAssetDataSource
LogPluginManager: Mounting plugin ContentBrowserClassDataSource
LogPluginManager: Mounting plugin OnlineSubsystemIOS
LogPluginManager: Mounting plugin OnlineSubsystemGooglePlay
LogPluginManager: Mounting plugin OculusVR
LogPluginManager: Mounting plugin SteamVR
PixWinPlugin: PIX capture plugin failed to initialize! Check that the process is launched from PIX.
LogInit: Using libcurl 7.55.1-DEV
LogInit:  - built for x86_64-pc-win32
LogInit:  - supports SSL with OpenSSL/1.1.1
LogInit:  - supports HTTP deflate (compression) using libz 1.2.8
LogInit:  - other features:
LogInit:      CURL_VERSION_SSL
LogInit:      CURL_VERSION_LIBZ
LogInit:      CURL_VERSION_IPV6
LogInit:      CURL_VERSION_ASYNCHDNS
LogInit:      CURL_VERSION_LARGEFILE
LogInit:      CURL_VERSION_IDN
LogInit:  CurlRequestOptions (configurable via config and command line):
LogInit:  - bVerifyPeer = true  - Libcurl will verify peer certificate
LogInit:  - bUseHttpProxy = false  - Libcurl will NOT use HTTP proxy
LogInit:  - bDontReuseConnections = false  - Libcurl will reuse connections
LogInit:  - MaxHostConnections = 16  - Libcurl will limit the number of connections to a host
LogInit:  - LocalHostAddr = Default
LogInit:  - BufferSize = 65536
LogOnline: OSS: Creating online subsystem instance for: NULL
LogInit: WinSock: version 1.1 (2.2), MaxSocks=32767, MaxUdp=65467
LogOnline: OSS: TryLoadSubsystemAndSetDefault: Loaded subsystem for module [NULL]
LogOculusPluginWrapper: OculusPlugin initialized successfully
LogHMD: Failed initializing OVRPlugin 1.59.0
LogInit: Build: ++UE4+Release-4.27-CL-18319896
LogInit: Engine Version: 4.27.2-18319896+++UE4+Release-4.27
LogInit: Compatible Engine Version: 4.27.0-17155196+++UE4+Release-4.27
LogInit: Net CL: 17155196
LogInit: OS: Windows 10 (Release 2009) (), CPU: 13th Gen Intel(R) Core(TM) i7-13700, GPU: NVIDIA GeForce RTX 4070
LogInit: Compiled (64-bit): Nov 30 2021 07:12:08
LogInit: Compiled with Visual C++: 19.24.28315.00
LogInit: Build Configuration: Development
LogInit: Branch Name: ++UE4+Release-4.27
LogInit: Command Line: 
LogInit: Base Directory: C:/Program Files/Epic Games/UE_4.27/Engine/Binaries/Win64/
LogInit: Allocator: TBB
LogInit: Installed Engine Build: 1
LogDevObjectVersion: Number of dev versions registered: 29
LogDevObjectVersion:   Dev-Blueprints (B0D832E4-1F89-4F0D-ACCF-7EB736FD4AA2): 10
LogDevObjectVersion:   Dev-Build (E1C64328-A22C-4D53-A36C-8E866417BD8C): 0
LogDevObjectVersion:   Dev-Core (375EC13C-06E4-48FB-B500-84F0262A717E): 4
LogDevObjectVersion:   Dev-Editor (E4B068ED-F494-42E9-A231-DA0B2E46BB41): 40
LogDevObjectVersion:   Dev-Framework (CFFC743F-43B0-4480-9391-14DF171D2073): 37
LogDevObjectVersion:   Dev-Mobile (B02B49B5-BB20-44E9-A304-32B752E40360): 3
LogDevObjectVersion:   Dev-Networking (A4E4105C-59A1-49B5-A7C5-40C4547EDFEE): 0
LogDevObjectVersion:   Dev-Online (39C831C9-5AE6-47DC-9A44-9C173E1C8E7C): 0
LogDevObjectVersion:   Dev-Physics (78F01B33-EBEA-4F98-B9B4-84EACCB95AA2): 14
LogDevObjectVersion:   Dev-Platform (6631380F-2D4D-43E0-8009-CF276956A95A): 0
LogDevObjectVersion:   Dev-Rendering (12F88B9F-8875-4AFC-A67C-D90C383ABD29): 45
LogDevObjectVersion:   Dev-Sequencer (7B5AE74C-D270-4C10-A958-57980B212A5A): 13
LogDevObjectVersion:   Dev-VR (D7296918-1DD6-4BDD-9DE2-64A83CC13884): 3
LogDevObjectVersion:   Dev-LoadTimes (C2A15278-BFE7-4AFE-6C17-90FF531DF755): 1
LogDevObjectVersion:   Private-Geometry (6EACA3D4-40EC-4CC1-B786-8BED09428FC5): 3
LogDevObjectVersion:   Dev-AnimPhys (29E575DD-E0A3-4627-9D10-D276232CDCEA): 17
LogDevObjectVersion:   Dev-Anim (AF43A65D-7FD3-4947-9873-3E8ED9C1BB05): 15
LogDevObjectVersion:   Dev-ReflectionCapture (6B266CEC-1EC7-4B8F-A30B-E4D90942FC07): 1
LogDevObjectVersion:   Dev-Automation (0DF73D61-A23F-47EA-B727-89E90C41499A): 1
LogDevObjectVersion:   FortniteMain (601D1886-AC64-4F84-AA16-D3DE0DEAC7D6): 47
LogDevObjectVersion:   FortniteRelease (E7086368-6B23-4C58-8439-1B7016265E91): 1
LogDevObjectVersion:   Dev-Enterprise (9DFFBCD6-494F-0158-E221-12823C92A888): 10
LogDevObjectVersion:   Dev-Niagara (F2AED0AC-9AFE-416F-8664-AA7FFA26D6FC): 1
LogDevObjectVersion:   Dev-Destruction (174F1F0B-B4C6-45A5-B13F-2EE8D0FB917D): 10
LogDevObjectVersion:   Dev-Physics-Ext (35F94A83-E258-406C-A318-09F59610247C): 41
LogDevObjectVersion:   Dev-PhysicsMaterial-Chaos (B68FC16E-8B1B-42E2-B453-215C058844FE): 1
LogDevObjectVersion:   Dev-CineCamera (B2E18506-4273-CFC2-A54E-F4BB758BBA07): 1
LogDevObjectVersion:   Dev-VirtualProduction (64F58936-FD1B-42BA-BA96-7289D5D0FA4E): 1
LogDevObjectVersion:   Dev-MediaFramework (6F0ED827-A609-4895-9C91-998D90180EA4): 2
LogInit: Presizing for max 25165824 objects, including 0 objects not considered by GC, pre-allocating 0 bytes for permanent pool.
LogConfig: Applying CVar settings from Section [/Script/Engine.StreamingSettings] File [C:/UEProject/UnrealLearn/ALSV4/Saved/Config/Windows/Engine.ini]
LogConfig: Setting CVar [[s.MinBulkDataSizeForAsyncLoading:131072]]
LogConfig: Setting CVar [[s.AsyncLoadingThreadEnabled:0]]
LogConfig: Setting CVar [[s.EventDrivenLoaderEnabled:1]]
LogConfig: Setting CVar [[s.WarnIfTimeLimitExceeded:0]]
LogConfig: Setting CVar [[s.TimeLimitExceededMultiplier:1.5]]
LogConfig: Setting CVar [[s.TimeLimitExceededMinTime:0.005]]
LogConfig: Setting CVar [[s.UseBackgroundLevelStreaming:1]]
LogConfig: Setting CVar [[s.PriorityAsyncLoadingExtraTime:15.0]]
LogConfig: Setting CVar [[s.LevelStreamingActorsUpdateTimeLimit:5.0]]
LogConfig: Setting CVar [[s.PriorityLevelStreamingActorsUpdateExtraTime:5.0]]
LogConfig: Setting CVar [[s.LevelStreamingComponentsRegistrationGranularity:10]]
LogConfig: Setting CVar [[s.UnregisterComponentsTimeLimit:1.0]]
LogConfig: Setting CVar [[s.LevelStreamingComponentsUnregistrationGranularity:5]]
LogConfig: Setting CVar [[s.FlushStreamingOnExit:1]]
LogInit: Object subsystem initialized
LogConfig: Setting CVar [[con.DebugEarlyDefault:1]]
LogConfig: Setting CVar [[r.setres:1280x720]]
[2026.05.13-00.25.36:781][  0]LogConfig: Setting CVar [[r.VSync:0]]
[2026.05.13-00.25.36:781][  0]LogConfig: Setting CVar [[r.RHICmdBypass:0]]
[2026.05.13-00.25.36:781][  0]LogConfig: Applying CVar settings from Section [/Script/Engine.RendererSettings] File [C:/UEProject/UnrealLearn/ALSV4/Saved/Config/Windows/Engine.ini]
[2026.05.13-00.25.36:781][  0]LogConfig: Setting CVar [[r.GPUCrashDebugging:0]]
[2026.05.13-00.25.36:781][  0]LogConfig: Applying CVar settings from Section [/Script/Engine.RendererOverrideSettings] File [C:/UEProject/UnrealLearn/ALSV4/Saved/Config/Windows/Engine.ini]
[2026.05.13-00.25.36:781][  0]LogConfig: Applying CVar settings from Section [/Script/Engine.StreamingSettings] File [C:/UEProject/UnrealLearn/ALSV4/Saved/Config/Windows/Engine.ini]
[2026.05.13-00.25.36:781][  0]LogConfig: Setting CVar [[s.MinBulkDataSizeForAsyncLoading:131072]]
[2026.05.13-00.25.36:781][  0]LogConfig: Setting CVar [[s.AsyncLoadingThreadEnabled:0]]
[2026.05.13-00.25.36:781][  0]LogConfig: Setting CVar [[s.EventDrivenLoaderEnabled:1]]
[2026.05.13-00.25.36:781][  0]LogConfig: Setting CVar [[s.WarnIfTimeLimitExceeded:0]]
[2026.05.13-00.25.36:781][  0]LogConfig: Setting CVar [[s.TimeLimitExceededMultiplier:1.5]]
[2026.05.13-00.25.36:781][  0]LogConfig: Setting CVar [[s.TimeLimitExceededMinTime:0.005]]
[2026.05.13-00.25.36:781][  0]LogConfig: Setting CVar [[s.UseBackgroundLevelStreaming:1]]
[2026.05.13-00.25.36:781][  0]LogConfig: Setting CVar [[s.PriorityAsyncLoadingExtraTime:15.0]]
[2026.05.13-00.25.36:781][  0]LogConfig: Setting CVar [[s.LevelStreamingActorsUpdateTimeLimit:5.0]]
[2026.05.13-00.25.36:781][  0]LogConfig: Setting CVar [[s.PriorityLevelStreamingActorsUpdateExtraTime:5.0]]
[2026.05.13-00.25.36:781][  0]LogConfig: Setting CVar [[s.LevelStreamingComponentsRegistrationGranularity:10]]
[2026.05.13-00.25.36:781][  0]LogConfig: Setting CVar [[s.UnregisterComponentsTimeLimit:1.0]]
[2026.05.13-00.25.36:781][  0]LogConfig: Setting CVar [[s.LevelStreamingComponentsUnregistrationGranularity:5]]
[2026.05.13-00.25.36:781][  0]LogConfig: Setting CVar [[s.FlushStreamingOnExit:1]]
[2026.05.13-00.25.36:781][  0]LogConfig: Applying CVar settings from Section [/Script/Engine.GarbageCollectionSettings] File [C:/UEProject/UnrealLearn/ALSV4/Saved/Config/Windows/Engine.ini]
[2026.05.13-00.25.36:781][  0]LogConfig: Setting CVar [[gc.MaxObjectsNotConsideredByGC:1]]
[2026.05.13-00.25.36:781][  0]LogConfig: Setting CVar [[gc.SizeOfPermanentObjectPool:0]]
[2026.05.13-00.25.36:781][  0]LogConfig: Setting CVar [[gc.FlushStreamingOnGC:0]]
[2026.05.13-00.25.36:781][  0]LogConfig: Setting CVar [[gc.NumRetriesBeforeForcingGC:10]]
[2026.05.13-00.25.36:781][  0]LogConfig: Setting CVar [[gc.AllowParallelGC:1]]
[2026.05.13-00.25.36:781][  0]LogConfig: Setting CVar [[gc.TimeBetweenPurgingPendingKillObjects:61.1]]
[2026.05.13-00.25.36:781][  0]LogConfig: Setting CVar [[gc.MaxObjectsInEditor:25165824]]
[2026.05.13-00.25.36:781][  0]LogConfig: Setting CVar [[gc.IncrementalBeginDestroyEnabled:1]]
[2026.05.13-00.25.36:781][  0]LogConfig: Setting CVar [[gc.CreateGCClusters:1]]
[2026.05.13-00.25.36:781][  0]LogConfig: Setting CVar [[gc.MinGCClusterSize:5]]
[2026.05.13-00.25.36:781][  0]LogConfig: Setting CVar [[gc.ActorClusteringEnabled:0]]
[2026.05.13-00.25.36:781][  0]LogConfig: Setting CVar [[gc.BlueprintClusteringEnabled:0]]
[2026.05.13-00.25.36:781][  0]LogConfig: Setting CVar [[gc.UseDisregardForGCOnDedicatedServers:0]]
[2026.05.13-00.25.36:781][  0]LogConfig: Setting CVar [[gc.MultithreadedDestructionEnabled:1]]
[2026.05.13-00.25.36:781][  0]LogConfig: Applying CVar settings from Section [/Script/Engine.NetworkSettings] File [C:/UEProject/UnrealLearn/ALSV4/Saved/Config/Windows/Engine.ini]
[2026.05.13-00.25.36:781][  0]LogConfig: Applying CVar settings from Section [/Script/UnrealEd.CookerSettings] File [C:/UEProject/UnrealLearn/ALSV4/Saved/Config/Windows/Engine.ini]
[2026.05.13-00.25.36:808][  0]LogConfig: Applying CVar settings from Section [ViewDistanceQuality@3] File [C:/UEProject/UnrealLearn/ALSV4/Saved/Config/Windows/Scalability.ini]
[2026.05.13-00.25.36:808][  0]LogConfig: Setting CVar [[r.SkeletalMeshLODBias:0]]
[2026.05.13-00.25.36:809][  0]LogConfig: Setting CVar [[r.ViewDistanceScale:1.0]]
[2026.05.13-00.25.36:809][  0]LogConfig: Applying CVar settings from Section [AntiAliasingQuality@3] File [C:/UEProject/UnrealLearn/ALSV4/Saved/Config/Windows/Scalability.ini]
[2026.05.13-00.25.36:809][  0]LogConfig: Setting CVar [[r.PostProcessAAQuality:4]]
[2026.05.13-00.25.36:809][  0]LogConfig: Applying CVar settings from Section [ShadowQuality@3] File [C:/UEProject/UnrealLearn/ALSV4/Saved/Config/Windows/Scalability.ini]
[2026.05.13-00.25.36:809][  0]LogConfig: Setting CVar [[r.LightFunctionQuality:1]]
[2026.05.13-00.25.36:809][  0]LogConfig: Setting CVar [[r.ShadowQuality:5]]
[2026.05.13-00.25.36:809][  0]LogConfig: Setting CVar [[r.Shadow.CSM.MaxCascades:10]]
[2026.05.13-00.25.36:809][  0]LogConfig: Setting CVar [[r.Shadow.MaxResolution:2048]]
[2026.05.13-00.25.36:809][  0]LogConfig: Setting CVar [[r.Shadow.MaxCSMResolution:2048]]
[2026.05.13-00.25.36:809][  0]LogConfig: Setting CVar [[r.Shadow.RadiusThreshold:0.01]]
[2026.05.13-00.25.36:809][  0]LogConfig: Setting CVar [[r.Shadow.DistanceScale:1.0]]
[2026.05.13-00.25.36:809][  0]LogConfig: Setting CVar [[r.Shadow.CSM.TransitionScale:1.0]]
[2026.05.13-00.25.36:809][  0]LogConfig: Setting CVar [[r.Shadow.PreShadowResolutionFactor:1.0]]
[2026.05.13-00.25.36:809][  0]LogConfig: Setting CVar [[r.DistanceFieldShadowing:1]]
[2026.05.13-00.25.36:809][  0]LogConfig: Setting CVar [[r.DistanceFieldAO:1]]
[2026.05.13-00.25.36:809][  0]LogConfig: Setting CVar [[r.AOQuality:2]]
[2026.05.13-00.25.36:809][  0]LogConfig: Setting CVar [[r.VolumetricFog:1]]
[2026.05.13-00.25.36:809][  0]LogConfig: Setting CVar [[r.VolumetricFog.GridPixelSize:8]]
[2026.05.13-00.25.36:809][  0]LogConfig: Setting CVar [[r.VolumetricFog.GridSizeZ:128]]
[2026.05.13-00.25.36:809][  0]LogConfig: Setting CVar [[r.VolumetricFog.HistoryMissSupersampleCount:4]]
[2026.05.13-00.25.36:809][  0]LogConfig: Setting CVar [[r.LightMaxDrawDistanceScale:1]]
[2026.05.13-00.25.36:809][  0]LogConfig: Setting CVar [[r.CapsuleShadows:1]]
[2026.05.13-00.25.36:809][  0]LogConfig: Applying CVar settings from Section [PostProcessQuality@3] File [C:/UEProject/UnrealLearn/ALSV4/Saved/Config/Windows/Scalability.ini]
[2026.05.13-00.25.36:809][  0]LogConfig: Setting CVar [[r.MotionBlurQuality:4]]
[2026.05.13-00.25.36:809][  0]LogConfig: Setting CVar [[r.AmbientOcclusionMipLevelFactor:0.4]]
[2026.05.13-00.25.36:809][  0]LogConfig: Setting CVar [[r.AmbientOcclusionMaxQuality:100]]
[2026.05.13-00.25.36:809][  0]LogConfig: Setting CVar [[r.AmbientOcclusionLevels:-1]]
[2026.05.13-00.25.36:809][  0]LogConfig: Setting CVar [[r.AmbientOcclusionRadiusScale:1.0]]
[2026.05.13-00.25.36:809][  0]LogConfig: Setting CVar [[r.DepthOfFieldQuality:2]]
[2026.05.13-00.25.36:809][  0]LogConfig: Setting CVar [[r.RenderTargetPoolMin:400]]
[2026.05.13-00.25.36:809][  0]LogConfig: Setting CVar [[r.LensFlareQuality:2]]
[2026.05.13-00.25.36:809][  0]LogConfig: Setting CVar [[r.SceneColorFringeQuality:1]]
[2026.05.13-00.25.36:809][  0]LogConfig: Setting CVar [[r.EyeAdaptationQuality:2]]
[2026.05.13-00.25.36:809][  0]LogConfig: Setting CVar [[r.BloomQuality:5]]
[2026.05.13-00.25.36:809][  0]LogConfig: Setting CVar [[r.FastBlurThreshold:100]]
[2026.05.13-00.25.36:809][  0]LogConfig: Setting CVar [[r.Upscale.Quality:3]]
[2026.05.13-00.25.36:809][  0]LogConfig: Setting CVar [[r.Tonemapper.GrainQuantization:1]]
[2026.05.13-00.25.36:809][  0]LogConfig: Setting CVar [[r.LightShaftQuality:1]]
[2026.05.13-00.25.36:809][  0]LogConfig: Setting CVar [[r.Filter.SizeScale:1]]
[2026.05.13-00.25.36:809][  0]LogConfig: Setting CVar [[r.Tonemapper.Quality:5]]
[2026.05.13-00.25.36:809][  0]LogConfig: Setting CVar [[r.DOF.Gather.AccumulatorQuality:1        ; higher gathering accumulator quality]]
[2026.05.13-00.25.36:809][  0]LogConfig: Setting CVar [[r.DOF.Gather.PostfilterMethod:1          ; Median3x3 postfilering method]]
[2026.05.13-00.25.36:809][  0]LogConfig: Setting CVar [[r.DOF.Gather.EnableBokehSettings:0       ; no bokeh simulation when gathering]]
[2026.05.13-00.25.36:809][  0]LogConfig: Setting CVar [[r.DOF.Gather.RingCount:4                 ; medium number of samples when gathering]]
[2026.05.13-00.25.36:809][  0]LogConfig: Setting CVar [[r.DOF.Scatter.ForegroundCompositing:1    ; additive foreground scattering]]
[2026.05.13-00.25.36:809][  0]LogConfig: Setting CVar [[r.DOF.Scatter.BackgroundCompositing:2    ; additive background scattering]]
[2026.05.13-00.25.36:809][  0]LogConfig: Setting CVar [[r.DOF.Scatter.EnableBokehSettings:1      ; bokeh simulation when scattering]]
[2026.05.13-00.25.36:809][  0]LogConfig: Setting CVar [[r.DOF.Scatter.MaxSpriteRatio:0.1         ; only a maximum of 10% of scattered bokeh]]
[2026.05.13-00.25.36:809][  0]LogConfig: Setting CVar [[r.DOF.Recombine.Quality:1                ; cheap slight out of focus]]
[2026.05.13-00.25.36:809][  0]LogConfig: Setting CVar [[r.DOF.Recombine.EnableBokehSettings:0    ; no bokeh simulation on slight out of focus]]
[2026.05.13-00.25.36:809][  0]LogConfig: Setting CVar [[r.DOF.TemporalAAQuality:1                ; more stable temporal accumulation]]
[2026.05.13-00.25.36:809][  0]LogConfig: Setting CVar [[r.DOF.Kernel.MaxForegroundRadius:0.025]]
[2026.05.13-00.25.36:809][  0]LogConfig: Setting CVar [[r.DOF.Kernel.MaxBackgroundRadius:0.025]]
[2026.05.13-00.25.36:809][  0]LogConfig: Applying CVar settings from Section [TextureQuality@3] File [C:/UEProject/UnrealLearn/ALSV4/Saved/Config/Windows/Scalability.ini]
[2026.05.13-00.25.36:809][  0]LogConfig: Setting CVar [[r.Streaming.MipBias:0]]
[2026.05.13-00.25.36:809][  0]LogConfig: Setting CVar [[r.Streaming.AmortizeCPUToGPUCopy:0]]
[2026.05.13-00.25.36:809][  0]LogConfig: Setting CVar [[r.Streaming.MaxNumTexturesToStreamPerFrame:0]]
[2026.05.13-00.25.36:809][  0]LogConfig: Setting CVar [[r.Streaming.Boost:1]]
[2026.05.13-00.25.36:809][  0]LogConfig: Setting CVar [[r.MaxAnisotropy:8]]
[2026.05.13-00.25.36:809][  0]LogConfig: Setting CVar [[r.VT.MaxAnisotropy:8]]
[2026.05.13-00.25.36:809][  0]LogConfig: Setting CVar [[r.Streaming.LimitPoolSizeToVRAM:0]]
[2026.05.13-00.25.36:809][  0]LogConfig: Setting CVar [[r.Streaming.PoolSize:1000]]
[2026.05.13-00.25.36:809][  0]LogConfig: Setting CVar [[r.Streaming.MaxEffectiveScreenSize:0]]
[2026.05.13-00.25.36:809][  0]LogConfig: Applying CVar settings from Section [EffectsQuality@3] File [C:/UEProject/UnrealLearn/ALSV4/Saved/Config/Windows/Scalability.ini]
[2026.05.13-00.25.36:809][  0]LogConfig: Setting CVar [[r.TranslucencyLightingVolumeDim:64]]
[2026.05.13-00.25.36:809][  0]LogConfig: Setting CVar [[r.RefractionQuality:2]]
[2026.05.13-00.25.36:809][  0]LogConfig: Setting CVar [[r.SSR.Quality:3]]
[2026.05.13-00.25.36:809][  0]LogConfig: Setting CVar [[r.SSR.HalfResSceneColor:0]]
[2026.05.13-00.25.36:809][  0]LogConfig: Setting CVar [[r.SceneColorFormat:4]]
[2026.05.13-00.25.36:809][  0]LogConfig: Setting CVar [[r.DetailMode:2]]
[2026.05.13-00.25.36:809][  0]LogConfig: Setting CVar [[r.TranslucencyVolumeBlur:1]]
[2026.05.13-00.25.36:809][  0]LogConfig: Setting CVar [[r.MaterialQualityLevel:1 ; High quality]]
[2026.05.13-00.25.36:809][  0]LogConfig: Setting CVar [[r.AnisotropicMaterials:1]]
[2026.05.13-00.25.36:809][  0]LogConfig: Setting CVar [[r.SSS.Scale:1]]
[2026.05.13-00.25.36:809][  0]LogConfig: Setting CVar [[r.SSS.SampleSet:2]]
[2026.05.13-00.25.36:809][  0]LogConfig: Setting CVar [[r.SSS.Quality:1]]
[2026.05.13-00.25.36:809][  0]LogConfig: Setting CVar [[r.SSS.HalfRes:0]]
[2026.05.13-00.25.36:809][  0]LogConfig: Setting CVar [[r.SSGI.Quality:3]]
[2026.05.13-00.25.36:809][  0]LogConfig: Setting CVar [[r.EmitterSpawnRateScale:1.0]]
[2026.05.13-00.25.36:809][  0]LogConfig: Setting CVar [[r.ParticleLightQuality:2]]
[2026.05.13-00.25.36:809][  0]LogConfig: Setting CVar [[r.SkyAtmosphere.AerialPerspectiveLUT.FastApplyOnOpaque:1 ; Always have FastSkyLUT 1 in this case to avoid wrong sky]]
[2026.05.13-00.25.36:809][  0]LogConfig: Setting CVar [[r.SkyAtmosphere.AerialPerspectiveLUT.SampleCountMaxPerSlice:4]]
[2026.05.13-00.25.36:809][  0]LogConfig: Setting CVar [[r.SkyAtmosphere.AerialPerspectiveLUT.DepthResolution:16.0]]
[2026.05.13-00.25.36:809][  0]LogConfig: Setting CVar [[r.SkyAtmosphere.FastSkyLUT:1]]
[2026.05.13-00.25.36:809][  0]LogConfig: Setting CVar [[r.SkyAtmosphere.FastSkyLUT.SampleCountMin:4.0]]
[2026.05.13-00.25.36:809][  0]LogConfig: Setting CVar [[r.SkyAtmosphere.FastSkyLUT.SampleCountMax:128.0]]
[2026.05.13-00.25.36:809][  0]LogConfig: Setting CVar [[r.SkyAtmosphere.SampleCountMin:4.0]]
[2026.05.13-00.25.36:809][  0]LogConfig: Setting CVar [[r.SkyAtmosphere.SampleCountMax:128.0]]
[2026.05.13-00.25.36:809][  0]LogConfig: Setting CVar [[r.SkyAtmosphere.TransmittanceLUT.UseSmallFormat:0]]
[2026.05.13-00.25.36:809][  0]LogConfig: Setting CVar [[r.SkyAtmosphere.TransmittanceLUT.SampleCount:10.0]]
[2026.05.13-00.25.36:809][  0]LogConfig: Setting CVar [[r.SkyAtmosphere.MultiScatteringLUT.SampleCount:15.0]]
[2026.05.13-00.25.36:809][  0]LogConfig: Setting CVar [[r.SkyLight.RealTimeReflectionCapture:1]]
[2026.05.13-00.25.36:809][  0]LogConfig: Applying CVar settings from Section [FoliageQuality@3] File [C:/UEProject/UnrealLearn/ALSV4/Saved/Config/Windows/Scalability.ini]
[2026.05.13-00.25.36:809][  0]LogConfig: Setting CVar [[foliage.DensityScale:1.0]]
[2026.05.13-00.25.36:809][  0]LogConfig: Setting CVar [[grass.DensityScale:1.0]]
[2026.05.13-00.25.36:809][  0]LogConfig: Applying CVar settings from Section [ShadingQuality@3] File [C:/UEProject/UnrealLearn/ALSV4/Saved/Config/Windows/Scalability.ini]
[2026.05.13-00.25.36:809][  0]LogConfig: Setting CVar [[r.HairStrands.SkyLighting.IntegrationType:2]]
[2026.05.13-00.25.36:809][  0]LogConfig: Setting CVar [[r.HairStrands.SkyAO.SampleCount:4]]
[2026.05.13-00.25.36:809][  0]LogConfig: Setting CVar [[r.HairStrands.Visibility.MSAA.SamplePerPixel:4]]
[2026.05.13-00.25.36:809][  0]LogInit: Selected Device Profile: [Windows]
[2026.05.13-00.25.36:809][  0]LogInit: Applying CVar settings loaded from the selected device profile: [Windows]
[2026.05.13-00.25.36:809][  0]LogHAL: Display: Platform has ~ 14 GB [14665842688 / 17179869184 / 14], which maps to Larger [LargestMinGB=32, LargerMinGB=12, DefaultMinGB=8, SmallerMinGB=6, SmallestMinGB=0)
[2026.05.13-00.25.36:809][  0]LogInit: Going up to parent DeviceProfile []
[2026.05.13-00.25.36:809][  0]LogConfig: Applying CVar settings from Section [ViewDistanceQuality@3] File [C:/UEProject/UnrealLearn/ALSV4/Saved/Config/Windows/Scalability.ini]
[2026.05.13-00.25.36:809][  0]LogConfig: Setting CVar [[r.SkeletalMeshLODBias:0]]
[2026.05.13-00.25.36:809][  0]LogConfig: Setting CVar [[r.ViewDistanceScale:1.0]]
[2026.05.13-00.25.36:809][  0]LogConfig: Applying CVar settings from Section [AntiAliasingQuality@3] File [C:/UEProject/UnrealLearn/ALSV4/Saved/Config/Windows/Scalability.ini]
[2026.05.13-00.25.36:809][  0]LogConfig: Setting CVar [[r.PostProcessAAQuality:4]]
[2026.05.13-00.25.36:809][  0]LogConfig: Applying CVar settings from Section [ShadowQuality@3] File [C:/UEProject/UnrealLearn/ALSV4/Saved/Config/Windows/Scalability.ini]
[2026.05.13-00.25.36:809][  0]LogConfig: Setting CVar [[r.LightFunctionQuality:1]]
[2026.05.13-00.25.36:809][  0]LogConfig: Setting CVar [[r.ShadowQuality:5]]
[2026.05.13-00.25.36:809][  0]LogConfig: Setting CVar [[r.Shadow.CSM.MaxCascades:10]]
[2026.05.13-00.25.36:809][  0]LogConfig: Setting CVar [[r.Shadow.MaxResolution:2048]]
[2026.05.13-00.25.36:809][  0]LogConfig: Setting CVar [[r.Shadow.MaxCSMResolution:2048]]
[2026.05.13-00.25.36:809][  0]LogConfig: Setting CVar [[r.Shadow.RadiusThreshold:0.01]]
[2026.05.13-00.25.36:809][  0]LogConfig: Setting CVar [[r.Shadow.DistanceScale:1.0]]
[2026.05.13-00.25.36:809][  0]LogConfig: Setting CVar [[r.Shadow.CSM.TransitionScale:1.0]]
[2026.05.13-00.25.36:809][  0]LogConfig: Setting CVar [[r.Shadow.PreShadowResolutionFactor:1.0]]
[2026.05.13-00.25.36:809][  0]LogConfig: Setting CVar [[r.DistanceFieldShadowing:1]]
[2026.05.13-00.25.36:809][  0]LogConfig: Setting CVar [[r.DistanceFieldAO:1]]
[2026.05.13-00.25.36:809][  0]LogConfig: Setting CVar [[r.AOQuality:2]]
[2026.05.13-00.25.36:809][  0]LogConfig: Setting CVar [[r.VolumetricFog:1]]
[2026.05.13-00.25.36:809][  0]LogConfig: Setting CVar [[r.VolumetricFog.GridPixelSize:8]]
[2026.05.13-00.25.36:809][  0]LogConfig: Setting CVar [[r.VolumetricFog.GridSizeZ:128]]
[2026.05.13-00.25.36:809][  0]LogConfig: Setting CVar [[r.VolumetricFog.HistoryMissSupersampleCount:4]]
[2026.05.13-00.25.36:809][  0]LogConfig: Setting CVar [[r.LightMaxDrawDistanceScale:1]]
[2026.05.13-00.25.36:809][  0]LogConfig: Setting CVar [[r.CapsuleShadows:1]]
[2026.05.13-00.25.36:809][  0]LogConfig: Applying CVar settings from Section [PostProcessQuality@3] File [C:/UEProject/UnrealLearn/ALSV4/Saved/Config/Windows/Scalability.ini]
[2026.05.13-00.25.36:809][  0]LogConfig: Setting CVar [[r.MotionBlurQuality:4]]
[2026.05.13-00.25.36:809][  0]LogConfig: Setting CVar [[r.AmbientOcclusionMipLevelFactor:0.4]]
[2026.05.13-00.25.36:809][  0]LogConfig: Setting CVar [[r.AmbientOcclusionMaxQuality:100]]
[2026.05.13-00.25.36:809][  0]LogConfig: Setting CVar [[r.AmbientOcclusionLevels:-1]]
[2026.05.13-00.25.36:809][  0]LogConfig: Setting CVar [[r.AmbientOcclusionRadiusScale:1.0]]
[2026.05.13-00.25.36:809][  0]LogConfig: Setting CVar [[r.DepthOfFieldQuality:2]]
[2026.05.13-00.25.36:809][  0]LogConfig: Setting CVar [[r.RenderTargetPoolMin:400]]
[2026.05.13-00.25.36:809][  0]LogConfig: Setting CVar [[r.LensFlareQuality:2]]
[2026.05.13-00.25.36:809][  0]LogConfig: Setting CVar [[r.SceneColorFringeQuality:1]]
[2026.05.13-00.25.36:809][  0]LogConfig: Setting CVar [[r.EyeAdaptationQuality:2]]
[2026.05.13-00.25.36:809][  0]LogConfig: Setting CVar [[r.BloomQuality:5]]
[2026.05.13-00.25.36:809][  0]LogConfig: Setting CVar [[r.FastBlurThreshold:100]]
[2026.05.13-00.25.36:809][  0]LogConfig: Setting CVar [[r.Upscale.Quality:3]]
[2026.05.13-00.25.36:809][  0]LogConfig: Setting CVar [[r.Tonemapper.GrainQuantization:1]]
[2026.05.13-00.25.36:809][  0]LogConfig: Setting CVar [[r.LightShaftQuality:1]]
[2026.05.13-00.25.36:809][  0]LogConfig: Setting CVar [[r.Filter.SizeScale:1]]
[2026.05.13-00.25.36:809][  0]LogConfig: Setting CVar [[r.Tonemapper.Quality:5]]
[2026.05.13-00.25.36:809][  0]LogConfig: Setting CVar [[r.DOF.Gather.AccumulatorQuality:1        ; higher gathering accumulator quality]]
[2026.05.13-00.25.36:809][  0]LogConfig: Setting CVar [[r.DOF.Gather.PostfilterMethod:1          ; Median3x3 postfilering method]]
[2026.05.13-00.25.36:809][  0]LogConfig: Setting CVar [[r.DOF.Gather.EnableBokehSettings:0       ; no bokeh simulation when gathering]]
[2026.05.13-00.25.36:809][  0]LogConfig: Setting CVar [[r.DOF.Gather.RingCount:4                 ; medium number of samples when gathering]]
[2026.05.13-00.25.36:809][  0]LogConfig: Setting CVar [[r.DOF.Scatter.ForegroundCompositing:1    ; additive foreground scattering]]
[2026.05.13-00.25.36:809][  0]LogConfig: Setting CVar [[r.DOF.Scatter.BackgroundCompositing:2    ; additive background scattering]]
[2026.05.13-00.25.36:809][  0]LogConfig: Setting CVar [[r.DOF.Scatter.EnableBokehSettings:1      ; bokeh simulation when scattering]]
[2026.05.13-00.25.36:809][  0]LogConfig: Setting CVar [[r.DOF.Scatter.MaxSpriteRatio:0.1         ; only a maximum of 10% of scattered bokeh]]
[2026.05.13-00.25.36:809][  0]LogConfig: Setting CVar [[r.DOF.Recombine.Quality:1                ; cheap slight out of focus]]
[2026.05.13-00.25.36:809][  0]LogConfig: Setting CVar [[r.DOF.Recombine.EnableBokehSettings:0    ; no bokeh simulation on slight out of focus]]
[2026.05.13-00.25.36:809][  0]LogConfig: Setting CVar [[r.DOF.TemporalAAQuality:1                ; more stable temporal accumulation]]
[2026.05.13-00.25.36:810][  0]LogConfig: Setting CVar [[r.DOF.Kernel.MaxForegroundRadius:0.025]]
[2026.05.13-00.25.36:810][  0]LogConfig: Setting CVar [[r.DOF.Kernel.MaxBackgroundRadius:0.025]]
[2026.05.13-00.25.36:810][  0]LogConfig: Applying CVar settings from Section [TextureQuality@3] File [C:/UEProject/UnrealLearn/ALSV4/Saved/Config/Windows/Scalability.ini]
[2026.05.13-00.25.36:810][  0]LogConfig: Setting CVar [[r.Streaming.MipBias:0]]
[2026.05.13-00.25.36:810][  0]LogConfig: Setting CVar [[r.Streaming.AmortizeCPUToGPUCopy:0]]
[2026.05.13-00.25.36:810][  0]LogConfig: Setting CVar [[r.Streaming.MaxNumTexturesToStreamPerFrame:0]]
[2026.05.13-00.25.36:810][  0]LogConfig: Setting CVar [[r.Streaming.Boost:1]]
[2026.05.13-00.25.36:810][  0]LogConfig: Setting CVar [[r.MaxAnisotropy:8]]
[2026.05.13-00.25.36:810][  0]LogConfig: Setting CVar [[r.VT.MaxAnisotropy:8]]
[2026.05.13-00.25.36:810][  0]LogConfig: Setting CVar [[r.Streaming.LimitPoolSizeToVRAM:0]]
[2026.05.13-00.25.36:810][  0]LogConfig: Setting CVar [[r.Streaming.PoolSize:1000]]
[2026.05.13-00.25.36:810][  0]LogConfig: Setting CVar [[r.Streaming.MaxEffectiveScreenSize:0]]
[2026.05.13-00.25.36:810][  0]LogConfig: Applying CVar settings from Section [EffectsQuality@3] File [C:/UEProject/UnrealLearn/ALSV4/Saved/Config/Windows/Scalability.ini]
[2026.05.13-00.25.36:810][  0]LogConfig: Setting CVar [[r.TranslucencyLightingVolumeDim:64]]
[2026.05.13-00.25.36:810][  0]LogConfig: Setting CVar [[r.RefractionQuality:2]]
[2026.05.13-00.25.36:810][  0]LogConfig: Setting CVar [[r.SSR.Quality:3]]
[2026.05.13-00.25.36:810][  0]LogConfig: Setting CVar [[r.SSR.HalfResSceneColor:0]]
[2026.05.13-00.25.36:810][  0]LogConfig: Setting CVar [[r.SceneColorFormat:4]]
[2026.05.13-00.25.36:810][  0]LogConfig: Setting CVar [[r.DetailMode:2]]
[2026.05.13-00.25.36:810][  0]LogConfig: Setting CVar [[r.TranslucencyVolumeBlur:1]]
[2026.05.13-00.25.36:810][  0]LogConfig: Setting CVar [[r.MaterialQualityLevel:1 ; High quality]]
[2026.05.13-00.25.36:810][  0]LogConfig: Setting CVar [[r.AnisotropicMaterials:1]]
[2026.05.13-00.25.36:810][  0]LogConfig: Setting CVar [[r.SSS.Scale:1]]
[2026.05.13-00.25.36:810][  0]LogConfig: Setting CVar [[r.SSS.SampleSet:2]]
[2026.05.13-00.25.36:810][  0]LogConfig: Setting CVar [[r.SSS.Quality:1]]
[2026.05.13-00.25.36:810][  0]LogConfig: Setting CVar [[r.SSS.HalfRes:0]]
[2026.05.13-00.25.36:810][  0]LogConfig: Setting CVar [[r.SSGI.Quality:3]]
[2026.05.13-00.25.36:810][  0]LogConfig: Setting CVar [[r.EmitterSpawnRateScale:1.0]]
[2026.05.13-00.25.36:810][  0]LogConfig: Setting CVar [[r.ParticleLightQuality:2]]
[2026.05.13-00.25.36:810][  0]LogConfig: Setting CVar [[r.SkyAtmosphere.AerialPerspectiveLUT.FastApplyOnOpaque:1 ; Always have FastSkyLUT 1 in this case to avoid wrong sky]]
[2026.05.13-00.25.36:810][  0]LogConfig: Setting CVar [[r.SkyAtmosphere.AerialPerspectiveLUT.SampleCountMaxPerSlice:4]]
[2026.05.13-00.25.36:810][  0]LogConfig: Setting CVar [[r.SkyAtmosphere.AerialPerspectiveLUT.DepthResolution:16.0]]
[2026.05.13-00.25.36:810][  0]LogConfig: Setting CVar [[r.SkyAtmosphere.FastSkyLUT:1]]
[2026.05.13-00.25.36:810][  0]LogConfig: Setting CVar [[r.SkyAtmosphere.FastSkyLUT.SampleCountMin:4.0]]
[2026.05.13-00.25.36:810][  0]LogConfig: Setting CVar [[r.SkyAtmosphere.FastSkyLUT.SampleCountMax:128.0]]
[2026.05.13-00.25.36:810][  0]LogConfig: Setting CVar [[r.SkyAtmosphere.SampleCountMin:4.0]]
[2026.05.13-00.25.36:810][  0]LogConfig: Setting CVar [[r.SkyAtmosphere.SampleCountMax:128.0]]
[2026.05.13-00.25.36:810][  0]LogConfig: Setting CVar [[r.SkyAtmosphere.TransmittanceLUT.UseSmallFormat:0]]
[2026.05.13-00.25.36:810][  0]LogConfig: Setting CVar [[r.SkyAtmosphere.TransmittanceLUT.SampleCount:10.0]]
[2026.05.13-00.25.36:810][  0]LogConfig: Setting CVar [[r.SkyAtmosphere.MultiScatteringLUT.SampleCount:15.0]]
[2026.05.13-00.25.36:810][  0]LogConfig: Setting CVar [[r.SkyLight.RealTimeReflectionCapture:1]]
[2026.05.13-00.25.36:810][  0]LogConfig: Applying CVar settings from Section [FoliageQuality@3] File [C:/UEProject/UnrealLearn/ALSV4/Saved/Config/Windows/Scalability.ini]
[2026.05.13-00.25.36:810][  0]LogConfig: Setting CVar [[foliage.DensityScale:1.0]]
[2026.05.13-00.25.36:810][  0]LogConfig: Setting CVar [[grass.DensityScale:1.0]]
[2026.05.13-00.25.36:810][  0]LogConfig: Applying CVar settings from Section [ShadingQuality@3] File [C:/UEProject/UnrealLearn/ALSV4/Saved/Config/Windows/Scalability.ini]
[2026.05.13-00.25.36:810][  0]LogConfig: Setting CVar [[r.HairStrands.SkyLighting.IntegrationType:2]]
[2026.05.13-00.25.36:810][  0]LogConfig: Setting CVar [[r.HairStrands.SkyAO.SampleCount:4]]
[2026.05.13-00.25.36:810][  0]LogConfig: Setting CVar [[r.HairStrands.Visibility.MSAA.SamplePerPixel:4]]
[2026.05.13-00.25.36:810][  0]LogConfig: Applying CVar settings from Section [Startup] File [../../../Engine/Config/ConsoleVariables.ini]
[2026.05.13-00.25.36:810][  0]LogConfig: Setting CVar [[net.UseAdaptiveNetUpdateFrequency:0]]
[2026.05.13-00.25.36:810][  0]LogConfig: Setting CVar [[p.chaos.AllowCreatePhysxBodies:1]]
[2026.05.13-00.25.36:810][  0]LogConfig: Setting CVar [[fx.SkipVectorVMBackendOptimizations:1]]
[2026.05.13-00.25.36:810][  0]LogConfig: Applying CVar settings from Section [ConsoleVariables] File [C:/UEProject/UnrealLearn/ALSV4/Saved/Config/Windows/Engine.ini]
[2026.05.13-00.25.36:810][  0]LogConfig: Applying CVar settings from Section [ConsoleVariables] File [C:/UEProject/UnrealLearn/ALSV4/Saved/Config/Windows/Editor.ini]
[2026.05.13-00.25.36:810][  0]LogInit: Computer: MANKA-D-D-6017
[2026.05.13-00.25.36:810][  0]LogInit: User: LiamChen
[2026.05.13-00.25.36:810][  0]LogInit: CPU Page size=4096, Cores=16
[2026.05.13-00.25.36:810][  0]LogInit: High frequency timer resolution =10.000000 MHz
[2026.05.13-00.25.36:810][  0]LogMemory: Memory total: Physical=13.7GB (14GB approx)
[2026.05.13-00.25.36:810][  0]LogMemory: Platform Memory Stats for Windows
[2026.05.13-00.25.36:810][  0]LogMemory: Process Physical Memory: 155.80 MB used, 155.80 MB peak
[2026.05.13-00.25.36:810][  0]LogMemory: Process Virtual Memory: 136.77 MB used, 136.77 MB peak
[2026.05.13-00.25.36:810][  0]LogMemory: Physical Memory: 9030.17 MB used,  4956.27 MB free, 13986.44 MB total
[2026.05.13-00.25.36:810][  0]LogMemory: Virtual Memory: 134202800.00 MB used,  14930.67 MB free, 134217728.00 MB total
[2026.05.13-00.25.36:815][  0]LogWindows: WindowsPlatformFeatures enabled
[2026.05.13-00.25.36:830][  0]LogInit: Physics initialised using underlying interface: PhysX
[2026.05.13-00.25.36:831][  0]LogInit: Overriding language with editor language configuration option (en).
[2026.05.13-00.25.36:831][  0]LogInit: Overriding language with editor locale configuration option (en).
[2026.05.13-00.25.36:946][  0]LogInit: Setting process to per monitor DPI aware
[2026.05.13-00.25.37:003][  0]LogWindowsTextInputMethodSystem: Display: IME system deactivated.
[2026.05.13-00.25.37:011][  0]LogSlate: New Slate User Created.  User Index 0, Is Virtual User: 0
[2026.05.13-00.25.37:011][  0]LogSlate: Slate User Registered.  User Index 0, Is Virtual User: 0
[2026.05.13-00.25.37:066][  0]LogD3D11RHI: Loaded GFSDK_Aftermath_Lib.x64.dll
[2026.05.13-00.25.37:074][  0]LogHMD: Failed to initialize OpenVR with code 110
[2026.05.13-00.25.37:074][  0]LogD3D11RHI: D3D11 min allowed feature level: 11_0
[2026.05.13-00.25.37:074][  0]LogD3D11RHI: D3D11 max allowed feature level: 11_0
[2026.05.13-00.25.37:074][  0]LogD3D11RHI: D3D11 adapters:
[2026.05.13-00.25.37:206][  0]LogD3D11RHI:    0. 'NVIDIA GeForce RTX 4070' (Feature Level 11_0)
[2026.05.13-00.25.37:206][  0]LogD3D11RHI:       12012/0/6993 MB DedicatedVideo/DedicatedSystem/SharedSystem, Outputs:1, VendorId:0x10de
[2026.05.13-00.25.37:227][  0]LogD3D11RHI:    1. 'Intel(R) UHD Graphics 770' (Feature Level 11_0)
[2026.05.13-00.25.37:227][  0]LogD3D11RHI:       2048/0/6993 MB DedicatedVideo/DedicatedSystem/SharedSystem, Outputs:1, VendorId:0x8086
[2026.05.13-00.25.37:229][  0]LogD3D11RHI:    2. 'Microsoft Basic Render Driver' (Feature Level 11_0)
[2026.05.13-00.25.37:229][  0]LogD3D11RHI:       0/0/6993 MB DedicatedVideo/DedicatedSystem/SharedSystem, Outputs:0, VendorId:0x1414
[2026.05.13-00.25.37:229][  0]LogD3D11RHI: Chosen D3D11 Adapter:
[2026.05.13-00.25.37:229][  0]LogD3D11RHI:     Description : NVIDIA GeForce RTX 4070
[2026.05.13-00.25.37:229][  0]LogD3D11RHI:     VendorId    : 10de
[2026.05.13-00.25.37:230][  0]LogD3D11RHI:     DeviceId    : 2786
[2026.05.13-00.25.37:230][  0]LogD3D11RHI:     SubSysId    : 513a1028
[2026.05.13-00.25.37:230][  0]LogD3D11RHI:     Revision    : 00a1
[2026.05.13-00.25.37:230][  0]LogD3D11RHI:     DedicatedVideoMemory : 12595494912 bytes
[2026.05.13-00.25.37:230][  0]LogD3D11RHI:     DedicatedSystemMemory : 0 bytes
[2026.05.13-00.25.37:230][  0]LogD3D11RHI:     SharedSystemMemory : 7332921344 bytes
[2026.05.13-00.25.37:230][  0]LogD3D11RHI:     AdapterLuid : 0 56869
[2026.05.13-00.25.37:235][  0]LogD3D11RHI: Creating new Direct3DDevice
[2026.05.13-00.25.37:235][  0]LogD3D11RHI:     GPU DeviceId: 0x2786 (for the marketing name, search the web for "GPU Device Id")
[2026.05.13-00.25.37:235][  0]LogWindows: EnumDisplayDevices:
[2026.05.13-00.25.37:235][  0]LogWindows:    0. 'NVIDIA GeForce RTX 4070' (P:1 D:1)
[2026.05.13-00.25.37:236][  0]LogWindows:    1. 'NVIDIA GeForce RTX 4070' (P:0 D:0)
[2026.05.13-00.25.37:236][  0]LogWindows:    2. 'NVIDIA GeForce RTX 4070' (P:0 D:0)
[2026.05.13-00.25.37:236][  0]LogWindows:    3. 'NVIDIA GeForce RTX 4070' (P:0 D:0)
[2026.05.13-00.25.37:236][  0]LogWindows:    4. 'Intel(R) UHD Graphics 770' (P:0 D:1)
[2026.05.13-00.25.37:236][  0]LogWindows:    5. 'Intel(R) UHD Graphics 770' (P:0 D:0)
[2026.05.13-00.25.37:236][  0]LogWindows:    6. 'Intel(R) UHD Graphics 770' (P:0 D:0)
[2026.05.13-00.25.37:236][  0]LogWindows:    7. 'Intel(R) UHD Graphics 770' (P:0 D:0)
[2026.05.13-00.25.37:236][  0]LogWindows: DebugString: PrimaryIsNotTheChoosenAdapter PrimaryIsNotTheChoosenAdapter PrimaryIsNotTheChoosenAdapter PrimaryIsNotTheChoosenAdapter FoundDriverCount:4 
[2026.05.13-00.25.37:236][  0]LogD3D11RHI:     Adapter Name: NVIDIA GeForce RTX 4070
[2026.05.13-00.25.37:236][  0]LogD3D11RHI:   Driver Version: 581.95 (internal:32.0.15.8195, unified:581.95)
[2026.05.13-00.25.37:236][  0]LogD3D11RHI:      Driver Date: 11-18-2025
[2026.05.13-00.25.37:236][  0]LogRHI: Texture pool is 8408 MB (70% of 12012 MB)
[2026.05.13-00.25.37:236][  0]LogD3D11RHI: Creating D3DDevice using adapter:
[2026.05.13-00.25.37:236][  0]LogD3D11RHI:     Description : NVIDIA GeForce RTX 4070
[2026.05.13-00.25.37:236][  0]LogD3D11RHI:     VendorId    : 10de
[2026.05.13-00.25.37:236][  0]LogD3D11RHI:     DeviceId    : 2786
[2026.05.13-00.25.37:236][  0]LogD3D11RHI:     SubSysId    : 513a1028
[2026.05.13-00.25.37:236][  0]LogD3D11RHI:     Revision    : 00a1
[2026.05.13-00.25.37:237][  0]LogD3D11RHI:     DedicatedVideoMemory : 12595494912 bytes
[2026.05.13-00.25.37:237][  0]LogD3D11RHI:     DedicatedSystemMemory : 0 bytes
[2026.05.13-00.25.37:237][  0]LogD3D11RHI:     SharedSystemMemory : 7332921344 bytes
[2026.05.13-00.25.37:237][  0]LogD3D11RHI:     AdapterLuid : 0 56869
[2026.05.13-00.25.37:344][  0]LogD3D11RHI: RHI has support for 64 bit atomics
[2026.05.13-00.25.37:345][  0]LogD3D11RHI: Async texture creation enabled
[2026.05.13-00.25.37:345][  0]LogD3D11RHI: Array index from any shader is supported
[2026.05.13-00.25.37:345][  0]LogD3D11RHI: HDR output is supported on display 0 (NvId: 0x80061083).
[2026.05.13-00.25.37:362][  0]LogD3D11RHI: GPU Timing Frequency: 1000.000000 (Debug: 2 2)
[2026.05.13-00.25.37:381][  0]LogRHI: GeForceNow SDK initialized: 1
[2026.05.13-00.25.37:575][  0]LogTargetPlatformManager: Display: Loaded TargetPlatform 'AllDesktop'
[2026.05.13-00.25.37:588][  0]LogTargetPlatformManager: Display: Loaded TargetPlatform 'Android'
[2026.05.13-00.25.37:588][  0]LogTargetPlatformManager: Display: Loaded TargetPlatform 'Android_ASTC'
[2026.05.13-00.25.37:588][  0]LogTargetPlatformManager: Display: Loaded TargetPlatform 'Android_DXT'
[2026.05.13-00.25.37:588][  0]LogTargetPlatformManager: Display: Loaded TargetPlatform 'Android_ETC2'
[2026.05.13-00.25.37:588][  0]LogTargetPlatformManager: Display: Loaded TargetPlatform 'AndroidClient'
[2026.05.13-00.25.37:588][  0]LogTargetPlatformManager: Display: Loaded TargetPlatform 'Android_ASTCClient'
[2026.05.13-00.25.37:588][  0]LogTargetPlatformManager: Display: Loaded TargetPlatform 'Android_DXTClient'
[2026.05.13-00.25.37:588][  0]LogTargetPlatformManager: Display: Loaded TargetPlatform 'Android_ETC2Client'
[2026.05.13-00.25.37:588][  0]LogTargetPlatformManager: Display: Loaded TargetPlatform 'Android_Multi'
[2026.05.13-00.25.37:588][  0]LogTargetPlatformManager: Display: Loaded TargetPlatform 'Android_MultiClient'
[2026.05.13-00.25.37:600][  0]LogTargetPlatformManager: Display: Loaded TargetPlatform 'IOSClient'
[2026.05.13-00.25.37:601][  0]LogTargetPlatformManager: Display: Loaded TargetPlatform 'IOS'
[2026.05.13-00.25.37:607][  0]LogTargetPlatformManager: Display: Loaded TargetPlatform 'Linux'
[2026.05.13-00.25.37:610][  0]LogTargetPlatformManager: Display: Loaded TargetPlatform 'LinuxNoEditor'
[2026.05.13-00.25.37:614][  0]LogTargetPlatformManager: Display: Loaded TargetPlatform 'LinuxClient'
[2026.05.13-00.25.37:617][  0]LogTargetPlatformManager: Display: Loaded TargetPlatform 'LinuxServer'
[2026.05.13-00.25.37:622][  0]LogTargetPlatformManager: Display: Loaded TargetPlatform 'LinuxAArch64NoEditor'
[2026.05.13-00.25.37:625][  0]LogTargetPlatformManager: Display: Loaded TargetPlatform 'LinuxAArch64Client'
[2026.05.13-00.25.37:629][  0]LogTargetPlatformManager: Display: Loaded TargetPlatform 'LinuxAArch64Server'
[2026.05.13-00.25.37:642][  0]LogTargetPlatformManager: Display: Loaded TargetPlatform 'Lumin'
[2026.05.13-00.25.37:642][  0]LogTargetPlatformManager: Display: Loaded TargetPlatform 'LuminClient'
[2026.05.13-00.25.37:647][  0]LogTargetPlatformManager: Display: Loaded TargetPlatform 'MacNoEditor'
[2026.05.13-00.25.37:650][  0]LogTargetPlatformManager: Display: Loaded TargetPlatform 'Mac'
[2026.05.13-00.25.37:653][  0]LogTargetPlatformManager: Display: Loaded TargetPlatform 'MacClient'
[2026.05.13-00.25.37:656][  0]LogTargetPlatformManager: Display: Loaded TargetPlatform 'MacServer'
[2026.05.13-00.25.37:663][  0]LogTargetPlatformManager: Display: Loaded TargetPlatform 'TVOSClient'
[2026.05.13-00.25.37:663][  0]LogTargetPlatformManager: Display: Loaded TargetPlatform 'TVOS'
[2026.05.13-00.25.37:669][  0]LogTargetPlatformManager: Display: Loaded TargetPlatform 'WindowsNoEditor'
[2026.05.13-00.25.37:672][  0]LogTargetPlatformManager: Display: Loaded TargetPlatform 'Windows'
[2026.05.13-00.25.37:675][  0]LogTargetPlatformManager: Display: Loaded TargetPlatform 'WindowsClient'
[2026.05.13-00.25.37:679][  0]LogTargetPlatformManager: Display: Loaded TargetPlatform 'WindowsServer'
[2026.05.13-00.25.37:679][  0]LogTargetPlatformManager: Display: Building Assets For Windows
[2026.05.13-00.25.37:684][  0]LogAudioDebug: Display: Lib vorbis DLL was dynamically loaded.
[2026.05.13-00.25.37:707][  0]LogTextureFormatOodle: Display: Oodle Texture 2.9.0 init RDO Off
[2026.05.13-00.25.37:732][  0]LogRendererCore: Ray tracing is disabled. Reason: r.RayTracing=0.
[2026.05.13-00.25.37:732][  0]LogShaderCompilers: Guid format shader working directory is 3 characters bigger than the processId version (../../../../../../UEProject/UnrealLearn/ALSV4/Intermediate/Shaders/WorkingDirectory/32012/).
[2026.05.13-00.25.37:732][  0]LogShaderCompilers: Cleaned the shader compiler working directory 'C:/Users/LiamChen/AppData/Local/Temp/UnrealShaderWorkingDir/2323F97947DB4BAF94331EBC818EA109/'.
[2026.05.13-00.25.37:732][  0]LogXGEController: Cannot use XGE Controller as Incredibuild is not installed on this machine.
[2026.05.13-00.25.37:732][  0]LogShaderCompilers: Cannot use XGE Shader Compiler as Incredibuild is not installed on this machine.
[2026.05.13-00.25.37:732][  0]LogShaderCompilers: Display: Using Local Shader Compiler.
[2026.05.13-00.25.38:191][  0]LogDerivedDataCache: Display: Max Cache Size: 512 MB
[2026.05.13-00.25.38:236][  0]LogDerivedDataCache: Loaded boot cache 0.05s 94MB C:/Users/LiamChen/AppData/Local/UnrealEngine/4.27/DerivedDataCache/Boot.ddc.
[2026.05.13-00.25.38:236][  0]LogDerivedDataCache: Display: Loaded Boot cache: C:/Users/LiamChen/AppData/Local/UnrealEngine/4.27/DerivedDataCache/Boot.ddc
[2026.05.13-00.25.38:236][  0]LogDerivedDataCache: FDerivedDataBackendGraph:  Pak pak cache file ../../../../../../UEProject/UnrealLearn/ALSV4/DerivedDataCache/DDC.ddp not found, will not use a pak cache.
[2026.05.13-00.25.38:236][  0]LogDerivedDataCache: Unable to find inner node Pak for hierarchical cache Hierarchy.
[2026.05.13-00.25.38:236][  0]LogDerivedDataCache: FDerivedDataBackendGraph:  CompressedPak pak cache file ../../../../../../UEProject/UnrealLearn/ALSV4/DerivedDataCache/Compressed.ddp not found, will not use a pak cache.
[2026.05.13-00.25.38:236][  0]LogDerivedDataCache: Unable to find inner node CompressedPak for hierarchical cache Hierarchy.
[2026.05.13-00.25.38:248][  0]LogDerivedDataCache: Display: Pak cache opened for reading ../../../Engine/DerivedDataCache/Compressed.ddp.
[2026.05.13-00.25.38:248][  0]LogDerivedDataCache: FDerivedDataBackendGraph:  EnterprisePak pak cache file ../../../Enterprise/DerivedDataCache/Compressed.ddp not found, will not use a pak cache.
[2026.05.13-00.25.38:248][  0]LogDerivedDataCache: Unable to find inner node EnterprisePak for hierarchical cache Hierarchy.
[2026.05.13-00.25.38:259][  0]LogDerivedDataCache: Speed tests for C:/Users/LiamChen/AppData/Local/UnrealEngine/Common/DerivedDataCache took 0.01 seconds
[2026.05.13-00.25.38:259][  0]LogDerivedDataCache: Display: Performance to C:/Users/LiamChen/AppData/Local/UnrealEngine/Common/DerivedDataCache: Latency=0.02ms. RandomReadSpeed=1839.14MBs, RandomWriteSpeed=89.53MBs. Assigned SpeedClass 'Local'
[2026.05.13-00.25.38:260][  0]LogDerivedDataCache: Using Local data cache path C:/Users/LiamChen/AppData/Local/UnrealEngine/Common/DerivedDataCache: Writable
[2026.05.13-00.25.38:260][  0]LogDerivedDataCache: Shared data cache path not found in *engine.ini, will not use an Shared cache.
[2026.05.13-00.25.38:260][  0]LogDerivedDataCache: Unable to find inner node Shared for hierarchical cache Hierarchy.
[2026.05.13-00.25.38:288][  0]LogSlate: Using FreeType 2.10.0
[2026.05.13-00.25.38:289][  0]LogSlate: SlateFontServices - WITH_FREETYPE: 1, WITH_HARFBUZZ: 1
[2026.05.13-00.25.38:306][  0]LogAssetRegistry: FAssetRegistry took 0.0019 seconds to start up
[2026.05.13-00.25.38:437][  0]LogInit: Selected Device Profile: [Windows]
[2026.05.13-00.25.38:437][  0]LogInit: Active device profile: [000002598DBC8B00][000002598C3AC200 49] Windows
[2026.05.13-00.25.38:437][  0]LogInit: Profiles: [000002598DBC8B00][000002598C3AC200 49] Windows, [000002598DB8A100][000002598C3B4380 49] WindowsNoEditor, [000002598DBC9900][000002598C3B8500 49] WindowsServer, [000002598DB8AE00][000002598C3B0640 49] WindowsClient, [000002598DBCBC00][000002598C3BC780 49] IOS, [000002598DB88F00][000002598C3C08C0 49] iPadAir, [000002598DBCBE00][000002598C3C8A40 49] iPadAir2, [000002598DB40C00][000002598C3D0D00 49] IPadPro, [000002598DB40D00][000002598C3CCD40 49] iPadAir3, [000002598DB8BB00][000002598C3D4EC0 49] iPadAir4, [000002598DB43600][000002598C3D9040 49] iPadMini2, [000002598DB8B200][000002598C3DD1C0 49] iPadMini3, [000002598DB43800][000002598C3E1340 49] iPadMini4, [000002598DB8B800][000002598C3E54C0 49] iPadMini5, [000002598DBB4600][000002598C3ED780 49] iPhone6, [000002598DBB4700][000002598C3E97C0 49] iPodTouch6, [000002598DBCA900][000002598C3F5A80 49] iPhone7, [000002598DBCA800][000002598C3F1AC0 49] iPodTouch7, [000002598DBB4100][000002598C3F80C0 49] iPhone5S, [000002598DB40700][000002598C3FC240 49] iPhone6Plus, [000002598DBB6500][000002598C4003C0 49] iPhone6S, [000002598DB41300][000002598C404540 49] iPhone6SPlus, [000002598DBB7B00][000002598C4086C0 49] iPhone7Plus, [000002598DB43500][000002598C3C4800 49] iPhoneSE, [000002598DBCA600][000002598C40C940 49] iPhone8, [000002598DB40600][000002598D672A80 49] iPhone8Plus, [000002598DBCA200][000002598D676BC0 49] iPhoneX, [000002598DB43300][000002598D67ED40 49] iPhoneXS, [000002598DBCB400][000002598D682EC0 49] iPhoneXSMax, [000002598DB42D00][000002598D687040 49] iPhoneXR, [000002598DBC8200][000002598D68B1C0 49] iPhone11, [000002598DB41E00][000002598D68F340 49] iPhone11Pro, [000002598DBCAA00][000002598D6934C0 49] iPhone11ProMax, [000002598DB43700][000002598D697640 49] iPhoneSE2, [000002598DBC8D00][000002598D69B7C0 49] iPhone12Mini, [000002598DB41F00][000002598D69F940 49] iPhone12, [000002598DBC8700][000002598D6A3AC0 49] iPhone12Pro, [000002598DB41400][000002598D6A60C0 49] iPhone12ProMax, [000002598DBC8C00][000002598D6AA240 49] iPadPro105, [000002598DB41700][000002598D6AE3C0 49] iPadPro129, [000002598DBC8100][000002598D6B2540 49] iPadPro97, [000002598DB43C00][000002598D6B66C0 49] iPadPro2_129, [000002598DBC8800][000002598D6BA840 49] iPad5, [000002598DB43100][000002598D67A980 49] iPad6, [000002598DBC8500][000002598D6BEAC0 49] iPad7, [000002598DB42800][000002598D6C2C00 49] iPad8, [000002598DBC9500][000002598D6C6D40 49] iPadPro11, [000002598DB41500][000002598D6CEEC0 49] iPadPro2_11, [000002598DBC8F00][000002598D6D3040 49] iPadPro3_129, [000002598DB42C00][000002598D6D71C0 49] iPadPro4_129, [000002598DBCA500][000002598D6DB340 49] AppleTV, [000002598DB41100][000002598D6DF4C0 49] AppleTV4K, [000002598DBC8400][000002598D6E3640 49] TVOS, [000002598DB42600][000002598D6E77C0 49] Mac, [000002598DBCBD00][000002598D6EB940 49] MacClient, [000002598DB41800][000002598D6EFAC0 49] MacNoEditor, [000002598DBCB100][000002598D6F20C0 49] MacServer, [000002598DB43900][000002598D6F6240 49] Linux, [000002598DBC8900][000002598D6FA3C0 49] LinuxAArch64, [000002598DB43F00][000002598D6FE540 49] LinuxNoEditor, [000002598DBC9B00][000002598D7026C0 49] LinuxAArch64NoEditor, [000002598DB43400][000002598D706840 49] LinuxClient, [000002598DBC9C00][000002598D70A9C0 49] LinuxAArch64Client, [000002598DB41D00][000002598D70EB40 49] LinuxServer, [000002598DBCAF00][000002598D6CAC80 49] LinuxAArch64Server, [000002598DB40500][000002598D712DC0 49] Android, [000002598DBC9E00][000002598D716F00 49] Android_Low, [000002598DB43000][000002598D71F080 49] Android_Mid, [000002598DBCA400][000002598D723200 49] Android_High, [000002598DB40800][000002598D727380 49] Android_Default, [000002598DBCB200][000002598D72B500 49] Android_Adreno4xx, [000002598DB8A400][000002598D72F680 49] Android_Adreno5xx_Low, [000002598DBB5C00][000002598D733800 49] Android_Adreno5xx, [000002598DB8BD00][000002598D737980 49] Android_Adreno6xx, [000002598DBB6B00][000002598D73BB00 49] Android_Adreno6xx_Vulkan, [000002598DB8BE00][000002598D73E100 49] Android_Mali_T6xx, [000002598DBB4F00][000002598D742280 49] Android_Mali_T7xx, [000002598DB89300][000002598D7B6400 49] Android_Mali_T8xx, [000002598DBB5F00][000002598D7BA580 49] Android_Mali_G71, [000002598DB89C00][000002598D7BE700 49] Android_Mali_G72, [000002598DBB6400][000002598D7CA880 49] Android_Mali_G72_Vulkan, [000002598DB8B600][0000025986700A00 49] Android_Mali_G76, [000002598DBB6100][000002598670CB80 49] Android_Mali_G76_Vulkan, [000002598DB89B00][000002598D7F6D00 49] Android_Mali_G77, [000002598DBB4A00][000002598D71AE40 49] Android_Mali_G77_Vulkan, [000002598DB8B400][0000025985FE4F80 49] Android_Mali_G78, [000002598DBB5300][0000025985FE90C0 49] Android_Mali_G78_Vulkan, [000002598DB8A900][0000025985FF1240 49] Android_Mali_G710, [000002598DBB7D00][0000025985FF53C0 49] Android_Mali_G710_Vulkan, [000002598DB89E00][0000025985FF9540 49] Android_Vulkan_SM5, [000002598DBB4900][00000259860016C0 49] Android_PowerVR_G6xxx, [000002598DB89F00][000002598EBCF840 49] Android_PowerVR_GT7xxx, [000002598DBB6700][000002598EBD79C0 49] Android_PowerVR_GE8xxx, [000002598DB8A300][000002598EBDBB40 49] Android_PowerVR_GM9xxx, [000002598DBB7200][000002598EBDE140 49] Android_PowerVR_GM9xxx_Vulkan, [000002598DB8B000][000002598EC082C0 49] Android_TegraK1, [000002598DBB5700][000002598EC0C440 49] Android_Unknown_Vulkan, [000002598DB8B700][000002598EC185C0 49] Lumin, [000002598DBB4200][000002598EC2C740 49] Lumin_Desktop, [000002598DB8A200][00000259860588C0 49] HoloLens, 
[2026.05.13-00.25.38:517][  0]LogMeshReduction: Using QuadricMeshReduction for automatic static mesh reduction
[2026.05.13-00.25.38:517][  0]LogMeshReduction: Using SimplygonMeshReduction for automatic skeletal mesh reduction
[2026.05.13-00.25.38:517][  0]LogMeshReduction: Using ProxyLODMeshReduction for automatic mesh merging
[2026.05.13-00.25.38:517][  0]LogMeshReduction: No distributed automatic mesh merging module available
[2026.05.13-00.25.38:517][  0]LogMeshMerging: No distributed automatic mesh merging module available
[2026.05.13-00.25.38:526][  0]LogNetVersion: ALSV4 1.0.0, NetCL: 17155196, EngineNetVer: 17, GameNetVer: 0 (Checksum: 1428757274)
[2026.05.13-00.25.38:748][  0]LogTexture: Default maximum texture size for cubemaps generated from long-lat sources has been changed from 512 to unlimited. In order to preserve old behaiour for '/Engine/MapTemplates/Sky/DaylightAmbientCubemap.DaylightAmbientCubemap', its maximum texture size has been explicitly set to 512.
[2026.05.13-00.25.38:784][  0]LogHMD: PokeAHoleMaterial loaded successfully
[2026.05.13-00.25.38:788][  0]LogUObjectArray: 17178 objects as part of root set at end of initial load.
[2026.05.13-00.25.38:788][  0]LogUObjectAllocator: 4302048 out of 0 bytes used by permanent object pool.
[2026.05.13-00.25.38:788][  0]LogUObjectArray: CloseDisregardForGC: 0/0 objects in disregard for GC pool
[2026.05.13-00.25.38:895][  0]LogNiagaraDebuggerClient: Niagara Debugger Client Initialized | Session: EE5883CC4B2E80370603779D0EEAD161 | Instance: 946AA35B4472A445CE0A0BB4B97484CE (MANKA-D-D-6017-32012).
[2026.05.13-00.25.39:055][  0]LogTcpMessaging: Initializing TcpMessaging bridge
[2026.05.13-00.25.39:062][  0]LogPython: Using Python 3.7.7
[2026.05.13-00.25.39:355][  0]LogUdpMessaging: Initializing bridge on interface 0.0.0.0:0 to multicast group 230.0.0.1:6666.
[2026.05.13-00.25.39:566][  0]SourceControl: Source control is disabled
[2026.05.13-00.25.39:566][  0]SourceControl: Source control is disabled
[2026.05.13-00.25.39:568][  0]SourceControl: Source control is disabled
[2026.05.13-00.25.39:571][  0]SourceControl: Source control is disabled
[2026.05.13-00.25.39:585][  0]SourceControl: Source control is disabled
[2026.05.13-00.25.39:587][  0]LogUProjectInfo: Found projects:
[2026.05.13-00.25.39:636][  0]LogOpenImageDenoise: OIDN starting up
[2026.05.13-00.25.39:666][  0]LogAudioCaptureCore: Display: No Audio Capture implementations found. Audio input will be silent.
[2026.05.13-00.25.39:666][  0]LogAudioCaptureCore: Display: No Audio Capture implementations found. Audio input will be silent.
[2026.05.13-00.25.39:671][  0]LogAndroidPermission: UAndroidPermissionCallbackProxy::GetInstance
[2026.05.13-00.25.39:762][  0]LogCollectionManager: Loaded 0 collections in 0.001216 seconds
[2026.05.13-00.25.39:780][  0]LogFileCache: Scanning file cache for directory 'C:/UEProject/UnrealLearn/ALSV4/Saved/Collections/' took 0.00s
[2026.05.13-00.25.39:780][  0]LogFileCache: Scanning file cache for directory 'C:/UEProject/UnrealLearn/ALSV4/Content/Developers/LiamChen/Collections/' took 0.00s
[2026.05.13-00.25.39:780][  0]LogFileCache: Scanning file cache for directory 'C:/UEProject/UnrealLearn/ALSV4/Content/Collections/' took 0.00s
[2026.05.13-00.25.39:780][  0]LogOcInput: OculusInput pre-init called
[2026.05.13-00.25.39:939][  0]LogEngine: Initializing Engine...
[2026.05.13-00.25.39:941][  0]LogHMD: Failed to enumerate extensions. Please check that you have a valid OpenXR runtime installed.
[2026.05.13-00.25.39:941][  0]LogHMD: Failed to initialize OpenVR with code 110
[2026.05.13-00.25.39:941][  0]LogMagicLeap: Warning: VR disabled because ZI is not enabled.  To enable, in the editor, Edit -> Project Settings -> Plugins -> Magic Leap Plugin -> Enable Zero Iteration
[2026.05.13-00.25.39:942][  0]LogStats: UGameplayTagsManager::InitializeManager -  0.000 s
[2026.05.13-00.25.40:016][  0]LogInit: Initializing FReadOnlyCVARCache
[2026.05.13-00.25.40:022][  0]LogAIModule: Creating AISystem for world Untitled
[2026.05.13-00.25.40:025][  0]LogAudio: Display: Initializing Audio Device Manager...
[2026.05.13-00.25.40:029][  0]LogAudio: Display: Loading Default Audio Settings Objects...
[2026.05.13-00.25.40:029][  0]LogAudio: Display: No default SoundConcurrencyObject specified (or failed to load).
[2026.05.13-00.25.40:029][  0]LogAudio: Display: Audio Device Manager Initialized
[2026.05.13-00.25.40:029][  0]LogAudio: Display: Creating Audio Device:                 Id: 1, Scope: Shared, Realtime: True
[2026.05.13-00.25.40:029][  0]LogAudioMixer: Display: Audio Mixer Platform Settings:
[2026.05.13-00.25.40:029][  0]LogAudioMixer: Display: 	Sample Rate:						  48000
[2026.05.13-00.25.40:029][  0]LogAudioMixer: Display: 	Callback Buffer Frame Size Requested: 1024
[2026.05.13-00.25.40:029][  0]LogAudioMixer: Display: 	Callback Buffer Frame Size To Use:	  1024
[2026.05.13-00.25.40:029][  0]LogAudioMixer: Display: 	Number of buffers to queue:			  2
[2026.05.13-00.25.40:029][  0]LogAudioMixer: Display: 	Max Channels (voices):				  32
[2026.05.13-00.25.40:029][  0]LogAudioMixer: Display: 	Number of Async Source Workers:		  0
[2026.05.13-00.25.40:029][  0]LogAudio: Display: AudioDevice MaxSources: 32
[2026.05.13-00.25.40:030][  0]LogAudio: Display: Audio Spatialization Plugin: None (built-in).
[2026.05.13-00.25.40:030][  0]LogAudio: Display: Audio Reverb Plugin: None (built-in).
[2026.05.13-00.25.40:030][  0]LogAudio: Display: Audio Occlusion Plugin: None (built-in).
[2026.05.13-00.25.40:030][  0]LogAudioMixer: Display: Initializing audio mixer.
[2026.05.13-00.25.40:037][  0]LogAudioMixer: Display: 0: FrontLeft
[2026.05.13-00.25.40:037][  0]LogAudioMixer: Display: 1: FrontRight
[2026.05.13-00.25.40:051][  0]LogAudioMixer: Display: Using Audio Device Headphones (WF-1000XM4)
[2026.05.13-00.25.40:052][  0]LogAudioMixer: Display: Initializing Sound Submixes...
[2026.05.13-00.25.40:053][  0]LogAudioMixer: Display: Creating Master Submix 'MasterSubmixDefault'
[2026.05.13-00.25.40:053][  0]LogAudioMixer: Display: Creating Master Submix 'MasterReverbSubmixDefault'
[2026.05.13-00.25.40:054][  0]LogAudioMixer: Display: Creating Master Submix 'MasterEQSubmixDefault'
[2026.05.13-00.25.40:054][  0]LogAudioMixer: FMixerPlatformXAudio2::StartAudioStream() called
[2026.05.13-00.25.40:054][  0]LogAudioMixer: Display: Output buffers initialized: Frames=1024, Channels=2, Samples=2048
[2026.05.13-00.25.40:055][  0]LogAudioMixer: Display: Starting AudioMixerPlatformInterface::RunInternal()
[2026.05.13-00.25.40:055][  0]LogAudioMixer: Display: FMixerPlatformXAudio2::SubmitBuffer() called for the first time
[2026.05.13-00.25.40:055][  0]LogInit: FAudioDevice initialized.
[2026.05.13-00.25.40:055][  0]LogAudio: Display: Audio Device (ID: 1) registered with world 'Untitled'.
[2026.05.13-00.25.40:055][  0]LogNetVersion: Set ProjectVersion to 1.0.0.0. Version Checksum will be recalculated on next use.
[2026.05.13-00.25.40:097][  0]LogDerivedDataCache: Saved boot cache 0.04s 94MB C:/Users/LiamChen/AppData/Local/UnrealEngine/4.27/DerivedDataCache/Boot.ddc.
[2026.05.13-00.25.40:098][  0]LogInit: Texture streaming: Enabled
[2026.05.13-00.25.40:115][  0]LogAnalytics: Display: [UEEditor.Rocket.Release] APIServer = https://datarouter.ol.epicgames.com/. AppVersion = 4.27.2-18319896+++UE4+Release-4.27
[2026.05.13-00.25.40:118][  0]LogEngineSessionManager: EngineSessionManager initialized
[2026.05.13-00.25.40:118][  0]LogEngineSessionManager: EngineSessionManager sent abnormal shutdown report. Type=Crashed, SessionId={99B90275-4DAC-0AF2-CA39-C585518995C4}
[2026.05.13-00.25.40:118][  0]LogEditorSessionSummary: Verbose: Initializing EditorSessionSummaryWriter for editor session tracking
[2026.05.13-00.25.40:119][  0]LogEditorSessionSummary: EditorSessionSummaryWriter initialized
[2026.05.13-00.25.40:137][  0]LogInit: Transaction tracking system initialized
[2026.05.13-00.25.40:153][  0]BlueprintLog: New page: Editor Load
[2026.05.13-00.25.40:195][  0]LocalizationService: Localization service is disabled
[2026.05.13-00.25.40:212][  0]TimingProfiler: Initialize
[2026.05.13-00.25.40:212][  0]TimingProfiler: OnSessionChanged
[2026.05.13-00.25.40:212][  0]LoadingProfiler: Initialize
[2026.05.13-00.25.40:212][  0]LoadingProfiler: OnSessionChanged
[2026.05.13-00.25.40:212][  0]NetworkingProfiler: Initialize
[2026.05.13-00.25.40:212][  0]NetworkingProfiler: OnSessionChanged
[2026.05.13-00.25.40:212][  0]MemoryProfiler: Initialize
[2026.05.13-00.25.40:212][  0]MemoryProfiler: OnSessionChanged
[2026.05.13-00.25.40:296][  0]LogCook: Display: CookSettings for Memory: MemoryMaxUsedVirtual 0MiB, MemoryMaxUsedPhysical 16384MiB, MemoryMinFreeVirtual 0MiB, MemoryMinFreePhysical 1024MiB
[2026.05.13-00.25.40:296][  0]LogCook: Display: Mobile HDR setting 1
[2026.05.13-00.25.40:440][  0]LogFileCache: Scanning file cache for directory 'C:/UEProject/UnrealLearn/ALSV4/Content/' took 0.00s
[2026.05.13-00.25.40:561][  0]LogInit: Display: Engine is initialized. Leaving FEngineLoop::Init()
[2026.05.13-00.25.40:563][  0]SourceControl: Source control is disabled
[2026.05.13-00.25.40:563][  0]LogUnrealEdMisc: Loading editor; pre map load, took 4.388
[2026.05.13-00.25.40:564][  0]Cmd: MAP LOAD FILE="../../../../../../UEProject/UnrealLearn/ALSV4/Content/ThirdPersonBP/Maps/ThirdPersonExampleMap.umap" TEMPLATE=0 SHOWPROGRESS=1 FEATURELEVEL=3
[2026.05.13-00.25.40:564][  0]LightingResults: New page: Lighting Build
[2026.05.13-00.25.40:564][  0]LogWorld: UWorld::CleanupWorld for Untitled, bSessionEnded=true, bCleanupResources=true
[2026.05.13-00.25.40:564][  0]LogSlate: InvalidateAllWidgets triggered.  All widgets were invalidated
[2026.05.13-00.25.40:565][  0]MapCheck: New page: Map Check
[2026.05.13-00.25.40:565][  0]LightingResults: New page: Lighting Build
[2026.05.13-00.25.40:580][  0]LogAudio: Display: Audio Device unregistered from world 'None'.
[2026.05.13-00.25.40:582][  0]LogUObjectHash: Compacting FUObjectHashTables data took   0.44ms
[2026.05.13-00.25.40:621][  0]LogAudio: Display: Audio Device (ID: 1) registered with world 'ThirdPersonExampleMap'.
[2026.05.13-00.25.40:621][  0]LogAIModule: Creating AISystem for world ThirdPersonExampleMap
[2026.05.13-00.25.40:624][  0]LogEditorServer: Finished looking for orphan Actors (0.000 secs)
[2026.05.13-00.25.40:628][  0]LogUObjectHash: Compacting FUObjectHashTables data took   0.45ms
[2026.05.13-00.25.40:628][  0]Cmd: MAP CHECKDEP NOCLEARLOG
[2026.05.13-00.25.40:629][  0]MapCheck: Map check complete: 0 Error(s), 0 Warning(s), took 0.142ms to complete.
[2026.05.13-00.25.40:629][  0]LogFileHelpers: Loading map 'ThirdPersonExampleMap' took 0.065
[2026.05.13-00.25.40:629][  0]LogUnrealEdMisc: Total Editor Startup Time, took 4.455
[2026.05.13-00.25.40:732][  0]LogSlate: Updating window title bar state: overlay mode, drag disabled, window buttons hidden, title bar hidden
[2026.05.13-00.25.40:736][  0]LogSlate: Updating window title bar state: overlay mode, drag disabled, window buttons hidden, title bar hidden
[2026.05.13-00.25.40:739][  0]LogSlate: Updating window title bar state: overlay mode, drag disabled, window buttons hidden, title bar hidden
[2026.05.13-00.25.40:742][  0]LogSlate: Updating window title bar state: overlay mode, drag disabled, window buttons hidden, title bar hidden
[2026.05.13-00.25.40:751][  0]LogNativeClassHierarchy: Verbose: Native class hierarchy populated in 0.0060 seconds. Added 3822 classes and 928 folders.
[2026.05.13-00.25.40:753][  0]LogNativeClassHierarchy: Verbose: Native class hierarchy updated for 'WidgetCarousel' in 0.0002 seconds. Added 0 classes and 0 folders.
[2026.05.13-00.25.40:754][  0]LogPakFile: PakFile PrimaryIndexSize=187
[2026.05.13-00.25.40:754][  0]LogPakFile: PakFile PathHashIndexSize=101
[2026.05.13-00.25.40:754][  0]LogPakFile: PakFile FullDirectoryIndexSize=148
[2026.05.13-00.25.40:754][  0]LogShaderLibrary: Display: ShaderCodeLibraryPakFileMountedCallback: PakFile 'C:/Program Files/Epic Games/UE_4.27/FeaturePacks/FP_FirstPerson.upack' (chunk index -1, root 'root:/') mounted
[2026.05.13-00.25.40:754][  0]LogShaderLibrary: Display: ShaderCodeLibraryPakFileMountedCallback: pending pak file info (ChunkID:-1 Root:root:/ File:C:/Program Files/Epic Games/UE_4.27/FeaturePacks/FP_FirstPerson.upack)
[2026.05.13-00.25.40:754][  0]LogPakFile: OnPakFileMounted2Time == 0.000044
[2026.05.13-00.25.40:754][  0]LogPakFile: PakFile PrimaryIndexSize=189
[2026.05.13-00.25.40:754][  0]LogPakFile: PakFile PathHashIndexSize=101
[2026.05.13-00.25.40:754][  0]LogPakFile: PakFile FullDirectoryIndexSize=152
[2026.05.13-00.25.40:754][  0]LogShaderLibrary: Display: ShaderCodeLibraryPakFileMountedCallback: PakFile 'C:/Program Files/Epic Games/UE_4.27/FeaturePacks/FP_FirstPersonBP.upack' (chunk index -1, root 'root:/') mounted
[2026.05.13-00.25.40:754][  0]LogShaderLibrary: Display: ShaderCodeLibraryPakFileMountedCallback: pending pak file info (ChunkID:-1 Root:root:/ File:C:/Program Files/Epic Games/UE_4.27/FeaturePacks/FP_FirstPersonBP.upack)
[2026.05.13-00.25.40:754][  0]LogPakFile: OnPakFileMounted2Time == 0.000027
[2026.05.13-00.25.40:754][  0]LogPakFile: PakFile PrimaryIndexSize=191
[2026.05.13-00.25.40:754][  0]LogPakFile: PakFile PathHashIndexSize=101
[2026.05.13-00.25.40:754][  0]LogPakFile: PakFile FullDirectoryIndexSize=160
[2026.05.13-00.25.40:754][  0]LogShaderLibrary: Display: ShaderCodeLibraryPakFileMountedCallback: PakFile 'C:/Program Files/Epic Games/UE_4.27/FeaturePacks/MobileStarterContent.upack' (chunk index -1, root 'root:/') mounted
[2026.05.13-00.25.40:754][  0]LogShaderLibrary: Display: ShaderCodeLibraryPakFileMountedCallback: pending pak file info (ChunkID:-1 Root:root:/ File:C:/Program Files/Epic Games/UE_4.27/FeaturePacks/MobileStarterContent.upack)
[2026.05.13-00.25.40:754][  0]LogPakFile: OnPakFileMounted2Time == 0.000025
[2026.05.13-00.25.40:755][  0]LogPakFile: PakFile PrimaryIndexSize=185
[2026.05.13-00.25.40:755][  0]LogPakFile: PakFile PathHashIndexSize=101
[2026.05.13-00.25.40:755][  0]LogPakFile: PakFile FullDirectoryIndexSize=148
[2026.05.13-00.25.40:755][  0]LogShaderLibrary: Display: ShaderCodeLibraryPakFileMountedCallback: PakFile 'C:/Program Files/Epic Games/UE_4.27/FeaturePacks/StarterContent.upack' (chunk index -1, root 'root:/') mounted
[2026.05.13-00.25.40:755][  0]LogShaderLibrary: Display: ShaderCodeLibraryPakFileMountedCallback: pending pak file info (ChunkID:-1 Root:root:/ File:C:/Program Files/Epic Games/UE_4.27/FeaturePacks/StarterContent.upack)
[2026.05.13-00.25.40:755][  0]LogPakFile: OnPakFileMounted2Time == 0.000025
[2026.05.13-00.25.40:755][  0]LogPakFile: PakFile PrimaryIndexSize=190
[2026.05.13-00.25.40:755][  0]LogPakFile: PakFile PathHashIndexSize=101
[2026.05.13-00.25.40:755][  0]LogPakFile: PakFile FullDirectoryIndexSize=154
[2026.05.13-00.25.40:755][  0]LogShaderLibrary: Display: ShaderCodeLibraryPakFileMountedCallback: PakFile 'C:/Program Files/Epic Games/UE_4.27/FeaturePacks/TP_2DSideScroller.upack' (chunk index -1, root 'root:/') mounted
[2026.05.13-00.25.40:755][  0]LogShaderLibrary: Display: ShaderCodeLibraryPakFileMountedCallback: pending pak file info (ChunkID:-1 Root:root:/ File:C:/Program Files/Epic Games/UE_4.27/FeaturePacks/TP_2DSideScroller.upack)
[2026.05.13-00.25.40:755][  0]LogPakFile: OnPakFileMounted2Time == 0.000026
[2026.05.13-00.25.40:755][  0]LogPakFile: PakFile PrimaryIndexSize=192
[2026.05.13-00.25.40:755][  0]LogPakFile: PakFile PathHashIndexSize=101
[2026.05.13-00.25.40:755][  0]LogPakFile: PakFile FullDirectoryIndexSize=158
[2026.05.13-00.25.40:755][  0]LogShaderLibrary: Display: ShaderCodeLibraryPakFileMountedCallback: PakFile 'C:/Program Files/Epic Games/UE_4.27/FeaturePacks/TP_2DSideScrollerBP.upack' (chunk index -1, root 'root:/') mounted
[2026.05.13-00.25.40:755][  0]LogShaderLibrary: Display: ShaderCodeLibraryPakFileMountedCallback: pending pak file info (ChunkID:-1 Root:root:/ File:C:/Program Files/Epic Games/UE_4.27/FeaturePacks/TP_2DSideScrollerBP.upack)
[2026.05.13-00.25.40:755][  0]LogPakFile: OnPakFileMounted2Time == 0.000024
[2026.05.13-00.25.40:755][  0]LogPakFile: PakFile PrimaryIndexSize=182
[2026.05.13-00.25.40:755][  0]LogPakFile: PakFile PathHashIndexSize=101
[2026.05.13-00.25.40:755][  0]LogPakFile: PakFile FullDirectoryIndexSize=138
[2026.05.13-00.25.40:755][  0]LogShaderLibrary: Display: ShaderCodeLibraryPakFileMountedCallback: PakFile 'C:/Program Files/Epic Games/UE_4.27/FeaturePacks/TP_Flying.upack' (chunk index -1, root 'root:/') mounted
[2026.05.13-00.25.40:755][  0]LogShaderLibrary: Display: ShaderCodeLibraryPakFileMountedCallback: pending pak file info (ChunkID:-1 Root:root:/ File:C:/Program Files/Epic Games/UE_4.27/FeaturePacks/TP_Flying.upack)
[2026.05.13-00.25.40:755][  0]LogPakFile: OnPakFileMounted2Time == 0.000024
[2026.05.13-00.25.40:756][  0]LogPakFile: PakFile PrimaryIndexSize=184
[2026.05.13-00.25.40:756][  0]LogPakFile: PakFile PathHashIndexSize=101
[2026.05.13-00.25.40:756][  0]LogPakFile: PakFile FullDirectoryIndexSize=142
[2026.05.13-00.25.40:756][  0]LogShaderLibrary: Display: ShaderCodeLibraryPakFileMountedCallback: PakFile 'C:/Program Files/Epic Games/UE_4.27/FeaturePacks/TP_FlyingBP.upack' (chunk index -1, root 'root:/') mounted
[2026.05.13-00.25.40:756][  0]LogShaderLibrary: Display: ShaderCodeLibraryPakFileMountedCallback: pending pak file info (ChunkID:-1 Root:root:/ File:C:/Program Files/Epic Games/UE_4.27/FeaturePacks/TP_FlyingBP.upack)
[2026.05.13-00.25.40:756][  0]LogPakFile: OnPakFileMounted2Time == 0.000025
[2026.05.13-00.25.40:756][  0]LogPakFile: PakFile PrimaryIndexSize=188
[2026.05.13-00.25.40:756][  0]LogPakFile: PakFile PathHashIndexSize=101
[2026.05.13-00.25.40:756][  0]LogPakFile: PakFile FullDirectoryIndexSize=150
[2026.05.13-00.25.40:756][  0]LogShaderLibrary: Display: ShaderCodeLibraryPakFileMountedCallback: PakFile 'C:/Program Files/Epic Games/UE_4.27/FeaturePacks/TP_HandheldARBP.upack' (chunk index -1, root 'root:/') mounted
[2026.05.13-00.25.40:756][  0]LogShaderLibrary: Display: ShaderCodeLibraryPakFileMountedCallback: pending pak file info (ChunkID:-1 Root:root:/ File:C:/Program Files/Epic Games/UE_4.27/FeaturePacks/TP_HandheldARBP.upack)
[2026.05.13-00.25.40:756][  0]LogPakFile: OnPakFileMounted2Time == 0.000028
[2026.05.13-00.25.40:756][  0]LogPakFile: PakFile PrimaryIndexSize=182
[2026.05.13-00.25.40:756][  0]LogPakFile: PakFile PathHashIndexSize=101
[2026.05.13-00.25.40:756][  0]LogPakFile: PakFile FullDirectoryIndexSize=138
[2026.05.13-00.25.40:756][  0]LogShaderLibrary: Display: ShaderCodeLibraryPakFileMountedCallback: PakFile 'C:/Program Files/Epic Games/UE_4.27/FeaturePacks/TP_Puzzle.upack' (chunk index -1, root 'root:/') mounted
[2026.05.13-00.25.40:756][  0]LogShaderLibrary: Display: ShaderCodeLibraryPakFileMountedCallback: pending pak file info (ChunkID:-1 Root:root:/ File:C:/Program Files/Epic Games/UE_4.27/FeaturePacks/TP_Puzzle.upack)
[2026.05.13-00.25.40:756][  0]LogPakFile: OnPakFileMounted2Time == 0.000030
[2026.05.13-00.25.40:757][  0]LogPakFile: PakFile PrimaryIndexSize=184
[2026.05.13-00.25.40:757][  0]LogPakFile: PakFile PathHashIndexSize=101
[2026.05.13-00.25.40:757][  0]LogPakFile: PakFile FullDirectoryIndexSize=142
[2026.05.13-00.25.40:757][  0]LogShaderLibrary: Display: ShaderCodeLibraryPakFileMountedCallback: PakFile 'C:/Program Files/Epic Games/UE_4.27/FeaturePacks/TP_PuzzleBP.upack' (chunk index -1, root 'root:/') mounted
[2026.05.13-00.25.40:757][  0]LogShaderLibrary: Display: ShaderCodeLibraryPakFileMountedCallback: pending pak file info (ChunkID:-1 Root:root:/ File:C:/Program Files/Epic Games/UE_4.27/FeaturePacks/TP_PuzzleBP.upack)
[2026.05.13-00.25.40:757][  0]LogPakFile: OnPakFileMounted2Time == 0.000023
[2026.05.13-00.25.40:757][  0]LogPakFile: PakFile PrimaryIndexSize=183
[2026.05.13-00.25.40:757][  0]LogPakFile: PakFile PathHashIndexSize=101
[2026.05.13-00.25.40:757][  0]LogPakFile: PakFile FullDirectoryIndexSize=140
[2026.05.13-00.25.40:757][  0]LogShaderLibrary: Display: ShaderCodeLibraryPakFileMountedCallback: PakFile 'C:/Program Files/Epic Games/UE_4.27/FeaturePacks/TP_Rolling.upack' (chunk index -1, root 'root:/') mounted
[2026.05.13-00.25.40:757][  0]LogShaderLibrary: Display: ShaderCodeLibraryPakFileMountedCallback: pending pak file info (ChunkID:-1 Root:root:/ File:C:/Program Files/Epic Games/UE_4.27/FeaturePacks/TP_Rolling.upack)
[2026.05.13-00.25.40:757][  0]LogPakFile: OnPakFileMounted2Time == 0.000019
[2026.05.13-00.25.40:757][  0]LogPakFile: PakFile PrimaryIndexSize=185
[2026.05.13-00.25.40:757][  0]LogPakFile: PakFile PathHashIndexSize=101
[2026.05.13-00.25.40:757][  0]LogPakFile: PakFile FullDirectoryIndexSize=144
[2026.05.13-00.25.40:757][  0]LogShaderLibrary: Display: ShaderCodeLibraryPakFileMountedCallback: PakFile 'C:/Program Files/Epic Games/UE_4.27/FeaturePacks/TP_RollingBP.upack' (chunk index -1, root 'root:/') mounted
[2026.05.13-00.25.40:757][  0]LogShaderLibrary: Display: ShaderCodeLibraryPakFileMountedCallback: pending pak file info (ChunkID:-1 Root:root:/ File:C:/Program Files/Epic Games/UE_4.27/FeaturePacks/TP_RollingBP.upack)
[2026.05.13-00.25.40:757][  0]LogPakFile: OnPakFileMounted2Time == 0.000024
[2026.05.13-00.25.40:757][  0]LogPakFile: PakFile PrimaryIndexSize=188
[2026.05.13-00.25.40:757][  0]LogPakFile: PakFile PathHashIndexSize=101
[2026.05.13-00.25.40:757][  0]LogPakFile: PakFile FullDirectoryIndexSize=150
[2026.05.13-00.25.40:757][  0]LogShaderLibrary: Display: ShaderCodeLibraryPakFileMountedCallback: PakFile 'C:/Program Files/Epic Games/UE_4.27/FeaturePacks/TP_SideScroller.upack' (chunk index -1, root 'root:/') mounted
[2026.05.13-00.25.40:757][  0]LogShaderLibrary: Display: ShaderCodeLibraryPakFileMountedCallback: pending pak file info (ChunkID:-1 Root:root:/ File:C:/Program Files/Epic Games/UE_4.27/FeaturePacks/TP_SideScroller.upack)
[2026.05.13-00.25.40:757][  0]LogPakFile: OnPakFileMounted2Time == 0.000024
[2026.05.13-00.25.40:758][  0]LogPakFile: PakFile PrimaryIndexSize=190
[2026.05.13-00.25.40:758][  0]LogPakFile: PakFile PathHashIndexSize=101
[2026.05.13-00.25.40:758][  0]LogPakFile: PakFile FullDirectoryIndexSize=154
[2026.05.13-00.25.40:758][  0]LogShaderLibrary: Display: ShaderCodeLibraryPakFileMountedCallback: PakFile 'C:/Program Files/Epic Games/UE_4.27/FeaturePacks/TP_SideScrollerBP.upack' (chunk index -1, root 'root:/') mounted
[2026.05.13-00.25.40:758][  0]LogShaderLibrary: Display: ShaderCodeLibraryPakFileMountedCallback: pending pak file info (ChunkID:-1 Root:root:/ File:C:/Program Files/Epic Games/UE_4.27/FeaturePacks/TP_SideScrollerBP.upack)
[2026.05.13-00.25.40:758][  0]LogPakFile: OnPakFileMounted2Time == 0.000022
[2026.05.13-00.25.40:758][  0]LogPakFile: PakFile PrimaryIndexSize=187
[2026.05.13-00.25.40:758][  0]LogPakFile: PakFile PathHashIndexSize=101
[2026.05.13-00.25.40:758][  0]LogPakFile: PakFile FullDirectoryIndexSize=148
[2026.05.13-00.25.40:758][  0]LogShaderLibrary: Display: ShaderCodeLibraryPakFileMountedCallback: PakFile 'C:/Program Files/Epic Games/UE_4.27/FeaturePacks/TP_ThirdPerson.upack' (chunk index -1, root 'root:/') mounted
[2026.05.13-00.25.40:758][  0]LogShaderLibrary: Display: ShaderCodeLibraryPakFileMountedCallback: pending pak file info (ChunkID:-1 Root:root:/ File:C:/Program Files/Epic Games/UE_4.27/FeaturePacks/TP_ThirdPerson.upack)
[2026.05.13-00.25.40:758][  0]LogPakFile: OnPakFileMounted2Time == 0.000023
[2026.05.13-00.25.40:759][  0]LogPakFile: PakFile PrimaryIndexSize=189
[2026.05.13-00.25.40:759][  0]LogPakFile: PakFile PathHashIndexSize=101
[2026.05.13-00.25.40:759][  0]LogPakFile: PakFile FullDirectoryIndexSize=152
[2026.05.13-00.25.40:759][  0]LogShaderLibrary: Display: ShaderCodeLibraryPakFileMountedCallback: PakFile 'C:/Program Files/Epic Games/UE_4.27/FeaturePacks/TP_ThirdPersonBP.upack' (chunk index -1, root 'root:/') mounted
[2026.05.13-00.25.40:759][  0]LogShaderLibrary: Display: ShaderCodeLibraryPakFileMountedCallback: pending pak file info (ChunkID:-1 Root:root:/ File:C:/Program Files/Epic Games/UE_4.27/FeaturePacks/TP_ThirdPersonBP.upack)
[2026.05.13-00.25.40:759][  0]LogPakFile: OnPakFileMounted2Time == 0.000027
[2026.05.13-00.25.40:759][  0]LogPakFile: PakFile PrimaryIndexSize=183
[2026.05.13-00.25.40:759][  0]LogPakFile: PakFile PathHashIndexSize=101
[2026.05.13-00.25.40:759][  0]LogPakFile: PakFile FullDirectoryIndexSize=140
[2026.05.13-00.25.40:759][  0]LogShaderLibrary: Display: ShaderCodeLibraryPakFileMountedCallback: PakFile 'C:/Program Files/Epic Games/UE_4.27/FeaturePacks/TP_TopDown.upack' (chunk index -1, root 'root:/') mounted
[2026.05.13-00.25.40:759][  0]LogShaderLibrary: Display: ShaderCodeLibraryPakFileMountedCallback: pending pak file info (ChunkID:-1 Root:root:/ File:C:/Program Files/Epic Games/UE_4.27/FeaturePacks/TP_TopDown.upack)
[2026.05.13-00.25.40:759][  0]LogPakFile: OnPakFileMounted2Time == 0.000029
[2026.05.13-00.25.40:759][  0]LogPakFile: PakFile PrimaryIndexSize=185
[2026.05.13-00.25.40:759][  0]LogPakFile: PakFile PathHashIndexSize=101
[2026.05.13-00.25.40:759][  0]LogPakFile: PakFile FullDirectoryIndexSize=144
[2026.05.13-00.25.40:759][  0]LogShaderLibrary: Display: ShaderCodeLibraryPakFileMountedCallback: PakFile 'C:/Program Files/Epic Games/UE_4.27/FeaturePacks/TP_TopDownBP.upack' (chunk index -1, root 'root:/') mounted
[2026.05.13-00.25.40:759][  0]LogShaderLibrary: Display: ShaderCodeLibraryPakFileMountedCallback: pending pak file info (ChunkID:-1 Root:root:/ File:C:/Program Files/Epic Games/UE_4.27/FeaturePacks/TP_TopDownBP.upack)
[2026.05.13-00.25.40:759][  0]LogPakFile: OnPakFileMounted2Time == 0.000029
[2026.05.13-00.25.40:759][  0]LogPakFile: PakFile PrimaryIndexSize=185
[2026.05.13-00.25.40:759][  0]LogPakFile: PakFile PathHashIndexSize=101
[2026.05.13-00.25.40:759][  0]LogPakFile: PakFile FullDirectoryIndexSize=144
[2026.05.13-00.25.40:759][  0]LogShaderLibrary: Display: ShaderCodeLibraryPakFileMountedCallback: PakFile 'C:/Program Files/Epic Games/UE_4.27/FeaturePacks/TP_TwinStick.upack' (chunk index -1, root 'root:/') mounted
[2026.05.13-00.25.40:759][  0]LogShaderLibrary: Display: ShaderCodeLibraryPakFileMountedCallback: pending pak file info (ChunkID:-1 Root:root:/ File:C:/Program Files/Epic Games/UE_4.27/FeaturePacks/TP_TwinStick.upack)
[2026.05.13-00.25.40:759][  0]LogPakFile: OnPakFileMounted2Time == 0.000019
[2026.05.13-00.25.40:759][  0]LogPakFile: PakFile PrimaryIndexSize=187
[2026.05.13-00.25.40:759][  0]LogPakFile: PakFile PathHashIndexSize=101
[2026.05.13-00.25.40:759][  0]LogPakFile: PakFile FullDirectoryIndexSize=148
[2026.05.13-00.25.40:759][  0]LogShaderLibrary: Display: ShaderCodeLibraryPakFileMountedCallback: PakFile 'C:/Program Files/Epic Games/UE_4.27/FeaturePacks/TP_TwinStickBP.upack' (chunk index -1, root 'root:/') mounted
[2026.05.13-00.25.40:759][  0]LogShaderLibrary: Display: ShaderCodeLibraryPakFileMountedCallback: pending pak file info (ChunkID:-1 Root:root:/ File:C:/Program Files/Epic Games/UE_4.27/FeaturePacks/TP_TwinStickBP.upack)
[2026.05.13-00.25.40:759][  0]LogPakFile: OnPakFileMounted2Time == 0.000023
[2026.05.13-00.25.40:760][  0]LogPakFile: PakFile PrimaryIndexSize=183
[2026.05.13-00.25.40:760][  0]LogPakFile: PakFile PathHashIndexSize=101
[2026.05.13-00.25.40:760][  0]LogPakFile: PakFile FullDirectoryIndexSize=140
[2026.05.13-00.25.40:760][  0]LogShaderLibrary: Display: ShaderCodeLibraryPakFileMountedCallback: PakFile 'C:/Program Files/Epic Games/UE_4.27/FeaturePacks/TP_Vehicle.upack' (chunk index -1, root 'root:/') mounted
[2026.05.13-00.25.40:760][  0]LogShaderLibrary: Display: ShaderCodeLibraryPakFileMountedCallback: pending pak file info (ChunkID:-1 Root:root:/ File:C:/Program Files/Epic Games/UE_4.27/FeaturePacks/TP_Vehicle.upack)
[2026.05.13-00.25.40:760][  0]LogPakFile: OnPakFileMounted2Time == 0.000018
[2026.05.13-00.25.40:760][  0]LogPakFile: PakFile PrimaryIndexSize=186
[2026.05.13-00.25.40:760][  0]LogPakFile: PakFile PathHashIndexSize=101
[2026.05.13-00.25.40:760][  0]LogPakFile: PakFile FullDirectoryIndexSize=146
[2026.05.13-00.25.40:760][  0]LogShaderLibrary: Display: ShaderCodeLibraryPakFileMountedCallback: PakFile 'C:/Program Files/Epic Games/UE_4.27/FeaturePacks/TP_VehicleAdv.upack' (chunk index -1, root 'root:/') mounted
[2026.05.13-00.25.40:760][  0]LogShaderLibrary: Display: ShaderCodeLibraryPakFileMountedCallback: pending pak file info (ChunkID:-1 Root:root:/ File:C:/Program Files/Epic Games/UE_4.27/FeaturePacks/TP_VehicleAdv.upack)
[2026.05.13-00.25.40:760][  0]LogPakFile: OnPakFileMounted2Time == 0.000023
[2026.05.13-00.25.40:760][  0]LogPakFile: PakFile PrimaryIndexSize=188
[2026.05.13-00.25.40:760][  0]LogPakFile: PakFile PathHashIndexSize=101
[2026.05.13-00.25.40:760][  0]LogPakFile: PakFile FullDirectoryIndexSize=150
[2026.05.13-00.25.40:760][  0]LogShaderLibrary: Display: ShaderCodeLibraryPakFileMountedCallback: PakFile 'C:/Program Files/Epic Games/UE_4.27/FeaturePacks/TP_VehicleAdvBP.upack' (chunk index -1, root 'root:/') mounted
[2026.05.13-00.25.40:760][  0]LogShaderLibrary: Display: ShaderCodeLibraryPakFileMountedCallback: pending pak file info (ChunkID:-1 Root:root:/ File:C:/Program Files/Epic Games/UE_4.27/FeaturePacks/TP_VehicleAdvBP.upack)
[2026.05.13-00.25.40:760][  0]LogPakFile: OnPakFileMounted2Time == 0.000026
[2026.05.13-00.25.40:760][  0]LogPakFile: PakFile PrimaryIndexSize=185
[2026.05.13-00.25.40:760][  0]LogPakFile: PakFile PathHashIndexSize=101
[2026.05.13-00.25.40:760][  0]LogPakFile: PakFile FullDirectoryIndexSize=144
[2026.05.13-00.25.40:760][  0]LogShaderLibrary: Display: ShaderCodeLibraryPakFileMountedCallback: PakFile 'C:/Program Files/Epic Games/UE_4.27/FeaturePacks/TP_VehicleBP.upack' (chunk index -1, root 'root:/') mounted
[2026.05.13-00.25.40:760][  0]LogShaderLibrary: Display: ShaderCodeLibraryPakFileMountedCallback: pending pak file info (ChunkID:-1 Root:root:/ File:C:/Program Files/Epic Games/UE_4.27/FeaturePacks/TP_VehicleBP.upack)
[2026.05.13-00.25.40:760][  0]LogPakFile: OnPakFileMounted2Time == 0.000030
[2026.05.13-00.25.40:761][  0]LogPakFile: PakFile PrimaryIndexSize=192
[2026.05.13-00.25.40:761][  0]LogPakFile: PakFile PathHashIndexSize=101
[2026.05.13-00.25.40:761][  0]LogPakFile: PakFile FullDirectoryIndexSize=158
[2026.05.13-00.25.40:761][  0]LogShaderLibrary: Display: ShaderCodeLibraryPakFileMountedCallback: PakFile 'C:/Program Files/Epic Games/UE_4.27/FeaturePacks/TP_VirtualRealityBP.upack' (chunk index -1, root 'root:/') mounted
[2026.05.13-00.25.40:761][  0]LogShaderLibrary: Display: ShaderCodeLibraryPakFileMountedCallback: pending pak file info (ChunkID:-1 Root:root:/ File:C:/Program Files/Epic Games/UE_4.27/FeaturePacks/TP_VirtualRealityBP.upack)
[2026.05.13-00.25.40:761][  0]LogPakFile: OnPakFileMounted2Time == 0.000024
[2026.05.13-00.25.40:779][  0]LogNativeClassHierarchy: Verbose: Native class hierarchy updated for 'AddContentDialog' in 0.0002 seconds. Added 0 classes and 0 folders.
[2026.05.13-00.25.40:779][  0]LogNativeClassHierarchy: Verbose: Native class hierarchy updated for 'SceneOutliner' in 0.0002 seconds. Added 2 classes and 0 folders.
[2026.05.13-00.25.40:824][  0]LogSlate: Took 0.000124 seconds to synchronously load lazily loaded font '../../../Engine/Content/Slate/Fonts/Roboto-Regular.ttf' (155K)
[2026.05.13-00.25.40:825][  0]LogSlate: Took 0.000090 seconds to synchronously load lazily loaded font '../../../Engine/Content/Editor/Slate/Fonts/FontAwesome.ttf' (139K)
[2026.05.13-00.25.40:826][  0]LogSlate: Took 0.000088 seconds to synchronously load lazily loaded font '../../../Engine/Content/Slate/Fonts/Roboto-Bold.ttf' (160K)
[2026.05.13-00.25.40:874][  0]LogRenderer: Reallocating scene render targets to support 1208x568 Format 10 NumSamples 1 (Frame:1).
[2026.05.13-00.25.40:932][  0]LogNativeClassHierarchy: Verbose: Native class hierarchy updated for 'HierarchicalLODOutliner' in 0.0002 seconds. Added 0 classes and 0 folders.
[2026.05.13-00.25.40:932][  0]LogLoad: (Engine Initialization) Total time: 4.76 seconds
[2026.05.13-00.25.40:932][  0]LogLoad: (Engine Initialization) Total Blueprint compile time: 0.00 seconds
[2026.05.13-00.25.40:964][  0]LogAssetRegistry: Asset discovery search completed in 2.6587 seconds
[2026.05.13-00.25.40:967][  0]LogCollectionManager: Fixed up redirectors for 0 collections in 0.000003 seconds (updated 0 objects)
[2026.05.13-00.25.40:968][  0]LogContentStreaming: Texture pool size now 1000 MB
[2026.05.13-00.25.41:054][  8]LogSlate: Took 0.000162 seconds to synchronously load lazily loaded font '../../../Engine/Content/Slate/Fonts/Roboto-Light.ttf' (167K)
[2026.05.13-00.25.51:714][271]LogSlate: Took 0.000111 seconds to synchronously load lazily loaded font '../../../Engine/Content/Slate/Fonts/Roboto-Light.ttf' (167K)
[2026.05.13-00.25.51:727][271]LogAssetEditorSubsystem: Opening Asset editor for UserDefinedStruct /Game/AdvancedLocomotionV4/Blueprints/AnimModifiers/AnimCurveCreationParams.AnimCurveCreationParams
[2026.05.13-00.25.53:475][473]LogSlate: Window 'AnimCurveCreationParams' being destroyed
[2026.05.13-00.25.57:555][896]LogAssetEditorSubsystem: Opening Asset editor for AnimBlueprint /Game/AdvancedLocomotionV4/Blueprints/CharacterLogic/ALS_AnimBP.ALS_AnimBP
[2026.05.13-00.25.57:567][896]LogNativeClassHierarchy: Verbose: Native class hierarchy updated for 'SkeletonEditor' in 0.0002 seconds. Added 1 classes and 2 folders.
[2026.05.13-00.25.57:575][896]LogTexture: Default maximum texture size for cubemaps generated from long-lat sources has been changed from 512 to unlimited. In order to preserve old behaiour for '/Engine/EditorMaterials/AssetViewer/EpicQuadPanorama_CC+EV1.EpicQuadPanorama_CC+EV1', its maximum texture size has been explicitly set to 512.
[2026.05.13-00.25.57:651][896]LogTexture: Default maximum texture size for cubemaps generated from long-lat sources has been changed from 512 to unlimited. In order to preserve old behaiour for '/Engine/MapTemplates/Sky/SunsetAmbientCubemap.SunsetAmbientCubemap', its maximum texture size has been explicitly set to 512.
[2026.05.13-00.25.57:714][896]LogActorComponent: RegisterComponentWithWorld: (/Engine/Transient.World_1:PersistentLevel.AnimationEditorPreviewActor_0.DebugSkelMeshComponent_0) Already registered. Aborting.
[2026.05.13-00.25.57:718][896]LogNativeClassHierarchy: Verbose: Native class hierarchy updated for 'PinnedCommandList' in 0.0002 seconds. Added 1 classes and 0 folders.
[2026.05.13-00.25.57:797][896]LogNativeClassHierarchy: Verbose: Native class hierarchy updated for 'BlueprintGraph' in 0.0003 seconds. Added 126 classes and 0 folders.
[2026.05.13-00.25.58:369][896]LogSlate: Took 0.000153 seconds to synchronously load lazily loaded font '../../../Engine/Content/Slate/Fonts/Roboto-BoldCondensed.ttf' (158K)
[2026.05.13-00.25.58:455][896]LogSlate: Took 0.005094 seconds to synchronously load lazily loaded font '../../../Engine/Content/Slate/Fonts/DroidSansMono.ttf' (77K)
[2026.05.13-00.25.58:459][896]LogContentBrowser: Verbose: The majority of assets in the view are of type: AnimSequence
[2026.05.13-00.25.58:473][897]LogAudio: Display: Cached duration for Sound Cue SoundCue /Game/AdvancedLocomotionV4/Audio/Footsteps/Footstep_Cue.Footstep_Cue was zero and has changed. Consider manually Re-saving the asset
[2026.05.13-00.25.58:480][897]LogSlate: Took 0.000127 seconds to synchronously load lazily loaded font '../../../Engine/Content/Slate/Fonts/Roboto-Italic.ttf' (157K)
[2026.05.13-00.26.01:209][212]LogAssetEditorSubsystem: Opening Asset editor for BlendSpace /Game/AdvancedLocomotionV4/CharacterAssets/MannequinSkeleton/AnimationExamples/Base/Locomotion/ALS_N_WalkRun_BL.ALS_N_WalkRun_BL
[2026.05.13-00.26.01:216][212]LogActorComponent: RegisterComponentWithWorld: (/Engine/Transient.World_8:PersistentLevel.AnimationEditorPreviewActor_0.DebugSkelMeshComponent_0) Already registered. Aborting.
[2026.05.13-00.26.01:514][212]LogContentBrowser: Verbose: The majority of assets in the view are of type: AnimSequence
[2026.05.13-00.26.07:262][851]LogWorld: UWorld::CleanupWorld for World_11, bSessionEnded=true, bCleanupResources=true
[2026.05.13-00.26.07:262][851]LogSlate: InvalidateAllWidgets triggered.  All widgets were invalidated
[2026.05.13-00.26.17:593][924]LogSlate: Prevented a slow task dialog from being summoned while a context menu was open
[2026.05.13-00.26.17:607][924]LogEditorClassViewer: Warning: Class /Engine/Tutorial/InWorldBlueprintEditing/TutorialAssets/IWBE_Blutility.IWBE_Blutility_C has parent /Script/Blutility.PlacedEditorUtilityBase, but this parent is not found. The Class will not be shown in ClassViewer.
[2026.05.13-00.26.17:607][924]LogEditorClassViewer: Warning: Class /Game/AdvancedLocomotionV4/Blueprints/AnimNotifys/GroundedEntryState_AnimNotify.PLACEHOLDER-CLASS__ALS_Animation_BPI_C_0 has parent None, but this parent is not found. The Class will not be shown in ClassViewer.
[2026.05.13-00.26.17:607][924]LogEditorClassViewer: Warning: Class /Game/AdvancedLocomotionV4/Blueprints/AnimNotifys/MovementAction_NotifyState.PLACEHOLDER-CLASS__ALS_Character_BPI_C_0 has parent None, but this parent is not found. The Class will not be shown in ClassViewer.
[2026.05.13-00.26.17:607][924]LogEditorClassViewer: Warning: Class /Game/AdvancedLocomotionV4/Blueprints/CharacterLogic/ALS_AnimBP.PLACEHOLDER-CLASS__ALS_Base_CharacterBP_C_0 has parent None, but this parent is not found. The Class will not be shown in ClassViewer.
[2026.05.13-00.26.17:607][924]LogEditorClassViewer: Warning: Class /Game/AdvancedLocomotionV4/Blueprints/CharacterLogic/ALS_AnimBP.PLACEHOLDER-CLASS__AimingLayer_C_1 has parent None, but this parent is not found. The Class will not be shown in ClassViewer.
[2026.05.13-00.27.00:629][387]LogSavePackage: Moving '../../../../../../UEProject/UnrealLearn/ALSV4/Saved/ALS_N_Walk_F5C8D29204EC3B57DA3AD4C8C89554937.tmp' to '../../../../../../UEProject/UnrealLearn/ALSV4/Content/AdvancedLocomotionV4/CharacterAssets/MannequinSkeleton/AnimationExamples/Base/Locomotion/ALS_N_Walk_F.uasset'
[2026.05.13-00.27.00:643][387]AssetCheck: New page: Asset Save: ALS_N_Walk_F
[2026.05.13-00.27.00:643][387]LogContentValidation: Display: Validating AnimSequence /Game/AdvancedLocomotionV4/CharacterAssets/MannequinSkeleton/AnimationExamples/Base/Locomotion/ALS_N_Walk_F.ALS_N_Walk_F
[2026.05.13-00.27.20:703][373]LogSavePackage: Moving '../../../../../../UEProject/UnrealLearn/ALSV4/Saved/ALS_N_Walk_FBDBEF46D4311A7866B1B3A86B211424B.tmp' to '../../../../../../UEProject/UnrealLearn/ALSV4/Content/AdvancedLocomotionV4/CharacterAssets/MannequinSkeleton/AnimationExamples/Base/Locomotion/ALS_N_Walk_F.uasset'
[2026.05.13-00.27.20:717][373]AssetCheck: New page: Asset Save: ALS_N_Walk_F
[2026.05.13-00.27.20:717][373]LogContentValidation: Display: Validating AnimSequence /Game/AdvancedLocomotionV4/CharacterAssets/MannequinSkeleton/AnimationExamples/Base/Locomotion/ALS_N_Walk_F.ALS_N_Walk_F
[2026.05.13-00.32.44:375][353]LogSavePackage: Moving '../../../../../../UEProject/UnrealLearn/ALSV4/Saved/ALS_AnimBP47D59A87406CC70F7EAD84B7E07D3DAF.tmp' to '../../../../../../UEProject/UnrealLearn/ALSV4/Content/AdvancedLocomotionV4/Blueprints/CharacterLogic/ALS_AnimBP.uasset'
[2026.05.13-00.32.44:393][353]AssetCheck: New page: Asset Save: ALS_AnimBP
[2026.05.13-00.32.44:393][353]LogContentValidation: Display: Validating AnimBlueprint /Game/AdvancedLocomotionV4/Blueprints/CharacterLogic/ALS_AnimBP.ALS_AnimBP
[2026.05.13-00.35.41:587][913]LogUObjectHash: Compacting FUObjectHashTables data took   3.42ms
[2026.05.13-00.35.41:590][913]LogFileHelpers: Editor autosave (incl. external actors) for '/Game/ThirdPersonBP/Maps/ThirdPersonExampleMap' took 0.062
[2026.05.13-00.35.41:592][913]OBJ SavePackage: Generating thumbnails for [0] asset(s) in package [/Game/AdvancedLocomotionV4/CharacterAssets/MannequinSkeleton/ALS_Mannequin_Skeleton] ([1] browsable assets)...
[2026.05.13-00.35.41:592][913]OBJ SavePackage: Finished generating thumbnails for package [/Game/AdvancedLocomotionV4/CharacterAssets/MannequinSkeleton/ALS_Mannequin_Skeleton]
[2026.05.13-00.35.41:595][913]LogSavePackage: Moving '../../../../../../UEProject/UnrealLearn/ALSV4/Saved/ALS_Mannequin_Skeleton_Auto157EEF5D94077C2EAF73B6E8F81604267.tmp' to '../../../../../../UEProject/UnrealLearn/ALSV4/Saved/Autosaves/Game/AdvancedLocomotionV4/CharacterAssets/MannequinSkeleton/ALS_Mannequin_Skeleton_Auto1.uasset'
[2026.05.13-00.35.41:596][913]LogFileHelpers: Auto-saving content packages took 0.005
[2026.05.13-00.56.40:855][ 36]LogSlate: Window 'Pick Parent Class' being destroyed
[2026.05.13-01.01.23:054][ 39]LogAssetEditorSubsystem: Opening Asset editor for Blueprint /Game/AdvancedLocomotionV4/Blueprints/AnimNotifys/CameraShake_Notify.CameraShake_Notify
[2026.05.13-01.12.38:535][401]LogSlate: Window 'CameraShake_Notify' being destroyed
[2026.05.13-01.12.38:545][401]LogWorld: UWorld::CleanupWorld for World_13, bSessionEnded=true, bCleanupResources=true
[2026.05.13-01.12.38:546][401]LogSlate: InvalidateAllWidgets triggered.  All widgets were invalidated
[2026.05.13-02.06.48:695][ 10]LogWorld: UWorld::CleanupWorld for World_1, bSessionEnded=true, bCleanupResources=true
[2026.05.13-02.06.48:695][ 10]LogSlate: InvalidateAllWidgets triggered.  All widgets were invalidated
[2026.05.13-02.06.48:782][ 10]LogWorld: UWorld::CleanupWorld for World_0, bSessionEnded=true, bCleanupResources=true
[2026.05.13-02.06.48:782][ 10]LogSlate: InvalidateAllWidgets triggered.  All widgets were invalidated
[2026.05.13-02.06.48:946][ 10]LogWorld: UWorld::CleanupWorld for World_2, bSessionEnded=true, bCleanupResources=true
[2026.05.13-02.06.48:946][ 10]LogSlate: InvalidateAllWidgets triggered.  All widgets were invalidated
[2026.05.13-02.09.26:334][989]LogAssetEditorSubsystem: Opening Asset editor for AnimBlueprint /Game/AdvancedLocomotionV4/Blueprints/CharacterLogic/ALS_AnimBP.ALS_AnimBP
[2026.05.13-02.09.26:350][989]LogActorComponent: RegisterComponentWithWorld: (/Engine/Transient.World_15:PersistentLevel.AnimationEditorPreviewActor_0.DebugSkelMeshComponent_0) Already registered. Aborting.
[2026.05.13-02.09.26:827][989]LogContentBrowser: Verbose: The majority of assets in the view are of type: AnimSequence
[2026.05.13-02.10.37:608][295]LogUObjectHash: Compacting FUObjectHashTables data took   5.59ms
[2026.05.13-02.10.37:620][295]LogFileHelpers: Editor autosave (incl. external actors) for '/Game/ThirdPersonBP/Maps/ThirdPersonExampleMap' took 0.156
[2026.05.13-02.10.37:620][295]OBJ SavePackage: Generating thumbnails for [2] asset(s) in package [/Game/AdvancedLocomotionV4/Blueprints/CharacterLogic/ALS_AnimBP] ([2] browsable assets)...
[2026.05.13-02.10.37:625][295]OBJ SavePackage:     Rendered thumbnail for [AnimBlueprint /Game/AdvancedLocomotionV4/Blueprints/CharacterLogic/ALS_AnimBP.ALS_AnimBP]
[2026.05.13-02.10.37:625][295]OBJ SavePackage: Finished generating thumbnails for package [/Game/AdvancedLocomotionV4/Blueprints/CharacterLogic/ALS_AnimBP]
[2026.05.13-02.10.37:660][295]LogSavePackage: Moving '../../../../../../UEProject/UnrealLearn/ALSV4/Saved/ALS_AnimBP_Auto2428425D94DFA0319971237A048ACF44C.tmp' to '../../../../../../UEProject/UnrealLearn/ALSV4/Saved/Autosaves/Game/AdvancedLocomotionV4/Blueprints/CharacterLogic/ALS_AnimBP_Auto2.uasset'
[2026.05.13-02.10.37:662][295]LogFileHelpers: Auto-saving content packages took 0.043
[2026.05.13-02.54.30:700][159]LogAudioMixer: Warning: Changing default audio render device to new device: {0.0.0.00000000}.{37380c08-d2ac-449a-9992-c4f4a9fdd7c3}.
[2026.05.13-02.54.30:700][159]LogAudioMixer: Resetting audio stream to device id 
[2026.05.13-02.54.30:703][159]LogAudioMixer: Display: 0: FrontLeft
[2026.05.13-02.54.30:703][159]LogAudioMixer: Display: 1: FrontRight
[2026.05.13-08.02.40:704][757]LogUObjectHash: Compacting FUObjectHashTables data took  12.28ms
[2026.05.13-08.02.41:763][757]LogSlate: Window 'Save Content' being destroyed
[2026.05.13-08.02.41:864][757]LogSavePackage: Moving '../../../../../../UEProject/UnrealLearn/ALSV4/Saved/ALS_AnimBPFB5D767042E1CA745F4BE19709A33660.tmp' to '../../../../../../UEProject/UnrealLearn/ALSV4/Content/AdvancedLocomotionV4/Blueprints/CharacterLogic/ALS_AnimBP.uasset'
[2026.05.13-08.02.41:879][757]LogSavePackage: Moving '../../../../../../UEProject/UnrealLearn/ALSV4/Saved/ALS_Mannequin_Skeleton72E30D61446CC796AED1B09A151436B4.tmp' to '../../../../../../UEProject/UnrealLearn/ALSV4/Content/AdvancedLocomotionV4/CharacterAssets/MannequinSkeleton/ALS_Mannequin_Skeleton.uasset'
[2026.05.13-08.02.42:032][757]LogWorld: UWorld::CleanupWorld for World_16, bSessionEnded=true, bCleanupResources=true
[2026.05.13-08.02.42:033][757]LogSlate: InvalidateAllWidgets triggered.  All widgets were invalidated
[2026.05.13-08.02.42:132][757]LogWorld: UWorld::CleanupWorld for World_15, bSessionEnded=true, bCleanupResources=true
[2026.05.13-08.02.42:132][757]LogSlate: InvalidateAllWidgets triggered.  All widgets were invalidated
[2026.05.13-08.02.42:139][757]LogWorld: UWorld::CleanupWorld for World_14, bSessionEnded=true, bCleanupResources=true
[2026.05.13-08.02.42:139][757]LogSlate: InvalidateAllWidgets triggered.  All widgets were invalidated
[2026.05.13-08.02.42:247][757]LogWorld: UWorld::CleanupWorld for World_12, bSessionEnded=true, bCleanupResources=true
[2026.05.13-08.02.42:248][757]LogSlate: InvalidateAllWidgets triggered.  All widgets were invalidated
[2026.05.13-08.02.42:360][757]LogWorld: UWorld::CleanupWorld for World_9, bSessionEnded=true, bCleanupResources=true
[2026.05.13-08.02.42:360][757]LogSlate: InvalidateAllWidgets triggered.  All widgets were invalidated
[2026.05.13-08.02.42:386][757]LogWorld: UWorld::CleanupWorld for World_8, bSessionEnded=true, bCleanupResources=true
[2026.05.13-08.02.42:386][757]LogSlate: InvalidateAllWidgets triggered.  All widgets were invalidated
[2026.05.13-08.02.42:423][757]LogSlate: Window 'ALSV4 - Unreal Editor' being destroyed
[2026.05.13-08.02.42:678][757]AssetCheck: New page: Asset Save: multiple assets
[2026.05.13-08.02.42:678][757]LogContentValidation: Display: Validating Skeleton /Game/AdvancedLocomotionV4/CharacterAssets/MannequinSkeleton/ALS_Mannequin_Skeleton.ALS_Mannequin_Skeleton
[2026.05.13-08.02.42:678][757]LogContentValidation: Display: Validating AnimBlueprint /Game/AdvancedLocomotionV4/Blueprints/CharacterLogic/ALS_AnimBP.ALS_AnimBP
[2026.05.13-08.02.42:684][758]Cmd: QUIT_EDITOR
[2026.05.13-08.02.42:684][758]LogCore: Engine exit requested (reason: UUnrealEdEngine::CloseEditor())
[2026.05.13-08.02.42:689][758]LogCore: Engine exit requested (reason: EngineExit() was called; note: exit was already requested)
[2026.05.13-08.02.42:699][758]LogAudio: Display: Beginning Audio Device Manager Shutdown (Module: AudioMixerXAudio2)...
[2026.05.13-08.02.42:699][758]LogAudio: Display: Destroying 1 Remaining Audio Device(s)...
[2026.05.13-08.02.42:699][758]LogAudio: Display: Audio Device unregistered from world 'ThirdPersonExampleMap'.
[2026.05.13-08.02.42:701][758]LogAudioMixer: FMixerPlatformXAudio2::StopAudioStream() called
[2026.05.13-08.02.42:704][758]LogAudioMixer: FMixerPlatformXAudio2::StopAudioStream() called
[2026.05.13-08.02.42:733][758]LogAudio: Display: Audio Device Manager Shutdown
[2026.05.13-08.02.42:738][758]LogWindowsTextInputMethodSystem: Display: IME system activated using TSF (搜狗拼音输入法).
[2026.05.13-08.02.42:747][758]LogExit: Preparing to exit.
[2026.05.13-08.02.43:698][758]LogUObjectHash: Compacting FUObjectHashTables data took   5.18ms
[2026.05.13-08.02.43:965][758]LogWorld: UWorld::CleanupWorld for World_7, bSessionEnded=true, bCleanupResources=true
[2026.05.13-08.02.43:969][758]LogWorld: UWorld::CleanupWorld for World_5, bSessionEnded=true, bCleanupResources=true
[2026.05.13-08.02.43:972][758]LogWorld: UWorld::CleanupWorld for World_10, bSessionEnded=true, bCleanupResources=true
[2026.05.13-08.02.43:973][758]LogWorld: UWorld::CleanupWorld for World_3, bSessionEnded=true, bCleanupResources=true
[2026.05.13-08.02.43:975][758]LogWorld: UWorld::CleanupWorld for World_4, bSessionEnded=true, bCleanupResources=true
[2026.05.13-08.02.43:976][758]LogWorld: UWorld::CleanupWorld for World_6, bSessionEnded=true, bCleanupResources=true
[2026.05.13-08.02.44:037][758]LogDemo: Cleaned up 0 splitscreen connections with owner deletion
[2026.05.13-08.02.44:075][758]LogExit: Editor shut down
[2026.05.13-08.02.44:079][758]LogExit: Transaction tracking system shut down
[2026.05.13-08.02.44:632][758]LogExit: Object subsystem successfully closed.
[2026.05.13-08.02.44:685][758]LogShaderCompilers: Display: === FShaderJobCache stats ===
[2026.05.13-08.02.44:685][758]LogShaderCompilers: Display: Total job queries 0, among them cache hits 0 (0.00%)
[2026.05.13-08.02.44:685][758]LogShaderCompilers: Display: Tracking 0 distinct input hashes that result in 0 distinct outputs (0.00%)
[2026.05.13-08.02.44:685][758]LogShaderCompilers: Display: RAM used: 0.00 MB (0.00 GB) of 716.80 MB (0.70 GB) budget. Usage: 0.00%
[2026.05.13-08.02.44:685][758]LogShaderCompilers: Display: ================================================
[2026.05.13-08.02.44:718][758]LogShaderCompilers: Display: Shaders left to compile 0
[2026.05.13-08.02.44:810][758]LogModuleManager: Shutting down and abandoning module SequencerWidgets (896)
[2026.05.13-08.02.44:811][758]LogModuleManager: Shutting down and abandoning module AnimationEditor (894)
[2026.05.13-08.02.44:811][758]LogModuleManager: Shutting down and abandoning module BlueprintGraph (892)
[2026.05.13-08.02.44:811][758]LogModuleManager: Shutting down and abandoning module PinnedCommandList (890)
[2026.05.13-08.02.44:811][758]LogModuleManager: Shutting down and abandoning module SkeletonEditor (888)
[2026.05.13-08.02.44:811][758]LogModuleManager: Shutting down and abandoning module HierarchicalLODOutliner (886)
[2026.05.13-08.02.44:811][758]LogModuleManager: Shutting down and abandoning module SceneOutliner (884)
[2026.05.13-08.02.44:811][758]LogModuleManager: Shutting down and abandoning module AddContentDialog (882)
[2026.05.13-08.02.44:822][758]LogModuleManager: Shutting down and abandoning module WidgetCarousel (881)
[2026.05.13-08.02.44:822][758]LogModuleManager: Shutting down and abandoning module EditorWidgets (878)
[2026.05.13-08.02.44:822][758]LogModuleManager: Shutting down and abandoning module StatsViewer (876)
[2026.05.13-08.02.44:823][758]LogModuleManager: Shutting down and abandoning module PIEPreviewDeviceProfileSelector (874)
[2026.05.13-08.02.44:823][758]LogModuleManager: Shutting down and abandoning module SequenceRecorderSections (872)
[2026.05.13-08.02.44:823][758]LogModuleManager: Shutting down and abandoning module AutomationWorker (870)
[2026.05.13-08.02.44:824][758]LogModuleManager: Shutting down and abandoning module SteamVREditor (868)
[2026.05.13-08.02.44:825][758]LogModuleManager: Shutting down and abandoning module OculusMR (866)
[2026.05.13-08.02.44:825][758]LogModuleManager: Shutting down and abandoning module RiderLC (864)
[2026.05.13-08.02.44:826][758]LogModuleManager: Shutting down and abandoning module RiderShaderInfo (862)
[2026.05.13-08.02.44:826][758]LogModuleManager: Shutting down and abandoning module TakeRecorderSources (860)
[2026.05.13-08.02.44:828][758]LogModuleManager: Shutting down and abandoning module TakeRecorder (859)
[2026.05.13-08.02.44:830][758]LogModuleManager: Shutting down and abandoning module TakeTrackRecorders (856)
[2026.05.13-08.02.44:830][758]LogModuleManager: Shutting down and abandoning module TakesCore (854)
[2026.05.13-08.02.44:830][758]LogModuleManager: Shutting down and abandoning module GooglePADEditor (852)
[2026.05.13-08.02.44:830][758]LogModuleManager: Shutting down and abandoning module OpenXRInput (850)
[2026.05.13-08.02.44:831][758]LogModuleManager: Shutting down and abandoning module AudioCaptureEditor (848)
[2026.05.13-08.02.44:831][758]LogModuleManager: Shutting down and abandoning module TemplateSequenceEditor (846)
[2026.05.13-08.02.44:833][758]LogModuleManager: Shutting down and abandoning module LevelSequenceEditor (844)
[2026.05.13-08.02.44:834][758]LogModuleManager: Shutting down and abandoning module MatineeToLevelSequence (842)
[2026.05.13-08.02.44:834][758]LogModuleManager: Shutting down and abandoning module ActorSequenceEditor (840)
[2026.05.13-08.02.44:835][758]LogModuleManager: Shutting down and abandoning module MediaCompositingEditor (838)
[2026.05.13-08.02.44:835][758]LogModuleManager: Shutting down and abandoning module SequenceRecorder (837)
[2026.05.13-08.02.44:835][758]LogModuleManager: Shutting down and abandoning module WmfMediaFactory (834)
[2026.05.13-08.02.44:835][758]LogModuleManager: Shutting down and abandoning module WmfMediaEditor (832)
[2026.05.13-08.02.44:835][758]LogModuleManager: Shutting down and abandoning module WebMMediaFactory (830)
[2026.05.13-08.02.44:835][758]LogModuleManager: Shutting down and abandoning module WebMMediaEditor (828)
[2026.05.13-08.02.44:835][758]LogModuleManager: Shutting down and abandoning module WebMMedia (826)
[2026.05.13-08.02.44:836][758]LogModuleManager: Shutting down and abandoning module MediaPlayerEditor (824)
[2026.05.13-08.02.44:836][758]LogModuleManager: Shutting down and abandoning module OpenExrWrapper (822)
[2026.05.13-08.02.44:836][758]LogModuleManager: Shutting down and abandoning module ImgMediaFactory (820)
[2026.05.13-08.02.44:836][758]LogModuleManager: Shutting down and abandoning module ImgMediaEditor (818)
[2026.05.13-08.02.44:836][758]LogModuleManager: Shutting down and abandoning module PlanarCut (816)
[2026.05.13-08.02.44:837][758]LogModuleManager: Shutting down and abandoning module AndroidMediaFactory (814)
[2026.05.13-08.02.44:837][758]LogModuleManager: Shutting down and abandoning module AndroidMediaEditor (812)
[2026.05.13-08.02.44:837][758]LogModuleManager: Shutting down and abandoning module AvfMediaFactory (810)
[2026.05.13-08.02.44:837][758]LogModuleManager: Shutting down and abandoning module AvfMediaEditor (808)
[2026.05.13-08.02.44:837][758]LogModuleManager: Shutting down and abandoning module TextureAlignMode (806)
[2026.05.13-08.02.44:837][758]LogModuleManager: Shutting down and abandoning module BspMode (804)
[2026.05.13-08.02.44:837][758]LogModuleManager: Shutting down and abandoning module GeometryMode (802)
[2026.05.13-08.02.44:837][758]LogModuleManager: Shutting down and abandoning module CharacterAI (800)
[2026.05.13-08.02.44:837][758]LogModuleManager: Shutting down and abandoning module MagicLeapMediaCodecFactory (798)
[2026.05.13-08.02.44:837][758]LogModuleManager: Shutting down and abandoning module MagicLeapMediaFactory (796)
[2026.05.13-08.02.44:837][758]LogModuleManager: Shutting down and abandoning module MagicLeapMediaEditor (794)
[2026.05.13-08.02.44:837][758]LogModuleManager: Shutting down and abandoning module CameraShakePreviewer (792)
[2026.05.13-08.02.44:838][758]LogModuleManager: Shutting down and abandoning module SmartSnapping (790)
[2026.05.13-08.02.44:838][758]LogModuleManager: Shutting down and abandoning module SessionServices (788)
[2026.05.13-08.02.44:842][758]LogModuleManager: Shutting down and abandoning module MeshPaint (786)
[2026.05.13-08.02.44:843][758]LogModuleManager: Shutting down and abandoning module VirtualTexturingEditor (784)
[2026.05.13-08.02.44:843][758]LogModuleManager: Shutting down and abandoning module FoliageEdit (782)
[2026.05.13-08.02.44:844][758]LogModuleManager: Shutting down and abandoning module LandscapeEditor (780)
[2026.05.13-08.02.44:846][758]LogModuleManager: Shutting down and abandoning module MeshPaintMode (778)
[2026.05.13-08.02.44:846][758]LogModuleManager: Shutting down and abandoning module SceneDepthPickerMode (776)
[2026.05.13-08.02.44:846][758]LogModuleManager: Shutting down and abandoning module ActorPickerMode (774)
[2026.05.13-08.02.44:846][758]LogModuleManager: Shutting down and abandoning module PlacementMode (772)
[2026.05.13-08.02.44:846][758]LogModuleManager: Shutting down and abandoning module ViewportSnapping (770)
[2026.05.13-08.02.44:846][758]LogModuleManager: Shutting down and abandoning module ViewportInteraction (768)
[2026.05.13-08.02.44:846][758]LogModuleManager: Shutting down and abandoning module ClothPainter (766)
[2026.05.13-08.02.44:848][758]LogModuleManager: Shutting down and abandoning module SkeletalMeshEditor (765)
[2026.05.13-08.02.44:848][758]LogModuleManager: Shutting down and abandoning module LogVisualizer (762)
[2026.05.13-08.02.44:849][758]LogModuleManager: Shutting down and abandoning module IntroTutorials (760)
[2026.05.13-08.02.44:850][758]LogModuleManager: Shutting down and abandoning module GameProjectGeneration (759)
[2026.05.13-08.02.44:850][758]LogModuleManager: Shutting down and abandoning module LuminPlatformEditor (756)
[2026.05.13-08.02.44:850][758]LogModuleManager: Shutting down and abandoning module IOSPlatformEditor (754)
[2026.05.13-08.02.44:851][758]LogModuleManager: Shutting down and abandoning module AndroidPlatformEditor (752)
[2026.05.13-08.02.44:851][758]LogModuleManager: Shutting down and abandoning module AndroidDeviceDetection (751)
[2026.05.13-08.02.46:455][758]LogModuleManager: Shutting down and abandoning module WindowsPlatformEditor (748)
[2026.05.13-08.02.46:455][758]LogModuleManager: Shutting down and abandoning module LuminRuntimeSettings (746)
[2026.05.13-08.02.46:455][758]LogModuleManager: Shutting down and abandoning module IOSRuntimeSettings (744)
[2026.05.13-08.02.46:455][758]LogModuleManager: Shutting down and abandoning module AndroidRuntimeSettings (742)
[2026.05.13-08.02.46:455][758]LogModuleManager: Shutting down and abandoning module TraceInsights (740)
[2026.05.13-08.02.46:459][758]MemoryProfiler: Shutdown
[2026.05.13-08.02.46:459][758]NetworkingProfiler: Shutdown
[2026.05.13-08.02.46:459][758]LoadingProfiler: Shutdown
[2026.05.13-08.02.46:460][758]TimingProfiler: Shutdown
[2026.05.13-08.02.46:461][758]LogModuleManager: Shutting down and abandoning module TraceServices (739)
[2026.05.13-08.02.46:462][758]LogModuleManager: Shutting down and abandoning module EditorInteractiveToolsFramework (736)
[2026.05.13-08.02.46:462][758]LogModuleManager: Shutting down and abandoning module TimeManagementEditor (734)
[2026.05.13-08.02.46:463][758]LogModuleManager: Shutting down and abandoning module InputBindingEditor (732)
[2026.05.13-08.02.46:463][758]LogModuleManager: Shutting down and abandoning module MergeActors (730)
[2026.05.13-08.02.46:463][758]LogModuleManager: Shutting down and abandoning module LocalizationDashboard (728)
[2026.05.13-08.02.46:464][758]LogModuleManager: Shutting down and abandoning module LocalizationService (727)
[2026.05.13-08.02.46:464][758]LogModuleManager: Shutting down and abandoning module HardwareTargeting (724)
[2026.05.13-08.02.46:464][758]LogModuleManager: Shutting down and abandoning module DeviceProfileEditor (722)
[2026.05.13-08.02.46:464][758]LogModuleManager: Shutting down and abandoning module UndoHistory (720)
[2026.05.13-08.02.46:464][758]LogModuleManager: Shutting down and abandoning module XmlParser (718)
[2026.05.13-08.02.46:464][758]LogModuleManager: Shutting down and abandoning module Blutility (716)
[2026.05.13-08.02.46:464][758]LogModuleManager: Shutting down and abandoning module ProjectSettingsViewer (714)
[2026.05.13-08.02.46:464][758]LogModuleManager: Shutting down and abandoning module ProjectTargetPlatformEditor (713)
[2026.05.13-08.02.46:464][758]LogModuleManager: Shutting down and abandoning module EditorSettingsViewer (710)
[2026.05.13-08.02.46:464][758]LogModuleManager: Shutting down and abandoning module InternationalizationSettings (709)
[2026.05.13-08.02.46:465][758]LogModuleManager: Shutting down and abandoning module SettingsEditor (706)
[2026.05.13-08.02.46:465][758]LogModuleManager: Shutting down and abandoning module ProjectLauncher (704)
[2026.05.13-08.02.46:465][758]LogModuleManager: Shutting down and abandoning module SessionFrontend (702)
[2026.05.13-08.02.46:465][758]LogModuleManager: Shutting down and abandoning module ProfilerClient (700)
[2026.05.13-08.02.46:466][758]LogModuleManager: Shutting down and abandoning module DeviceManager (698)
[2026.05.13-08.02.46:466][758]LogModuleManager: Shutting down and abandoning module TargetDeviceServices (697)
[2026.05.13-08.02.46:499][758]LogModuleManager: Shutting down and abandoning module AutomationController (694)
[2026.05.13-08.02.46:499][758]LogModuleManager: Shutting down and abandoning module AutomationWindow (692)
[2026.05.13-08.02.46:499][758]LogModuleManager: Shutting down and abandoning module Layers (690)
[2026.05.13-08.02.46:500][758]LogModuleManager: Shutting down and abandoning module ComponentVisualizers (688)
[2026.05.13-08.02.46:501][758]LogModuleManager: Shutting down and abandoning module DetailCustomizations (686)
[2026.05.13-08.02.46:501][758]LogModuleManager: Shutting down and abandoning module PackagesDialog (684)
[2026.05.13-08.02.46:501][758]LogModuleManager: Shutting down and abandoning module AnimationBlueprintEditor (682)
[2026.05.13-08.02.46:502][758]LogModuleManager: Shutting down and abandoning module Persona (680)
[2026.05.13-08.02.46:502][758]LogModuleManager: Shutting down and abandoning module AdvancedPreviewScene (679)
[2026.05.13-08.02.46:502][758]LogModuleManager: Shutting down and abandoning module AnimGraph (677)
[2026.05.13-08.02.46:502][758]LogModuleManager: Shutting down and abandoning module Kismet (674)
[2026.05.13-08.02.46:509][758]LogModuleManager: Shutting down and abandoning module KismetWidgets (673)
[2026.05.13-08.02.46:509][758]LogModuleManager: Shutting down and abandoning module GraphEditor (670)
[2026.05.13-08.02.46:509][758]LogModuleManager: Shutting down and abandoning module StructViewer (668)
[2026.05.13-08.02.46:509][758]LogModuleManager: Shutting down and abandoning module ClassViewer (666)
[2026.05.13-08.02.46:513][758]LogModuleManager: Shutting down and abandoning module Toolbox (664)
[2026.05.13-08.02.46:513][758]LogModuleManager: Shutting down and abandoning module ModuleUI (662)
[2026.05.13-08.02.46:513][758]LogModuleManager: Shutting down and abandoning module OutputLog (660)
[2026.05.13-08.02.46:515][758]LogModuleManager: Shutting down and abandoning module GammaUI (658)
[2026.05.13-08.02.46:515][758]LogModuleManager: Shutting down and abandoning module Documentation (656)
[2026.05.13-08.02.46:522][758]LogModuleManager: Shutting down and abandoning module LiveCoding (654)
[2026.05.13-08.02.46:523][758]LogModuleManager: Shutting down and abandoning module LevelSequence (652)
[2026.05.13-08.02.46:523][758]LogModuleManager: Shutting down and abandoning module MovieSceneTracks (650)
[2026.05.13-08.02.46:523][758]LogModuleManager: Shutting down and abandoning module MovieScene (648)
[2026.05.13-08.02.46:524][758]LogModuleManager: Shutting down and abandoning module StreamingPauseRendering (646)
[2026.05.13-08.02.46:524][758]LogModuleManager: Shutting down and abandoning module LauncherPlatform (644)
[2026.05.13-08.02.46:524][758]LogModuleManager: Shutting down and abandoning module AnalyticsET (642)
[2026.05.13-08.02.46:524][758]LogModuleManager: Shutting down and abandoning module PortalServices (640)
[2026.05.13-08.02.46:524][758]LogModuleManager: Shutting down and abandoning module PortalRpc (638)
[2026.05.13-08.02.46:524][758]LogModuleManager: Shutting down and abandoning module MessagingRpc (636)
[2026.05.13-08.02.46:524][758]LogModuleManager: Shutting down and abandoning module AudioMixerXAudio2 (634)
[2026.05.13-08.02.46:524][758]LogModuleManager: Shutting down and abandoning module AudioMixerCore (633)
[2026.05.13-08.02.46:524][758]LogModuleManager: Shutting down and abandoning module AIModule (630)
[2026.05.13-08.02.46:525][758]LogModuleManager: Shutting down and abandoning module GameplayDebugger (629)
[2026.05.13-08.02.46:525][758]LogModuleManager: Shutting down and abandoning module AITestSuite (627)
[2026.05.13-08.02.46:525][758]LogModuleManager: Shutting down and abandoning module NavigationSystem (625)
[2026.05.13-08.02.46:525][758]LogModuleManager: Shutting down and abandoning module ImageWriteQueue (622)
[2026.05.13-08.02.46:534][758]LogModuleManager: Shutting down and abandoning module ProfilerService (620)
[2026.05.13-08.02.46:590][758]LogModuleManager: Shutting down and abandoning module TaskGraph (618)
[2026.05.13-08.02.46:590][758]LogModuleManager: Shutting down and abandoning module AudioSynesthesiaEditor (616)
[2026.05.13-08.02.46:590][758]LogModuleManager: Shutting down and abandoning module OculusEditor (614)
[2026.05.13-08.02.46:592][758]LogModuleManager: Shutting down and abandoning module OculusInput (612)
[2026.05.13-08.02.46:592][758]LogModuleManager: Shutting down and abandoning module ContentBrowserClassDataSource (610)
[2026.05.13-08.02.46:592][758]LogModuleManager: Shutting down and abandoning module ContentBrowserAssetDataSource (608)
[2026.05.13-08.02.46:592][758]LogModuleManager: Shutting down and abandoning module CollectionManager (607)
[2026.05.13-08.02.46:593][758]LogModuleManager: Shutting down and abandoning module ContentBrowserFileDataSource (604)
[2026.05.13-08.02.46:593][758]LogModuleManager: Shutting down and abandoning module RiderGameControl (602)
[2026.05.13-08.02.46:593][758]LogModuleManager: Shutting down and abandoning module RiderBlueprint (600)
[2026.05.13-08.02.46:593][758]LogModuleManager: Shutting down and abandoning module OodleNetworkHandlerComponent (598)
[2026.05.13-08.02.46:593][758]LogModuleManager: Shutting down and abandoning module SynthesisEditor (596)
[2026.05.13-08.02.46:593][758]LogModuleManager: Shutting down and abandoning module Synthesis (594)
[2026.05.13-08.02.46:594][758]LogModuleManager: Shutting down and abandoning module TakeSequencer (592)
[2026.05.13-08.02.46:594][758]LogModuleManager: Shutting down and abandoning module TakeMovieScene (590)
[2026.05.13-08.02.46:594][758]LogModuleManager: Shutting down and abandoning module ProceduralMeshComponentEditor (588)
[2026.05.13-08.02.46:594][758]LogModuleManager: Shutting down and abandoning module ProceduralMeshComponent (586)
[2026.05.13-08.02.46:594][758]LogModuleManager: Shutting down and abandoning module GooglePAD (584)
[2026.05.13-08.02.46:594][758]LogModuleManager: Shutting down and abandoning module ArchVisCharacter (582)
[2026.05.13-08.02.46:594][758]LogModuleManager: Shutting down and abandoning module OpenXREditor (580)
[2026.05.13-08.02.46:594][758]LogModuleManager: Shutting down and abandoning module MobilePatchingUtils (578)
[2026.05.13-08.02.46:595][758]LogModuleManager: Shutting down and abandoning module EditableMesh (576)
[2026.05.13-08.02.46:595][758]LogModuleManager: Shutting down and abandoning module ScreenshotTools (574)
[2026.05.13-08.02.46:595][758]LogModuleManager: Shutting down and abandoning module CableComponent (572)
[2026.05.13-08.02.46:595][758]LogModuleManager: Shutting down and abandoning module CustomMeshComponent (570)
[2026.05.13-08.02.46:595][758]LogModuleManager: Shutting down and abandoning module AssetTags (568)
[2026.05.13-08.02.46:595][758]LogModuleManager: Shutting down and abandoning module AndroidPermission (566)
[2026.05.13-08.02.46:595][758]LogModuleManager: Shutting down and abandoning module AudioCapture (564)
[2026.05.13-08.02.46:595][758]LogModuleManager: Shutting down and abandoning module AudioCaptureRtAudio (563)
[2026.05.13-08.02.46:595][758]LogModuleManager: Shutting down and abandoning module AppleImageUtilsBlueprintSupport (560)
[2026.05.13-08.02.46:595][758]LogModuleManager: Shutting down and abandoning module AppleImageUtils (558)
[2026.05.13-08.02.46:595][758]LogModuleManager: Shutting down and abandoning module ActorLayerUtilitiesEditor (556)
[2026.05.13-08.02.46:595][758]LogModuleManager: Shutting down and abandoning module ActorLayerUtilities (554)
[2026.05.13-08.02.46:595][758]LogModuleManager: Shutting down and abandoning module TemplateSequence (552)
[2026.05.13-08.02.46:595][758]LogModuleManager: Shutting down and abandoning module MediaCompositing (550)
[2026.05.13-08.02.46:595][758]LogModuleManager: Shutting down and abandoning module ImgMedia (548)
[2026.05.13-08.02.46:595][758]LogModuleManager: Shutting down and abandoning module MaterialAnalyzer (546)
[2026.05.13-08.02.46:595][758]LogModuleManager: Shutting down and abandoning module OpenImageDenoise (544)
[2026.05.13-08.02.46:595][758]LogOpenImageDenoise: OIDN shutting down
[2026.05.13-08.02.46:595][758]LogModuleManager: Shutting down and abandoning module MotoSynthEditor (542)
[2026.05.13-08.02.46:595][758]LogModuleManager: Shutting down and abandoning module MotoSynth (540)
[2026.05.13-08.02.46:595][758]LogModuleManager: Shutting down and abandoning module UObjectPlugin (538)
[2026.05.13-08.02.46:596][758]LogModuleManager: Shutting down and abandoning module MeshConversion (536)
[2026.05.13-08.02.46:596][758]LogModuleManager: Shutting down and abandoning module DynamicMesh (534)
[2026.05.13-08.02.46:596][758]LogModuleManager: Shutting down and abandoning module GeometryAlgorithms (532)
[2026.05.13-08.02.46:596][758]LogModuleManager: Shutting down and abandoning module GeometricObjects (530)
[2026.05.13-08.02.46:597][758]LogModuleManager: Shutting down and abandoning module SpeedTreeImporter (528)
[2026.05.13-08.02.46:597][758]LogModuleManager: Shutting down and abandoning module MobileLauncherProfileWizard (526)
[2026.05.13-08.02.46:597][758]LogModuleManager: Shutting down and abandoning module PluginBrowser (524)
[2026.05.13-08.02.46:598][758]LogModuleManager: Shutting down and abandoning module CurveEditorTools (522)
[2026.05.13-08.02.46:599][758]LogModuleManager: Shutting down and abandoning module CryptoKeysOpenSSL (520)
[2026.05.13-08.02.46:599][758]LogModuleManager: Shutting down and abandoning module CryptoKeys (518)
[2026.05.13-08.02.46:599][758]LogModuleManager: Shutting down and abandoning module VisualStudioSourceCodeAccess (516)
[2026.05.13-08.02.46:599][758]LogModuleManager: Shutting down and abandoning module VisualStudioCodeSourceCodeAccess (514)
[2026.05.13-08.02.46:599][758]LogModuleManager: Shutting down and abandoning module SubversionSourceControl (512)
[2026.05.13-08.02.46:600][758]LogModuleManager: Shutting down and abandoning module RiderSourceCodeAccess (510)
[2026.05.13-08.02.46:600][758]LogModuleManager: Shutting down and abandoning module GeometryCollectionTracks (508)
[2026.05.13-08.02.46:600][758]LogModuleManager: Shutting down and abandoning module GeometryCollectionSequencer (507)
[2026.05.13-08.02.46:600][758]LogModuleManager: Shutting down and abandoning module GeometryCollectionEditor (504)
[2026.05.13-08.02.46:600][758]LogModuleManager: Shutting down and abandoning module PluginUtils (502)
[2026.05.13-08.02.46:600][758]LogModuleManager: Shutting down and abandoning module PerforceSourceControl (500)
[2026.05.13-08.02.46:601][758]LogModuleManager: Shutting down and abandoning module PlasticSourceControl (498)
[2026.05.13-08.02.46:601][758]LogModuleManager: Shutting down and abandoning module GitSourceControl (496)
[2026.05.13-08.02.46:602][758]LogModuleManager: Shutting down and abandoning module SourceControl (495)
[2026.05.13-08.02.46:603][758]LogModuleManager: Shutting down and abandoning module GeometryCacheTracks (492)
[2026.05.13-08.02.46:603][758]LogModuleManager: Shutting down and abandoning module GeometryCacheStreamer (490)
[2026.05.13-08.02.46:603][758]LogModuleManager: Shutting down and abandoning module GeometryCacheSequencer (488)
[2026.05.13-08.02.46:603][758]LogModuleManager: Shutting down and abandoning module CLionSourceCodeAccess (486)
[2026.05.13-08.02.46:603][758]LogModuleManager: Shutting down and abandoning module ChaosClothEditor (484)
[2026.05.13-08.02.46:603][758]LogModuleManager: Shutting down and abandoning module ChaosSolverEditor (482)
[2026.05.13-08.02.46:603][758]LogModuleManager: Shutting down and abandoning module ChaosNiagara (480)
[2026.05.13-08.02.46:603][758]LogModuleManager: Shutting down and abandoning module FractureEditor (478)
[2026.05.13-08.02.46:603][758]LogModuleManager: Shutting down and abandoning module FieldSystemEngine (477)
[2026.05.13-08.02.46:603][758]LogModuleManager: Shutting down and abandoning module AlembicImporter (474)
[2026.05.13-08.02.46:603][758]LogModuleManager: Shutting down and abandoning module AlembicLibrary (473)
[2026.05.13-08.02.46:603][758]LogModuleManager: Shutting down and abandoning module GeometryCache (472)
[2026.05.13-08.02.46:603][758]LogModuleManager: Shutting down and abandoning module GeometryCacheEd (471)
[2026.05.13-08.02.46:603][758]LogModuleManager: Shutting down and abandoning module AutomationUtilsEditor (466)
[2026.05.13-08.02.46:604][758]LogModuleManager: Shutting down and abandoning module AutomationUtils (464)
[2026.05.13-08.02.46:604][758]LogModuleManager: Shutting down and abandoning module BackChannel (462)
[2026.05.13-08.02.46:604][758]LogModuleManager: Shutting down and abandoning module AnimationSharingEd (460)
[2026.05.13-08.02.46:604][758]LogModuleManager: Shutting down and abandoning module LightPropagationVolumeEditor (458)
[2026.05.13-08.02.46:604][758]LogModuleManager: Shutting down and abandoning module MagicLeapSharedWorld (456)
[2026.05.13-08.02.46:604][758]LogModuleManager: Shutting down and abandoning module MagicLeapLightEstimation (454)
[2026.05.13-08.02.46:604][758]LogModuleManager: Shutting down and abandoning module MagicLeapHelperVulkan (452)
[2026.05.13-08.02.46:604][758]LogModuleManager: Shutting down and abandoning module MagicLeapHelperOpenGL (450)
[2026.05.13-08.02.46:604][758]LogModuleManager: Shutting down and abandoning module MagicLeapAudio (448)
[2026.05.13-08.02.46:604][758]LogModuleManager: Shutting down and abandoning module NiagaraEditorWidgets (446)
[2026.05.13-08.02.46:605][758]LogModuleManager: Shutting down and abandoning module VariantManagerContentEditor (444)
[2026.05.13-08.02.46:606][758]LogModuleManager: Shutting down and abandoning module DatasmithContentEditor (442)
[2026.05.13-08.02.46:606][758]LogModuleManager: Shutting down and abandoning module LiveLinkSequencer (440)
[2026.05.13-08.02.46:607][758]LogModuleManager: Shutting down and abandoning module LiveLinkMovieScene (438)
[2026.05.13-08.02.46:607][758]LogModuleManager: Shutting down and abandoning module LiveLinkGraphNode (436)
[2026.05.13-08.02.46:607][758]LogModuleManager: Shutting down and abandoning module LiveLinkEditor (434)
[2026.05.13-08.02.46:607][758]LogModuleManager: Shutting down and abandoning module LiveLinkComponents (432)
[2026.05.13-08.02.46:607][758]LogModuleManager: Shutting down and abandoning module LiveLink (430)
[2026.05.13-08.02.46:783][758]LogModuleManager: Shutting down and abandoning module PaperTiledImporter (428)
[2026.05.13-08.02.46:783][758]LogModuleManager: Shutting down and abandoning module PaperSpriteSheetImporter (426)
[2026.05.13-08.02.46:783][758]LogModuleManager: Shutting down and abandoning module Paper2DEditor (424)
[2026.05.13-08.02.46:784][758]LogModuleManager: Shutting down and abandoning module MeshPaintingToolset (422)
[2026.05.13-08.02.46:784][758]LogModuleManager: Shutting down and abandoning module MeshPaintEditorMode (420)
[2026.05.13-08.02.46:785][758]LogModuleManager: Shutting down and abandoning module RiderDebuggerSupport (418)
[2026.05.13-08.02.46:785][758]LogModuleManager: Shutting down and abandoning module RiderLogging (416)
[2026.05.13-08.02.46:786][758]LogModuleManager: Shutting down and abandoning module RiderLink (414)
[2026.05.13-08.02.46:791][758]LogModuleManager: Shutting down and abandoning module RD (412)
[2026.05.13-08.02.46:791][758]LogModuleManager: Shutting down and abandoning module PropertyAccessEditor (410)
[2026.05.13-08.02.46:791][758]LogModuleManager: Shutting down and abandoning module SignificanceManager (408)
[2026.05.13-08.02.46:791][758]LogModuleManager: Shutting down and abandoning module SoundFields (406)
[2026.05.13-08.02.46:791][758]LogModuleManager: Shutting down and abandoning module RuntimePhysXCooking (404)
[2026.05.13-08.02.46:791][758]LogModuleManager: Shutting down and abandoning module PhysXVehiclesEditor (402)
[2026.05.13-08.02.46:791][758]LogModuleManager: Shutting down and abandoning module LocationServicesBPLibrary (398)
[2026.05.13-08.02.46:791][758]LogModuleManager: Shutting down and abandoning module AudioSynesthesia (396)
[2026.05.13-08.02.46:791][758]LogModuleManager: Shutting down and abandoning module AudioSynesthesiaCore (394)
[2026.05.13-08.02.46:791][758]LogModuleManager: Shutting down and abandoning module UdpMessaging (392)
[2026.05.13-08.02.46:892][758]LogModuleManager: Shutting down and abandoning module PythonScriptPlugin (390)
[2026.05.13-08.02.46:892][758]LogModuleManager: Shutting down and abandoning module TcpMessaging (388)
[2026.05.13-08.02.46:994][758]LogModuleManager: Shutting down and abandoning module ActorSequence (386)
[2026.05.13-08.02.46:994][758]LogModuleManager: Shutting down and abandoning module ImgMediaEngine (384)
[2026.05.13-08.02.46:994][758]LogModuleManager: Shutting down and abandoning module PropertyAccessNode (382)
[2026.05.13-08.02.46:994][758]LogModuleManager: Shutting down and abandoning module DataValidation (380)
[2026.05.13-08.02.46:994][758]LogModuleManager: Shutting down and abandoning module GameplayTagsEditor (378)
[2026.05.13-08.02.46:995][758]LogModuleManager: Shutting down and abandoning module FacialAnimationEditor (376)
[2026.05.13-08.02.46:995][758]LogModuleManager: Shutting down and abandoning module FacialAnimation (374)
[2026.05.13-08.02.46:995][758]LogModuleManager: Shutting down and abandoning module AssetManagerEditor (372)
[2026.05.13-08.02.46:996][758]LogModuleManager: Shutting down and abandoning module LevelEditor (371)
[2026.05.13-08.02.47:003][758]LogModuleManager: Shutting down and abandoning module PixelInspectorModule (370)
[2026.05.13-08.02.47:003][758]LogModuleManager: Shutting down and abandoning module CommonMenuExtensions (368)
[2026.05.13-08.02.47:005][758]LogModuleManager: Shutting down and abandoning module MainFrame (366)
[2026.05.13-08.02.47:005][758]LogModuleManager: Shutting down and abandoning module HotReload (365)
[2026.05.13-08.02.47:006][758]LogModuleManager: Shutting down and abandoning module ToolMenus (361)
[2026.05.13-08.02.47:006][758]LogModuleManager: Shutting down and abandoning module TreeMap (359)
[2026.05.13-08.02.47:006][758]LogModuleManager: Shutting down and abandoning module AnimationSharing (356)
[2026.05.13-08.02.47:006][758]LogModuleManager: Shutting down and abandoning module LightPropagationVolumeRuntime (354)
[2026.05.13-08.02.47:006][758]LogModuleManager: Shutting down and abandoning module MagicLeapARPin (352)
[2026.05.13-08.02.47:006][758]LogModuleManager: Shutting down and abandoning module MagicLeapHandMeshing (350)
[2026.05.13-08.02.47:007][758]LogModuleManager: Shutting down and abandoning module MagicLeapSecureStorage (348)
[2026.05.13-08.02.47:007][758]LogModuleManager: Shutting down and abandoning module MagicLeapPrivileges (346)
[2026.05.13-08.02.47:007][758]LogModuleManager: Shutting down and abandoning module MagicLeapPlanes (344)
[2026.05.13-08.02.47:007][758]LogMagicLeapPlanes: Planes tracker already destroyed.
[2026.05.13-08.02.47:007][758]LogModuleManager: Shutting down and abandoning module MagicLeapImageTracker (342)
[2026.05.13-08.02.47:007][758]LogModuleManager: Shutting down and abandoning module MagicLeapIdentity (340)
[2026.05.13-08.02.47:007][758]LogModuleManager: Shutting down and abandoning module MagicLeapHandTracking (338)
[2026.05.13-08.02.47:007][758]LogModuleManager: Shutting down and abandoning module MagicLeapEyeTracker (336)
[2026.05.13-08.02.47:007][758]LogModuleManager: Shutting down and abandoning module MagicLeapController (334)
[2026.05.13-08.02.47:007][758]LogModuleManager: Shutting down and abandoning module MagicLeapARPinImpl (332)
[2026.05.13-08.02.47:008][758]LogModuleManager: Shutting down and abandoning module MagicLeapAR (330)
[2026.05.13-08.02.47:008][758]LogModuleManager: Shutting down and abandoning module NiagaraAnimNotifies (328)
[2026.05.13-08.02.47:008][758]LogModuleManager: Shutting down and abandoning module Niagara (326)
[2026.05.13-08.02.47:010][758]LogModuleManager: Shutting down and abandoning module SignalProcessing (325)
[2026.05.13-08.02.47:010][758]LogModuleManager: Shutting down and abandoning module NiagaraEditor (323)
[2026.05.13-08.02.47:011][758]LogModuleManager: Shutting down and abandoning module ContentBrowser (322)
[2026.05.13-08.02.47:011][758]LogModuleManager: Shutting down and abandoning module ContentBrowserData (321)
[2026.05.13-08.02.47:011][758]LogModuleManager: Shutting down and abandoning module NiagaraCore (316)
[2026.05.13-08.02.47:011][758]LogModuleManager: Shutting down and abandoning module GameplayCameras (314)
[2026.05.13-08.02.47:011][758]LogModuleManager: Shutting down and abandoning module EnvironmentQueryEditor (312)
[2026.05.13-08.02.47:012][758]LogModuleManager: Shutting down and abandoning module Paper2D (310)
[2026.05.13-08.02.47:012][758]LogModuleManager: Shutting down and abandoning module WindowsMoviePlayer (308)
[2026.05.13-08.02.47:030][758]LogModuleManager: Shutting down and abandoning module WebMMoviePlayer (306)
[2026.05.13-08.02.47:030][758]LogModuleManager: Shutting down and abandoning module NetworkReplayStreaming (304)
[2026.05.13-08.02.47:030][758]LogModuleManager: Shutting down and abandoning module PacketHandler (302)
[2026.05.13-08.02.47:030][758]LogModuleManager: Shutting down and abandoning module ClothingSystemEditor (300)
[2026.05.13-08.02.47:030][758]LogModuleManager: Shutting down and abandoning module ClothingSystemRuntimeNv (298)
[2026.05.13-08.02.47:032][758]LogModuleManager: Shutting down and abandoning module MediaAssets (296)
[2026.05.13-08.02.47:032][758]LogModuleManager: Shutting down and abandoning module Overlay (294)
[2026.05.13-08.02.47:032][758]LogModuleManager: Shutting down and abandoning module OverlayEditor (293)
[2026.05.13-08.02.47:032][758]LogModuleManager: Shutting down and abandoning module VREditor (290)
[2026.05.13-08.02.47:033][758]LogModuleManager: Shutting down and abandoning module StringTableEditor (288)
[2026.05.13-08.02.47:033][758]LogModuleManager: Shutting down and abandoning module GameplayTasksEditor (286)
[2026.05.13-08.02.47:033][758]LogModuleManager: Shutting down and abandoning module BehaviorTreeEditor (284)
[2026.05.13-08.02.47:034][758]LogModuleManager: Shutting down and abandoning module FunctionalTesting (282)
[2026.05.13-08.02.47:034][758]LogModuleManager: Shutting down and abandoning module CollisionAnalyzer (280)
[2026.05.13-08.02.47:035][758]LogModuleManager: Shutting down and abandoning module WorkspaceMenuStructure (279)
[2026.05.13-08.02.47:036][758]LogModuleManager: Shutting down and abandoning module UMG (276)
[2026.05.13-08.02.47:037][758]LogModuleManager: Shutting down and abandoning module UMGEditor (275)
[2026.05.13-08.02.47:039][758]LogModuleManager: Shutting down and abandoning module MessageLog (273)
[2026.05.13-08.02.47:039][758]LogModuleManager: Shutting down and abandoning module SlateReflector (268)
[2026.05.13-08.02.47:042][758]LogModuleManager: Shutting down and abandoning module Slate (266)
[2026.05.13-08.02.47:042][758]LogModuleManager: Shutting down and abandoning module SlateCore (264)
[2026.05.13-08.02.47:044][758]LogModuleManager: Shutting down and abandoning module LandscapeEditorUtilities (262)
[2026.05.13-08.02.47:044][758]LogModuleManager: Shutting down and abandoning module UnrealEd (260)
[2026.05.13-08.02.47:044][758]LogModuleManager: Shutting down and abandoning module MRMesh (258)
[2026.05.13-08.02.47:044][758]LogModuleManager: Shutting down and abandoning module SourceCodeAccess (256)
[2026.05.13-08.02.47:044][758]LogModuleManager: Shutting down and abandoning module HeadMountedDisplay (254)
[2026.05.13-08.02.47:044][758]LogModuleManager: Shutting down and abandoning module XAudio2 (252)
[2026.05.13-08.02.47:045][758]LogModuleManager: Shutting down and abandoning module Networking (250)
[2026.05.13-08.02.47:045][758]LogModuleManager: Shutting down and abandoning module Core (248)
[2026.05.13-08.02.47:045][758]LogModuleManager: Shutting down and abandoning module MaterialEditor (246)
[2026.05.13-08.02.47:045][758]LogModuleManager: Shutting down and abandoning module MovieSceneTools (244)
[2026.05.13-08.02.47:047][758]LogModuleManager: Shutting down and abandoning module CurveEditor (243)
[2026.05.13-08.02.47:048][758]LogModuleManager: Shutting down and abandoning module Sequencer (241)
[2026.05.13-08.02.47:051][758]LogModuleManager: Shutting down and abandoning module EditorStyle (240)
[2026.05.13-08.02.47:060][758]LogModuleManager: Shutting down and abandoning module KismetCompiler (236)
[2026.05.13-08.02.47:060][758]LogModuleManager: Shutting down and abandoning module MeshBuilder (234)
[2026.05.13-08.02.47:060][758]LogModuleManager: Shutting down and abandoning module MeshUtilities (232)
[2026.05.13-08.02.47:061][758]LogModuleManager: Shutting down and abandoning module MeshMergeUtilities (231)
[2026.05.13-08.02.47:061][758]LogModuleManager: Shutting down and abandoning module MeshReductionInterface (230)
[2026.05.13-08.02.47:061][758]LogModuleManager: Shutting down and abandoning module MeshBoneReduction (229)
[2026.05.13-08.02.47:061][758]LogModuleManager: Shutting down and abandoning module SkeletalMeshReduction (227)
[2026.05.13-08.02.47:062][758]LogModuleManager: Shutting down and abandoning module ProxyLODMeshReduction (225)
[2026.05.13-08.02.47:063][758]LogModuleManager: Shutting down and abandoning module QuadricMeshReduction (223)
[2026.05.13-08.02.47:063][758]LogModuleManager: Shutting down and abandoning module MaterialBaking (219)
[2026.05.13-08.02.47:064][758]LogModuleManager: Shutting down and abandoning module NullInstallBundleManager (214)
[2026.05.13-08.02.47:064][758]LogModuleManager: Shutting down and abandoning module DerivedDataCache (212)
[2026.05.13-08.02.47:065][758]LogModuleManager: Shutting down and abandoning module TargetPlatform (210)
[2026.05.13-08.02.47:065][758]LogModuleManager: Shutting down and abandoning module VulkanShaderFormat (209)
[2026.05.13-08.02.47:067][758]LogModuleManager: Shutting down and abandoning module ShaderFormatVectorVM (207)
[2026.05.13-08.02.47:068][758]LogModuleManager: Shutting down and abandoning module ShaderFormatOpenGL (205)
[2026.05.13-08.02.47:068][758]LogModuleManager: Shutting down and abandoning module ShaderFormatD3D (203)
[2026.05.13-08.02.47:068][758]LogModuleManager: Shutting down and abandoning module MetalShaderFormat (201)
[2026.05.13-08.02.47:068][758]LogModuleManager: Shutting down and abandoning module TextureFormatOodle (199)
[2026.05.13-08.02.47:069][758]LogModuleManager: Shutting down and abandoning module TextureFormatUncompressed (197)
[2026.05.13-08.02.47:069][758]LogModuleManager: Shutting down and abandoning module TextureFormatPVR (195)
[2026.05.13-08.02.47:069][758]LogModuleManager: Shutting down and abandoning module TextureFormatETC2 (193)
[2026.05.13-08.02.47:069][758]LogModuleManager: Shutting down and abandoning module TextureFormatDXT (191)
[2026.05.13-08.02.47:069][758]LogModuleManager: Shutting down and abandoning module TextureFormatIntelISPCTexComp (189)
[2026.05.13-08.02.47:070][758]LogModuleManager: Shutting down and abandoning module TextureFormatASTC (187)
[2026.05.13-08.02.47:070][758]LogModuleManager: Shutting down and abandoning module ImageWrapper (186)
[2026.05.13-08.02.47:070][758]LogModuleManager: Shutting down and abandoning module AudioFormatOpus (183)
[2026.05.13-08.02.47:070][758]LogModuleManager: Shutting down and abandoning module AudioFormatOgg (181)
[2026.05.13-08.02.47:070][758]LogModuleManager: Shutting down and abandoning module AudioFormatADPCM (179)
[2026.05.13-08.02.47:070][758]LogModuleManager: Shutting down and abandoning module WindowsServerTargetPlatform (177)
[2026.05.13-08.02.47:070][758]LogModuleManager: Shutting down and abandoning module WindowsClientTargetPlatform (175)
[2026.05.13-08.02.47:070][758]LogModuleManager: Shutting down and abandoning module WindowsTargetPlatform (173)
[2026.05.13-08.02.47:070][758]LogModuleManager: Shutting down and abandoning module WindowsNoEditorTargetPlatform (171)
[2026.05.13-08.02.47:070][758]LogModuleManager: Shutting down and abandoning module TVOSTargetPlatform (169)
[2026.05.13-08.02.47:082][758]LogModuleManager: Shutting down and abandoning module MacServerTargetPlatform (167)
[2026.05.13-08.02.47:082][758]LogModuleManager: Shutting down and abandoning module MacClientTargetPlatform (165)
[2026.05.13-08.02.47:082][758]LogModuleManager: Shutting down and abandoning module MacTargetPlatform (163)
[2026.05.13-08.02.47:083][758]LogModuleManager: Shutting down and abandoning module MacNoEditorTargetPlatform (161)
[2026.05.13-08.02.47:083][758]LogModuleManager: Shutting down and abandoning module LuminTargetPlatform (159)
[2026.05.13-08.02.47:097][758]LogModuleManager: Shutting down and abandoning module LinuxAArch64ServerTargetPlatform (157)
[2026.05.13-08.02.47:097][758]LogModuleManager: Shutting down and abandoning module LinuxAArch64ClientTargetPlatform (155)
[2026.05.13-08.02.47:097][758]LogModuleManager: Shutting down and abandoning module LinuxAArch64NoEditorTargetPlatform (153)
[2026.05.13-08.02.47:097][758]LogModuleManager: Shutting down and abandoning module LinuxServerTargetPlatform (151)
[2026.05.13-08.02.47:097][758]LogModuleManager: Shutting down and abandoning module LinuxClientTargetPlatform (149)
[2026.05.13-08.02.47:097][758]LogModuleManager: Shutting down and abandoning module LinuxNoEditorTargetPlatform (147)
[2026.05.13-08.02.47:097][758]LogModuleManager: Shutting down and abandoning module LinuxTargetPlatform (145)
[2026.05.13-08.02.47:097][758]LogModuleManager: Shutting down and abandoning module Messaging (143)
[2026.05.13-08.02.47:097][758]LogModuleManager: Shutting down and abandoning module IOSTargetPlatform (141)
[2026.05.13-08.02.47:103][758]LogModuleManager: Shutting down and abandoning module AndroidTargetPlatform (139)
[2026.05.13-08.02.47:121][758]LogModuleManager: Shutting down and abandoning module AllDesktopTargetPlatform (137)
[2026.05.13-08.02.47:121][758]LogModuleManager: Shutting down and abandoning module D3D11RHI (134)
[2026.05.13-08.02.47:121][758]LogModuleManager: Shutting down and abandoning module InputCore (132)
[2026.05.13-08.02.47:121][758]LogModuleManager: Shutting down and abandoning module Settings (130)
[2026.05.13-08.02.47:121][758]LogModuleManager: Shutting down and abandoning module DirectoryWatcher (128)
[2026.05.13-08.02.47:121][758]LogModuleManager: Shutting down and abandoning module PhysXCooking (126)
[2026.05.13-08.02.47:121][758]LogModuleManager: Shutting down and abandoning module Chaos (124)
[2026.05.13-08.02.47:121][758]LogModuleManager: Shutting down and abandoning module WindowsPlatformFeatures (122)
[2026.05.13-08.02.47:121][758]LogModuleManager: Shutting down and abandoning module GameplayMediaEncoder (121)
[2026.05.13-08.02.47:122][758]LogModuleManager: Shutting down and abandoning module AVEncoder (120)
[2026.05.13-08.02.47:122][758]LogModuleManager: Shutting down and abandoning module SteamVRInputDevice (116)
[2026.05.13-08.02.47:122][758]LogModuleManager: Shutting down and abandoning module SteamVRInput (114)
[2026.05.13-08.02.47:122][758]LogModuleManager: Shutting down and abandoning module SteamVR (112)
[2026.05.13-08.02.47:123][758]LogHMD: Freeing OpenVRDLLHandle.
[2026.05.13-08.02.47:123][758]LogModuleManager: Shutting down and abandoning module OculusHMD (110)
[2026.05.13-08.02.47:123][758]LogModuleManager: Shutting down and abandoning module OpenXREyeTracker (108)
[2026.05.13-08.02.47:123][758]LogModuleManager: Shutting down and abandoning module OpenXRAR (106)
[2026.05.13-08.02.47:124][758]LogModuleManager: Shutting down and abandoning module AugmentedReality (105)
[2026.05.13-08.02.47:124][758]LogModuleManager: Shutting down and abandoning module OpenXRHandTracking (102)
[2026.05.13-08.02.47:124][758]LogSlate: Slate User Destroyed.  User Index 0, Is Virtual User: 0
[2026.05.13-08.02.47:125][758]LogModuleManager: Shutting down and abandoning module OpenXRHMD (101)
[2026.05.13-08.02.47:127][758]LogModuleManager: Shutting down and abandoning module ExampleDeviceProfileSelector (98)
[2026.05.13-08.02.47:127][758]LogModuleManager: Shutting down and abandoning module ChunkDownloader (96)
[2026.05.13-08.02.47:128][758]LogModuleManager: Shutting down and abandoning module OnlineBlueprintSupport (94)
[2026.05.13-08.02.47:128][758]LogModuleManager: Shutting down and abandoning module LauncherChunkInstaller (90)
[2026.05.13-08.02.47:128][758]LogModuleManager: Shutting down and abandoning module OnlineSubsystem (88)
[2026.05.13-08.02.47:131][758]LogModuleManager: Shutting down and abandoning module XMPP (83)
[2026.05.13-08.02.47:131][758]LogModuleManager: Shutting down and abandoning module WebSockets (82)
[2026.05.13-08.02.47:170][758]LogModuleManager: Shutting down and abandoning module HTTP (79)
[2026.05.13-08.02.47:170][758]LogHttp: Display: Http module shutting down, but needs to wait on 1 outstanding Http requests:
[2026.05.13-08.02.47:171][758]LogHttp: Display: 	verb=[POST] url=[https://datarouter.ol.epicgames.com/datarouter/api/v1/public/data?SessionID=%7B5FCFCD60-4280-CF20-AEB5-508FDD5F10CE%7D&AppID=UEEditor.Rocket.Release&AppVersion=4.27.2-18319896%2B%2B%2BUE4%2BRelease-4.27&UserID=55c73c474e92d0c37f07ab8febe04a38%7C81d32e9996224e89b0dfec987a357124%7Cdc1b3db0-7ab3-4480-bd05-cd7efc218524&AppEnvironment=datacollector-binary&UploadType=eteventstream] refs=[1] status=Processing
[2026.05.13-08.02.47:171][758]LogHttp: Display: cleaning up 1 outstanding Http requests.
[2026.05.13-08.02.47:193][758]LogModuleManager: Shutting down and abandoning module SSL (78)
[2026.05.13-08.02.47:198][758]LogModuleManager: Shutting down and abandoning module WmfMedia (74)
[2026.05.13-08.02.47:201][758]LogModuleManager: Shutting down and abandoning module Media (73)
[2026.05.13-08.02.47:201][758]LogModuleManager: Shutting down and abandoning module MediaInfo (72)
[2026.05.13-08.02.47:201][758]LogModuleManager: Shutting down and abandoning module ExrReaderGpu (68)
[2026.05.13-08.02.47:201][758]LogModuleManager: Shutting down and abandoning module PixWinPlugin (66)
[2026.05.13-08.02.47:201][758]LogModuleManager: Shutting down and abandoning module ChaosCloth (64)
[2026.05.13-08.02.47:202][758]LogModuleManager: Shutting down and abandoning module MLSDK (62)
[2026.05.13-08.02.47:202][758]LogModuleManager: Shutting down and abandoning module MagicLeap (60)
[2026.05.13-08.02.47:202][758]LogModuleManager: Shutting down and abandoning module NiagaraVertexFactories (58)
[2026.05.13-08.02.47:202][758]LogModuleManager: Shutting down and abandoning module NiagaraShader (56)
[2026.05.13-08.02.47:202][758]LogModuleManager: Shutting down and abandoning module VariantManagerContent (54)
[2026.05.13-08.02.47:202][758]LogModuleManager: Shutting down and abandoning module DatasmithContent (52)
[2026.05.13-08.02.47:202][758]LogModuleManager: Shutting down and abandoning module AISupportModule (50)
[2026.05.13-08.02.47:202][758]LogModuleManager: Shutting down and abandoning module DesktopPlatform (48)
[2026.05.13-08.02.47:203][758]LogModuleManager: Shutting down and abandoning module OodleDataCompressionFormat (46)
[2026.05.13-08.02.47:203][758]LogModuleManager: Shutting down and abandoning module PythonScriptPluginPreload (44)
[2026.05.13-08.02.47:204][758]LogModuleManager: Shutting down and abandoning module PlatformCryptoOpenSSL (42)
[2026.05.13-08.02.47:204][758]LogModuleManager: Shutting down and abandoning module PlatformCryptoTypes (40)
[2026.05.13-08.02.47:204][758]LogModuleManager: Shutting down and abandoning module PlatformCrypto (38)
[2026.05.13-08.02.47:204][758]LogModuleManager: Shutting down and abandoning module XGEController (36)
[2026.05.13-08.02.47:204][758]LogXGEController: Cleaning working directory: C:/Users/LiamChen/AppData/Local/Temp/UnrealXGEWorkingDir/
[2026.05.13-08.02.47:204][758]LogModuleManager: Shutting down and abandoning module AnimationModifiers (34)
[2026.05.13-08.02.47:204][758]LogModuleManager: Shutting down and abandoning module AudioEditor (32)
[2026.05.13-08.02.47:206][758]LogModuleManager: Shutting down and abandoning module PropertyEditor (31)
[2026.05.13-08.02.47:207][758]LogModuleManager: Shutting down and abandoning module TextureCompressor (28)
[2026.05.13-08.02.47:207][758]LogModuleManager: Shutting down and abandoning module RenderCore (26)
[2026.05.13-08.02.47:207][758]LogModuleManager: Shutting down and abandoning module Landscape (24)
[2026.05.13-08.02.47:208][758]LogModuleManager: Shutting down and abandoning module SlateRHIRenderer (22)
[2026.05.13-08.02.47:215][758]LogModuleManager: Shutting down and abandoning module AnimGraphRuntime (20)
[2026.05.13-08.02.47:215][758]LogModuleManager: Shutting down and abandoning module Renderer (18)
[2026.05.13-08.02.47:215][758]LogModuleManager: Shutting down and abandoning module Engine (16)
[2026.05.13-08.02.47:215][758]LogModuleManager: Shutting down and abandoning module CoreUObject (14)
[2026.05.13-08.02.47:215][758]LogModuleManager: Shutting down and abandoning module NetworkFile (12)
[2026.05.13-08.02.47:216][758]LogModuleManager: Shutting down and abandoning module CookedIterativeFile (10)
[2026.05.13-08.02.47:216][758]LogModuleManager: Shutting down and abandoning module StreamingFile (8)
[2026.05.13-08.02.47:216][758]LogModuleManager: Shutting down and abandoning module SandboxFile (6)
[2026.05.13-08.02.47:216][758]LogModuleManager: Shutting down and abandoning module PakFile (4)
[2026.05.13-08.02.47:217][758]LogModuleManager: Shutting down and abandoning module RSA (3)
[2026.05.13-08.02.47:217][758]LogContentStreaming: Display: There are 1 unreleased StreamingManagers
[2026.05.13-08.02.47:259][758]LogD3D11RHI: Shutdown
[2026.05.13-08.02.47:259][758]LogD3D11RHI: CleanupD3DDevice
[2026.05.13-08.02.47:280][758]LogExit: Exiting.
[2026.05.13-08.02.47:295][758]Log file closed, 05/13/26 17:02:47
