Log file open, 12/24/25 09:01:24
LogWindows: Failed to load 'aqProf.dll' (GetLastError=126)
LogWindows: File 'aqProf.dll' does not exist
LogWindows: Failed to load 'VtuneApi.dll' (GetLastError=126)
LogWindows: File 'VtuneApi.dll' does not exist
LogWindows: Failed to load 'VtuneApi32e.dll' (GetLastError=126)
LogWindows: File 'VtuneApi32e.dll' does not exist
LogConsoleResponse: Display: Failed to find resolution value strings in scalability ini. Falling back to default.
LogConsoleResponse: Display: Failed to find resolution value strings in scalability ini. Falling back to default.
LogInit: Display: Running engine for game: MyProject
LogPlatformFile: Not using cached read wrapper
LogTaskGraph: Started task graph with 5 named threads and 71 total threads with 3 sets of task threads.
LogStats: Stats thread started at 0.235605
LogICUInternationalization: ICU TimeZone Detection - Raw Offset: +9:00, Platform Override: ''
LogInit: Display: Loading text-based GConfig....
LogPluginManager: Mounting plugin MeshPainting
LogPluginManager: Mounting plugin XGEController
LogPluginManager: Mounting plugin Paper2D
LogPluginManager: Mounting plugin GameplayCameras
LogPluginManager: Mounting plugin LightPropagationVolume
LogPluginManager: Mounting plugin OodleData
LogPluginManager: Mounting plugin LiveLink
LogPluginManager: Mounting plugin AISupport
LogPluginManager: Mounting plugin OodleNetwork
LogPluginManager: Mounting plugin CameraShakePreviewer
LogPluginManager: Mounting plugin EnvironmentQueryEditor
LogPluginManager: Mounting plugin Niagara
LogPluginManager: Mounting plugin AnimationSharing
LogPluginManager: Mounting plugin DatasmithContent
LogPluginManager: Mounting plugin CodeLiteSourceCodeAccess
LogPluginManager: Mounting plugin CLionSourceCodeAccess
LogPluginManager: Mounting plugin VariantManagerContent
LogPluginManager: Mounting plugin PerforceSourceControl
LogPluginManager: Mounting plugin NullSourceCodeAccess
LogPluginManager: Mounting plugin GitSourceControl
LogPluginManager: Mounting plugin PlasticSourceControl
LogPluginManager: Mounting plugin PropertyAccessNode
LogPluginManager: Mounting plugin PluginUtils
LogPluginManager: Mounting plugin KDevelopSourceCodeAccess
LogPluginManager: Mounting plugin SubversionSourceControl
LogPluginManager: Mounting plugin TextureFormatOodle
LogPluginManager: Mounting plugin PixWinPlugin
LogPluginManager: Mounting plugin UObjectPlugin
LogPluginManager: Mounting plugin RiderSourceCodeAccess
LogPluginManager: Mounting plugin VisualStudioSourceCodeAccess
LogPluginManager: Mounting plugin AssetManagerEditor
LogPluginManager: Mounting plugin VisualStudioCodeSourceCodeAccess
LogPluginManager: Mounting plugin XCodeSourceCodeAccess
LogPluginManager: Mounting plugin CurveEditorTools
LogPluginManager: Mounting plugin CryptoKeys
LogPluginManager: Mounting plugin MacGraphicsSwitching
LogPluginManager: Mounting plugin GeometryMode
LogPluginManager: Mounting plugin GameplayTagsEditor
LogPluginManager: Mounting plugin MobileLauncherProfileWizard
LogPluginManager: Mounting plugin PluginBrowser
LogPluginManager: Mounting plugin FacialAnimation
LogPluginManager: Mounting plugin TcpMessaging
LogPluginManager: Mounting plugin MaterialAnalyzer
LogPluginManager: Mounting plugin UdpMessaging
LogPluginManager: Mounting plugin DataValidation
LogPluginManager: Mounting plugin SpeedTreeImporter
LogPluginManager: Mounting plugin LauncherChunkInstaller
LogPluginManager: Mounting plugin OnlineSubsystemUtils
LogPluginManager: Mounting plugin ActorSequence
LogPluginManager: Mounting plugin LuminPlatformFeatures
LogPluginManager: Mounting plugin OnlineSubsystemNull
LogPluginManager: Mounting plugin MatineeToLevelSequence
LogPluginManager: Mounting plugin OnlineSubsystem
LogPluginManager: Mounting plugin LevelSequenceEditor
LogPluginManager: Mounting plugin TemplateSequence
LogPluginManager: Mounting plugin MagicLeap
LogPluginManager: Mounting plugin MagicLeapPassableWorld
LogPluginManager: Mounting plugin MLSDK
LogPluginManager: Mounting plugin MagicLeapLightEstimation
LogPluginManager: Mounting plugin MagicLeapMedia
LogPluginManager: Mounting plugin AndroidMedia
LogPluginManager: Mounting plugin AvfMedia
LogPluginManager: Mounting plugin ImgMedia
LogPluginManager: Mounting plugin MediaCompositing
LogPluginManager: Mounting plugin WebMMedia
LogPluginManager: Mounting plugin WmfMedia
LogPluginManager: Mounting plugin MediaPlayerEditor
LogPluginManager: Mounting plugin ScreenshotTools
LogPluginManager: Mounting plugin ActorLayerUtilities
LogPluginManager: Mounting plugin AndroidDeviceProfileSelector
LogPluginManager: Mounting plugin AndroidPermission
LogPluginManager: Mounting plugin AndroidMoviePlayer
LogPluginManager: Mounting plugin Takes
LogPluginManager: Mounting plugin AppleImageUtils
LogPluginManager: Mounting plugin AudioSynesthesia
LogPluginManager: Mounting plugin AppleMoviePlayer
LogPluginManager: Mounting plugin CableComponent
LogPluginManager: Mounting plugin ChunkDownloader
LogPluginManager: Mounting plugin CustomMeshComponent
LogPluginManager: Mounting plugin AudioCapture
LogPluginManager: Mounting plugin AssetTags
LogPluginManager: Mounting plugin ArchVisCharacter
LogPluginManager: Mounting plugin EditableMesh
LogPluginManager: Mounting plugin AlembicImporter
LogPluginManager: Mounting plugin ExampleDeviceProfileSelector
LogPluginManager: Mounting plugin AutomationUtils
LogPluginManager: Mounting plugin BackChannel
LogPluginManager: Mounting plugin GooglePAD
LogPluginManager: Mounting plugin GoogleCloudMessaging
LogPluginManager: Mounting plugin ChaosEditor
LogPluginManager: Mounting plugin ChaosNiagara
LogPluginManager: Mounting plugin ChaosClothEditor
LogPluginManager: Mounting plugin ChaosCloth
LogPluginManager: Mounting plugin ChaosSolverPlugin
LogPluginManager: Mounting plugin CharacterAI
LogPluginManager: Mounting plugin GeometryCache
LogPluginManager: Mounting plugin GeometryProcessing
LogPluginManager: Mounting plugin GeometryCollectionPlugin
LogPluginManager: Mounting plugin OpenImageDenoise
LogPluginManager: Mounting plugin PlanarCut
LogPluginManager: Mounting plugin PlatformCrypto
LogPluginManager: Mounting plugin MotoSynth
LogPluginManager: Mounting plugin PythonScriptPlugin
LogPluginManager: Mounting plugin ProxyLODPlugin
LogPluginManager: Mounting plugin SkeletalReduction
LogPluginManager: Mounting plugin LinuxDeviceProfileSelector
LogPluginManager: Mounting plugin IOSDeviceProfileSelector
LogPluginManager: Mounting plugin LocationServicesBPLibrary
LogPluginManager: Mounting plugin MobilePatchingUtils
LogPluginManager: Mounting plugin OpenXR
LogPluginManager: Mounting plugin OpenXRHandTracking
LogPluginManager: Mounting plugin OpenXREyeTracker
LogPluginManager: Mounting plugin PostSplashScreen
LogPluginManager: Mounting plugin PropertyAccessEditor
LogPluginManager: Mounting plugin PhysXVehicles
LogPluginManager: Mounting plugin SignificanceManager
LogPluginManager: Mounting plugin ProceduralMeshComponent
LogPluginManager: Mounting plugin RuntimePhysXCooking
LogPluginManager: Mounting plugin SoundFields
LogPluginManager: Mounting plugin Synthesis
LogPluginManager: Mounting plugin WindowsMoviePlayer
LogPluginManager: Mounting plugin WebMMoviePlayer
LogPluginManager: Mounting plugin RiderLink
LogPluginManager: Mounting plugin ContentBrowserClassDataSource
LogPluginManager: Mounting plugin ContentBrowserAssetDataSource
LogPluginManager: Mounting plugin ContentBrowserFileDataSource
LogPluginManager: Mounting plugin OnlineSubsystemGooglePlay
LogPluginManager: Mounting plugin OnlineSubsystemIOS
LogPluginManager: Mounting plugin OculusVR
LogPluginManager: Mounting plugin SteamVR
PixWinPlugin: PIX capture plugin failed to initialize! Check that the process is launched from PIX.
LogInit: Using libcurl 7.55.1-DEV
LogInit:  - built for x86_64-pc-win32
LogInit:  - supports SSL with OpenSSL/1.1.1
LogInit:  - supports HTTP deflate (compression) using libz 1.2.8
LogInit:  - other features:
LogInit:      CURL_VERSION_SSL
LogInit:      CURL_VERSION_LIBZ
LogInit:      CURL_VERSION_IPV6
LogInit:      CURL_VERSION_ASYNCHDNS
LogInit:      CURL_VERSION_LARGEFILE
LogInit:      CURL_VERSION_IDN
LogInit:  CurlRequestOptions (configurable via config and command line):
LogInit:  - bVerifyPeer = true  - Libcurl will verify peer certificate
LogInit:  - bUseHttpProxy = false  - Libcurl will NOT use HTTP proxy
LogInit:  - bDontReuseConnections = false  - Libcurl will reuse connections
LogInit:  - MaxHostConnections = 16  - Libcurl will limit the number of connections to a host
LogInit:  - LocalHostAddr = Default
LogInit:  - BufferSize = 65536
LogOnline: OSS: Creating online subsystem instance for: NULL
LogInit: WinSock: version 1.1 (2.2), MaxSocks=32767, MaxUdp=65467
LogOnline: OSS: TryLoadSubsystemAndSetDefault: Loaded subsystem for module [NULL]
LogOculusPluginWrapper: OculusPlugin initialized successfully
LogHMD: Failed initializing OVRPlugin 1.59.0
LogInit: Build: ++UE4+Release-4.27-CL-18319896
LogInit: Engine Version: 4.27.2-18319896+++UE4+Release-4.27
LogInit: Compatible Engine Version: 4.27.0-17155196+++UE4+Release-4.27
LogInit: Net CL: 17155196
LogInit: OS: Windows 10 (Release 2009) (), CPU: 13th Gen Intel(R) Core(TM) i7-13700, GPU: NVIDIA GeForce RTX 4070
LogInit: Compiled (64-bit): Nov 30 2021 07:12:08
LogInit: Compiled with Visual C++: 19.24.28315.00
LogInit: Build Configuration: Development
LogInit: Branch Name: ++UE4+Release-4.27
LogInit: Command Line: 
LogInit: Base Directory: C:/Program Files/Epic Games/UE_4.27/Engine/Binaries/Win64/
LogInit: Allocator: TBB
LogInit: Installed Engine Build: 1
LogDevObjectVersion: Number of dev versions registered: 29
LogDevObjectVersion:   Dev-Blueprints (B0D832E4-1F89-4F0D-ACCF-7EB736FD4AA2): 10
LogDevObjectVersion:   Dev-Build (E1C64328-A22C-4D53-A36C-8E866417BD8C): 0
LogDevObjectVersion:   Dev-Core (375EC13C-06E4-48FB-B500-84F0262A717E): 4
LogDevObjectVersion:   Dev-Editor (E4B068ED-F494-42E9-A231-DA0B2E46BB41): 40
LogDevObjectVersion:   Dev-Framework (CFFC743F-43B0-4480-9391-14DF171D2073): 37
LogDevObjectVersion:   Dev-Mobile (B02B49B5-BB20-44E9-A304-32B752E40360): 3
LogDevObjectVersion:   Dev-Networking (A4E4105C-59A1-49B5-A7C5-40C4547EDFEE): 0
LogDevObjectVersion:   Dev-Online (39C831C9-5AE6-47DC-9A44-9C173E1C8E7C): 0
LogDevObjectVersion:   Dev-Physics (78F01B33-EBEA-4F98-B9B4-84EACCB95AA2): 14
LogDevObjectVersion:   Dev-Platform (6631380F-2D4D-43E0-8009-CF276956A95A): 0
LogDevObjectVersion:   Dev-Rendering (12F88B9F-8875-4AFC-A67C-D90C383ABD29): 45
LogDevObjectVersion:   Dev-Sequencer (7B5AE74C-D270-4C10-A958-57980B212A5A): 13
LogDevObjectVersion:   Dev-VR (D7296918-1DD6-4BDD-9DE2-64A83CC13884): 3
LogDevObjectVersion:   Dev-LoadTimes (C2A15278-BFE7-4AFE-6C17-90FF531DF755): 1
LogDevObjectVersion:   Private-Geometry (6EACA3D4-40EC-4CC1-B786-8BED09428FC5): 3
LogDevObjectVersion:   Dev-AnimPhys (29E575DD-E0A3-4627-9D10-D276232CDCEA): 17
LogDevObjectVersion:   Dev-Anim (AF43A65D-7FD3-4947-9873-3E8ED9C1BB05): 15
LogDevObjectVersion:   Dev-ReflectionCapture (6B266CEC-1EC7-4B8F-A30B-E4D90942FC07): 1
LogDevObjectVersion:   Dev-Automation (0DF73D61-A23F-47EA-B727-89E90C41499A): 1
LogDevObjectVersion:   FortniteMain (601D1886-AC64-4F84-AA16-D3DE0DEAC7D6): 47
LogDevObjectVersion:   FortniteRelease (E7086368-6B23-4C58-8439-1B7016265E91): 1
LogDevObjectVersion:   Dev-Enterprise (9DFFBCD6-494F-0158-E221-12823C92A888): 10
LogDevObjectVersion:   Dev-Niagara (F2AED0AC-9AFE-416F-8664-AA7FFA26D6FC): 1
LogDevObjectVersion:   Dev-Destruction (174F1F0B-B4C6-45A5-B13F-2EE8D0FB917D): 10
LogDevObjectVersion:   Dev-Physics-Ext (35F94A83-E258-406C-A318-09F59610247C): 41
LogDevObjectVersion:   Dev-PhysicsMaterial-Chaos (B68FC16E-8B1B-42E2-B453-215C058844FE): 1
LogDevObjectVersion:   Dev-CineCamera (B2E18506-4273-CFC2-A54E-F4BB758BBA07): 1
LogDevObjectVersion:   Dev-VirtualProduction (64F58936-FD1B-42BA-BA96-7289D5D0FA4E): 1
LogDevObjectVersion:   Dev-MediaFramework (6F0ED827-A609-4895-9C91-998D90180EA4): 2
LogInit: Presizing for max 25165824 objects, including 0 objects not considered by GC, pre-allocating 0 bytes for permanent pool.
LogConfig: Applying CVar settings from Section [/Script/Engine.StreamingSettings] File [C:/UEProject/UnrealLearn/MyProject/Saved/Config/Windows/Engine.ini]
LogConfig: Setting CVar [[s.MinBulkDataSizeForAsyncLoading:131072]]
LogConfig: Setting CVar [[s.AsyncLoadingThreadEnabled:0]]
LogConfig: Setting CVar [[s.EventDrivenLoaderEnabled:1]]
LogConfig: Setting CVar [[s.WarnIfTimeLimitExceeded:0]]
LogConfig: Setting CVar [[s.TimeLimitExceededMultiplier:1.5]]
LogConfig: Setting CVar [[s.TimeLimitExceededMinTime:0.005]]
LogConfig: Setting CVar [[s.UseBackgroundLevelStreaming:1]]
LogConfig: Setting CVar [[s.PriorityAsyncLoadingExtraTime:15.0]]
LogConfig: Setting CVar [[s.LevelStreamingActorsUpdateTimeLimit:5.0]]
LogConfig: Setting CVar [[s.PriorityLevelStreamingActorsUpdateExtraTime:5.0]]
LogConfig: Setting CVar [[s.LevelStreamingComponentsRegistrationGranularity:10]]
LogConfig: Setting CVar [[s.UnregisterComponentsTimeLimit:1.0]]
LogConfig: Setting CVar [[s.LevelStreamingComponentsUnregistrationGranularity:5]]
LogConfig: Setting CVar [[s.FlushStreamingOnExit:1]]
LogInit: Object subsystem initialized
LogConfig: Setting CVar [[con.DebugEarlyDefault:1]]
LogConfig: Setting CVar [[r.setres:1280x720]]
[2025.12.24-00.01.25:932][  0]LogConfig: Setting CVar [[r.VSync:0]]
[2025.12.24-00.01.25:932][  0]LogConfig: Setting CVar [[r.RHICmdBypass:0]]
[2025.12.24-00.01.25:932][  0]LogConfig: Applying CVar settings from Section [/Script/Engine.RendererSettings] File [C:/UEProject/UnrealLearn/MyProject/Saved/Config/Windows/Engine.ini]
[2025.12.24-00.01.25:932][  0]LogConfig: Setting CVar [[r.GPUCrashDebugging:0]]
[2025.12.24-00.01.25:932][  0]LogConfig: Applying CVar settings from Section [/Script/Engine.RendererOverrideSettings] File [C:/UEProject/UnrealLearn/MyProject/Saved/Config/Windows/Engine.ini]
[2025.12.24-00.01.25:932][  0]LogConfig: Applying CVar settings from Section [/Script/Engine.StreamingSettings] File [C:/UEProject/UnrealLearn/MyProject/Saved/Config/Windows/Engine.ini]
[2025.12.24-00.01.25:932][  0]LogConfig: Setting CVar [[s.MinBulkDataSizeForAsyncLoading:131072]]
[2025.12.24-00.01.25:932][  0]LogConfig: Setting CVar [[s.AsyncLoadingThreadEnabled:0]]
[2025.12.24-00.01.25:932][  0]LogConfig: Setting CVar [[s.EventDrivenLoaderEnabled:1]]
[2025.12.24-00.01.25:932][  0]LogConfig: Setting CVar [[s.WarnIfTimeLimitExceeded:0]]
[2025.12.24-00.01.25:932][  0]LogConfig: Setting CVar [[s.TimeLimitExceededMultiplier:1.5]]
[2025.12.24-00.01.25:932][  0]LogConfig: Setting CVar [[s.TimeLimitExceededMinTime:0.005]]
[2025.12.24-00.01.25:932][  0]LogConfig: Setting CVar [[s.UseBackgroundLevelStreaming:1]]
[2025.12.24-00.01.25:932][  0]LogConfig: Setting CVar [[s.PriorityAsyncLoadingExtraTime:15.0]]
[2025.12.24-00.01.25:932][  0]LogConfig: Setting CVar [[s.LevelStreamingActorsUpdateTimeLimit:5.0]]
[2025.12.24-00.01.25:932][  0]LogConfig: Setting CVar [[s.PriorityLevelStreamingActorsUpdateExtraTime:5.0]]
[2025.12.24-00.01.25:932][  0]LogConfig: Setting CVar [[s.LevelStreamingComponentsRegistrationGranularity:10]]
[2025.12.24-00.01.25:932][  0]LogConfig: Setting CVar [[s.UnregisterComponentsTimeLimit:1.0]]
[2025.12.24-00.01.25:932][  0]LogConfig: Setting CVar [[s.LevelStreamingComponentsUnregistrationGranularity:5]]
[2025.12.24-00.01.25:932][  0]LogConfig: Setting CVar [[s.FlushStreamingOnExit:1]]
[2025.12.24-00.01.25:932][  0]LogConfig: Applying CVar settings from Section [/Script/Engine.GarbageCollectionSettings] File [C:/UEProject/UnrealLearn/MyProject/Saved/Config/Windows/Engine.ini]
[2025.12.24-00.01.25:932][  0]LogConfig: Setting CVar [[gc.MaxObjectsNotConsideredByGC:1]]
[2025.12.24-00.01.25:932][  0]LogConfig: Setting CVar [[gc.SizeOfPermanentObjectPool:0]]
[2025.12.24-00.01.25:932][  0]LogConfig: Setting CVar [[gc.FlushStreamingOnGC:0]]
[2025.12.24-00.01.25:932][  0]LogConfig: Setting CVar [[gc.NumRetriesBeforeForcingGC:10]]
[2025.12.24-00.01.25:932][  0]LogConfig: Setting CVar [[gc.AllowParallelGC:1]]
[2025.12.24-00.01.25:932][  0]LogConfig: Setting CVar [[gc.TimeBetweenPurgingPendingKillObjects:61.1]]
[2025.12.24-00.01.25:932][  0]LogConfig: Setting CVar [[gc.MaxObjectsInEditor:25165824]]
[2025.12.24-00.01.25:932][  0]LogConfig: Setting CVar [[gc.IncrementalBeginDestroyEnabled:1]]
[2025.12.24-00.01.25:932][  0]LogConfig: Setting CVar [[gc.CreateGCClusters:1]]
[2025.12.24-00.01.25:932][  0]LogConfig: Setting CVar [[gc.MinGCClusterSize:5]]
[2025.12.24-00.01.25:932][  0]LogConfig: Setting CVar [[gc.ActorClusteringEnabled:0]]
[2025.12.24-00.01.25:932][  0]LogConfig: Setting CVar [[gc.BlueprintClusteringEnabled:0]]
[2025.12.24-00.01.25:932][  0]LogConfig: Setting CVar [[gc.UseDisregardForGCOnDedicatedServers:0]]
[2025.12.24-00.01.25:932][  0]LogConfig: Setting CVar [[gc.MultithreadedDestructionEnabled:1]]
[2025.12.24-00.01.25:932][  0]LogConfig: Applying CVar settings from Section [/Script/Engine.NetworkSettings] File [C:/UEProject/UnrealLearn/MyProject/Saved/Config/Windows/Engine.ini]
[2025.12.24-00.01.25:932][  0]LogConfig: Applying CVar settings from Section [/Script/UnrealEd.CookerSettings] File [C:/UEProject/UnrealLearn/MyProject/Saved/Config/Windows/Engine.ini]
[2025.12.24-00.01.25:966][  0]LogConfig: Applying CVar settings from Section [ViewDistanceQuality@3] File [C:/UEProject/UnrealLearn/MyProject/Saved/Config/Windows/Scalability.ini]
[2025.12.24-00.01.25:966][  0]LogConfig: Setting CVar [[r.SkeletalMeshLODBias:0]]
[2025.12.24-00.01.25:966][  0]LogConfig: Setting CVar [[r.ViewDistanceScale:1.0]]
[2025.12.24-00.01.25:966][  0]LogConfig: Applying CVar settings from Section [AntiAliasingQuality@3] File [C:/UEProject/UnrealLearn/MyProject/Saved/Config/Windows/Scalability.ini]
[2025.12.24-00.01.25:966][  0]LogConfig: Setting CVar [[r.PostProcessAAQuality:4]]
[2025.12.24-00.01.25:966][  0]LogConfig: Applying CVar settings from Section [ShadowQuality@3] File [C:/UEProject/UnrealLearn/MyProject/Saved/Config/Windows/Scalability.ini]
[2025.12.24-00.01.25:966][  0]LogConfig: Setting CVar [[r.LightFunctionQuality:1]]
[2025.12.24-00.01.25:966][  0]LogConfig: Setting CVar [[r.ShadowQuality:5]]
[2025.12.24-00.01.25:966][  0]LogConfig: Setting CVar [[r.Shadow.CSM.MaxCascades:10]]
[2025.12.24-00.01.25:966][  0]LogConfig: Setting CVar [[r.Shadow.MaxResolution:2048]]
[2025.12.24-00.01.25:966][  0]LogConfig: Setting CVar [[r.Shadow.MaxCSMResolution:2048]]
[2025.12.24-00.01.25:966][  0]LogConfig: Setting CVar [[r.Shadow.RadiusThreshold:0.01]]
[2025.12.24-00.01.25:966][  0]LogConfig: Setting CVar [[r.Shadow.DistanceScale:1.0]]
[2025.12.24-00.01.25:966][  0]LogConfig: Setting CVar [[r.Shadow.CSM.TransitionScale:1.0]]
[2025.12.24-00.01.25:966][  0]LogConfig: Setting CVar [[r.Shadow.PreShadowResolutionFactor:1.0]]
[2025.12.24-00.01.25:966][  0]LogConfig: Setting CVar [[r.DistanceFieldShadowing:1]]
[2025.12.24-00.01.25:966][  0]LogConfig: Setting CVar [[r.DistanceFieldAO:1]]
[2025.12.24-00.01.25:966][  0]LogConfig: Setting CVar [[r.AOQuality:2]]
[2025.12.24-00.01.25:966][  0]LogConfig: Setting CVar [[r.VolumetricFog:1]]
[2025.12.24-00.01.25:966][  0]LogConfig: Setting CVar [[r.VolumetricFog.GridPixelSize:8]]
[2025.12.24-00.01.25:966][  0]LogConfig: Setting CVar [[r.VolumetricFog.GridSizeZ:128]]
[2025.12.24-00.01.25:966][  0]LogConfig: Setting CVar [[r.VolumetricFog.HistoryMissSupersampleCount:4]]
[2025.12.24-00.01.25:966][  0]LogConfig: Setting CVar [[r.LightMaxDrawDistanceScale:1]]
[2025.12.24-00.01.25:966][  0]LogConfig: Setting CVar [[r.CapsuleShadows:1]]
[2025.12.24-00.01.25:966][  0]LogConfig: Applying CVar settings from Section [PostProcessQuality@3] File [C:/UEProject/UnrealLearn/MyProject/Saved/Config/Windows/Scalability.ini]
[2025.12.24-00.01.25:966][  0]LogConfig: Setting CVar [[r.MotionBlurQuality:4]]
[2025.12.24-00.01.25:966][  0]LogConfig: Setting CVar [[r.AmbientOcclusionMipLevelFactor:0.4]]
[2025.12.24-00.01.25:966][  0]LogConfig: Setting CVar [[r.AmbientOcclusionMaxQuality:100]]
[2025.12.24-00.01.25:966][  0]LogConfig: Setting CVar [[r.AmbientOcclusionLevels:-1]]
[2025.12.24-00.01.25:966][  0]LogConfig: Setting CVar [[r.AmbientOcclusionRadiusScale:1.0]]
[2025.12.24-00.01.25:966][  0]LogConfig: Setting CVar [[r.DepthOfFieldQuality:2]]
[2025.12.24-00.01.25:966][  0]LogConfig: Setting CVar [[r.RenderTargetPoolMin:400]]
[2025.12.24-00.01.25:966][  0]LogConfig: Setting CVar [[r.LensFlareQuality:2]]
[2025.12.24-00.01.25:966][  0]LogConfig: Setting CVar [[r.SceneColorFringeQuality:1]]
[2025.12.24-00.01.25:966][  0]LogConfig: Setting CVar [[r.EyeAdaptationQuality:2]]
[2025.12.24-00.01.25:966][  0]LogConfig: Setting CVar [[r.BloomQuality:5]]
[2025.12.24-00.01.25:966][  0]LogConfig: Setting CVar [[r.FastBlurThreshold:100]]
[2025.12.24-00.01.25:966][  0]LogConfig: Setting CVar [[r.Upscale.Quality:3]]
[2025.12.24-00.01.25:966][  0]LogConfig: Setting CVar [[r.Tonemapper.GrainQuantization:1]]
[2025.12.24-00.01.25:966][  0]LogConfig: Setting CVar [[r.LightShaftQuality:1]]
[2025.12.24-00.01.25:966][  0]LogConfig: Setting CVar [[r.Filter.SizeScale:1]]
[2025.12.24-00.01.25:966][  0]LogConfig: Setting CVar [[r.Tonemapper.Quality:5]]
[2025.12.24-00.01.25:966][  0]LogConfig: Setting CVar [[r.DOF.Gather.AccumulatorQuality:1        ; higher gathering accumulator quality]]
[2025.12.24-00.01.25:966][  0]LogConfig: Setting CVar [[r.DOF.Gather.PostfilterMethod:1          ; Median3x3 postfilering method]]
[2025.12.24-00.01.25:966][  0]LogConfig: Setting CVar [[r.DOF.Gather.EnableBokehSettings:0       ; no bokeh simulation when gathering]]
[2025.12.24-00.01.25:966][  0]LogConfig: Setting CVar [[r.DOF.Gather.RingCount:4                 ; medium number of samples when gathering]]
[2025.12.24-00.01.25:966][  0]LogConfig: Setting CVar [[r.DOF.Scatter.ForegroundCompositing:1    ; additive foreground scattering]]
[2025.12.24-00.01.25:966][  0]LogConfig: Setting CVar [[r.DOF.Scatter.BackgroundCompositing:2    ; additive background scattering]]
[2025.12.24-00.01.25:966][  0]LogConfig: Setting CVar [[r.DOF.Scatter.EnableBokehSettings:1      ; bokeh simulation when scattering]]
[2025.12.24-00.01.25:966][  0]LogConfig: Setting CVar [[r.DOF.Scatter.MaxSpriteRatio:0.1         ; only a maximum of 10% of scattered bokeh]]
[2025.12.24-00.01.25:966][  0]LogConfig: Setting CVar [[r.DOF.Recombine.Quality:1                ; cheap slight out of focus]]
[2025.12.24-00.01.25:966][  0]LogConfig: Setting CVar [[r.DOF.Recombine.EnableBokehSettings:0    ; no bokeh simulation on slight out of focus]]
[2025.12.24-00.01.25:966][  0]LogConfig: Setting CVar [[r.DOF.TemporalAAQuality:1                ; more stable temporal accumulation]]
[2025.12.24-00.01.25:966][  0]LogConfig: Setting CVar [[r.DOF.Kernel.MaxForegroundRadius:0.025]]
[2025.12.24-00.01.25:966][  0]LogConfig: Setting CVar [[r.DOF.Kernel.MaxBackgroundRadius:0.025]]
[2025.12.24-00.01.25:966][  0]LogConfig: Applying CVar settings from Section [TextureQuality@3] File [C:/UEProject/UnrealLearn/MyProject/Saved/Config/Windows/Scalability.ini]
[2025.12.24-00.01.25:966][  0]LogConfig: Setting CVar [[r.Streaming.MipBias:0]]
[2025.12.24-00.01.25:966][  0]LogConfig: Setting CVar [[r.Streaming.AmortizeCPUToGPUCopy:0]]
[2025.12.24-00.01.25:966][  0]LogConfig: Setting CVar [[r.Streaming.MaxNumTexturesToStreamPerFrame:0]]
[2025.12.24-00.01.25:966][  0]LogConfig: Setting CVar [[r.Streaming.Boost:1]]
[2025.12.24-00.01.25:966][  0]LogConfig: Setting CVar [[r.MaxAnisotropy:8]]
[2025.12.24-00.01.25:966][  0]LogConfig: Setting CVar [[r.VT.MaxAnisotropy:8]]
[2025.12.24-00.01.25:966][  0]LogConfig: Setting CVar [[r.Streaming.LimitPoolSizeToVRAM:0]]
[2025.12.24-00.01.25:966][  0]LogConfig: Setting CVar [[r.Streaming.PoolSize:1000]]
[2025.12.24-00.01.25:966][  0]LogConfig: Setting CVar [[r.Streaming.MaxEffectiveScreenSize:0]]
[2025.12.24-00.01.25:966][  0]LogConfig: Applying CVar settings from Section [EffectsQuality@3] File [C:/UEProject/UnrealLearn/MyProject/Saved/Config/Windows/Scalability.ini]
[2025.12.24-00.01.25:966][  0]LogConfig: Setting CVar [[r.TranslucencyLightingVolumeDim:64]]
[2025.12.24-00.01.25:966][  0]LogConfig: Setting CVar [[r.RefractionQuality:2]]
[2025.12.24-00.01.25:966][  0]LogConfig: Setting CVar [[r.SSR.Quality:3]]
[2025.12.24-00.01.25:966][  0]LogConfig: Setting CVar [[r.SSR.HalfResSceneColor:0]]
[2025.12.24-00.01.25:966][  0]LogConfig: Setting CVar [[r.SceneColorFormat:4]]
[2025.12.24-00.01.25:967][  0]LogConfig: Setting CVar [[r.DetailMode:2]]
[2025.12.24-00.01.25:967][  0]LogConfig: Setting CVar [[r.TranslucencyVolumeBlur:1]]
[2025.12.24-00.01.25:967][  0]LogConfig: Setting CVar [[r.MaterialQualityLevel:1 ; High quality]]
[2025.12.24-00.01.25:967][  0]LogConfig: Setting CVar [[r.AnisotropicMaterials:1]]
[2025.12.24-00.01.25:967][  0]LogConfig: Setting CVar [[r.SSS.Scale:1]]
[2025.12.24-00.01.25:967][  0]LogConfig: Setting CVar [[r.SSS.SampleSet:2]]
[2025.12.24-00.01.25:967][  0]LogConfig: Setting CVar [[r.SSS.Quality:1]]
[2025.12.24-00.01.25:967][  0]LogConfig: Setting CVar [[r.SSS.HalfRes:0]]
[2025.12.24-00.01.25:967][  0]LogConfig: Setting CVar [[r.SSGI.Quality:3]]
[2025.12.24-00.01.25:967][  0]LogConfig: Setting CVar [[r.EmitterSpawnRateScale:1.0]]
[2025.12.24-00.01.25:967][  0]LogConfig: Setting CVar [[r.ParticleLightQuality:2]]
[2025.12.24-00.01.25:967][  0]LogConfig: Setting CVar [[r.SkyAtmosphere.AerialPerspectiveLUT.FastApplyOnOpaque:1 ; Always have FastSkyLUT 1 in this case to avoid wrong sky]]
[2025.12.24-00.01.25:967][  0]LogConfig: Setting CVar [[r.SkyAtmosphere.AerialPerspectiveLUT.SampleCountMaxPerSlice:4]]
[2025.12.24-00.01.25:967][  0]LogConfig: Setting CVar [[r.SkyAtmosphere.AerialPerspectiveLUT.DepthResolution:16.0]]
[2025.12.24-00.01.25:967][  0]LogConfig: Setting CVar [[r.SkyAtmosphere.FastSkyLUT:1]]
[2025.12.24-00.01.25:967][  0]LogConfig: Setting CVar [[r.SkyAtmosphere.FastSkyLUT.SampleCountMin:4.0]]
[2025.12.24-00.01.25:967][  0]LogConfig: Setting CVar [[r.SkyAtmosphere.FastSkyLUT.SampleCountMax:128.0]]
[2025.12.24-00.01.25:967][  0]LogConfig: Setting CVar [[r.SkyAtmosphere.SampleCountMin:4.0]]
[2025.12.24-00.01.25:967][  0]LogConfig: Setting CVar [[r.SkyAtmosphere.SampleCountMax:128.0]]
[2025.12.24-00.01.25:967][  0]LogConfig: Setting CVar [[r.SkyAtmosphere.TransmittanceLUT.UseSmallFormat:0]]
[2025.12.24-00.01.25:967][  0]LogConfig: Setting CVar [[r.SkyAtmosphere.TransmittanceLUT.SampleCount:10.0]]
[2025.12.24-00.01.25:967][  0]LogConfig: Setting CVar [[r.SkyAtmosphere.MultiScatteringLUT.SampleCount:15.0]]
[2025.12.24-00.01.25:967][  0]LogConfig: Setting CVar [[r.SkyLight.RealTimeReflectionCapture:1]]
[2025.12.24-00.01.25:967][  0]LogConfig: Applying CVar settings from Section [FoliageQuality@3] File [C:/UEProject/UnrealLearn/MyProject/Saved/Config/Windows/Scalability.ini]
[2025.12.24-00.01.25:967][  0]LogConfig: Setting CVar [[foliage.DensityScale:1.0]]
[2025.12.24-00.01.25:967][  0]LogConfig: Setting CVar [[grass.DensityScale:1.0]]
[2025.12.24-00.01.25:967][  0]LogConfig: Applying CVar settings from Section [ShadingQuality@3] File [C:/UEProject/UnrealLearn/MyProject/Saved/Config/Windows/Scalability.ini]
[2025.12.24-00.01.25:967][  0]LogConfig: Setting CVar [[r.HairStrands.SkyLighting.IntegrationType:2]]
[2025.12.24-00.01.25:967][  0]LogConfig: Setting CVar [[r.HairStrands.SkyAO.SampleCount:4]]
[2025.12.24-00.01.25:967][  0]LogConfig: Setting CVar [[r.HairStrands.Visibility.MSAA.SamplePerPixel:4]]
[2025.12.24-00.01.25:968][  0]LogInit: Selected Device Profile: [Windows]
[2025.12.24-00.01.25:968][  0]LogInit: Applying CVar settings loaded from the selected device profile: [Windows]
[2025.12.24-00.01.25:968][  0]LogHAL: Display: Platform has ~ 14 GB [14665842688 / 17179869184 / 14], which maps to Larger [LargestMinGB=32, LargerMinGB=12, DefaultMinGB=8, SmallerMinGB=6, SmallestMinGB=0)
[2025.12.24-00.01.25:968][  0]LogInit: Going up to parent DeviceProfile []
[2025.12.24-00.01.25:968][  0]LogConfig: Applying CVar settings from Section [ViewDistanceQuality@3] File [C:/UEProject/UnrealLearn/MyProject/Saved/Config/Windows/Scalability.ini]
[2025.12.24-00.01.25:968][  0]LogConfig: Setting CVar [[r.SkeletalMeshLODBias:0]]
[2025.12.24-00.01.25:968][  0]LogConfig: Setting CVar [[r.ViewDistanceScale:1.0]]
[2025.12.24-00.01.25:968][  0]LogConfig: Applying CVar settings from Section [AntiAliasingQuality@3] File [C:/UEProject/UnrealLearn/MyProject/Saved/Config/Windows/Scalability.ini]
[2025.12.24-00.01.25:968][  0]LogConfig: Setting CVar [[r.PostProcessAAQuality:4]]
[2025.12.24-00.01.25:968][  0]LogConfig: Applying CVar settings from Section [ShadowQuality@3] File [C:/UEProject/UnrealLearn/MyProject/Saved/Config/Windows/Scalability.ini]
[2025.12.24-00.01.25:968][  0]LogConfig: Setting CVar [[r.LightFunctionQuality:1]]
[2025.12.24-00.01.25:968][  0]LogConfig: Setting CVar [[r.ShadowQuality:5]]
[2025.12.24-00.01.25:968][  0]LogConfig: Setting CVar [[r.Shadow.CSM.MaxCascades:10]]
[2025.12.24-00.01.25:968][  0]LogConfig: Setting CVar [[r.Shadow.MaxResolution:2048]]
[2025.12.24-00.01.25:968][  0]LogConfig: Setting CVar [[r.Shadow.MaxCSMResolution:2048]]
[2025.12.24-00.01.25:968][  0]LogConfig: Setting CVar [[r.Shadow.RadiusThreshold:0.01]]
[2025.12.24-00.01.25:968][  0]LogConfig: Setting CVar [[r.Shadow.DistanceScale:1.0]]
[2025.12.24-00.01.25:968][  0]LogConfig: Setting CVar [[r.Shadow.CSM.TransitionScale:1.0]]
[2025.12.24-00.01.25:968][  0]LogConfig: Setting CVar [[r.Shadow.PreShadowResolutionFactor:1.0]]
[2025.12.24-00.01.25:968][  0]LogConfig: Setting CVar [[r.DistanceFieldShadowing:1]]
[2025.12.24-00.01.25:968][  0]LogConfig: Setting CVar [[r.DistanceFieldAO:1]]
[2025.12.24-00.01.25:968][  0]LogConfig: Setting CVar [[r.AOQuality:2]]
[2025.12.24-00.01.25:968][  0]LogConfig: Setting CVar [[r.VolumetricFog:1]]
[2025.12.24-00.01.25:968][  0]LogConfig: Setting CVar [[r.VolumetricFog.GridPixelSize:8]]
[2025.12.24-00.01.25:968][  0]LogConfig: Setting CVar [[r.VolumetricFog.GridSizeZ:128]]
[2025.12.24-00.01.25:968][  0]LogConfig: Setting CVar [[r.VolumetricFog.HistoryMissSupersampleCount:4]]
[2025.12.24-00.01.25:968][  0]LogConfig: Setting CVar [[r.LightMaxDrawDistanceScale:1]]
[2025.12.24-00.01.25:968][  0]LogConfig: Setting CVar [[r.CapsuleShadows:1]]
[2025.12.24-00.01.25:968][  0]LogConfig: Applying CVar settings from Section [PostProcessQuality@3] File [C:/UEProject/UnrealLearn/MyProject/Saved/Config/Windows/Scalability.ini]
[2025.12.24-00.01.25:968][  0]LogConfig: Setting CVar [[r.MotionBlurQuality:4]]
[2025.12.24-00.01.25:968][  0]LogConfig: Setting CVar [[r.AmbientOcclusionMipLevelFactor:0.4]]
[2025.12.24-00.01.25:968][  0]LogConfig: Setting CVar [[r.AmbientOcclusionMaxQuality:100]]
[2025.12.24-00.01.25:968][  0]LogConfig: Setting CVar [[r.AmbientOcclusionLevels:-1]]
[2025.12.24-00.01.25:968][  0]LogConfig: Setting CVar [[r.AmbientOcclusionRadiusScale:1.0]]
[2025.12.24-00.01.25:968][  0]LogConfig: Setting CVar [[r.DepthOfFieldQuality:2]]
[2025.12.24-00.01.25:968][  0]LogConfig: Setting CVar [[r.RenderTargetPoolMin:400]]
[2025.12.24-00.01.25:968][  0]LogConfig: Setting CVar [[r.LensFlareQuality:2]]
[2025.12.24-00.01.25:968][  0]LogConfig: Setting CVar [[r.SceneColorFringeQuality:1]]
[2025.12.24-00.01.25:968][  0]LogConfig: Setting CVar [[r.EyeAdaptationQuality:2]]
[2025.12.24-00.01.25:968][  0]LogConfig: Setting CVar [[r.BloomQuality:5]]
[2025.12.24-00.01.25:968][  0]LogConfig: Setting CVar [[r.FastBlurThreshold:100]]
[2025.12.24-00.01.25:968][  0]LogConfig: Setting CVar [[r.Upscale.Quality:3]]
[2025.12.24-00.01.25:968][  0]LogConfig: Setting CVar [[r.Tonemapper.GrainQuantization:1]]
[2025.12.24-00.01.25:968][  0]LogConfig: Setting CVar [[r.LightShaftQuality:1]]
[2025.12.24-00.01.25:968][  0]LogConfig: Setting CVar [[r.Filter.SizeScale:1]]
[2025.12.24-00.01.25:968][  0]LogConfig: Setting CVar [[r.Tonemapper.Quality:5]]
[2025.12.24-00.01.25:968][  0]LogConfig: Setting CVar [[r.DOF.Gather.AccumulatorQuality:1        ; higher gathering accumulator quality]]
[2025.12.24-00.01.25:968][  0]LogConfig: Setting CVar [[r.DOF.Gather.PostfilterMethod:1          ; Median3x3 postfilering method]]
[2025.12.24-00.01.25:968][  0]LogConfig: Setting CVar [[r.DOF.Gather.EnableBokehSettings:0       ; no bokeh simulation when gathering]]
[2025.12.24-00.01.25:968][  0]LogConfig: Setting CVar [[r.DOF.Gather.RingCount:4                 ; medium number of samples when gathering]]
[2025.12.24-00.01.25:968][  0]LogConfig: Setting CVar [[r.DOF.Scatter.ForegroundCompositing:1    ; additive foreground scattering]]
[2025.12.24-00.01.25:968][  0]LogConfig: Setting CVar [[r.DOF.Scatter.BackgroundCompositing:2    ; additive background scattering]]
[2025.12.24-00.01.25:968][  0]LogConfig: Setting CVar [[r.DOF.Scatter.EnableBokehSettings:1      ; bokeh simulation when scattering]]
[2025.12.24-00.01.25:968][  0]LogConfig: Setting CVar [[r.DOF.Scatter.MaxSpriteRatio:0.1         ; only a maximum of 10% of scattered bokeh]]
[2025.12.24-00.01.25:968][  0]LogConfig: Setting CVar [[r.DOF.Recombine.Quality:1                ; cheap slight out of focus]]
[2025.12.24-00.01.25:968][  0]LogConfig: Setting CVar [[r.DOF.Recombine.EnableBokehSettings:0    ; no bokeh simulation on slight out of focus]]
[2025.12.24-00.01.25:969][  0]LogConfig: Setting CVar [[r.DOF.TemporalAAQuality:1                ; more stable temporal accumulation]]
[2025.12.24-00.01.25:969][  0]LogConfig: Setting CVar [[r.DOF.Kernel.MaxForegroundRadius:0.025]]
[2025.12.24-00.01.25:969][  0]LogConfig: Setting CVar [[r.DOF.Kernel.MaxBackgroundRadius:0.025]]
[2025.12.24-00.01.25:969][  0]LogConfig: Applying CVar settings from Section [TextureQuality@3] File [C:/UEProject/UnrealLearn/MyProject/Saved/Config/Windows/Scalability.ini]
[2025.12.24-00.01.25:969][  0]LogConfig: Setting CVar [[r.Streaming.MipBias:0]]
[2025.12.24-00.01.25:969][  0]LogConfig: Setting CVar [[r.Streaming.AmortizeCPUToGPUCopy:0]]
[2025.12.24-00.01.25:969][  0]LogConfig: Setting CVar [[r.Streaming.MaxNumTexturesToStreamPerFrame:0]]
[2025.12.24-00.01.25:969][  0]LogConfig: Setting CVar [[r.Streaming.Boost:1]]
[2025.12.24-00.01.25:969][  0]LogConfig: Setting CVar [[r.MaxAnisotropy:8]]
[2025.12.24-00.01.25:969][  0]LogConfig: Setting CVar [[r.VT.MaxAnisotropy:8]]
[2025.12.24-00.01.25:969][  0]LogConfig: Setting CVar [[r.Streaming.LimitPoolSizeToVRAM:0]]
[2025.12.24-00.01.25:969][  0]LogConfig: Setting CVar [[r.Streaming.PoolSize:1000]]
[2025.12.24-00.01.25:969][  0]LogConfig: Setting CVar [[r.Streaming.MaxEffectiveScreenSize:0]]
[2025.12.24-00.01.25:969][  0]LogConfig: Applying CVar settings from Section [EffectsQuality@3] File [C:/UEProject/UnrealLearn/MyProject/Saved/Config/Windows/Scalability.ini]
[2025.12.24-00.01.25:969][  0]LogConfig: Setting CVar [[r.TranslucencyLightingVolumeDim:64]]
[2025.12.24-00.01.25:969][  0]LogConfig: Setting CVar [[r.RefractionQuality:2]]
[2025.12.24-00.01.25:969][  0]LogConfig: Setting CVar [[r.SSR.Quality:3]]
[2025.12.24-00.01.25:969][  0]LogConfig: Setting CVar [[r.SSR.HalfResSceneColor:0]]
[2025.12.24-00.01.25:969][  0]LogConfig: Setting CVar [[r.SceneColorFormat:4]]
[2025.12.24-00.01.25:969][  0]LogConfig: Setting CVar [[r.DetailMode:2]]
[2025.12.24-00.01.25:969][  0]LogConfig: Setting CVar [[r.TranslucencyVolumeBlur:1]]
[2025.12.24-00.01.25:969][  0]LogConfig: Setting CVar [[r.MaterialQualityLevel:1 ; High quality]]
[2025.12.24-00.01.25:969][  0]LogConfig: Setting CVar [[r.AnisotropicMaterials:1]]
[2025.12.24-00.01.25:969][  0]LogConfig: Setting CVar [[r.SSS.Scale:1]]
[2025.12.24-00.01.25:969][  0]LogConfig: Setting CVar [[r.SSS.SampleSet:2]]
[2025.12.24-00.01.25:969][  0]LogConfig: Setting CVar [[r.SSS.Quality:1]]
[2025.12.24-00.01.25:969][  0]LogConfig: Setting CVar [[r.SSS.HalfRes:0]]
[2025.12.24-00.01.25:969][  0]LogConfig: Setting CVar [[r.SSGI.Quality:3]]
[2025.12.24-00.01.25:969][  0]LogConfig: Setting CVar [[r.EmitterSpawnRateScale:1.0]]
[2025.12.24-00.01.25:969][  0]LogConfig: Setting CVar [[r.ParticleLightQuality:2]]
[2025.12.24-00.01.25:969][  0]LogConfig: Setting CVar [[r.SkyAtmosphere.AerialPerspectiveLUT.FastApplyOnOpaque:1 ; Always have FastSkyLUT 1 in this case to avoid wrong sky]]
[2025.12.24-00.01.25:969][  0]LogConfig: Setting CVar [[r.SkyAtmosphere.AerialPerspectiveLUT.SampleCountMaxPerSlice:4]]
[2025.12.24-00.01.25:969][  0]LogConfig: Setting CVar [[r.SkyAtmosphere.AerialPerspectiveLUT.DepthResolution:16.0]]
[2025.12.24-00.01.25:969][  0]LogConfig: Setting CVar [[r.SkyAtmosphere.FastSkyLUT:1]]
[2025.12.24-00.01.25:969][  0]LogConfig: Setting CVar [[r.SkyAtmosphere.FastSkyLUT.SampleCountMin:4.0]]
[2025.12.24-00.01.25:969][  0]LogConfig: Setting CVar [[r.SkyAtmosphere.FastSkyLUT.SampleCountMax:128.0]]
[2025.12.24-00.01.25:969][  0]LogConfig: Setting CVar [[r.SkyAtmosphere.SampleCountMin:4.0]]
[2025.12.24-00.01.25:969][  0]LogConfig: Setting CVar [[r.SkyAtmosphere.SampleCountMax:128.0]]
[2025.12.24-00.01.25:969][  0]LogConfig: Setting CVar [[r.SkyAtmosphere.TransmittanceLUT.UseSmallFormat:0]]
[2025.12.24-00.01.25:969][  0]LogConfig: Setting CVar [[r.SkyAtmosphere.TransmittanceLUT.SampleCount:10.0]]
[2025.12.24-00.01.25:969][  0]LogConfig: Setting CVar [[r.SkyAtmosphere.MultiScatteringLUT.SampleCount:15.0]]
[2025.12.24-00.01.25:969][  0]LogConfig: Setting CVar [[r.SkyLight.RealTimeReflectionCapture:1]]
[2025.12.24-00.01.25:969][  0]LogConfig: Applying CVar settings from Section [FoliageQuality@3] File [C:/UEProject/UnrealLearn/MyProject/Saved/Config/Windows/Scalability.ini]
[2025.12.24-00.01.25:969][  0]LogConfig: Setting CVar [[foliage.DensityScale:1.0]]
[2025.12.24-00.01.25:969][  0]LogConfig: Setting CVar [[grass.DensityScale:1.0]]
[2025.12.24-00.01.25:969][  0]LogConfig: Applying CVar settings from Section [ShadingQuality@3] File [C:/UEProject/UnrealLearn/MyProject/Saved/Config/Windows/Scalability.ini]
[2025.12.24-00.01.25:969][  0]LogConfig: Setting CVar [[r.HairStrands.SkyLighting.IntegrationType:2]]
[2025.12.24-00.01.25:969][  0]LogConfig: Setting CVar [[r.HairStrands.SkyAO.SampleCount:4]]
[2025.12.24-00.01.25:969][  0]LogConfig: Setting CVar [[r.HairStrands.Visibility.MSAA.SamplePerPixel:4]]
[2025.12.24-00.01.25:969][  0]LogConfig: Applying CVar settings from Section [Startup] File [../../../Engine/Config/ConsoleVariables.ini]
[2025.12.24-00.01.25:978][  0]LogConfig: Setting CVar [[net.UseAdaptiveNetUpdateFrequency:0]]
[2025.12.24-00.01.25:978][  0]LogConfig: Setting CVar [[p.chaos.AllowCreatePhysxBodies:1]]
[2025.12.24-00.01.25:978][  0]LogConfig: Setting CVar [[fx.SkipVectorVMBackendOptimizations:1]]
[2025.12.24-00.01.25:978][  0]LogConfig: Applying CVar settings from Section [ConsoleVariables] File [C:/UEProject/UnrealLearn/MyProject/Saved/Config/Windows/Engine.ini]
[2025.12.24-00.01.25:978][  0]LogConfig: Applying CVar settings from Section [ConsoleVariables] File [C:/UEProject/UnrealLearn/MyProject/Saved/Config/Windows/Editor.ini]
[2025.12.24-00.01.25:979][  0]LogInit: Computer: MANKA-D-D-6017
[2025.12.24-00.01.25:979][  0]LogInit: User: LiamChen
[2025.12.24-00.01.25:979][  0]LogInit: CPU Page size=4096, Cores=16
[2025.12.24-00.01.25:979][  0]LogInit: High frequency timer resolution =10.000000 MHz
[2025.12.24-00.01.25:979][  0]LogMemory: Memory total: Physical=13.7GB (14GB approx)
[2025.12.24-00.01.25:980][  0]LogMemory: Platform Memory Stats for Windows
[2025.12.24-00.01.25:980][  0]LogMemory: Process Physical Memory: 159.53 MB used, 159.53 MB peak
[2025.12.24-00.01.25:980][  0]LogMemory: Process Virtual Memory: 136.91 MB used, 136.91 MB peak
[2025.12.24-00.01.25:980][  0]LogMemory: Physical Memory: 9880.65 MB used,  4105.79 MB free, 13986.44 MB total
[2025.12.24-00.01.25:980][  0]LogMemory: Virtual Memory: 134202600.00 MB used,  15130.23 MB free, 134217728.00 MB total
[2025.12.24-00.01.25:986][  0]LogWindows: WindowsPlatformFeatures enabled
[2025.12.24-00.01.26:042][  0]LogInit: Physics initialised using underlying interface: PhysX
[2025.12.24-00.01.26:045][  0]LogInit: Overriding language with editor language configuration option (en).
[2025.12.24-00.01.26:045][  0]LogInit: Overriding language with editor locale configuration option (en).
[2025.12.24-00.01.26:305][  0]LogInit: Setting process to per monitor DPI aware
[2025.12.24-00.01.26:387][  0]LogWindowsTextInputMethodSystem: Display: IME system deactivated.
[2025.12.24-00.01.26:428][  0]LogSlate: New Slate User Created.  User Index 0, Is Virtual User: 0
[2025.12.24-00.01.26:428][  0]LogSlate: Slate User Registered.  User Index 0, Is Virtual User: 0
[2025.12.24-00.01.29:416][  0]LogD3D11RHI: Loaded GFSDK_Aftermath_Lib.x64.dll
[2025.12.24-00.01.29:427][  0]LogHMD: Failed to initialize OpenVR with code 110
[2025.12.24-00.01.29:427][  0]LogD3D11RHI: D3D11 min allowed feature level: 11_0
[2025.12.24-00.01.29:427][  0]LogD3D11RHI: D3D11 max allowed feature level: 11_0
[2025.12.24-00.01.29:427][  0]LogD3D11RHI: D3D11 adapters:
[2025.12.24-00.01.29:604][  0]LogD3D11RHI:    0. 'NVIDIA GeForce RTX 4070' (Feature Level 11_0)
[2025.12.24-00.01.29:604][  0]LogD3D11RHI:       12012/0/6993 MB DedicatedVideo/DedicatedSystem/SharedSystem, Outputs:1, VendorId:0x10de
[2025.12.24-00.01.29:650][  0]LogD3D11RHI:    1. 'Intel(R) UHD Graphics 770' (Feature Level 11_0)
[2025.12.24-00.01.29:650][  0]LogD3D11RHI:       2048/0/6993 MB DedicatedVideo/DedicatedSystem/SharedSystem, Outputs:1, VendorId:0x8086
[2025.12.24-00.01.29:652][  0]LogD3D11RHI:    2. 'Microsoft Basic Render Driver' (Feature Level 11_0)
[2025.12.24-00.01.29:652][  0]LogD3D11RHI:       0/0/6993 MB DedicatedVideo/DedicatedSystem/SharedSystem, Outputs:0, VendorId:0x1414
[2025.12.24-00.01.29:652][  0]LogD3D11RHI: Chosen D3D11 Adapter:
[2025.12.24-00.01.29:652][  0]LogD3D11RHI:     Description : NVIDIA GeForce RTX 4070
[2025.12.24-00.01.29:652][  0]LogD3D11RHI:     VendorId    : 10de
[2025.12.24-00.01.29:652][  0]LogD3D11RHI:     DeviceId    : 2786
[2025.12.24-00.01.29:652][  0]LogD3D11RHI:     SubSysId    : 513a1028
[2025.12.24-00.01.29:652][  0]LogD3D11RHI:     Revision    : 00a1
[2025.12.24-00.01.29:652][  0]LogD3D11RHI:     DedicatedVideoMemory : 12595494912 bytes
[2025.12.24-00.01.29:652][  0]LogD3D11RHI:     DedicatedSystemMemory : 0 bytes
[2025.12.24-00.01.29:653][  0]LogD3D11RHI:     SharedSystemMemory : 7332921344 bytes
[2025.12.24-00.01.29:653][  0]LogD3D11RHI:     AdapterLuid : 0 56115
[2025.12.24-00.01.29:665][  0]LogD3D11RHI: Creating new Direct3DDevice
[2025.12.24-00.01.29:665][  0]LogD3D11RHI:     GPU DeviceId: 0x2786 (for the marketing name, search the web for "GPU Device Id")
[2025.12.24-00.01.29:665][  0]LogWindows: EnumDisplayDevices:
[2025.12.24-00.01.29:665][  0]LogWindows:    0. 'NVIDIA GeForce RTX 4070' (P:1 D:1)
[2025.12.24-00.01.29:666][  0]LogWindows:    1. 'NVIDIA GeForce RTX 4070' (P:0 D:0)
[2025.12.24-00.01.29:666][  0]LogWindows:    2. 'NVIDIA GeForce RTX 4070' (P:0 D:0)
[2025.12.24-00.01.29:666][  0]LogWindows:    3. 'NVIDIA GeForce RTX 4070' (P:0 D:0)
[2025.12.24-00.01.29:666][  0]LogWindows:    4. 'Intel(R) UHD Graphics 770' (P:0 D:1)
[2025.12.24-00.01.29:666][  0]LogWindows:    5. 'Intel(R) UHD Graphics 770' (P:0 D:0)
[2025.12.24-00.01.29:667][  0]LogWindows:    6. 'Intel(R) UHD Graphics 770' (P:0 D:0)
[2025.12.24-00.01.29:667][  0]LogWindows:    7. 'Intel(R) UHD Graphics 770' (P:0 D:0)
[2025.12.24-00.01.29:667][  0]LogWindows: DebugString: PrimaryIsNotTheChoosenAdapter PrimaryIsNotTheChoosenAdapter PrimaryIsNotTheChoosenAdapter PrimaryIsNotTheChoosenAdapter FoundDriverCount:4 
[2025.12.24-00.01.29:667][  0]LogD3D11RHI:     Adapter Name: NVIDIA GeForce RTX 4070
[2025.12.24-00.01.29:668][  0]LogD3D11RHI:   Driver Version: 581.04 (internal:32.0.15.8104, unified:581.04)
[2025.12.24-00.01.29:668][  0]LogD3D11RHI:      Driver Date: 8-14-2025
[2025.12.24-00.01.29:668][  0]LogRHI: Texture pool is 8408 MB (70% of 12012 MB)
[2025.12.24-00.01.29:668][  0]LogD3D11RHI: Creating D3DDevice using adapter:
[2025.12.24-00.01.29:668][  0]LogD3D11RHI:     Description : NVIDIA GeForce RTX 4070
[2025.12.24-00.01.29:668][  0]LogD3D11RHI:     VendorId    : 10de
[2025.12.24-00.01.29:668][  0]LogD3D11RHI:     DeviceId    : 2786
[2025.12.24-00.01.29:668][  0]LogD3D11RHI:     SubSysId    : 513a1028
[2025.12.24-00.01.29:668][  0]LogD3D11RHI:     Revision    : 00a1
[2025.12.24-00.01.29:668][  0]LogD3D11RHI:     DedicatedVideoMemory : 12595494912 bytes
[2025.12.24-00.01.29:668][  0]LogD3D11RHI:     DedicatedSystemMemory : 0 bytes
[2025.12.24-00.01.29:668][  0]LogD3D11RHI:     SharedSystemMemory : 7332921344 bytes
[2025.12.24-00.01.29:668][  0]LogD3D11RHI:     AdapterLuid : 0 56115
[2025.12.24-00.01.29:824][  0]LogD3D11RHI: RHI has support for 64 bit atomics
[2025.12.24-00.01.29:825][  0]LogD3D11RHI: Async texture creation enabled
[2025.12.24-00.01.29:825][  0]LogD3D11RHI: Array index from any shader is supported
[2025.12.24-00.01.29:826][  0]LogD3D11RHI: HDR output is supported on display 0 (NvId: 0x80061083).
[2025.12.24-00.01.29:873][  0]LogD3D11RHI: GPU Timing Frequency: 1000.000000 (Debug: 2 1)
[2025.12.24-00.01.29:932][  0]LogRHI: GeForceNow SDK initialized: 1
[2025.12.24-00.01.30:460][  0]LogTargetPlatformManager: Display: Loaded TargetPlatform 'AllDesktop'
[2025.12.24-00.01.30:476][  0]LogTargetPlatformManager: Display: Loaded TargetPlatform 'Android'
[2025.12.24-00.01.30:476][  0]LogTargetPlatformManager: Display: Loaded TargetPlatform 'Android_ASTC'
[2025.12.24-00.01.30:476][  0]LogTargetPlatformManager: Display: Loaded TargetPlatform 'Android_DXT'
[2025.12.24-00.01.30:476][  0]LogTargetPlatformManager: Display: Loaded TargetPlatform 'Android_ETC2'
[2025.12.24-00.01.30:476][  0]LogTargetPlatformManager: Display: Loaded TargetPlatform 'AndroidClient'
[2025.12.24-00.01.30:476][  0]LogTargetPlatformManager: Display: Loaded TargetPlatform 'Android_ASTCClient'
[2025.12.24-00.01.30:476][  0]LogTargetPlatformManager: Display: Loaded TargetPlatform 'Android_DXTClient'
[2025.12.24-00.01.30:476][  0]LogTargetPlatformManager: Display: Loaded TargetPlatform 'Android_ETC2Client'
[2025.12.24-00.01.30:476][  0]LogTargetPlatformManager: Display: Loaded TargetPlatform 'Android_Multi'
[2025.12.24-00.01.30:476][  0]LogTargetPlatformManager: Display: Loaded TargetPlatform 'Android_MultiClient'
[2025.12.24-00.01.30:493][  0]LogTargetPlatformManager: Display: Loaded TargetPlatform 'IOSClient'
[2025.12.24-00.01.30:494][  0]LogTargetPlatformManager: Display: Loaded TargetPlatform 'IOS'
[2025.12.24-00.01.30:512][  0]LogTargetPlatformManager: Display: Loaded TargetPlatform 'Linux'
[2025.12.24-00.01.30:517][  0]LogTargetPlatformManager: Display: Loaded TargetPlatform 'LinuxNoEditor'
[2025.12.24-00.01.30:521][  0]LogTargetPlatformManager: Display: Loaded TargetPlatform 'LinuxClient'
[2025.12.24-00.01.30:525][  0]LogTargetPlatformManager: Display: Loaded TargetPlatform 'LinuxServer'
[2025.12.24-00.01.30:537][  0]LogTargetPlatformManager: Display: Loaded TargetPlatform 'LinuxAArch64NoEditor'
[2025.12.24-00.01.30:541][  0]LogTargetPlatformManager: Display: Loaded TargetPlatform 'LinuxAArch64Client'
[2025.12.24-00.01.30:545][  0]LogTargetPlatformManager: Display: Loaded TargetPlatform 'LinuxAArch64Server'
[2025.12.24-00.01.30:569][  0]LogTargetPlatformManager: Display: Loaded TargetPlatform 'Lumin'
[2025.12.24-00.01.30:569][  0]LogTargetPlatformManager: Display: Loaded TargetPlatform 'LuminClient'
[2025.12.24-00.01.30:588][  0]LogTargetPlatformManager: Display: Loaded TargetPlatform 'MacNoEditor'
[2025.12.24-00.01.30:592][  0]LogTargetPlatformManager: Display: Loaded TargetPlatform 'Mac'
[2025.12.24-00.01.30:596][  0]LogTargetPlatformManager: Display: Loaded TargetPlatform 'MacClient'
[2025.12.24-00.01.30:600][  0]LogTargetPlatformManager: Display: Loaded TargetPlatform 'MacServer'
[2025.12.24-00.01.30:607][  0]LogTargetPlatformManager: Display: Loaded TargetPlatform 'TVOSClient'
[2025.12.24-00.01.30:607][  0]LogTargetPlatformManager: Display: Loaded TargetPlatform 'TVOS'
[2025.12.24-00.01.30:616][  0]LogTargetPlatformManager: Display: Loaded TargetPlatform 'WindowsNoEditor'
[2025.12.24-00.01.30:619][  0]LogTargetPlatformManager: Display: Loaded TargetPlatform 'Windows'
[2025.12.24-00.01.30:624][  0]LogTargetPlatformManager: Display: Loaded TargetPlatform 'WindowsClient'
[2025.12.24-00.01.30:629][  0]LogTargetPlatformManager: Display: Loaded TargetPlatform 'WindowsServer'
[2025.12.24-00.01.30:629][  0]LogTargetPlatformManager: Display: Building Assets For Windows
[2025.12.24-00.01.30:638][  0]LogAudioDebug: Display: Lib vorbis DLL was dynamically loaded.
[2025.12.24-00.01.30:676][  0]LogTextureFormatOodle: Display: Oodle Texture 2.9.0 init RDO Off
[2025.12.24-00.01.30:738][  0]LogRendererCore: Ray tracing is disabled. Reason: r.RayTracing=0.
[2025.12.24-00.01.30:740][  0]LogShaderCompilers: Guid format shader working directory is -1 characters bigger than the processId version (../../../../../../UEProject/UnrealLearn/MyProject/Intermediate/Shaders/WorkingDirectory/27304/).
[2025.12.24-00.01.30:740][  0]LogShaderCompilers: Cleaned the shader compiler working directory 'C:/Users/LiamChen/AppData/Local/Temp/UnrealShaderWorkingDir/9F2244E843ADF92F3332E6B0F03499FA/'.
[2025.12.24-00.01.30:741][  0]LogXGEController: Cannot use XGE Controller as Incredibuild is not installed on this machine.
[2025.12.24-00.01.30:741][  0]LogShaderCompilers: Cannot use XGE Shader Compiler as Incredibuild is not installed on this machine.
[2025.12.24-00.01.30:741][  0]LogShaderCompilers: Display: Using Local Shader Compiler.
[2025.12.24-00.01.35:073][  0]LogDerivedDataCache: Display: Max Cache Size: 512 MB
[2025.12.24-00.01.35:157][  0]LogDerivedDataCache: Loaded boot cache 0.08s 94MB C:/Users/LiamChen/AppData/Local/UnrealEngine/4.27/DerivedDataCache/Boot.ddc.
[2025.12.24-00.01.35:157][  0]LogDerivedDataCache: Display: Loaded Boot cache: C:/Users/LiamChen/AppData/Local/UnrealEngine/4.27/DerivedDataCache/Boot.ddc
[2025.12.24-00.01.35:157][  0]LogDerivedDataCache: FDerivedDataBackendGraph:  Pak pak cache file ../../../../../../UEProject/UnrealLearn/MyProject/DerivedDataCache/DDC.ddp not found, will not use a pak cache.
[2025.12.24-00.01.35:157][  0]LogDerivedDataCache: Unable to find inner node Pak for hierarchical cache Hierarchy.
[2025.12.24-00.01.35:157][  0]LogDerivedDataCache: FDerivedDataBackendGraph:  CompressedPak pak cache file ../../../../../../UEProject/UnrealLearn/MyProject/DerivedDataCache/Compressed.ddp not found, will not use a pak cache.
[2025.12.24-00.01.35:157][  0]LogDerivedDataCache: Unable to find inner node CompressedPak for hierarchical cache Hierarchy.
[2025.12.24-00.01.35:181][  0]LogDerivedDataCache: Display: Pak cache opened for reading ../../../Engine/DerivedDataCache/Compressed.ddp.
[2025.12.24-00.01.35:181][  0]LogDerivedDataCache: FDerivedDataBackendGraph:  EnterprisePak pak cache file ../../../Enterprise/DerivedDataCache/Compressed.ddp not found, will not use a pak cache.
[2025.12.24-00.01.35:181][  0]LogDerivedDataCache: Unable to find inner node EnterprisePak for hierarchical cache Hierarchy.
[2025.12.24-00.01.35:240][  0]LogDerivedDataCache: Speed tests for C:/Users/LiamChen/AppData/Local/UnrealEngine/Common/DerivedDataCache took 0.06 seconds
[2025.12.24-00.01.35:240][  0]LogDerivedDataCache: Display: Performance to C:/Users/LiamChen/AppData/Local/UnrealEngine/Common/DerivedDataCache: Latency=0.05ms. RandomReadSpeed=17.49MBs, RandomWriteSpeed=225.89MBs. Assigned SpeedClass 'Local'
[2025.12.24-00.01.35:242][  0]LogDerivedDataCache: Using Local data cache path C:/Users/LiamChen/AppData/Local/UnrealEngine/Common/DerivedDataCache: Writable
[2025.12.24-00.01.35:242][  0]LogDerivedDataCache: Shared data cache path not found in *engine.ini, will not use an Shared cache.
[2025.12.24-00.01.35:242][  0]LogDerivedDataCache: Unable to find inner node Shared for hierarchical cache Hierarchy.
[2025.12.24-00.01.35:293][  0]LogSlate: Using FreeType 2.10.0
[2025.12.24-00.01.35:311][  0]LogSlate: SlateFontServices - WITH_FREETYPE: 1, WITH_HARFBUZZ: 1
[2025.12.24-00.01.35:355][  0]LogAssetRegistry: FAssetRegistry took 0.0062 seconds to start up
[2025.12.24-00.01.35:683][  0]LogInit: Selected Device Profile: [Windows]
[2025.12.24-00.01.35:683][  0]LogInit: Active device profile: [0000024C34384D00][0000024C31467B40 49] Windows
[2025.12.24-00.01.35:683][  0]LogInit: Profiles: [0000024C34384D00][0000024C31467B40 49] Windows, [0000024C34346300][0000024C3146E140 49] WindowsNoEditor, [0000024C34385C00][0000024C314722C0 49] WindowsServer, [0000024C34347100][0000024C33020440 49] WindowsClient, [0000024C34386900][0000024C3146A580 49] IOS, [0000024C34345A00][0000024C330246C0 49] iPadAir, [0000024C34387E00][0000024C33028800 49] iPadAir2, [0000024C342F1100][0000024C33034A80 49] IPadPro, [0000024C342F1200][0000024C3302CAC0 49] iPadAir3, [0000024C34344C00][0000024C33038C40 49] iPadAir4, [0000024C342F1E00][0000024C3303CDC0 49] iPadMini2, [0000024C34347300][0000024C33040F40 49] iPadMini3, [0000024C342F3900][0000024C330450C0 49] iPadMini4, [0000024C34345000][0000024C33049240 49] iPadMini5, [0000024C342F8900][0000024C2C4D9500 49] iPhone6, [0000024C342F8A00][0000024C3304D540 49] iPodTouch6, [0000024C34386E00][0000024C2C4E1800 49] iPhone7, [0000024C34386F00][0000024C2C4DD840 49] iPodTouch7, [0000024C342F3E00][0000024C2C4E59C0 49] iPhone5S, [0000024C34384F00][0000024C2C4E9B40 49] iPhone6Plus, [0000024C342F8100][0000024C2C4EC140 49] iPhone6S, [0000024C342F0300][0000024C2C4F02C0 49] iPhone6SPlus, [0000024C342FA800][0000024C2C4F4440 49] iPhone7Plus, [0000024C342F2400][0000024C2C4F85C0 49] iPhoneSE, [0000024C342FA600][0000024C2C4FC740 49] iPhone8, [0000024C342F0400][0000024C33030880 49] iPhone8Plus, [0000024C342FB100][0000024C2C5009C0 49] iPhoneX, [0000024C34385400][0000024C2C504B00 49] iPhoneXS, [0000024C342FAB00][0000024C2C50CC80 49] iPhoneXSMax, [0000024C34384700][0000024C2C510E00 49] iPhoneXR, [0000024C342F8800][0000024C2C514F80 49] iPhone11, [0000024C34385100][0000024C2C519100 49] iPhone11Pro, [0000024C342F9A00][0000024C2C51D280 49] iPhone11ProMax, [0000024C34387700][0000024C2C521400 49] iPhoneSE2, [0000024C342FB800][0000024C35061580 49] iPhone12Mini, [0000024C34386300][0000024C35065700 49] iPhone12, [0000024C342FB200][0000024C35069880 49] iPhone12Pro, [0000024C34385300][0000024C3506DA00 49] iPhone12ProMax, [0000024C342F9500][0000024C35071B80 49] iPadPro105, [0000024C34384A00][0000024C35074180 49] iPadPro129, [0000024C342FBD00][0000024C35078300 49] iPadPro97, [0000024C34386A00][0000024C3507C480 49] iPadPro2_129, [0000024C342FA900][0000024C35080600 49] iPad5, [0000024C34385E00][0000024C35084780 49] iPad6, [0000024C342F9300][0000024C35088900 49] iPad7, [0000024C34384200][0000024C2C508A40 49] iPad8, [0000024C342F8400][0000024C3508CB80 49] iPadPro11, [0000024C34385A00][0000024C35090CC0 49] iPadPro2_11, [0000024C342F9600][0000024C35098E40 49] iPadPro3_129, [0000024C34386700][0000024C3509CFC0 49] iPadPro4_129, [0000024C342F8200][0000024C350A1140 49] AppleTV, [0000024C34384900][0000024C350A52C0 49] AppleTV4K, [0000024C342F9D00][0000024C350A9440 49] TVOS, [0000024C34386D00][0000024C350AD5C0 49] Mac, [0000024C342FB600][0000024C350B1740 49] MacClient, [0000024C34387900][0000024C350B58C0 49] MacNoEditor, [0000024C342FB500][0000024C350B9A40 49] MacServer, [0000024C34385200][0000024C350BDBC0 49] Linux, [0000024C342F9C00][0000024C350C01C0 49] LinuxAArch64, [0000024C34387C00][0000024C350C4340 49] LinuxNoEditor, [0000024C342FA300][0000024C350C84C0 49] LinuxAArch64NoEditor, [0000024C34385B00][0000024C350CC640 49] LinuxClient, [0000024C342FA500][0000024C350D07C0 49] LinuxAArch64Client, [0000024C34384E00][0000024C350D4940 49] LinuxServer, [0000024C342FB900][0000024C350D8AC0 49] LinuxAArch64Server, [0000024C34387500][0000024C35094C00 49] Android, [0000024C342F9E00][0000024C350DCD40 49] Android_Low, [0000024C34385F00][0000024C350E0E80 49] Android_Mid, [0000024C342FA200][0000024C350E4FC0 49] Android_High, [0000024C34387F00][0000024C350ED140 49] Android_Default, [0000024C342FA000][0000024C350F12C0 49] Android_Adreno4xx, [0000024C34387D00][0000024C350F5440 49] Android_Adreno5xx_Low, [0000024C342FAA00][0000024C350F95C0 49] Android_Adreno5xx, [0000024C34387800][0000024C350FD740 49] Android_Adreno6xx, [0000024C34344500][0000024C351018C0 49] Android_Adreno6xx_Vulkan, [0000024C342F1400][0000024C35105A40 49] Android_Mali_T6xx, [0000024C34345100][0000024C35109BC0 49] Android_Mali_T7xx, [0000024C342F2D00][0000024C3510C1C0 49] Android_Mali_T8xx, [0000024C34346F00][0000024C35110340 49] Android_Mali_G71, [0000024C342F3400][0000024C351144C0 49] Android_Mali_G72, [0000024C34345700][0000024C35118640 49] Android_Mali_G72_Vulkan, [0000024C342F1300][0000024C3511C7C0 49] Android_Mali_G76, [0000024C34347D00][0000024C35120940 49] Android_Mali_G76_Vulkan, [0000024C342F2C00][0000024C35124AC0 49] Android_Mali_G77, [0000024C34345500][0000024C35128C40 49] Android_Mali_G77_Vulkan, [0000024C342F1800][0000024C350E8D80 49] Android_Mali_G78, [0000024C34346200][0000024C3512CEC0 49] Android_Mali_G78_Vulkan, [0000024C342F3D00][0000024C35131000 49] Android_Mali_G710, [0000024C34344300][0000024C35135140 49] Android_Mali_G710_Vulkan, [0000024C342F0200][0000024C3513D2C0 49] Android_Vulkan_SM5, [0000024C34344800][0000024C35141440 49] Android_PowerVR_G6xxx, [0000024C342F2500][0000024C351455C0 49] Android_PowerVR_GT7xxx, [0000024C34344E00][0000024C35149740 49] Android_PowerVR_GE8xxx, [0000024C342F1500][0000024C3514D8C0 49] Android_PowerVR_GM9xxx, [0000024C34344D00][0000024C35151A40 49] Android_PowerVR_GM9xxx_Vulkan, [0000024C342F1900][0000024C35155BC0 49] Android_TegraK1, [0000024C34344600][0000024C351581C0 49] Android_Unknown_Vulkan, [0000024C342F3800][0000024C3515C340 49] Lumin, [0000024C34346600][0000024C351604C0 49] Lumin_Desktop, [0000024C342F3B00][0000024C35164640 49] HoloLens, 
[2025.12.24-00.01.35:906][  0]LogMeshReduction: Using QuadricMeshReduction for automatic static mesh reduction
[2025.12.24-00.01.35:906][  0]LogMeshReduction: Using SimplygonMeshReduction for automatic skeletal mesh reduction
[2025.12.24-00.01.35:906][  0]LogMeshReduction: Using ProxyLODMeshReduction for automatic mesh merging
[2025.12.24-00.01.35:906][  0]LogMeshReduction: No distributed automatic mesh merging module available
[2025.12.24-00.01.35:906][  0]LogMeshMerging: No distributed automatic mesh merging module available
[2025.12.24-00.01.35:967][  0]LogNetVersion: MyProject 1.0.0, NetCL: 17155196, EngineNetVer: 17, GameNetVer: 0 (Checksum: 3629800737)
[2025.12.24-00.01.37:111][  0]LogTexture: Default maximum texture size for cubemaps generated from long-lat sources has been changed from 512 to unlimited. In order to preserve old behaiour for '/Engine/MapTemplates/Sky/DaylightAmbientCubemap.DaylightAmbientCubemap', its maximum texture size has been explicitly set to 512.
[2025.12.24-00.01.37:260][  0]LogHMD: PokeAHoleMaterial loaded successfully
[2025.12.24-00.01.37:267][  0]LogUObjectArray: 17178 objects as part of root set at end of initial load.
[2025.12.24-00.01.37:267][  0]LogUObjectAllocator: 4302048 out of 0 bytes used by permanent object pool.
[2025.12.24-00.01.37:267][  0]LogUObjectArray: CloseDisregardForGC: 0/0 objects in disregard for GC pool
[2025.12.24-00.01.37:584][  0]LogNiagaraDebuggerClient: Niagara Debugger Client Initialized | Session: 6F9C4F4C43850C5BA0F74E99E6CE72C3 | Instance: BEAC5C5B4546ABCA327EC682F76A471C (MANKA-D-D-6017-27304).
[2025.12.24-00.01.37:973][  0]LogTcpMessaging: Initializing TcpMessaging bridge
[2025.12.24-00.01.37:979][  0]LogUdpMessaging: Initializing bridge on interface 0.0.0.0:0 to multicast group 230.0.0.1:6666.
[2025.12.24-00.01.38:229][  0]LogPython: Using Python 3.7.7
[2025.12.24-00.01.39:300][  0]SourceControl: Source control is disabled
[2025.12.24-00.01.39:301][  0]SourceControl: Source control is disabled
[2025.12.24-00.01.39:306][  0]SourceControl: Source control is disabled
[2025.12.24-00.01.39:312][  0]SourceControl: Source control is disabled
[2025.12.24-00.01.39:321][  0]SourceControl: Source control is disabled
[2025.12.24-00.01.39:353][  0]LogUProjectInfo: Found projects:
[2025.12.24-00.01.39:578][  0]LogAndroidPermission: UAndroidPermissionCallbackProxy::GetInstance
[2025.12.24-00.01.39:609][  0]LogAudioCaptureCore: Display: No Audio Capture implementations found. Audio input will be silent.
[2025.12.24-00.01.39:609][  0]LogAudioCaptureCore: Display: No Audio Capture implementations found. Audio input will be silent.
[2025.12.24-00.01.39:851][  0]LogOpenImageDenoise: OIDN starting up
[2025.12.24-00.01.40:245][  0]LogCollectionManager: Loaded 0 collections in 0.001181 seconds
[2025.12.24-00.01.40:303][  0]LogFileCache: Scanning file cache for directory 'C:/UEProject/UnrealLearn/MyProject/Saved/Collections/' took 0.00s
[2025.12.24-00.01.40:303][  0]LogFileCache: Scanning file cache for directory 'C:/UEProject/UnrealLearn/MyProject/Content/Developers/LiamChen/Collections/' took 0.00s
[2025.12.24-00.01.40:303][  0]LogFileCache: Scanning file cache for directory 'C:/UEProject/UnrealLearn/MyProject/Content/Collections/' took 0.00s
[2025.12.24-00.01.40:303][  0]LogOcInput: OculusInput pre-init called
[2025.12.24-00.01.40:719][  0]LogEngine: Initializing Engine...
[2025.12.24-00.01.40:774][  0]LogHMD: Failed to enumerate extensions. Please check that you have a valid OpenXR runtime installed.
[2025.12.24-00.01.40:774][  0]LogHMD: Failed to initialize OpenVR with code 110
[2025.12.24-00.01.40:774][  0]LogMagicLeap: Warning: VR disabled because ZI is not enabled.  To enable, in the editor, Edit -> Project Settings -> Plugins -> Magic Leap Plugin -> Enable Zero Iteration
[2025.12.24-00.01.40:779][  0]LogStats: UGameplayTagsManager::InitializeManager -  0.001 s
[2025.12.24-00.01.41:199][  0]LogInit: Initializing FReadOnlyCVARCache
[2025.12.24-00.01.41:235][  0]LogAIModule: Creating AISystem for world Untitled
[2025.12.24-00.01.41:242][  0]LogAudio: Display: Initializing Audio Device Manager...
[2025.12.24-00.01.41:246][  0]LogAudio: Display: Loading Default Audio Settings Objects...
[2025.12.24-00.01.41:254][  0]LogAudio: Display: No default SoundConcurrencyObject specified (or failed to load).
[2025.12.24-00.01.41:255][  0]LogAudio: Display: Audio Device Manager Initialized
[2025.12.24-00.01.41:255][  0]LogAudio: Display: Creating Audio Device:                 Id: 1, Scope: Shared, Realtime: True
[2025.12.24-00.01.41:256][  0]LogAudioMixer: Display: Audio Mixer Platform Settings:
[2025.12.24-00.01.41:256][  0]LogAudioMixer: Display: 	Sample Rate:						  48000
[2025.12.24-00.01.41:256][  0]LogAudioMixer: Display: 	Callback Buffer Frame Size Requested: 1024
[2025.12.24-00.01.41:256][  0]LogAudioMixer: Display: 	Callback Buffer Frame Size To Use:	  1024
[2025.12.24-00.01.41:256][  0]LogAudioMixer: Display: 	Number of buffers to queue:			  2
[2025.12.24-00.01.41:256][  0]LogAudioMixer: Display: 	Max Channels (voices):				  32
[2025.12.24-00.01.41:256][  0]LogAudioMixer: Display: 	Number of Async Source Workers:		  0
[2025.12.24-00.01.41:256][  0]LogAudio: Display: AudioDevice MaxSources: 32
[2025.12.24-00.01.41:257][  0]LogAudio: Display: Audio Spatialization Plugin: None (built-in).
[2025.12.24-00.01.41:257][  0]LogAudio: Display: Audio Reverb Plugin: None (built-in).
[2025.12.24-00.01.41:257][  0]LogAudio: Display: Audio Occlusion Plugin: None (built-in).
[2025.12.24-00.01.41:258][  0]LogAudioMixer: Display: Initializing audio mixer.
[2025.12.24-00.01.41:272][  0]LogAudioMixer: Display: 0: FrontLeft
[2025.12.24-00.01.41:272][  0]LogAudioMixer: Display: 1: FrontRight
[2025.12.24-00.01.41:285][  0]LogAudioMixer: Display: Using Audio Device G274F (HD Audio Driver for Display Audio)
[2025.12.24-00.01.41:286][  0]LogAudioMixer: Display: Initializing Sound Submixes...
[2025.12.24-00.01.41:316][  0]LogAudioMixer: Display: Creating Master Submix 'MasterSubmixDefault'
[2025.12.24-00.01.41:316][  0]LogAudioMixer: Display: Creating Master Submix 'MasterReverbSubmixDefault'
[2025.12.24-00.01.41:317][  0]LogAudioMixer: Display: Creating Master Submix 'MasterEQSubmixDefault'
[2025.12.24-00.01.41:318][  0]LogAudioMixer: FMixerPlatformXAudio2::StartAudioStream() called
[2025.12.24-00.01.41:318][  0]LogAudioMixer: Display: Output buffers initialized: Frames=1024, Channels=2, Samples=2048
[2025.12.24-00.01.41:319][  0]LogAudioMixer: Display: Starting AudioMixerPlatformInterface::RunInternal()
[2025.12.24-00.01.41:319][  0]LogAudioMixer: Display: FMixerPlatformXAudio2::SubmitBuffer() called for the first time
[2025.12.24-00.01.41:319][  0]LogInit: FAudioDevice initialized.
[2025.12.24-00.01.41:319][  0]LogAudio: Display: Audio Device (ID: 1) registered with world 'Untitled'.
[2025.12.24-00.01.41:320][  0]LogNetVersion: Set ProjectVersion to 1.0.0.0. Version Checksum will be recalculated on next use.
[2025.12.24-00.01.41:363][  0]LogDerivedDataCache: Saved boot cache 0.04s 94MB C:/Users/LiamChen/AppData/Local/UnrealEngine/4.27/DerivedDataCache/Boot.ddc.
[2025.12.24-00.01.41:363][  0]LogInit: Texture streaming: Enabled
[2025.12.24-00.01.41:383][  0]LogAnalytics: Display: [UEEditor.Rocket.Release] APIServer = https://datarouter.ol.epicgames.com/. AppVersion = 4.27.2-18319896+++UE4+Release-4.27
[2025.12.24-00.01.41:388][  0]LogEngineSessionManager: EngineSessionManager initialized
[2025.12.24-00.01.41:388][  0]LogEditorSessionSummary: Verbose: Initializing EditorSessionSummaryWriter for editor session tracking
[2025.12.24-00.01.41:390][  0]LogEditorSessionSummary: EditorSessionSummaryWriter initialized
[2025.12.24-00.01.41:420][  0]LogInit: Transaction tracking system initialized
[2025.12.24-00.01.41:453][  0]BlueprintLog: New page: Editor Load
[2025.12.24-00.01.41:554][  0]LocalizationService: Localization service is disabled
[2025.12.24-00.01.41:596][  0]TimingProfiler: Initialize
[2025.12.24-00.01.41:598][  0]TimingProfiler: OnSessionChanged
[2025.12.24-00.01.41:598][  0]LoadingProfiler: Initialize
[2025.12.24-00.01.41:598][  0]LoadingProfiler: OnSessionChanged
[2025.12.24-00.01.41:598][  0]NetworkingProfiler: Initialize
[2025.12.24-00.01.41:599][  0]NetworkingProfiler: OnSessionChanged
[2025.12.24-00.01.41:599][  0]MemoryProfiler: Initialize
[2025.12.24-00.01.41:599][  0]MemoryProfiler: OnSessionChanged
[2025.12.24-00.01.42:016][  0]LogCook: Display: CookSettings for Memory: MemoryMaxUsedVirtual 0MiB, MemoryMaxUsedPhysical 16384MiB, MemoryMinFreeVirtual 0MiB, MemoryMinFreePhysical 1024MiB
[2025.12.24-00.01.42:017][  0]LogCook: Display: Mobile HDR setting 1
[2025.12.24-00.01.42:326][  0]LogFileCache: Scanning file cache for directory 'C:/UEProject/UnrealLearn/MyProject/Content/' took 0.01s
[2025.12.24-00.01.42:451][  0]LogInit: Display: Engine is initialized. Leaving FEngineLoop::Init()
[2025.12.24-00.01.42:457][  0]SourceControl: Source control is disabled
[2025.12.24-00.01.42:457][  0]LogUnrealEdMisc: Loading editor; pre map load, took 18.781
[2025.12.24-00.01.42:458][  0]Cmd: MAP LOAD FILE="../../../../../../UEProject/UnrealLearn/MyProject/Content/ThirdPersonBP/Maps/ThirdPersonExampleMap.umap" TEMPLATE=0 SHOWPROGRESS=1 FEATURELEVEL=3
[2025.12.24-00.01.42:458][  0]LightingResults: New page: Lighting Build
[2025.12.24-00.01.42:462][  0]LogWorld: UWorld::CleanupWorld for Untitled, bSessionEnded=true, bCleanupResources=true
[2025.12.24-00.01.42:464][  0]LogSlate: InvalidateAllWidgets triggered.  All widgets were invalidated
[2025.12.24-00.01.42:466][  0]MapCheck: New page: Map Check
[2025.12.24-00.01.42:466][  0]LightingResults: New page: Lighting Build
[2025.12.24-00.01.42:472][  0]LogAudio: Display: Audio Device unregistered from world 'None'.
[2025.12.24-00.01.42:480][  0]LogUObjectHash: Compacting FUObjectHashTables data took   0.55ms
[2025.12.24-00.01.42:649][  0]LogAudio: Display: Audio Device (ID: 1) registered with world 'ThirdPersonExampleMap'.
[2025.12.24-00.01.42:650][  0]LogAIModule: Creating AISystem for world ThirdPersonExampleMap
[2025.12.24-00.01.42:671][  0]LogEditorServer: Finished looking for orphan Actors (0.000 secs)
[2025.12.24-00.01.42:681][  0]LogUObjectHash: Compacting FUObjectHashTables data took   0.58ms
[2025.12.24-00.01.42:682][  0]Cmd: MAP CHECKDEP NOCLEARLOG
[2025.12.24-00.01.42:682][  0]MapCheck: Map check complete: 0 Error(s), 0 Warning(s), took 0.335ms to complete.
[2025.12.24-00.01.42:682][  0]LogFileHelpers: Loading map 'ThirdPersonExampleMap' took 0.225
[2025.12.24-00.01.42:702][  0]LogUnrealEdMisc: Total Editor Startup Time, took 19.026
[2025.12.24-00.01.42:833][  0]LogSlate: Updating window title bar state: overlay mode, drag disabled, window buttons hidden, title bar hidden
[2025.12.24-00.01.42:837][  0]LogSlate: Updating window title bar state: overlay mode, drag disabled, window buttons hidden, title bar hidden
[2025.12.24-00.01.42:840][  0]LogSlate: Updating window title bar state: overlay mode, drag disabled, window buttons hidden, title bar hidden
[2025.12.24-00.01.42:843][  0]LogSlate: Updating window title bar state: overlay mode, drag disabled, window buttons hidden, title bar hidden
[2025.12.24-00.01.42:872][  0]LogNativeClassHierarchy: Verbose: Native class hierarchy populated in 0.0058 seconds. Added 3822 classes and 928 folders.
[2025.12.24-00.01.42:878][  0]LogNativeClassHierarchy: Verbose: Native class hierarchy updated for 'WidgetCarousel' in 0.0002 seconds. Added 0 classes and 0 folders.
[2025.12.24-00.01.42:890][  0]LogPakFile: PakFile PrimaryIndexSize=187
[2025.12.24-00.01.42:890][  0]LogPakFile: PakFile PathHashIndexSize=101
[2025.12.24-00.01.42:890][  0]LogPakFile: PakFile FullDirectoryIndexSize=148
[2025.12.24-00.01.42:891][  0]LogShaderLibrary: Display: ShaderCodeLibraryPakFileMountedCallback: PakFile 'C:/Program Files/Epic Games/UE_4.27/FeaturePacks/FP_FirstPerson.upack' (chunk index -1, root 'root:/') mounted
[2025.12.24-00.01.42:891][  0]LogShaderLibrary: Display: ShaderCodeLibraryPakFileMountedCallback: pending pak file info (ChunkID:-1 Root:root:/ File:C:/Program Files/Epic Games/UE_4.27/FeaturePacks/FP_FirstPerson.upack)
[2025.12.24-00.01.42:891][  0]LogPakFile: OnPakFileMounted2Time == 0.000656
[2025.12.24-00.01.42:902][  0]LogPakFile: PakFile PrimaryIndexSize=189
[2025.12.24-00.01.42:902][  0]LogPakFile: PakFile PathHashIndexSize=101
[2025.12.24-00.01.42:903][  0]LogPakFile: PakFile FullDirectoryIndexSize=152
[2025.12.24-00.01.42:903][  0]LogShaderLibrary: Display: ShaderCodeLibraryPakFileMountedCallback: PakFile 'C:/Program Files/Epic Games/UE_4.27/FeaturePacks/FP_FirstPersonBP.upack' (chunk index -1, root 'root:/') mounted
[2025.12.24-00.01.42:903][  0]LogShaderLibrary: Display: ShaderCodeLibraryPakFileMountedCallback: pending pak file info (ChunkID:-1 Root:root:/ File:C:/Program Files/Epic Games/UE_4.27/FeaturePacks/FP_FirstPersonBP.upack)
[2025.12.24-00.01.42:903][  0]LogPakFile: OnPakFileMounted2Time == 0.000051
[2025.12.24-00.01.42:909][  0]LogPakFile: PakFile PrimaryIndexSize=191
[2025.12.24-00.01.42:909][  0]LogPakFile: PakFile PathHashIndexSize=101
[2025.12.24-00.01.42:909][  0]LogPakFile: PakFile FullDirectoryIndexSize=160
[2025.12.24-00.01.42:909][  0]LogShaderLibrary: Display: ShaderCodeLibraryPakFileMountedCallback: PakFile 'C:/Program Files/Epic Games/UE_4.27/FeaturePacks/MobileStarterContent.upack' (chunk index -1, root 'root:/') mounted
[2025.12.24-00.01.42:909][  0]LogShaderLibrary: Display: ShaderCodeLibraryPakFileMountedCallback: pending pak file info (ChunkID:-1 Root:root:/ File:C:/Program Files/Epic Games/UE_4.27/FeaturePacks/MobileStarterContent.upack)
[2025.12.24-00.01.42:909][  0]LogPakFile: OnPakFileMounted2Time == 0.000042
[2025.12.24-00.01.42:916][  0]LogPakFile: PakFile PrimaryIndexSize=185
[2025.12.24-00.01.42:916][  0]LogPakFile: PakFile PathHashIndexSize=101
[2025.12.24-00.01.42:916][  0]LogPakFile: PakFile FullDirectoryIndexSize=148
[2025.12.24-00.01.42:916][  0]LogShaderLibrary: Display: ShaderCodeLibraryPakFileMountedCallback: PakFile 'C:/Program Files/Epic Games/UE_4.27/FeaturePacks/StarterContent.upack' (chunk index -1, root 'root:/') mounted
[2025.12.24-00.01.42:916][  0]LogShaderLibrary: Display: ShaderCodeLibraryPakFileMountedCallback: pending pak file info (ChunkID:-1 Root:root:/ File:C:/Program Files/Epic Games/UE_4.27/FeaturePacks/StarterContent.upack)
[2025.12.24-00.01.42:916][  0]LogPakFile: OnPakFileMounted2Time == 0.000034
[2025.12.24-00.01.42:922][  0]LogPakFile: PakFile PrimaryIndexSize=190
[2025.12.24-00.01.42:922][  0]LogPakFile: PakFile PathHashIndexSize=101
[2025.12.24-00.01.42:922][  0]LogPakFile: PakFile FullDirectoryIndexSize=154
[2025.12.24-00.01.42:922][  0]LogShaderLibrary: Display: ShaderCodeLibraryPakFileMountedCallback: PakFile 'C:/Program Files/Epic Games/UE_4.27/FeaturePacks/TP_2DSideScroller.upack' (chunk index -1, root 'root:/') mounted
[2025.12.24-00.01.42:922][  0]LogShaderLibrary: Display: ShaderCodeLibraryPakFileMountedCallback: pending pak file info (ChunkID:-1 Root:root:/ File:C:/Program Files/Epic Games/UE_4.27/FeaturePacks/TP_2DSideScroller.upack)
[2025.12.24-00.01.42:922][  0]LogPakFile: OnPakFileMounted2Time == 0.000037
[2025.12.24-00.01.42:929][  0]LogPakFile: PakFile PrimaryIndexSize=192
[2025.12.24-00.01.42:929][  0]LogPakFile: PakFile PathHashIndexSize=101
[2025.12.24-00.01.42:929][  0]LogPakFile: PakFile FullDirectoryIndexSize=158
[2025.12.24-00.01.42:929][  0]LogShaderLibrary: Display: ShaderCodeLibraryPakFileMountedCallback: PakFile 'C:/Program Files/Epic Games/UE_4.27/FeaturePacks/TP_2DSideScrollerBP.upack' (chunk index -1, root 'root:/') mounted
[2025.12.24-00.01.42:929][  0]LogShaderLibrary: Display: ShaderCodeLibraryPakFileMountedCallback: pending pak file info (ChunkID:-1 Root:root:/ File:C:/Program Files/Epic Games/UE_4.27/FeaturePacks/TP_2DSideScrollerBP.upack)
[2025.12.24-00.01.42:929][  0]LogPakFile: OnPakFileMounted2Time == 0.000042
[2025.12.24-00.01.42:935][  0]LogPakFile: PakFile PrimaryIndexSize=182
[2025.12.24-00.01.42:935][  0]LogPakFile: PakFile PathHashIndexSize=101
[2025.12.24-00.01.42:935][  0]LogPakFile: PakFile FullDirectoryIndexSize=138
[2025.12.24-00.01.42:935][  0]LogShaderLibrary: Display: ShaderCodeLibraryPakFileMountedCallback: PakFile 'C:/Program Files/Epic Games/UE_4.27/FeaturePacks/TP_Flying.upack' (chunk index -1, root 'root:/') mounted
[2025.12.24-00.01.42:935][  0]LogShaderLibrary: Display: ShaderCodeLibraryPakFileMountedCallback: pending pak file info (ChunkID:-1 Root:root:/ File:C:/Program Files/Epic Games/UE_4.27/FeaturePacks/TP_Flying.upack)
[2025.12.24-00.01.42:935][  0]LogPakFile: OnPakFileMounted2Time == 0.000031
[2025.12.24-00.01.42:942][  0]LogPakFile: PakFile PrimaryIndexSize=184
[2025.12.24-00.01.42:942][  0]LogPakFile: PakFile PathHashIndexSize=101
[2025.12.24-00.01.42:942][  0]LogPakFile: PakFile FullDirectoryIndexSize=142
[2025.12.24-00.01.42:942][  0]LogShaderLibrary: Display: ShaderCodeLibraryPakFileMountedCallback: PakFile 'C:/Program Files/Epic Games/UE_4.27/FeaturePacks/TP_FlyingBP.upack' (chunk index -1, root 'root:/') mounted
[2025.12.24-00.01.42:942][  0]LogShaderLibrary: Display: ShaderCodeLibraryPakFileMountedCallback: pending pak file info (ChunkID:-1 Root:root:/ File:C:/Program Files/Epic Games/UE_4.27/FeaturePacks/TP_FlyingBP.upack)
[2025.12.24-00.01.42:942][  0]LogPakFile: OnPakFileMounted2Time == 0.000032
[2025.12.24-00.01.42:950][  0]LogPakFile: PakFile PrimaryIndexSize=188
[2025.12.24-00.01.42:950][  0]LogPakFile: PakFile PathHashIndexSize=101
[2025.12.24-00.01.42:950][  0]LogPakFile: PakFile FullDirectoryIndexSize=150
[2025.12.24-00.01.42:950][  0]LogShaderLibrary: Display: ShaderCodeLibraryPakFileMountedCallback: PakFile 'C:/Program Files/Epic Games/UE_4.27/FeaturePacks/TP_HandheldARBP.upack' (chunk index -1, root 'root:/') mounted
[2025.12.24-00.01.42:950][  0]LogShaderLibrary: Display: ShaderCodeLibraryPakFileMountedCallback: pending pak file info (ChunkID:-1 Root:root:/ File:C:/Program Files/Epic Games/UE_4.27/FeaturePacks/TP_HandheldARBP.upack)
[2025.12.24-00.01.42:950][  0]LogPakFile: OnPakFileMounted2Time == 0.000033
[2025.12.24-00.01.42:958][  0]LogPakFile: PakFile PrimaryIndexSize=182
[2025.12.24-00.01.42:958][  0]LogPakFile: PakFile PathHashIndexSize=101
[2025.12.24-00.01.42:958][  0]LogPakFile: PakFile FullDirectoryIndexSize=138
[2025.12.24-00.01.42:958][  0]LogShaderLibrary: Display: ShaderCodeLibraryPakFileMountedCallback: PakFile 'C:/Program Files/Epic Games/UE_4.27/FeaturePacks/TP_Puzzle.upack' (chunk index -1, root 'root:/') mounted
[2025.12.24-00.01.42:958][  0]LogShaderLibrary: Display: ShaderCodeLibraryPakFileMountedCallback: pending pak file info (ChunkID:-1 Root:root:/ File:C:/Program Files/Epic Games/UE_4.27/FeaturePacks/TP_Puzzle.upack)
[2025.12.24-00.01.42:958][  0]LogPakFile: OnPakFileMounted2Time == 0.000035
[2025.12.24-00.01.42:965][  0]LogPakFile: PakFile PrimaryIndexSize=184
[2025.12.24-00.01.42:965][  0]LogPakFile: PakFile PathHashIndexSize=101
[2025.12.24-00.01.42:965][  0]LogPakFile: PakFile FullDirectoryIndexSize=142
[2025.12.24-00.01.42:965][  0]LogShaderLibrary: Display: ShaderCodeLibraryPakFileMountedCallback: PakFile 'C:/Program Files/Epic Games/UE_4.27/FeaturePacks/TP_PuzzleBP.upack' (chunk index -1, root 'root:/') mounted
[2025.12.24-00.01.42:965][  0]LogShaderLibrary: Display: ShaderCodeLibraryPakFileMountedCallback: pending pak file info (ChunkID:-1 Root:root:/ File:C:/Program Files/Epic Games/UE_4.27/FeaturePacks/TP_PuzzleBP.upack)
[2025.12.24-00.01.42:965][  0]LogPakFile: OnPakFileMounted2Time == 0.000034
[2025.12.24-00.01.42:972][  0]LogPakFile: PakFile PrimaryIndexSize=183
[2025.12.24-00.01.42:972][  0]LogPakFile: PakFile PathHashIndexSize=101
[2025.12.24-00.01.42:973][  0]LogPakFile: PakFile FullDirectoryIndexSize=140
[2025.12.24-00.01.42:973][  0]LogShaderLibrary: Display: ShaderCodeLibraryPakFileMountedCallback: PakFile 'C:/Program Files/Epic Games/UE_4.27/FeaturePacks/TP_Rolling.upack' (chunk index -1, root 'root:/') mounted
[2025.12.24-00.01.42:973][  0]LogShaderLibrary: Display: ShaderCodeLibraryPakFileMountedCallback: pending pak file info (ChunkID:-1 Root:root:/ File:C:/Program Files/Epic Games/UE_4.27/FeaturePacks/TP_Rolling.upack)
[2025.12.24-00.01.42:973][  0]LogPakFile: OnPakFileMounted2Time == 0.000033
[2025.12.24-00.01.42:979][  0]LogPakFile: PakFile PrimaryIndexSize=185
[2025.12.24-00.01.42:979][  0]LogPakFile: PakFile PathHashIndexSize=101
[2025.12.24-00.01.42:979][  0]LogPakFile: PakFile FullDirectoryIndexSize=144
[2025.12.24-00.01.42:979][  0]LogShaderLibrary: Display: ShaderCodeLibraryPakFileMountedCallback: PakFile 'C:/Program Files/Epic Games/UE_4.27/FeaturePacks/TP_RollingBP.upack' (chunk index -1, root 'root:/') mounted
[2025.12.24-00.01.42:979][  0]LogShaderLibrary: Display: ShaderCodeLibraryPakFileMountedCallback: pending pak file info (ChunkID:-1 Root:root:/ File:C:/Program Files/Epic Games/UE_4.27/FeaturePacks/TP_RollingBP.upack)
[2025.12.24-00.01.42:979][  0]LogPakFile: OnPakFileMounted2Time == 0.000033
[2025.12.24-00.01.42:985][  0]LogPakFile: PakFile PrimaryIndexSize=188
[2025.12.24-00.01.42:985][  0]LogPakFile: PakFile PathHashIndexSize=101
[2025.12.24-00.01.42:985][  0]LogPakFile: PakFile FullDirectoryIndexSize=150
[2025.12.24-00.01.42:985][  0]LogShaderLibrary: Display: ShaderCodeLibraryPakFileMountedCallback: PakFile 'C:/Program Files/Epic Games/UE_4.27/FeaturePacks/TP_SideScroller.upack' (chunk index -1, root 'root:/') mounted
[2025.12.24-00.01.42:985][  0]LogShaderLibrary: Display: ShaderCodeLibraryPakFileMountedCallback: pending pak file info (ChunkID:-1 Root:root:/ File:C:/Program Files/Epic Games/UE_4.27/FeaturePacks/TP_SideScroller.upack)
[2025.12.24-00.01.42:985][  0]LogPakFile: OnPakFileMounted2Time == 0.000031
[2025.12.24-00.01.42:992][  0]LogPakFile: PakFile PrimaryIndexSize=190
[2025.12.24-00.01.42:992][  0]LogPakFile: PakFile PathHashIndexSize=101
[2025.12.24-00.01.42:992][  0]LogPakFile: PakFile FullDirectoryIndexSize=154
[2025.12.24-00.01.42:992][  0]LogShaderLibrary: Display: ShaderCodeLibraryPakFileMountedCallback: PakFile 'C:/Program Files/Epic Games/UE_4.27/FeaturePacks/TP_SideScrollerBP.upack' (chunk index -1, root 'root:/') mounted
[2025.12.24-00.01.42:992][  0]LogShaderLibrary: Display: ShaderCodeLibraryPakFileMountedCallback: pending pak file info (ChunkID:-1 Root:root:/ File:C:/Program Files/Epic Games/UE_4.27/FeaturePacks/TP_SideScrollerBP.upack)
[2025.12.24-00.01.42:992][  0]LogPakFile: OnPakFileMounted2Time == 0.000037
[2025.12.24-00.01.42:999][  0]LogPakFile: PakFile PrimaryIndexSize=187
[2025.12.24-00.01.42:999][  0]LogPakFile: PakFile PathHashIndexSize=101
[2025.12.24-00.01.42:999][  0]LogPakFile: PakFile FullDirectoryIndexSize=148
[2025.12.24-00.01.42:999][  0]LogShaderLibrary: Display: ShaderCodeLibraryPakFileMountedCallback: PakFile 'C:/Program Files/Epic Games/UE_4.27/FeaturePacks/TP_ThirdPerson.upack' (chunk index -1, root 'root:/') mounted
[2025.12.24-00.01.42:999][  0]LogShaderLibrary: Display: ShaderCodeLibraryPakFileMountedCallback: pending pak file info (ChunkID:-1 Root:root:/ File:C:/Program Files/Epic Games/UE_4.27/FeaturePacks/TP_ThirdPerson.upack)
[2025.12.24-00.01.42:999][  0]LogPakFile: OnPakFileMounted2Time == 0.000038
[2025.12.24-00.01.43:007][  0]LogPakFile: PakFile PrimaryIndexSize=189
[2025.12.24-00.01.43:007][  0]LogPakFile: PakFile PathHashIndexSize=101
[2025.12.24-00.01.43:007][  0]LogPakFile: PakFile FullDirectoryIndexSize=152
[2025.12.24-00.01.43:007][  0]LogShaderLibrary: Display: ShaderCodeLibraryPakFileMountedCallback: PakFile 'C:/Program Files/Epic Games/UE_4.27/FeaturePacks/TP_ThirdPersonBP.upack' (chunk index -1, root 'root:/') mounted
[2025.12.24-00.01.43:007][  0]LogShaderLibrary: Display: ShaderCodeLibraryPakFileMountedCallback: pending pak file info (ChunkID:-1 Root:root:/ File:C:/Program Files/Epic Games/UE_4.27/FeaturePacks/TP_ThirdPersonBP.upack)
[2025.12.24-00.01.43:007][  0]LogPakFile: OnPakFileMounted2Time == 0.000034
[2025.12.24-00.01.43:014][  0]LogPakFile: PakFile PrimaryIndexSize=183
[2025.12.24-00.01.43:014][  0]LogPakFile: PakFile PathHashIndexSize=101
[2025.12.24-00.01.43:014][  0]LogPakFile: PakFile FullDirectoryIndexSize=140
[2025.12.24-00.01.43:014][  0]LogShaderLibrary: Display: ShaderCodeLibraryPakFileMountedCallback: PakFile 'C:/Program Files/Epic Games/UE_4.27/FeaturePacks/TP_TopDown.upack' (chunk index -1, root 'root:/') mounted
[2025.12.24-00.01.43:014][  0]LogShaderLibrary: Display: ShaderCodeLibraryPakFileMountedCallback: pending pak file info (ChunkID:-1 Root:root:/ File:C:/Program Files/Epic Games/UE_4.27/FeaturePacks/TP_TopDown.upack)
[2025.12.24-00.01.43:014][  0]LogPakFile: OnPakFileMounted2Time == 0.000041
[2025.12.24-00.01.43:021][  0]LogPakFile: PakFile PrimaryIndexSize=185
[2025.12.24-00.01.43:021][  0]LogPakFile: PakFile PathHashIndexSize=101
[2025.12.24-00.01.43:021][  0]LogPakFile: PakFile FullDirectoryIndexSize=144
[2025.12.24-00.01.43:021][  0]LogShaderLibrary: Display: ShaderCodeLibraryPakFileMountedCallback: PakFile 'C:/Program Files/Epic Games/UE_4.27/FeaturePacks/TP_TopDownBP.upack' (chunk index -1, root 'root:/') mounted
[2025.12.24-00.01.43:021][  0]LogShaderLibrary: Display: ShaderCodeLibraryPakFileMountedCallback: pending pak file info (ChunkID:-1 Root:root:/ File:C:/Program Files/Epic Games/UE_4.27/FeaturePacks/TP_TopDownBP.upack)
[2025.12.24-00.01.43:021][  0]LogPakFile: OnPakFileMounted2Time == 0.000038
[2025.12.24-00.01.43:029][  0]LogPakFile: PakFile PrimaryIndexSize=185
[2025.12.24-00.01.43:029][  0]LogPakFile: PakFile PathHashIndexSize=101
[2025.12.24-00.01.43:029][  0]LogPakFile: PakFile FullDirectoryIndexSize=144
[2025.12.24-00.01.43:029][  0]LogShaderLibrary: Display: ShaderCodeLibraryPakFileMountedCallback: PakFile 'C:/Program Files/Epic Games/UE_4.27/FeaturePacks/TP_TwinStick.upack' (chunk index -1, root 'root:/') mounted
[2025.12.24-00.01.43:029][  0]LogShaderLibrary: Display: ShaderCodeLibraryPakFileMountedCallback: pending pak file info (ChunkID:-1 Root:root:/ File:C:/Program Files/Epic Games/UE_4.27/FeaturePacks/TP_TwinStick.upack)
[2025.12.24-00.01.43:029][  0]LogPakFile: OnPakFileMounted2Time == 0.000042
[2025.12.24-00.01.43:036][  0]LogPakFile: PakFile PrimaryIndexSize=187
[2025.12.24-00.01.43:036][  0]LogPakFile: PakFile PathHashIndexSize=101
[2025.12.24-00.01.43:036][  0]LogPakFile: PakFile FullDirectoryIndexSize=148
[2025.12.24-00.01.43:036][  0]LogShaderLibrary: Display: ShaderCodeLibraryPakFileMountedCallback: PakFile 'C:/Program Files/Epic Games/UE_4.27/FeaturePacks/TP_TwinStickBP.upack' (chunk index -1, root 'root:/') mounted
[2025.12.24-00.01.43:036][  0]LogShaderLibrary: Display: ShaderCodeLibraryPakFileMountedCallback: pending pak file info (ChunkID:-1 Root:root:/ File:C:/Program Files/Epic Games/UE_4.27/FeaturePacks/TP_TwinStickBP.upack)
[2025.12.24-00.01.43:036][  0]LogPakFile: OnPakFileMounted2Time == 0.000044
[2025.12.24-00.01.43:045][  0]LogPakFile: PakFile PrimaryIndexSize=183
[2025.12.24-00.01.43:045][  0]LogPakFile: PakFile PathHashIndexSize=101
[2025.12.24-00.01.43:045][  0]LogPakFile: PakFile FullDirectoryIndexSize=140
[2025.12.24-00.01.43:045][  0]LogShaderLibrary: Display: ShaderCodeLibraryPakFileMountedCallback: PakFile 'C:/Program Files/Epic Games/UE_4.27/FeaturePacks/TP_Vehicle.upack' (chunk index -1, root 'root:/') mounted
[2025.12.24-00.01.43:045][  0]LogShaderLibrary: Display: ShaderCodeLibraryPakFileMountedCallback: pending pak file info (ChunkID:-1 Root:root:/ File:C:/Program Files/Epic Games/UE_4.27/FeaturePacks/TP_Vehicle.upack)
[2025.12.24-00.01.43:045][  0]LogPakFile: OnPakFileMounted2Time == 0.000033
[2025.12.24-00.01.43:052][  0]LogPakFile: PakFile PrimaryIndexSize=186
[2025.12.24-00.01.43:052][  0]LogPakFile: PakFile PathHashIndexSize=101
[2025.12.24-00.01.43:052][  0]LogPakFile: PakFile FullDirectoryIndexSize=146
[2025.12.24-00.01.43:052][  0]LogShaderLibrary: Display: ShaderCodeLibraryPakFileMountedCallback: PakFile 'C:/Program Files/Epic Games/UE_4.27/FeaturePacks/TP_VehicleAdv.upack' (chunk index -1, root 'root:/') mounted
[2025.12.24-00.01.43:052][  0]LogShaderLibrary: Display: ShaderCodeLibraryPakFileMountedCallback: pending pak file info (ChunkID:-1 Root:root:/ File:C:/Program Files/Epic Games/UE_4.27/FeaturePacks/TP_VehicleAdv.upack)
[2025.12.24-00.01.43:052][  0]LogPakFile: OnPakFileMounted2Time == 0.000040
[2025.12.24-00.01.43:059][  0]LogPakFile: PakFile PrimaryIndexSize=188
[2025.12.24-00.01.43:059][  0]LogPakFile: PakFile PathHashIndexSize=101
[2025.12.24-00.01.43:059][  0]LogPakFile: PakFile FullDirectoryIndexSize=150
[2025.12.24-00.01.43:059][  0]LogShaderLibrary: Display: ShaderCodeLibraryPakFileMountedCallback: PakFile 'C:/Program Files/Epic Games/UE_4.27/FeaturePacks/TP_VehicleAdvBP.upack' (chunk index -1, root 'root:/') mounted
[2025.12.24-00.01.43:059][  0]LogShaderLibrary: Display: ShaderCodeLibraryPakFileMountedCallback: pending pak file info (ChunkID:-1 Root:root:/ File:C:/Program Files/Epic Games/UE_4.27/FeaturePacks/TP_VehicleAdvBP.upack)
[2025.12.24-00.01.43:059][  0]LogPakFile: OnPakFileMounted2Time == 0.000037
[2025.12.24-00.01.43:066][  0]LogPakFile: PakFile PrimaryIndexSize=185
[2025.12.24-00.01.43:066][  0]LogPakFile: PakFile PathHashIndexSize=101
[2025.12.24-00.01.43:066][  0]LogPakFile: PakFile FullDirectoryIndexSize=144
[2025.12.24-00.01.43:066][  0]LogShaderLibrary: Display: ShaderCodeLibraryPakFileMountedCallback: PakFile 'C:/Program Files/Epic Games/UE_4.27/FeaturePacks/TP_VehicleBP.upack' (chunk index -1, root 'root:/') mounted
[2025.12.24-00.01.43:066][  0]LogShaderLibrary: Display: ShaderCodeLibraryPakFileMountedCallback: pending pak file info (ChunkID:-1 Root:root:/ File:C:/Program Files/Epic Games/UE_4.27/FeaturePacks/TP_VehicleBP.upack)
[2025.12.24-00.01.43:066][  0]LogPakFile: OnPakFileMounted2Time == 0.000033
[2025.12.24-00.01.43:074][  0]LogPakFile: PakFile PrimaryIndexSize=192
[2025.12.24-00.01.43:074][  0]LogPakFile: PakFile PathHashIndexSize=101
[2025.12.24-00.01.43:074][  0]LogPakFile: PakFile FullDirectoryIndexSize=158
[2025.12.24-00.01.43:074][  0]LogShaderLibrary: Display: ShaderCodeLibraryPakFileMountedCallback: PakFile 'C:/Program Files/Epic Games/UE_4.27/FeaturePacks/TP_VirtualRealityBP.upack' (chunk index -1, root 'root:/') mounted
[2025.12.24-00.01.43:074][  0]LogShaderLibrary: Display: ShaderCodeLibraryPakFileMountedCallback: pending pak file info (ChunkID:-1 Root:root:/ File:C:/Program Files/Epic Games/UE_4.27/FeaturePacks/TP_VirtualRealityBP.upack)
[2025.12.24-00.01.43:074][  0]LogPakFile: OnPakFileMounted2Time == 0.000034
[2025.12.24-00.01.43:295][  0]LogNativeClassHierarchy: Verbose: Native class hierarchy updated for 'AddContentDialog' in 0.0004 seconds. Added 0 classes and 0 folders.
[2025.12.24-00.01.43:298][  0]LogNativeClassHierarchy: Verbose: Native class hierarchy updated for 'SceneOutliner' in 0.0002 seconds. Added 2 classes and 0 folders.
[2025.12.24-00.01.43:423][  0]LogSlate: Took 0.006367 seconds to synchronously load lazily loaded font '../../../Engine/Content/Slate/Fonts/Roboto-Regular.ttf' (155K)
[2025.12.24-00.01.43:430][  0]LogSlate: Took 0.006386 seconds to synchronously load lazily loaded font '../../../Engine/Content/Editor/Slate/Fonts/FontAwesome.ttf' (139K)
[2025.12.24-00.01.43:439][  0]LogSlate: Took 0.006986 seconds to synchronously load lazily loaded font '../../../Engine/Content/Slate/Fonts/Roboto-Bold.ttf' (160K)
[2025.12.24-00.01.43:594][  0]LogRenderer: Reallocating scene render targets to support 1208x568 Format 10 NumSamples 1 (Frame:1).
[2025.12.24-00.01.43:707][  0]LogNativeClassHierarchy: Verbose: Native class hierarchy updated for 'HierarchicalLODOutliner' in 0.0002 seconds. Added 0 classes and 0 folders.
[2025.12.24-00.01.43:708][  0]LogInput: Warning: Action Jump uses invalid key OculusGo_Left_Trigger_Click.
[2025.12.24-00.01.43:708][  0]LogInput: Warning: Action ResetVR uses invalid key OculusGo_Left_Trackpad_Click.
[2025.12.24-00.01.43:708][  0]LogInput: Warning: Use -RemoveInvalidKeys to remove instances of these keys from the action mapping.
[2025.12.24-00.01.43:708][  0]LogLoad: (Engine Initialization) Total time: 20.03 seconds
[2025.12.24-00.01.43:708][  0]LogLoad: (Engine Initialization) Total Blueprint compile time: 0.00 seconds
[2025.12.24-00.01.43:758][  0]LogAssetRegistry: Asset discovery search completed in 8.4044 seconds
[2025.12.24-00.01.43:791][  0]LogCollectionManager: Fixed up redirectors for 0 collections in 0.000114 seconds (updated 0 objects)
[2025.12.24-00.01.43:798][  0]LogContentStreaming: Texture pool size now 1000 MB
[2025.12.24-00.01.44:416][  2]LogSlate: Took 0.007265 seconds to synchronously load lazily loaded font '../../../Engine/Content/Slate/Fonts/Roboto-Light.ttf' (167K)
[2025.12.24-00.06.44:995][499]LogContentBrowser: Deferred new asset folder creation: NewFolder
[2025.12.24-00.06.45:009][499]LogContentBrowser: Creating deferred item: NewFolder
[2025.12.24-00.06.49:581][610]LogContentBrowser: Attempting asset rename: NewFolder -> NewFolder
[2025.12.24-00.06.49:582][610]LogContentBrowser: End creating deferred item NewFolder
[2025.12.24-00.06.56:772][199]LogContentBrowser: Attempting asset rename: NewFolder -> AimPo
[2025.12.24-00.07.00:104][576]LogContentBrowser: Attempting asset rename: AimPo -> AimPo
[2025.12.24-00.07.04:368][ 80]LogContentBrowser: Attempting asset rename: AimPo -> AimPoses
[2025.12.24-00.19.33:717][486]LogUdpMessaging: Warning: UDP messaging encountered an error. Auto repair routine started for reinitialization
[2025.12.24-00.19.35:494][492]FUdpSocketBuilder: Failed to subscribe UdpMessageMulticastSocket to multicast group 230.0.0.1 on interface 0.0.0.0
[2025.12.24-00.19.35:494][492]FUdpSocketBuilder: Failed to create and initialize socket UdpMessageMulticastSocket (last error: 0)
[2025.12.24-00.19.35:494][492]LogUdpMessaging: Warning: StartTransport failed to create multicast socket on 0.0.0.0:0, joined to 230.0.0.1:6666 with TTL 1
[2025.12.24-00.19.35:728][492]LogUdpMessaging: Warning: UDP messaging encountered an error. Auto repair routine started for reinitialization
[2025.12.24-00.19.37:510][498]FUdpSocketBuilder: Failed to subscribe UdpMessageMulticastSocket to multicast group 230.0.0.1 on interface 0.0.0.0
[2025.12.24-00.19.37:510][498]FUdpSocketBuilder: Failed to create and initialize socket UdpMessageMulticastSocket (last error: 0)
[2025.12.24-00.19.37:510][498]LogUdpMessaging: Warning: StartTransport failed to create multicast socket on 0.0.0.0:0, joined to 230.0.0.1:6666 with TTL 1
[2025.12.24-00.19.37:736][498]LogUdpMessaging: Warning: UDP messaging encountered an error. Auto repair routine started for reinitialization
[2025.12.24-00.26.52:108][432]LogAnimationCompression: Building Anim DDC data for AnimSequence /Game/AnimStarterPack/Aim_Space_Hip.Aim_Space_Hip
[2025.12.24-00.27.08:796][957]LogContentBrowser: Deferred new asset file creation: Aim_Space_Hip1
[2025.12.24-00.27.08:803][957]LogContentBrowser: Creating deferred item: Aim_Space_Hip1
[2025.12.24-00.27.12:340][381]LogContentBrowser: Attempting asset rename: Aim_Space_Hip1 -> Center
[2025.12.24-00.27.12:351][381]LogContentBrowser: End creating deferred item Aim_Space_Hip1
[2025.12.24-00.27.17:750][557]LogUObjectHash: Compacting FUObjectHashTables data took   0.47ms
[2025.12.24-00.27.19:484][557]LogSlate: Window 'Delete Assets' being destroyed
[2025.12.24-00.27.19:518][557]LogUObjectGlobals: Force Deleting 1 Package(s):
	Asset Name: /Game/AnimStarterPack/AimPoses/Center.Center
[2025.12.24-00.27.19:524][557]LogSlate: Took 0.000343 seconds to synchronously load lazily loaded font '../../../Engine/Content/Slate/Fonts/Roboto-Light.ttf' (167K)
[2025.12.24-00.27.19:932][557]LogUObjectHash: Compacting FUObjectHashTables data took   0.17ms
[2025.12.24-00.27.20:706][648]LogContentBrowser: Deferred new asset file creation: Aim_Space_Hip1
[2025.12.24-00.27.20:713][648]LogContentBrowser: Creating deferred item: Aim_Space_Hip1
[2025.12.24-00.27.21:647][760]LogContentBrowser: Attempting asset rename: Aim_Space_Hip1 -> Aim_Center
[2025.12.24-00.27.21:648][760]LogContentBrowser: End creating deferred item Aim_Space_Hip1
[2025.12.24-00.27.26:465][944]LogAssetEditorSubsystem: Opening Asset editor for AnimSequence /Game/AnimStarterPack/AimPoses/Aim_Center.Aim_Center
[2025.12.24-00.27.26:479][944]LogNativeClassHierarchy: Verbose: Native class hierarchy updated for 'SkeletonEditor' in 0.0002 seconds. Added 1 classes and 2 folders.
[2025.12.24-00.27.26:489][944]LogTexture: Default maximum texture size for cubemaps generated from long-lat sources has been changed from 512 to unlimited. In order to preserve old behaiour for '/Engine/EditorMaterials/AssetViewer/EpicQuadPanorama_CC+EV1.EpicQuadPanorama_CC+EV1', its maximum texture size has been explicitly set to 512.
[2025.12.24-00.27.26:569][944]LogTexture: Default maximum texture size for cubemaps generated from long-lat sources has been changed from 512 to unlimited. In order to preserve old behaiour for '/Engine/MapTemplates/Sky/SunsetAmbientCubemap.SunsetAmbientCubemap', its maximum texture size has been explicitly set to 512.
[2025.12.24-00.27.26:637][944]LogActorComponent: RegisterComponentWithWorld: (/Engine/Transient.World_1:PersistentLevel.AnimationEditorPreviewActor_0.DebugSkelMeshComponent_0) Already registered. Aborting.
[2025.12.24-00.27.26:640][944]LogNativeClassHierarchy: Verbose: Native class hierarchy updated for 'PinnedCommandList' in 0.0002 seconds. Added 1 classes and 0 folders.
[2025.12.24-00.27.39:599][453]LogContentBrowser: Verbose: The majority of assets in the view are of type: AnimSequence
[2025.12.24-00.28.10:681][271]LogUObjectHash: Compacting FUObjectHashTables data took   0.70ms
[2025.12.24-00.28.10:683][271]LogFileHelpers: Editor autosave (incl. external actors) for '/Game/ThirdPersonBP/Maps/ThirdPersonExampleMap' took 0.007
[2025.12.24-00.28.10:685][271]OBJ SavePackage: Generating thumbnails for [1] asset(s) in package [/Game/AnimStarterPack/AimPoses/Aim_Space_Hip] ([1] browsable assets)...
[2025.12.24-00.28.10:690][271]OBJ SavePackage:     Rendered thumbnail for [AnimSequence /Game/AnimStarterPack/AimPoses/Aim_Space_Hip.Aim_Space_Hip]
[2025.12.24-00.28.10:690][271]OBJ SavePackage: Finished generating thumbnails for package [/Game/AnimStarterPack/AimPoses/Aim_Space_Hip]
[2025.12.24-00.28.10:697][271]LogSavePackage: Moving '../../../../../../UEProject/UnrealLearn/MyProject/Saved/Aim_Space_Hip_Auto17629867F488B446D79EFBF9AC53F16C4.tmp' to '../../../../../../UEProject/UnrealLearn/MyProject/Saved/Autosaves/Game/AnimStarterPack/AimPoses/Aim_Space_Hip_Auto1.uasset'
[2025.12.24-00.28.10:698][271]OBJ SavePackage: Generating thumbnails for [1] asset(s) in package [/Game/AnimStarterPack/AimPoses/Aim_Center] ([1] browsable assets)...
[2025.12.24-00.28.10:704][271]OBJ SavePackage:     Rendered thumbnail for [AnimSequence /Game/AnimStarterPack/AimPoses/Aim_Center.Aim_Center]
[2025.12.24-00.28.10:704][271]OBJ SavePackage: Finished generating thumbnails for package [/Game/AnimStarterPack/AimPoses/Aim_Center]
[2025.12.24-00.28.10:708][271]LogSavePackage: Moving '../../../../../../UEProject/UnrealLearn/MyProject/Saved/Aim_Center_Auto13BBEDCA34E3823A659672286F77BF1E6.tmp' to '../../../../../../UEProject/UnrealLearn/MyProject/Saved/Autosaves/Game/AnimStarterPack/AimPoses/Aim_Center_Auto1.uasset'
[2025.12.24-00.28.10:708][271]LogFileHelpers: Auto-saving content packages took 0.024
[2025.12.24-00.47.42:022][134]Cmd: OBJ SAVEPACKAGE PACKAGE="/Game/AnimStarterPack/AimPoses/Aim_Center" FILE="../../../../../../UEProject/UnrealLearn/MyProject/Content/AnimStarterPack/AimPoses/Aim_Center.uasset" SILENT=true
[2025.12.24-00.47.42:023][134]LogSavePackage: Moving '../../../../../../UEProject/UnrealLearn/MyProject/Saved/Aim_Center3C41D08A47F1930FFD7EF4904D84A384.tmp' to '../../../../../../UEProject/UnrealLearn/MyProject/Content/AnimStarterPack/AimPoses/Aim_Center.uasset'
[2025.12.24-00.47.42:035][134]AssetCheck: New page: Asset Save: Aim_Center
[2025.12.24-00.47.42:035][134]LogContentValidation: Display: Validating AnimSequence /Game/AnimStarterPack/AimPoses/Aim_Center.Aim_Center
[2025.12.24-00.48.17:475][246]Cmd: OBJ SAVEPACKAGE PACKAGE="/Game/AnimStarterPack/AimPoses/Aim_Center" FILE="../../../../../../UEProject/UnrealLearn/MyProject/Content/AnimStarterPack/AimPoses/Aim_Center.uasset" SILENT=true
[2025.12.24-00.48.17:476][246]LogSavePackage: Moving '../../../../../../UEProject/UnrealLearn/MyProject/Saved/Aim_Center367EA7954CD57A9F2BE361BFB7137EA6.tmp' to '../../../../../../UEProject/UnrealLearn/MyProject/Content/AnimStarterPack/AimPoses/Aim_Center.uasset'
[2025.12.24-00.48.17:485][246]AssetCheck: New page: Asset Save: Aim_Center
[2025.12.24-00.48.17:485][246]LogContentValidation: Display: Validating AnimSequence /Game/AnimStarterPack/AimPoses/Aim_Center.Aim_Center
[2025.12.24-00.58.05:518][660]LogAnimationCompression: Building Anim DDC data for AnimSequence /Game/AnimStarterPack/AimPoses/Aim_Center.Aim_Center
[2025.12.24-00.58.15:052][359]LogAnimationCompression: Building Anim DDC data for AnimSequence /Game/AnimStarterPack/AimPoses/Aim_Center.Aim_Center
[2025.12.24-00.58.26:477][361]LogSlate: Window 'Aim_Center' being destroyed
[2025.12.24-00.58.26:487][361]LogWorld: UWorld::CleanupWorld for World_1, bSessionEnded=true, bCleanupResources=true
[2025.12.24-00.58.26:487][361]LogSlate: InvalidateAllWidgets triggered.  All widgets were invalidated
[2025.12.24-00.58.26:509][361]LogWorld: UWorld::CleanupWorld for World_5, bSessionEnded=true, bCleanupResources=true
[2025.12.24-00.58.26:509][361]LogSlate: InvalidateAllWidgets triggered.  All widgets were invalidated
[2025.12.24-00.58.26:558][361]LogWorld: UWorld::CleanupWorld for World_2, bSessionEnded=true, bCleanupResources=true
[2025.12.24-00.58.26:558][361]LogSlate: InvalidateAllWidgets triggered.  All widgets were invalidated
[2025.12.24-00.58.28:227][558]LogAssetEditorSubsystem: Opening Asset editor for AnimSequence /Game/AnimStarterPack/AimPoses/Aim_Center.Aim_Center
[2025.12.24-00.58.28:229][558]LogActorComponent: RegisterComponentWithWorld: (/Engine/Transient.World_6:PersistentLevel.AnimationEditorPreviewActor_0.DebugSkelMeshComponent_0) Already registered. Aborting.
[2025.12.24-00.58.30:863][847]LogSlate: Window 'Aim_Center' being destroyed
[2025.12.24-00.58.30:870][847]LogWorld: UWorld::CleanupWorld for World_6, bSessionEnded=true, bCleanupResources=true
[2025.12.24-00.58.30:870][847]LogSlate: InvalidateAllWidgets triggered.  All widgets were invalidated
[2025.12.24-00.58.30:883][847]LogWorld: UWorld::CleanupWorld for World_8, bSessionEnded=true, bCleanupResources=true
[2025.12.24-00.58.30:883][847]LogSlate: InvalidateAllWidgets triggered.  All widgets were invalidated
[2025.12.24-00.58.30:920][847]LogWorld: UWorld::CleanupWorld for World_7, bSessionEnded=true, bCleanupResources=true
[2025.12.24-00.58.30:920][847]LogSlate: InvalidateAllWidgets triggered.  All widgets were invalidated
[2025.12.24-00.58.37:305][608]LogUObjectHash: Compacting FUObjectHashTables data took   0.49ms
[2025.12.24-00.58.38:449][608]LogSlate: Window 'Delete Assets' being destroyed
[2025.12.24-00.58.38:478][608]LogUObjectGlobals: Force Deleting 1 Package(s):
	Asset Name: /Game/AnimStarterPack/AimPoses/Aim_Center.Aim_Center
[2025.12.24-00.58.38:568][608]LogUObjectHash: Compacting FUObjectHashTables data took   0.38ms
[2025.12.24-00.58.38:572][608]LogUObjectHash: Compacting FUObjectHashTables data took   0.39ms
[2025.12.24-00.58.38:575][608]LogUObjectHash: Compacting FUObjectHashTables data took   0.16ms
[2025.12.24-00.58.49:648][345]LogContentBrowser: Attempting asset rename: Aim_Space_Hip_2 -> Aim_Space_Hip_2
[2025.12.24-00.58.53:348][746]LogContentBrowser: Attempting asset rename: Aim_Space_Hip_2 -> Aim_Space_Hip_2
[2025.12.24-00.58.55:200][968]LogUObjectHash: Compacting FUObjectHashTables data took   0.49ms
[2025.12.24-00.58.56:083][968]LogSlate: Window 'Delete Assets' being destroyed
[2025.12.24-00.58.56:109][968]LogUObjectGlobals: Force Deleting 1 Package(s):
	Asset Name: /Game/AnimStarterPack/AimPoses/Aim_Space_Hip_2.Aim_Space_Hip_2
[2025.12.24-00.58.56:183][968]LogUObjectHash: Compacting FUObjectHashTables data took   0.37ms
[2025.12.24-00.58.57:113][ 78]LogContentBrowser: Deferred new asset file creation: Aim_Space_Hip1
[2025.12.24-00.58.57:118][ 78]LogContentBrowser: Creating deferred item: Aim_Space_Hip1
[2025.12.24-00.58.57:498][124]LogContentBrowser: Attempting asset rename: Aim_Space_Hip1 -> Aim_Space_Hip1
[2025.12.24-00.58.57:499][124]LogContentBrowser: End creating deferred item Aim_Space_Hip1
[2025.12.24-00.58.59:164][323]LogUObjectHash: Compacting FUObjectHashTables data took   0.34ms
[2025.12.24-00.59.00:883][323]LogSlate: Window 'Delete Assets' being destroyed
[2025.12.24-00.59.00:910][323]LogUObjectGlobals: Force Deleting 1 Package(s):
	Asset Name: /Game/AnimStarterPack/AimPoses/Aim_Space_Hip1.Aim_Space_Hip1
[2025.12.24-00.59.00:982][323]LogUObjectHash: Compacting FUObjectHashTables data took   0.17ms
[2025.12.24-00.59.01:658][403]LogContentBrowser: Deferred new asset file creation: Aim_Space_Hip1
[2025.12.24-00.59.01:662][403]LogContentBrowser: Creating deferred item: Aim_Space_Hip1
[2025.12.24-00.59.02:595][515]LogContentBrowser: Attempting asset rename: Aim_Space_Hip1 -> Aim_Space_Hip1
[2025.12.24-00.59.02:596][515]LogContentBrowser: End creating deferred item Aim_Space_Hip1
[2025.12.24-00.59.09:913][923]LogUObjectHash: Compacting FUObjectHashTables data took   0.43ms
[2025.12.24-00.59.11:117][923]LogSlate: Window 'Delete Assets' being destroyed
[2025.12.24-00.59.11:142][923]LogUObjectGlobals: Force Deleting 1 Package(s):
	Asset Name: /Game/AnimStarterPack/AimPoses/Aim_Space_Hip1.Aim_Space_Hip1
[2025.12.24-00.59.11:217][923]LogUObjectHash: Compacting FUObjectHashTables data took   0.19ms
[2025.12.24-00.59.12:501][ 75]LogContentBrowser: Deferred new asset file creation: Aim_Space_Hip1
[2025.12.24-00.59.12:505][ 75]LogContentBrowser: Creating deferred item: Aim_Space_Hip1
[2025.12.24-00.59.13:335][175]LogContentBrowser: Attempting asset rename: Aim_Space_Hip1 -> Aim_Center
[2025.12.24-00.59.13:336][175]LogContentBrowser: End creating deferred item Aim_Space_Hip1
[2025.12.24-00.59.14:655][332]LogAssetEditorSubsystem: Opening Asset editor for AnimSequence /Game/AnimStarterPack/AimPoses/Aim_Center.Aim_Center
[2025.12.24-00.59.14:658][332]LogActorComponent: RegisterComponentWithWorld: (/Engine/Transient.World_9:PersistentLevel.AnimationEditorPreviewActor_0.DebugSkelMeshComponent_0) Already registered. Aborting.
[2025.12.24-00.59.18:025][539]LogSlate: Window 'Create New Animation Object' being destroyed
[2025.12.24-00.59.20:287][678]LogSlate: Window 'Create New Animation Object' being destroyed
[2025.12.24-00.59.35:441][462]LogAnimationCompression: Building Anim DDC data for AnimSequence /Game/AnimStarterPack/AimPoses/Aim_Center.Aim_Center
[2025.12.24-00.59.49:690][269]Cmd: OBJ SAVEPACKAGE PACKAGE="/Game/AnimStarterPack/AimPoses/Aim_Center" FILE="../../../../../../UEProject/UnrealLearn/MyProject/Content/AnimStarterPack/AimPoses/Aim_Center.uasset" SILENT=true
[2025.12.24-00.59.49:693][269]LogSavePackage: Moving '../../../../../../UEProject/UnrealLearn/MyProject/Saved/Aim_Center841305B94CD29F06972677B9FE75D409.tmp' to '../../../../../../UEProject/UnrealLearn/MyProject/Content/AnimStarterPack/AimPoses/Aim_Center.uasset'
[2025.12.24-00.59.49:705][269]AssetCheck: New page: Asset Save: Aim_Center
[2025.12.24-00.59.49:705][269]LogContentValidation: Display: Validating AnimSequence /Game/AnimStarterPack/AimPoses/Aim_Center.Aim_Center
[2025.12.24-01.00.32:774][216]Cmd: OBJ SAVEPACKAGE PACKAGE="/Game/AnimStarterPack/AimPoses/Aim_Center" FILE="../../../../../../UEProject/UnrealLearn/MyProject/Content/AnimStarterPack/AimPoses/Aim_Center.uasset" SILENT=true
[2025.12.24-01.00.32:775][216]LogSavePackage: Moving '../../../../../../UEProject/UnrealLearn/MyProject/Saved/Aim_Center646DBEDD4BFAE88F57B6729DDFC18F1C.tmp' to '../../../../../../UEProject/UnrealLearn/MyProject/Content/AnimStarterPack/AimPoses/Aim_Center.uasset'
[2025.12.24-01.00.32:783][216]AssetCheck: New page: Asset Save: Aim_Center
[2025.12.24-01.00.32:783][216]LogContentValidation: Display: Validating AnimSequence /Game/AnimStarterPack/AimPoses/Aim_Center.Aim_Center
[2025.12.24-01.01.29:384][577]LogSlate: Window 'Aim_Center' being destroyed
[2025.12.24-01.01.30:770][741]LogUObjectHash: Compacting FUObjectHashTables data took   0.47ms
[2025.12.24-01.01.30:788][741]LogSavePackage: Moving '../../../../../../UEProject/UnrealLearn/MyProject/Saved/ThirdPersonExampleMap2CCBC7834286DF08D5C28AA0B2338696.tmp' to '../../../../../../UEProject/UnrealLearn/MyProject/Content/ThirdPersonBP/Maps/ThirdPersonExampleMap.umap'
[2025.12.24-01.01.30:817][741]LogSavePackage: Moving '../../../../../../UEProject/UnrealLearn/MyProject/Saved/ThirdPersonExampleMap_BuiltData89FDAD8845F37C708A05DAA4ED0E115D.tmp' to '../../../../../../UEProject/UnrealLearn/MyProject/Content/ThirdPersonBP/Maps/ThirdPersonExampleMap_BuiltData.uasset'
[2025.12.24-01.01.30:829][741]AssetCheck: New page: Asset Save: multiple assets
[2025.12.24-01.01.30:829][741]LogContentValidation: Display: Validating MapBuildDataRegistry /Game/ThirdPersonBP/Maps/ThirdPersonExampleMap_BuiltData.ThirdPersonExampleMap_BuiltData
[2025.12.24-01.01.30:830][741]LogContentValidation: Display: Validating World /Game/ThirdPersonBP/Maps/ThirdPersonExampleMap.ThirdPersonExampleMap
[2025.12.24-01.01.52:710][403]LogContentBrowser: Attempting asset rename: Aim_Space_Hip -> Aim_Center_Down
[2025.12.24-01.01.52:748][403]Cmd: OBJ SAVEPACKAGE PACKAGE="/Game/AnimStarterPack/AimPoses/Aim_Center_Down" FILE="../../../../../../UEProject/UnrealLearn/MyProject/Content/AnimStarterPack/AimPoses/Aim_Center_Down.uasset" SILENT=true
[2025.12.24-01.01.52:752][403]LogSavePackage: Moving '../../../../../../UEProject/UnrealLearn/MyProject/Saved/Aim_Center_Down5EAA60F541EA6227A2087BB1282DB283.tmp' to '../../../../../../UEProject/UnrealLearn/MyProject/Content/AnimStarterPack/AimPoses/Aim_Center_Down.uasset'
[2025.12.24-01.01.52:791][403]LogUObjectHash: Compacting FUObjectHashTables data took   0.53ms
[2025.12.24-01.01.52:802][403]LogUObjectHash: Compacting FUObjectHashTables data took   0.41ms
[2025.12.24-01.01.52:805][403]LogUObjectHash: Compacting FUObjectHashTables data took   0.16ms
[2025.12.24-01.01.52:824][403]AssetCheck: New page: Asset Save: Aim_Center_Down
[2025.12.24-01.01.52:824][403]LogContentValidation: Display: Validating AnimSequence /Game/AnimStarterPack/AimPoses/Aim_Center_Down.Aim_Center_Down
[2025.12.24-01.01.53:795][518]LogUObjectHash: Compacting FUObjectHashTables data took   0.17ms
[2025.12.24-01.01.53:804][518]LogSavePackage: Moving '../../../../../../UEProject/UnrealLearn/MyProject/Saved/ThirdPersonExampleMap0536B525463CA0510614C9A98BA50669.tmp' to '../../../../../../UEProject/UnrealLearn/MyProject/Content/ThirdPersonBP/Maps/ThirdPersonExampleMap.umap'
[2025.12.24-01.01.53:834][518]LogSavePackage: Moving '../../../../../../UEProject/UnrealLearn/MyProject/Saved/ThirdPersonExampleMap_BuiltData8B73A14046C815E2DF291AB9ADB93FC7.tmp' to '../../../../../../UEProject/UnrealLearn/MyProject/Content/ThirdPersonBP/Maps/ThirdPersonExampleMap_BuiltData.uasset'
[2025.12.24-01.01.53:842][518]AssetCheck: New page: Asset Save: multiple assets
[2025.12.24-01.01.53:842][518]LogContentValidation: Display: Validating MapBuildDataRegistry /Game/ThirdPersonBP/Maps/ThirdPersonExampleMap_BuiltData.ThirdPersonExampleMap_BuiltData
[2025.12.24-01.01.53:842][518]LogContentValidation: Display: Validating World /Game/ThirdPersonBP/Maps/ThirdPersonExampleMap.ThirdPersonExampleMap
[2025.12.24-01.06.12:266][584]LogAssetEditorSubsystem: Opening Asset editor for AnimSequence /Game/AnimStarterPack/AimPoses/Aim_Center_Down.Aim_Center_Down
[2025.12.24-01.06.12:315][584]LogWorld: UWorld::CleanupWorld for World_11, bSessionEnded=true, bCleanupResources=true
[2025.12.24-01.06.12:315][584]LogSlate: InvalidateAllWidgets triggered.  All widgets were invalidated
[2025.12.24-01.07.13:598][407]LogContentBrowser: Verbose: The majority of assets in the view are of type: AnimSequence
[2025.12.24-01.07.16:764][780]LogWindows: LaunchURL https://docs.unrealengine.com/4.27/en//Engine/Animation/Sequences/index.html?utm_source=editor&utm_medium=docs&utm_campaign=doc_anchors
[2025.12.24-01.07.21:303][  7]Cmd: OBJ SAVEPACKAGE PACKAGE="/Game/AnimStarterPack/AimPoses/Aim_Center_Down" FILE="../../../../../../UEProject/UnrealLearn/MyProject/Content/AnimStarterPack/AimPoses/Aim_Center_Down.uasset" SILENT=true
[2025.12.24-01.07.21:304][  7]LogSavePackage: Moving '../../../../../../UEProject/UnrealLearn/MyProject/Saved/Aim_Center_Down0333323249CF1A1FEC55369E31603B3A.tmp' to '../../../../../../UEProject/UnrealLearn/MyProject/Content/AnimStarterPack/AimPoses/Aim_Center_Down.uasset'
[2025.12.24-01.07.21:315][  7]AssetCheck: New page: Asset Save: Aim_Center_Down
[2025.12.24-01.07.21:315][  7]LogContentValidation: Display: Validating AnimSequence /Game/AnimStarterPack/AimPoses/Aim_Center_Down.Aim_Center_Down
[2025.12.24-01.07.59:285][987]LogAnimationCompression: Building Anim DDC data for AnimSequence /Game/AnimStarterPack/AimPoses/Aim_Center_Down.Aim_Center_Down
[2025.12.24-01.08.21:589][273]Cmd: OBJ SAVEPACKAGE PACKAGE="/Game/AnimStarterPack/AimPoses/Aim_Center_Down" FILE="../../../../../../UEProject/UnrealLearn/MyProject/Content/AnimStarterPack/AimPoses/Aim_Center_Down.uasset" SILENT=true
[2025.12.24-01.08.21:591][273]LogSavePackage: Moving '../../../../../../UEProject/UnrealLearn/MyProject/Saved/Aim_Center_Down837845E3451323FEFED062BF525728B6.tmp' to '../../../../../../UEProject/UnrealLearn/MyProject/Content/AnimStarterPack/AimPoses/Aim_Center_Down.uasset'
[2025.12.24-01.08.21:601][273]AssetCheck: New page: Asset Save: Aim_Center_Down
[2025.12.24-01.08.21:601][273]LogContentValidation: Display: Validating AnimSequence /Game/AnimStarterPack/AimPoses/Aim_Center_Down.Aim_Center_Down
[2025.12.24-01.08.24:213][584]LogAnimationCompression: Building Anim DDC data for AnimSequence /Game/AnimStarterPack/AimPoses/Aim_Center_Down.Aim_Center_Down
[2025.12.24-01.08.25:162][696]Cmd: OBJ SAVEPACKAGE PACKAGE="/Game/AnimStarterPack/AimPoses/Aim_Center_Down" FILE="../../../../../../UEProject/UnrealLearn/MyProject/Content/AnimStarterPack/AimPoses/Aim_Center_Down.uasset" SILENT=true
[2025.12.24-01.08.25:163][696]LogSavePackage: Moving '../../../../../../UEProject/UnrealLearn/MyProject/Saved/Aim_Center_DownF0605099424839A3E39851809240484E.tmp' to '../../../../../../UEProject/UnrealLearn/MyProject/Content/AnimStarterPack/AimPoses/Aim_Center_Down.uasset'
[2025.12.24-01.08.25:170][696]AssetCheck: New page: Asset Save: Aim_Center_Down
[2025.12.24-01.08.25:170][696]LogContentValidation: Display: Validating AnimSequence /Game/AnimStarterPack/AimPoses/Aim_Center_Down.Aim_Center_Down
[2025.12.24-01.08.36:624][ 66]Cmd: OBJ SAVEPACKAGE PACKAGE="/Game/AnimStarterPack/AimPoses/Aim_Center_Down" FILE="../../../../../../UEProject/UnrealLearn/MyProject/Content/AnimStarterPack/AimPoses/Aim_Center_Down.uasset" SILENT=true
[2025.12.24-01.08.36:625][ 66]LogSavePackage: Moving '../../../../../../UEProject/UnrealLearn/MyProject/Saved/Aim_Center_Down195FFF4248F8232036F31FB644180052.tmp' to '../../../../../../UEProject/UnrealLearn/MyProject/Content/AnimStarterPack/AimPoses/Aim_Center_Down.uasset'
[2025.12.24-01.08.36:641][ 66]AssetCheck: New page: Asset Save: Aim_Center_Down
[2025.12.24-01.08.36:641][ 66]LogContentValidation: Display: Validating AnimSequence /Game/AnimStarterPack/AimPoses/Aim_Center_Down.Aim_Center_Down
[2025.12.24-01.08.43:075][252]LogWorld: UWorld::CleanupWorld for World_9, bSessionEnded=true, bCleanupResources=true
[2025.12.24-01.08.43:075][252]LogSlate: InvalidateAllWidgets triggered.  All widgets were invalidated
[2025.12.24-01.08.43:088][252]LogWorld: UWorld::CleanupWorld for World_12, bSessionEnded=true, bCleanupResources=true
[2025.12.24-01.08.43:088][252]LogSlate: InvalidateAllWidgets triggered.  All widgets were invalidated
[2025.12.24-01.08.43:120][252]LogWorld: UWorld::CleanupWorld for World_10, bSessionEnded=true, bCleanupResources=true
[2025.12.24-01.08.43:120][252]LogSlate: InvalidateAllWidgets triggered.  All widgets were invalidated
[2025.12.24-01.09.02:144][421]LogContentBrowser: Deferred new asset file creation: Aim_Space_Hip1
[2025.12.24-01.09.02:150][421]LogContentBrowser: Creating deferred item: Aim_Space_Hip1
[2025.12.24-01.09.02:995][523]LogContentBrowser: Attempting asset rename: Aim_Space_Hip1 -> Aim_Center_Up
[2025.12.24-01.09.02:997][523]LogContentBrowser: End creating deferred item Aim_Space_Hip1
[2025.12.24-01.09.04:892][747]LogAssetEditorSubsystem: Opening Asset editor for AnimSequence /Game/AnimStarterPack/AimPoses/Aim_Center_Up.Aim_Center_Up
[2025.12.24-01.09.04:894][747]LogActorComponent: RegisterComponentWithWorld: (/Engine/Transient.World_13:PersistentLevel.AnimationEditorPreviewActor_0.DebugSkelMeshComponent_0) Already registered. Aborting.
[2025.12.24-01.09.05:065][747]LogContentBrowser: Verbose: The majority of assets in the view are of type: AnimSequence
[2025.12.24-01.09.07:049][974]LogSlate: Window 'Aim_Center_Up' being destroyed
[2025.12.24-01.11.53:869][532]LogUObjectHash: Compacting FUObjectHashTables data took   0.51ms
[2025.12.24-01.11.53:871][532]LogFileHelpers: Editor autosave (incl. external actors) for '/Game/ThirdPersonBP/Maps/ThirdPersonExampleMap' took 0.010
[2025.12.24-01.11.53:871][532]OBJ SavePackage: Generating thumbnails for [1] asset(s) in package [/Game/AnimStarterPack/AimPoses/Aim_Space_Hip] ([1] browsable assets)...
[2025.12.24-01.11.53:877][532]OBJ SavePackage:     Rendered thumbnail for [AnimSequence /Game/AnimStarterPack/AimPoses/Aim_Space_Hip.Aim_Space_Hip]
[2025.12.24-01.11.53:877][532]OBJ SavePackage: Finished generating thumbnails for package [/Game/AnimStarterPack/AimPoses/Aim_Space_Hip]
[2025.12.24-01.11.53:881][532]LogSavePackage: Moving '../../../../../../UEProject/UnrealLearn/MyProject/Saved/Aim_Space_Hip_Auto27B506D4249627513BDBBD1B1766DB0E8.tmp' to '../../../../../../UEProject/UnrealLearn/MyProject/Saved/Autosaves/Game/AnimStarterPack/AimPoses/Aim_Space_Hip_Auto2.uasset'
[2025.12.24-01.11.53:890][532]OBJ SavePackage: Generating thumbnails for [1] asset(s) in package [/Game/AnimStarterPack/AimPoses/Aim_Center_Up] ([1] browsable assets)...
[2025.12.24-01.11.53:895][532]OBJ SavePackage:     Rendered thumbnail for [AnimSequence /Game/AnimStarterPack/AimPoses/Aim_Center_Up.Aim_Center_Up]
[2025.12.24-01.11.53:895][532]OBJ SavePackage: Finished generating thumbnails for package [/Game/AnimStarterPack/AimPoses/Aim_Center_Up]
[2025.12.24-01.11.53:900][532]LogSavePackage: Moving '../../../../../../UEProject/UnrealLearn/MyProject/Saved/Aim_Center_Up_Auto28B6DE66D4C765FEA7331E4AD14DD2531.tmp' to '../../../../../../UEProject/UnrealLearn/MyProject/Saved/Autosaves/Game/AnimStarterPack/AimPoses/Aim_Center_Up_Auto2.uasset'
[2025.12.24-01.11.53:900][532]LogFileHelpers: Auto-saving content packages took 0.028
[2025.12.24-01.11.57:350][873]Cmd: OBJ SAVEPACKAGE PACKAGE="/Game/AnimStarterPack/AimPoses/Aim_Center_Up" FILE="../../../../../../UEProject/UnrealLearn/MyProject/Content/AnimStarterPack/AimPoses/Aim_Center_Up.uasset" SILENT=true
[2025.12.24-01.11.57:352][873]LogSavePackage: Moving '../../../../../../UEProject/UnrealLearn/MyProject/Saved/Aim_Center_UpFE4123004A3A190511E4BE98042330E4.tmp' to '../../../../../../UEProject/UnrealLearn/MyProject/Content/AnimStarterPack/AimPoses/Aim_Center_Up.uasset'
[2025.12.24-01.11.57:360][873]AssetCheck: New page: Asset Save: Aim_Center_Up
[2025.12.24-01.11.57:360][873]LogContentValidation: Display: Validating AnimSequence /Game/AnimStarterPack/AimPoses/Aim_Center_Up.Aim_Center_Up
[2025.12.24-01.12.05:544][539]LogAnimationCompression: Building Anim DDC data for AnimSequence /Game/AnimStarterPack/AimPoses/Aim_Center_Up.Aim_Center_Up
[2025.12.24-01.12.12:530][865]LogAnimationCompression: Building Anim DDC data for AnimSequence /Game/AnimStarterPack/AimPoses/Aim_Center_Up.Aim_Center_Up
[2025.12.24-01.12.13:020][922]Cmd: OBJ SAVEPACKAGE PACKAGE="/Game/AnimStarterPack/AimPoses/Aim_Center_Up" FILE="../../../../../../UEProject/UnrealLearn/MyProject/Content/AnimStarterPack/AimPoses/Aim_Center_Up.uasset" SILENT=true
[2025.12.24-01.12.13:021][922]LogSavePackage: Moving '../../../../../../UEProject/UnrealLearn/MyProject/Saved/Aim_Center_Up9DE1E74C4003F6DE3254398C58B7A6AD.tmp' to '../../../../../../UEProject/UnrealLearn/MyProject/Content/AnimStarterPack/AimPoses/Aim_Center_Up.uasset'
[2025.12.24-01.12.13:030][922]AssetCheck: New page: Asset Save: Aim_Center_Up
[2025.12.24-01.12.13:030][922]LogContentValidation: Display: Validating AnimSequence /Game/AnimStarterPack/AimPoses/Aim_Center_Up.Aim_Center_Up
[2025.12.24-01.12.23:724][148]LogWorld: UWorld::CleanupWorld for World_13, bSessionEnded=true, bCleanupResources=true
[2025.12.24-01.12.23:724][148]LogSlate: InvalidateAllWidgets triggered.  All widgets were invalidated
[2025.12.24-01.12.23:736][148]LogWorld: UWorld::CleanupWorld for World_15, bSessionEnded=true, bCleanupResources=true
[2025.12.24-01.12.23:736][148]LogSlate: InvalidateAllWidgets triggered.  All widgets were invalidated
[2025.12.24-01.12.23:773][148]LogWorld: UWorld::CleanupWorld for World_14, bSessionEnded=true, bCleanupResources=true
[2025.12.24-01.12.23:773][148]LogSlate: InvalidateAllWidgets triggered.  All widgets were invalidated
[2025.12.24-01.12.24:432][224]LogUObjectHash: Compacting FUObjectHashTables data took   0.49ms
[2025.12.24-01.12.24:444][224]LogSavePackage: Moving '../../../../../../UEProject/UnrealLearn/MyProject/Saved/ThirdPersonExampleMap8D7717A14412D04D01CFF1BD4E0E19B2.tmp' to '../../../../../../UEProject/UnrealLearn/MyProject/Content/ThirdPersonBP/Maps/ThirdPersonExampleMap.umap'
[2025.12.24-01.12.24:472][224]LogSavePackage: Moving '../../../../../../UEProject/UnrealLearn/MyProject/Saved/ThirdPersonExampleMap_BuiltDataF983D7544E202BA61DE95B8B7CDB3E51.tmp' to '../../../../../../UEProject/UnrealLearn/MyProject/Content/ThirdPersonBP/Maps/ThirdPersonExampleMap_BuiltData.uasset'
[2025.12.24-01.12.24:482][224]AssetCheck: New page: Asset Save: multiple assets
[2025.12.24-01.12.24:482][224]LogContentValidation: Display: Validating MapBuildDataRegistry /Game/ThirdPersonBP/Maps/ThirdPersonExampleMap_BuiltData.ThirdPersonExampleMap_BuiltData
[2025.12.24-01.12.24:482][224]LogContentValidation: Display: Validating World /Game/ThirdPersonBP/Maps/ThirdPersonExampleMap.ThirdPersonExampleMap
[2025.12.24-01.13.53:096][317]LogContentBrowser: Deferred new asset file creation: Aim_Space_Hip1
[2025.12.24-01.13.53:102][317]LogContentBrowser: Creating deferred item: Aim_Space_Hip1
[2025.12.24-01.13.55:589][616]LogContentBrowser: Attempting asset rename: Aim_Space_Hip1 -> Aim_Space_Hip1
[2025.12.24-01.13.55:590][616]LogContentBrowser: End creating deferred item Aim_Space_Hip1
[2025.12.24-01.14.02:869][280]LogContentBrowser: Attempting asset rename: Aim_Space_Hip1 -> Aim_Left_Center
[2025.12.24-01.14.02:900][280]Cmd: OBJ SAVEPACKAGE PACKAGE="/Game/AnimStarterPack/AimPoses/Aim_Left_Center" FILE="../../../../../../UEProject/UnrealLearn/MyProject/Content/AnimStarterPack/AimPoses/Aim_Left_Center.uasset" SILENT=true
[2025.12.24-01.14.02:904][280]LogSavePackage: Moving '../../../../../../UEProject/UnrealLearn/MyProject/Saved/Aim_Left_CenterC78055FC4A8453B73E9220ABF51BC6BE.tmp' to '../../../../../../UEProject/UnrealLearn/MyProject/Content/AnimStarterPack/AimPoses/Aim_Left_Center.uasset'
[2025.12.24-01.14.02:944][280]LogUObjectHash: Compacting FUObjectHashTables data took   0.49ms
[2025.12.24-01.14.02:956][280]LogUObjectHash: Compacting FUObjectHashTables data took   0.39ms
[2025.12.24-01.14.02:959][280]LogUObjectHash: Compacting FUObjectHashTables data took   0.18ms
[2025.12.24-01.14.02:971][280]AssetCheck: New page: Asset Save: Aim_Left_Center
[2025.12.24-01.14.02:971][280]LogContentValidation: Display: Validating AnimSequence /Game/AnimStarterPack/AimPoses/Aim_Left_Center.Aim_Left_Center
[2025.12.24-01.14.04:796][497]LogAssetEditorSubsystem: Opening Asset editor for AnimSequence /Game/AnimStarterPack/AimPoses/Aim_Left_Center.Aim_Left_Center
[2025.12.24-01.14.04:799][497]LogActorComponent: RegisterComponentWithWorld: (/Engine/Transient.World_16:PersistentLevel.AnimationEditorPreviewActor_0.DebugSkelMeshComponent_0) Already registered. Aborting.
[2025.12.24-01.14.04:975][497]LogContentBrowser: Verbose: The majority of assets in the view are of type: AnimSequence
[2025.12.24-01.14.06:721][694]LogSlate: Window 'Aim_Left_Center' being destroyed
[2025.12.24-01.14.19:092][822]LogAnimationCompression: Building Anim DDC data for AnimSequence /Game/AnimStarterPack/AimPoses/Aim_Left_Center.Aim_Left_Center
[2025.12.24-01.14.21:382][ 93]LogAnimationCompression: Building Anim DDC data for AnimSequence /Game/AnimStarterPack/AimPoses/Aim_Left_Center.Aim_Left_Center
[2025.12.24-01.14.22:186][188]Cmd: OBJ SAVEPACKAGE PACKAGE="/Game/AnimStarterPack/AimPoses/Aim_Left_Center" FILE="../../../../../../UEProject/UnrealLearn/MyProject/Content/AnimStarterPack/AimPoses/Aim_Left_Center.uasset" SILENT=true
[2025.12.24-01.14.22:187][188]LogSavePackage: Moving '../../../../../../UEProject/UnrealLearn/MyProject/Saved/Aim_Left_CenterE63DA74344363A98606570A4C6AEEE49.tmp' to '../../../../../../UEProject/UnrealLearn/MyProject/Content/AnimStarterPack/AimPoses/Aim_Left_Center.uasset'
[2025.12.24-01.14.22:194][188]AssetCheck: New page: Asset Save: Aim_Left_Center
[2025.12.24-01.14.22:194][188]LogContentValidation: Display: Validating AnimSequence /Game/AnimStarterPack/AimPoses/Aim_Left_Center.Aim_Left_Center
[2025.12.24-01.14.25:672][408]LogWorld: UWorld::CleanupWorld for World_16, bSessionEnded=true, bCleanupResources=true
[2025.12.24-01.14.25:672][408]LogSlate: InvalidateAllWidgets triggered.  All widgets were invalidated
[2025.12.24-01.14.25:684][408]LogWorld: UWorld::CleanupWorld for World_18, bSessionEnded=true, bCleanupResources=true
[2025.12.24-01.14.25:684][408]LogSlate: InvalidateAllWidgets triggered.  All widgets were invalidated
[2025.12.24-01.14.25:720][408]LogWorld: UWorld::CleanupWorld for World_17, bSessionEnded=true, bCleanupResources=true
[2025.12.24-01.14.25:720][408]LogSlate: InvalidateAllWidgets triggered.  All widgets were invalidated
[2025.12.24-01.14.29:706][688]LogContentBrowser: Deferred new asset file creation: Aim_Space_Hip1
[2025.12.24-01.14.29:711][688]LogContentBrowser: Creating deferred item: Aim_Space_Hip1
[2025.12.24-01.14.30:499][782]LogContentBrowser: Attempting asset rename: Aim_Space_Hip1 -> Aim_Left_Up
[2025.12.24-01.14.30:500][782]LogContentBrowser: End creating deferred item Aim_Space_Hip1
[2025.12.24-01.14.31:382][885]LogAssetEditorSubsystem: Opening Asset editor for AnimSequence /Game/AnimStarterPack/AimPoses/Aim_Left_Up.Aim_Left_Up
[2025.12.24-01.14.31:384][885]LogActorComponent: RegisterComponentWithWorld: (/Engine/Transient.World_19:PersistentLevel.AnimationEditorPreviewActor_0.DebugSkelMeshComponent_0) Already registered. Aborting.
[2025.12.24-01.14.31:550][885]LogContentBrowser: Verbose: The majority of assets in the view are of type: AnimSequence
[2025.12.24-01.14.33:291][ 81]LogSlate: Window 'Aim_Left_Up' being destroyed
[2025.12.24-01.14.43:722][ 46]LogAnimationCompression: Building Anim DDC data for AnimSequence /Game/AnimStarterPack/AimPoses/Aim_Left_Up.Aim_Left_Up
[2025.12.24-01.14.51:049][920]LogAnimationCompression: Building Anim DDC data for AnimSequence /Game/AnimStarterPack/AimPoses/Aim_Left_Up.Aim_Left_Up
[2025.12.24-01.14.51:703][996]Cmd: OBJ SAVEPACKAGE PACKAGE="/Game/AnimStarterPack/AimPoses/Aim_Left_Up" FILE="../../../../../../UEProject/UnrealLearn/MyProject/Content/AnimStarterPack/AimPoses/Aim_Left_Up.uasset" SILENT=true
[2025.12.24-01.14.51:706][996]LogSavePackage: Moving '../../../../../../UEProject/UnrealLearn/MyProject/Saved/Aim_Left_Up1D5896DE42D15DA89C897AAF1278B6D6.tmp' to '../../../../../../UEProject/UnrealLearn/MyProject/Content/AnimStarterPack/AimPoses/Aim_Left_Up.uasset'
[2025.12.24-01.14.51:720][996]AssetCheck: New page: Asset Save: Aim_Left_Up
[2025.12.24-01.14.51:720][996]LogContentValidation: Display: Validating AnimSequence /Game/AnimStarterPack/AimPoses/Aim_Left_Up.Aim_Left_Up
[2025.12.24-01.14.52:534][ 94]LogWorld: UWorld::CleanupWorld for World_19, bSessionEnded=true, bCleanupResources=true
[2025.12.24-01.14.52:534][ 94]LogSlate: InvalidateAllWidgets triggered.  All widgets were invalidated
[2025.12.24-01.14.52:545][ 94]LogWorld: UWorld::CleanupWorld for World_21, bSessionEnded=true, bCleanupResources=true
[2025.12.24-01.14.52:545][ 94]LogSlate: InvalidateAllWidgets triggered.  All widgets were invalidated
[2025.12.24-01.14.52:577][ 94]LogWorld: UWorld::CleanupWorld for World_20, bSessionEnded=true, bCleanupResources=true
[2025.12.24-01.14.52:577][ 94]LogSlate: InvalidateAllWidgets triggered.  All widgets were invalidated
[2025.12.24-01.14.57:741][359]LogContentBrowser: Deferred new asset file creation: Aim_Space_Hip1
[2025.12.24-01.14.57:745][359]LogContentBrowser: Creating deferred item: Aim_Space_Hip1
[2025.12.24-01.14.58:669][470]LogContentBrowser: Attempting asset rename: Aim_Space_Hip1 -> Aim_Left_Down
[2025.12.24-01.14.58:669][470]LogContentBrowser: End creating deferred item Aim_Space_Hip1
[2025.12.24-01.15.00:070][637]LogAssetEditorSubsystem: Opening Asset editor for AnimSequence /Game/AnimStarterPack/AimPoses/Aim_Left_Down.Aim_Left_Down
[2025.12.24-01.15.00:073][637]LogActorComponent: RegisterComponentWithWorld: (/Engine/Transient.World_22:PersistentLevel.AnimationEditorPreviewActor_0.DebugSkelMeshComponent_0) Already registered. Aborting.
[2025.12.24-01.15.00:241][637]LogContentBrowser: Verbose: The majority of assets in the view are of type: AnimSequence
[2025.12.24-01.15.02:473][855]LogSlate: Window 'Aim_Left_Down' being destroyed
[2025.12.24-01.15.10:544][507]Cmd: OBJ SAVEPACKAGE PACKAGE="/Game/AnimStarterPack/AimPoses/Aim_Left_Down" FILE="../../../../../../UEProject/UnrealLearn/MyProject/Content/AnimStarterPack/AimPoses/Aim_Left_Down.uasset" SILENT=true
[2025.12.24-01.15.10:548][507]LogSavePackage: Moving '../../../../../../UEProject/UnrealLearn/MyProject/Saved/Aim_Left_Down3C80A85249E86DC7777AFD971F8F6257.tmp' to '../../../../../../UEProject/UnrealLearn/MyProject/Content/AnimStarterPack/AimPoses/Aim_Left_Down.uasset'
[2025.12.24-01.15.10:564][507]AssetCheck: New page: Asset Save: Aim_Left_Down
[2025.12.24-01.15.10:564][507]LogContentValidation: Display: Validating AnimSequence /Game/AnimStarterPack/AimPoses/Aim_Left_Down.Aim_Left_Down
[2025.12.24-01.15.13:444][850]LogAnimationCompression: Building Anim DDC data for AnimSequence /Game/AnimStarterPack/AimPoses/Aim_Left_Down.Aim_Left_Down
[2025.12.24-01.15.14:442][968]Cmd: OBJ SAVEPACKAGE PACKAGE="/Game/AnimStarterPack/AimPoses/Aim_Left_Down" FILE="../../../../../../UEProject/UnrealLearn/MyProject/Content/AnimStarterPack/AimPoses/Aim_Left_Down.uasset" SILENT=true
[2025.12.24-01.15.14:444][968]LogSavePackage: Moving '../../../../../../UEProject/UnrealLearn/MyProject/Saved/Aim_Left_Down08A84FE241994A78547C6FBF11985501.tmp' to '../../../../../../UEProject/UnrealLearn/MyProject/Content/AnimStarterPack/AimPoses/Aim_Left_Down.uasset'
[2025.12.24-01.15.14:451][968]AssetCheck: New page: Asset Save: Aim_Left_Down
[2025.12.24-01.15.14:451][968]LogContentValidation: Display: Validating AnimSequence /Game/AnimStarterPack/AimPoses/Aim_Left_Down.Aim_Left_Down
[2025.12.24-01.15.18:083][402]LogAnimationCompression: Building Anim DDC data for AnimSequence /Game/AnimStarterPack/AimPoses/Aim_Left_Down.Aim_Left_Down
[2025.12.24-01.15.20:713][521]Cmd: OBJ SAVEPACKAGE PACKAGE="/Game/AnimStarterPack/AimPoses/Aim_Left_Down" FILE="../../../../../../UEProject/UnrealLearn/MyProject/Content/AnimStarterPack/AimPoses/Aim_Left_Down.uasset" SILENT=true
[2025.12.24-01.15.20:714][521]LogSavePackage: Moving '../../../../../../UEProject/UnrealLearn/MyProject/Saved/Aim_Left_Down6BF3BFA74B5504204F9246A7589DD324.tmp' to '../../../../../../UEProject/UnrealLearn/MyProject/Content/AnimStarterPack/AimPoses/Aim_Left_Down.uasset'
[2025.12.24-01.15.20:724][521]AssetCheck: New page: Asset Save: Aim_Left_Down
[2025.12.24-01.15.20:724][521]LogContentValidation: Display: Validating AnimSequence /Game/AnimStarterPack/AimPoses/Aim_Left_Down.Aim_Left_Down
[2025.12.24-01.15.22:068][682]LogWorld: UWorld::CleanupWorld for World_22, bSessionEnded=true, bCleanupResources=true
[2025.12.24-01.15.22:068][682]LogSlate: InvalidateAllWidgets triggered.  All widgets were invalidated
[2025.12.24-01.15.22:080][682]LogWorld: UWorld::CleanupWorld for World_24, bSessionEnded=true, bCleanupResources=true
[2025.12.24-01.15.22:080][682]LogSlate: InvalidateAllWidgets triggered.  All widgets were invalidated
[2025.12.24-01.15.22:115][682]LogWorld: UWorld::CleanupWorld for World_23, bSessionEnded=true, bCleanupResources=true
[2025.12.24-01.15.22:116][682]LogSlate: InvalidateAllWidgets triggered.  All widgets were invalidated
[2025.12.24-01.15.26:354][993]LogContentBrowser: Deferred new asset file creation: Aim_Space_Hip1
[2025.12.24-01.15.26:362][993]LogContentBrowser: Creating deferred item: Aim_Space_Hip1
[2025.12.24-01.15.27:270][101]LogContentBrowser: Attempting asset rename: Aim_Space_Hip1 -> Aim_Right_Center
[2025.12.24-01.15.27:271][101]LogContentBrowser: End creating deferred item Aim_Space_Hip1
[2025.12.24-01.15.28:007][187]Cmd: OBJ SAVEPACKAGE PACKAGE="/Game/AnimStarterPack/AimPoses/Aim_Right_Center" FILE="../../../../../../UEProject/UnrealLearn/MyProject/Content/AnimStarterPack/AimPoses/Aim_Right_Center.uasset" SILENT=true
[2025.12.24-01.15.28:011][187]LogSavePackage: Moving '../../../../../../UEProject/UnrealLearn/MyProject/Saved/Aim_Right_Center3CEB0BE44F49A6F8229AA8B9E39FA8C8.tmp' to '../../../../../../UEProject/UnrealLearn/MyProject/Content/AnimStarterPack/AimPoses/Aim_Right_Center.uasset'
[2025.12.24-01.15.28:021][187]AssetCheck: New page: Asset Save: Aim_Right_Center
[2025.12.24-01.15.28:021][187]LogContentValidation: Display: Validating AnimSequence /Game/AnimStarterPack/AimPoses/Aim_Right_Center.Aim_Right_Center
[2025.12.24-01.15.30:258][297]LogAssetEditorSubsystem: Opening Asset editor for AnimSequence /Game/AnimStarterPack/AimPoses/Aim_Right_Center.Aim_Right_Center
[2025.12.24-01.15.30:260][297]LogActorComponent: RegisterComponentWithWorld: (/Engine/Transient.World_25:PersistentLevel.AnimationEditorPreviewActor_0.DebugSkelMeshComponent_0) Already registered. Aborting.
[2025.12.24-01.15.30:418][297]LogContentBrowser: Verbose: The majority of assets in the view are of type: AnimSequence
[2025.12.24-01.15.32:325][512]LogSlate: Window 'Aim_Right_Center' being destroyed
[2025.12.24-01.15.37:662][150]Cmd: OBJ SAVEPACKAGE PACKAGE="/Game/AnimStarterPack/AimPoses/Aim_Right_Center" FILE="../../../../../../UEProject/UnrealLearn/MyProject/Content/AnimStarterPack/AimPoses/Aim_Right_Center.uasset" SILENT=true
[2025.12.24-01.15.37:664][150]LogSavePackage: Moving '../../../../../../UEProject/UnrealLearn/MyProject/Saved/Aim_Right_Center790F08804F0084FE2746DC83AC823430.tmp' to '../../../../../../UEProject/UnrealLearn/MyProject/Content/AnimStarterPack/AimPoses/Aim_Right_Center.uasset'
[2025.12.24-01.15.37:673][150]AssetCheck: New page: Asset Save: Aim_Right_Center
[2025.12.24-01.15.37:673][150]LogContentValidation: Display: Validating AnimSequence /Game/AnimStarterPack/AimPoses/Aim_Right_Center.Aim_Right_Center
[2025.12.24-01.15.40:394][474]LogAnimationCompression: Building Anim DDC data for AnimSequence /Game/AnimStarterPack/AimPoses/Aim_Right_Center.Aim_Right_Center
[2025.12.24-01.15.41:127][560]Cmd: OBJ SAVEPACKAGE PACKAGE="/Game/AnimStarterPack/AimPoses/Aim_Right_Center" FILE="../../../../../../UEProject/UnrealLearn/MyProject/Content/AnimStarterPack/AimPoses/Aim_Right_Center.uasset" SILENT=true
[2025.12.24-01.15.41:128][560]LogSavePackage: Moving '../../../../../../UEProject/UnrealLearn/MyProject/Saved/Aim_Right_Center4990493645C43586599771B9A8E99337.tmp' to '../../../../../../UEProject/UnrealLearn/MyProject/Content/AnimStarterPack/AimPoses/Aim_Right_Center.uasset'
[2025.12.24-01.15.41:143][560]AssetCheck: New page: Asset Save: Aim_Right_Center
[2025.12.24-01.15.41:143][560]LogContentValidation: Display: Validating AnimSequence /Game/AnimStarterPack/AimPoses/Aim_Right_Center.Aim_Right_Center
[2025.12.24-01.15.50:039][468]LogAnimationCompression: Building Anim DDC data for AnimSequence /Game/AnimStarterPack/AimPoses/Aim_Right_Center.Aim_Right_Center
[2025.12.24-01.15.50:844][563]Cmd: OBJ SAVEPACKAGE PACKAGE="/Game/AnimStarterPack/AimPoses/Aim_Right_Center" FILE="../../../../../../UEProject/UnrealLearn/MyProject/Content/AnimStarterPack/AimPoses/Aim_Right_Center.uasset" SILENT=true
[2025.12.24-01.15.50:846][563]LogSavePackage: Moving '../../../../../../UEProject/UnrealLearn/MyProject/Saved/Aim_Right_CenterEA1E5D834208D9C43E748E8B5C683B12.tmp' to '../../../../../../UEProject/UnrealLearn/MyProject/Content/AnimStarterPack/AimPoses/Aim_Right_Center.uasset'
[2025.12.24-01.15.50:854][563]AssetCheck: New page: Asset Save: Aim_Right_Center
[2025.12.24-01.15.50:854][563]LogContentValidation: Display: Validating AnimSequence /Game/AnimStarterPack/AimPoses/Aim_Right_Center.Aim_Right_Center
[2025.12.24-01.17.43:945][780]Cmd: OBJ SAVEPACKAGE PACKAGE="/Game/AnimStarterPack/AimPoses/Aim_Right_Center" FILE="../../../../../../UEProject/UnrealLearn/MyProject/Content/AnimStarterPack/AimPoses/Aim_Right_Center.uasset" SILENT=true
[2025.12.24-01.17.43:946][780]LogSavePackage: Moving '../../../../../../UEProject/UnrealLearn/MyProject/Saved/Aim_Right_Center06723E124EEC8250D1B864AEF944F65A.tmp' to '../../../../../../UEProject/UnrealLearn/MyProject/Content/AnimStarterPack/AimPoses/Aim_Right_Center.uasset'
[2025.12.24-01.17.43:960][780]AssetCheck: New page: Asset Save: Aim_Right_Center
[2025.12.24-01.17.43:960][780]LogContentValidation: Display: Validating AnimSequence /Game/AnimStarterPack/AimPoses/Aim_Right_Center.Aim_Right_Center
[2025.12.24-01.17.44:570][853]LogWorld: UWorld::CleanupWorld for World_25, bSessionEnded=true, bCleanupResources=true
[2025.12.24-01.17.44:570][853]LogSlate: InvalidateAllWidgets triggered.  All widgets were invalidated
[2025.12.24-01.17.44:583][853]LogWorld: UWorld::CleanupWorld for World_27, bSessionEnded=true, bCleanupResources=true
[2025.12.24-01.17.44:583][853]LogSlate: InvalidateAllWidgets triggered.  All widgets were invalidated
[2025.12.24-01.17.44:615][853]LogWorld: UWorld::CleanupWorld for World_26, bSessionEnded=true, bCleanupResources=true
[2025.12.24-01.17.44:615][853]LogSlate: InvalidateAllWidgets triggered.  All widgets were invalidated
[2025.12.24-01.17.49:753][115]LogContentBrowser: Deferred new asset file creation: Aim_Space_Hip1
[2025.12.24-01.17.49:758][115]LogContentBrowser: Creating deferred item: Aim_Space_Hip1
[2025.12.24-01.17.50:611][217]LogContentBrowser: Attempting asset rename: Aim_Space_Hip1 -> Aim_Right_Up
[2025.12.24-01.17.50:611][217]LogContentBrowser: End creating deferred item Aim_Space_Hip1
[2025.12.24-01.17.51:449][316]LogAssetEditorSubsystem: Opening Asset editor for AnimSequence /Game/AnimStarterPack/AimPoses/Aim_Right_Up.Aim_Right_Up
[2025.12.24-01.17.51:451][316]LogActorComponent: RegisterComponentWithWorld: (/Engine/Transient.World_28:PersistentLevel.AnimationEditorPreviewActor_0.DebugSkelMeshComponent_0) Already registered. Aborting.
[2025.12.24-01.17.51:607][316]LogContentBrowser: Verbose: The majority of assets in the view are of type: AnimSequence
[2025.12.24-01.17.53:150][489]LogSlate: Window 'Aim_Right_Up' being destroyed
[2025.12.24-01.18.02:242][381]Cmd: OBJ SAVEPACKAGE PACKAGE="/Game/AnimStarterPack/AimPoses/Aim_Right_Up" FILE="../../../../../../UEProject/UnrealLearn/MyProject/Content/AnimStarterPack/AimPoses/Aim_Right_Up.uasset" SILENT=true
[2025.12.24-01.18.02:246][381]LogSavePackage: Moving '../../../../../../UEProject/UnrealLearn/MyProject/Saved/Aim_Right_Up34CD2DE14D29FA69193B2E85969D3173.tmp' to '../../../../../../UEProject/UnrealLearn/MyProject/Content/AnimStarterPack/AimPoses/Aim_Right_Up.uasset'
[2025.12.24-01.18.02:265][381]AssetCheck: New page: Asset Save: Aim_Right_Up
[2025.12.24-01.18.02:265][381]LogContentValidation: Display: Validating AnimSequence /Game/AnimStarterPack/AimPoses/Aim_Right_Up.Aim_Right_Up
[2025.12.24-01.18.04:875][691]LogAnimationCompression: Building Anim DDC data for AnimSequence /Game/AnimStarterPack/AimPoses/Aim_Right_Up.Aim_Right_Up
[2025.12.24-01.18.05:596][776]Cmd: OBJ SAVEPACKAGE PACKAGE="/Game/AnimStarterPack/AimPoses/Aim_Right_Up" FILE="../../../../../../UEProject/UnrealLearn/MyProject/Content/AnimStarterPack/AimPoses/Aim_Right_Up.uasset" SILENT=true
[2025.12.24-01.18.05:597][776]LogSavePackage: Moving '../../../../../../UEProject/UnrealLearn/MyProject/Saved/Aim_Right_Up4999545B4340D8B6A003C6B57C0F672B.tmp' to '../../../../../../UEProject/UnrealLearn/MyProject/Content/AnimStarterPack/AimPoses/Aim_Right_Up.uasset'
[2025.12.24-01.18.05:607][776]AssetCheck: New page: Asset Save: Aim_Right_Up
[2025.12.24-01.18.05:607][776]LogContentValidation: Display: Validating AnimSequence /Game/AnimStarterPack/AimPoses/Aim_Right_Up.Aim_Right_Up
[2025.12.24-01.18.07:759][ 31]LogAnimationCompression: Building Anim DDC data for AnimSequence /Game/AnimStarterPack/AimPoses/Aim_Right_Up.Aim_Right_Up
[2025.12.24-01.18.09:629][137]Cmd: OBJ SAVEPACKAGE PACKAGE="/Game/AnimStarterPack/AimPoses/Aim_Right_Up" FILE="../../../../../../UEProject/UnrealLearn/MyProject/Content/AnimStarterPack/AimPoses/Aim_Right_Up.uasset" SILENT=true
[2025.12.24-01.18.09:631][137]LogSavePackage: Moving '../../../../../../UEProject/UnrealLearn/MyProject/Saved/Aim_Right_Up15EE5281410F443A8F9994BB9091A2A0.tmp' to '../../../../../../UEProject/UnrealLearn/MyProject/Content/AnimStarterPack/AimPoses/Aim_Right_Up.uasset'
[2025.12.24-01.18.09:639][137]AssetCheck: New page: Asset Save: Aim_Right_Up
[2025.12.24-01.18.09:639][137]LogContentValidation: Display: Validating AnimSequence /Game/AnimStarterPack/AimPoses/Aim_Right_Up.Aim_Right_Up
[2025.12.24-01.18.10:659][259]LogWorld: UWorld::CleanupWorld for World_28, bSessionEnded=true, bCleanupResources=true
[2025.12.24-01.18.10:659][259]LogSlate: InvalidateAllWidgets triggered.  All widgets were invalidated
[2025.12.24-01.18.10:669][259]LogWorld: UWorld::CleanupWorld for World_30, bSessionEnded=true, bCleanupResources=true
[2025.12.24-01.18.10:669][259]LogSlate: InvalidateAllWidgets triggered.  All widgets were invalidated
[2025.12.24-01.18.10:707][259]LogWorld: UWorld::CleanupWorld for World_29, bSessionEnded=true, bCleanupResources=true
[2025.12.24-01.18.10:707][259]LogSlate: InvalidateAllWidgets triggered.  All widgets were invalidated
[2025.12.24-01.18.13:347][379]LogContentBrowser: Deferred new asset file creation: Aim_Space_Hip1
[2025.12.24-01.18.13:352][379]LogContentBrowser: Creating deferred item: Aim_Space_Hip1
[2025.12.24-01.18.13:599][408]LogContentBrowser: Attempting asset rename: Aim_Space_Hip1 -> Aim_Space_Hip1
[2025.12.24-01.18.13:600][408]LogContentBrowser: End creating deferred item Aim_Space_Hip1
[2025.12.24-01.18.16:980][807]LogContentBrowser: Attempting asset rename: Aim_Space_Hip1 -> Aim_Right_Down
[2025.12.24-01.18.17:017][807]Cmd: OBJ SAVEPACKAGE PACKAGE="/Game/AnimStarterPack/AimPoses/Aim_Right_Down" FILE="../../../../../../UEProject/UnrealLearn/MyProject/Content/AnimStarterPack/AimPoses/Aim_Right_Down.uasset" SILENT=true
[2025.12.24-01.18.17:021][807]LogSavePackage: Moving '../../../../../../UEProject/UnrealLearn/MyProject/Saved/Aim_Right_Down44BFB4654AF5095625D42BB6950CDF9E.tmp' to '../../../../../../UEProject/UnrealLearn/MyProject/Content/AnimStarterPack/AimPoses/Aim_Right_Down.uasset'
[2025.12.24-01.18.17:058][807]LogUObjectHash: Compacting FUObjectHashTables data took   0.54ms
[2025.12.24-01.18.17:072][807]LogUObjectHash: Compacting FUObjectHashTables data took   0.39ms
[2025.12.24-01.18.17:075][807]LogUObjectHash: Compacting FUObjectHashTables data took   0.23ms
[2025.12.24-01.18.17:087][807]AssetCheck: New page: Asset Save: Aim_Right_Down
[2025.12.24-01.18.17:087][807]LogContentValidation: Display: Validating AnimSequence /Game/AnimStarterPack/AimPoses/Aim_Right_Down.Aim_Right_Down
[2025.12.24-01.18.20:881][143]LogAssetEditorSubsystem: Opening Asset editor for AnimSequence /Game/AnimStarterPack/AimPoses/Aim_Right_Down.Aim_Right_Down
[2025.12.24-01.18.20:883][143]LogActorComponent: RegisterComponentWithWorld: (/Engine/Transient.World_31:PersistentLevel.AnimationEditorPreviewActor_0.DebugSkelMeshComponent_0) Already registered. Aborting.
[2025.12.24-01.18.21:044][143]LogContentBrowser: Verbose: The majority of assets in the view are of type: AnimSequence
[2025.12.24-01.18.22:325][284]LogSlate: Window 'Aim_Right_Down' being destroyed
[2025.12.24-01.18.29:427][977]Cmd: OBJ SAVEPACKAGE PACKAGE="/Game/AnimStarterPack/AimPoses/Aim_Right_Down" FILE="../../../../../../UEProject/UnrealLearn/MyProject/Content/AnimStarterPack/AimPoses/Aim_Right_Down.uasset" SILENT=true
[2025.12.24-01.18.29:429][977]LogSavePackage: Moving '../../../../../../UEProject/UnrealLearn/MyProject/Saved/Aim_Right_Down17E12DAB43AA56BDC69321BB8B7F2551.tmp' to '../../../../../../UEProject/UnrealLearn/MyProject/Content/AnimStarterPack/AimPoses/Aim_Right_Down.uasset'
[2025.12.24-01.18.29:437][977]AssetCheck: New page: Asset Save: Aim_Right_Down
[2025.12.24-01.18.29:437][977]LogContentValidation: Display: Validating AnimSequence /Game/AnimStarterPack/AimPoses/Aim_Right_Down.Aim_Right_Down
[2025.12.24-01.18.36:090][772]LogAnimationCompression: Building Anim DDC data for AnimSequence /Game/AnimStarterPack/AimPoses/Aim_Right_Down.Aim_Right_Down
[2025.12.24-01.18.39:959][229]LogAnimationCompression: Building Anim DDC data for AnimSequence /Game/AnimStarterPack/AimPoses/Aim_Right_Down.Aim_Right_Down
[2025.12.24-01.18.40:415][282]Cmd: OBJ SAVEPACKAGE PACKAGE="/Game/AnimStarterPack/AimPoses/Aim_Right_Down" FILE="../../../../../../UEProject/UnrealLearn/MyProject/Content/AnimStarterPack/AimPoses/Aim_Right_Down.uasset" SILENT=true
[2025.12.24-01.18.40:416][282]LogSavePackage: Moving '../../../../../../UEProject/UnrealLearn/MyProject/Saved/Aim_Right_Down904F534E467BFF70BB378FBE2BF3F050.tmp' to '../../../../../../UEProject/UnrealLearn/MyProject/Content/AnimStarterPack/AimPoses/Aim_Right_Down.uasset'
[2025.12.24-01.18.40:424][282]AssetCheck: New page: Asset Save: Aim_Right_Down
[2025.12.24-01.18.40:424][282]LogContentValidation: Display: Validating AnimSequence /Game/AnimStarterPack/AimPoses/Aim_Right_Down.Aim_Right_Down
[2025.12.24-01.18.41:141][367]LogWorld: UWorld::CleanupWorld for World_31, bSessionEnded=true, bCleanupResources=true
[2025.12.24-01.18.41:141][367]LogSlate: InvalidateAllWidgets triggered.  All widgets were invalidated
[2025.12.24-01.18.41:154][367]LogWorld: UWorld::CleanupWorld for World_33, bSessionEnded=true, bCleanupResources=true
[2025.12.24-01.18.41:154][367]LogSlate: InvalidateAllWidgets triggered.  All widgets were invalidated
[2025.12.24-01.18.41:188][367]LogWorld: UWorld::CleanupWorld for World_32, bSessionEnded=true, bCleanupResources=true
[2025.12.24-01.18.41:188][367]LogSlate: InvalidateAllWidgets triggered.  All widgets were invalidated
[2025.12.24-01.18.41:829][440]LogUObjectHash: Compacting FUObjectHashTables data took   0.38ms
[2025.12.24-01.18.41:848][440]LogSavePackage: Moving '../../../../../../UEProject/UnrealLearn/MyProject/Saved/ThirdPersonExampleMap2BE1F214441E599E13BE25AC202977A4.tmp' to '../../../../../../UEProject/UnrealLearn/MyProject/Content/ThirdPersonBP/Maps/ThirdPersonExampleMap.umap'
[2025.12.24-01.18.41:877][440]LogSavePackage: Moving '../../../../../../UEProject/UnrealLearn/MyProject/Saved/ThirdPersonExampleMap_BuiltData20F4319F414660831BAC2BB246019C33.tmp' to '../../../../../../UEProject/UnrealLearn/MyProject/Content/ThirdPersonBP/Maps/ThirdPersonExampleMap_BuiltData.uasset'
[2025.12.24-01.18.41:887][440]AssetCheck: New page: Asset Save: multiple assets
[2025.12.24-01.18.41:887][440]LogContentValidation: Display: Validating MapBuildDataRegistry /Game/ThirdPersonBP/Maps/ThirdPersonExampleMap_BuiltData.ThirdPersonExampleMap_BuiltData
[2025.12.24-01.18.41:888][440]LogContentValidation: Display: Validating World /Game/ThirdPersonBP/Maps/ThirdPersonExampleMap.ThirdPersonExampleMap
[2025.12.24-01.19.39:297][723]LogAnimationCompression: Building Anim DDC data for AnimSequence /Game/AnimStarterPack/AimPoses/Aim_Center.Aim_Center
[2025.12.24-01.19.39:297][723]LogAnimationCompression: Building Anim DDC data for AnimSequence /Game/AnimStarterPack/AimPoses/Aim_Center_Down.Aim_Center_Down
[2025.12.24-01.19.39:312][724]LogAnimationCompression: Building Anim DDC data for AnimSequence /Game/AnimStarterPack/AimPoses/Aim_Right_Up.Aim_Right_Up
[2025.12.24-01.19.39:312][724]LogAnimationCompression: Building Anim DDC data for AnimSequence /Game/AnimStarterPack/AimPoses/Aim_Right_Down.Aim_Right_Down
[2025.12.24-01.19.39:317][725]LogAnimationCompression: Building Anim DDC data for AnimSequence /Game/AnimStarterPack/AimPoses/Aim_Left_Up.Aim_Left_Up
[2025.12.24-01.19.39:317][725]LogAnimationCompression: Building Anim DDC data for AnimSequence /Game/AnimStarterPack/AimPoses/Aim_Right_Center.Aim_Right_Center
[2025.12.24-01.19.39:340][726]LogAnimationCompression: Building Anim DDC data for AnimSequence /Game/AnimStarterPack/AimPoses/Aim_Left_Down.Aim_Left_Down
[2025.12.24-01.19.39:340][726]LogAnimationCompression: Building Anim DDC data for AnimSequence /Game/AnimStarterPack/AimPoses/Aim_Left_Center.Aim_Left_Center
[2025.12.24-01.19.39:347][727]LogAnimationCompression: Building Anim DDC data for AnimSequence /Game/AnimStarterPack/AimPoses/Aim_Center_Up.Aim_Center_Up
[2025.12.24-01.21.28:226][792]LogAnimationCompression: Building Anim DDC data for AnimSequence /Game/AnimStarterPack/AimPoses/Aim_Center.Aim_Center
[2025.12.24-01.21.28:226][792]LogAnimationCompression: Building Anim DDC data for AnimSequence /Game/AnimStarterPack/AimPoses/Aim_Center_Down.Aim_Center_Down
[2025.12.24-01.21.28:241][793]LogAnimationCompression: Building Anim DDC data for AnimSequence /Game/AnimStarterPack/AimPoses/Aim_Right_Down.Aim_Right_Down
[2025.12.24-01.21.28:241][793]LogAnimationCompression: Building Anim DDC data for AnimSequence /Game/AnimStarterPack/AimPoses/Aim_Right_Up.Aim_Right_Up
[2025.12.24-01.21.28:248][794]LogAnimationCompression: Building Anim DDC data for AnimSequence /Game/AnimStarterPack/AimPoses/Aim_Left_Up.Aim_Left_Up
[2025.12.24-01.21.28:248][794]LogAnimationCompression: Building Anim DDC data for AnimSequence /Game/AnimStarterPack/AimPoses/Aim_Right_Center.Aim_Right_Center
[2025.12.24-01.21.28:269][795]LogAnimationCompression: Building Anim DDC data for AnimSequence /Game/AnimStarterPack/AimPoses/Aim_Left_Center.Aim_Left_Center
[2025.12.24-01.21.28:269][795]LogAnimationCompression: Building Anim DDC data for AnimSequence /Game/AnimStarterPack/AimPoses/Aim_Left_Down.Aim_Left_Down
[2025.12.24-01.21.28:278][796]LogAnimationCompression: Building Anim DDC data for AnimSequence /Game/AnimStarterPack/AimPoses/Aim_Center_Up.Aim_Center_Up
[2025.12.24-01.21.52:211][772]LogAnimationCompression: Building Anim DDC data for AnimSequence /Game/AnimStarterPack/AimPoses/Aim_Center.Aim_Center
[2025.12.24-01.21.52:211][772]LogAnimationCompression: Building Anim DDC data for AnimSequence /Game/AnimStarterPack/AimPoses/Aim_Center_Down.Aim_Center_Down
[2025.12.24-01.21.52:216][772]LogAnimationCompression: Building Anim DDC data for AnimSequence /Game/AnimStarterPack/AimPoses/Aim_Right_Up.Aim_Right_Up
[2025.12.24-01.21.52:216][772]LogAnimationCompression: Building Anim DDC data for AnimSequence /Game/AnimStarterPack/AimPoses/Aim_Right_Down.Aim_Right_Down
[2025.12.24-01.21.52:259][774]LogAnimationCompression: Building Anim DDC data for AnimSequence /Game/AnimStarterPack/AimPoses/Aim_Right_Center.Aim_Right_Center
[2025.12.24-01.21.52:259][774]LogAnimationCompression: Building Anim DDC data for AnimSequence /Game/AnimStarterPack/AimPoses/Aim_Left_Up.Aim_Left_Up
[2025.12.24-01.21.52:267][775]LogAnimationCompression: Building Anim DDC data for AnimSequence /Game/AnimStarterPack/AimPoses/Aim_Left_Center.Aim_Left_Center
[2025.12.24-01.21.52:267][775]LogAnimationCompression: Building Anim DDC data for AnimSequence /Game/AnimStarterPack/AimPoses/Aim_Left_Down.Aim_Left_Down
[2025.12.24-01.21.52:276][776]LogAnimationCompression: Building Anim DDC data for AnimSequence /Game/AnimStarterPack/AimPoses/Aim_Center_Up.Aim_Center_Up
[2025.12.24-01.28.42:135][ 71]LogUObjectHash: Compacting FUObjectHashTables data took   0.55ms
[2025.12.24-01.28.42:141][ 71]LogFileHelpers: Editor autosave (incl. external actors) for '/Game/ThirdPersonBP/Maps/ThirdPersonExampleMap' took 0.012
[2025.12.24-01.28.42:141][ 71]OBJ SavePackage: Generating thumbnails for [1] asset(s) in package [/Game/AnimStarterPack/AimPoses/Aim_Center_Down] ([1] browsable assets)...
[2025.12.24-01.28.42:148][ 71]OBJ SavePackage:     Rendered thumbnail for [AnimSequence /Game/AnimStarterPack/AimPoses/Aim_Center_Down.Aim_Center_Down]
[2025.12.24-01.28.42:148][ 71]OBJ SavePackage: Finished generating thumbnails for package [/Game/AnimStarterPack/AimPoses/Aim_Center_Down]
[2025.12.24-01.28.42:151][ 71]LogSavePackage: Moving '../../../../../../UEProject/UnrealLearn/MyProject/Saved/Aim_Center_Down_Auto36A68BA7340C4F984DE4F6D9703718D15.tmp' to '../../../../../../UEProject/UnrealLearn/MyProject/Saved/Autosaves/Game/AnimStarterPack/AimPoses/Aim_Center_Down_Auto3.uasset'
[2025.12.24-01.28.42:152][ 71]OBJ SavePackage: Generating thumbnails for [1] asset(s) in package [/Game/AnimStarterPack/AimPoses/Aim_Center] ([1] browsable assets)...
[2025.12.24-01.28.42:156][ 71]OBJ SavePackage:     Rendered thumbnail for [AnimSequence /Game/AnimStarterPack/AimPoses/Aim_Center.Aim_Center]
[2025.12.24-01.28.42:156][ 71]OBJ SavePackage: Finished generating thumbnails for package [/Game/AnimStarterPack/AimPoses/Aim_Center]
[2025.12.24-01.28.42:160][ 71]LogSavePackage: Moving '../../../../../../UEProject/UnrealLearn/MyProject/Saved/Aim_Center_Auto305B3707344254DA43F141D976B413728.tmp' to '../../../../../../UEProject/UnrealLearn/MyProject/Saved/Autosaves/Game/AnimStarterPack/AimPoses/Aim_Center_Auto3.uasset'
[2025.12.24-01.28.42:161][ 71]OBJ SavePackage: Generating thumbnails for [1] asset(s) in package [/Game/AnimStarterPack/AimPoses/Aim_Center_Up] ([1] browsable assets)...
[2025.12.24-01.28.42:166][ 71]OBJ SavePackage:     Rendered thumbnail for [AnimSequence /Game/AnimStarterPack/AimPoses/Aim_Center_Up.Aim_Center_Up]
[2025.12.24-01.28.42:166][ 71]OBJ SavePackage: Finished generating thumbnails for package [/Game/AnimStarterPack/AimPoses/Aim_Center_Up]
[2025.12.24-01.28.42:169][ 71]LogSavePackage: Moving '../../../../../../UEProject/UnrealLearn/MyProject/Saved/Aim_Center_Up_Auto3B481C194438000206C80C393A4BC99B4.tmp' to '../../../../../../UEProject/UnrealLearn/MyProject/Saved/Autosaves/Game/AnimStarterPack/AimPoses/Aim_Center_Up_Auto3.uasset'
[2025.12.24-01.28.42:170][ 71]OBJ SavePackage: Generating thumbnails for [1] asset(s) in package [/Game/AnimStarterPack/AimPoses/Aim_Left_Center] ([1] browsable assets)...
[2025.12.24-01.28.42:175][ 71]OBJ SavePackage:     Rendered thumbnail for [AnimSequence /Game/AnimStarterPack/AimPoses/Aim_Left_Center.Aim_Left_Center]
[2025.12.24-01.28.42:175][ 71]OBJ SavePackage: Finished generating thumbnails for package [/Game/AnimStarterPack/AimPoses/Aim_Left_Center]
[2025.12.24-01.28.42:178][ 71]LogSavePackage: Moving '../../../../../../UEProject/UnrealLearn/MyProject/Saved/Aim_Left_Center_Auto38359845643D2BBCED1C61C8F82DFB385.tmp' to '../../../../../../UEProject/UnrealLearn/MyProject/Saved/Autosaves/Game/AnimStarterPack/AimPoses/Aim_Left_Center_Auto3.uasset'
[2025.12.24-01.28.42:179][ 71]OBJ SavePackage: Generating thumbnails for [1] asset(s) in package [/Game/AnimStarterPack/AimPoses/Aim_Left_Up] ([1] browsable assets)...
[2025.12.24-01.28.42:184][ 71]OBJ SavePackage:     Rendered thumbnail for [AnimSequence /Game/AnimStarterPack/AimPoses/Aim_Left_Up.Aim_Left_Up]
[2025.12.24-01.28.42:184][ 71]OBJ SavePackage: Finished generating thumbnails for package [/Game/AnimStarterPack/AimPoses/Aim_Left_Up]
[2025.12.24-01.28.42:188][ 71]LogSavePackage: Moving '../../../../../../UEProject/UnrealLearn/MyProject/Saved/Aim_Left_Up_Auto3ADAE6DFC489003F92A120D97FC9DA392.tmp' to '../../../../../../UEProject/UnrealLearn/MyProject/Saved/Autosaves/Game/AnimStarterPack/AimPoses/Aim_Left_Up_Auto3.uasset'
[2025.12.24-01.28.42:188][ 71]OBJ SavePackage: Generating thumbnails for [1] asset(s) in package [/Game/AnimStarterPack/AimPoses/Aim_Left_Down] ([1] browsable assets)...
[2025.12.24-01.28.42:193][ 71]OBJ SavePackage:     Rendered thumbnail for [AnimSequence /Game/AnimStarterPack/AimPoses/Aim_Left_Down.Aim_Left_Down]
[2025.12.24-01.28.42:193][ 71]OBJ SavePackage: Finished generating thumbnails for package [/Game/AnimStarterPack/AimPoses/Aim_Left_Down]
[2025.12.24-01.28.42:197][ 71]LogSavePackage: Moving '../../../../../../UEProject/UnrealLearn/MyProject/Saved/Aim_Left_Down_Auto379032BAE47E1DDAE75C4EC8135DC50BF.tmp' to '../../../../../../UEProject/UnrealLearn/MyProject/Saved/Autosaves/Game/AnimStarterPack/AimPoses/Aim_Left_Down_Auto3.uasset'
[2025.12.24-01.28.42:197][ 71]OBJ SavePackage: Generating thumbnails for [1] asset(s) in package [/Game/AnimStarterPack/AimPoses/Aim_Right_Center] ([1] browsable assets)...
[2025.12.24-01.28.42:202][ 71]OBJ SavePackage:     Rendered thumbnail for [AnimSequence /Game/AnimStarterPack/AimPoses/Aim_Right_Center.Aim_Right_Center]
[2025.12.24-01.28.42:202][ 71]OBJ SavePackage: Finished generating thumbnails for package [/Game/AnimStarterPack/AimPoses/Aim_Right_Center]
[2025.12.24-01.28.42:205][ 71]LogSavePackage: Moving '../../../../../../UEProject/UnrealLearn/MyProject/Saved/Aim_Right_Center_Auto31B7D31E5485C02777BC13D89FB5F1064.tmp' to '../../../../../../UEProject/UnrealLearn/MyProject/Saved/Autosaves/Game/AnimStarterPack/AimPoses/Aim_Right_Center_Auto3.uasset'
[2025.12.24-01.28.42:206][ 71]OBJ SavePackage: Generating thumbnails for [1] asset(s) in package [/Game/AnimStarterPack/AimPoses/Aim_Right_Up] ([1] browsable assets)...
[2025.12.24-01.28.42:211][ 71]OBJ SavePackage:     Rendered thumbnail for [AnimSequence /Game/AnimStarterPack/AimPoses/Aim_Right_Up.Aim_Right_Up]
[2025.12.24-01.28.42:211][ 71]OBJ SavePackage: Finished generating thumbnails for package [/Game/AnimStarterPack/AimPoses/Aim_Right_Up]
[2025.12.24-01.28.42:215][ 71]LogSavePackage: Moving '../../../../../../UEProject/UnrealLearn/MyProject/Saved/Aim_Right_Up_Auto3CB4012564043ACFE2679ED998CD02E78.tmp' to '../../../../../../UEProject/UnrealLearn/MyProject/Saved/Autosaves/Game/AnimStarterPack/AimPoses/Aim_Right_Up_Auto3.uasset'
[2025.12.24-01.28.42:215][ 71]OBJ SavePackage: Generating thumbnails for [1] asset(s) in package [/Game/AnimStarterPack/AimPoses/Aim_Right_Down] ([1] browsable assets)...
[2025.12.24-01.28.42:219][ 71]OBJ SavePackage:     Rendered thumbnail for [AnimSequence /Game/AnimStarterPack/AimPoses/Aim_Right_Down.Aim_Right_Down]
[2025.12.24-01.28.42:219][ 71]OBJ SavePackage: Finished generating thumbnails for package [/Game/AnimStarterPack/AimPoses/Aim_Right_Down]
[2025.12.24-01.28.42:223][ 71]LogSavePackage: Moving '../../../../../../UEProject/UnrealLearn/MyProject/Saved/Aim_Right_Down_Auto30EFEF03A4AEA65AB8EA5D78069050DFF.tmp' to '../../../../../../UEProject/UnrealLearn/MyProject/Saved/Autosaves/Game/AnimStarterPack/AimPoses/Aim_Right_Down_Auto3.uasset'
[2025.12.24-01.28.42:224][ 71]LogFileHelpers: Auto-saving content packages took 0.084
[2025.12.24-01.28.52:944][554]Cmd: OBJ SAVEPACKAGE PACKAGE="/Game/AnimStarterPack/AimPoses/Aim_Center" FILE="../../../../../../UEProject/UnrealLearn/MyProject/Content/AnimStarterPack/AimPoses/Aim_Center.uasset" SILENT=true
[2025.12.24-01.28.52:945][554]LogSavePackage: Moving '../../../../../../UEProject/UnrealLearn/MyProject/Saved/Aim_Center0652742D4CEE8A67D9A56E821A2D90D6.tmp' to '../../../../../../UEProject/UnrealLearn/MyProject/Content/AnimStarterPack/AimPoses/Aim_Center.uasset'
[2025.12.24-01.28.52:946][554]Cmd: OBJ SAVEPACKAGE PACKAGE="/Game/AnimStarterPack/AimPoses/Aim_Center_Down" FILE="../../../../../../UEProject/UnrealLearn/MyProject/Content/AnimStarterPack/AimPoses/Aim_Center_Down.uasset" SILENT=true
[2025.12.24-01.28.52:947][554]LogSavePackage: Moving '../../../../../../UEProject/UnrealLearn/MyProject/Saved/Aim_Center_DownA1C3DA9347F66817727388B894BEA11F.tmp' to '../../../../../../UEProject/UnrealLearn/MyProject/Content/AnimStarterPack/AimPoses/Aim_Center_Down.uasset'
[2025.12.24-01.28.52:947][554]Cmd: OBJ SAVEPACKAGE PACKAGE="/Game/AnimStarterPack/AimPoses/Aim_Center_Up" FILE="../../../../../../UEProject/UnrealLearn/MyProject/Content/AnimStarterPack/AimPoses/Aim_Center_Up.uasset" SILENT=true
[2025.12.24-01.28.52:948][554]LogSavePackage: Moving '../../../../../../UEProject/UnrealLearn/MyProject/Saved/Aim_Center_Up7D3B746F46FFCF8E179A3EB00C5E3BF5.tmp' to '../../../../../../UEProject/UnrealLearn/MyProject/Content/AnimStarterPack/AimPoses/Aim_Center_Up.uasset'
[2025.12.24-01.28.52:948][554]Cmd: OBJ SAVEPACKAGE PACKAGE="/Game/AnimStarterPack/AimPoses/Aim_Left_Center" FILE="../../../../../../UEProject/UnrealLearn/MyProject/Content/AnimStarterPack/AimPoses/Aim_Left_Center.uasset" SILENT=true
[2025.12.24-01.28.52:949][554]LogSavePackage: Moving '../../../../../../UEProject/UnrealLearn/MyProject/Saved/Aim_Left_CenterF59409A343478C1FA987F7A45BDA67C5.tmp' to '../../../../../../UEProject/UnrealLearn/MyProject/Content/AnimStarterPack/AimPoses/Aim_Left_Center.uasset'
[2025.12.24-01.28.52:949][554]Cmd: OBJ SAVEPACKAGE PACKAGE="/Game/AnimStarterPack/AimPoses/Aim_Left_Down" FILE="../../../../../../UEProject/UnrealLearn/MyProject/Content/AnimStarterPack/AimPoses/Aim_Left_Down.uasset" SILENT=true
[2025.12.24-01.28.52:951][554]LogSavePackage: Moving '../../../../../../UEProject/UnrealLearn/MyProject/Saved/Aim_Left_DownE590A8A5416C00DB6B0B16B99E3A33D8.tmp' to '../../../../../../UEProject/UnrealLearn/MyProject/Content/AnimStarterPack/AimPoses/Aim_Left_Down.uasset'
[2025.12.24-01.28.52:952][554]Cmd: OBJ SAVEPACKAGE PACKAGE="/Game/AnimStarterPack/AimPoses/Aim_Left_Up" FILE="../../../../../../UEProject/UnrealLearn/MyProject/Content/AnimStarterPack/AimPoses/Aim_Left_Up.uasset" SILENT=true
[2025.12.24-01.28.52:953][554]LogSavePackage: Moving '../../../../../../UEProject/UnrealLearn/MyProject/Saved/Aim_Left_Up9110124C48AD423EEC9421899851BA7A.tmp' to '../../../../../../UEProject/UnrealLearn/MyProject/Content/AnimStarterPack/AimPoses/Aim_Left_Up.uasset'
[2025.12.24-01.28.52:954][554]Cmd: OBJ SAVEPACKAGE PACKAGE="/Game/AnimStarterPack/AimPoses/Aim_Right_Center" FILE="../../../../../../UEProject/UnrealLearn/MyProject/Content/AnimStarterPack/AimPoses/Aim_Right_Center.uasset" SILENT=true
[2025.12.24-01.28.52:955][554]LogSavePackage: Moving '../../../../../../UEProject/UnrealLearn/MyProject/Saved/Aim_Right_Center318E78334B62FE7DF713628520490D78.tmp' to '../../../../../../UEProject/UnrealLearn/MyProject/Content/AnimStarterPack/AimPoses/Aim_Right_Center.uasset'
[2025.12.24-01.28.52:955][554]Cmd: OBJ SAVEPACKAGE PACKAGE="/Game/AnimStarterPack/AimPoses/Aim_Right_Down" FILE="../../../../../../UEProject/UnrealLearn/MyProject/Content/AnimStarterPack/AimPoses/Aim_Right_Down.uasset" SILENT=true
[2025.12.24-01.28.52:956][554]LogSavePackage: Moving '../../../../../../UEProject/UnrealLearn/MyProject/Saved/Aim_Right_Down088AB3084268B6955C1EACB0498BFDCB.tmp' to '../../../../../../UEProject/UnrealLearn/MyProject/Content/AnimStarterPack/AimPoses/Aim_Right_Down.uasset'
[2025.12.24-01.28.52:956][554]Cmd: OBJ SAVEPACKAGE PACKAGE="/Game/AnimStarterPack/AimPoses/Aim_Right_Up" FILE="../../../../../../UEProject/UnrealLearn/MyProject/Content/AnimStarterPack/AimPoses/Aim_Right_Up.uasset" SILENT=true
[2025.12.24-01.28.52:957][554]LogSavePackage: Moving '../../../../../../UEProject/UnrealLearn/MyProject/Saved/Aim_Right_Up44F9B3AC47F0F735038BA3B516F3E403.tmp' to '../../../../../../UEProject/UnrealLearn/MyProject/Content/AnimStarterPack/AimPoses/Aim_Right_Up.uasset'
[2025.12.24-01.28.52:967][554]AssetCheck: New page: Asset Save: multiple assets
[2025.12.24-01.28.52:967][554]LogContentValidation: Display: Validating AnimSequence /Game/AnimStarterPack/AimPoses/Aim_Left_Up.Aim_Left_Up
[2025.12.24-01.28.52:967][554]LogContentValidation: Display: Validating AnimSequence /Game/AnimStarterPack/AimPoses/Aim_Center_Down.Aim_Center_Down
[2025.12.24-01.28.52:967][554]LogContentValidation: Display: Validating AnimSequence /Game/AnimStarterPack/AimPoses/Aim_Left_Down.Aim_Left_Down
[2025.12.24-01.28.52:967][554]LogContentValidation: Display: Validating AnimSequence /Game/AnimStarterPack/AimPoses/Aim_Center.Aim_Center
[2025.12.24-01.28.52:967][554]LogContentValidation: Display: Validating AnimSequence /Game/AnimStarterPack/AimPoses/Aim_Center_Up.Aim_Center_Up
[2025.12.24-01.28.52:967][554]LogContentValidation: Display: Validating AnimSequence /Game/AnimStarterPack/AimPoses/Aim_Left_Center.Aim_Left_Center
[2025.12.24-01.28.52:967][554]LogContentValidation: Display: Validating AnimSequence /Game/AnimStarterPack/AimPoses/Aim_Right_Center.Aim_Right_Center
[2025.12.24-01.28.52:967][554]LogContentValidation: Display: Validating AnimSequence /Game/AnimStarterPack/AimPoses/Aim_Right_Up.Aim_Right_Up
[2025.12.24-01.28.52:967][554]LogContentValidation: Display: Validating AnimSequence /Game/AnimStarterPack/AimPoses/Aim_Right_Down.Aim_Right_Down
[2025.12.24-01.28.54:224][702]LogSlate: Window '9 AnimSequence Objects - Property Matrix Editor' being destroyed
[2025.12.24-01.28.54:231][702]LogSlate: Window '9 AnimSequence Objects - Property Matrix Editor' being destroyed
[2025.12.24-01.29.13:885][ 39]LogSlate: Window 'Aim_Right_Up - Property Editor' being destroyed
[2025.12.24-01.29.13:892][ 39]LogSlate: Window 'Aim_Right_Up - Property Editor' being destroyed
[2025.12.24-01.29.20:415][155]LogUObjectHash: Compacting FUObjectHashTables data took   0.41ms
[2025.12.24-01.29.21:995][155]LogSlate: Window 'Save Content' being destroyed
[2025.12.24-01.29.22:023][155]Cmd: OBJ SAVEPACKAGE PACKAGE="/Game/AnimStarterPack/AimPoses/Aim_Space_Hip" FILE="../../../../../../UEProject/UnrealLearn/MyProject/Content/AnimStarterPack/AimPoses/Aim_Space_Hip.uasset" SILENT=true
[2025.12.24-01.29.22:025][155]LogSavePackage: Moving '../../../../../../UEProject/UnrealLearn/MyProject/Saved/Aim_Space_Hip29ABA819452CCF99E706798F382790D7.tmp' to '../../../../../../UEProject/UnrealLearn/MyProject/Content/AnimStarterPack/AimPoses/Aim_Space_Hip.uasset'
[2025.12.24-01.29.22:034][155]AssetCheck: New page: Asset Save: Aim_Space_Hip
[2025.12.24-01.29.22:034][155]LogContentValidation: Display: Validating AnimSequence /Game/AnimStarterPack/AimPoses/Aim_Space_Hip.Aim_Space_Hip
[2025.12.24-01.37.57:725][825]LogUdpMessaging: Warning: UDP messaging encountered an error. Auto repair routine started for reinitialization
[2025.12.24-01.37.59:561][831]FUdpSocketBuilder: Failed to subscribe UdpMessageMulticastSocket to multicast group 230.0.0.1 on interface 0.0.0.0
[2025.12.24-01.37.59:561][831]FUdpSocketBuilder: Failed to create and initialize socket UdpMessageMulticastSocket (last error: 0)
[2025.12.24-01.37.59:561][831]LogUdpMessaging: Warning: StartTransport failed to create multicast socket on 0.0.0.0:0, joined to 230.0.0.1:6666 with TTL 1
[2025.12.24-01.37.59:734][831]LogUdpMessaging: Warning: UDP messaging encountered an error. Auto repair routine started for reinitialization
[2025.12.24-01.39.33:736][740]LogContentBrowser: Deferred new asset file creation: UE4_Mannequin_Skeleton_AimOffset2D
[2025.12.24-01.39.33:751][740]LogContentBrowser: Creating deferred item: UE4_Mannequin_Skeleton_AimOffset2D
[2025.12.24-01.39.37:782][888]LogContentBrowser: Attempting asset rename: UE4_Mannequin_Skeleton_AimOffset2D -> UE4_Mannequin_Skeleton_AimOffset2D
[2025.12.24-01.39.37:793][888]LogContentBrowser: End creating deferred item UE4_Mannequin_Skeleton_AimOffset2D
[2025.12.24-01.39.44:581][252]LogAssetEditorSubsystem: Opening Asset editor for AimOffsetBlendSpace /Game/AnimStarterPack/UE4_Mannequin/Mesh/UE4_Mannequin_Skeleton_AimOffset2D.UE4_Mannequin_Skeleton_AimOffset2D
[2025.12.24-01.39.44:584][252]LogActorComponent: RegisterComponentWithWorld: (/Engine/Transient.World_35:PersistentLevel.AnimationEditorPreviewActor_0.DebugSkelMeshComponent_0) Already registered. Aborting.
[2025.12.24-01.39.44:773][252]LogContentBrowser: Verbose: The majority of assets in the view are of type: AnimSequence
[2025.12.24-01.39.46:259][420]LogSlate: Window 'UE4_Mannequin_Skeleton_AimOffset2D' being destroyed
[2025.12.24-01.39.47:166][526]LogSavePackage: Moving '../../../../../../UEProject/UnrealLearn/MyProject/Saved/UE4_Mannequin_Skeleton_AimOffset4E8F4BC343AB3BAF39B063B54A01B637.tmp' to '../../../../../../UEProject/UnrealLearn/MyProject/Content/AnimStarterPack/UE4_Mannequin/Mesh/UE4_Mannequin_Skeleton_AimOffset2D.uasset'
[2025.12.24-01.39.47:179][526]AssetCheck: New page: Asset Save: UE4_Mannequin_Skeleton_AimOffset2D
[2025.12.24-01.39.47:179][526]LogContentValidation: Display: Validating AimOffsetBlendSpace /Game/AnimStarterPack/UE4_Mannequin/Mesh/UE4_Mannequin_Skeleton_AimOffset2D.UE4_Mannequin_Skeleton_AimOffset2D
[2025.12.24-01.45.23:775][478]LogWorld: UWorld::CleanupWorld for World_35, bSessionEnded=true, bCleanupResources=true
[2025.12.24-01.45.23:775][478]LogSlate: InvalidateAllWidgets triggered.  All widgets were invalidated
[2025.12.24-01.45.23:817][478]LogWorld: UWorld::CleanupWorld for World_36, bSessionEnded=true, bCleanupResources=true
[2025.12.24-01.45.23:817][478]LogSlate: InvalidateAllWidgets triggered.  All widgets were invalidated
[2025.12.24-01.45.39:295][696]LogAssetEditorSubsystem: Opening Asset editor for AimOffsetBlendSpace /Game/AnimStarterPack/UE4_Mannequin/Mesh/UE4_Mannequin_Skeleton_AimOffset2D.UE4_Mannequin_Skeleton_AimOffset2D
[2025.12.24-01.45.39:297][696]LogActorComponent: RegisterComponentWithWorld: (/Engine/Transient.World_37:PersistentLevel.AnimationEditorPreviewActor_0.DebugSkelMeshComponent_0) Already registered. Aborting.
[2025.12.24-01.45.39:427][696]LogContentBrowser: Verbose: The majority of assets in the view are of type: AnimSequence
[2025.12.24-01.47.19:841][305]LogSavePackage: Moving '../../../../../../UEProject/UnrealLearn/MyProject/Saved/UE4_Mannequin_Skeleton_AimOffsetFD94C7D04941154C97CFF9A3C45F99DD.tmp' to '../../../../../../UEProject/UnrealLearn/MyProject/Content/AnimStarterPack/UE4_Mannequin/Mesh/UE4_Mannequin_Skeleton_AimOffset2D.uasset'
[2025.12.24-01.47.19:854][305]AssetCheck: New page: Asset Save: UE4_Mannequin_Skeleton_AimOffset2D
[2025.12.24-01.47.19:854][305]LogContentValidation: Display: Validating AimOffsetBlendSpace /Game/AnimStarterPack/UE4_Mannequin/Mesh/UE4_Mannequin_Skeleton_AimOffset2D.UE4_Mannequin_Skeleton_AimOffset2D
[2025.12.24-01.47.20:459][376]LogWorld: UWorld::CleanupWorld for World_37, bSessionEnded=true, bCleanupResources=true
[2025.12.24-01.47.20:459][376]LogSlate: InvalidateAllWidgets triggered.  All widgets were invalidated
[2025.12.24-01.47.20:498][376]LogWorld: UWorld::CleanupWorld for World_38, bSessionEnded=true, bCleanupResources=true
[2025.12.24-01.47.20:498][376]LogSlate: InvalidateAllWidgets triggered.  All widgets were invalidated
[2025.12.24-01.47.21:397][480]LogUObjectHash: Compacting FUObjectHashTables data took   0.46ms
[2025.12.24-01.47.21:409][480]LogSavePackage: Moving '../../../../../../UEProject/UnrealLearn/MyProject/Saved/ThirdPersonExampleMap689E23BE4B81FE8A232F1E8995CD7866.tmp' to '../../../../../../UEProject/UnrealLearn/MyProject/Content/ThirdPersonBP/Maps/ThirdPersonExampleMap.umap'
[2025.12.24-01.47.21:437][480]LogSavePackage: Moving '../../../../../../UEProject/UnrealLearn/MyProject/Saved/ThirdPersonExampleMap_BuiltDataB64FEFF247B8F4E713DEABBEDE196B0A.tmp' to '../../../../../../UEProject/UnrealLearn/MyProject/Content/ThirdPersonBP/Maps/ThirdPersonExampleMap_BuiltData.uasset'
[2025.12.24-01.47.21:446][480]AssetCheck: New page: Asset Save: multiple assets
[2025.12.24-01.47.21:446][480]LogContentValidation: Display: Validating MapBuildDataRegistry /Game/ThirdPersonBP/Maps/ThirdPersonExampleMap_BuiltData.ThirdPersonExampleMap_BuiltData
[2025.12.24-01.47.21:446][480]LogContentValidation: Display: Validating World /Game/ThirdPersonBP/Maps/ThirdPersonExampleMap.ThirdPersonExampleMap
[2025.12.24-01.47.23:539][731]LogUObjectHash: Compacting FUObjectHashTables data took   0.42ms
[2025.12.24-01.47.23:568][731]LogSlate: Window 'MyProject - Unreal Editor' being destroyed
[2025.12.24-01.47.23:672][732]Cmd: QUIT_EDITOR
[2025.12.24-01.47.23:672][732]LogCore: Engine exit requested (reason: UUnrealEdEngine::CloseEditor())
[2025.12.24-01.47.23:675][732]LogCore: Engine exit requested (reason: EngineExit() was called; note: exit was already requested)
[2025.12.24-01.47.23:679][732]LogAudio: Display: Beginning Audio Device Manager Shutdown (Module: AudioMixerXAudio2)...
[2025.12.24-01.47.23:679][732]LogAudio: Display: Destroying 1 Remaining Audio Device(s)...
[2025.12.24-01.47.23:679][732]LogAudio: Display: Audio Device unregistered from world 'ThirdPersonExampleMap'.
[2025.12.24-01.47.23:681][732]LogAudioMixer: FMixerPlatformXAudio2::StopAudioStream() called
[2025.12.24-01.47.23:683][732]LogAudioMixer: FMixerPlatformXAudio2::StopAudioStream() called
[2025.12.24-01.47.23:688][732]LogAudio: Display: Audio Device Manager Shutdown
[2025.12.24-01.47.23:693][732]LogWindowsTextInputMethodSystem: Display: IME system activated using TSF (搜狗拼音输入法).
[2025.12.24-01.47.23:698][732]LogExit: Preparing to exit.
[2025.12.24-01.47.23:705][732]LogUObjectHash: Compacting FUObjectHashTables data took   0.48ms
[2025.12.24-01.47.24:665][732]LogWorld: UWorld::CleanupWorld for World_3, bSessionEnded=true, bCleanupResources=true
[2025.12.24-01.47.24:665][732]LogWorld: UWorld::CleanupWorld for World_0, bSessionEnded=true, bCleanupResources=true
[2025.12.24-01.47.24:665][732]LogWorld: UWorld::CleanupWorld for World_34, bSessionEnded=true, bCleanupResources=true
[2025.12.24-01.47.24:665][732]LogWorld: UWorld::CleanupWorld for World_4, bSessionEnded=true, bCleanupResources=true
[2025.12.24-01.47.24:684][732]LogDemo: Cleaned up 0 splitscreen connections with owner deletion
[2025.12.24-01.47.24:694][732]LogWorld: UWorld::CleanupWorld for None, bSessionEnded=true, bCleanupResources=true
[2025.12.24-01.47.24:694][732]LogExit: Editor shut down
[2025.12.24-01.47.24:697][732]LogExit: Transaction tracking system shut down
[2025.12.24-01.47.24:948][732]LogExit: Object subsystem successfully closed.
[2025.12.24-01.47.24:975][732]LogShaderCompilers: Display: === FShaderJobCache stats ===
[2025.12.24-01.47.24:975][732]LogShaderCompilers: Display: Total job queries 0, among them cache hits 0 (0.00%)
[2025.12.24-01.47.24:975][732]LogShaderCompilers: Display: Tracking 0 distinct input hashes that result in 0 distinct outputs (0.00%)
[2025.12.24-01.47.24:975][732]LogShaderCompilers: Display: RAM used: 0.00 MB (0.00 GB) of 716.80 MB (0.70 GB) budget. Usage: 0.00%
[2025.12.24-01.47.24:975][732]LogShaderCompilers: Display: ================================================
[2025.12.24-01.47.24:996][732]LogShaderCompilers: Display: Shaders left to compile 0
[2025.12.24-01.47.25:036][732]LogModuleManager: Shutting down and abandoning module SequencerWidgets (894)
[2025.12.24-01.47.25:036][732]LogModuleManager: Shutting down and abandoning module PinnedCommandList (892)
[2025.12.24-01.47.25:036][732]LogModuleManager: Shutting down and abandoning module SkeletonEditor (890)
[2025.12.24-01.47.25:036][732]LogModuleManager: Shutting down and abandoning module AnimationEditor (888)
[2025.12.24-01.47.25:036][732]LogModuleManager: Shutting down and abandoning module HierarchicalLODOutliner (886)
[2025.12.24-01.47.25:036][732]LogModuleManager: Shutting down and abandoning module SceneOutliner (884)
[2025.12.24-01.47.25:036][732]LogModuleManager: Shutting down and abandoning module AddContentDialog (882)
[2025.12.24-01.47.25:037][732]LogModuleManager: Shutting down and abandoning module WidgetCarousel (881)
[2025.12.24-01.47.25:037][732]LogModuleManager: Shutting down and abandoning module EditorWidgets (878)
[2025.12.24-01.47.25:037][732]LogModuleManager: Shutting down and abandoning module StatsViewer (876)
[2025.12.24-01.47.25:038][732]LogModuleManager: Shutting down and abandoning module PIEPreviewDeviceProfileSelector (874)
[2025.12.24-01.47.25:038][732]LogModuleManager: Shutting down and abandoning module SequenceRecorderSections (872)
[2025.12.24-01.47.25:038][732]LogModuleManager: Shutting down and abandoning module AutomationWorker (870)
[2025.12.24-01.47.25:038][732]LogModuleManager: Shutting down and abandoning module SteamVREditor (868)
[2025.12.24-01.47.25:038][732]LogModuleManager: Shutting down and abandoning module OculusMR (866)
[2025.12.24-01.47.25:038][732]LogModuleManager: Shutting down and abandoning module RiderLC (864)
[2025.12.24-01.47.25:038][732]LogModuleManager: Shutting down and abandoning module RiderShaderInfo (862)
[2025.12.24-01.47.25:038][732]LogModuleManager: Shutting down and abandoning module OpenXRInput (860)
[2025.12.24-01.47.25:038][732]LogModuleManager: Shutting down and abandoning module PlanarCut (858)
[2025.12.24-01.47.25:039][732]LogModuleManager: Shutting down and abandoning module CharacterAI (856)
[2025.12.24-01.47.25:039][732]LogModuleManager: Shutting down and abandoning module GooglePADEditor (854)
[2025.12.24-01.47.25:039][732]LogModuleManager: Shutting down and abandoning module AudioCaptureEditor (852)
[2025.12.24-01.47.25:039][732]LogModuleManager: Shutting down and abandoning module TakeRecorderSources (850)
[2025.12.24-01.47.25:039][732]LogModuleManager: Shutting down and abandoning module TakeRecorder (849)
[2025.12.24-01.47.25:040][732]LogModuleManager: Shutting down and abandoning module TakeTrackRecorders (846)
[2025.12.24-01.47.25:040][732]LogModuleManager: Shutting down and abandoning module TakesCore (844)
[2025.12.24-01.47.25:040][732]LogModuleManager: Shutting down and abandoning module MediaPlayerEditor (842)
[2025.12.24-01.47.25:041][732]LogModuleManager: Shutting down and abandoning module WmfMediaFactory (840)
[2025.12.24-01.47.25:041][732]LogModuleManager: Shutting down and abandoning module WmfMediaEditor (838)
[2025.12.24-01.47.25:041][732]LogModuleManager: Shutting down and abandoning module WebMMediaFactory (836)
[2025.12.24-01.47.25:041][732]LogModuleManager: Shutting down and abandoning module WebMMediaEditor (834)
[2025.12.24-01.47.25:041][732]LogModuleManager: Shutting down and abandoning module WebMMedia (832)
[2025.12.24-01.47.25:041][732]LogModuleManager: Shutting down and abandoning module MediaCompositingEditor (830)
[2025.12.24-01.47.25:041][732]LogModuleManager: Shutting down and abandoning module SequenceRecorder (829)
[2025.12.24-01.47.25:041][732]LogModuleManager: Shutting down and abandoning module OpenExrWrapper (826)
[2025.12.24-01.47.25:041][732]LogModuleManager: Shutting down and abandoning module ImgMediaFactory (824)
[2025.12.24-01.47.25:041][732]LogModuleManager: Shutting down and abandoning module ImgMediaEditor (822)
[2025.12.24-01.47.25:041][732]LogModuleManager: Shutting down and abandoning module AvfMediaFactory (820)
[2025.12.24-01.47.25:041][732]LogModuleManager: Shutting down and abandoning module AvfMediaEditor (818)
[2025.12.24-01.47.25:041][732]LogModuleManager: Shutting down and abandoning module AndroidMediaFactory (816)
[2025.12.24-01.47.25:041][732]LogModuleManager: Shutting down and abandoning module AndroidMediaEditor (814)
[2025.12.24-01.47.25:041][732]LogModuleManager: Shutting down and abandoning module MagicLeapMediaCodecFactory (812)
[2025.12.24-01.47.25:041][732]LogModuleManager: Shutting down and abandoning module MagicLeapMediaFactory (810)
[2025.12.24-01.47.25:041][732]LogModuleManager: Shutting down and abandoning module MagicLeapMediaEditor (808)
[2025.12.24-01.47.25:041][732]LogModuleManager: Shutting down and abandoning module TemplateSequenceEditor (806)
[2025.12.24-01.47.25:042][732]LogModuleManager: Shutting down and abandoning module LevelSequenceEditor (804)
[2025.12.24-01.47.25:042][732]LogModuleManager: Shutting down and abandoning module MatineeToLevelSequence (802)
[2025.12.24-01.47.25:042][732]LogModuleManager: Shutting down and abandoning module ActorSequenceEditor (800)
[2025.12.24-01.47.25:043][732]LogModuleManager: Shutting down and abandoning module TextureAlignMode (798)
[2025.12.24-01.47.25:043][732]LogModuleManager: Shutting down and abandoning module BspMode (796)
[2025.12.24-01.47.25:043][732]LogModuleManager: Shutting down and abandoning module GeometryMode (794)
[2025.12.24-01.47.25:043][732]LogModuleManager: Shutting down and abandoning module CameraShakePreviewer (792)
[2025.12.24-01.47.25:043][732]LogModuleManager: Shutting down and abandoning module SmartSnapping (790)
[2025.12.24-01.47.25:043][732]LogModuleManager: Shutting down and abandoning module SessionServices (788)
[2025.12.24-01.47.25:043][732]LogModuleManager: Shutting down and abandoning module MeshPaint (786)
[2025.12.24-01.47.25:044][732]LogModuleManager: Shutting down and abandoning module VirtualTexturingEditor (784)
[2025.12.24-01.47.25:044][732]LogModuleManager: Shutting down and abandoning module FoliageEdit (782)
[2025.12.24-01.47.25:044][732]LogModuleManager: Shutting down and abandoning module LandscapeEditor (780)
[2025.12.24-01.47.25:045][732]LogModuleManager: Shutting down and abandoning module MeshPaintMode (778)
[2025.12.24-01.47.25:045][732]LogModuleManager: Shutting down and abandoning module SceneDepthPickerMode (776)
[2025.12.24-01.47.25:045][732]LogModuleManager: Shutting down and abandoning module ActorPickerMode (774)
[2025.12.24-01.47.25:045][732]LogModuleManager: Shutting down and abandoning module PlacementMode (772)
[2025.12.24-01.47.25:045][732]LogModuleManager: Shutting down and abandoning module ViewportSnapping (770)
[2025.12.24-01.47.25:045][732]LogModuleManager: Shutting down and abandoning module ViewportInteraction (768)
[2025.12.24-01.47.25:045][732]LogModuleManager: Shutting down and abandoning module ClothPainter (766)
[2025.12.24-01.47.25:045][732]LogModuleManager: Shutting down and abandoning module SkeletalMeshEditor (765)
[2025.12.24-01.47.25:046][732]LogModuleManager: Shutting down and abandoning module LogVisualizer (762)
[2025.12.24-01.47.25:046][732]LogModuleManager: Shutting down and abandoning module IntroTutorials (760)
[2025.12.24-01.47.25:047][732]LogModuleManager: Shutting down and abandoning module GameProjectGeneration (759)
[2025.12.24-01.47.25:047][732]LogModuleManager: Shutting down and abandoning module LuminPlatformEditor (756)
[2025.12.24-01.47.25:047][732]LogModuleManager: Shutting down and abandoning module IOSPlatformEditor (754)
[2025.12.24-01.47.25:047][732]LogModuleManager: Shutting down and abandoning module AndroidPlatformEditor (752)
[2025.12.24-01.47.25:047][732]LogModuleManager: Shutting down and abandoning module AndroidDeviceDetection (751)
[2025.12.24-01.47.25:260][732]LogModuleManager: Shutting down and abandoning module WindowsPlatformEditor (748)
[2025.12.24-01.47.25:261][732]LogModuleManager: Shutting down and abandoning module LuminRuntimeSettings (746)
[2025.12.24-01.47.25:261][732]LogModuleManager: Shutting down and abandoning module IOSRuntimeSettings (744)
[2025.12.24-01.47.25:261][732]LogModuleManager: Shutting down and abandoning module AndroidRuntimeSettings (742)
[2025.12.24-01.47.25:261][732]LogModuleManager: Shutting down and abandoning module TraceInsights (740)
[2025.12.24-01.47.25:262][732]MemoryProfiler: Shutdown
[2025.12.24-01.47.25:263][732]NetworkingProfiler: Shutdown
[2025.12.24-01.47.25:263][732]LoadingProfiler: Shutdown
[2025.12.24-01.47.25:263][732]TimingProfiler: Shutdown
[2025.12.24-01.47.25:264][732]LogModuleManager: Shutting down and abandoning module TraceServices (739)
[2025.12.24-01.47.25:265][732]LogModuleManager: Shutting down and abandoning module EditorInteractiveToolsFramework (736)
[2025.12.24-01.47.25:265][732]LogModuleManager: Shutting down and abandoning module TimeManagementEditor (734)
[2025.12.24-01.47.25:265][732]LogModuleManager: Shutting down and abandoning module InputBindingEditor (732)
[2025.12.24-01.47.25:265][732]LogModuleManager: Shutting down and abandoning module MergeActors (730)
[2025.12.24-01.47.25:266][732]LogModuleManager: Shutting down and abandoning module LocalizationDashboard (728)
[2025.12.24-01.47.25:266][732]LogModuleManager: Shutting down and abandoning module LocalizationService (727)
[2025.12.24-01.47.25:266][732]LogModuleManager: Shutting down and abandoning module HardwareTargeting (724)
[2025.12.24-01.47.25:266][732]LogModuleManager: Shutting down and abandoning module DeviceProfileEditor (722)
[2025.12.24-01.47.25:266][732]LogModuleManager: Shutting down and abandoning module UndoHistory (720)
[2025.12.24-01.47.25:266][732]LogModuleManager: Shutting down and abandoning module XmlParser (718)
[2025.12.24-01.47.25:266][732]LogModuleManager: Shutting down and abandoning module Blutility (716)
[2025.12.24-01.47.25:266][732]LogModuleManager: Shutting down and abandoning module ProjectSettingsViewer (714)
[2025.12.24-01.47.25:267][732]LogModuleManager: Shutting down and abandoning module ProjectTargetPlatformEditor (713)
[2025.12.24-01.47.25:267][732]LogModuleManager: Shutting down and abandoning module EditorSettingsViewer (710)
[2025.12.24-01.47.25:267][732]LogModuleManager: Shutting down and abandoning module InternationalizationSettings (709)
[2025.12.24-01.47.25:267][732]LogModuleManager: Shutting down and abandoning module SettingsEditor (706)
[2025.12.24-01.47.25:267][732]LogModuleManager: Shutting down and abandoning module ProjectLauncher (704)
[2025.12.24-01.47.25:268][732]LogModuleManager: Shutting down and abandoning module SessionFrontend (702)
[2025.12.24-01.47.25:268][732]LogModuleManager: Shutting down and abandoning module ProfilerClient (700)
[2025.12.24-01.47.25:268][732]LogModuleManager: Shutting down and abandoning module DeviceManager (698)
[2025.12.24-01.47.25:268][732]LogModuleManager: Shutting down and abandoning module TargetDeviceServices (697)
[2025.12.24-01.47.25:301][732]LogModuleManager: Shutting down and abandoning module AutomationController (694)
[2025.12.24-01.47.25:301][732]LogModuleManager: Shutting down and abandoning module AutomationWindow (692)
[2025.12.24-01.47.25:302][732]LogModuleManager: Shutting down and abandoning module Layers (690)
[2025.12.24-01.47.25:303][732]LogModuleManager: Shutting down and abandoning module ComponentVisualizers (688)
[2025.12.24-01.47.25:303][732]LogModuleManager: Shutting down and abandoning module DetailCustomizations (686)
[2025.12.24-01.47.25:303][732]LogModuleManager: Shutting down and abandoning module PackagesDialog (684)
[2025.12.24-01.47.25:303][732]LogModuleManager: Shutting down and abandoning module AnimationBlueprintEditor (682)
[2025.12.24-01.47.25:304][732]LogModuleManager: Shutting down and abandoning module Persona (680)
[2025.12.24-01.47.25:304][732]LogModuleManager: Shutting down and abandoning module AdvancedPreviewScene (679)
[2025.12.24-01.47.25:304][732]LogModuleManager: Shutting down and abandoning module AnimGraph (677)
[2025.12.24-01.47.25:305][732]LogModuleManager: Shutting down and abandoning module Kismet (674)
[2025.12.24-01.47.25:305][732]LogModuleManager: Shutting down and abandoning module KismetWidgets (673)
[2025.12.24-01.47.25:305][732]LogModuleManager: Shutting down and abandoning module GraphEditor (670)
[2025.12.24-01.47.25:306][732]LogModuleManager: Shutting down and abandoning module StructViewer (668)
[2025.12.24-01.47.25:306][732]LogModuleManager: Shutting down and abandoning module ClassViewer (666)
[2025.12.24-01.47.25:307][732]LogModuleManager: Shutting down and abandoning module Toolbox (664)
[2025.12.24-01.47.25:307][732]LogModuleManager: Shutting down and abandoning module ModuleUI (662)
[2025.12.24-01.47.25:307][732]LogModuleManager: Shutting down and abandoning module OutputLog (660)
[2025.12.24-01.47.25:308][732]LogModuleManager: Shutting down and abandoning module GammaUI (658)
[2025.12.24-01.47.25:308][732]LogModuleManager: Shutting down and abandoning module Documentation (656)
[2025.12.24-01.47.25:308][732]LogModuleManager: Shutting down and abandoning module LiveCoding (654)
[2025.12.24-01.47.25:308][732]LogModuleManager: Shutting down and abandoning module LevelSequence (652)
[2025.12.24-01.47.25:308][732]LogModuleManager: Shutting down and abandoning module MovieSceneTracks (650)
[2025.12.24-01.47.25:308][732]LogModuleManager: Shutting down and abandoning module MovieScene (648)
[2025.12.24-01.47.25:309][732]LogModuleManager: Shutting down and abandoning module StreamingPauseRendering (646)
[2025.12.24-01.47.25:309][732]LogModuleManager: Shutting down and abandoning module LauncherPlatform (644)
[2025.12.24-01.47.25:309][732]LogModuleManager: Shutting down and abandoning module AnalyticsET (642)
[2025.12.24-01.47.25:309][732]LogModuleManager: Shutting down and abandoning module PortalServices (640)
[2025.12.24-01.47.25:309][732]LogModuleManager: Shutting down and abandoning module PortalRpc (638)
[2025.12.24-01.47.25:309][732]LogModuleManager: Shutting down and abandoning module MessagingRpc (636)
[2025.12.24-01.47.25:309][732]LogModuleManager: Shutting down and abandoning module AudioMixerXAudio2 (634)
[2025.12.24-01.47.25:309][732]LogModuleManager: Shutting down and abandoning module AudioMixerCore (633)
[2025.12.24-01.47.25:309][732]LogModuleManager: Shutting down and abandoning module AIModule (630)
[2025.12.24-01.47.25:309][732]LogModuleManager: Shutting down and abandoning module GameplayDebugger (629)
[2025.12.24-01.47.25:309][732]LogModuleManager: Shutting down and abandoning module AITestSuite (627)
[2025.12.24-01.47.25:309][732]LogModuleManager: Shutting down and abandoning module NavigationSystem (625)
[2025.12.24-01.47.25:309][732]LogModuleManager: Shutting down and abandoning module ImageWriteQueue (622)
[2025.12.24-01.47.25:319][732]LogModuleManager: Shutting down and abandoning module ProfilerService (620)
[2025.12.24-01.47.25:481][732]LogModuleManager: Shutting down and abandoning module TaskGraph (618)
[2025.12.24-01.47.25:482][732]LogModuleManager: Shutting down and abandoning module AudioSynesthesiaEditor (616)
[2025.12.24-01.47.25:482][732]LogModuleManager: Shutting down and abandoning module OculusEditor (614)
[2025.12.24-01.47.25:483][732]LogModuleManager: Shutting down and abandoning module OculusInput (612)
[2025.12.24-01.47.25:483][732]LogModuleManager: Shutting down and abandoning module ContentBrowserFileDataSource (610)
[2025.12.24-01.47.25:483][732]LogModuleManager: Shutting down and abandoning module ContentBrowserAssetDataSource (608)
[2025.12.24-01.47.25:483][732]LogModuleManager: Shutting down and abandoning module ContentBrowserClassDataSource (606)
[2025.12.24-01.47.25:483][732]LogModuleManager: Shutting down and abandoning module CollectionManager (605)
[2025.12.24-01.47.25:483][732]LogModuleManager: Shutting down and abandoning module RiderGameControl (602)
[2025.12.24-01.47.25:483][732]LogModuleManager: Shutting down and abandoning module RiderBlueprint (600)
[2025.12.24-01.47.25:483][732]LogModuleManager: Shutting down and abandoning module SynthesisEditor (598)
[2025.12.24-01.47.25:483][732]LogModuleManager: Shutting down and abandoning module Synthesis (596)
[2025.12.24-01.47.25:484][732]LogModuleManager: Shutting down and abandoning module ProceduralMeshComponentEditor (594)
[2025.12.24-01.47.25:484][732]LogModuleManager: Shutting down and abandoning module ProceduralMeshComponent (592)
[2025.12.24-01.47.25:484][732]LogModuleManager: Shutting down and abandoning module OpenXREditor (590)
[2025.12.24-01.47.25:484][732]LogModuleManager: Shutting down and abandoning module MobilePatchingUtils (588)
[2025.12.24-01.47.25:484][732]LogModuleManager: Shutting down and abandoning module MotoSynthEditor (586)
[2025.12.24-01.47.25:484][732]LogModuleManager: Shutting down and abandoning module MotoSynth (584)
[2025.12.24-01.47.25:484][732]LogModuleManager: Shutting down and abandoning module OpenImageDenoise (582)
[2025.12.24-01.47.25:484][732]LogOpenImageDenoise: OIDN shutting down
[2025.12.24-01.47.25:484][732]LogModuleManager: Shutting down and abandoning module GeometryCollectionTracks (580)
[2025.12.24-01.47.25:484][732]LogModuleManager: Shutting down and abandoning module GeometryCollectionSequencer (579)
[2025.12.24-01.47.25:484][732]LogModuleManager: Shutting down and abandoning module GeometryCollectionEditor (576)
[2025.12.24-01.47.25:484][732]LogModuleManager: Shutting down and abandoning module MeshConversion (574)
[2025.12.24-01.47.25:484][732]LogModuleManager: Shutting down and abandoning module DynamicMesh (572)
[2025.12.24-01.47.25:484][732]LogModuleManager: Shutting down and abandoning module GeometryAlgorithms (570)
[2025.12.24-01.47.25:484][732]LogModuleManager: Shutting down and abandoning module GeometricObjects (568)
[2025.12.24-01.47.25:485][732]LogModuleManager: Shutting down and abandoning module GeometryCacheTracks (566)
[2025.12.24-01.47.25:485][732]LogModuleManager: Shutting down and abandoning module GeometryCacheStreamer (564)
[2025.12.24-01.47.25:485][732]LogModuleManager: Shutting down and abandoning module GeometryCacheSequencer (562)
[2025.12.24-01.47.25:485][732]LogModuleManager: Shutting down and abandoning module ChaosSolverEditor (560)
[2025.12.24-01.47.25:485][732]LogModuleManager: Shutting down and abandoning module ChaosClothEditor (558)
[2025.12.24-01.47.25:485][732]LogModuleManager: Shutting down and abandoning module ChaosNiagara (556)
[2025.12.24-01.47.25:485][732]LogModuleManager: Shutting down and abandoning module FractureEditor (554)
[2025.12.24-01.47.25:485][732]LogModuleManager: Shutting down and abandoning module GooglePAD (552)
[2025.12.24-01.47.25:485][732]LogModuleManager: Shutting down and abandoning module BackChannel (550)
[2025.12.24-01.47.25:486][732]LogModuleManager: Shutting down and abandoning module AutomationUtilsEditor (548)
[2025.12.24-01.47.25:486][732]LogModuleManager: Shutting down and abandoning module AutomationUtils (546)
[2025.12.24-01.47.25:486][732]LogModuleManager: Shutting down and abandoning module AlembicImporter (544)
[2025.12.24-01.47.25:486][732]LogModuleManager: Shutting down and abandoning module AlembicLibrary (543)
[2025.12.24-01.47.25:486][732]LogModuleManager: Shutting down and abandoning module GeometryCache (542)
[2025.12.24-01.47.25:486][732]LogModuleManager: Shutting down and abandoning module GeometryCacheEd (541)
[2025.12.24-01.47.25:486][732]LogModuleManager: Shutting down and abandoning module EditableMesh (536)
[2025.12.24-01.47.25:486][732]LogModuleManager: Shutting down and abandoning module FieldSystemEngine (535)
[2025.12.24-01.47.25:486][732]LogModuleManager: Shutting down and abandoning module ArchVisCharacter (532)
[2025.12.24-01.47.25:486][732]LogModuleManager: Shutting down and abandoning module AssetTags (530)
[2025.12.24-01.47.25:486][732]LogModuleManager: Shutting down and abandoning module AudioCapture (528)
[2025.12.24-01.47.25:486][732]LogModuleManager: Shutting down and abandoning module AudioCaptureRtAudio (527)
[2025.12.24-01.47.25:486][732]LogModuleManager: Shutting down and abandoning module CustomMeshComponent (524)
[2025.12.24-01.47.25:486][732]LogModuleManager: Shutting down and abandoning module CableComponent (522)
[2025.12.24-01.47.25:486][732]LogModuleManager: Shutting down and abandoning module AppleImageUtilsBlueprintSupport (520)
[2025.12.24-01.47.25:486][732]LogModuleManager: Shutting down and abandoning module AppleImageUtils (518)
[2025.12.24-01.47.25:486][732]LogModuleManager: Shutting down and abandoning module TakeSequencer (516)
[2025.12.24-01.47.25:486][732]LogModuleManager: Shutting down and abandoning module TakeMovieScene (514)
[2025.12.24-01.47.25:486][732]LogModuleManager: Shutting down and abandoning module AndroidPermission (512)
[2025.12.24-01.47.25:486][732]LogModuleManager: Shutting down and abandoning module ActorLayerUtilitiesEditor (510)
[2025.12.24-01.47.25:486][732]LogModuleManager: Shutting down and abandoning module ActorLayerUtilities (508)
[2025.12.24-01.47.25:486][732]LogModuleManager: Shutting down and abandoning module ScreenshotTools (506)
[2025.12.24-01.47.25:486][732]LogModuleManager: Shutting down and abandoning module MediaCompositing (504)
[2025.12.24-01.47.25:486][732]LogModuleManager: Shutting down and abandoning module ImgMedia (502)
[2025.12.24-01.47.25:486][732]LogModuleManager: Shutting down and abandoning module MagicLeapLightEstimation (500)
[2025.12.24-01.47.25:486][732]LogModuleManager: Shutting down and abandoning module MagicLeapSharedWorld (498)
[2025.12.24-01.47.25:486][732]LogModuleManager: Shutting down and abandoning module MagicLeapHelperVulkan (496)
[2025.12.24-01.47.25:486][732]LogModuleManager: Shutting down and abandoning module MagicLeapHelperOpenGL (494)
[2025.12.24-01.47.25:486][732]LogModuleManager: Shutting down and abandoning module MagicLeapAudio (492)
[2025.12.24-01.47.25:486][732]LogModuleManager: Shutting down and abandoning module TemplateSequence (490)
[2025.12.24-01.47.25:486][732]LogModuleManager: Shutting down and abandoning module SpeedTreeImporter (488)
[2025.12.24-01.47.25:486][732]LogModuleManager: Shutting down and abandoning module MaterialAnalyzer (486)
[2025.12.24-01.47.25:487][732]LogModuleManager: Shutting down and abandoning module PluginBrowser (484)
[2025.12.24-01.47.25:487][732]LogModuleManager: Shutting down and abandoning module MobileLauncherProfileWizard (482)
[2025.12.24-01.47.25:488][732]LogModuleManager: Shutting down and abandoning module CryptoKeysOpenSSL (480)
[2025.12.24-01.47.25:488][732]LogModuleManager: Shutting down and abandoning module CryptoKeys (478)
[2025.12.24-01.47.25:488][732]LogModuleManager: Shutting down and abandoning module CurveEditorTools (476)
[2025.12.24-01.47.25:488][732]LogModuleManager: Shutting down and abandoning module VisualStudioCodeSourceCodeAccess (474)
[2025.12.24-01.47.25:488][732]LogModuleManager: Shutting down and abandoning module VisualStudioSourceCodeAccess (472)
[2025.12.24-01.47.25:488][732]LogModuleManager: Shutting down and abandoning module RiderSourceCodeAccess (470)
[2025.12.24-01.47.25:488][732]LogModuleManager: Shutting down and abandoning module UObjectPlugin (468)
[2025.12.24-01.47.25:488][732]LogModuleManager: Shutting down and abandoning module SubversionSourceControl (466)
[2025.12.24-01.47.25:489][732]LogModuleManager: Shutting down and abandoning module PluginUtils (464)
[2025.12.24-01.47.25:489][732]LogModuleManager: Shutting down and abandoning module PlasticSourceControl (462)
[2025.12.24-01.47.25:489][732]LogModuleManager: Shutting down and abandoning module GitSourceControl (460)
[2025.12.24-01.47.25:490][732]LogModuleManager: Shutting down and abandoning module PerforceSourceControl (458)
[2025.12.24-01.47.25:491][732]LogModuleManager: Shutting down and abandoning module SourceControl (457)
[2025.12.24-01.47.25:491][732]LogModuleManager: Shutting down and abandoning module VariantManagerContentEditor (454)
[2025.12.24-01.47.25:491][732]LogModuleManager: Shutting down and abandoning module CLionSourceCodeAccess (452)
[2025.12.24-01.47.25:491][732]LogModuleManager: Shutting down and abandoning module DatasmithContentEditor (450)
[2025.12.24-01.47.25:491][732]LogModuleManager: Shutting down and abandoning module AnimationSharingEd (448)
[2025.12.24-01.47.25:491][732]LogModuleManager: Shutting down and abandoning module NiagaraEditorWidgets (446)
[2025.12.24-01.47.25:492][732]LogModuleManager: Shutting down and abandoning module OodleNetworkHandlerComponent (444)
[2025.12.24-01.47.25:492][732]LogModuleManager: Shutting down and abandoning module LiveLinkSequencer (442)
[2025.12.24-01.47.25:492][732]LogModuleManager: Shutting down and abandoning module LiveLinkMovieScene (440)
[2025.12.24-01.47.25:492][732]LogModuleManager: Shutting down and abandoning module LiveLinkGraphNode (438)
[2025.12.24-01.47.25:492][732]LogModuleManager: Shutting down and abandoning module LiveLinkEditor (436)
[2025.12.24-01.47.25:492][732]LogModuleManager: Shutting down and abandoning module LiveLinkComponents (434)
[2025.12.24-01.47.25:492][732]LogModuleManager: Shutting down and abandoning module LiveLink (432)
[2025.12.24-01.47.25:774][732]LogModuleManager: Shutting down and abandoning module LightPropagationVolumeEditor (430)
[2025.12.24-01.47.25:774][732]LogModuleManager: Shutting down and abandoning module PaperTiledImporter (428)
[2025.12.24-01.47.25:774][732]LogModuleManager: Shutting down and abandoning module PaperSpriteSheetImporter (426)
[2025.12.24-01.47.25:774][732]LogModuleManager: Shutting down and abandoning module Paper2DEditor (424)
[2025.12.24-01.47.25:775][732]LogModuleManager: Shutting down and abandoning module MeshPaintingToolset (422)
[2025.12.24-01.47.25:775][732]LogModuleManager: Shutting down and abandoning module MeshPaintEditorMode (420)
[2025.12.24-01.47.25:775][732]LogModuleManager: Shutting down and abandoning module RiderDebuggerSupport (418)
[2025.12.24-01.47.25:775][732]LogModuleManager: Shutting down and abandoning module RiderLogging (416)
[2025.12.24-01.47.25:776][732]LogModuleManager: Shutting down and abandoning module RiderLink (414)
[2025.12.24-01.47.25:779][732]LogModuleManager: Shutting down and abandoning module RD (412)
[2025.12.24-01.47.25:779][732]LogModuleManager: Shutting down and abandoning module SoundFields (410)
[2025.12.24-01.47.25:779][732]LogModuleManager: Shutting down and abandoning module RuntimePhysXCooking (408)
[2025.12.24-01.47.25:779][732]LogModuleManager: Shutting down and abandoning module SignificanceManager (406)
[2025.12.24-01.47.25:779][732]LogModuleManager: Shutting down and abandoning module PhysXVehiclesEditor (404)
[2025.12.24-01.47.25:779][732]LogModuleManager: Shutting down and abandoning module PropertyAccessEditor (400)
[2025.12.24-01.47.25:779][732]LogModuleManager: Shutting down and abandoning module LocationServicesBPLibrary (398)
[2025.12.24-01.47.25:779][732]LogModuleManager: Shutting down and abandoning module PythonScriptPlugin (396)
[2025.12.24-01.47.25:779][732]LogModuleManager: Shutting down and abandoning module AudioSynesthesia (394)
[2025.12.24-01.47.25:779][732]LogModuleManager: Shutting down and abandoning module AudioSynesthesiaCore (392)
[2025.12.24-01.47.25:779][732]LogModuleManager: Shutting down and abandoning module ImgMediaEngine (390)
[2025.12.24-01.47.25:779][732]LogModuleManager: Shutting down and abandoning module MagicLeapARPin (388)
[2025.12.24-01.47.25:779][732]LogModuleManager: Shutting down and abandoning module MagicLeapHandMeshing (386)
[2025.12.24-01.47.25:779][732]LogModuleManager: Shutting down and abandoning module MagicLeapSecureStorage (384)
[2025.12.24-01.47.25:779][732]LogModuleManager: Shutting down and abandoning module MagicLeapPrivileges (382)
[2025.12.24-01.47.25:779][732]LogModuleManager: Shutting down and abandoning module MagicLeapPlanes (380)
[2025.12.24-01.47.25:779][732]LogMagicLeapPlanes: Planes tracker already destroyed.
[2025.12.24-01.47.25:779][732]LogModuleManager: Shutting down and abandoning module MagicLeapImageTracker (378)
[2025.12.24-01.47.25:780][732]LogModuleManager: Shutting down and abandoning module MagicLeapIdentity (376)
[2025.12.24-01.47.25:780][732]LogModuleManager: Shutting down and abandoning module MagicLeapHandTracking (374)
[2025.12.24-01.47.25:780][732]LogModuleManager: Shutting down and abandoning module MagicLeapEyeTracker (372)
[2025.12.24-01.47.25:780][732]LogModuleManager: Shutting down and abandoning module MagicLeapController (370)
[2025.12.24-01.47.25:780][732]LogModuleManager: Shutting down and abandoning module MagicLeapARPinImpl (368)
[2025.12.24-01.47.25:780][732]LogModuleManager: Shutting down and abandoning module MagicLeapAR (366)
[2025.12.24-01.47.25:780][732]LogModuleManager: Shutting down and abandoning module ActorSequence (364)
[2025.12.24-01.47.25:780][732]LogModuleManager: Shutting down and abandoning module DataValidation (362)
[2025.12.24-01.47.25:780][732]LogModuleManager: Shutting down and abandoning module UdpMessaging (360)
[2025.12.24-01.47.25:881][732]LogModuleManager: Shutting down and abandoning module TcpMessaging (358)
[2025.12.24-01.47.25:982][732]LogModuleManager: Shutting down and abandoning module FacialAnimationEditor (356)
[2025.12.24-01.47.25:982][732]LogModuleManager: Shutting down and abandoning module FacialAnimation (354)
[2025.12.24-01.47.25:982][732]LogModuleManager: Shutting down and abandoning module GameplayTagsEditor (352)
[2025.12.24-01.47.25:982][732]LogModuleManager: Shutting down and abandoning module AssetManagerEditor (350)
[2025.12.24-01.47.25:982][732]LogModuleManager: Shutting down and abandoning module LevelEditor (349)
[2025.12.24-01.47.25:984][732]LogModuleManager: Shutting down and abandoning module PixelInspectorModule (348)
[2025.12.24-01.47.25:984][732]LogModuleManager: Shutting down and abandoning module CommonMenuExtensions (346)
[2025.12.24-01.47.25:984][732]LogModuleManager: Shutting down and abandoning module MainFrame (344)
[2025.12.24-01.47.25:985][732]LogModuleManager: Shutting down and abandoning module HotReload (343)
[2025.12.24-01.47.25:985][732]LogModuleManager: Shutting down and abandoning module ToolMenus (339)
[2025.12.24-01.47.25:985][732]LogModuleManager: Shutting down and abandoning module TreeMap (337)
[2025.12.24-01.47.25:985][732]LogModuleManager: Shutting down and abandoning module PropertyAccessNode (334)
[2025.12.24-01.47.25:985][732]LogModuleManager: Shutting down and abandoning module AnimationSharing (332)
[2025.12.24-01.47.25:985][732]LogModuleManager: Shutting down and abandoning module NiagaraAnimNotifies (330)
[2025.12.24-01.47.25:985][732]LogModuleManager: Shutting down and abandoning module Niagara (328)
[2025.12.24-01.47.25:986][732]LogModuleManager: Shutting down and abandoning module SignalProcessing (327)
[2025.12.24-01.47.25:986][732]LogModuleManager: Shutting down and abandoning module NiagaraEditor (325)
[2025.12.24-01.47.25:986][732]LogModuleManager: Shutting down and abandoning module ContentBrowser (324)
[2025.12.24-01.47.25:986][732]LogModuleManager: Shutting down and abandoning module ContentBrowserData (323)
[2025.12.24-01.47.25:986][732]LogModuleManager: Shutting down and abandoning module NiagaraCore (318)
[2025.12.24-01.47.25:986][732]LogModuleManager: Shutting down and abandoning module EnvironmentQueryEditor (316)
[2025.12.24-01.47.25:987][732]LogModuleManager: Shutting down and abandoning module LightPropagationVolumeRuntime (314)
[2025.12.24-01.47.25:987][732]LogModuleManager: Shutting down and abandoning module GameplayCameras (312)
[2025.12.24-01.47.25:987][732]LogModuleManager: Shutting down and abandoning module Paper2D (310)
[2025.12.24-01.47.25:987][732]LogModuleManager: Shutting down and abandoning module WebMMoviePlayer (308)
[2025.12.24-01.47.25:987][732]LogModuleManager: Shutting down and abandoning module WindowsMoviePlayer (306)
[2025.12.24-01.47.25:991][732]LogModuleManager: Shutting down and abandoning module NetworkReplayStreaming (304)
[2025.12.24-01.47.25:991][732]LogModuleManager: Shutting down and abandoning module PacketHandler (302)
[2025.12.24-01.47.25:991][732]LogModuleManager: Shutting down and abandoning module ClothingSystemEditor (300)
[2025.12.24-01.47.25:991][732]LogModuleManager: Shutting down and abandoning module ClothingSystemRuntimeNv (298)
[2025.12.24-01.47.25:991][732]LogModuleManager: Shutting down and abandoning module MediaAssets (296)
[2025.12.24-01.47.25:991][732]LogModuleManager: Shutting down and abandoning module Overlay (294)
[2025.12.24-01.47.25:991][732]LogModuleManager: Shutting down and abandoning module OverlayEditor (293)
[2025.12.24-01.47.25:991][732]LogModuleManager: Shutting down and abandoning module VREditor (290)
[2025.12.24-01.47.25:991][732]LogModuleManager: Shutting down and abandoning module StringTableEditor (288)
[2025.12.24-01.47.25:992][732]LogModuleManager: Shutting down and abandoning module GameplayTasksEditor (286)
[2025.12.24-01.47.25:992][732]LogModuleManager: Shutting down and abandoning module BehaviorTreeEditor (284)
[2025.12.24-01.47.25:992][732]LogModuleManager: Shutting down and abandoning module FunctionalTesting (282)
[2025.12.24-01.47.25:992][732]LogModuleManager: Shutting down and abandoning module CollisionAnalyzer (280)
[2025.12.24-01.47.25:993][732]LogModuleManager: Shutting down and abandoning module WorkspaceMenuStructure (279)
[2025.12.24-01.47.25:993][732]LogModuleManager: Shutting down and abandoning module UMG (276)
[2025.12.24-01.47.25:993][732]LogModuleManager: Shutting down and abandoning module UMGEditor (275)
[2025.12.24-01.47.25:993][732]LogModuleManager: Shutting down and abandoning module MessageLog (273)
[2025.12.24-01.47.25:993][732]LogModuleManager: Shutting down and abandoning module SlateReflector (268)
[2025.12.24-01.47.25:994][732]LogModuleManager: Shutting down and abandoning module Slate (266)
[2025.12.24-01.47.25:994][732]LogModuleManager: Shutting down and abandoning module SlateCore (264)
[2025.12.24-01.47.25:995][732]LogModuleManager: Shutting down and abandoning module LandscapeEditorUtilities (262)
[2025.12.24-01.47.25:995][732]LogModuleManager: Shutting down and abandoning module UnrealEd (260)
[2025.12.24-01.47.25:995][732]LogModuleManager: Shutting down and abandoning module MRMesh (258)
[2025.12.24-01.47.25:995][732]LogModuleManager: Shutting down and abandoning module SourceCodeAccess (256)
[2025.12.24-01.47.25:995][732]LogModuleManager: Shutting down and abandoning module HeadMountedDisplay (254)
[2025.12.24-01.47.25:995][732]LogModuleManager: Shutting down and abandoning module XAudio2 (252)
[2025.12.24-01.47.25:995][732]LogModuleManager: Shutting down and abandoning module Networking (250)
[2025.12.24-01.47.25:995][732]LogModuleManager: Shutting down and abandoning module Core (248)
[2025.12.24-01.47.25:995][732]LogModuleManager: Shutting down and abandoning module MaterialEditor (246)
[2025.12.24-01.47.25:995][732]LogModuleManager: Shutting down and abandoning module MovieSceneTools (244)
[2025.12.24-01.47.25:996][732]LogModuleManager: Shutting down and abandoning module CurveEditor (243)
[2025.12.24-01.47.25:996][732]LogModuleManager: Shutting down and abandoning module Sequencer (241)
[2025.12.24-01.47.25:997][732]LogModuleManager: Shutting down and abandoning module EditorStyle (240)
[2025.12.24-01.47.25:998][732]LogModuleManager: Shutting down and abandoning module KismetCompiler (236)
[2025.12.24-01.47.25:998][732]LogModuleManager: Shutting down and abandoning module MeshBuilder (234)
[2025.12.24-01.47.25:998][732]LogModuleManager: Shutting down and abandoning module MeshUtilities (232)
[2025.12.24-01.47.25:999][732]LogModuleManager: Shutting down and abandoning module MeshMergeUtilities (231)
[2025.12.24-01.47.25:999][732]LogModuleManager: Shutting down and abandoning module MeshReductionInterface (230)
[2025.12.24-01.47.25:999][732]LogModuleManager: Shutting down and abandoning module MeshBoneReduction (229)
[2025.12.24-01.47.25:999][732]LogModuleManager: Shutting down and abandoning module SkeletalMeshReduction (227)
[2025.12.24-01.47.25:999][732]LogModuleManager: Shutting down and abandoning module ProxyLODMeshReduction (225)
[2025.12.24-01.47.25:999][732]LogModuleManager: Shutting down and abandoning module QuadricMeshReduction (223)
[2025.12.24-01.47.26:000][732]LogModuleManager: Shutting down and abandoning module MaterialBaking (219)
[2025.12.24-01.47.26:000][732]LogModuleManager: Shutting down and abandoning module NullInstallBundleManager (214)
[2025.12.24-01.47.26:000][732]LogModuleManager: Shutting down and abandoning module DerivedDataCache (212)
[2025.12.24-01.47.26:000][732]LogModuleManager: Shutting down and abandoning module TargetPlatform (210)
[2025.12.24-01.47.26:000][732]LogModuleManager: Shutting down and abandoning module VulkanShaderFormat (209)
[2025.12.24-01.47.26:001][732]LogModuleManager: Shutting down and abandoning module ShaderFormatVectorVM (207)
[2025.12.24-01.47.26:001][732]LogModuleManager: Shutting down and abandoning module ShaderFormatOpenGL (205)
[2025.12.24-01.47.26:001][732]LogModuleManager: Shutting down and abandoning module ShaderFormatD3D (203)
[2025.12.24-01.47.26:002][732]LogModuleManager: Shutting down and abandoning module MetalShaderFormat (201)
[2025.12.24-01.47.26:002][732]LogModuleManager: Shutting down and abandoning module TextureFormatOodle (199)
[2025.12.24-01.47.26:002][732]LogModuleManager: Shutting down and abandoning module TextureFormatUncompressed (197)
[2025.12.24-01.47.26:002][732]LogModuleManager: Shutting down and abandoning module TextureFormatPVR (195)
[2025.12.24-01.47.26:002][732]LogModuleManager: Shutting down and abandoning module TextureFormatETC2 (193)
[2025.12.24-01.47.26:002][732]LogModuleManager: Shutting down and abandoning module TextureFormatDXT (191)
[2025.12.24-01.47.26:002][732]LogModuleManager: Shutting down and abandoning module TextureFormatIntelISPCTexComp (189)
[2025.12.24-01.47.26:002][732]LogModuleManager: Shutting down and abandoning module TextureFormatASTC (187)
[2025.12.24-01.47.26:002][732]LogModuleManager: Shutting down and abandoning module ImageWrapper (186)
[2025.12.24-01.47.26:002][732]LogModuleManager: Shutting down and abandoning module AudioFormatOpus (183)
[2025.12.24-01.47.26:002][732]LogModuleManager: Shutting down and abandoning module AudioFormatOgg (181)
[2025.12.24-01.47.26:002][732]LogModuleManager: Shutting down and abandoning module AudioFormatADPCM (179)
[2025.12.24-01.47.26:003][732]LogModuleManager: Shutting down and abandoning module WindowsServerTargetPlatform (177)
[2025.12.24-01.47.26:003][732]LogModuleManager: Shutting down and abandoning module WindowsClientTargetPlatform (175)
[2025.12.24-01.47.26:003][732]LogModuleManager: Shutting down and abandoning module WindowsTargetPlatform (173)
[2025.12.24-01.47.26:003][732]LogModuleManager: Shutting down and abandoning module WindowsNoEditorTargetPlatform (171)
[2025.12.24-01.47.26:003][732]LogModuleManager: Shutting down and abandoning module TVOSTargetPlatform (169)
[2025.12.24-01.47.26:004][732]LogModuleManager: Shutting down and abandoning module MacServerTargetPlatform (167)
[2025.12.24-01.47.26:004][732]LogModuleManager: Shutting down and abandoning module MacClientTargetPlatform (165)
[2025.12.24-01.47.26:004][732]LogModuleManager: Shutting down and abandoning module MacTargetPlatform (163)
[2025.12.24-01.47.26:004][732]LogModuleManager: Shutting down and abandoning module MacNoEditorTargetPlatform (161)
[2025.12.24-01.47.26:004][732]LogModuleManager: Shutting down and abandoning module LuminTargetPlatform (159)
[2025.12.24-01.47.26:008][732]LogModuleManager: Shutting down and abandoning module LinuxAArch64ServerTargetPlatform (157)
[2025.12.24-01.47.26:008][732]LogModuleManager: Shutting down and abandoning module LinuxAArch64ClientTargetPlatform (155)
[2025.12.24-01.47.26:008][732]LogModuleManager: Shutting down and abandoning module LinuxAArch64NoEditorTargetPlatform (153)
[2025.12.24-01.47.26:008][732]LogModuleManager: Shutting down and abandoning module LinuxServerTargetPlatform (151)
[2025.12.24-01.47.26:009][732]LogModuleManager: Shutting down and abandoning module LinuxClientTargetPlatform (149)
[2025.12.24-01.47.26:009][732]LogModuleManager: Shutting down and abandoning module LinuxNoEditorTargetPlatform (147)
[2025.12.24-01.47.26:009][732]LogModuleManager: Shutting down and abandoning module LinuxTargetPlatform (145)
[2025.12.24-01.47.26:009][732]LogModuleManager: Shutting down and abandoning module Messaging (143)
[2025.12.24-01.47.26:009][732]LogModuleManager: Shutting down and abandoning module IOSTargetPlatform (141)
[2025.12.24-01.47.26:010][732]LogModuleManager: Shutting down and abandoning module AndroidTargetPlatform (139)
[2025.12.24-01.47.26:022][732]LogModuleManager: Shutting down and abandoning module AllDesktopTargetPlatform (137)
[2025.12.24-01.47.26:022][732]LogModuleManager: Shutting down and abandoning module D3D11RHI (134)
[2025.12.24-01.47.26:022][732]LogModuleManager: Shutting down and abandoning module InputCore (132)
[2025.12.24-01.47.26:022][732]LogModuleManager: Shutting down and abandoning module Settings (130)
[2025.12.24-01.47.26:023][732]LogModuleManager: Shutting down and abandoning module DirectoryWatcher (128)
[2025.12.24-01.47.26:023][732]LogModuleManager: Shutting down and abandoning module PhysXCooking (126)
[2025.12.24-01.47.26:023][732]LogModuleManager: Shutting down and abandoning module Chaos (124)
[2025.12.24-01.47.26:023][732]LogModuleManager: Shutting down and abandoning module WindowsPlatformFeatures (122)
[2025.12.24-01.47.26:024][732]LogModuleManager: Shutting down and abandoning module GameplayMediaEncoder (121)
[2025.12.24-01.47.26:024][732]LogModuleManager: Shutting down and abandoning module AVEncoder (120)
[2025.12.24-01.47.26:024][732]LogModuleManager: Shutting down and abandoning module SteamVRInputDevice (116)
[2025.12.24-01.47.26:024][732]LogModuleManager: Shutting down and abandoning module SteamVRInput (114)
[2025.12.24-01.47.26:024][732]LogModuleManager: Shutting down and abandoning module SteamVR (112)
[2025.12.24-01.47.26:024][732]LogHMD: Freeing OpenVRDLLHandle.
[2025.12.24-01.47.26:024][732]LogModuleManager: Shutting down and abandoning module OculusHMD (110)
[2025.12.24-01.47.26:024][732]LogModuleManager: Shutting down and abandoning module OpenXREyeTracker (108)
[2025.12.24-01.47.26:024][732]LogModuleManager: Shutting down and abandoning module OpenXRHandTracking (106)
[2025.12.24-01.47.26:024][732]LogSlate: Slate User Destroyed.  User Index 0, Is Virtual User: 0
[2025.12.24-01.47.26:024][732]LogModuleManager: Shutting down and abandoning module OpenXRAR (104)
[2025.12.24-01.47.26:025][732]LogModuleManager: Shutting down and abandoning module AugmentedReality (103)
[2025.12.24-01.47.26:025][732]LogModuleManager: Shutting down and abandoning module OpenXRHMD (100)
[2025.12.24-01.47.26:026][732]LogModuleManager: Shutting down and abandoning module ChaosCloth (98)
[2025.12.24-01.47.26:026][732]LogModuleManager: Shutting down and abandoning module ExampleDeviceProfileSelector (96)
[2025.12.24-01.47.26:026][732]LogModuleManager: Shutting down and abandoning module ChunkDownloader (94)
[2025.12.24-01.47.26:026][732]LogModuleManager: Shutting down and abandoning module WmfMedia (92)
[2025.12.24-01.47.26:027][732]LogModuleManager: Shutting down and abandoning module Media (91)
[2025.12.24-01.47.26:028][732]LogModuleManager: Shutting down and abandoning module MediaInfo (90)
[2025.12.24-01.47.26:028][732]LogModuleManager: Shutting down and abandoning module ExrReaderGpu (86)
[2025.12.24-01.47.26:028][732]LogModuleManager: Shutting down and abandoning module MLSDK (84)
[2025.12.24-01.47.26:028][732]LogModuleManager: Shutting down and abandoning module MagicLeap (82)
[2025.12.24-01.47.26:028][732]LogModuleManager: Shutting down and abandoning module OnlineSubsystem (80)
[2025.12.24-01.47.26:030][732]LogModuleManager: Shutting down and abandoning module XMPP (75)
[2025.12.24-01.47.26:031][732]LogModuleManager: Shutting down and abandoning module WebSockets (74)
[2025.12.24-01.47.26:069][732]LogModuleManager: Shutting down and abandoning module HTTP (71)
[2025.12.24-01.47.26:069][732]LogHttp: Display: Http module shutting down, but needs to wait on 1 outstanding Http requests:
[2025.12.24-01.47.26:069][732]LogHttp: Display: 	verb=[POST] url=[https://datarouter.ol.epicgames.com/datarouter/api/v1/public/data?SessionID=%7B77FB4A80-4066-F7C3-015A-2AA3AE769DD5%7D&AppID=UEEditor.Rocket.Release&AppVersion=4.27.2-18319896%2B%2B%2BUE4%2BRelease-4.27&UserID=55c73c474e92d0c37f07ab8febe04a38%7C81d32e9996224e89b0dfec987a357124%7Cdc1b3db0-7ab3-4480-bd05-cd7efc218524&AppEnvironment=datacollector-binary&UploadType=eteventstream] refs=[1] status=Processing
[2025.12.24-01.47.26:069][732]LogHttp: Display: cleaning up 1 outstanding Http requests.
[2025.12.24-01.47.26:091][732]LogModuleManager: Shutting down and abandoning module SSL (70)
[2025.12.24-01.47.26:092][732]LogModuleManager: Shutting down and abandoning module OnlineBlueprintSupport (66)
[2025.12.24-01.47.26:092][732]LogModuleManager: Shutting down and abandoning module LauncherChunkInstaller (62)
[2025.12.24-01.47.26:092][732]LogModuleManager: Shutting down and abandoning module PixWinPlugin (60)
[2025.12.24-01.47.26:093][732]LogModuleManager: Shutting down and abandoning module VariantManagerContent (58)
[2025.12.24-01.47.26:093][732]LogModuleManager: Shutting down and abandoning module DatasmithContent (56)
[2025.12.24-01.47.26:093][732]LogModuleManager: Shutting down and abandoning module NiagaraVertexFactories (54)
[2025.12.24-01.47.26:093][732]LogModuleManager: Shutting down and abandoning module NiagaraShader (52)
[2025.12.24-01.47.26:093][732]LogModuleManager: Shutting down and abandoning module AISupportModule (50)
[2025.12.24-01.47.26:093][732]LogModuleManager: Shutting down and abandoning module DesktopPlatform (48)
[2025.12.24-01.47.26:093][732]LogModuleManager: Shutting down and abandoning module PythonScriptPluginPreload (46)
[2025.12.24-01.47.26:093][732]LogModuleManager: Shutting down and abandoning module PlatformCryptoOpenSSL (44)
[2025.12.24-01.47.26:093][732]LogModuleManager: Shutting down and abandoning module PlatformCryptoTypes (42)
[2025.12.24-01.47.26:093][732]LogModuleManager: Shutting down and abandoning module PlatformCrypto (40)
[2025.12.24-01.47.26:093][732]LogModuleManager: Shutting down and abandoning module OodleDataCompressionFormat (38)
[2025.12.24-01.47.26:094][732]LogModuleManager: Shutting down and abandoning module XGEController (36)
[2025.12.24-01.47.26:094][732]LogXGEController: Cleaning working directory: C:/Users/LiamChen/AppData/Local/Temp/UnrealXGEWorkingDir/
[2025.12.24-01.47.26:094][732]LogModuleManager: Shutting down and abandoning module AnimationModifiers (34)
[2025.12.24-01.47.26:094][732]LogModuleManager: Shutting down and abandoning module AudioEditor (32)
[2025.12.24-01.47.26:095][732]LogModuleManager: Shutting down and abandoning module PropertyEditor (31)
[2025.12.24-01.47.26:095][732]LogModuleManager: Shutting down and abandoning module TextureCompressor (28)
[2025.12.24-01.47.26:095][732]LogModuleManager: Shutting down and abandoning module RenderCore (26)
[2025.12.24-01.47.26:095][732]LogModuleManager: Shutting down and abandoning module Landscape (24)
[2025.12.24-01.47.26:095][732]LogModuleManager: Shutting down and abandoning module SlateRHIRenderer (22)
[2025.12.24-01.47.26:096][732]LogModuleManager: Shutting down and abandoning module AnimGraphRuntime (20)
[2025.12.24-01.47.26:096][732]LogModuleManager: Shutting down and abandoning module Renderer (18)
[2025.12.24-01.47.26:097][732]LogModuleManager: Shutting down and abandoning module Engine (16)
[2025.12.24-01.47.26:097][732]LogModuleManager: Shutting down and abandoning module CoreUObject (14)
[2025.12.24-01.47.26:097][732]LogModuleManager: Shutting down and abandoning module NetworkFile (12)
[2025.12.24-01.47.26:097][732]LogModuleManager: Shutting down and abandoning module CookedIterativeFile (10)
[2025.12.24-01.47.26:097][732]LogModuleManager: Shutting down and abandoning module StreamingFile (8)
[2025.12.24-01.47.26:097][732]LogModuleManager: Shutting down and abandoning module SandboxFile (6)
[2025.12.24-01.47.26:097][732]LogModuleManager: Shutting down and abandoning module PakFile (4)
[2025.12.24-01.47.26:097][732]LogModuleManager: Shutting down and abandoning module RSA (3)
[2025.12.24-01.47.26:097][732]LogContentStreaming: Display: There are 1 unreleased StreamingManagers
[2025.12.24-01.47.26:127][732]LogD3D11RHI: Shutdown
[2025.12.24-01.47.26:127][732]LogD3D11RHI: CleanupD3DDevice
[2025.12.24-01.47.26:130][732]LogExit: Exiting.
[2025.12.24-01.47.26:137][732]Log file closed, 12/24/25 10:47:26
