Log file open, 05/29/26 14:48:17
LogWindows: Failed to load 'aqProf.dll' (GetLastError=126)
LogWindows: File 'aqProf.dll' does not exist
LogWindows: Failed to load 'VtuneApi.dll' (GetLastError=126)
LogWindows: File 'VtuneApi.dll' does not exist
LogWindows: Failed to load 'VtuneApi32e.dll' (GetLastError=126)
LogWindows: File 'VtuneApi32e.dll' does not exist
LogConsoleResponse: Display: Failed to find resolution value strings in scalability ini. Falling back to default.
LogConsoleResponse: Display: Failed to find resolution value strings in scalability ini. Falling back to default.
LogInit: Display: Running engine for game: MyProject
LogPlatformFile: Not using cached read wrapper
LogTaskGraph: Started task graph with 5 named threads and 71 total threads with 3 sets of task threads.
LogStats: Stats thread started at 0.181584
LogICUInternationalization: ICU TimeZone Detection - Raw Offset: +9:00, Platform Override: ''
LogInit: Display: Loading text-based GConfig....
LogPluginManager: Mounting plugin MeshPainting
LogPluginManager: Mounting plugin XGEController
LogPluginManager: Mounting plugin Paper2D
LogPluginManager: Mounting plugin LiveLink
LogPluginManager: Mounting plugin EnvironmentQueryEditor
LogPluginManager: Mounting plugin AISupport
LogPluginManager: Mounting plugin LightPropagationVolume
LogPluginManager: Mounting plugin OodleData
LogPluginManager: Mounting plugin GameplayCameras
LogPluginManager: Mounting plugin CameraShakePreviewer
LogPluginManager: Mounting plugin AssetManagerEditor
LogPluginManager: Mounting plugin CurveEditorTools
LogPluginManager: Mounting plugin CryptoKeys
LogPluginManager: Mounting plugin DataValidation
LogPluginManager: Mounting plugin GameplayTagsEditor
LogPluginManager: Mounting plugin FacialAnimation
LogPluginManager: Mounting plugin GeometryMode
LogPluginManager: Mounting plugin MacGraphicsSwitching
LogPluginManager: Mounting plugin MaterialAnalyzer
LogPluginManager: Mounting plugin MobileLauncherProfileWizard
LogPluginManager: Mounting plugin PluginBrowser
LogPluginManager: Mounting plugin AnimationSharing
LogPluginManager: Mounting plugin SpeedTreeImporter
LogPluginManager: Mounting plugin AlembicImporter
LogPluginManager: Mounting plugin AutomationUtils
LogPluginManager: Mounting plugin BackChannel
LogPluginManager: Mounting plugin ChaosClothEditor
LogPluginManager: Mounting plugin ChaosCloth
LogPluginManager: Mounting plugin ChaosEditor
LogPluginManager: Mounting plugin ChaosNiagara
LogPluginManager: Mounting plugin ChaosSolverPlugin
LogPluginManager: Mounting plugin CharacterAI
LogPluginManager: Mounting plugin GeometryCache
LogPluginManager: Mounting plugin GeometryProcessing
LogPluginManager: Mounting plugin GeometryCollectionPlugin
LogPluginManager: Mounting plugin MotoSynth
LogPluginManager: Mounting plugin OpenImageDenoise
LogPluginManager: Mounting plugin PlanarCut
LogPluginManager: Mounting plugin ProxyLODPlugin
LogPluginManager: Mounting plugin PlatformCrypto
LogPluginManager: Mounting plugin PythonScriptPlugin
LogPluginManager: Mounting plugin SkeletalReduction
LogPluginManager: Mounting plugin Niagara
LogPluginManager: Mounting plugin LuminPlatformFeatures
LogPluginManager: Mounting plugin MagicLeapLightEstimation
LogPluginManager: Mounting plugin MagicLeap
LogPluginManager: Mounting plugin MagicLeapMedia
LogPluginManager: Mounting plugin MLSDK
LogPluginManager: Mounting plugin AndroidMedia
LogPluginManager: Mounting plugin MagicLeapPassableWorld
LogPluginManager: Mounting plugin AvfMedia
LogPluginManager: Mounting plugin MediaPlayerEditor
LogPluginManager: Mounting plugin MediaCompositing
LogPluginManager: Mounting plugin WmfMedia
LogPluginManager: Mounting plugin ImgMedia
LogPluginManager: Mounting plugin TcpMessaging
LogPluginManager: Mounting plugin UdpMessaging
LogPluginManager: Mounting plugin ActorSequence
LogPluginManager: Mounting plugin TemplateSequence
LogPluginManager: Mounting plugin LevelSequenceEditor
LogPluginManager: Mounting plugin WebMMedia
LogPluginManager: Mounting plugin MatineeToLevelSequence
LogPluginManager: Mounting plugin DatasmithContent
LogPluginManager: Mounting plugin OnlineSubsystem
LogPluginManager: Mounting plugin VariantManagerContent
LogPluginManager: Mounting plugin OnlineSubsystemNull
LogPluginManager: Mounting plugin ActorLayerUtilities
LogPluginManager: Mounting plugin OnlineSubsystemUtils
LogPluginManager: Mounting plugin AndroidDeviceProfileSelector
LogPluginManager: Mounting plugin AndroidPermission
LogPluginManager: Mounting plugin AppleImageUtils
LogPluginManager: Mounting plugin ChunkDownloader
LogPluginManager: Mounting plugin CustomMeshComponent
LogPluginManager: Mounting plugin AudioCapture
LogPluginManager: Mounting plugin EditableMesh
LogPluginManager: Mounting plugin GoogleCloudMessaging
LogPluginManager: Mounting plugin AudioSynesthesia
LogPluginManager: Mounting plugin GooglePAD
LogPluginManager: Mounting plugin IOSDeviceProfileSelector
LogPluginManager: Mounting plugin LinuxDeviceProfileSelector
LogPluginManager: Mounting plugin CableComponent
LogPluginManager: Mounting plugin AndroidMoviePlayer
LogPluginManager: Mounting plugin ExampleDeviceProfileSelector
LogPluginManager: Mounting plugin AppleMoviePlayer
LogPluginManager: Mounting plugin MobilePatchingUtils
LogPluginManager: Mounting plugin LocationServicesBPLibrary
LogPluginManager: Mounting plugin OpenXREyeTracker
LogPluginManager: Mounting plugin OpenXR
LogPluginManager: Mounting plugin PostSplashScreen
LogPluginManager: Mounting plugin PropertyAccessEditor
LogPluginManager: Mounting plugin OpenXRHandTracking
LogPluginManager: Mounting plugin PhysXVehicles
LogPluginManager: Mounting plugin AssetTags
LogPluginManager: Mounting plugin RuntimePhysXCooking
LogPluginManager: Mounting plugin ProceduralMeshComponent
LogPluginManager: Mounting plugin ArchVisCharacter
LogPluginManager: Mounting plugin SoundFields
LogPluginManager: Mounting plugin Synthesis
LogPluginManager: Mounting plugin SignificanceManager
LogPluginManager: Mounting plugin WebMMoviePlayer
LogPluginManager: Mounting plugin WindowsMoviePlayer
LogPluginManager: Mounting plugin LauncherChunkInstaller
LogPluginManager: Mounting plugin Takes
LogPluginManager: Mounting plugin OodleNetwork
LogPluginManager: Mounting plugin CLionSourceCodeAccess
LogPluginManager: Mounting plugin GitSourceControl
LogPluginManager: Mounting plugin ScreenshotTools
LogPluginManager: Mounting plugin NullSourceCodeAccess
LogPluginManager: Mounting plugin KDevelopSourceCodeAccess
LogPluginManager: Mounting plugin PlasticSourceControl
LogPluginManager: Mounting plugin PerforceSourceControl
LogPluginManager: Mounting plugin PixWinPlugin
LogPluginManager: Mounting plugin PluginUtils
LogPluginManager: Mounting plugin PropertyAccessNode
LogPluginManager: Mounting plugin CodeLiteSourceCodeAccess
LogPluginManager: Mounting plugin TextureFormatOodle
LogPluginManager: Mounting plugin VisualStudioSourceCodeAccess
LogPluginManager: Mounting plugin SubversionSourceControl
LogPluginManager: Mounting plugin VisualStudioCodeSourceCodeAccess
LogPluginManager: Mounting plugin UObjectPlugin
LogPluginManager: Mounting plugin XCodeSourceCodeAccess
LogPluginManager: Mounting plugin RiderSourceCodeAccess
LogPluginManager: Mounting plugin ContentBrowserAssetDataSource
LogPluginManager: Mounting plugin ContentBrowserClassDataSource
LogPluginManager: Mounting plugin ContentBrowserFileDataSource
LogPluginManager: Mounting plugin RiderLink
LogPluginManager: Mounting plugin OnlineSubsystemGooglePlay
LogPluginManager: Mounting plugin OnlineSubsystemIOS
LogPluginManager: Mounting plugin OculusVR
LogPluginManager: Mounting plugin SteamVR
LogInit: Using libcurl 7.55.1-DEV
LogInit:  - built for x86_64-pc-win32
LogInit:  - supports SSL with OpenSSL/1.1.1
LogInit:  - supports HTTP deflate (compression) using libz 1.2.8
LogInit:  - other features:
LogInit:      CURL_VERSION_SSL
LogInit:      CURL_VERSION_LIBZ
LogInit:      CURL_VERSION_IPV6
LogInit:      CURL_VERSION_ASYNCHDNS
LogInit:      CURL_VERSION_LARGEFILE
LogInit:      CURL_VERSION_IDN
LogInit:  CurlRequestOptions (configurable via config and command line):
LogInit:  - bVerifyPeer = true  - Libcurl will verify peer certificate
LogInit:  - bUseHttpProxy = false  - Libcurl will NOT use HTTP proxy
LogInit:  - bDontReuseConnections = false  - Libcurl will reuse connections
LogInit:  - MaxHostConnections = 16  - Libcurl will limit the number of connections to a host
LogInit:  - LocalHostAddr = Default
LogInit:  - BufferSize = 65536
LogOnline: OSS: Creating online subsystem instance for: NULL
LogInit: WinSock: version 1.1 (2.2), MaxSocks=32767, MaxUdp=65467
LogOnline: OSS: TryLoadSubsystemAndSetDefault: Loaded subsystem for module [NULL]
PixWinPlugin: PIX capture plugin failed to initialize! Check that the process is launched from PIX.
LogOculusPluginWrapper: OculusPlugin initialized successfully
LogHMD: Failed initializing OVRPlugin 1.59.0
LogInit: Build: ++UE4+Release-4.27-CL-18319896
LogInit: Engine Version: 4.27.2-18319896+++UE4+Release-4.27
LogInit: Compatible Engine Version: 4.27.0-17155196+++UE4+Release-4.27
LogInit: Net CL: 17155196
LogInit: OS: Windows 10 (Release 2009) (), CPU: 13th Gen Intel(R) Core(TM) i7-13700, GPU: Intel(R) UHD Graphics 770
LogInit: Compiled (64-bit): Nov 30 2021 07:12:08
LogInit: Compiled with Visual C++: 19.24.28315.00
LogInit: Build Configuration: Development
LogInit: Branch Name: ++UE4+Release-4.27
LogInit: Command Line: 
LogInit: Base Directory: C:/Program Files/Epic Games/UE_4.27/Engine/Binaries/Win64/
LogInit: Allocator: TBB
LogInit: Installed Engine Build: 1
LogDevObjectVersion: Number of dev versions registered: 29
LogDevObjectVersion:   Dev-Blueprints (B0D832E4-1F89-4F0D-ACCF-7EB736FD4AA2): 10
LogDevObjectVersion:   Dev-Build (E1C64328-A22C-4D53-A36C-8E866417BD8C): 0
LogDevObjectVersion:   Dev-Core (375EC13C-06E4-48FB-B500-84F0262A717E): 4
LogDevObjectVersion:   Dev-Editor (E4B068ED-F494-42E9-A231-DA0B2E46BB41): 40
LogDevObjectVersion:   Dev-Framework (CFFC743F-43B0-4480-9391-14DF171D2073): 37
LogDevObjectVersion:   Dev-Mobile (B02B49B5-BB20-44E9-A304-32B752E40360): 3
LogDevObjectVersion:   Dev-Networking (A4E4105C-59A1-49B5-A7C5-40C4547EDFEE): 0
LogDevObjectVersion:   Dev-Online (39C831C9-5AE6-47DC-9A44-9C173E1C8E7C): 0
LogDevObjectVersion:   Dev-Physics (78F01B33-EBEA-4F98-B9B4-84EACCB95AA2): 14
LogDevObjectVersion:   Dev-Platform (6631380F-2D4D-43E0-8009-CF276956A95A): 0
LogDevObjectVersion:   Dev-Rendering (12F88B9F-8875-4AFC-A67C-D90C383ABD29): 45
LogDevObjectVersion:   Dev-Sequencer (7B5AE74C-D270-4C10-A958-57980B212A5A): 13
LogDevObjectVersion:   Dev-VR (D7296918-1DD6-4BDD-9DE2-64A83CC13884): 3
LogDevObjectVersion:   Dev-LoadTimes (C2A15278-BFE7-4AFE-6C17-90FF531DF755): 1
LogDevObjectVersion:   Private-Geometry (6EACA3D4-40EC-4CC1-B786-8BED09428FC5): 3
LogDevObjectVersion:   Dev-AnimPhys (29E575DD-E0A3-4627-9D10-D276232CDCEA): 17
LogDevObjectVersion:   Dev-Anim (AF43A65D-7FD3-4947-9873-3E8ED9C1BB05): 15
LogDevObjectVersion:   Dev-ReflectionCapture (6B266CEC-1EC7-4B8F-A30B-E4D90942FC07): 1
LogDevObjectVersion:   Dev-Automation (0DF73D61-A23F-47EA-B727-89E90C41499A): 1
LogDevObjectVersion:   FortniteMain (601D1886-AC64-4F84-AA16-D3DE0DEAC7D6): 47
LogDevObjectVersion:   FortniteRelease (E7086368-6B23-4C58-8439-1B7016265E91): 1
LogDevObjectVersion:   Dev-Enterprise (9DFFBCD6-494F-0158-E221-12823C92A888): 10
LogDevObjectVersion:   Dev-Niagara (F2AED0AC-9AFE-416F-8664-AA7FFA26D6FC): 1
LogDevObjectVersion:   Dev-Destruction (174F1F0B-B4C6-45A5-B13F-2EE8D0FB917D): 10
LogDevObjectVersion:   Dev-Physics-Ext (35F94A83-E258-406C-A318-09F59610247C): 41
LogDevObjectVersion:   Dev-PhysicsMaterial-Chaos (B68FC16E-8B1B-42E2-B453-215C058844FE): 1
LogDevObjectVersion:   Dev-CineCamera (B2E18506-4273-CFC2-A54E-F4BB758BBA07): 1
LogDevObjectVersion:   Dev-VirtualProduction (64F58936-FD1B-42BA-BA96-7289D5D0FA4E): 1
LogDevObjectVersion:   Dev-MediaFramework (6F0ED827-A609-4895-9C91-998D90180EA4): 2
LogInit: Presizing for max 25165824 objects, including 0 objects not considered by GC, pre-allocating 0 bytes for permanent pool.
LogConfig: Applying CVar settings from Section [/Script/Engine.StreamingSettings] File [C:/UEProject/UnrealLearn/MyProject/Saved/Config/Windows/Engine.ini]
LogConfig: Setting CVar [[s.MinBulkDataSizeForAsyncLoading:131072]]
LogConfig: Setting CVar [[s.AsyncLoadingThreadEnabled:0]]
LogConfig: Setting CVar [[s.EventDrivenLoaderEnabled:1]]
LogConfig: Setting CVar [[s.WarnIfTimeLimitExceeded:0]]
LogConfig: Setting CVar [[s.TimeLimitExceededMultiplier:1.5]]
LogConfig: Setting CVar [[s.TimeLimitExceededMinTime:0.005]]
LogConfig: Setting CVar [[s.UseBackgroundLevelStreaming:1]]
LogConfig: Setting CVar [[s.PriorityAsyncLoadingExtraTime:15.0]]
LogConfig: Setting CVar [[s.LevelStreamingActorsUpdateTimeLimit:5.0]]
LogConfig: Setting CVar [[s.PriorityLevelStreamingActorsUpdateExtraTime:5.0]]
LogConfig: Setting CVar [[s.LevelStreamingComponentsRegistrationGranularity:10]]
LogConfig: Setting CVar [[s.UnregisterComponentsTimeLimit:1.0]]
LogConfig: Setting CVar [[s.LevelStreamingComponentsUnregistrationGranularity:5]]
LogConfig: Setting CVar [[s.FlushStreamingOnExit:1]]
LogInit: Object subsystem initialized
LogConfig: Setting CVar [[con.DebugEarlyDefault:1]]
LogConfig: Setting CVar [[r.setres:1280x720]]
[2026.05.29-05.48.18:147][  0]LogConfig: Setting CVar [[r.VSync:0]]
[2026.05.29-05.48.18:147][  0]LogConfig: Setting CVar [[r.RHICmdBypass:0]]
[2026.05.29-05.48.18:147][  0]LogConfig: Applying CVar settings from Section [/Script/Engine.RendererSettings] File [C:/UEProject/UnrealLearn/MyProject/Saved/Config/Windows/Engine.ini]
[2026.05.29-05.48.18:147][  0]LogConfig: Setting CVar [[r.GPUCrashDebugging:0]]
[2026.05.29-05.48.18:147][  0]LogConfig: Applying CVar settings from Section [/Script/Engine.RendererOverrideSettings] File [C:/UEProject/UnrealLearn/MyProject/Saved/Config/Windows/Engine.ini]
[2026.05.29-05.48.18:147][  0]LogConfig: Applying CVar settings from Section [/Script/Engine.StreamingSettings] File [C:/UEProject/UnrealLearn/MyProject/Saved/Config/Windows/Engine.ini]
[2026.05.29-05.48.18:147][  0]LogConfig: Setting CVar [[s.MinBulkDataSizeForAsyncLoading:131072]]
[2026.05.29-05.48.18:147][  0]LogConfig: Setting CVar [[s.AsyncLoadingThreadEnabled:0]]
[2026.05.29-05.48.18:147][  0]LogConfig: Setting CVar [[s.EventDrivenLoaderEnabled:1]]
[2026.05.29-05.48.18:147][  0]LogConfig: Setting CVar [[s.WarnIfTimeLimitExceeded:0]]
[2026.05.29-05.48.18:147][  0]LogConfig: Setting CVar [[s.TimeLimitExceededMultiplier:1.5]]
[2026.05.29-05.48.18:147][  0]LogConfig: Setting CVar [[s.TimeLimitExceededMinTime:0.005]]
[2026.05.29-05.48.18:147][  0]LogConfig: Setting CVar [[s.UseBackgroundLevelStreaming:1]]
[2026.05.29-05.48.18:147][  0]LogConfig: Setting CVar [[s.PriorityAsyncLoadingExtraTime:15.0]]
[2026.05.29-05.48.18:147][  0]LogConfig: Setting CVar [[s.LevelStreamingActorsUpdateTimeLimit:5.0]]
[2026.05.29-05.48.18:147][  0]LogConfig: Setting CVar [[s.PriorityLevelStreamingActorsUpdateExtraTime:5.0]]
[2026.05.29-05.48.18:147][  0]LogConfig: Setting CVar [[s.LevelStreamingComponentsRegistrationGranularity:10]]
[2026.05.29-05.48.18:147][  0]LogConfig: Setting CVar [[s.UnregisterComponentsTimeLimit:1.0]]
[2026.05.29-05.48.18:147][  0]LogConfig: Setting CVar [[s.LevelStreamingComponentsUnregistrationGranularity:5]]
[2026.05.29-05.48.18:147][  0]LogConfig: Setting CVar [[s.FlushStreamingOnExit:1]]
[2026.05.29-05.48.18:147][  0]LogConfig: Applying CVar settings from Section [/Script/Engine.GarbageCollectionSettings] File [C:/UEProject/UnrealLearn/MyProject/Saved/Config/Windows/Engine.ini]
[2026.05.29-05.48.18:147][  0]LogConfig: Setting CVar [[gc.MaxObjectsNotConsideredByGC:1]]
[2026.05.29-05.48.18:147][  0]LogConfig: Setting CVar [[gc.SizeOfPermanentObjectPool:0]]
[2026.05.29-05.48.18:147][  0]LogConfig: Setting CVar [[gc.FlushStreamingOnGC:0]]
[2026.05.29-05.48.18:147][  0]LogConfig: Setting CVar [[gc.NumRetriesBeforeForcingGC:10]]
[2026.05.29-05.48.18:147][  0]LogConfig: Setting CVar [[gc.AllowParallelGC:1]]
[2026.05.29-05.48.18:147][  0]LogConfig: Setting CVar [[gc.TimeBetweenPurgingPendingKillObjects:61.1]]
[2026.05.29-05.48.18:147][  0]LogConfig: Setting CVar [[gc.MaxObjectsInEditor:25165824]]
[2026.05.29-05.48.18:147][  0]LogConfig: Setting CVar [[gc.IncrementalBeginDestroyEnabled:1]]
[2026.05.29-05.48.18:147][  0]LogConfig: Setting CVar [[gc.CreateGCClusters:1]]
[2026.05.29-05.48.18:147][  0]LogConfig: Setting CVar [[gc.MinGCClusterSize:5]]
[2026.05.29-05.48.18:147][  0]LogConfig: Setting CVar [[gc.ActorClusteringEnabled:0]]
[2026.05.29-05.48.18:147][  0]LogConfig: Setting CVar [[gc.BlueprintClusteringEnabled:0]]
[2026.05.29-05.48.18:147][  0]LogConfig: Setting CVar [[gc.UseDisregardForGCOnDedicatedServers:0]]
[2026.05.29-05.48.18:147][  0]LogConfig: Setting CVar [[gc.MultithreadedDestructionEnabled:1]]
[2026.05.29-05.48.18:147][  0]LogConfig: Applying CVar settings from Section [/Script/Engine.NetworkSettings] File [C:/UEProject/UnrealLearn/MyProject/Saved/Config/Windows/Engine.ini]
[2026.05.29-05.48.18:147][  0]LogConfig: Applying CVar settings from Section [/Script/UnrealEd.CookerSettings] File [C:/UEProject/UnrealLearn/MyProject/Saved/Config/Windows/Engine.ini]
[2026.05.29-05.48.18:177][  0]LogConfig: Applying CVar settings from Section [ViewDistanceQuality@3] File [C:/UEProject/UnrealLearn/MyProject/Saved/Config/Windows/Scalability.ini]
[2026.05.29-05.48.18:177][  0]LogConfig: Setting CVar [[r.SkeletalMeshLODBias:0]]
[2026.05.29-05.48.18:177][  0]LogConfig: Setting CVar [[r.ViewDistanceScale:1.0]]
[2026.05.29-05.48.18:177][  0]LogConfig: Applying CVar settings from Section [AntiAliasingQuality@3] File [C:/UEProject/UnrealLearn/MyProject/Saved/Config/Windows/Scalability.ini]
[2026.05.29-05.48.18:177][  0]LogConfig: Setting CVar [[r.PostProcessAAQuality:4]]
[2026.05.29-05.48.18:177][  0]LogConfig: Applying CVar settings from Section [ShadowQuality@3] File [C:/UEProject/UnrealLearn/MyProject/Saved/Config/Windows/Scalability.ini]
[2026.05.29-05.48.18:177][  0]LogConfig: Setting CVar [[r.LightFunctionQuality:1]]
[2026.05.29-05.48.18:177][  0]LogConfig: Setting CVar [[r.ShadowQuality:5]]
[2026.05.29-05.48.18:177][  0]LogConfig: Setting CVar [[r.Shadow.CSM.MaxCascades:10]]
[2026.05.29-05.48.18:177][  0]LogConfig: Setting CVar [[r.Shadow.MaxResolution:2048]]
[2026.05.29-05.48.18:177][  0]LogConfig: Setting CVar [[r.Shadow.MaxCSMResolution:2048]]
[2026.05.29-05.48.18:177][  0]LogConfig: Setting CVar [[r.Shadow.RadiusThreshold:0.01]]
[2026.05.29-05.48.18:177][  0]LogConfig: Setting CVar [[r.Shadow.DistanceScale:1.0]]
[2026.05.29-05.48.18:177][  0]LogConfig: Setting CVar [[r.Shadow.CSM.TransitionScale:1.0]]
[2026.05.29-05.48.18:177][  0]LogConfig: Setting CVar [[r.Shadow.PreShadowResolutionFactor:1.0]]
[2026.05.29-05.48.18:177][  0]LogConfig: Setting CVar [[r.DistanceFieldShadowing:1]]
[2026.05.29-05.48.18:177][  0]LogConfig: Setting CVar [[r.DistanceFieldAO:1]]
[2026.05.29-05.48.18:177][  0]LogConfig: Setting CVar [[r.AOQuality:2]]
[2026.05.29-05.48.18:177][  0]LogConfig: Setting CVar [[r.VolumetricFog:1]]
[2026.05.29-05.48.18:177][  0]LogConfig: Setting CVar [[r.VolumetricFog.GridPixelSize:8]]
[2026.05.29-05.48.18:177][  0]LogConfig: Setting CVar [[r.VolumetricFog.GridSizeZ:128]]
[2026.05.29-05.48.18:177][  0]LogConfig: Setting CVar [[r.VolumetricFog.HistoryMissSupersampleCount:4]]
[2026.05.29-05.48.18:177][  0]LogConfig: Setting CVar [[r.LightMaxDrawDistanceScale:1]]
[2026.05.29-05.48.18:177][  0]LogConfig: Setting CVar [[r.CapsuleShadows:1]]
[2026.05.29-05.48.18:177][  0]LogConfig: Applying CVar settings from Section [PostProcessQuality@3] File [C:/UEProject/UnrealLearn/MyProject/Saved/Config/Windows/Scalability.ini]
[2026.05.29-05.48.18:177][  0]LogConfig: Setting CVar [[r.MotionBlurQuality:4]]
[2026.05.29-05.48.18:177][  0]LogConfig: Setting CVar [[r.AmbientOcclusionMipLevelFactor:0.4]]
[2026.05.29-05.48.18:177][  0]LogConfig: Setting CVar [[r.AmbientOcclusionMaxQuality:100]]
[2026.05.29-05.48.18:177][  0]LogConfig: Setting CVar [[r.AmbientOcclusionLevels:-1]]
[2026.05.29-05.48.18:177][  0]LogConfig: Setting CVar [[r.AmbientOcclusionRadiusScale:1.0]]
[2026.05.29-05.48.18:177][  0]LogConfig: Setting CVar [[r.DepthOfFieldQuality:2]]
[2026.05.29-05.48.18:177][  0]LogConfig: Setting CVar [[r.RenderTargetPoolMin:400]]
[2026.05.29-05.48.18:177][  0]LogConfig: Setting CVar [[r.LensFlareQuality:2]]
[2026.05.29-05.48.18:177][  0]LogConfig: Setting CVar [[r.SceneColorFringeQuality:1]]
[2026.05.29-05.48.18:177][  0]LogConfig: Setting CVar [[r.EyeAdaptationQuality:2]]
[2026.05.29-05.48.18:177][  0]LogConfig: Setting CVar [[r.BloomQuality:5]]
[2026.05.29-05.48.18:177][  0]LogConfig: Setting CVar [[r.FastBlurThreshold:100]]
[2026.05.29-05.48.18:177][  0]LogConfig: Setting CVar [[r.Upscale.Quality:3]]
[2026.05.29-05.48.18:177][  0]LogConfig: Setting CVar [[r.Tonemapper.GrainQuantization:1]]
[2026.05.29-05.48.18:177][  0]LogConfig: Setting CVar [[r.LightShaftQuality:1]]
[2026.05.29-05.48.18:177][  0]LogConfig: Setting CVar [[r.Filter.SizeScale:1]]
[2026.05.29-05.48.18:178][  0]LogConfig: Setting CVar [[r.Tonemapper.Quality:5]]
[2026.05.29-05.48.18:178][  0]LogConfig: Setting CVar [[r.DOF.Gather.AccumulatorQuality:1        ; higher gathering accumulator quality]]
[2026.05.29-05.48.18:178][  0]LogConfig: Setting CVar [[r.DOF.Gather.PostfilterMethod:1          ; Median3x3 postfilering method]]
[2026.05.29-05.48.18:178][  0]LogConfig: Setting CVar [[r.DOF.Gather.EnableBokehSettings:0       ; no bokeh simulation when gathering]]
[2026.05.29-05.48.18:178][  0]LogConfig: Setting CVar [[r.DOF.Gather.RingCount:4                 ; medium number of samples when gathering]]
[2026.05.29-05.48.18:178][  0]LogConfig: Setting CVar [[r.DOF.Scatter.ForegroundCompositing:1    ; additive foreground scattering]]
[2026.05.29-05.48.18:178][  0]LogConfig: Setting CVar [[r.DOF.Scatter.BackgroundCompositing:2    ; additive background scattering]]
[2026.05.29-05.48.18:178][  0]LogConfig: Setting CVar [[r.DOF.Scatter.EnableBokehSettings:1      ; bokeh simulation when scattering]]
[2026.05.29-05.48.18:178][  0]LogConfig: Setting CVar [[r.DOF.Scatter.MaxSpriteRatio:0.1         ; only a maximum of 10% of scattered bokeh]]
[2026.05.29-05.48.18:178][  0]LogConfig: Setting CVar [[r.DOF.Recombine.Quality:1                ; cheap slight out of focus]]
[2026.05.29-05.48.18:178][  0]LogConfig: Setting CVar [[r.DOF.Recombine.EnableBokehSettings:0    ; no bokeh simulation on slight out of focus]]
[2026.05.29-05.48.18:178][  0]LogConfig: Setting CVar [[r.DOF.TemporalAAQuality:1                ; more stable temporal accumulation]]
[2026.05.29-05.48.18:178][  0]LogConfig: Setting CVar [[r.DOF.Kernel.MaxForegroundRadius:0.025]]
[2026.05.29-05.48.18:178][  0]LogConfig: Setting CVar [[r.DOF.Kernel.MaxBackgroundRadius:0.025]]
[2026.05.29-05.48.18:178][  0]LogConfig: Applying CVar settings from Section [TextureQuality@3] File [C:/UEProject/UnrealLearn/MyProject/Saved/Config/Windows/Scalability.ini]
[2026.05.29-05.48.18:178][  0]LogConfig: Setting CVar [[r.Streaming.MipBias:0]]
[2026.05.29-05.48.18:178][  0]LogConfig: Setting CVar [[r.Streaming.AmortizeCPUToGPUCopy:0]]
[2026.05.29-05.48.18:178][  0]LogConfig: Setting CVar [[r.Streaming.MaxNumTexturesToStreamPerFrame:0]]
[2026.05.29-05.48.18:178][  0]LogConfig: Setting CVar [[r.Streaming.Boost:1]]
[2026.05.29-05.48.18:178][  0]LogConfig: Setting CVar [[r.MaxAnisotropy:8]]
[2026.05.29-05.48.18:178][  0]LogConfig: Setting CVar [[r.VT.MaxAnisotropy:8]]
[2026.05.29-05.48.18:178][  0]LogConfig: Setting CVar [[r.Streaming.LimitPoolSizeToVRAM:0]]
[2026.05.29-05.48.18:178][  0]LogConfig: Setting CVar [[r.Streaming.PoolSize:1000]]
[2026.05.29-05.48.18:178][  0]LogConfig: Setting CVar [[r.Streaming.MaxEffectiveScreenSize:0]]
[2026.05.29-05.48.18:178][  0]LogConfig: Applying CVar settings from Section [EffectsQuality@3] File [C:/UEProject/UnrealLearn/MyProject/Saved/Config/Windows/Scalability.ini]
[2026.05.29-05.48.18:178][  0]LogConfig: Setting CVar [[r.TranslucencyLightingVolumeDim:64]]
[2026.05.29-05.48.18:178][  0]LogConfig: Setting CVar [[r.RefractionQuality:2]]
[2026.05.29-05.48.18:178][  0]LogConfig: Setting CVar [[r.SSR.Quality:3]]
[2026.05.29-05.48.18:178][  0]LogConfig: Setting CVar [[r.SSR.HalfResSceneColor:0]]
[2026.05.29-05.48.18:178][  0]LogConfig: Setting CVar [[r.SceneColorFormat:4]]
[2026.05.29-05.48.18:178][  0]LogConfig: Setting CVar [[r.DetailMode:2]]
[2026.05.29-05.48.18:178][  0]LogConfig: Setting CVar [[r.TranslucencyVolumeBlur:1]]
[2026.05.29-05.48.18:178][  0]LogConfig: Setting CVar [[r.MaterialQualityLevel:1 ; High quality]]
[2026.05.29-05.48.18:178][  0]LogConfig: Setting CVar [[r.AnisotropicMaterials:1]]
[2026.05.29-05.48.18:178][  0]LogConfig: Setting CVar [[r.SSS.Scale:1]]
[2026.05.29-05.48.18:178][  0]LogConfig: Setting CVar [[r.SSS.SampleSet:2]]
[2026.05.29-05.48.18:178][  0]LogConfig: Setting CVar [[r.SSS.Quality:1]]
[2026.05.29-05.48.18:178][  0]LogConfig: Setting CVar [[r.SSS.HalfRes:0]]
[2026.05.29-05.48.18:178][  0]LogConfig: Setting CVar [[r.SSGI.Quality:3]]
[2026.05.29-05.48.18:178][  0]LogConfig: Setting CVar [[r.EmitterSpawnRateScale:1.0]]
[2026.05.29-05.48.18:178][  0]LogConfig: Setting CVar [[r.ParticleLightQuality:2]]
[2026.05.29-05.48.18:178][  0]LogConfig: Setting CVar [[r.SkyAtmosphere.AerialPerspectiveLUT.FastApplyOnOpaque:1 ; Always have FastSkyLUT 1 in this case to avoid wrong sky]]
[2026.05.29-05.48.18:178][  0]LogConfig: Setting CVar [[r.SkyAtmosphere.AerialPerspectiveLUT.SampleCountMaxPerSlice:4]]
[2026.05.29-05.48.18:178][  0]LogConfig: Setting CVar [[r.SkyAtmosphere.AerialPerspectiveLUT.DepthResolution:16.0]]
[2026.05.29-05.48.18:178][  0]LogConfig: Setting CVar [[r.SkyAtmosphere.FastSkyLUT:1]]
[2026.05.29-05.48.18:178][  0]LogConfig: Setting CVar [[r.SkyAtmosphere.FastSkyLUT.SampleCountMin:4.0]]
[2026.05.29-05.48.18:178][  0]LogConfig: Setting CVar [[r.SkyAtmosphere.FastSkyLUT.SampleCountMax:128.0]]
[2026.05.29-05.48.18:178][  0]LogConfig: Setting CVar [[r.SkyAtmosphere.SampleCountMin:4.0]]
[2026.05.29-05.48.18:178][  0]LogConfig: Setting CVar [[r.SkyAtmosphere.SampleCountMax:128.0]]
[2026.05.29-05.48.18:178][  0]LogConfig: Setting CVar [[r.SkyAtmosphere.TransmittanceLUT.UseSmallFormat:0]]
[2026.05.29-05.48.18:178][  0]LogConfig: Setting CVar [[r.SkyAtmosphere.TransmittanceLUT.SampleCount:10.0]]
[2026.05.29-05.48.18:178][  0]LogConfig: Setting CVar [[r.SkyAtmosphere.MultiScatteringLUT.SampleCount:15.0]]
[2026.05.29-05.48.18:178][  0]LogConfig: Setting CVar [[r.SkyLight.RealTimeReflectionCapture:1]]
[2026.05.29-05.48.18:178][  0]LogConfig: Applying CVar settings from Section [FoliageQuality@3] File [C:/UEProject/UnrealLearn/MyProject/Saved/Config/Windows/Scalability.ini]
[2026.05.29-05.48.18:178][  0]LogConfig: Setting CVar [[foliage.DensityScale:1.0]]
[2026.05.29-05.48.18:178][  0]LogConfig: Setting CVar [[grass.DensityScale:1.0]]
[2026.05.29-05.48.18:178][  0]LogConfig: Applying CVar settings from Section [ShadingQuality@3] File [C:/UEProject/UnrealLearn/MyProject/Saved/Config/Windows/Scalability.ini]
[2026.05.29-05.48.18:178][  0]LogConfig: Setting CVar [[r.HairStrands.SkyLighting.IntegrationType:2]]
[2026.05.29-05.48.18:178][  0]LogConfig: Setting CVar [[r.HairStrands.SkyAO.SampleCount:4]]
[2026.05.29-05.48.18:178][  0]LogConfig: Setting CVar [[r.HairStrands.Visibility.MSAA.SamplePerPixel:4]]
[2026.05.29-05.48.18:178][  0]LogInit: Selected Device Profile: [Windows]
[2026.05.29-05.48.18:178][  0]LogInit: Applying CVar settings loaded from the selected device profile: [Windows]
[2026.05.29-05.48.18:178][  0]LogHAL: Display: Platform has ~ 14 GB [14665842688 / 17179869184 / 14], which maps to Larger [LargestMinGB=32, LargerMinGB=12, DefaultMinGB=8, SmallerMinGB=6, SmallestMinGB=0)
[2026.05.29-05.48.18:178][  0]LogInit: Going up to parent DeviceProfile []
[2026.05.29-05.48.18:178][  0]LogConfig: Applying CVar settings from Section [ViewDistanceQuality@3] File [C:/UEProject/UnrealLearn/MyProject/Saved/Config/Windows/Scalability.ini]
[2026.05.29-05.48.18:178][  0]LogConfig: Setting CVar [[r.SkeletalMeshLODBias:0]]
[2026.05.29-05.48.18:178][  0]LogConfig: Setting CVar [[r.ViewDistanceScale:1.0]]
[2026.05.29-05.48.18:178][  0]LogConfig: Applying CVar settings from Section [AntiAliasingQuality@3] File [C:/UEProject/UnrealLearn/MyProject/Saved/Config/Windows/Scalability.ini]
[2026.05.29-05.48.18:178][  0]LogConfig: Setting CVar [[r.PostProcessAAQuality:4]]
[2026.05.29-05.48.18:178][  0]LogConfig: Applying CVar settings from Section [ShadowQuality@3] File [C:/UEProject/UnrealLearn/MyProject/Saved/Config/Windows/Scalability.ini]
[2026.05.29-05.48.18:178][  0]LogConfig: Setting CVar [[r.LightFunctionQuality:1]]
[2026.05.29-05.48.18:178][  0]LogConfig: Setting CVar [[r.ShadowQuality:5]]
[2026.05.29-05.48.18:178][  0]LogConfig: Setting CVar [[r.Shadow.CSM.MaxCascades:10]]
[2026.05.29-05.48.18:178][  0]LogConfig: Setting CVar [[r.Shadow.MaxResolution:2048]]
[2026.05.29-05.48.18:178][  0]LogConfig: Setting CVar [[r.Shadow.MaxCSMResolution:2048]]
[2026.05.29-05.48.18:178][  0]LogConfig: Setting CVar [[r.Shadow.RadiusThreshold:0.01]]
[2026.05.29-05.48.18:178][  0]LogConfig: Setting CVar [[r.Shadow.DistanceScale:1.0]]
[2026.05.29-05.48.18:178][  0]LogConfig: Setting CVar [[r.Shadow.CSM.TransitionScale:1.0]]
[2026.05.29-05.48.18:178][  0]LogConfig: Setting CVar [[r.Shadow.PreShadowResolutionFactor:1.0]]
[2026.05.29-05.48.18:178][  0]LogConfig: Setting CVar [[r.DistanceFieldShadowing:1]]
[2026.05.29-05.48.18:178][  0]LogConfig: Setting CVar [[r.DistanceFieldAO:1]]
[2026.05.29-05.48.18:178][  0]LogConfig: Setting CVar [[r.AOQuality:2]]
[2026.05.29-05.48.18:178][  0]LogConfig: Setting CVar [[r.VolumetricFog:1]]
[2026.05.29-05.48.18:178][  0]LogConfig: Setting CVar [[r.VolumetricFog.GridPixelSize:8]]
[2026.05.29-05.48.18:178][  0]LogConfig: Setting CVar [[r.VolumetricFog.GridSizeZ:128]]
[2026.05.29-05.48.18:178][  0]LogConfig: Setting CVar [[r.VolumetricFog.HistoryMissSupersampleCount:4]]
[2026.05.29-05.48.18:178][  0]LogConfig: Setting CVar [[r.LightMaxDrawDistanceScale:1]]
[2026.05.29-05.48.18:178][  0]LogConfig: Setting CVar [[r.CapsuleShadows:1]]
[2026.05.29-05.48.18:178][  0]LogConfig: Applying CVar settings from Section [PostProcessQuality@3] File [C:/UEProject/UnrealLearn/MyProject/Saved/Config/Windows/Scalability.ini]
[2026.05.29-05.48.18:178][  0]LogConfig: Setting CVar [[r.MotionBlurQuality:4]]
[2026.05.29-05.48.18:178][  0]LogConfig: Setting CVar [[r.AmbientOcclusionMipLevelFactor:0.4]]
[2026.05.29-05.48.18:178][  0]LogConfig: Setting CVar [[r.AmbientOcclusionMaxQuality:100]]
[2026.05.29-05.48.18:178][  0]LogConfig: Setting CVar [[r.AmbientOcclusionLevels:-1]]
[2026.05.29-05.48.18:178][  0]LogConfig: Setting CVar [[r.AmbientOcclusionRadiusScale:1.0]]
[2026.05.29-05.48.18:178][  0]LogConfig: Setting CVar [[r.DepthOfFieldQuality:2]]
[2026.05.29-05.48.18:178][  0]LogConfig: Setting CVar [[r.RenderTargetPoolMin:400]]
[2026.05.29-05.48.18:178][  0]LogConfig: Setting CVar [[r.LensFlareQuality:2]]
[2026.05.29-05.48.18:178][  0]LogConfig: Setting CVar [[r.SceneColorFringeQuality:1]]
[2026.05.29-05.48.18:178][  0]LogConfig: Setting CVar [[r.EyeAdaptationQuality:2]]
[2026.05.29-05.48.18:178][  0]LogConfig: Setting CVar [[r.BloomQuality:5]]
[2026.05.29-05.48.18:178][  0]LogConfig: Setting CVar [[r.FastBlurThreshold:100]]
[2026.05.29-05.48.18:178][  0]LogConfig: Setting CVar [[r.Upscale.Quality:3]]
[2026.05.29-05.48.18:178][  0]LogConfig: Setting CVar [[r.Tonemapper.GrainQuantization:1]]
[2026.05.29-05.48.18:178][  0]LogConfig: Setting CVar [[r.LightShaftQuality:1]]
[2026.05.29-05.48.18:178][  0]LogConfig: Setting CVar [[r.Filter.SizeScale:1]]
[2026.05.29-05.48.18:178][  0]LogConfig: Setting CVar [[r.Tonemapper.Quality:5]]
[2026.05.29-05.48.18:178][  0]LogConfig: Setting CVar [[r.DOF.Gather.AccumulatorQuality:1        ; higher gathering accumulator quality]]
[2026.05.29-05.48.18:178][  0]LogConfig: Setting CVar [[r.DOF.Gather.PostfilterMethod:1          ; Median3x3 postfilering method]]
[2026.05.29-05.48.18:178][  0]LogConfig: Setting CVar [[r.DOF.Gather.EnableBokehSettings:0       ; no bokeh simulation when gathering]]
[2026.05.29-05.48.18:178][  0]LogConfig: Setting CVar [[r.DOF.Gather.RingCount:4                 ; medium number of samples when gathering]]
[2026.05.29-05.48.18:178][  0]LogConfig: Setting CVar [[r.DOF.Scatter.ForegroundCompositing:1    ; additive foreground scattering]]
[2026.05.29-05.48.18:178][  0]LogConfig: Setting CVar [[r.DOF.Scatter.BackgroundCompositing:2    ; additive background scattering]]
[2026.05.29-05.48.18:178][  0]LogConfig: Setting CVar [[r.DOF.Scatter.EnableBokehSettings:1      ; bokeh simulation when scattering]]
[2026.05.29-05.48.18:178][  0]LogConfig: Setting CVar [[r.DOF.Scatter.MaxSpriteRatio:0.1         ; only a maximum of 10% of scattered bokeh]]
[2026.05.29-05.48.18:178][  0]LogConfig: Setting CVar [[r.DOF.Recombine.Quality:1                ; cheap slight out of focus]]
[2026.05.29-05.48.18:178][  0]LogConfig: Setting CVar [[r.DOF.Recombine.EnableBokehSettings:0    ; no bokeh simulation on slight out of focus]]
[2026.05.29-05.48.18:178][  0]LogConfig: Setting CVar [[r.DOF.TemporalAAQuality:1                ; more stable temporal accumulation]]
[2026.05.29-05.48.18:178][  0]LogConfig: Setting CVar [[r.DOF.Kernel.MaxForegroundRadius:0.025]]
[2026.05.29-05.48.18:178][  0]LogConfig: Setting CVar [[r.DOF.Kernel.MaxBackgroundRadius:0.025]]
[2026.05.29-05.48.18:178][  0]LogConfig: Applying CVar settings from Section [TextureQuality@3] File [C:/UEProject/UnrealLearn/MyProject/Saved/Config/Windows/Scalability.ini]
[2026.05.29-05.48.18:178][  0]LogConfig: Setting CVar [[r.Streaming.MipBias:0]]
[2026.05.29-05.48.18:178][  0]LogConfig: Setting CVar [[r.Streaming.AmortizeCPUToGPUCopy:0]]
[2026.05.29-05.48.18:178][  0]LogConfig: Setting CVar [[r.Streaming.MaxNumTexturesToStreamPerFrame:0]]
[2026.05.29-05.48.18:178][  0]LogConfig: Setting CVar [[r.Streaming.Boost:1]]
[2026.05.29-05.48.18:178][  0]LogConfig: Setting CVar [[r.MaxAnisotropy:8]]
[2026.05.29-05.48.18:178][  0]LogConfig: Setting CVar [[r.VT.MaxAnisotropy:8]]
[2026.05.29-05.48.18:178][  0]LogConfig: Setting CVar [[r.Streaming.LimitPoolSizeToVRAM:0]]
[2026.05.29-05.48.18:178][  0]LogConfig: Setting CVar [[r.Streaming.PoolSize:1000]]
[2026.05.29-05.48.18:178][  0]LogConfig: Setting CVar [[r.Streaming.MaxEffectiveScreenSize:0]]
[2026.05.29-05.48.18:178][  0]LogConfig: Applying CVar settings from Section [EffectsQuality@3] File [C:/UEProject/UnrealLearn/MyProject/Saved/Config/Windows/Scalability.ini]
[2026.05.29-05.48.18:178][  0]LogConfig: Setting CVar [[r.TranslucencyLightingVolumeDim:64]]
[2026.05.29-05.48.18:178][  0]LogConfig: Setting CVar [[r.RefractionQuality:2]]
[2026.05.29-05.48.18:178][  0]LogConfig: Setting CVar [[r.SSR.Quality:3]]
[2026.05.29-05.48.18:178][  0]LogConfig: Setting CVar [[r.SSR.HalfResSceneColor:0]]
[2026.05.29-05.48.18:178][  0]LogConfig: Setting CVar [[r.SceneColorFormat:4]]
[2026.05.29-05.48.18:178][  0]LogConfig: Setting CVar [[r.DetailMode:2]]
[2026.05.29-05.48.18:178][  0]LogConfig: Setting CVar [[r.TranslucencyVolumeBlur:1]]
[2026.05.29-05.48.18:178][  0]LogConfig: Setting CVar [[r.MaterialQualityLevel:1 ; High quality]]
[2026.05.29-05.48.18:178][  0]LogConfig: Setting CVar [[r.AnisotropicMaterials:1]]
[2026.05.29-05.48.18:178][  0]LogConfig: Setting CVar [[r.SSS.Scale:1]]
[2026.05.29-05.48.18:178][  0]LogConfig: Setting CVar [[r.SSS.SampleSet:2]]
[2026.05.29-05.48.18:178][  0]LogConfig: Setting CVar [[r.SSS.Quality:1]]
[2026.05.29-05.48.18:178][  0]LogConfig: Setting CVar [[r.SSS.HalfRes:0]]
[2026.05.29-05.48.18:178][  0]LogConfig: Setting CVar [[r.SSGI.Quality:3]]
[2026.05.29-05.48.18:178][  0]LogConfig: Setting CVar [[r.EmitterSpawnRateScale:1.0]]
[2026.05.29-05.48.18:178][  0]LogConfig: Setting CVar [[r.ParticleLightQuality:2]]
[2026.05.29-05.48.18:178][  0]LogConfig: Setting CVar [[r.SkyAtmosphere.AerialPerspectiveLUT.FastApplyOnOpaque:1 ; Always have FastSkyLUT 1 in this case to avoid wrong sky]]
[2026.05.29-05.48.18:178][  0]LogConfig: Setting CVar [[r.SkyAtmosphere.AerialPerspectiveLUT.SampleCountMaxPerSlice:4]]
[2026.05.29-05.48.18:178][  0]LogConfig: Setting CVar [[r.SkyAtmosphere.AerialPerspectiveLUT.DepthResolution:16.0]]
[2026.05.29-05.48.18:178][  0]LogConfig: Setting CVar [[r.SkyAtmosphere.FastSkyLUT:1]]
[2026.05.29-05.48.18:178][  0]LogConfig: Setting CVar [[r.SkyAtmosphere.FastSkyLUT.SampleCountMin:4.0]]
[2026.05.29-05.48.18:178][  0]LogConfig: Setting CVar [[r.SkyAtmosphere.FastSkyLUT.SampleCountMax:128.0]]
[2026.05.29-05.48.18:178][  0]LogConfig: Setting CVar [[r.SkyAtmosphere.SampleCountMin:4.0]]
[2026.05.29-05.48.18:178][  0]LogConfig: Setting CVar [[r.SkyAtmosphere.SampleCountMax:128.0]]
[2026.05.29-05.48.18:178][  0]LogConfig: Setting CVar [[r.SkyAtmosphere.TransmittanceLUT.UseSmallFormat:0]]
[2026.05.29-05.48.18:178][  0]LogConfig: Setting CVar [[r.SkyAtmosphere.TransmittanceLUT.SampleCount:10.0]]
[2026.05.29-05.48.18:178][  0]LogConfig: Setting CVar [[r.SkyAtmosphere.MultiScatteringLUT.SampleCount:15.0]]
[2026.05.29-05.48.18:178][  0]LogConfig: Setting CVar [[r.SkyLight.RealTimeReflectionCapture:1]]
[2026.05.29-05.48.18:179][  0]LogConfig: Applying CVar settings from Section [FoliageQuality@3] File [C:/UEProject/UnrealLearn/MyProject/Saved/Config/Windows/Scalability.ini]
[2026.05.29-05.48.18:179][  0]LogConfig: Setting CVar [[foliage.DensityScale:1.0]]
[2026.05.29-05.48.18:179][  0]LogConfig: Setting CVar [[grass.DensityScale:1.0]]
[2026.05.29-05.48.18:179][  0]LogConfig: Applying CVar settings from Section [ShadingQuality@3] File [C:/UEProject/UnrealLearn/MyProject/Saved/Config/Windows/Scalability.ini]
[2026.05.29-05.48.18:179][  0]LogConfig: Setting CVar [[r.HairStrands.SkyLighting.IntegrationType:2]]
[2026.05.29-05.48.18:179][  0]LogConfig: Setting CVar [[r.HairStrands.SkyAO.SampleCount:4]]
[2026.05.29-05.48.18:179][  0]LogConfig: Setting CVar [[r.HairStrands.Visibility.MSAA.SamplePerPixel:4]]
[2026.05.29-05.48.18:179][  0]LogConfig: Applying CVar settings from Section [Startup] File [../../../Engine/Config/ConsoleVariables.ini]
[2026.05.29-05.48.18:179][  0]LogConfig: Setting CVar [[net.UseAdaptiveNetUpdateFrequency:0]]
[2026.05.29-05.48.18:179][  0]LogConfig: Setting CVar [[p.chaos.AllowCreatePhysxBodies:1]]
[2026.05.29-05.48.18:179][  0]LogConfig: Setting CVar [[fx.SkipVectorVMBackendOptimizations:1]]
[2026.05.29-05.48.18:179][  0]LogConfig: Applying CVar settings from Section [ConsoleVariables] File [C:/UEProject/UnrealLearn/MyProject/Saved/Config/Windows/Engine.ini]
[2026.05.29-05.48.18:179][  0]LogConfig: Applying CVar settings from Section [ConsoleVariables] File [C:/UEProject/UnrealLearn/MyProject/Saved/Config/Windows/Editor.ini]
[2026.05.29-05.48.18:179][  0]LogInit: Computer: MANKA-D-D-6017
[2026.05.29-05.48.18:179][  0]LogInit: User: LiamChen
[2026.05.29-05.48.18:179][  0]LogInit: CPU Page size=4096, Cores=16
[2026.05.29-05.48.18:179][  0]LogInit: High frequency timer resolution =10.000000 MHz
[2026.05.29-05.48.18:179][  0]LogMemory: Memory total: Physical=13.7GB (14GB approx)
[2026.05.29-05.48.18:179][  0]LogMemory: Platform Memory Stats for Windows
[2026.05.29-05.48.18:179][  0]LogMemory: Process Physical Memory: 152.45 MB used, 152.45 MB peak
[2026.05.29-05.48.18:179][  0]LogMemory: Process Virtual Memory: 130.32 MB used, 130.32 MB peak
[2026.05.29-05.48.18:179][  0]LogMemory: Physical Memory: 9091.30 MB used,  4895.14 MB free, 13986.44 MB total
[2026.05.29-05.48.18:179][  0]LogMemory: Virtual Memory: 134205176.00 MB used,  12551.57 MB free, 134217728.00 MB total
[2026.05.29-05.48.18:184][  0]LogWindows: WindowsPlatformFeatures enabled
[2026.05.29-05.48.18:201][  0]LogInit: Physics initialised using underlying interface: PhysX
[2026.05.29-05.48.18:201][  0]LogInit: Overriding language with editor language configuration option (en).
[2026.05.29-05.48.18:201][  0]LogInit: Overriding language with editor locale configuration option (en).
[2026.05.29-05.48.18:312][  0]LogInit: Setting process to per monitor DPI aware
[2026.05.29-05.48.18:382][  0]LogWindowsTextInputMethodSystem: Display: IME system deactivated.
[2026.05.29-05.48.18:389][  0]LogSlate: New Slate User Created.  User Index 0, Is Virtual User: 0
[2026.05.29-05.48.18:389][  0]LogSlate: Slate User Registered.  User Index 0, Is Virtual User: 0
[2026.05.29-05.48.18:449][  0]LogD3D11RHI: Loaded GFSDK_Aftermath_Lib.x64.dll
[2026.05.29-05.48.18:457][  0]LogHMD: Failed to initialize OpenVR with code 110
[2026.05.29-05.48.18:457][  0]LogD3D11RHI: D3D11 min allowed feature level: 11_0
[2026.05.29-05.48.18:457][  0]LogD3D11RHI: D3D11 max allowed feature level: 11_0
[2026.05.29-05.48.18:457][  0]LogD3D11RHI: D3D11 adapters:
[2026.05.29-05.48.18:604][  0]LogD3D11RHI:    0. 'NVIDIA GeForce RTX 4070' (Feature Level 11_0)
[2026.05.29-05.48.18:604][  0]LogD3D11RHI:       12012/0/6993 MB DedicatedVideo/DedicatedSystem/SharedSystem, Outputs:1, VendorId:0x10de
[2026.05.29-05.48.18:627][  0]LogD3D11RHI:    1. 'Intel(R) UHD Graphics 770' (Feature Level 11_0)
[2026.05.29-05.48.18:627][  0]LogD3D11RHI:       2048/0/6993 MB DedicatedVideo/DedicatedSystem/SharedSystem, Outputs:1, VendorId:0x8086
[2026.05.29-05.48.18:629][  0]LogD3D11RHI:    2. 'Microsoft Basic Render Driver' (Feature Level 11_0)
[2026.05.29-05.48.18:629][  0]LogD3D11RHI:       0/0/6993 MB DedicatedVideo/DedicatedSystem/SharedSystem, Outputs:0, VendorId:0x1414
[2026.05.29-05.48.18:629][  0]LogD3D11RHI: Chosen D3D11 Adapter:
[2026.05.29-05.48.18:629][  0]LogD3D11RHI:     Description : NVIDIA GeForce RTX 4070
[2026.05.29-05.48.18:629][  0]LogD3D11RHI:     VendorId    : 10de
[2026.05.29-05.48.18:629][  0]LogD3D11RHI:     DeviceId    : 2786
[2026.05.29-05.48.18:629][  0]LogD3D11RHI:     SubSysId    : 513a1028
[2026.05.29-05.48.18:629][  0]LogD3D11RHI:     Revision    : 00a1
[2026.05.29-05.48.18:629][  0]LogD3D11RHI:     DedicatedVideoMemory : 12595494912 bytes
[2026.05.29-05.48.18:629][  0]LogD3D11RHI:     DedicatedSystemMemory : 0 bytes
[2026.05.29-05.48.18:629][  0]LogD3D11RHI:     SharedSystemMemory : 7332921344 bytes
[2026.05.29-05.48.18:629][  0]LogD3D11RHI:     AdapterLuid : 0 58581
[2026.05.29-05.48.18:635][  0]LogD3D11RHI: Creating new Direct3DDevice
[2026.05.29-05.48.18:635][  0]LogD3D11RHI:     GPU DeviceId: 0x2786 (for the marketing name, search the web for "GPU Device Id")
[2026.05.29-05.48.18:636][  0]LogWindows: EnumDisplayDevices:
[2026.05.29-05.48.18:636][  0]LogWindows:    0. 'Intel(R) UHD Graphics 770' (P:0 D:1)
[2026.05.29-05.48.18:636][  0]LogWindows:    1. 'Intel(R) UHD Graphics 770' (P:0 D:0)
[2026.05.29-05.48.18:636][  0]LogWindows:    2. 'Intel(R) UHD Graphics 770' (P:0 D:0)
[2026.05.29-05.48.18:636][  0]LogWindows:    3. 'Intel(R) UHD Graphics 770' (P:0 D:0)
[2026.05.29-05.48.18:636][  0]LogWindows:    4. 'NVIDIA GeForce RTX 4070' (P:1 D:1)
[2026.05.29-05.48.18:636][  0]LogWindows:    5. 'NVIDIA GeForce RTX 4070' (P:0 D:0)
[2026.05.29-05.48.18:636][  0]LogWindows:    6. 'NVIDIA GeForce RTX 4070' (P:0 D:0)
[2026.05.29-05.48.18:636][  0]LogWindows:    7. 'NVIDIA GeForce RTX 4070' (P:0 D:0)
[2026.05.29-05.48.18:637][  0]LogWindows: DebugString: PrimaryIsNotTheChoosenAdapter PrimaryIsNotTheChoosenAdapter PrimaryIsNotTheChoosenAdapter PrimaryIsNotTheChoosenAdapter FoundDriverCount:4 
[2026.05.29-05.48.18:637][  0]LogD3D11RHI:     Adapter Name: NVIDIA GeForce RTX 4070
[2026.05.29-05.48.18:637][  0]LogD3D11RHI:   Driver Version: 581.95 (internal:32.0.15.8195, unified:581.95)
[2026.05.29-05.48.18:637][  0]LogD3D11RHI:      Driver Date: 11-18-2025
[2026.05.29-05.48.18:637][  0]LogRHI: Texture pool is 8408 MB (70% of 12012 MB)
[2026.05.29-05.48.18:637][  0]LogD3D11RHI: Creating D3DDevice using adapter:
[2026.05.29-05.48.18:637][  0]LogD3D11RHI:     Description : NVIDIA GeForce RTX 4070
[2026.05.29-05.48.18:637][  0]LogD3D11RHI:     VendorId    : 10de
[2026.05.29-05.48.18:637][  0]LogD3D11RHI:     DeviceId    : 2786
[2026.05.29-05.48.18:637][  0]LogD3D11RHI:     SubSysId    : 513a1028
[2026.05.29-05.48.18:637][  0]LogD3D11RHI:     Revision    : 00a1
[2026.05.29-05.48.18:637][  0]LogD3D11RHI:     DedicatedVideoMemory : 12595494912 bytes
[2026.05.29-05.48.18:637][  0]LogD3D11RHI:     DedicatedSystemMemory : 0 bytes
[2026.05.29-05.48.18:637][  0]LogD3D11RHI:     SharedSystemMemory : 7332921344 bytes
[2026.05.29-05.48.18:637][  0]LogD3D11RHI:     AdapterLuid : 0 58581
[2026.05.29-05.48.18:751][  0]LogD3D11RHI: RHI has support for 64 bit atomics
[2026.05.29-05.48.18:751][  0]LogD3D11RHI: Async texture creation enabled
[2026.05.29-05.48.18:751][  0]LogD3D11RHI: Array index from any shader is supported
[2026.05.29-05.48.18:752][  0]LogD3D11RHI: HDR output is supported on display 0 (NvId: 0x80061083).
[2026.05.29-05.48.18:770][  0]LogD3D11RHI: GPU Timing Frequency: 1000.000000 (Debug: 2 2)
[2026.05.29-05.48.18:790][  0]LogRHI: GeForceNow SDK initialized: 1
[2026.05.29-05.48.18:974][  0]LogTargetPlatformManager: Display: Loaded TargetPlatform 'AllDesktop'
[2026.05.29-05.48.18:987][  0]LogTargetPlatformManager: Display: Loaded TargetPlatform 'Android'
[2026.05.29-05.48.18:987][  0]LogTargetPlatformManager: Display: Loaded TargetPlatform 'Android_ASTC'
[2026.05.29-05.48.18:987][  0]LogTargetPlatformManager: Display: Loaded TargetPlatform 'Android_DXT'
[2026.05.29-05.48.18:987][  0]LogTargetPlatformManager: Display: Loaded TargetPlatform 'Android_ETC2'
[2026.05.29-05.48.18:987][  0]LogTargetPlatformManager: Display: Loaded TargetPlatform 'AndroidClient'
[2026.05.29-05.48.18:987][  0]LogTargetPlatformManager: Display: Loaded TargetPlatform 'Android_ASTCClient'
[2026.05.29-05.48.18:987][  0]LogTargetPlatformManager: Display: Loaded TargetPlatform 'Android_DXTClient'
[2026.05.29-05.48.18:987][  0]LogTargetPlatformManager: Display: Loaded TargetPlatform 'Android_ETC2Client'
[2026.05.29-05.48.18:987][  0]LogTargetPlatformManager: Display: Loaded TargetPlatform 'Android_Multi'
[2026.05.29-05.48.18:987][  0]LogTargetPlatformManager: Display: Loaded TargetPlatform 'Android_MultiClient'
[2026.05.29-05.48.18:999][  0]LogTargetPlatformManager: Display: Loaded TargetPlatform 'IOSClient'
[2026.05.29-05.48.18:999][  0]LogTargetPlatformManager: Display: Loaded TargetPlatform 'IOS'
[2026.05.29-05.48.19:005][  0]LogTargetPlatformManager: Display: Loaded TargetPlatform 'Linux'
[2026.05.29-05.48.19:008][  0]LogTargetPlatformManager: Display: Loaded TargetPlatform 'LinuxNoEditor'
[2026.05.29-05.48.19:012][  0]LogTargetPlatformManager: Display: Loaded TargetPlatform 'LinuxClient'
[2026.05.29-05.48.19:015][  0]LogTargetPlatformManager: Display: Loaded TargetPlatform 'LinuxServer'
[2026.05.29-05.48.19:021][  0]LogTargetPlatformManager: Display: Loaded TargetPlatform 'LinuxAArch64NoEditor'
[2026.05.29-05.48.19:024][  0]LogTargetPlatformManager: Display: Loaded TargetPlatform 'LinuxAArch64Client'
[2026.05.29-05.48.19:027][  0]LogTargetPlatformManager: Display: Loaded TargetPlatform 'LinuxAArch64Server'
[2026.05.29-05.48.19:040][  0]LogTargetPlatformManager: Display: Loaded TargetPlatform 'Lumin'
[2026.05.29-05.48.19:040][  0]LogTargetPlatformManager: Display: Loaded TargetPlatform 'LuminClient'
[2026.05.29-05.48.19:045][  0]LogTargetPlatformManager: Display: Loaded TargetPlatform 'MacNoEditor'
[2026.05.29-05.48.19:049][  0]LogTargetPlatformManager: Display: Loaded TargetPlatform 'Mac'
[2026.05.29-05.48.19:052][  0]LogTargetPlatformManager: Display: Loaded TargetPlatform 'MacClient'
[2026.05.29-05.48.19:056][  0]LogTargetPlatformManager: Display: Loaded TargetPlatform 'MacServer'
[2026.05.29-05.48.19:062][  0]LogTargetPlatformManager: Display: Loaded TargetPlatform 'TVOSClient'
[2026.05.29-05.48.19:062][  0]LogTargetPlatformManager: Display: Loaded TargetPlatform 'TVOS'
[2026.05.29-05.48.19:068][  0]LogTargetPlatformManager: Display: Loaded TargetPlatform 'WindowsNoEditor'
[2026.05.29-05.48.19:072][  0]LogTargetPlatformManager: Display: Loaded TargetPlatform 'Windows'
[2026.05.29-05.48.19:075][  0]LogTargetPlatformManager: Display: Loaded TargetPlatform 'WindowsClient'
[2026.05.29-05.48.19:078][  0]LogTargetPlatformManager: Display: Loaded TargetPlatform 'WindowsServer'
[2026.05.29-05.48.19:078][  0]LogTargetPlatformManager: Display: Building Assets For Windows
[2026.05.29-05.48.19:084][  0]LogAudioDebug: Display: Lib vorbis DLL was dynamically loaded.
[2026.05.29-05.48.19:107][  0]LogTextureFormatOodle: Display: Oodle Texture 2.9.0 init RDO Off
[2026.05.29-05.48.19:131][  0]LogRendererCore: Ray tracing is disabled. Reason: r.RayTracing=0.
[2026.05.29-05.48.19:132][  0]LogShaderCompilers: Guid format shader working directory is -1 characters bigger than the processId version (../../../../../../UEProject/UnrealLearn/MyProject/Intermediate/Shaders/WorkingDirectory/18260/).
[2026.05.29-05.48.19:132][  0]LogShaderCompilers: Cleaned the shader compiler working directory 'C:/Users/LiamChen/AppData/Local/Temp/UnrealShaderWorkingDir/302F0BA14D7D9F4517A971AE52A47BEE/'.
[2026.05.29-05.48.19:132][  0]LogXGEController: Cannot use XGE Controller as Incredibuild is not installed on this machine.
[2026.05.29-05.48.19:132][  0]LogShaderCompilers: Cannot use XGE Shader Compiler as Incredibuild is not installed on this machine.
[2026.05.29-05.48.19:132][  0]LogShaderCompilers: Display: Using Local Shader Compiler.
[2026.05.29-05.48.19:586][  0]LogDerivedDataCache: Display: Max Cache Size: 512 MB
[2026.05.29-05.48.19:633][  0]LogDerivedDataCache: Loaded boot cache 0.05s 94MB C:/Users/LiamChen/AppData/Local/UnrealEngine/4.27/DerivedDataCache/Boot.ddc.
[2026.05.29-05.48.19:633][  0]LogDerivedDataCache: Display: Loaded Boot cache: C:/Users/LiamChen/AppData/Local/UnrealEngine/4.27/DerivedDataCache/Boot.ddc
[2026.05.29-05.48.19:633][  0]LogDerivedDataCache: FDerivedDataBackendGraph:  Pak pak cache file ../../../../../../UEProject/UnrealLearn/MyProject/DerivedDataCache/DDC.ddp not found, will not use a pak cache.
[2026.05.29-05.48.19:633][  0]LogDerivedDataCache: Unable to find inner node Pak for hierarchical cache Hierarchy.
[2026.05.29-05.48.19:633][  0]LogDerivedDataCache: FDerivedDataBackendGraph:  CompressedPak pak cache file ../../../../../../UEProject/UnrealLearn/MyProject/DerivedDataCache/Compressed.ddp not found, will not use a pak cache.
[2026.05.29-05.48.19:633][  0]LogDerivedDataCache: Unable to find inner node CompressedPak for hierarchical cache Hierarchy.
[2026.05.29-05.48.19:644][  0]LogDerivedDataCache: Display: Pak cache opened for reading ../../../Engine/DerivedDataCache/Compressed.ddp.
[2026.05.29-05.48.19:644][  0]LogDerivedDataCache: FDerivedDataBackendGraph:  EnterprisePak pak cache file ../../../Enterprise/DerivedDataCache/Compressed.ddp not found, will not use a pak cache.
[2026.05.29-05.48.19:644][  0]LogDerivedDataCache: Unable to find inner node EnterprisePak for hierarchical cache Hierarchy.
[2026.05.29-05.48.19:649][  0]LogDerivedDataCache: Speed tests for C:/Users/LiamChen/AppData/Local/UnrealEngine/Common/DerivedDataCache took 0.00 seconds
[2026.05.29-05.48.19:649][  0]LogDerivedDataCache: Display: Performance to C:/Users/LiamChen/AppData/Local/UnrealEngine/Common/DerivedDataCache: Latency=0.01ms. RandomReadSpeed=2200.96MBs, RandomWriteSpeed=220.27MBs. Assigned SpeedClass 'Local'
[2026.05.29-05.48.19:650][  0]LogDerivedDataCache: Using Local data cache path C:/Users/LiamChen/AppData/Local/UnrealEngine/Common/DerivedDataCache: Writable
[2026.05.29-05.48.19:650][  0]LogDerivedDataCache: Shared data cache path not found in *engine.ini, will not use an Shared cache.
[2026.05.29-05.48.19:650][  0]LogDerivedDataCache: Unable to find inner node Shared for hierarchical cache Hierarchy.
[2026.05.29-05.48.19:676][  0]LogSlate: Using FreeType 2.10.0
[2026.05.29-05.48.19:677][  0]LogSlate: SlateFontServices - WITH_FREETYPE: 1, WITH_HARFBUZZ: 1
[2026.05.29-05.48.19:694][  0]LogAssetRegistry: FAssetRegistry took 0.0019 seconds to start up
[2026.05.29-05.48.19:824][  0]LogInit: Selected Device Profile: [Windows]
[2026.05.29-05.48.19:824][  0]LogInit: Active device profile: [00000231E56C0D00][00000231D89630C0 49] Windows
[2026.05.29-05.48.19:824][  0]LogInit: Profiles: [00000231E56C0D00][00000231D89630C0 49] Windows, [00000231E5682300][00000231E45CB240 49] WindowsNoEditor, [00000231E56C1C00][00000231E45CF3C0 49] WindowsServer, [00000231E5683100][00000231E45D3540 49] WindowsClient, [00000231E56C2900][00000231E45D76C0 49] IOS, [00000231E5681A00][00000231E45DB840 49] iPadAir, [00000231E56C3E00][00000231E45DF9C0 49] iPadAir2, [00000231E562D100][00000231E45E6100 49] IPadPro, [00000231E562D200][00000231E45E2140 49] iPadAir3, [00000231E5680C00][00000231E45EA2C0 49] iPadAir4, [00000231E562DE00][00000231E45EE440 49] iPadMini2, [00000231E5683300][00000231E45C6580 49] iPadMini3, [00000231E562F900][00000231E45F26C0 49] iPadMini4, [00000231E5681000][00000231E45F6800 49] iPadMini5, [00000231E5658900][00000231E4602A80 49] iPhone6, [00000231E5658A00][00000231E45FAAC0 49] iPodTouch6, [00000231E56C2E00][00000231E460AD80 49] iPhone7, [00000231E56C2F00][00000231E4606DC0 49] iPodTouch7, [00000231E562FE00][00000231E460EF40 49] iPhone5S, [00000231E56C0F00][00000231E46130C0 49] iPhone6Plus, [00000231E5658100][00000231E4617240 49] iPhone6S, [00000231E562C300][00000231E461B3C0 49] iPhone6SPlus, [00000231E565A800][00000231E461F540 49] iPhone7Plus, [00000231E562E400][00000231E46236C0 49] iPhoneSE, [00000231E565A600][00000231E4627840 49] iPhone8, [00000231E562C400][00000231E462B9C0 49] iPhone8Plus, [00000231E565B100][00000231E462FB40 49] iPhoneX, [00000231E56C1400][00000231E4632140 49] iPhoneXS, [00000231E565AB00][00000231E46362C0 49] iPhoneXSMax, [00000231E56C0700][00000231E463A440 49] iPhoneXR, [00000231E5658800][00000231E463E5C0 49] iPhone11, [00000231E56C1100][00000231E4642740 49] iPhone11Pro, [00000231E5659A00][00000231E45FE880 49] iPhone11ProMax, [00000231E56C3700][00000231E46469C0 49] iPhoneSE2, [00000231E565B800][00000231E464AB00 49] iPhone12Mini, [00000231E56C2300][00000231E4652C80 49] iPhone12, [00000231E565B200][00000231E4656E00 49] iPhone12Pro, [00000231E56C1300][00000231E465AF80 49] iPhone12ProMax, [00000231E5659500][00000231E465F100 49] iPadPro105, [00000231E56C0A00][00000231E4663280 49] iPadPro129, [00000231E565BD00][00000231E4667400 49] iPadPro97, [00000231E56C2A00][00000231E466B580 49] iPadPro2_129, [00000231E565A900][00000231E466F700 49] iPad5, [00000231E56C1E00][00000231E4673880 49] iPad6, [00000231E5659300][00000231E4677A00 49] iPad7, [00000231E56C0200][00000231E467BB80 49] iPad8, [00000231E5658400][00000231E467E180 49] iPadPro11, [00000231E56C1A00][00000231E4682300 49] iPadPro2_11, [00000231E5659600][00000231E4686480 49] iPadPro3_129, [00000231E56C2700][00000231E468A600 49] iPadPro4_129, [00000231E5658200][00000231E468E780 49] AppleTV, [00000231E56C0900][00000231E4692900 49] AppleTV4K, [00000231E5659D00][00000231E464EA40 49] TVOS, [00000231E56C2D00][00000231E4696B80 49] Mac, [00000231E565B600][00000231E469ACC0 49] MacClient, [00000231E56C3900][00000231E46A2E40 49] MacNoEditor, [00000231E565B500][00000231E46A6FC0 49] MacServer, [00000231E56C1200][00000231E46AB140 49] Linux, [00000231E5659C00][00000231E46AF2C0 49] LinuxAArch64, [00000231E56C3C00][00000231E46B3440 49] LinuxNoEditor, [00000231E565A300][00000231E46B75C0 49] LinuxAArch64NoEditor, [00000231E56C1B00][00000231E46BB740 49] LinuxClient, [00000231E565A500][00000231E46BF8C0 49] LinuxAArch64Client, [00000231E56C0E00][00000231E46C3A40 49] LinuxServer, [00000231E565B900][00000231E46C7BC0 49] LinuxAArch64Server, [00000231E56C3500][00000231E46CA1C0 49] Android, [00000231E5659E00][00000231E46CE340 49] Android_Low, [00000231E56C1F00][00000231E46D24C0 49] Android_Mid, [00000231E565A200][00000231E46D6640 49] Android_High, [00000231E56C3F00][00000231E46DA7C0 49] Android_Default, [00000231E565A000][00000231E46DE940 49] Android_Adreno4xx, [00000231E56C3D00][00000231E46E2AC0 49] Android_Adreno5xx_Low, [00000231E565AA00][00000231E469EC00 49] Android_Adreno5xx, [00000231E56C3800][00000231E46E6D40 49] Android_Adreno6xx, [00000231E5680500][00000231E46EAE80 49] Android_Adreno6xx_Vulkan, [00000231E562D400][00000231E5700FC0 49] Android_Mali_T6xx, [00000231E5681100][00000231E5709140 49] Android_Mali_T7xx, [00000231E562ED00][00000231E570D2C0 49] Android_Mali_T8xx, [00000231E5682F00][00000231E5711440 49] Android_Mali_G71, [00000231E562F400][00000231E57155C0 49] Android_Mali_G72, [00000231E5681700][00000231E5719740 49] Android_Mali_G72_Vulkan, [00000231E562D300][00000231E571D8C0 49] Android_Mali_G76, [00000231E5683D00][00000231E5721A40 49] Android_Mali_G76_Vulkan, [00000231E562EC00][00000231E5795BC0 49] Android_Mali_G77, [00000231E5681500][00000231E57981C0 49] Android_Mali_G77_Vulkan, [00000231E562D800][00000231E581E340 49] Android_Mali_G78, [00000231E5682200][00000231DD3604C0 49] Android_Mali_G78_Vulkan, [00000231E562FD00][00000231DD222640 49] Android_Mali_G710, [00000231E5680300][00000231DD3CC7C0 49] Android_Mali_G710_Vulkan, [00000231E562C200][00000231DD3D0940 49] Android_Vulkan_SM5, [00000231E5680800][00000231DD2B4AC0 49] Android_PowerVR_G6xxx, [00000231E562E500][00000231DD2B8C40 49] Android_PowerVR_GT7xxx, [00000231E5680E00][00000231E5704D80 49] Android_PowerVR_GE8xxx, [00000231E562D500][00000231E1FEAEC0 49] Android_PowerVR_GM9xxx, [00000231E5680D00][00000231E5731000 49] Android_PowerVR_GM9xxx_Vulkan, [00000231E562D900][00000231E5739140 49] Android_TegraK1, [00000231E5680600][00000231E57492C0 49] Android_Unknown_Vulkan, [00000231E562F800][00000231E574D440 49] Lumin, [00000231E5682600][00000231E57775C0 49] Lumin_Desktop, [00000231E562FB00][00000231E577B740 49] HoloLens, 
[2026.05.29-05.48.19:905][  0]LogMeshReduction: Using QuadricMeshReduction for automatic static mesh reduction
[2026.05.29-05.48.19:905][  0]LogMeshReduction: Using SimplygonMeshReduction for automatic skeletal mesh reduction
[2026.05.29-05.48.19:905][  0]LogMeshReduction: Using ProxyLODMeshReduction for automatic mesh merging
[2026.05.29-05.48.19:905][  0]LogMeshReduction: No distributed automatic mesh merging module available
[2026.05.29-05.48.19:905][  0]LogMeshMerging: No distributed automatic mesh merging module available
[2026.05.29-05.48.19:914][  0]LogNetVersion: MyProject 1.0.0, NetCL: 17155196, EngineNetVer: 17, GameNetVer: 0 (Checksum: 3629800737)
[2026.05.29-05.48.20:135][  0]LogTexture: Default maximum texture size for cubemaps generated from long-lat sources has been changed from 512 to unlimited. In order to preserve old behaiour for '/Engine/MapTemplates/Sky/DaylightAmbientCubemap.DaylightAmbientCubemap', its maximum texture size has been explicitly set to 512.
[2026.05.29-05.48.20:173][  0]LogHMD: PokeAHoleMaterial loaded successfully
[2026.05.29-05.48.20:177][  0]LogUObjectArray: 17178 objects as part of root set at end of initial load.
[2026.05.29-05.48.20:177][  0]LogUObjectAllocator: 4302048 out of 0 bytes used by permanent object pool.
[2026.05.29-05.48.20:177][  0]LogUObjectArray: CloseDisregardForGC: 0/0 objects in disregard for GC pool
[2026.05.29-05.48.20:357][  0]LogPython: Using Python 3.7.7
[2026.05.29-05.48.20:649][  0]LogNiagaraDebuggerClient: Niagara Debugger Client Initialized | Session: 8FE59D9848816D6503AD589972DAB688 | Instance: D8A622B241E5125539041DB7052D9024 (MANKA-D-D-6017-18260).
[2026.05.29-05.48.20:753][  0]LogTcpMessaging: Initializing TcpMessaging bridge
[2026.05.29-05.48.20:756][  0]LogUdpMessaging: Initializing bridge on interface 0.0.0.0:0 to multicast group 230.0.0.1:6666.
[2026.05.29-05.48.21:011][  0]LogOpenImageDenoise: OIDN starting up
[2026.05.29-05.48.21:060][  0]LogAndroidPermission: UAndroidPermissionCallbackProxy::GetInstance
[2026.05.29-05.48.21:073][  0]LogAudioCaptureCore: Display: No Audio Capture implementations found. Audio input will be silent.
[2026.05.29-05.48.21:073][  0]LogAudioCaptureCore: Display: No Audio Capture implementations found. Audio input will be silent.
[2026.05.29-05.48.21:157][  0]SourceControl: Source control is disabled
[2026.05.29-05.48.21:158][  0]SourceControl: Source control is disabled
[2026.05.29-05.48.21:162][  0]SourceControl: Source control is disabled
[2026.05.29-05.48.21:164][  0]SourceControl: Source control is disabled
[2026.05.29-05.48.21:167][  0]LogUProjectInfo: Found projects:
[2026.05.29-05.48.21:171][  0]SourceControl: Source control is disabled
[2026.05.29-05.48.21:189][  0]LogCollectionManager: Loaded 0 collections in 0.001035 seconds
[2026.05.29-05.48.21:208][  0]LogFileCache: Scanning file cache for directory 'C:/UEProject/UnrealLearn/MyProject/Saved/Collections/' took 0.00s
[2026.05.29-05.48.21:208][  0]LogFileCache: Scanning file cache for directory 'C:/UEProject/UnrealLearn/MyProject/Content/Developers/LiamChen/Collections/' took 0.00s
[2026.05.29-05.48.21:208][  0]LogFileCache: Scanning file cache for directory 'C:/UEProject/UnrealLearn/MyProject/Content/Collections/' took 0.00s
[2026.05.29-05.48.21:208][  0]LogOcInput: OculusInput pre-init called
[2026.05.29-05.48.21:370][  0]LogEngine: Initializing Engine...
[2026.05.29-05.48.21:371][  0]LogHMD: Failed to enumerate extensions. Please check that you have a valid OpenXR runtime installed.
[2026.05.29-05.48.21:371][  0]LogHMD: Failed to initialize OpenVR with code 110
[2026.05.29-05.48.21:371][  0]LogMagicLeap: Warning: VR disabled because ZI is not enabled.  To enable, in the editor, Edit -> Project Settings -> Plugins -> Magic Leap Plugin -> Enable Zero Iteration
[2026.05.29-05.48.21:372][  0]LogStats: UGameplayTagsManager::InitializeManager -  0.000 s
[2026.05.29-05.48.21:444][  0]LogInit: Initializing FReadOnlyCVARCache
[2026.05.29-05.48.21:451][  0]LogAIModule: Creating AISystem for world Untitled
[2026.05.29-05.48.21:454][  0]LogAudio: Display: Initializing Audio Device Manager...
[2026.05.29-05.48.21:457][  0]LogAudio: Display: Loading Default Audio Settings Objects...
[2026.05.29-05.48.21:457][  0]LogAudio: Display: No default SoundConcurrencyObject specified (or failed to load).
[2026.05.29-05.48.21:457][  0]LogAudio: Display: Audio Device Manager Initialized
[2026.05.29-05.48.21:457][  0]LogAudio: Display: Creating Audio Device:                 Id: 1, Scope: Shared, Realtime: True
[2026.05.29-05.48.21:457][  0]LogAudioMixer: Display: Audio Mixer Platform Settings:
[2026.05.29-05.48.21:457][  0]LogAudioMixer: Display: 	Sample Rate:						  48000
[2026.05.29-05.48.21:457][  0]LogAudioMixer: Display: 	Callback Buffer Frame Size Requested: 1024
[2026.05.29-05.48.21:457][  0]LogAudioMixer: Display: 	Callback Buffer Frame Size To Use:	  1024
[2026.05.29-05.48.21:457][  0]LogAudioMixer: Display: 	Number of buffers to queue:			  2
[2026.05.29-05.48.21:457][  0]LogAudioMixer: Display: 	Max Channels (voices):				  32
[2026.05.29-05.48.21:457][  0]LogAudioMixer: Display: 	Number of Async Source Workers:		  0
[2026.05.29-05.48.21:457][  0]LogAudio: Display: AudioDevice MaxSources: 32
[2026.05.29-05.48.21:457][  0]LogAudio: Display: Audio Spatialization Plugin: None (built-in).
[2026.05.29-05.48.21:457][  0]LogAudio: Display: Audio Reverb Plugin: None (built-in).
[2026.05.29-05.48.21:457][  0]LogAudio: Display: Audio Occlusion Plugin: None (built-in).
[2026.05.29-05.48.21:457][  0]LogAudioMixer: Display: Initializing audio mixer.
[2026.05.29-05.48.21:466][  0]LogAudioMixer: Display: 0: FrontLeft
[2026.05.29-05.48.21:466][  0]LogAudioMixer: Display: 1: FrontRight
[2026.05.29-05.48.21:480][  0]LogAudioMixer: Display: Using Audio Device Headphones (WF-1000XM4)
[2026.05.29-05.48.21:481][  0]LogAudioMixer: Display: Initializing Sound Submixes...
[2026.05.29-05.48.21:482][  0]LogAudioMixer: Display: Creating Master Submix 'MasterSubmixDefault'
[2026.05.29-05.48.21:482][  0]LogAudioMixer: Display: Creating Master Submix 'MasterReverbSubmixDefault'
[2026.05.29-05.48.21:483][  0]LogAudioMixer: Display: Creating Master Submix 'MasterEQSubmixDefault'
[2026.05.29-05.48.21:483][  0]LogAudioMixer: FMixerPlatformXAudio2::StartAudioStream() called
[2026.05.29-05.48.21:483][  0]LogAudioMixer: Display: Output buffers initialized: Frames=1024, Channels=2, Samples=2048
[2026.05.29-05.48.21:484][  0]LogAudioMixer: Display: Starting AudioMixerPlatformInterface::RunInternal()
[2026.05.29-05.48.21:484][  0]LogAudioMixer: Display: FMixerPlatformXAudio2::SubmitBuffer() called for the first time
[2026.05.29-05.48.21:484][  0]LogInit: FAudioDevice initialized.
[2026.05.29-05.48.21:484][  0]LogAudio: Display: Audio Device (ID: 1) registered with world 'Untitled'.
[2026.05.29-05.48.21:484][  0]LogNetVersion: Set ProjectVersion to 1.0.0.0. Version Checksum will be recalculated on next use.
[2026.05.29-05.48.21:526][  0]LogDerivedDataCache: Saved boot cache 0.04s 94MB C:/Users/LiamChen/AppData/Local/UnrealEngine/4.27/DerivedDataCache/Boot.ddc.
[2026.05.29-05.48.21:526][  0]LogInit: Texture streaming: Enabled
[2026.05.29-05.48.21:537][  0]LogAnalytics: Display: [UEEditor.Rocket.Release] APIServer = https://datarouter.ol.epicgames.com/. AppVersion = 4.27.2-18319896+++UE4+Release-4.27
[2026.05.29-05.48.21:539][  0]LogEngineSessionManager: EngineSessionManager initialized
[2026.05.29-05.48.21:539][  0]LogEngineSessionManager: EngineSessionManager sent abnormal shutdown report. Type=Crashed, SessionId={78EE377F-4F16-D192-C6F9-B38005EBD1CE}
[2026.05.29-05.48.21:539][  0]LogEditorSessionSummary: Verbose: Initializing EditorSessionSummaryWriter for editor session tracking
[2026.05.29-05.48.21:541][  0]LogEditorSessionSummary: EditorSessionSummaryWriter initialized
[2026.05.29-05.48.21:561][  0]LogInit: Transaction tracking system initialized
[2026.05.29-05.48.21:577][  0]BlueprintLog: New page: Editor Load
[2026.05.29-05.48.21:623][  0]LocalizationService: Localization service is disabled
[2026.05.29-05.48.21:640][  0]TimingProfiler: Initialize
[2026.05.29-05.48.21:640][  0]TimingProfiler: OnSessionChanged
[2026.05.29-05.48.21:640][  0]LoadingProfiler: Initialize
[2026.05.29-05.48.21:640][  0]LoadingProfiler: OnSessionChanged
[2026.05.29-05.48.21:640][  0]NetworkingProfiler: Initialize
[2026.05.29-05.48.21:640][  0]NetworkingProfiler: OnSessionChanged
[2026.05.29-05.48.21:640][  0]MemoryProfiler: Initialize
[2026.05.29-05.48.21:640][  0]MemoryProfiler: OnSessionChanged
[2026.05.29-05.48.21:726][  0]LogCook: Display: CookSettings for Memory: MemoryMaxUsedVirtual 0MiB, MemoryMaxUsedPhysical 16384MiB, MemoryMinFreeVirtual 0MiB, MemoryMinFreePhysical 1024MiB
[2026.05.29-05.48.21:726][  0]LogCook: Display: Mobile HDR setting 1
[2026.05.29-05.48.21:762][  0]LogFileCache: Scanning file cache for directory 'C:/UEProject/UnrealLearn/MyProject/Content/' took 0.00s
[2026.05.29-05.48.21:979][  0]LogInit: Display: Engine is initialized. Leaving FEngineLoop::Init()
[2026.05.29-05.48.21:981][  0]SourceControl: Source control is disabled
[2026.05.29-05.48.21:981][  0]LogUnrealEdMisc: Loading editor; pre map load, took 4.412
[2026.05.29-05.48.21:981][  0]Cmd: MAP LOAD FILE="../../../../../../UEProject/UnrealLearn/MyProject/Content/ThirdPersonBP/Maps/ThirdPersonExampleMap.umap" TEMPLATE=0 SHOWPROGRESS=1 FEATURELEVEL=3
[2026.05.29-05.48.21:981][  0]LightingResults: New page: Lighting Build
[2026.05.29-05.48.21:982][  0]LogWorld: UWorld::CleanupWorld for Untitled, bSessionEnded=true, bCleanupResources=true
[2026.05.29-05.48.21:982][  0]LogSlate: InvalidateAllWidgets triggered.  All widgets were invalidated
[2026.05.29-05.48.21:982][  0]MapCheck: New page: Map Check
[2026.05.29-05.48.21:982][  0]LightingResults: New page: Lighting Build
[2026.05.29-05.48.21:988][  0]LogAudio: Display: Audio Device unregistered from world 'None'.
[2026.05.29-05.48.21:990][  0]LogUObjectHash: Compacting FUObjectHashTables data took   0.46ms
[2026.05.29-05.48.22:030][  0]LogAudio: Display: Audio Device (ID: 1) registered with world 'ThirdPersonExampleMap'.
[2026.05.29-05.48.22:031][  0]LogAIModule: Creating AISystem for world ThirdPersonExampleMap
[2026.05.29-05.48.22:033][  0]LogEditorServer: Finished looking for orphan Actors (0.000 secs)
[2026.05.29-05.48.22:038][  0]LogUObjectHash: Compacting FUObjectHashTables data took   0.77ms
[2026.05.29-05.48.22:038][  0]Cmd: MAP CHECKDEP NOCLEARLOG
[2026.05.29-05.48.22:038][  0]MapCheck: Map check complete: 0 Error(s), 0 Warning(s), took 0.12ms to complete.
[2026.05.29-05.48.22:038][  0]LogFileHelpers: Loading map 'ThirdPersonExampleMap' took 0.058
[2026.05.29-05.48.22:041][  0]LogUnrealEdMisc: Total Editor Startup Time, took 4.472
[2026.05.29-05.48.22:149][  0]LogSlate: Updating window title bar state: overlay mode, drag disabled, window buttons hidden, title bar hidden
[2026.05.29-05.48.22:152][  0]LogSlate: Updating window title bar state: overlay mode, drag disabled, window buttons hidden, title bar hidden
[2026.05.29-05.48.22:156][  0]LogSlate: Updating window title bar state: overlay mode, drag disabled, window buttons hidden, title bar hidden
[2026.05.29-05.48.22:160][  0]LogSlate: Updating window title bar state: overlay mode, drag disabled, window buttons hidden, title bar hidden
[2026.05.29-05.48.22:167][  0]LogNativeClassHierarchy: Verbose: Native class hierarchy populated in 0.0059 seconds. Added 3822 classes and 928 folders.
[2026.05.29-05.48.22:170][  0]LogNativeClassHierarchy: Verbose: Native class hierarchy updated for 'WidgetCarousel' in 0.0002 seconds. Added 0 classes and 0 folders.
[2026.05.29-05.48.22:170][  0]LogPakFile: PakFile PrimaryIndexSize=187
[2026.05.29-05.48.22:170][  0]LogPakFile: PakFile PathHashIndexSize=101
[2026.05.29-05.48.22:170][  0]LogPakFile: PakFile FullDirectoryIndexSize=148
[2026.05.29-05.48.22:170][  0]LogShaderLibrary: Display: ShaderCodeLibraryPakFileMountedCallback: PakFile 'C:/Program Files/Epic Games/UE_4.27/FeaturePacks/FP_FirstPerson.upack' (chunk index -1, root 'root:/') mounted
[2026.05.29-05.48.22:170][  0]LogShaderLibrary: Display: ShaderCodeLibraryPakFileMountedCallback: pending pak file info (ChunkID:-1 Root:root:/ File:C:/Program Files/Epic Games/UE_4.27/FeaturePacks/FP_FirstPerson.upack)
[2026.05.29-05.48.22:170][  0]LogPakFile: OnPakFileMounted2Time == 0.000046
[2026.05.29-05.48.22:170][  0]LogPakFile: PakFile PrimaryIndexSize=189
[2026.05.29-05.48.22:170][  0]LogPakFile: PakFile PathHashIndexSize=101
[2026.05.29-05.48.22:170][  0]LogPakFile: PakFile FullDirectoryIndexSize=152
[2026.05.29-05.48.22:171][  0]LogShaderLibrary: Display: ShaderCodeLibraryPakFileMountedCallback: PakFile 'C:/Program Files/Epic Games/UE_4.27/FeaturePacks/FP_FirstPersonBP.upack' (chunk index -1, root 'root:/') mounted
[2026.05.29-05.48.22:171][  0]LogShaderLibrary: Display: ShaderCodeLibraryPakFileMountedCallback: pending pak file info (ChunkID:-1 Root:root:/ File:C:/Program Files/Epic Games/UE_4.27/FeaturePacks/FP_FirstPersonBP.upack)
[2026.05.29-05.48.22:171][  0]LogPakFile: OnPakFileMounted2Time == 0.000039
[2026.05.29-05.48.22:171][  0]LogPakFile: PakFile PrimaryIndexSize=191
[2026.05.29-05.48.22:171][  0]LogPakFile: PakFile PathHashIndexSize=101
[2026.05.29-05.48.22:171][  0]LogPakFile: PakFile FullDirectoryIndexSize=160
[2026.05.29-05.48.22:171][  0]LogShaderLibrary: Display: ShaderCodeLibraryPakFileMountedCallback: PakFile 'C:/Program Files/Epic Games/UE_4.27/FeaturePacks/MobileStarterContent.upack' (chunk index -1, root 'root:/') mounted
[2026.05.29-05.48.22:171][  0]LogShaderLibrary: Display: ShaderCodeLibraryPakFileMountedCallback: pending pak file info (ChunkID:-1 Root:root:/ File:C:/Program Files/Epic Games/UE_4.27/FeaturePacks/MobileStarterContent.upack)
[2026.05.29-05.48.22:171][  0]LogPakFile: OnPakFileMounted2Time == 0.000025
[2026.05.29-05.48.22:171][  0]LogPakFile: PakFile PrimaryIndexSize=185
[2026.05.29-05.48.22:171][  0]LogPakFile: PakFile PathHashIndexSize=101
[2026.05.29-05.48.22:171][  0]LogPakFile: PakFile FullDirectoryIndexSize=148
[2026.05.29-05.48.22:171][  0]LogShaderLibrary: Display: ShaderCodeLibraryPakFileMountedCallback: PakFile 'C:/Program Files/Epic Games/UE_4.27/FeaturePacks/StarterContent.upack' (chunk index -1, root 'root:/') mounted
[2026.05.29-05.48.22:171][  0]LogShaderLibrary: Display: ShaderCodeLibraryPakFileMountedCallback: pending pak file info (ChunkID:-1 Root:root:/ File:C:/Program Files/Epic Games/UE_4.27/FeaturePacks/StarterContent.upack)
[2026.05.29-05.48.22:171][  0]LogPakFile: OnPakFileMounted2Time == 0.000027
[2026.05.29-05.48.22:171][  0]LogPakFile: PakFile PrimaryIndexSize=190
[2026.05.29-05.48.22:171][  0]LogPakFile: PakFile PathHashIndexSize=101
[2026.05.29-05.48.22:171][  0]LogPakFile: PakFile FullDirectoryIndexSize=154
[2026.05.29-05.48.22:171][  0]LogShaderLibrary: Display: ShaderCodeLibraryPakFileMountedCallback: PakFile 'C:/Program Files/Epic Games/UE_4.27/FeaturePacks/TP_2DSideScroller.upack' (chunk index -1, root 'root:/') mounted
[2026.05.29-05.48.22:172][  0]LogShaderLibrary: Display: ShaderCodeLibraryPakFileMountedCallback: pending pak file info (ChunkID:-1 Root:root:/ File:C:/Program Files/Epic Games/UE_4.27/FeaturePacks/TP_2DSideScroller.upack)
[2026.05.29-05.48.22:172][  0]LogPakFile: OnPakFileMounted2Time == 0.000025
[2026.05.29-05.48.22:172][  0]LogPakFile: PakFile PrimaryIndexSize=192
[2026.05.29-05.48.22:172][  0]LogPakFile: PakFile PathHashIndexSize=101
[2026.05.29-05.48.22:172][  0]LogPakFile: PakFile FullDirectoryIndexSize=158
[2026.05.29-05.48.22:172][  0]LogShaderLibrary: Display: ShaderCodeLibraryPakFileMountedCallback: PakFile 'C:/Program Files/Epic Games/UE_4.27/FeaturePacks/TP_2DSideScrollerBP.upack' (chunk index -1, root 'root:/') mounted
[2026.05.29-05.48.22:172][  0]LogShaderLibrary: Display: ShaderCodeLibraryPakFileMountedCallback: pending pak file info (ChunkID:-1 Root:root:/ File:C:/Program Files/Epic Games/UE_4.27/FeaturePacks/TP_2DSideScrollerBP.upack)
[2026.05.29-05.48.22:172][  0]LogPakFile: OnPakFileMounted2Time == 0.000024
[2026.05.29-05.48.22:172][  0]LogPakFile: PakFile PrimaryIndexSize=182
[2026.05.29-05.48.22:172][  0]LogPakFile: PakFile PathHashIndexSize=101
[2026.05.29-05.48.22:172][  0]LogPakFile: PakFile FullDirectoryIndexSize=138
[2026.05.29-05.48.22:172][  0]LogShaderLibrary: Display: ShaderCodeLibraryPakFileMountedCallback: PakFile 'C:/Program Files/Epic Games/UE_4.27/FeaturePacks/TP_Flying.upack' (chunk index -1, root 'root:/') mounted
[2026.05.29-05.48.22:172][  0]LogShaderLibrary: Display: ShaderCodeLibraryPakFileMountedCallback: pending pak file info (ChunkID:-1 Root:root:/ File:C:/Program Files/Epic Games/UE_4.27/FeaturePacks/TP_Flying.upack)
[2026.05.29-05.48.22:172][  0]LogPakFile: OnPakFileMounted2Time == 0.000026
[2026.05.29-05.48.22:172][  0]LogPakFile: PakFile PrimaryIndexSize=184
[2026.05.29-05.48.22:172][  0]LogPakFile: PakFile PathHashIndexSize=101
[2026.05.29-05.48.22:172][  0]LogPakFile: PakFile FullDirectoryIndexSize=142
[2026.05.29-05.48.22:172][  0]LogShaderLibrary: Display: ShaderCodeLibraryPakFileMountedCallback: PakFile 'C:/Program Files/Epic Games/UE_4.27/FeaturePacks/TP_FlyingBP.upack' (chunk index -1, root 'root:/') mounted
[2026.05.29-05.48.22:172][  0]LogShaderLibrary: Display: ShaderCodeLibraryPakFileMountedCallback: pending pak file info (ChunkID:-1 Root:root:/ File:C:/Program Files/Epic Games/UE_4.27/FeaturePacks/TP_FlyingBP.upack)
[2026.05.29-05.48.22:172][  0]LogPakFile: OnPakFileMounted2Time == 0.000024
[2026.05.29-05.48.22:173][  0]LogPakFile: PakFile PrimaryIndexSize=188
[2026.05.29-05.48.22:173][  0]LogPakFile: PakFile PathHashIndexSize=101
[2026.05.29-05.48.22:173][  0]LogPakFile: PakFile FullDirectoryIndexSize=150
[2026.05.29-05.48.22:173][  0]LogShaderLibrary: Display: ShaderCodeLibraryPakFileMountedCallback: PakFile 'C:/Program Files/Epic Games/UE_4.27/FeaturePacks/TP_HandheldARBP.upack' (chunk index -1, root 'root:/') mounted
[2026.05.29-05.48.22:173][  0]LogShaderLibrary: Display: ShaderCodeLibraryPakFileMountedCallback: pending pak file info (ChunkID:-1 Root:root:/ File:C:/Program Files/Epic Games/UE_4.27/FeaturePacks/TP_HandheldARBP.upack)
[2026.05.29-05.48.22:173][  0]LogPakFile: OnPakFileMounted2Time == 0.000026
[2026.05.29-05.48.22:173][  0]LogPakFile: PakFile PrimaryIndexSize=182
[2026.05.29-05.48.22:173][  0]LogPakFile: PakFile PathHashIndexSize=101
[2026.05.29-05.48.22:173][  0]LogPakFile: PakFile FullDirectoryIndexSize=138
[2026.05.29-05.48.22:173][  0]LogShaderLibrary: Display: ShaderCodeLibraryPakFileMountedCallback: PakFile 'C:/Program Files/Epic Games/UE_4.27/FeaturePacks/TP_Puzzle.upack' (chunk index -1, root 'root:/') mounted
[2026.05.29-05.48.22:173][  0]LogShaderLibrary: Display: ShaderCodeLibraryPakFileMountedCallback: pending pak file info (ChunkID:-1 Root:root:/ File:C:/Program Files/Epic Games/UE_4.27/FeaturePacks/TP_Puzzle.upack)
[2026.05.29-05.48.22:173][  0]LogPakFile: OnPakFileMounted2Time == 0.000031
[2026.05.29-05.48.22:174][  0]LogPakFile: PakFile PrimaryIndexSize=184
[2026.05.29-05.48.22:174][  0]LogPakFile: PakFile PathHashIndexSize=101
[2026.05.29-05.48.22:174][  0]LogPakFile: PakFile FullDirectoryIndexSize=142
[2026.05.29-05.48.22:174][  0]LogShaderLibrary: Display: ShaderCodeLibraryPakFileMountedCallback: PakFile 'C:/Program Files/Epic Games/UE_4.27/FeaturePacks/TP_PuzzleBP.upack' (chunk index -1, root 'root:/') mounted
[2026.05.29-05.48.22:174][  0]LogShaderLibrary: Display: ShaderCodeLibraryPakFileMountedCallback: pending pak file info (ChunkID:-1 Root:root:/ File:C:/Program Files/Epic Games/UE_4.27/FeaturePacks/TP_PuzzleBP.upack)
[2026.05.29-05.48.22:174][  0]LogPakFile: OnPakFileMounted2Time == 0.000031
[2026.05.29-05.48.22:174][  0]LogPakFile: PakFile PrimaryIndexSize=183
[2026.05.29-05.48.22:174][  0]LogPakFile: PakFile PathHashIndexSize=101
[2026.05.29-05.48.22:174][  0]LogPakFile: PakFile FullDirectoryIndexSize=140
[2026.05.29-05.48.22:174][  0]LogShaderLibrary: Display: ShaderCodeLibraryPakFileMountedCallback: PakFile 'C:/Program Files/Epic Games/UE_4.27/FeaturePacks/TP_Rolling.upack' (chunk index -1, root 'root:/') mounted
[2026.05.29-05.48.22:174][  0]LogShaderLibrary: Display: ShaderCodeLibraryPakFileMountedCallback: pending pak file info (ChunkID:-1 Root:root:/ File:C:/Program Files/Epic Games/UE_4.27/FeaturePacks/TP_Rolling.upack)
[2026.05.29-05.48.22:174][  0]LogPakFile: OnPakFileMounted2Time == 0.000021
[2026.05.29-05.48.22:175][  0]LogPakFile: PakFile PrimaryIndexSize=185
[2026.05.29-05.48.22:175][  0]LogPakFile: PakFile PathHashIndexSize=101
[2026.05.29-05.48.22:175][  0]LogPakFile: PakFile FullDirectoryIndexSize=144
[2026.05.29-05.48.22:175][  0]LogShaderLibrary: Display: ShaderCodeLibraryPakFileMountedCallback: PakFile 'C:/Program Files/Epic Games/UE_4.27/FeaturePacks/TP_RollingBP.upack' (chunk index -1, root 'root:/') mounted
[2026.05.29-05.48.22:175][  0]LogShaderLibrary: Display: ShaderCodeLibraryPakFileMountedCallback: pending pak file info (ChunkID:-1 Root:root:/ File:C:/Program Files/Epic Games/UE_4.27/FeaturePacks/TP_RollingBP.upack)
[2026.05.29-05.48.22:175][  0]LogPakFile: OnPakFileMounted2Time == 0.000030
[2026.05.29-05.48.22:175][  0]LogPakFile: PakFile PrimaryIndexSize=188
[2026.05.29-05.48.22:175][  0]LogPakFile: PakFile PathHashIndexSize=101
[2026.05.29-05.48.22:175][  0]LogPakFile: PakFile FullDirectoryIndexSize=150
[2026.05.29-05.48.22:175][  0]LogShaderLibrary: Display: ShaderCodeLibraryPakFileMountedCallback: PakFile 'C:/Program Files/Epic Games/UE_4.27/FeaturePacks/TP_SideScroller.upack' (chunk index -1, root 'root:/') mounted
[2026.05.29-05.48.22:175][  0]LogShaderLibrary: Display: ShaderCodeLibraryPakFileMountedCallback: pending pak file info (ChunkID:-1 Root:root:/ File:C:/Program Files/Epic Games/UE_4.27/FeaturePacks/TP_SideScroller.upack)
[2026.05.29-05.48.22:175][  0]LogPakFile: OnPakFileMounted2Time == 0.000029
[2026.05.29-05.48.22:175][  0]LogPakFile: PakFile PrimaryIndexSize=190
[2026.05.29-05.48.22:175][  0]LogPakFile: PakFile PathHashIndexSize=101
[2026.05.29-05.48.22:175][  0]LogPakFile: PakFile FullDirectoryIndexSize=154
[2026.05.29-05.48.22:175][  0]LogShaderLibrary: Display: ShaderCodeLibraryPakFileMountedCallback: PakFile 'C:/Program Files/Epic Games/UE_4.27/FeaturePacks/TP_SideScrollerBP.upack' (chunk index -1, root 'root:/') mounted
[2026.05.29-05.48.22:175][  0]LogShaderLibrary: Display: ShaderCodeLibraryPakFileMountedCallback: pending pak file info (ChunkID:-1 Root:root:/ File:C:/Program Files/Epic Games/UE_4.27/FeaturePacks/TP_SideScrollerBP.upack)
[2026.05.29-05.48.22:175][  0]LogPakFile: OnPakFileMounted2Time == 0.000033
[2026.05.29-05.48.22:176][  0]LogPakFile: PakFile PrimaryIndexSize=187
[2026.05.29-05.48.22:176][  0]LogPakFile: PakFile PathHashIndexSize=101
[2026.05.29-05.48.22:176][  0]LogPakFile: PakFile FullDirectoryIndexSize=148
[2026.05.29-05.48.22:176][  0]LogShaderLibrary: Display: ShaderCodeLibraryPakFileMountedCallback: PakFile 'C:/Program Files/Epic Games/UE_4.27/FeaturePacks/TP_ThirdPerson.upack' (chunk index -1, root 'root:/') mounted
[2026.05.29-05.48.22:176][  0]LogShaderLibrary: Display: ShaderCodeLibraryPakFileMountedCallback: pending pak file info (ChunkID:-1 Root:root:/ File:C:/Program Files/Epic Games/UE_4.27/FeaturePacks/TP_ThirdPerson.upack)
[2026.05.29-05.48.22:176][  0]LogPakFile: OnPakFileMounted2Time == 0.000034
[2026.05.29-05.48.22:176][  0]LogPakFile: PakFile PrimaryIndexSize=189
[2026.05.29-05.48.22:176][  0]LogPakFile: PakFile PathHashIndexSize=101
[2026.05.29-05.48.22:176][  0]LogPakFile: PakFile FullDirectoryIndexSize=152
[2026.05.29-05.48.22:176][  0]LogShaderLibrary: Display: ShaderCodeLibraryPakFileMountedCallback: PakFile 'C:/Program Files/Epic Games/UE_4.27/FeaturePacks/TP_ThirdPersonBP.upack' (chunk index -1, root 'root:/') mounted
[2026.05.29-05.48.22:176][  0]LogShaderLibrary: Display: ShaderCodeLibraryPakFileMountedCallback: pending pak file info (ChunkID:-1 Root:root:/ File:C:/Program Files/Epic Games/UE_4.27/FeaturePacks/TP_ThirdPersonBP.upack)
[2026.05.29-05.48.22:176][  0]LogPakFile: OnPakFileMounted2Time == 0.000024
[2026.05.29-05.48.22:176][  0]LogPakFile: PakFile PrimaryIndexSize=183
[2026.05.29-05.48.22:176][  0]LogPakFile: PakFile PathHashIndexSize=101
[2026.05.29-05.48.22:176][  0]LogPakFile: PakFile FullDirectoryIndexSize=140
[2026.05.29-05.48.22:176][  0]LogShaderLibrary: Display: ShaderCodeLibraryPakFileMountedCallback: PakFile 'C:/Program Files/Epic Games/UE_4.27/FeaturePacks/TP_TopDown.upack' (chunk index -1, root 'root:/') mounted
[2026.05.29-05.48.22:176][  0]LogShaderLibrary: Display: ShaderCodeLibraryPakFileMountedCallback: pending pak file info (ChunkID:-1 Root:root:/ File:C:/Program Files/Epic Games/UE_4.27/FeaturePacks/TP_TopDown.upack)
[2026.05.29-05.48.22:176][  0]LogPakFile: OnPakFileMounted2Time == 0.000031
[2026.05.29-05.48.22:177][  0]LogPakFile: PakFile PrimaryIndexSize=185
[2026.05.29-05.48.22:177][  0]LogPakFile: PakFile PathHashIndexSize=101
[2026.05.29-05.48.22:177][  0]LogPakFile: PakFile FullDirectoryIndexSize=144
[2026.05.29-05.48.22:177][  0]LogShaderLibrary: Display: ShaderCodeLibraryPakFileMountedCallback: PakFile 'C:/Program Files/Epic Games/UE_4.27/FeaturePacks/TP_TopDownBP.upack' (chunk index -1, root 'root:/') mounted
[2026.05.29-05.48.22:177][  0]LogShaderLibrary: Display: ShaderCodeLibraryPakFileMountedCallback: pending pak file info (ChunkID:-1 Root:root:/ File:C:/Program Files/Epic Games/UE_4.27/FeaturePacks/TP_TopDownBP.upack)
[2026.05.29-05.48.22:177][  0]LogPakFile: OnPakFileMounted2Time == 0.000024
[2026.05.29-05.48.22:177][  0]LogPakFile: PakFile PrimaryIndexSize=185
[2026.05.29-05.48.22:177][  0]LogPakFile: PakFile PathHashIndexSize=101
[2026.05.29-05.48.22:177][  0]LogPakFile: PakFile FullDirectoryIndexSize=144
[2026.05.29-05.48.22:177][  0]LogShaderLibrary: Display: ShaderCodeLibraryPakFileMountedCallback: PakFile 'C:/Program Files/Epic Games/UE_4.27/FeaturePacks/TP_TwinStick.upack' (chunk index -1, root 'root:/') mounted
[2026.05.29-05.48.22:177][  0]LogShaderLibrary: Display: ShaderCodeLibraryPakFileMountedCallback: pending pak file info (ChunkID:-1 Root:root:/ File:C:/Program Files/Epic Games/UE_4.27/FeaturePacks/TP_TwinStick.upack)
[2026.05.29-05.48.22:177][  0]LogPakFile: OnPakFileMounted2Time == 0.000025
[2026.05.29-05.48.22:177][  0]LogPakFile: PakFile PrimaryIndexSize=187
[2026.05.29-05.48.22:177][  0]LogPakFile: PakFile PathHashIndexSize=101
[2026.05.29-05.48.22:177][  0]LogPakFile: PakFile FullDirectoryIndexSize=148
[2026.05.29-05.48.22:177][  0]LogShaderLibrary: Display: ShaderCodeLibraryPakFileMountedCallback: PakFile 'C:/Program Files/Epic Games/UE_4.27/FeaturePacks/TP_TwinStickBP.upack' (chunk index -1, root 'root:/') mounted
[2026.05.29-05.48.22:177][  0]LogShaderLibrary: Display: ShaderCodeLibraryPakFileMountedCallback: pending pak file info (ChunkID:-1 Root:root:/ File:C:/Program Files/Epic Games/UE_4.27/FeaturePacks/TP_TwinStickBP.upack)
[2026.05.29-05.48.22:177][  0]LogPakFile: OnPakFileMounted2Time == 0.000021
[2026.05.29-05.48.22:177][  0]LogPakFile: PakFile PrimaryIndexSize=183
[2026.05.29-05.48.22:178][  0]LogPakFile: PakFile PathHashIndexSize=101
[2026.05.29-05.48.22:178][  0]LogPakFile: PakFile FullDirectoryIndexSize=140
[2026.05.29-05.48.22:178][  0]LogShaderLibrary: Display: ShaderCodeLibraryPakFileMountedCallback: PakFile 'C:/Program Files/Epic Games/UE_4.27/FeaturePacks/TP_Vehicle.upack' (chunk index -1, root 'root:/') mounted
[2026.05.29-05.48.22:178][  0]LogShaderLibrary: Display: ShaderCodeLibraryPakFileMountedCallback: pending pak file info (ChunkID:-1 Root:root:/ File:C:/Program Files/Epic Games/UE_4.27/FeaturePacks/TP_Vehicle.upack)
[2026.05.29-05.48.22:178][  0]LogPakFile: OnPakFileMounted2Time == 0.000020
[2026.05.29-05.48.22:178][  0]LogPakFile: PakFile PrimaryIndexSize=186
[2026.05.29-05.48.22:178][  0]LogPakFile: PakFile PathHashIndexSize=101
[2026.05.29-05.48.22:178][  0]LogPakFile: PakFile FullDirectoryIndexSize=146
[2026.05.29-05.48.22:178][  0]LogShaderLibrary: Display: ShaderCodeLibraryPakFileMountedCallback: PakFile 'C:/Program Files/Epic Games/UE_4.27/FeaturePacks/TP_VehicleAdv.upack' (chunk index -1, root 'root:/') mounted
[2026.05.29-05.48.22:178][  0]LogShaderLibrary: Display: ShaderCodeLibraryPakFileMountedCallback: pending pak file info (ChunkID:-1 Root:root:/ File:C:/Program Files/Epic Games/UE_4.27/FeaturePacks/TP_VehicleAdv.upack)
[2026.05.29-05.48.22:178][  0]LogPakFile: OnPakFileMounted2Time == 0.000020
[2026.05.29-05.48.22:178][  0]LogPakFile: PakFile PrimaryIndexSize=188
[2026.05.29-05.48.22:178][  0]LogPakFile: PakFile PathHashIndexSize=101
[2026.05.29-05.48.22:178][  0]LogPakFile: PakFile FullDirectoryIndexSize=150
[2026.05.29-05.48.22:178][  0]LogShaderLibrary: Display: ShaderCodeLibraryPakFileMountedCallback: PakFile 'C:/Program Files/Epic Games/UE_4.27/FeaturePacks/TP_VehicleAdvBP.upack' (chunk index -1, root 'root:/') mounted
[2026.05.29-05.48.22:178][  0]LogShaderLibrary: Display: ShaderCodeLibraryPakFileMountedCallback: pending pak file info (ChunkID:-1 Root:root:/ File:C:/Program Files/Epic Games/UE_4.27/FeaturePacks/TP_VehicleAdvBP.upack)
[2026.05.29-05.48.22:178][  0]LogPakFile: OnPakFileMounted2Time == 0.000022
[2026.05.29-05.48.22:178][  0]LogPakFile: PakFile PrimaryIndexSize=185
[2026.05.29-05.48.22:178][  0]LogPakFile: PakFile PathHashIndexSize=101
[2026.05.29-05.48.22:178][  0]LogPakFile: PakFile FullDirectoryIndexSize=144
[2026.05.29-05.48.22:178][  0]LogShaderLibrary: Display: ShaderCodeLibraryPakFileMountedCallback: PakFile 'C:/Program Files/Epic Games/UE_4.27/FeaturePacks/TP_VehicleBP.upack' (chunk index -1, root 'root:/') mounted
[2026.05.29-05.48.22:178][  0]LogShaderLibrary: Display: ShaderCodeLibraryPakFileMountedCallback: pending pak file info (ChunkID:-1 Root:root:/ File:C:/Program Files/Epic Games/UE_4.27/FeaturePacks/TP_VehicleBP.upack)
[2026.05.29-05.48.22:178][  0]LogPakFile: OnPakFileMounted2Time == 0.000022
[2026.05.29-05.48.22:179][  0]LogPakFile: PakFile PrimaryIndexSize=192
[2026.05.29-05.48.22:179][  0]LogPakFile: PakFile PathHashIndexSize=101
[2026.05.29-05.48.22:179][  0]LogPakFile: PakFile FullDirectoryIndexSize=158
[2026.05.29-05.48.22:179][  0]LogShaderLibrary: Display: ShaderCodeLibraryPakFileMountedCallback: PakFile 'C:/Program Files/Epic Games/UE_4.27/FeaturePacks/TP_VirtualRealityBP.upack' (chunk index -1, root 'root:/') mounted
[2026.05.29-05.48.22:179][  0]LogShaderLibrary: Display: ShaderCodeLibraryPakFileMountedCallback: pending pak file info (ChunkID:-1 Root:root:/ File:C:/Program Files/Epic Games/UE_4.27/FeaturePacks/TP_VirtualRealityBP.upack)
[2026.05.29-05.48.22:179][  0]LogPakFile: OnPakFileMounted2Time == 0.000019
[2026.05.29-05.48.22:200][  0]LogNativeClassHierarchy: Verbose: Native class hierarchy updated for 'AddContentDialog' in 0.0002 seconds. Added 0 classes and 0 folders.
[2026.05.29-05.48.22:200][  0]LogNativeClassHierarchy: Verbose: Native class hierarchy updated for 'SceneOutliner' in 0.0001 seconds. Added 2 classes and 0 folders.
[2026.05.29-05.48.22:246][  0]LogNativeClassHierarchy: Verbose: Native class hierarchy updated for 'HierarchicalLODOutliner' in 0.0002 seconds. Added 0 classes and 0 folders.
[2026.05.29-05.48.22:246][  0]LogInput: Warning: Action Jump uses invalid key OculusGo_Left_Trigger_Click.
[2026.05.29-05.48.22:246][  0]LogInput: Warning: Action ResetVR uses invalid key OculusGo_Left_Trackpad_Click.
[2026.05.29-05.48.22:246][  0]LogInput: Warning: Use -RemoveInvalidKeys to remove instances of these keys from the action mapping.
[2026.05.29-05.48.22:246][  0]LogLoad: (Engine Initialization) Total time: 4.68 seconds
[2026.05.29-05.48.22:246][  0]LogLoad: (Engine Initialization) Total Blueprint compile time: 0.00 seconds
[2026.05.29-05.48.22:279][  0]LogAssetRegistry: Asset discovery search completed in 2.5858 seconds
[2026.05.29-05.48.22:282][  0]LogCollectionManager: Fixed up redirectors for 0 collections in 0.000009 seconds (updated 0 objects)
[2026.05.29-05.48.22:283][  0]LogContentStreaming: Texture pool size now 1000 MB
[2026.05.29-05.48.22:287][  0]LogSlate: Took 0.000131 seconds to synchronously load lazily loaded font '../../../Engine/Content/Slate/Fonts/Roboto-Regular.ttf' (155K)
[2026.05.29-05.48.22:288][  0]LogSlate: Took 0.000140 seconds to synchronously load lazily loaded font '../../../Engine/Content/Editor/Slate/Fonts/FontAwesome.ttf' (139K)
[2026.05.29-05.48.22:288][  0]LogSlate: Took 0.000111 seconds to synchronously load lazily loaded font '../../../Engine/Content/Slate/Fonts/Roboto-Bold.ttf' (160K)
[2026.05.29-05.48.22:329][  0]LogRenderer: Reallocating scene render targets to support 804x360 Format 10 NumSamples 1 (Frame:1).
[2026.05.29-05.48.22:329][  0]LogSlate: Took 0.000134 seconds to synchronously load lazily loaded font '../../../Engine/Content/Slate/Fonts/Roboto-Light.ttf' (167K)
[2026.05.29-05.48.37:356][783]LogRenderer: Reallocating scene render targets to support 1208x568 Format 10 NumSamples 1 (Frame:1785).
[2026.05.29-05.48.38:134][874]LogTemp: Repeating last play command: Selected Viewport
[2026.05.29-05.48.38:137][874]LogPlayLevel: PlayLevel: No blueprints needed recompiling
[2026.05.29-05.48.38:137][874]PIE: New page: PIE session: ThirdPersonExampleMap (May 29, 2026, 11:48:38 PM)
[2026.05.29-05.48.38:139][874]LogOnline: OSS: Creating online subsystem instance for: NULL
[2026.05.29-05.48.38:140][874]LogOnline: OSS: TryLoadSubsystemAndSetDefault: Loaded subsystem for module [NULL]
[2026.05.29-05.48.38:140][874]LogPlayLevel: Creating play world package: /Game/ThirdPersonBP/Maps/UEDPIE_0_ThirdPersonExampleMap
[2026.05.29-05.48.38:150][874]LogPlayLevel: PIE: StaticDuplicateObject took: (0.009768s)
[2026.05.29-05.48.38:151][874]LogAIModule: Creating AISystem for world ThirdPersonExampleMap
[2026.05.29-05.48.38:151][874]LogPlayLevel: PIE: World Init took: (0.000915s)
[2026.05.29-05.48.38:151][874]LogPlayLevel: PIE: Created PIE world by copying editor world from /Game/ThirdPersonBP/Maps/ThirdPersonExampleMap.ThirdPersonExampleMap to /Game/ThirdPersonBP/Maps/UEDPIE_0_ThirdPersonExampleMap.ThirdPersonExampleMap (0.010811s)
[2026.05.29-05.48.38:158][874]LogUObjectHash: Compacting FUObjectHashTables data took   0.45ms
[2026.05.29-05.48.38:159][874]LogAudio: Display: Creating Audio Device:                 Id: 2, Scope: Unique, Realtime: True
[2026.05.29-05.48.38:159][874]LogAudioMixer: Display: Audio Mixer Platform Settings:
[2026.05.29-05.48.38:159][874]LogAudioMixer: Display: 	Sample Rate:						  48000
[2026.05.29-05.48.38:159][874]LogAudioMixer: Display: 	Callback Buffer Frame Size Requested: 1024
[2026.05.29-05.48.38:159][874]LogAudioMixer: Display: 	Callback Buffer Frame Size To Use:	  1024
[2026.05.29-05.48.38:159][874]LogAudioMixer: Display: 	Number of buffers to queue:			  2
[2026.05.29-05.48.38:159][874]LogAudioMixer: Display: 	Max Channels (voices):				  32
[2026.05.29-05.48.38:159][874]LogAudioMixer: Display: 	Number of Async Source Workers:		  0
[2026.05.29-05.48.38:159][874]LogAudio: Display: AudioDevice MaxSources: 32
[2026.05.29-05.48.38:160][874]LogAudio: Display: Audio Spatialization Plugin: None (built-in).
[2026.05.29-05.48.38:160][874]LogAudio: Display: Audio Reverb Plugin: None (built-in).
[2026.05.29-05.48.38:160][874]LogAudio: Display: Audio Occlusion Plugin: None (built-in).
[2026.05.29-05.48.38:160][874]LogAudioMixer: Display: Initializing audio mixer.
[2026.05.29-05.48.38:162][874]LogAudioMixer: Display: 0: FrontLeft
[2026.05.29-05.48.38:162][874]LogAudioMixer: Display: 1: FrontRight
[2026.05.29-05.48.38:165][874]LogAudioMixer: Display: Using Audio Device Headphones (WF-1000XM4)
[2026.05.29-05.48.38:166][874]LogAudioMixer: Display: Initializing Sound Submixes...
[2026.05.29-05.48.38:166][874]LogAudioMixer: Display: Creating Master Submix 'MasterSubmixDefault'
[2026.05.29-05.48.38:166][874]LogAudioMixer: Display: Creating Master Submix 'MasterReverbSubmixDefault'
[2026.05.29-05.48.38:166][874]LogAudioMixer: Display: Creating Master Submix 'MasterEQSubmixDefault'
[2026.05.29-05.48.38:166][874]LogAudioMixer: FMixerPlatformXAudio2::StartAudioStream() called
[2026.05.29-05.48.38:166][874]LogAudioMixer: Display: Output buffers initialized: Frames=1024, Channels=2, Samples=2048
[2026.05.29-05.48.38:167][874]LogAudioMixer: Display: Starting AudioMixerPlatformInterface::RunInternal()
[2026.05.29-05.48.38:167][874]LogAudioMixer: Display: FMixerPlatformXAudio2::SubmitBuffer() called for the first time
[2026.05.29-05.48.38:167][874]LogInit: FAudioDevice initialized.
[2026.05.29-05.48.38:167][874]LogAudio: Display: Audio Device (ID: 2) registered with world 'ThirdPersonExampleMap'.
[2026.05.29-05.48.38:239][874]LogMaterial: Display: Missing cached shadermap for M_UE4Man_Body in PCD3D_SM5, Default, SM5 (DDC key hash: 98F62F570888EA2AAD649D3A52E86914B759EB4E), compiling. 
[2026.05.29-05.48.38:298][874]LogShaderCompilers: Display: Submitted 88 shader compile jobs with 'Low' priority
[2026.05.29-05.48.38:299][874]LogMaterial: Display: Missing cached shadermap for M_UE4Man_ChestLogo in PCD3D_SM5, Default, SM5 (DDC key hash: B2B116A4FA40C1B21A8FB72F194106206D1E385C), compiling. 
[2026.05.29-05.48.38:326][874]LogShaderCompilers: Display: Worker (1/21): shaders left to compile 88
[2026.05.29-05.48.38:326][874]LogShaderCompilers: Display: Worker (2/21): shaders left to compile 83
[2026.05.29-05.48.38:326][874]LogShaderCompilers: Display: Worker (3/21): shaders left to compile 78
[2026.05.29-05.48.38:326][874]LogShaderCompilers: Display: Worker (4/21): shaders left to compile 73
[2026.05.29-05.48.38:326][874]LogShaderCompilers: Display: Worker (5/21): shaders left to compile 68
[2026.05.29-05.48.38:326][874]LogShaderCompilers: Display: Worker (6/21): shaders left to compile 63
[2026.05.29-05.48.38:327][874]LogShaderCompilers: Display: Worker (7/21): shaders left to compile 58
[2026.05.29-05.48.38:327][874]LogShaderCompilers: Display: Worker (8/21): shaders left to compile 53
[2026.05.29-05.48.38:327][874]LogShaderCompilers: Display: Worker (9/21): shaders left to compile 48
[2026.05.29-05.48.38:327][874]LogShaderCompilers: Display: Worker (10/21): shaders left to compile 43
[2026.05.29-05.48.38:327][874]LogShaderCompilers: Display: Worker (11/21): shaders left to compile 38
[2026.05.29-05.48.38:327][874]LogShaderCompilers: Display: Worker (12/21): shaders left to compile 33
[2026.05.29-05.48.38:327][874]LogShaderCompilers: Display: Worker (13/21): shaders left to compile 28
[2026.05.29-05.48.38:327][874]LogShaderCompilers: Display: Worker (14/21): shaders left to compile 23
[2026.05.29-05.48.38:327][874]LogShaderCompilers: Display: Worker (15/21): shaders left to compile 18
[2026.05.29-05.48.38:327][874]LogShaderCompilers: Display: Worker (16/21): shaders left to compile 13
[2026.05.29-05.48.38:327][874]LogShaderCompilers: Display: Worker (17/21): shaders left to compile 8
[2026.05.29-05.48.38:327][874]LogShaderCompilers: Display: Worker (18/21): shaders left to compile 3
[2026.05.29-05.48.38:327][874]LogShaderCompilers: Display: Started 88 'Local' shader compile jobs with 'Low' priority
[2026.05.29-05.48.38:327][874]LogShaderCompilers: Display: Submitted 88 shader compile jobs with 'Low' priority
[2026.05.29-05.48.38:341][874]LogAnimationCompression: Building Anim DDC data for AnimSequence /Game/AnimStarterPack/AimPoses/Aim_Center.Aim_Center
[2026.05.29-05.48.38:341][874]LogAnimationCompression: Building Anim DDC data for AnimSequence /Game/AnimStarterPack/AimPoses/Aim_Right_Up.Aim_Right_Up
[2026.05.29-05.48.38:341][874]LogLoad: Game class is 'ThirdPersonGameMode_C'
[2026.05.29-05.48.38:343][874]LogWorld: Bringing World /Game/ThirdPersonBP/Maps/UEDPIE_0_ThirdPersonExampleMap.ThirdPersonExampleMap up for play (max tick rate 0) at 2026.05.29-14.48.38
[2026.05.29-05.48.38:344][874]LogWorld: Bringing up level for play took: 0.000944
[2026.05.29-05.48.38:344][874]LogOnline: OSS: Creating online subsystem instance for: :Context_1
[2026.05.29-05.48.38:347][874]LogNativeClassHierarchy: Verbose: Native class hierarchy updated for 'MovieSceneCapture' in 0.0003 seconds. Added 20 classes and 0 folders.
[2026.05.29-05.48.38:350][874]PIE: Server logged in
[2026.05.29-05.48.38:352][874]PIE: Play in editor total start time 0.215 seconds.
[2026.05.29-05.48.38:400][876]LogAnimationCompression: Building Anim DDC data for AnimSequence /Game/AnimStarterPack/AimPoses/Aim_Left_Center.Aim_Left_Center
[2026.05.29-05.48.38:400][876]LogAnimationCompression: Building Anim DDC data for AnimSequence /Game/AnimStarterPack/AimPoses/Aim_Center_Up.Aim_Center_Up
[2026.05.29-05.48.38:400][876]LogShaderCompilers: Display: Worker (19/21): shaders left to compile 10
[2026.05.29-05.48.38:400][876]LogShaderCompilers: Display: Worker (20/21): shaders left to compile 9
[2026.05.29-05.48.38:400][876]LogShaderCompilers: Display: Started 2 'Local' shader compile jobs with 'ForceLocal' priority
[2026.05.29-05.48.38:428][877]LogAnimationCompression: Building Anim DDC data for AnimSequence /Game/AnimStarterPack/AimPoses/Aim_Left_Up.Aim_Left_Up
[2026.05.29-05.48.38:430][877]LogAnimationCompression: Building Anim DDC data for AnimSequence /Game/AnimStarterPack/AimPoses/Aim_Left_Down.Aim_Left_Down
[2026.05.29-05.48.38:441][878]LogAnimationCompression: Building Anim DDC data for AnimSequence /Game/AnimStarterPack/AimPoses/Aim_Right_Down.Aim_Right_Down
[2026.05.29-05.48.38:441][878]LogAnimationCompression: Building Anim DDC data for AnimSequence /Game/AnimStarterPack/AimPoses/Aim_Right_Center.Aim_Right_Center
[2026.05.29-05.48.39:101][907]LogShaderCompilers: Display: Worker (20/21): shaders left to compile 8
[2026.05.29-05.48.39:101][907]LogShaderCompilers: Display: Started 1 'Local' shader compile jobs with 'ForceLocal' priority
[2026.05.29-05.48.39:187][910]LogShaderCompilers: Display: Worker (19/21): shaders left to compile 7
[2026.05.29-05.48.39:187][910]LogShaderCompilers: Display: Started 1 'Local' shader compile jobs with 'ForceLocal' priority
[2026.05.29-05.48.39:405][917]LogShaderCompilers: Display: Worker (20/21): shaders left to compile 6
[2026.05.29-05.48.39:406][917]LogShaderCompilers: Display: Started 1 'Local' shader compile jobs with 'ForceLocal' priority
[2026.05.29-05.48.39:635][921]LogShaderCompilers: Display: Worker (19/21): shaders left to compile 5
[2026.05.29-05.48.39:635][921]LogShaderCompilers: Display: Started 1 'Local' shader compile jobs with 'ForceLocal' priority
[2026.05.29-05.48.39:704][921]LogShaderCompilers: Display: Worker (20/21): shaders left to compile 4
[2026.05.29-05.48.39:704][921]LogShaderCompilers: Display: Started 1 'Local' shader compile jobs with 'ForceLocal' priority
[2026.05.29-05.48.39:997][926]LogShaderCompilers: Display: Worker (19/21): shaders left to compile 3
[2026.05.29-05.48.39:997][926]LogShaderCompilers: Display: Started 1 'Local' shader compile jobs with 'ForceLocal' priority
[2026.05.29-05.48.40:181][933]LogShaderCompilers: Display: Worker (17/21): shaders left to compile 2
[2026.05.29-05.48.40:182][933]LogShaderCompilers: Display: Worker (18/21): shaders left to compile 1
[2026.05.29-05.48.40:182][933]LogShaderCompilers: Display: Started 2 'Local' shader compile jobs with 'ForceLocal' priority
[2026.05.29-05.48.40:221][934]LogShaderCompilers: Display: Worker (8/21): shaders left to compile 78
[2026.05.29-05.48.40:221][934]LogShaderCompilers: Display: Worker (16/21): shaders left to compile 74
[2026.05.29-05.48.40:221][934]LogShaderCompilers: Display: Started 8 'Local' shader compile jobs with 'Low' priority
[2026.05.29-05.48.40:502][943]LogShaderCompilers: Display: Worker (11/21): shaders left to compile 70
[2026.05.29-05.48.40:503][943]LogShaderCompilers: Display: Started 4 'Local' shader compile jobs with 'Low' priority
[2026.05.29-05.48.40:589][945]LogShaderCompilers: Display: Worker (13/21): shaders left to compile 66
[2026.05.29-05.48.40:589][945]LogShaderCompilers: Display: Worker (14/21): shaders left to compile 62
[2026.05.29-05.48.40:589][945]LogShaderCompilers: Display: Started 8 'Local' shader compile jobs with 'Low' priority
[2026.05.29-05.48.40:589][945]LogShaderCompilers: Display: Worker (12/21): shaders left to compile 58
[2026.05.29-05.48.40:589][945]LogShaderCompilers: Display: Started 3 'Local' shader compile jobs with 'Low' priority
[2026.05.29-05.48.40:743][950]LogShaderCompilers: Display: Worker (17/21): shaders left to compile 55
[2026.05.29-05.48.40:743][950]LogShaderCompilers: Display: Started 3 'Local' shader compile jobs with 'Low' priority
[2026.05.29-05.48.40:819][952]LogShaderCompilers: Display: Worker (20/21): shaders left to compile 52
[2026.05.29-05.48.40:819][952]LogShaderCompilers: Display: Started 3 'Local' shader compile jobs with 'Low' priority
[2026.05.29-05.48.40:850][953]LogShaderCompilers: Display: Worker (19/21): shaders left to compile 49
[2026.05.29-05.48.40:851][953]LogShaderCompilers: Display: Started 3 'Local' shader compile jobs with 'Low' priority
[2026.05.29-05.48.41:011][958]LogShaderCompilers: Display: Worker (5/21): shaders left to compile 46
[2026.05.29-05.48.41:012][958]LogShaderCompilers: Display: Started 3 'Local' shader compile jobs with 'Low' priority
[2026.05.29-05.48.41:047][959]LogShaderCompilers: Display: Worker (7/21): shaders left to compile 43
[2026.05.29-05.48.41:047][959]LogShaderCompilers: Display: Worker (15/21): shaders left to compile 40
[2026.05.29-05.48.41:047][959]LogShaderCompilers: Display: Started 6 'Local' shader compile jobs with 'Low' priority
[2026.05.29-05.48.41:047][959]LogShaderCompilers: Display: Worker (4/21): shaders left to compile 37
[2026.05.29-05.48.41:047][959]LogShaderCompilers: Display: Started 2 'Local' shader compile jobs with 'Low' priority
[2026.05.29-05.48.41:100][960]LogShaderCompilers: Display: Worker (3/21): shaders left to compile 35
[2026.05.29-05.48.41:100][960]LogShaderCompilers: Display: Started 2 'Local' shader compile jobs with 'Low' priority
[2026.05.29-05.48.41:193][961]LogShaderCompilers: Display: Worker (18/21): shaders left to compile 33
[2026.05.29-05.48.41:193][961]LogShaderCompilers: Display: Started 2 'Local' shader compile jobs with 'Low' priority
[2026.05.29-05.48.41:310][961]LogShaderCompilers: Display: Worker (9/21): shaders left to compile 31
[2026.05.29-05.48.41:310][961]LogShaderCompilers: Display: Started 2 'Local' shader compile jobs with 'Low' priority
[2026.05.29-05.48.41:586][969]LogShaderCompilers: Display: Worker (12/21): shaders left to compile 29
[2026.05.29-05.48.41:586][969]LogShaderCompilers: Display: Started 2 'Local' shader compile jobs with 'Low' priority
[2026.05.29-05.48.41:738][974]LogShaderCompilers: Display: Worker (6/21): shaders left to compile 27
[2026.05.29-05.48.41:738][974]LogShaderCompilers: Display: Started 2 'Local' shader compile jobs with 'Low' priority
[2026.05.29-05.48.41:781][975]LogShaderCompilers: Display: Worker (2/21): shaders left to compile 25
[2026.05.29-05.48.41:781][975]LogShaderCompilers: Display: Started 2 'Local' shader compile jobs with 'Low' priority
[2026.05.29-05.48.42:272][992]LogShaderCompilers: Display: Worker (4/21): shaders left to compile 23
[2026.05.29-05.48.42:272][992]LogShaderCompilers: Display: Started 2 'Local' shader compile jobs with 'Low' priority
[2026.05.29-05.48.42:304][993]LogShaderCompilers: Display: Worker (20/21): shaders left to compile 21
[2026.05.29-05.48.42:304][993]LogShaderCompilers: Display: Started 2 'Local' shader compile jobs with 'Low' priority
[2026.05.29-05.48.42:435][998]LogShaderCompilers: Display: Worker (7/21): shaders left to compile 19
[2026.05.29-05.48.42:435][998]LogShaderCompilers: Display: Started 1 'Local' shader compile jobs with 'Low' priority
[2026.05.29-05.48.42:458][999]LogShaderCompilers: Display: Worker (6/21): shaders left to compile 18
[2026.05.29-05.48.42:459][999]LogShaderCompilers: Display: Worker (9/21): shaders left to compile 17
[2026.05.29-05.48.42:459][999]LogShaderCompilers: Display: Worker (13/21): shaders left to compile 16
[2026.05.29-05.48.42:459][999]LogShaderCompilers: Display: Started 3 'Local' shader compile jobs with 'Low' priority
[2026.05.29-05.48.42:493][  0]LogShaderCompilers: Display: Worker (3/21): shaders left to compile 15
[2026.05.29-05.48.42:493][  0]LogShaderCompilers: Display: Started 1 'Local' shader compile jobs with 'Low' priority
[2026.05.29-05.48.42:493][  0]LogShaderCompilers: Display: Worker (12/21): shaders left to compile 14
[2026.05.29-05.48.42:493][  0]LogShaderCompilers: Display: Started 1 'Local' shader compile jobs with 'Low' priority
[2026.05.29-05.48.42:549][  2]LogShaderCompilers: Display: Worker (15/21): shaders left to compile 13
[2026.05.29-05.48.42:549][  2]LogShaderCompilers: Display: Started 1 'Local' shader compile jobs with 'Low' priority
[2026.05.29-05.48.42:554][  2]LogShaderCompilers: Display: Worker (5/21): shaders left to compile 12
[2026.05.29-05.48.42:554][  2]LogShaderCompilers: Display: Started 1 'Local' shader compile jobs with 'Low' priority
[2026.05.29-05.48.42:617][  4]LogShaderCompilers: Display: Worker (11/21): shaders left to compile 11
[2026.05.29-05.48.42:617][  4]LogShaderCompilers: Display: Worker (16/21): shaders left to compile 10
[2026.05.29-05.48.42:617][  4]LogShaderCompilers: Display: Worker (18/21): shaders left to compile 9
[2026.05.29-05.48.42:617][  4]LogShaderCompilers: Display: Started 3 'Local' shader compile jobs with 'Low' priority
[2026.05.29-05.48.42:685][  6]LogShaderCompilers: Display: Worker (14/21): shaders left to compile 8
[2026.05.29-05.48.42:685][  6]LogShaderCompilers: Display: Worker (20/21): shaders left to compile 7
[2026.05.29-05.48.42:685][  6]LogShaderCompilers: Display: Started 2 'Local' shader compile jobs with 'Low' priority
[2026.05.29-05.48.42:759][  8]LogShaderCompilers: Display: Worker (7/21): shaders left to compile 6
[2026.05.29-05.48.42:759][  8]LogShaderCompilers: Display: Started 1 'Local' shader compile jobs with 'Low' priority
[2026.05.29-05.48.42:845][ 10]LogShaderCompilers: Display: Worker (13/21): shaders left to compile 5
[2026.05.29-05.48.42:847][ 10]LogShaderCompilers: Display: Started 1 'Local' shader compile jobs with 'Low' priority
[2026.05.29-05.48.42:888][ 11]LogShaderCompilers: Display: Worker (3/21): shaders left to compile 4
[2026.05.29-05.48.42:888][ 11]LogShaderCompilers: Display: Worker (4/21): shaders left to compile 3
[2026.05.29-05.48.42:888][ 11]LogShaderCompilers: Display: Worker (10/21): shaders left to compile 2
[2026.05.29-05.48.42:888][ 11]LogShaderCompilers: Display: Started 3 'Local' shader compile jobs with 'Low' priority
[2026.05.29-05.48.42:888][ 11]LogShaderCompilers: Display: Worker (12/21): shaders left to compile 1
[2026.05.29-05.48.42:888][ 11]LogShaderCompilers: Display: Started 1 'Local' shader compile jobs with 'Low' priority
[2026.05.29-05.48.54:382][342]LogSlate: Updating window title bar state: overlay mode, drag disabled, window buttons hidden, title bar hidden
[2026.05.29-05.48.54:382][342]LogWorld: BeginTearingDown for /Game/ThirdPersonBP/Maps/UEDPIE_0_ThirdPersonExampleMap
[2026.05.29-05.48.54:382][342]LogWorld: UWorld::CleanupWorld for ThirdPersonExampleMap, bSessionEnded=true, bCleanupResources=true
[2026.05.29-05.48.54:383][342]LogSlate: InvalidateAllWidgets triggered.  All widgets were invalidated
[2026.05.29-05.48.54:390][342]LogPlayLevel: Display: Shutting down PIE online subsystems
[2026.05.29-05.48.54:392][342]LogSlate: InvalidateAllWidgets triggered.  All widgets were invalidated
[2026.05.29-05.48.54:397][342]LogAudio: Display: Audio Device unregistered from world 'None'.
[2026.05.29-05.48.54:397][342]LogAudioMixer: FMixerPlatformXAudio2::StopAudioStream() called
[2026.05.29-05.48.54:398][342]LogAudioMixer: FMixerPlatformXAudio2::StopAudioStream() called
[2026.05.29-05.48.54:400][342]LogSlate: Updating window title bar state: overlay mode, drag disabled, window buttons hidden, title bar hidden
[2026.05.29-05.48.54:402][342]LogUObjectHash: Compacting FUObjectHashTables data took   0.62ms
[2026.05.29-05.48.54:445][346]LogPlayLevel: Display: Destroying online subsystem :Context_1
[2026.05.29-05.49.01:336][166]LogLinker: Warning: [AssetLog] C:\UEProject\UnrealLearn\MyProject\Content\FirstPersonCPP\Blueprints\FirstPersonCharacter.uasset: Failed to load '/Script/TP_FirstPerson': Can't find file.
[2026.05.29-05.49.01:336][166]LogLinker: Warning: [AssetLog] C:\UEProject\UnrealLearn\MyProject\Content\FirstPersonCPP\Blueprints\FirstPersonCharacter.uasset: Failed to load '/Script/TP_FirstPerson': Can't find file.
[2026.05.29-05.49.01:337][166]LogLinker: Warning: [AssetLog] C:\UEProject\UnrealLearn\MyProject\Content\FirstPersonCPP\Blueprints\FirstPersonProjectile.uasset: Failed to load '/Script/TP_FirstPerson': Can't find file.
[2026.05.29-05.49.01:338][166]LogLinker: Warning: [AssetLog] C:\UEProject\UnrealLearn\MyProject\Content\FirstPersonCPP\Blueprints\FirstPersonProjectile.uasset: Failed to load '/Script/TP_FirstPerson': Can't find file.
[2026.05.29-05.49.01:338][166]LogLinker: Warning: [AssetLog] C:\UEProject\UnrealLearn\MyProject\Content\FirstPersonCPP\Blueprints\FirstPersonProjectile.uasset: Failed to load '/Script/TP_FirstPerson': Can't find file.
[2026.05.29-05.49.01:338][166]LogLinker: Warning: [AssetLog] C:\UEProject\UnrealLearn\MyProject\Content\FirstPersonCPP\Blueprints\FirstPersonProjectile.uasset: Failed to load '/Script/TP_FirstPerson': Can't find file.
[2026.05.29-05.49.01:338][166]LogLinker: Warning: [AssetLog] C:\UEProject\UnrealLearn\MyProject\Content\FirstPersonCPP\Blueprints\FirstPersonProjectile.uasset: Failed to load '/Script/TP_FirstPerson': Can't find file.
[2026.05.29-05.49.01:338][166]LogLinker: Warning: [AssetLog] C:\UEProject\UnrealLearn\MyProject\Content\FirstPersonCPP\Blueprints\FirstPersonCharacter.uasset: Failed to load '/Script/TP_FirstPerson': Can't find file.
[2026.05.29-05.49.01:338][166]LogLinker: Warning: CreateExport: Failed to load Parent for BlueprintGeneratedClass /Game/FirstPersonCPP/Blueprints/FirstPersonProjectile.FirstPersonProjectile_C
[2026.05.29-05.49.01:338][166]LogLinker: Warning: [AssetLog] C:\UEProject\UnrealLearn\MyProject\Content\FirstPersonCPP\Blueprints\FirstPersonCharacter.uasset: Failed to load '/Script/TP_FirstPerson': Can't find file.
[2026.05.29-05.49.01:338][166]LogLinker: Warning: CreateExport: Failed to load Parent for BlueprintGeneratedClass /Game/FirstPersonCPP/Blueprints/FirstPersonProjectile.FirstPersonProjectile_C
[2026.05.29-05.49.01:338][166]LogLinker: Warning: [AssetLog] C:\UEProject\UnrealLearn\MyProject\Content\FirstPersonCPP\Blueprints\FirstPersonCharacter.uasset: Failed to load '/Script/TP_FirstPerson': Can't find file.
[2026.05.29-05.49.01:338][166]LogLinker: Warning: CreateExport: Failed to load Parent for BlueprintGeneratedClass /Game/FirstPersonCPP/Blueprints/FirstPersonProjectile.FirstPersonProjectile_C
[2026.05.29-05.49.01:338][166]LogLinker: Warning: [AssetLog] C:\UEProject\UnrealLearn\MyProject\Content\FirstPersonCPP\Blueprints\FirstPersonCharacter.uasset: Failed to load '/Script/TP_FirstPerson': Can't find file.
[2026.05.29-05.49.01:338][166]LogLinker: Warning: CreateExport: Failed to load Parent for BlueprintGeneratedClass /Game/FirstPersonCPP/Blueprints/FirstPersonProjectile.FirstPersonProjectile_C
[2026.05.29-05.49.01:338][166]LogLinker: Warning: Unable to load Default__FirstPersonProjectile_C with outer Package /Game/FirstPersonCPP/Blueprints/FirstPersonProjectile because its class does not exist
[2026.05.29-05.49.01:338][166]LogLinker: Warning: [AssetLog] C:\UEProject\UnrealLearn\MyProject\Content\FirstPersonCPP\Blueprints\FirstPersonCharacter.uasset: Failed to load '/Script/TP_FirstPerson': Can't find file.
[2026.05.29-05.49.01:338][166]LogLinker: Warning: CreateExport: Failed to load Parent for BlueprintGeneratedClass /Game/FirstPersonCPP/Blueprints/FirstPersonProjectile.FirstPersonProjectile_C
[2026.05.29-05.49.01:338][166]LogLinker: Warning: [AssetLog] C:\UEProject\UnrealLearn\MyProject\Content\FirstPersonCPP\Blueprints\FirstPersonCharacter.uasset: Failed to load '/Script/TP_FirstPerson': Can't find file.
[2026.05.29-05.49.01:338][166]LogLinker: Warning: CreateExport: Failed to load Parent for BlueprintGeneratedClass /Game/FirstPersonCPP/Blueprints/FirstPersonProjectile.FirstPersonProjectile_C
[2026.05.29-05.49.01:338][166]LogLinker: Warning: [AssetLog] C:\UEProject\UnrealLearn\MyProject\Content\FirstPersonCPP\Blueprints\FirstPersonCharacter.uasset: Failed to load '/Script/TP_FirstPerson': Can't find file.
[2026.05.29-05.49.01:338][166]LogLinker: Warning: CreateExport: Failed to load Parent for BlueprintGeneratedClass /Game/FirstPersonCPP/Blueprints/FirstPersonProjectile.FirstPersonProjectile_C
[2026.05.29-05.49.01:338][166]LogLinker: Warning: [AssetLog] C:\UEProject\UnrealLearn\MyProject\Content\FirstPersonCPP\Blueprints\FirstPersonCharacter.uasset: Failed to load '/Script/TP_FirstPerson': Can't find file.
[2026.05.29-05.49.01:338][166]LogLinker: Warning: [AssetLog] C:\UEProject\UnrealLearn\MyProject\Content\FirstPersonCPP\Blueprints\FirstPersonCharacter.uasset: Failed to load '/Script/TP_FirstPerson': Can't find file.
[2026.05.29-05.49.01:338][166]LogLinker: Warning: [AssetLog] C:\UEProject\UnrealLearn\MyProject\Content\FirstPersonCPP\Blueprints\FirstPersonCharacter.uasset: Failed to load '/Script/TP_FirstPerson': Can't find file.
[2026.05.29-05.49.01:338][166]LogLinker: Warning: [AssetLog] C:\UEProject\UnrealLearn\MyProject\Content\FirstPersonCPP\Blueprints\FirstPersonCharacter.uasset: Failed to load '/Script/TP_FirstPerson': Can't find file.
[2026.05.29-05.49.01:338][166]LogLinker: Warning: [AssetLog] C:\UEProject\UnrealLearn\MyProject\Content\FirstPersonCPP\Blueprints\FirstPersonCharacter.uasset: Failed to load '/Script/TP_FirstPerson': Can't find file.
[2026.05.29-05.49.01:338][166]LogLinker: Warning: [AssetLog] C:\UEProject\UnrealLearn\MyProject\Content\FirstPersonCPP\Blueprints\FirstPersonCharacter.uasset: Failed to load '/Script/TP_FirstPerson': Can't find file.
[2026.05.29-05.49.01:347][166]LogLinker: Warning: [AssetLog] C:\UEProject\UnrealLearn\MyProject\Content\FirstPersonCPP\Blueprints\FirstPersonCharacter.uasset: Failed to load '/Script/TP_FirstPerson': Can't find file.
[2026.05.29-05.49.01:347][166]LogLinker: Warning: [AssetLog] C:\UEProject\UnrealLearn\MyProject\Content\FirstPersonCPP\Blueprints\FirstPersonCharacter.uasset: Failed to load '/Script/TP_FirstPerson': Can't find file.
[2026.05.29-05.49.01:347][166]LogLinker: Warning: [AssetLog] C:\UEProject\UnrealLearn\MyProject\Content\FirstPersonCPP\Blueprints\FirstPersonCharacter.uasset: Failed to load '/Script/TP_FirstPerson': Can't find file.
[2026.05.29-05.49.01:347][166]LogLinker: Warning: [AssetLog] C:\UEProject\UnrealLearn\MyProject\Content\FirstPersonCPP\Blueprints\FirstPersonCharacter.uasset: Failed to load '/Script/TP_FirstPerson': Can't find file.
[2026.05.29-05.49.01:347][166]LogLinker: Warning: [AssetLog] C:\UEProject\UnrealLearn\MyProject\Content\FirstPersonCPP\Blueprints\FirstPersonCharacter.uasset: Failed to load '/Script/TP_FirstPerson': Can't find file.
[2026.05.29-05.49.01:347][166]LogLinker: Warning: [AssetLog] C:\UEProject\UnrealLearn\MyProject\Content\FirstPersonCPP\Blueprints\FirstPersonCharacter.uasset: Failed to load '/Script/TP_FirstPerson': Can't find file.
[2026.05.29-05.49.01:347][166]LogLinker: Warning: [AssetLog] C:\UEProject\UnrealLearn\MyProject\Content\FirstPersonCPP\Blueprints\FirstPersonCharacter.uasset: Failed to load '/Script/TP_FirstPerson': Can't find file.
[2026.05.29-05.49.01:347][166]LogLinker: Warning: [AssetLog] C:\UEProject\UnrealLearn\MyProject\Content\FirstPersonCPP\Blueprints\FirstPersonCharacter.uasset: Failed to load '/Script/TP_FirstPerson': Can't find file.
[2026.05.29-05.49.01:347][166]LogLinker: Warning: Failed to load '/Script/TP_FirstPerson': Can't find file.
[2026.05.29-05.49.01:347][166]LogLinker: Warning: CreateExport: Failed to load Parent for BlueprintGeneratedClass /Game/FirstPersonCPP/Blueprints/FirstPersonCharacter.FirstPersonCharacter_C
[2026.05.29-05.49.01:347][166]LogLinker: Warning: Unable to load Default__FirstPersonCharacter_C with outer Package /Game/FirstPersonCPP/Blueprints/FirstPersonCharacter because its class does not exist
[2026.05.29-05.49.01:347][166]LogLinker: Warning: Failed to load '/Script/TP_FirstPerson': Can't find file.
[2026.05.29-05.49.01:347][166]LogLinker: Warning: CreateExport: Failed to load Parent for BlueprintGeneratedClass /Game/FirstPersonCPP/Blueprints/FirstPersonCharacter.FirstPersonCharacter_C
[2026.05.29-05.49.01:347][166]LogLinker: Warning: Failed to load '/Script/TP_FirstPerson': Can't find file.
[2026.05.29-05.49.01:347][166]LogLinker: Warning: CreateExport: Failed to load Parent for BlueprintGeneratedClass /Game/FirstPersonCPP/Blueprints/FirstPersonCharacter.FirstPersonCharacter_C
[2026.05.29-05.49.01:347][166]LogLinker: Warning: Failed to load '/Script/TP_FirstPerson': Can't find file.
[2026.05.29-05.49.01:347][166]LogLinker: Warning: CreateExport: Failed to load Parent for BlueprintGeneratedClass /Game/FirstPersonCPP/Blueprints/FirstPersonCharacter.FirstPersonCharacter_C
[2026.05.29-05.49.01:375][166]LogLinker: Warning: [AssetLog] C:\UEProject\UnrealLearn\MyProject\Content\FirstPersonCPP\Blueprints\FirstPersonCharacter.uasset: Failed to load '/Script/TP_FirstPerson': Can't find file.
[2026.05.29-05.49.01:376][166]LoadErrors: Failed to load /Script/TP_FirstPerson.TP_FirstPersonCharacter Referenced by FirstPersonCharacter
[2026.05.29-05.49.01:376][166]LogLinker: Warning: [AssetLog] C:\UEProject\UnrealLearn\MyProject\Content\FirstPersonCPP\Blueprints\FirstPersonCharacter.uasset: Failed to load '/Script/TP_FirstPerson': Can't find file.
[2026.05.29-05.49.01:376][166]LogLinker: Warning: CreateExport: Failed to load Parent for BlueprintGeneratedClass /Game/FirstPersonCPP/Blueprints/FirstPersonCharacter.FirstPersonCharacter_C
[2026.05.29-05.49.01:376][166]LogLinker: Warning: [AssetLog] C:\UEProject\UnrealLearn\MyProject\Content\FirstPersonCPP\Blueprints\FirstPersonCharacter.uasset: Failed to load '/Script/TP_FirstPerson': Can't find file.
[2026.05.29-05.49.01:376][166]LoadErrors: Failed to load /Script/TP_FirstPerson.TP_FirstPersonCharacter Referenced by PackageMetaData
[2026.05.29-05.49.01:376][166]LogLinker: Warning: CreateExport: Failed to load Parent for BlueprintGeneratedClass /Game/FirstPersonCPP/Blueprints/FirstPersonCharacter.FirstPersonCharacter_C
[2026.05.29-05.49.01:376][166]LogLinker: Warning: [AssetLog] C:\UEProject\UnrealLearn\MyProject\Content\FirstPersonCPP\Blueprints\FirstPersonProjectile.uasset: Failed to load '/Script/TP_FirstPerson': Can't find file.
[2026.05.29-05.49.01:376][166]LoadErrors: Failed to load /Script/TP_FirstPerson.TP_FirstPersonProjectile Referenced by FirstPersonProjectile
[2026.05.29-05.49.01:377][166]LogLinker: Warning: [AssetLog] C:\UEProject\UnrealLearn\MyProject\Content\FirstPersonCPP\Blueprints\FirstPersonProjectile.uasset: Failed to load '/Script/TP_FirstPerson': Can't find file.
[2026.05.29-05.49.01:377][166]LogLinker: Warning: CreateExport: Failed to load Parent for BlueprintGeneratedClass /Game/FirstPersonCPP/Blueprints/FirstPersonProjectile.FirstPersonProjectile_C
[2026.05.29-05.49.01:377][166]LogLinker: Warning: [AssetLog] C:\UEProject\UnrealLearn\MyProject\Content\FirstPersonCPP\Blueprints\FirstPersonProjectile.uasset: Failed to load '/Script/TP_FirstPerson': Can't find file.
[2026.05.29-05.49.01:377][166]LoadErrors: Failed to load /Script/TP_FirstPerson.TP_FirstPersonProjectile Referenced by PackageMetaData
[2026.05.29-05.49.01:377][166]LogLinker: Warning: CreateExport: Failed to load Parent for BlueprintGeneratedClass /Game/FirstPersonCPP/Blueprints/FirstPersonProjectile.FirstPersonProjectile_C
[2026.05.29-05.49.01:417][166]LogSlate: Took 0.000131 seconds to synchronously load lazily loaded font '../../../Engine/Content/Slate/Fonts/Roboto-Light.ttf' (167K)
[2026.05.29-05.49.01:434][166]LogAssetEditorSubsystem: Opening Asset editor for Blueprint /Game/FirstPersonCPP/Blueprints/FirstPersonCharacter.FirstPersonCharacter
[2026.05.29-05.49.02:765][166]LogSlate: Window 'Message' being destroyed
[2026.05.29-05.49.02:774][166]Message dialog closed, result: Yes, title: Message, text: Blueprint could not be loaded because it derives from an invalid class.  Check to make sure the parent class for this blueprint hasn't been removed! Do you want to continue (it can crash the editor)?
[2026.05.29-05.49.02:876][166]LogNativeClassHierarchy: Verbose: Native class hierarchy updated for 'BlueprintGraph' in 0.0003 seconds. Added 126 classes and 0 folders.
[2026.05.29-05.49.03:052][166]LogOutputDevice: Warning: 

Script Stack (0 frames):

[2026.05.29-05.49.03:102][166]LogStats: FPlatformStackWalk::StackWalkAndDump -  0.050 s
[2026.05.29-05.49.03:102][166]LogOutputDevice: Error: === Handled ensure: ===
[2026.05.29-05.49.03:102][166]LogOutputDevice: Error: 
[2026.05.29-05.49.03:102][166]LogOutputDevice: Error: Ensure condition failed: BpClass != nullptr [File:D:/Build/++UE4/Sync/Engine/Source/Editor/BlueprintGraph/Private/BlueprintActionFilter.cpp] [Line: 632]
[2026.05.29-05.49.03:102][166]LogOutputDevice: Error: Unable to resolve IsEventUnimplementable() - Blueprint (FirstPersonCharacter) missing an authoratative class (skel: [NULL], generated: [NULL], parent: [NULL])
[2026.05.29-05.49.03:102][166]LogOutputDevice: Error: Stack: 
[2026.05.29-05.49.03:102][166]LogOutputDevice: Error: [Callstack] 0x00007ffe75bbef1f UE4Editor-BlueprintGraph.dll!UnknownFunction []
[2026.05.29-05.49.03:102][166]LogOutputDevice: Error: [Callstack] 0x00007ffe75a0908d UE4Editor-BlueprintGraph.dll!UnknownFunction []
[2026.05.29-05.49.03:102][166]LogOutputDevice: Error: [Callstack] 0x00007ffe75a09a33 UE4Editor-BlueprintGraph.dll!UnknownFunction []
[2026.05.29-05.49.03:102][166]LogOutputDevice: Error: [Callstack] 0x00007ffe75a098cb UE4Editor-BlueprintGraph.dll!UnknownFunction []
[2026.05.29-05.49.03:102][166]LogOutputDevice: Error: [Callstack] 0x00007ffe625bd816 UE4Editor-Kismet.dll!UnknownFunction []
[2026.05.29-05.49.03:102][166]LogOutputDevice: Error: [Callstack] 0x00007ffe625e7199 UE4Editor-Kismet.dll!UnknownFunction []
[2026.05.29-05.49.03:102][166]LogOutputDevice: Error: [Callstack] 0x00007ffe625bde52 UE4Editor-Kismet.dll!UnknownFunction []
[2026.05.29-05.49.03:102][166]LogOutputDevice: Error: [Callstack] 0x00007ffe6282d078 UE4Editor-Kismet.dll!UnknownFunction []
[2026.05.29-05.49.03:102][166]LogOutputDevice: Error: [Callstack] 0x00007ffe62868d17 UE4Editor-Kismet.dll!UnknownFunction []
[2026.05.29-05.49.03:102][166]LogOutputDevice: Error: [Callstack] 0x00007ffe5c63b017 UE4Editor-GraphEditor.dll!UnknownFunction []
[2026.05.29-05.49.03:102][166]LogOutputDevice: Error: [Callstack] 0x00007ffe5c533edb UE4Editor-GraphEditor.dll!UnknownFunction []
[2026.05.29-05.49.03:103][166]LogOutputDevice: Error: [Callstack] 0x00007ffe628438fe UE4Editor-Kismet.dll!UnknownFunction []
[2026.05.29-05.49.03:103][166]LogOutputDevice: Error: [Callstack] 0x00007ffe6283f00a UE4Editor-Kismet.dll!UnknownFunction []
[2026.05.29-05.49.03:103][166]LogOutputDevice: Error: [Callstack] 0x00007ffe6283f705 UE4Editor-Kismet.dll!UnknownFunction []
[2026.05.29-05.49.03:103][166]LogOutputDevice: Error: [Callstack] 0x00007ffe62649b58 UE4Editor-Kismet.dll!UnknownFunction []
[2026.05.29-05.49.03:103][166]LogOutputDevice: Error: [Callstack] 0x00007ffe6263eab0 UE4Editor-Kismet.dll!UnknownFunction []
[2026.05.29-05.49.03:103][166]LogOutputDevice: Error: [Callstack] 0x00007ffe6266ca17 UE4Editor-Kismet.dll!UnknownFunction []
[2026.05.29-05.49.03:103][166]LogOutputDevice: Error: [Callstack] 0x00007ffe627226af UE4Editor-Kismet.dll!UnknownFunction []
[2026.05.29-05.49.03:103][166]LogOutputDevice: Error: [Callstack] 0x00007ffe62722c88 UE4Editor-Kismet.dll!UnknownFunction []
[2026.05.29-05.49.03:103][166]LogOutputDevice: Error: [Callstack] 0x00007ffe58d5ffd6 UE4Editor-AssetTools.dll!UnknownFunction []
[2026.05.29-05.49.03:103][166]LogOutputDevice: Error: [Callstack] 0x00007ffe63b1b901 UE4Editor-UnrealEd.dll!UnknownFunction []
[2026.05.29-05.49.03:103][166]LogOutputDevice: Error: [Callstack] 0x00007ffe63b1c1bd UE4Editor-UnrealEd.dll!UnknownFunction []
[2026.05.29-05.49.03:103][166]LogOutputDevice: Error: [Callstack] 0x00007ffe63b1beea UE4Editor-UnrealEd.dll!UnknownFunction []
[2026.05.29-05.49.03:103][166]LogOutputDevice: Error: [Callstack] 0x00007ffe3ead60cd UE4Editor-ContentBrowserAssetDataSource.dll!UnknownFunction []
[2026.05.29-05.49.03:103][166]LogOutputDevice: Error: [Callstack] 0x00007ffe3ead62f0 UE4Editor-ContentBrowserAssetDataSource.dll!UnknownFunction []
[2026.05.29-05.49.03:103][166]LogOutputDevice: Error: [Callstack] 0x00007ffe3eac2632 UE4Editor-ContentBrowserAssetDataSource.dll!UnknownFunction []
[2026.05.29-05.49.03:103][166]LogOutputDevice: Error: [Callstack] 0x00007ffe59abd63d UE4Editor-ContentBrowser.dll!UnknownFunction []
[2026.05.29-05.49.03:103][166]LogOutputDevice: Error: [Callstack] 0x00007ffe59a7ae40 UE4Editor-ContentBrowser.dll!UnknownFunction []
[2026.05.29-05.49.03:103][166]LogOutputDevice: Error: [Callstack] 0x00007ffe599ddd7c UE4Editor-ContentBrowser.dll!UnknownFunction []
[2026.05.29-05.49.03:103][166]LogOutputDevice: Error: [Callstack] 0x00007ffe5999ad97 UE4Editor-ContentBrowser.dll!UnknownFunction []
[2026.05.29-05.49.03:103][166]LogOutputDevice: Error: [Callstack] 0x00007ffe59908944 UE4Editor-ContentBrowser.dll!UnknownFunction []
[2026.05.29-05.49.03:103][166]LogOutputDevice: Error: [Callstack] 0x00007ffe599e8ca7 UE4Editor-ContentBrowser.dll!UnknownFunction []
[2026.05.29-05.49.03:103][166]LogOutputDevice: Error: [Callstack] 0x00007ffe599ddf6b UE4Editor-ContentBrowser.dll!UnknownFunction []
[2026.05.29-05.49.03:103][166]LogOutputDevice: Error: [Callstack] 0x00007ffe7e232758 UE4Editor-Slate.dll!UnknownFunction []
[2026.05.29-05.49.03:103][166]LogOutputDevice: Error: [Callstack] 0x00007ffe7e2acad7 UE4Editor-Slate.dll!UnknownFunction []
[2026.05.29-05.49.03:103][166]LogOutputDevice: Error: [Callstack] 0x00007ffe7e296203 UE4Editor-Slate.dll!UnknownFunction []
[2026.05.29-05.49.03:103][166]LogOutputDevice: Error: [Callstack] 0x00007ffe7e289319 UE4Editor-Slate.dll!UnknownFunction []
[2026.05.29-05.49.03:103][166]LogOutputDevice: Error: [Callstack] 0x00007ffe9ecdbfff UE4Editor-ApplicationCore.dll!UnknownFunction []
[2026.05.29-05.49.03:103][166]LogOutputDevice: Error: [Callstack] 0x00007ffe9ecc92b7 UE4Editor-ApplicationCore.dll!UnknownFunction []
[2026.05.29-05.49.03:103][166]LogOutputDevice: Error: [Callstack] 0x00007ffe9ecde465 UE4Editor-ApplicationCore.dll!UnknownFunction []
[2026.05.29-05.49.03:103][166]LogOutputDevice: Error: [Callstack] 0x00007ffe9ecc4410 UE4Editor-ApplicationCore.dll!UnknownFunction []
[2026.05.29-05.49.03:103][166]LogOutputDevice: Error: [Callstack] 0x00007fff5cabc396 USER32.dll!UnknownFunction []
[2026.05.29-05.49.03:103][166]LogOutputDevice: Error: [Callstack] 0x00007fff5caba7ed USER32.dll!UnknownFunction []
[2026.05.29-05.49.03:103][166]LogOutputDevice: Error: [Callstack] 0x00007ffe9ecdfcd4 UE4Editor-ApplicationCore.dll!UnknownFunction []
[2026.05.29-05.49.03:103][166]LogOutputDevice: Error: [Callstack] 0x00007ff692677621 UE4Editor.exe!UnknownFunction []
[2026.05.29-05.49.03:103][166]LogOutputDevice: Error: [Callstack] 0x00007ff692690fcc UE4Editor.exe!UnknownFunction []
[2026.05.29-05.49.03:103][166]LogOutputDevice: Error: [Callstack] 0x00007ff6926910ba UE4Editor.exe!UnknownFunction []
[2026.05.29-05.49.03:103][166]LogOutputDevice: Error: [Callstack] 0x00007ff6926940dd UE4Editor.exe!UnknownFunction []
[2026.05.29-05.49.03:103][166]LogOutputDevice: Error: [Callstack] 0x00007ff6926a5984 UE4Editor.exe!UnknownFunction []
[2026.05.29-05.49.03:103][166]LogOutputDevice: Error: [Callstack] 0x00007ff6926a853a UE4Editor.exe!UnknownFunction []
[2026.05.29-05.49.03:103][166]LogOutputDevice: Error: [Callstack] 0x00007fff5cd0e957 KERNEL32.DLL!UnknownFunction []
[2026.05.29-05.49.03:103][166]LogOutputDevice: Error: [Callstack] 0x00007fff5e52427c ntdll.dll!UnknownFunction []
[2026.05.29-05.49.03:103][166]LogOutputDevice: Error: 
[2026.05.29-05.49.03:106][166]LogStats:                SubmitErrorReport -  0.000 s
[2026.05.29-05.49.03:858][166]LogStats:                    SendNewReport -  0.753 s
[2026.05.29-05.49.03:858][166]LogStats:             FDebug::EnsureFailed -  0.806 s
[2026.05.29-05.49.03:861][166]LogOutputDevice: Warning: 

Script Stack (0 frames):

[2026.05.29-05.49.03:886][166]LogStats: FPlatformStackWalk::StackWalkAndDump -  0.026 s
[2026.05.29-05.49.03:886][166]LogOutputDevice: Error: === Handled ensure: ===
[2026.05.29-05.49.03:886][166]LogOutputDevice: Error: 
[2026.05.29-05.49.03:886][166]LogOutputDevice: Error: Ensure condition failed: BpClass != nullptr [File:D:/Build/++UE4/Sync/Engine/Source/Editor/BlueprintGraph/Private/BlueprintActionFilter.cpp] [Line: 731]
[2026.05.29-05.49.03:886][166]LogOutputDevice: Error: Unable to resolve IsFieldInaccessible() - Blueprint (FirstPersonCharacter) missing an authoratative class (skel: [NULL], generated: [NULL], parent: [NULL])
[2026.05.29-05.49.03:886][166]LogOutputDevice: Error: Stack: 
[2026.05.29-05.49.03:886][166]LogOutputDevice: Error: [Callstack] 0x00007ffe75bbfd1f UE4Editor-BlueprintGraph.dll!UnknownFunction []
[2026.05.29-05.49.03:887][166]LogOutputDevice: Error: [Callstack] 0x00007ffe75a097df UE4Editor-BlueprintGraph.dll!UnknownFunction []
[2026.05.29-05.49.03:887][166]LogOutputDevice: Error: [Callstack] 0x00007ffe75a09a33 UE4Editor-BlueprintGraph.dll!UnknownFunction []
[2026.05.29-05.49.03:887][166]LogOutputDevice: Error: [Callstack] 0x00007ffe75a098cb UE4Editor-BlueprintGraph.dll!UnknownFunction []
[2026.05.29-05.49.03:887][166]LogOutputDevice: Error: [Callstack] 0x00007ffe625bd816 UE4Editor-Kismet.dll!UnknownFunction []
[2026.05.29-05.49.03:887][166]LogOutputDevice: Error: [Callstack] 0x00007ffe625e7199 UE4Editor-Kismet.dll!UnknownFunction []
[2026.05.29-05.49.03:887][166]LogOutputDevice: Error: [Callstack] 0x00007ffe625bde52 UE4Editor-Kismet.dll!UnknownFunction []
[2026.05.29-05.49.03:887][166]LogOutputDevice: Error: [Callstack] 0x00007ffe6282d078 UE4Editor-Kismet.dll!UnknownFunction []
[2026.05.29-05.49.03:887][166]LogOutputDevice: Error: [Callstack] 0x00007ffe62868d17 UE4Editor-Kismet.dll!UnknownFunction []
[2026.05.29-05.49.03:887][166]LogOutputDevice: Error: [Callstack] 0x00007ffe5c63b017 UE4Editor-GraphEditor.dll!UnknownFunction []
[2026.05.29-05.49.03:887][166]LogOutputDevice: Error: [Callstack] 0x00007ffe5c533edb UE4Editor-GraphEditor.dll!UnknownFunction []
[2026.05.29-05.49.03:887][166]LogOutputDevice: Error: [Callstack] 0x00007ffe628438fe UE4Editor-Kismet.dll!UnknownFunction []
[2026.05.29-05.49.03:887][166]LogOutputDevice: Error: [Callstack] 0x00007ffe6283f00a UE4Editor-Kismet.dll!UnknownFunction []
[2026.05.29-05.49.03:887][166]LogOutputDevice: Error: [Callstack] 0x00007ffe6283f705 UE4Editor-Kismet.dll!UnknownFunction []
[2026.05.29-05.49.03:887][166]LogOutputDevice: Error: [Callstack] 0x00007ffe62649b58 UE4Editor-Kismet.dll!UnknownFunction []
[2026.05.29-05.49.03:887][166]LogOutputDevice: Error: [Callstack] 0x00007ffe6263eab0 UE4Editor-Kismet.dll!UnknownFunction []
[2026.05.29-05.49.03:887][166]LogOutputDevice: Error: [Callstack] 0x00007ffe6266ca17 UE4Editor-Kismet.dll!UnknownFunction []
[2026.05.29-05.49.03:887][166]LogOutputDevice: Error: [Callstack] 0x00007ffe627226af UE4Editor-Kismet.dll!UnknownFunction []
[2026.05.29-05.49.03:887][166]LogOutputDevice: Error: [Callstack] 0x00007ffe62722c88 UE4Editor-Kismet.dll!UnknownFunction []
[2026.05.29-05.49.03:887][166]LogOutputDevice: Error: [Callstack] 0x00007ffe58d5ffd6 UE4Editor-AssetTools.dll!UnknownFunction []
[2026.05.29-05.49.03:887][166]LogOutputDevice: Error: [Callstack] 0x00007ffe63b1b901 UE4Editor-UnrealEd.dll!UnknownFunction []
[2026.05.29-05.49.03:887][166]LogOutputDevice: Error: [Callstack] 0x00007ffe63b1c1bd UE4Editor-UnrealEd.dll!UnknownFunction []
[2026.05.29-05.49.03:887][166]LogOutputDevice: Error: [Callstack] 0x00007ffe63b1beea UE4Editor-UnrealEd.dll!UnknownFunction []
[2026.05.29-05.49.03:887][166]LogOutputDevice: Error: [Callstack] 0x00007ffe3ead60cd UE4Editor-ContentBrowserAssetDataSource.dll!UnknownFunction []
[2026.05.29-05.49.03:887][166]LogOutputDevice: Error: [Callstack] 0x00007ffe3ead62f0 UE4Editor-ContentBrowserAssetDataSource.dll!UnknownFunction []
[2026.05.29-05.49.03:887][166]LogOutputDevice: Error: [Callstack] 0x00007ffe3eac2632 UE4Editor-ContentBrowserAssetDataSource.dll!UnknownFunction []
[2026.05.29-05.49.03:887][166]LogOutputDevice: Error: [Callstack] 0x00007ffe59abd63d UE4Editor-ContentBrowser.dll!UnknownFunction []
[2026.05.29-05.49.03:887][166]LogOutputDevice: Error: [Callstack] 0x00007ffe59a7ae40 UE4Editor-ContentBrowser.dll!UnknownFunction []
[2026.05.29-05.49.03:887][166]LogOutputDevice: Error: [Callstack] 0x00007ffe599ddd7c UE4Editor-ContentBrowser.dll!UnknownFunction []
[2026.05.29-05.49.03:887][166]LogOutputDevice: Error: [Callstack] 0x00007ffe5999ad97 UE4Editor-ContentBrowser.dll!UnknownFunction []
[2026.05.29-05.49.03:887][166]LogOutputDevice: Error: [Callstack] 0x00007ffe59908944 UE4Editor-ContentBrowser.dll!UnknownFunction []
[2026.05.29-05.49.03:887][166]LogOutputDevice: Error: [Callstack] 0x00007ffe599e8ca7 UE4Editor-ContentBrowser.dll!UnknownFunction []
[2026.05.29-05.49.03:887][166]LogOutputDevice: Error: [Callstack] 0x00007ffe599ddf6b UE4Editor-ContentBrowser.dll!UnknownFunction []
[2026.05.29-05.49.03:887][166]LogOutputDevice: Error: [Callstack] 0x00007ffe7e232758 UE4Editor-Slate.dll!UnknownFunction []
[2026.05.29-05.49.03:887][166]LogOutputDevice: Error: [Callstack] 0x00007ffe7e2acad7 UE4Editor-Slate.dll!UnknownFunction []
[2026.05.29-05.49.03:887][166]LogOutputDevice: Error: [Callstack] 0x00007ffe7e296203 UE4Editor-Slate.dll!UnknownFunction []
[2026.05.29-05.49.03:887][166]LogOutputDevice: Error: [Callstack] 0x00007ffe7e289319 UE4Editor-Slate.dll!UnknownFunction []
[2026.05.29-05.49.03:887][166]LogOutputDevice: Error: [Callstack] 0x00007ffe9ecdbfff UE4Editor-ApplicationCore.dll!UnknownFunction []
[2026.05.29-05.49.03:887][166]LogOutputDevice: Error: [Callstack] 0x00007ffe9ecc92b7 UE4Editor-ApplicationCore.dll!UnknownFunction []
[2026.05.29-05.49.03:887][166]LogOutputDevice: Error: [Callstack] 0x00007ffe9ecde465 UE4Editor-ApplicationCore.dll!UnknownFunction []
[2026.05.29-05.49.03:887][166]LogOutputDevice: Error: [Callstack] 0x00007ffe9ecc4410 UE4Editor-ApplicationCore.dll!UnknownFunction []
[2026.05.29-05.49.03:887][166]LogOutputDevice: Error: [Callstack] 0x00007fff5cabc396 USER32.dll!UnknownFunction []
[2026.05.29-05.49.03:887][166]LogOutputDevice: Error: [Callstack] 0x00007fff5caba7ed USER32.dll!UnknownFunction []
[2026.05.29-05.49.03:887][166]LogOutputDevice: Error: [Callstack] 0x00007ffe9ecdfcd4 UE4Editor-ApplicationCore.dll!UnknownFunction []
[2026.05.29-05.49.03:887][166]LogOutputDevice: Error: [Callstack] 0x00007ff692677621 UE4Editor.exe!UnknownFunction []
[2026.05.29-05.49.03:887][166]LogOutputDevice: Error: [Callstack] 0x00007ff692690fcc UE4Editor.exe!UnknownFunction []
[2026.05.29-05.49.03:887][166]LogOutputDevice: Error: [Callstack] 0x00007ff6926910ba UE4Editor.exe!UnknownFunction []
[2026.05.29-05.49.03:887][166]LogOutputDevice: Error: [Callstack] 0x00007ff6926940dd UE4Editor.exe!UnknownFunction []
[2026.05.29-05.49.03:887][166]LogOutputDevice: Error: [Callstack] 0x00007ff6926a5984 UE4Editor.exe!UnknownFunction []
[2026.05.29-05.49.03:887][166]LogOutputDevice: Error: [Callstack] 0x00007ff6926a853a UE4Editor.exe!UnknownFunction []
[2026.05.29-05.49.03:887][166]LogOutputDevice: Error: [Callstack] 0x00007fff5cd0e957 KERNEL32.DLL!UnknownFunction []
[2026.05.29-05.49.03:887][166]LogOutputDevice: Error: [Callstack] 0x00007fff5e52427c ntdll.dll!UnknownFunction []
[2026.05.29-05.49.03:887][166]LogOutputDevice: Error: 
[2026.05.29-05.49.03:890][166]LogStats:                SubmitErrorReport -  0.000 s
[2026.05.29-05.49.08:272][166]LogStats:                    SendNewReport -  4.382 s
[2026.05.29-05.49.08:272][166]LogStats:             FDebug::EnsureFailed -  4.412 s
[2026.05.29-05.49.08:428][166]LogOutputDevice: Warning: 

Script Stack (0 frames):

[2026.05.29-05.49.08:452][166]LogStats: FPlatformStackWalk::StackWalkAndDump -  0.025 s
[2026.05.29-05.49.08:452][166]LogOutputDevice: Error: === Handled ensure: ===
[2026.05.29-05.49.08:452][166]LogOutputDevice: Error: 
[2026.05.29-05.49.08:452][166]LogOutputDevice: Error: Ensure condition failed: Blueprint != nullptr && Blueprint->ParentClass != nullptr [File:D:/Build/++UE4/Sync/Engine/Source/Editor/BlueprintGraph/Private/BlueprintActionFilter.cpp] [Line: 1707]
[2026.05.29-05.49.08:452][166]LogOutputDevice: Error: 
[2026.05.29-05.49.08:452][166]LogOutputDevice: Error: Stack: 
[2026.05.29-05.49.08:452][166]LogOutputDevice: Error: [Callstack] 0x00007ffe75bbf7d9 UE4Editor-BlueprintGraph.dll!UnknownFunction []
[2026.05.29-05.49.08:453][166]LogOutputDevice: Error: [Callstack] 0x00007ffe75a0a90f UE4Editor-BlueprintGraph.dll!UnknownFunction []
[2026.05.29-05.49.08:453][166]LogOutputDevice: Error: [Callstack] 0x00007ffe75a09a33 UE4Editor-BlueprintGraph.dll!UnknownFunction []
[2026.05.29-05.49.08:453][166]LogOutputDevice: Error: [Callstack] 0x00007ffe75a098cb UE4Editor-BlueprintGraph.dll!UnknownFunction []
[2026.05.29-05.49.08:453][166]LogOutputDevice: Error: [Callstack] 0x00007ffe625bd816 UE4Editor-Kismet.dll!UnknownFunction []
[2026.05.29-05.49.08:453][166]LogOutputDevice: Error: [Callstack] 0x00007ffe625e7199 UE4Editor-Kismet.dll!UnknownFunction []
[2026.05.29-05.49.08:453][166]LogOutputDevice: Error: [Callstack] 0x00007ffe625bde52 UE4Editor-Kismet.dll!UnknownFunction []
[2026.05.29-05.49.08:453][166]LogOutputDevice: Error: [Callstack] 0x00007ffe6282d078 UE4Editor-Kismet.dll!UnknownFunction []
[2026.05.29-05.49.08:453][166]LogOutputDevice: Error: [Callstack] 0x00007ffe62868d17 UE4Editor-Kismet.dll!UnknownFunction []
[2026.05.29-05.49.08:453][166]LogOutputDevice: Error: [Callstack] 0x00007ffe5c63b017 UE4Editor-GraphEditor.dll!UnknownFunction []
[2026.05.29-05.49.08:453][166]LogOutputDevice: Error: [Callstack] 0x00007ffe5c533edb UE4Editor-GraphEditor.dll!UnknownFunction []
[2026.05.29-05.49.08:453][166]LogOutputDevice: Error: [Callstack] 0x00007ffe628438fe UE4Editor-Kismet.dll!UnknownFunction []
[2026.05.29-05.49.08:453][166]LogOutputDevice: Error: [Callstack] 0x00007ffe6283f00a UE4Editor-Kismet.dll!UnknownFunction []
[2026.05.29-05.49.08:453][166]LogOutputDevice: Error: [Callstack] 0x00007ffe6283f705 UE4Editor-Kismet.dll!UnknownFunction []
[2026.05.29-05.49.08:453][166]LogOutputDevice: Error: [Callstack] 0x00007ffe62649b58 UE4Editor-Kismet.dll!UnknownFunction []
[2026.05.29-05.49.08:453][166]LogOutputDevice: Error: [Callstack] 0x00007ffe6263eab0 UE4Editor-Kismet.dll!UnknownFunction []
[2026.05.29-05.49.08:453][166]LogOutputDevice: Error: [Callstack] 0x00007ffe6266ca17 UE4Editor-Kismet.dll!UnknownFunction []
[2026.05.29-05.49.08:453][166]LogOutputDevice: Error: [Callstack] 0x00007ffe627226af UE4Editor-Kismet.dll!UnknownFunction []
[2026.05.29-05.49.08:453][166]LogOutputDevice: Error: [Callstack] 0x00007ffe62722c88 UE4Editor-Kismet.dll!UnknownFunction []
[2026.05.29-05.49.08:453][166]LogOutputDevice: Error: [Callstack] 0x00007ffe58d5ffd6 UE4Editor-AssetTools.dll!UnknownFunction []
[2026.05.29-05.49.08:453][166]LogOutputDevice: Error: [Callstack] 0x00007ffe63b1b901 UE4Editor-UnrealEd.dll!UnknownFunction []
[2026.05.29-05.49.08:453][166]LogOutputDevice: Error: [Callstack] 0x00007ffe63b1c1bd UE4Editor-UnrealEd.dll!UnknownFunction []
[2026.05.29-05.49.08:453][166]LogOutputDevice: Error: [Callstack] 0x00007ffe63b1beea UE4Editor-UnrealEd.dll!UnknownFunction []
[2026.05.29-05.49.08:453][166]LogOutputDevice: Error: [Callstack] 0x00007ffe3ead60cd UE4Editor-ContentBrowserAssetDataSource.dll!UnknownFunction []
[2026.05.29-05.49.08:453][166]LogOutputDevice: Error: [Callstack] 0x00007ffe3ead62f0 UE4Editor-ContentBrowserAssetDataSource.dll!UnknownFunction []
[2026.05.29-05.49.08:453][166]LogOutputDevice: Error: [Callstack] 0x00007ffe3eac2632 UE4Editor-ContentBrowserAssetDataSource.dll!UnknownFunction []
[2026.05.29-05.49.08:453][166]LogOutputDevice: Error: [Callstack] 0x00007ffe59abd63d UE4Editor-ContentBrowser.dll!UnknownFunction []
[2026.05.29-05.49.08:453][166]LogOutputDevice: Error: [Callstack] 0x00007ffe59a7ae40 UE4Editor-ContentBrowser.dll!UnknownFunction []
[2026.05.29-05.49.08:453][166]LogOutputDevice: Error: [Callstack] 0x00007ffe599ddd7c UE4Editor-ContentBrowser.dll!UnknownFunction []
[2026.05.29-05.49.08:453][166]LogOutputDevice: Error: [Callstack] 0x00007ffe5999ad97 UE4Editor-ContentBrowser.dll!UnknownFunction []
[2026.05.29-05.49.08:453][166]LogOutputDevice: Error: [Callstack] 0x00007ffe59908944 UE4Editor-ContentBrowser.dll!UnknownFunction []
[2026.05.29-05.49.08:453][166]LogOutputDevice: Error: [Callstack] 0x00007ffe599e8ca7 UE4Editor-ContentBrowser.dll!UnknownFunction []
[2026.05.29-05.49.08:453][166]LogOutputDevice: Error: [Callstack] 0x00007ffe599ddf6b UE4Editor-ContentBrowser.dll!UnknownFunction []
[2026.05.29-05.49.08:453][166]LogOutputDevice: Error: [Callstack] 0x00007ffe7e232758 UE4Editor-Slate.dll!UnknownFunction []
[2026.05.29-05.49.08:453][166]LogOutputDevice: Error: [Callstack] 0x00007ffe7e2acad7 UE4Editor-Slate.dll!UnknownFunction []
[2026.05.29-05.49.08:453][166]LogOutputDevice: Error: [Callstack] 0x00007ffe7e296203 UE4Editor-Slate.dll!UnknownFunction []
[2026.05.29-05.49.08:453][166]LogOutputDevice: Error: [Callstack] 0x00007ffe7e289319 UE4Editor-Slate.dll!UnknownFunction []
[2026.05.29-05.49.08:453][166]LogOutputDevice: Error: [Callstack] 0x00007ffe9ecdbfff UE4Editor-ApplicationCore.dll!UnknownFunction []
[2026.05.29-05.49.08:453][166]LogOutputDevice: Error: [Callstack] 0x00007ffe9ecc92b7 UE4Editor-ApplicationCore.dll!UnknownFunction []
[2026.05.29-05.49.08:453][166]LogOutputDevice: Error: [Callstack] 0x00007ffe9ecde465 UE4Editor-ApplicationCore.dll!UnknownFunction []
[2026.05.29-05.49.08:453][166]LogOutputDevice: Error: [Callstack] 0x00007ffe9ecc4410 UE4Editor-ApplicationCore.dll!UnknownFunction []
[2026.05.29-05.49.08:453][166]LogOutputDevice: Error: [Callstack] 0x00007fff5cabc396 USER32.dll!UnknownFunction []
[2026.05.29-05.49.08:453][166]LogOutputDevice: Error: [Callstack] 0x00007fff5caba7ed USER32.dll!UnknownFunction []
[2026.05.29-05.49.08:453][166]LogOutputDevice: Error: [Callstack] 0x00007ffe9ecdfcd4 UE4Editor-ApplicationCore.dll!UnknownFunction []
[2026.05.29-05.49.08:453][166]LogOutputDevice: Error: [Callstack] 0x00007ff692677621 UE4Editor.exe!UnknownFunction []
[2026.05.29-05.49.08:453][166]LogOutputDevice: Error: [Callstack] 0x00007ff692690fcc UE4Editor.exe!UnknownFunction []
[2026.05.29-05.49.08:453][166]LogOutputDevice: Error: [Callstack] 0x00007ff6926910ba UE4Editor.exe!UnknownFunction []
[2026.05.29-05.49.08:453][166]LogOutputDevice: Error: [Callstack] 0x00007ff6926940dd UE4Editor.exe!UnknownFunction []
[2026.05.29-05.49.08:453][166]LogOutputDevice: Error: [Callstack] 0x00007ff6926a5984 UE4Editor.exe!UnknownFunction []
[2026.05.29-05.49.08:453][166]LogOutputDevice: Error: [Callstack] 0x00007ff6926a853a UE4Editor.exe!UnknownFunction []
[2026.05.29-05.49.08:453][166]LogOutputDevice: Error: [Callstack] 0x00007fff5cd0e957 KERNEL32.DLL!UnknownFunction []
[2026.05.29-05.49.08:453][166]LogOutputDevice: Error: [Callstack] 0x00007fff5e52427c ntdll.dll!UnknownFunction []
[2026.05.29-05.49.08:453][166]LogOutputDevice: Error: 
[2026.05.29-05.49.08:454][166]LogStats:                SubmitErrorReport -  0.000 s
[2026.05.29-05.49.10:545][166]LogStats:                    SendNewReport -  2.091 s
[2026.05.29-05.49.10:545][166]LogStats:             FDebug::EnsureFailed -  2.118 s
[2026.05.29-05.49.10:651][166]LoadErrors: Warning: CreateExport: Failed to load Outer for resource 'StaticMesh1': BlueprintGeneratedClass /Game/FirstPersonCPP/Blueprints/FirstPersonProjectile.FirstPersonProjectile_C
[2026.05.29-05.49.10:651][166]LoadErrors: Warning: CreateExport: Failed to load Outer for resource 'UserConstructionScript': BlueprintGeneratedClass /Game/FirstPersonCPP/Blueprints/FirstPersonProjectile.FirstPersonProjectile_C
[2026.05.29-05.49.10:651][166]LoadErrors: Warning: CreateExport: Failed to load Outer for resource 'ProjectileComp': FirstPersonProjectile_C /Game/FirstPersonCPP/Blueprints/FirstPersonProjectile.Default__FirstPersonProjectile_C
[2026.05.29-05.49.10:651][166]LoadErrors: Warning: CreateExport: Failed to load Outer for resource 'SceneComponent_0': BlueprintGeneratedClass /Game/FirstPersonCPP/Blueprints/FirstPersonProjectile.FirstPersonProjectile_C
[2026.05.29-05.49.10:651][166]LoadErrors: Warning: CreateExport: Failed to load Outer for resource 'SimpleConstructionScript_0': BlueprintGeneratedClass /Game/FirstPersonCPP/Blueprints/FirstPersonProjectile.FirstPersonProjectile_C
[2026.05.29-05.49.10:651][166]LoadErrors: Warning: CreateExport: Failed to load Outer for resource 'SCS_Node_0': SimpleConstructionScript /Game/FirstPersonCPP/Blueprints/FirstPersonProjectile.FirstPersonProjectile_C:SimpleConstructionScript_0
[2026.05.29-05.49.10:651][166]LoadErrors: Warning: CreateExport: Failed to load Outer for resource 'SCS_Node_3': SimpleConstructionScript /Game/FirstPersonCPP/Blueprints/FirstPersonProjectile.FirstPersonProjectile_C:SimpleConstructionScript_0
[2026.05.29-05.49.10:651][166]LoadErrors: Warning: CreateExport: Failed to load Outer for resource 'SphereComp': FirstPersonProjectile_C /Game/FirstPersonCPP/Blueprints/FirstPersonProjectile.Default__FirstPersonProjectile_C
[2026.05.29-05.49.10:651][166]LoadErrors: Warning: CreateExport: Failed to load Outer for resource 'StaticMeshComponent_10__9CFF4D4B': BlueprintGeneratedClass /Game/FirstPersonCPP/Blueprints/FirstPersonProjectile.FirstPersonProjectile_C
[2026.05.29-05.49.10:651][166]LoadErrors: Warning: CreateExport: Failed to load Outer for resource 'Arrow': FirstPersonCharacter_C /Game/FirstPersonCPP/Blueprints/FirstPersonCharacter.Default__FirstPersonCharacter_C
[2026.05.29-05.49.10:651][166]LoadErrors: Warning: CreateExport: Failed to load Outer for resource 'FirstPersonCamera': FirstPersonCharacter_C /Game/FirstPersonCPP/Blueprints/FirstPersonCharacter.Default__FirstPersonCharacter_C
[2026.05.29-05.49.10:651][166]LoadErrors: Warning: CreateExport: Failed to load Outer for resource 'CollisionCylinder': FirstPersonCharacter_C /Game/FirstPersonCPP/Blueprints/FirstPersonCharacter.Default__FirstPersonCharacter_C
[2026.05.29-05.49.10:651][166]LoadErrors: Warning: CreateExport: Failed to load Outer for resource 'CharMoveComp': FirstPersonCharacter_C /Game/FirstPersonCPP/Blueprints/FirstPersonCharacter.Default__FirstPersonCharacter_C
[2026.05.29-05.49.10:651][166]LoadErrors: Warning: CreateExport: Failed to load Outer for resource 'L_MotionController': FirstPersonCharacter_C /Game/FirstPersonCPP/Blueprints/FirstPersonCharacter.Default__FirstPersonCharacter_C
[2026.05.29-05.49.10:651][166]LoadErrors: Warning: CreateExport: Failed to load Outer for resource 'R_MotionController': FirstPersonCharacter_C /Game/FirstPersonCPP/Blueprints/FirstPersonCharacter.Default__FirstPersonCharacter_C
[2026.05.29-05.49.10:651][166]LoadErrors: Warning: CreateExport: Failed to load Outer for resource 'MuzzleLocation': FirstPersonCharacter_C /Game/FirstPersonCPP/Blueprints/FirstPersonCharacter.Default__FirstPersonCharacter_C
[2026.05.29-05.49.10:651][166]LoadErrors: Warning: CreateExport: Failed to load Outer for resource 'VR_MuzzleLocation': FirstPersonCharacter_C /Game/FirstPersonCPP/Blueprints/FirstPersonCharacter.Default__FirstPersonCharacter_C
[2026.05.29-05.49.10:651][166]LoadErrors: Warning: CreateExport: Failed to load Outer for resource 'SceneComponent_1': BlueprintGeneratedClass /Game/FirstPersonCPP/Blueprints/FirstPersonCharacter.FirstPersonCharacter_C
[2026.05.29-05.49.10:651][166]LoadErrors: Warning: CreateExport: Failed to load Outer for resource 'SimpleConstructionScript_1': BlueprintGeneratedClass /Game/FirstPersonCPP/Blueprints/FirstPersonCharacter.FirstPersonCharacter_C
[2026.05.29-05.49.10:651][166]LoadErrors: Warning: CreateExport: Failed to load Outer for resource 'SCS_Node_1': SimpleConstructionScript /Game/FirstPersonCPP/Blueprints/FirstPersonCharacter.FirstPersonCharacter_C:SimpleConstructionScript_1
[2026.05.29-05.49.10:651][166]LoadErrors: Warning: CreateExport: Failed to load Outer for resource 'CharacterMesh0': FirstPersonCharacter_C /Game/FirstPersonCPP/Blueprints/FirstPersonCharacter.Default__FirstPersonCharacter_C
[2026.05.29-05.49.10:651][166]LoadErrors: Warning: CreateExport: Failed to load Outer for resource 'CharacterMesh1P': FirstPersonCharacter_C /Game/FirstPersonCPP/Blueprints/FirstPersonCharacter.Default__FirstPersonCharacter_C
[2026.05.29-05.49.10:651][166]LoadErrors: Warning: CreateExport: Failed to load Outer for resource 'FP_Gun': FirstPersonCharacter_C /Game/FirstPersonCPP/Blueprints/FirstPersonCharacter.Default__FirstPersonCharacter_C
[2026.05.29-05.49.10:651][166]LoadErrors: Warning: CreateExport: Failed to load Outer for resource 'VR_Gun': FirstPersonCharacter_C /Game/FirstPersonCPP/Blueprints/FirstPersonCharacter.Default__FirstPersonCharacter_C
[2026.05.29-05.49.10:662][166]LogSlate: Took 0.000145 seconds to synchronously load lazily loaded font '../../../Engine/Content/Slate/Fonts/Roboto-BoldCondensed.ttf' (158K)
[2026.05.29-05.49.16:351][840]LogSlate: Window 'FirstPersonCharacter' being destroyed
[2026.05.29-05.49.20:129][293]LogWorld: UWorld::CleanupWorld for World_5, bSessionEnded=true, bCleanupResources=true
[2026.05.29-05.49.20:129][293]LogSlate: InvalidateAllWidgets triggered.  All widgets were invalidated
[2026.05.29-05.49.35:876][150]LogAssetEditorSubsystem: Opening Asset editor for Blueprint /Game/ThirdPersonBP/Blueprints/ThirdPersonCharacter.ThirdPersonCharacter
[2026.05.29-05.49.37:684][316]LogSlate: Window 'ThirdPersonCharacter' being destroyed
[2026.05.29-05.49.38:346][395]LogWorld: UWorld::CleanupWorld for World_9, bSessionEnded=true, bCleanupResources=true
[2026.05.29-05.49.38:346][395]LogSlate: InvalidateAllWidgets triggered.  All widgets were invalidated
[2026.05.29-05.49.40:501][569]LogUObjectHash: Compacting FUObjectHashTables data took   1.32ms
[2026.05.29-05.49.40:529][569]LogSlate: Window 'MyProject - Unreal Editor' being destroyed
[2026.05.29-05.49.40:617][570]Cmd: QUIT_EDITOR
[2026.05.29-05.49.40:617][570]LogCore: Engine exit requested (reason: UUnrealEdEngine::CloseEditor())
[2026.05.29-05.49.40:619][570]LogCore: Engine exit requested (reason: EngineExit() was called; note: exit was already requested)
[2026.05.29-05.49.40:622][570]LogAudio: Display: Beginning Audio Device Manager Shutdown (Module: AudioMixerXAudio2)...
[2026.05.29-05.49.40:622][570]LogAudio: Display: Destroying 1 Remaining Audio Device(s)...
[2026.05.29-05.49.40:622][570]LogAudio: Display: Audio Device unregistered from world 'ThirdPersonExampleMap'.
[2026.05.29-05.49.40:661][570]LogAudioMixer: FMixerPlatformXAudio2::StopAudioStream() called
[2026.05.29-05.49.40:662][570]LogAudioMixer: FMixerPlatformXAudio2::StopAudioStream() called
[2026.05.29-05.49.40:683][570]LogAudio: Display: Audio Device Manager Shutdown
[2026.05.29-05.49.40:691][570]LogWindowsTextInputMethodSystem: Display: IME system activated using TSF (搜狗拼音输入法).
[2026.05.29-05.49.40:696][570]LogExit: Preparing to exit.
[2026.05.29-05.49.40:895][570]LogUObjectHash: Compacting FUObjectHashTables data took   2.36ms
[2026.05.29-05.49.41:001][570]LogWorld: UWorld::CleanupWorld for World_6, bSessionEnded=true, bCleanupResources=true
[2026.05.29-05.49.41:003][570]LogWorld: UWorld::CleanupWorld for World_10, bSessionEnded=true, bCleanupResources=true
[2026.05.29-05.49.41:004][570]LogWorld: UWorld::CleanupWorld for World_4, bSessionEnded=true, bCleanupResources=true
[2026.05.29-05.49.41:005][570]LogWorld: UWorld::CleanupWorld for World_3, bSessionEnded=true, bCleanupResources=true
[2026.05.29-05.49.41:006][570]LogWorld: UWorld::CleanupWorld for World_0, bSessionEnded=true, bCleanupResources=true
[2026.05.29-05.49.41:007][570]LogWorld: UWorld::CleanupWorld for World_1, bSessionEnded=true, bCleanupResources=true
[2026.05.29-05.49.41:008][570]LogWorld: UWorld::CleanupWorld for World_7, bSessionEnded=true, bCleanupResources=true
[2026.05.29-05.49.41:010][570]LogWorld: UWorld::CleanupWorld for World_8, bSessionEnded=true, bCleanupResources=true
[2026.05.29-05.49.41:011][570]LogWorld: UWorld::CleanupWorld for World_2, bSessionEnded=true, bCleanupResources=true
[2026.05.29-05.49.41:049][570]LogDemo: Cleaned up 0 splitscreen connections with owner deletion
[2026.05.29-05.49.41:056][570]LogWorld: UWorld::CleanupWorld for None, bSessionEnded=true, bCleanupResources=true
[2026.05.29-05.49.41:056][570]LogExit: Editor shut down
[2026.05.29-05.49.41:057][570]LogExit: Transaction tracking system shut down
[2026.05.29-05.49.41:298][570]LogExit: Object subsystem successfully closed.
[2026.05.29-05.49.41:328][570]LogShaderCompilers: Display: === FShaderJobCache stats ===
[2026.05.29-05.49.41:328][570]LogShaderCompilers: Display: Total job queries 179, among them cache hits 3 (1.68%)
[2026.05.29-05.49.41:328][570]LogShaderCompilers: Display: Tracking 176 distinct input hashes that result in 142 distinct outputs (80.68%)
[2026.05.29-05.49.41:328][570]LogShaderCompilers: Display: RAM used: 0.57 MB (0.00 GB) of 716.80 MB (0.70 GB) budget. Usage: 0.08%
[2026.05.29-05.49.41:328][570]LogShaderCompilers: Display: ================================================
[2026.05.29-05.49.41:338][570]LogShaderCompilers: Display: Shaders left to compile 0
[2026.05.29-05.49.41:354][570]LogModuleManager: Shutting down and abandoning module BlueprintGraph (892)
[2026.05.29-05.49.41:355][570]LogModuleManager: Shutting down and abandoning module MovieSceneCapture (890)
[2026.05.29-05.49.41:355][570]LogModuleManager: Shutting down and abandoning module Voice (888)
[2026.05.29-05.49.41:355][570]LogModuleManager: Shutting down and abandoning module HierarchicalLODOutliner (886)
[2026.05.29-05.49.41:355][570]LogModuleManager: Shutting down and abandoning module SceneOutliner (884)
[2026.05.29-05.49.41:355][570]LogModuleManager: Shutting down and abandoning module AddContentDialog (882)
[2026.05.29-05.49.41:355][570]LogModuleManager: Shutting down and abandoning module WidgetCarousel (881)
[2026.05.29-05.49.41:355][570]LogModuleManager: Shutting down and abandoning module EditorWidgets (878)
[2026.05.29-05.49.41:355][570]LogModuleManager: Shutting down and abandoning module StatsViewer (876)
[2026.05.29-05.49.41:355][570]LogModuleManager: Shutting down and abandoning module PIEPreviewDeviceProfileSelector (874)
[2026.05.29-05.49.41:355][570]LogModuleManager: Shutting down and abandoning module SequenceRecorderSections (872)
[2026.05.29-05.49.41:355][570]LogModuleManager: Shutting down and abandoning module AutomationWorker (870)
[2026.05.29-05.49.41:355][570]LogModuleManager: Shutting down and abandoning module SteamVREditor (868)
[2026.05.29-05.49.41:355][570]LogModuleManager: Shutting down and abandoning module OculusMR (866)
[2026.05.29-05.49.41:355][570]LogModuleManager: Shutting down and abandoning module RiderLC (864)
[2026.05.29-05.49.41:355][570]LogModuleManager: Shutting down and abandoning module RiderShaderInfo (862)
[2026.05.29-05.49.41:355][570]LogModuleManager: Shutting down and abandoning module TakeRecorderSources (860)
[2026.05.29-05.49.41:355][570]LogModuleManager: Shutting down and abandoning module TakeRecorder (859)
[2026.05.29-05.49.41:355][570]LogModuleManager: Shutting down and abandoning module TakeTrackRecorders (856)
[2026.05.29-05.49.41:355][570]LogModuleManager: Shutting down and abandoning module TakesCore (854)
[2026.05.29-05.49.41:355][570]LogModuleManager: Shutting down and abandoning module OpenXRInput (852)
[2026.05.29-05.49.41:355][570]LogModuleManager: Shutting down and abandoning module GooglePADEditor (850)
[2026.05.29-05.49.41:355][570]LogModuleManager: Shutting down and abandoning module AudioCaptureEditor (848)
[2026.05.29-05.49.41:355][570]LogModuleManager: Shutting down and abandoning module MatineeToLevelSequence (846)
[2026.05.29-05.49.41:355][570]LogModuleManager: Shutting down and abandoning module WebMMediaFactory (844)
[2026.05.29-05.49.41:355][570]LogModuleManager: Shutting down and abandoning module WebMMediaEditor (842)
[2026.05.29-05.49.41:355][570]LogModuleManager: Shutting down and abandoning module WebMMedia (840)
[2026.05.29-05.49.41:355][570]LogModuleManager: Shutting down and abandoning module LevelSequenceEditor (838)
[2026.05.29-05.49.41:355][570]LogModuleManager: Shutting down and abandoning module TemplateSequenceEditor (836)
[2026.05.29-05.49.41:355][570]LogModuleManager: Shutting down and abandoning module ActorSequenceEditor (834)
[2026.05.29-05.49.41:355][570]LogModuleManager: Shutting down and abandoning module OpenExrWrapper (832)
[2026.05.29-05.49.41:355][570]LogModuleManager: Shutting down and abandoning module ImgMediaFactory (830)
[2026.05.29-05.49.41:355][570]LogModuleManager: Shutting down and abandoning module ImgMediaEditor (828)
[2026.05.29-05.49.41:355][570]LogModuleManager: Shutting down and abandoning module WmfMediaFactory (826)
[2026.05.29-05.49.41:355][570]LogModuleManager: Shutting down and abandoning module WmfMediaEditor (824)
[2026.05.29-05.49.41:355][570]LogModuleManager: Shutting down and abandoning module MediaCompositingEditor (822)
[2026.05.29-05.49.41:355][570]LogModuleManager: Shutting down and abandoning module SequenceRecorder (821)
[2026.05.29-05.49.41:355][570]LogModuleManager: Shutting down and abandoning module MediaPlayerEditor (818)
[2026.05.29-05.49.41:355][570]LogModuleManager: Shutting down and abandoning module AvfMediaFactory (816)
[2026.05.29-05.49.41:355][570]LogModuleManager: Shutting down and abandoning module AvfMediaEditor (814)
[2026.05.29-05.49.41:355][570]LogModuleManager: Shutting down and abandoning module AndroidMediaFactory (812)
[2026.05.29-05.49.41:355][570]LogModuleManager: Shutting down and abandoning module AndroidMediaEditor (810)
[2026.05.29-05.49.41:355][570]LogModuleManager: Shutting down and abandoning module MagicLeapMediaCodecFactory (808)
[2026.05.29-05.49.41:355][570]LogModuleManager: Shutting down and abandoning module MagicLeapMediaFactory (806)
[2026.05.29-05.49.41:355][570]LogModuleManager: Shutting down and abandoning module MagicLeapMediaEditor (804)
[2026.05.29-05.49.41:355][570]LogModuleManager: Shutting down and abandoning module PlanarCut (802)
[2026.05.29-05.49.41:355][570]LogModuleManager: Shutting down and abandoning module CharacterAI (800)
[2026.05.29-05.49.41:355][570]LogModuleManager: Shutting down and abandoning module TextureAlignMode (798)
[2026.05.29-05.49.41:355][570]LogModuleManager: Shutting down and abandoning module BspMode (796)
[2026.05.29-05.49.41:355][570]LogModuleManager: Shutting down and abandoning module GeometryMode (794)
[2026.05.29-05.49.41:355][570]LogModuleManager: Shutting down and abandoning module CameraShakePreviewer (792)
[2026.05.29-05.49.41:355][570]LogModuleManager: Shutting down and abandoning module SmartSnapping (790)
[2026.05.29-05.49.41:355][570]LogModuleManager: Shutting down and abandoning module SessionServices (788)
[2026.05.29-05.49.41:355][570]LogModuleManager: Shutting down and abandoning module MeshPaint (786)
[2026.05.29-05.49.41:355][570]LogModuleManager: Shutting down and abandoning module VirtualTexturingEditor (784)
[2026.05.29-05.49.41:355][570]LogModuleManager: Shutting down and abandoning module FoliageEdit (782)
[2026.05.29-05.49.41:355][570]LogModuleManager: Shutting down and abandoning module LandscapeEditor (780)
[2026.05.29-05.49.41:357][570]LogModuleManager: Shutting down and abandoning module MeshPaintMode (778)
[2026.05.29-05.49.41:357][570]LogModuleManager: Shutting down and abandoning module SceneDepthPickerMode (776)
[2026.05.29-05.49.41:357][570]LogModuleManager: Shutting down and abandoning module ActorPickerMode (774)
[2026.05.29-05.49.41:357][570]LogModuleManager: Shutting down and abandoning module PlacementMode (772)
[2026.05.29-05.49.41:357][570]LogModuleManager: Shutting down and abandoning module ViewportSnapping (770)
[2026.05.29-05.49.41:357][570]LogModuleManager: Shutting down and abandoning module ViewportInteraction (768)
[2026.05.29-05.49.41:357][570]LogModuleManager: Shutting down and abandoning module ClothPainter (766)
[2026.05.29-05.49.41:357][570]LogModuleManager: Shutting down and abandoning module SkeletalMeshEditor (765)
[2026.05.29-05.49.41:357][570]LogModuleManager: Shutting down and abandoning module LogVisualizer (762)
[2026.05.29-05.49.41:357][570]LogModuleManager: Shutting down and abandoning module IntroTutorials (760)
[2026.05.29-05.49.41:357][570]LogModuleManager: Shutting down and abandoning module GameProjectGeneration (759)
[2026.05.29-05.49.41:357][570]LogModuleManager: Shutting down and abandoning module LuminPlatformEditor (756)
[2026.05.29-05.49.41:357][570]LogModuleManager: Shutting down and abandoning module IOSPlatformEditor (754)
[2026.05.29-05.49.41:357][570]LogModuleManager: Shutting down and abandoning module AndroidPlatformEditor (752)
[2026.05.29-05.49.41:357][570]LogModuleManager: Shutting down and abandoning module AndroidDeviceDetection (751)
[2026.05.29-05.49.42:881][570]LogModuleManager: Shutting down and abandoning module WindowsPlatformEditor (748)
[2026.05.29-05.49.42:881][570]LogModuleManager: Shutting down and abandoning module LuminRuntimeSettings (746)
[2026.05.29-05.49.42:881][570]LogModuleManager: Shutting down and abandoning module IOSRuntimeSettings (744)
[2026.05.29-05.49.42:881][570]LogModuleManager: Shutting down and abandoning module AndroidRuntimeSettings (742)
[2026.05.29-05.49.42:881][570]LogModuleManager: Shutting down and abandoning module TraceInsights (740)
[2026.05.29-05.49.42:881][570]MemoryProfiler: Shutdown
[2026.05.29-05.49.42:881][570]NetworkingProfiler: Shutdown
[2026.05.29-05.49.42:881][570]LoadingProfiler: Shutdown
[2026.05.29-05.49.42:881][570]TimingProfiler: Shutdown
[2026.05.29-05.49.42:881][570]LogModuleManager: Shutting down and abandoning module TraceServices (739)
[2026.05.29-05.49.42:881][570]LogModuleManager: Shutting down and abandoning module EditorInteractiveToolsFramework (736)
[2026.05.29-05.49.42:881][570]LogModuleManager: Shutting down and abandoning module TimeManagementEditor (734)
[2026.05.29-05.49.42:881][570]LogModuleManager: Shutting down and abandoning module InputBindingEditor (732)
[2026.05.29-05.49.42:881][570]LogModuleManager: Shutting down and abandoning module MergeActors (730)
[2026.05.29-05.49.42:881][570]LogModuleManager: Shutting down and abandoning module LocalizationDashboard (728)
[2026.05.29-05.49.42:881][570]LogModuleManager: Shutting down and abandoning module LocalizationService (727)
[2026.05.29-05.49.42:881][570]LogModuleManager: Shutting down and abandoning module HardwareTargeting (724)
[2026.05.29-05.49.42:881][570]LogModuleManager: Shutting down and abandoning module DeviceProfileEditor (722)
[2026.05.29-05.49.42:881][570]LogModuleManager: Shutting down and abandoning module UndoHistory (720)
[2026.05.29-05.49.42:881][570]LogModuleManager: Shutting down and abandoning module XmlParser (718)
[2026.05.29-05.49.42:881][570]LogModuleManager: Shutting down and abandoning module Blutility (716)
[2026.05.29-05.49.42:881][570]LogModuleManager: Shutting down and abandoning module ProjectSettingsViewer (714)
[2026.05.29-05.49.42:881][570]LogModuleManager: Shutting down and abandoning module ProjectTargetPlatformEditor (713)
[2026.05.29-05.49.42:881][570]LogModuleManager: Shutting down and abandoning module EditorSettingsViewer (710)
[2026.05.29-05.49.42:881][570]LogModuleManager: Shutting down and abandoning module InternationalizationSettings (709)
[2026.05.29-05.49.42:881][570]LogModuleManager: Shutting down and abandoning module SettingsEditor (706)
[2026.05.29-05.49.42:881][570]LogModuleManager: Shutting down and abandoning module ProjectLauncher (704)
[2026.05.29-05.49.42:881][570]LogModuleManager: Shutting down and abandoning module SessionFrontend (702)
[2026.05.29-05.49.42:881][570]LogModuleManager: Shutting down and abandoning module ProfilerClient (700)
[2026.05.29-05.49.42:881][570]LogModuleManager: Shutting down and abandoning module DeviceManager (698)
[2026.05.29-05.49.42:881][570]LogModuleManager: Shutting down and abandoning module TargetDeviceServices (697)
[2026.05.29-05.49.42:913][570]LogModuleManager: Shutting down and abandoning module AutomationController (694)
[2026.05.29-05.49.42:913][570]LogModuleManager: Shutting down and abandoning module AutomationWindow (692)
[2026.05.29-05.49.42:913][570]LogModuleManager: Shutting down and abandoning module Layers (690)
[2026.05.29-05.49.42:913][570]LogModuleManager: Shutting down and abandoning module ComponentVisualizers (688)
[2026.05.29-05.49.42:913][570]LogModuleManager: Shutting down and abandoning module DetailCustomizations (686)
[2026.05.29-05.49.42:913][570]LogModuleManager: Shutting down and abandoning module PackagesDialog (684)
[2026.05.29-05.49.42:913][570]LogModuleManager: Shutting down and abandoning module AnimationBlueprintEditor (682)
[2026.05.29-05.49.42:913][570]LogModuleManager: Shutting down and abandoning module Persona (680)
[2026.05.29-05.49.42:913][570]LogModuleManager: Shutting down and abandoning module AdvancedPreviewScene (679)
[2026.05.29-05.49.42:913][570]LogModuleManager: Shutting down and abandoning module AnimGraph (677)
[2026.05.29-05.49.42:913][570]LogModuleManager: Shutting down and abandoning module Kismet (674)
[2026.05.29-05.49.42:916][570]LogModuleManager: Shutting down and abandoning module KismetWidgets (673)
[2026.05.29-05.49.42:916][570]LogModuleManager: Shutting down and abandoning module GraphEditor (670)
[2026.05.29-05.49.42:916][570]LogModuleManager: Shutting down and abandoning module StructViewer (668)
[2026.05.29-05.49.42:916][570]LogModuleManager: Shutting down and abandoning module ClassViewer (666)
[2026.05.29-05.49.42:916][570]LogModuleManager: Shutting down and abandoning module Toolbox (664)
[2026.05.29-05.49.42:916][570]LogModuleManager: Shutting down and abandoning module ModuleUI (662)
[2026.05.29-05.49.42:916][570]LogModuleManager: Shutting down and abandoning module OutputLog (660)
[2026.05.29-05.49.42:917][570]LogModuleManager: Shutting down and abandoning module GammaUI (658)
[2026.05.29-05.49.42:917][570]LogModuleManager: Shutting down and abandoning module Documentation (656)
[2026.05.29-05.49.42:917][570]LogModuleManager: Shutting down and abandoning module LiveCoding (654)
[2026.05.29-05.49.42:917][570]LogModuleManager: Shutting down and abandoning module LevelSequence (652)
[2026.05.29-05.49.42:917][570]LogModuleManager: Shutting down and abandoning module MovieSceneTracks (650)
[2026.05.29-05.49.42:917][570]LogModuleManager: Shutting down and abandoning module MovieScene (648)
[2026.05.29-05.49.42:917][570]LogModuleManager: Shutting down and abandoning module StreamingPauseRendering (646)
[2026.05.29-05.49.42:917][570]LogModuleManager: Shutting down and abandoning module LauncherPlatform (644)
[2026.05.29-05.49.42:917][570]LogModuleManager: Shutting down and abandoning module AnalyticsET (642)
[2026.05.29-05.49.42:917][570]LogModuleManager: Shutting down and abandoning module PortalServices (640)
[2026.05.29-05.49.42:917][570]LogModuleManager: Shutting down and abandoning module PortalRpc (638)
[2026.05.29-05.49.42:917][570]LogModuleManager: Shutting down and abandoning module MessagingRpc (636)
[2026.05.29-05.49.42:917][570]LogModuleManager: Shutting down and abandoning module AudioMixerXAudio2 (634)
[2026.05.29-05.49.42:917][570]LogModuleManager: Shutting down and abandoning module AudioMixerCore (633)
[2026.05.29-05.49.42:917][570]LogModuleManager: Shutting down and abandoning module AIModule (630)
[2026.05.29-05.49.42:917][570]LogModuleManager: Shutting down and abandoning module GameplayDebugger (629)
[2026.05.29-05.49.42:917][570]LogModuleManager: Shutting down and abandoning module AITestSuite (627)
[2026.05.29-05.49.42:917][570]LogModuleManager: Shutting down and abandoning module NavigationSystem (625)
[2026.05.29-05.49.42:917][570]LogModuleManager: Shutting down and abandoning module ImageWriteQueue (622)
[2026.05.29-05.49.42:925][570]LogModuleManager: Shutting down and abandoning module ProfilerService (620)
[2026.05.29-05.49.43:117][570]LogModuleManager: Shutting down and abandoning module TaskGraph (618)
[2026.05.29-05.49.43:117][570]LogModuleManager: Shutting down and abandoning module AudioSynesthesiaEditor (616)
[2026.05.29-05.49.43:117][570]LogModuleManager: Shutting down and abandoning module OculusEditor (614)
[2026.05.29-05.49.43:118][570]LogModuleManager: Shutting down and abandoning module OculusInput (612)
[2026.05.29-05.49.43:118][570]LogModuleManager: Shutting down and abandoning module RiderGameControl (610)
[2026.05.29-05.49.43:118][570]LogModuleManager: Shutting down and abandoning module RiderBlueprint (608)
[2026.05.29-05.49.43:118][570]LogModuleManager: Shutting down and abandoning module ContentBrowserFileDataSource (606)
[2026.05.29-05.49.43:118][570]LogModuleManager: Shutting down and abandoning module ContentBrowserClassDataSource (604)
[2026.05.29-05.49.43:118][570]LogModuleManager: Shutting down and abandoning module ContentBrowserAssetDataSource (602)
[2026.05.29-05.49.43:118][570]LogModuleManager: Shutting down and abandoning module CollectionManager (601)
[2026.05.29-05.49.43:118][570]LogModuleManager: Shutting down and abandoning module RiderSourceCodeAccess (598)
[2026.05.29-05.49.43:118][570]LogModuleManager: Shutting down and abandoning module UObjectPlugin (596)
[2026.05.29-05.49.43:118][570]LogModuleManager: Shutting down and abandoning module VisualStudioCodeSourceCodeAccess (594)
[2026.05.29-05.49.43:118][570]LogModuleManager: Shutting down and abandoning module SubversionSourceControl (592)
[2026.05.29-05.49.43:118][570]LogModuleManager: Shutting down and abandoning module VisualStudioSourceCodeAccess (590)
[2026.05.29-05.49.43:118][570]LogModuleManager: Shutting down and abandoning module PluginUtils (588)
[2026.05.29-05.49.43:118][570]LogModuleManager: Shutting down and abandoning module PerforceSourceControl (586)
[2026.05.29-05.49.43:118][570]LogModuleManager: Shutting down and abandoning module PlasticSourceControl (584)
[2026.05.29-05.49.43:118][570]LogModuleManager: Shutting down and abandoning module ScreenshotTools (582)
[2026.05.29-05.49.43:118][570]LogModuleManager: Shutting down and abandoning module GitSourceControl (580)
[2026.05.29-05.49.43:118][570]LogModuleManager: Shutting down and abandoning module SourceControl (579)
[2026.05.29-05.49.43:118][570]LogModuleManager: Shutting down and abandoning module CLionSourceCodeAccess (576)
[2026.05.29-05.49.43:118][570]LogModuleManager: Shutting down and abandoning module OodleNetworkHandlerComponent (574)
[2026.05.29-05.49.43:118][570]LogModuleManager: Shutting down and abandoning module TakeSequencer (572)
[2026.05.29-05.49.43:118][570]LogModuleManager: Shutting down and abandoning module TakeMovieScene (570)
[2026.05.29-05.49.43:118][570]LogModuleManager: Shutting down and abandoning module SynthesisEditor (568)
[2026.05.29-05.49.43:118][570]LogModuleManager: Shutting down and abandoning module Synthesis (566)
[2026.05.29-05.49.43:118][570]LogModuleManager: Shutting down and abandoning module ArchVisCharacter (564)
[2026.05.29-05.49.43:118][570]LogModuleManager: Shutting down and abandoning module ProceduralMeshComponentEditor (562)
[2026.05.29-05.49.43:118][570]LogModuleManager: Shutting down and abandoning module ProceduralMeshComponent (560)
[2026.05.29-05.49.43:118][570]LogModuleManager: Shutting down and abandoning module AssetTags (558)
[2026.05.29-05.49.43:118][570]LogModuleManager: Shutting down and abandoning module OpenXREditor (556)
[2026.05.29-05.49.43:118][570]LogModuleManager: Shutting down and abandoning module MobilePatchingUtils (554)
[2026.05.29-05.49.43:118][570]LogModuleManager: Shutting down and abandoning module CableComponent (552)
[2026.05.29-05.49.43:118][570]LogModuleManager: Shutting down and abandoning module GooglePAD (550)
[2026.05.29-05.49.43:118][570]LogModuleManager: Shutting down and abandoning module EditableMesh (548)
[2026.05.29-05.49.43:118][570]LogModuleManager: Shutting down and abandoning module AudioCapture (546)
[2026.05.29-05.49.43:118][570]LogModuleManager: Shutting down and abandoning module AudioCaptureRtAudio (545)
[2026.05.29-05.49.43:118][570]LogModuleManager: Shutting down and abandoning module CustomMeshComponent (542)
[2026.05.29-05.49.43:118][570]LogModuleManager: Shutting down and abandoning module AppleImageUtilsBlueprintSupport (540)
[2026.05.29-05.49.43:118][570]LogModuleManager: Shutting down and abandoning module AppleImageUtils (538)
[2026.05.29-05.49.43:118][570]LogModuleManager: Shutting down and abandoning module AndroidPermission (536)
[2026.05.29-05.49.43:118][570]LogModuleManager: Shutting down and abandoning module ActorLayerUtilitiesEditor (534)
[2026.05.29-05.49.43:118][570]LogModuleManager: Shutting down and abandoning module ActorLayerUtilities (532)
[2026.05.29-05.49.43:118][570]LogModuleManager: Shutting down and abandoning module VariantManagerContentEditor (530)
[2026.05.29-05.49.43:118][570]LogModuleManager: Shutting down and abandoning module DatasmithContentEditor (528)
[2026.05.29-05.49.43:118][570]LogModuleManager: Shutting down and abandoning module TemplateSequence (526)
[2026.05.29-05.49.43:118][570]LogModuleManager: Shutting down and abandoning module ImgMedia (524)
[2026.05.29-05.49.43:118][570]LogModuleManager: Shutting down and abandoning module MediaCompositing (522)
[2026.05.29-05.49.43:118][570]LogModuleManager: Shutting down and abandoning module MagicLeapSharedWorld (520)
[2026.05.29-05.49.43:118][570]LogModuleManager: Shutting down and abandoning module MagicLeapHelperVulkan (518)
[2026.05.29-05.49.43:118][570]LogModuleManager: Shutting down and abandoning module MagicLeapHelperOpenGL (516)
[2026.05.29-05.49.43:119][570]LogModuleManager: Shutting down and abandoning module MagicLeapAudio (514)
[2026.05.29-05.49.43:119][570]LogModuleManager: Shutting down and abandoning module MagicLeapLightEstimation (512)
[2026.05.29-05.49.43:119][570]LogModuleManager: Shutting down and abandoning module NiagaraEditorWidgets (510)
[2026.05.29-05.49.43:119][570]LogModuleManager: Shutting down and abandoning module OpenImageDenoise (508)
[2026.05.29-05.49.43:119][570]LogOpenImageDenoise: OIDN shutting down
[2026.05.29-05.49.43:119][570]LogModuleManager: Shutting down and abandoning module MotoSynthEditor (506)
[2026.05.29-05.49.43:119][570]LogModuleManager: Shutting down and abandoning module MotoSynth (504)
[2026.05.29-05.49.43:119][570]LogModuleManager: Shutting down and abandoning module GeometryCollectionTracks (502)
[2026.05.29-05.49.43:119][570]LogModuleManager: Shutting down and abandoning module GeometryCollectionSequencer (501)
[2026.05.29-05.49.43:119][570]LogModuleManager: Shutting down and abandoning module GeometryCollectionEditor (498)
[2026.05.29-05.49.43:119][570]LogModuleManager: Shutting down and abandoning module MeshConversion (496)
[2026.05.29-05.49.43:119][570]LogModuleManager: Shutting down and abandoning module DynamicMesh (494)
[2026.05.29-05.49.43:119][570]LogModuleManager: Shutting down and abandoning module GeometryAlgorithms (492)
[2026.05.29-05.49.43:119][570]LogModuleManager: Shutting down and abandoning module GeometricObjects (490)
[2026.05.29-05.49.43:119][570]LogModuleManager: Shutting down and abandoning module GeometryCacheTracks (488)
[2026.05.29-05.49.43:119][570]LogModuleManager: Shutting down and abandoning module GeometryCacheStreamer (486)
[2026.05.29-05.49.43:119][570]LogModuleManager: Shutting down and abandoning module GeometryCacheSequencer (484)
[2026.05.29-05.49.43:119][570]LogModuleManager: Shutting down and abandoning module ChaosSolverEditor (482)
[2026.05.29-05.49.43:119][570]LogModuleManager: Shutting down and abandoning module ChaosNiagara (480)
[2026.05.29-05.49.43:119][570]LogModuleManager: Shutting down and abandoning module FractureEditor (478)
[2026.05.29-05.49.43:119][570]LogModuleManager: Shutting down and abandoning module FieldSystemEngine (477)
[2026.05.29-05.49.43:119][570]LogModuleManager: Shutting down and abandoning module ChaosClothEditor (474)
[2026.05.29-05.49.43:119][570]LogModuleManager: Shutting down and abandoning module BackChannel (472)
[2026.05.29-05.49.43:119][570]LogModuleManager: Shutting down and abandoning module AutomationUtilsEditor (470)
[2026.05.29-05.49.43:119][570]LogModuleManager: Shutting down and abandoning module AutomationUtils (468)
[2026.05.29-05.49.43:119][570]LogModuleManager: Shutting down and abandoning module AlembicImporter (466)
[2026.05.29-05.49.43:119][570]LogModuleManager: Shutting down and abandoning module AlembicLibrary (465)
[2026.05.29-05.49.43:119][570]LogModuleManager: Shutting down and abandoning module GeometryCache (464)
[2026.05.29-05.49.43:119][570]LogModuleManager: Shutting down and abandoning module GeometryCacheEd (463)
[2026.05.29-05.49.43:119][570]LogModuleManager: Shutting down and abandoning module SpeedTreeImporter (458)
[2026.05.29-05.49.43:119][570]LogModuleManager: Shutting down and abandoning module AnimationSharingEd (456)
[2026.05.29-05.49.43:119][570]LogModuleManager: Shutting down and abandoning module PluginBrowser (454)
[2026.05.29-05.49.43:119][570]LogModuleManager: Shutting down and abandoning module MobileLauncherProfileWizard (452)
[2026.05.29-05.49.43:119][570]LogModuleManager: Shutting down and abandoning module MaterialAnalyzer (450)
[2026.05.29-05.49.43:119][570]LogModuleManager: Shutting down and abandoning module CryptoKeysOpenSSL (448)
[2026.05.29-05.49.43:119][570]LogModuleManager: Shutting down and abandoning module CryptoKeys (446)
[2026.05.29-05.49.43:119][570]LogModuleManager: Shutting down and abandoning module CurveEditorTools (444)
[2026.05.29-05.49.43:119][570]LogModuleManager: Shutting down and abandoning module LightPropagationVolumeEditor (442)
[2026.05.29-05.49.43:119][570]LogModuleManager: Shutting down and abandoning module LiveLinkSequencer (440)
[2026.05.29-05.49.43:119][570]LogModuleManager: Shutting down and abandoning module LiveLinkMovieScene (438)
[2026.05.29-05.49.43:119][570]LogModuleManager: Shutting down and abandoning module LiveLinkGraphNode (436)
[2026.05.29-05.49.43:119][570]LogModuleManager: Shutting down and abandoning module LiveLinkEditor (434)
[2026.05.29-05.49.43:119][570]LogModuleManager: Shutting down and abandoning module LiveLinkComponents (432)
[2026.05.29-05.49.43:119][570]LogModuleManager: Shutting down and abandoning module LiveLink (430)
[2026.05.29-05.49.43:883][570]LogModuleManager: Shutting down and abandoning module PaperTiledImporter (428)
[2026.05.29-05.49.43:883][570]LogModuleManager: Shutting down and abandoning module PaperSpriteSheetImporter (426)
[2026.05.29-05.49.43:883][570]LogModuleManager: Shutting down and abandoning module Paper2DEditor (424)
[2026.05.29-05.49.43:883][570]LogModuleManager: Shutting down and abandoning module MeshPaintingToolset (422)
[2026.05.29-05.49.43:883][570]LogModuleManager: Shutting down and abandoning module MeshPaintEditorMode (420)
[2026.05.29-05.49.43:883][570]LogModuleManager: Shutting down and abandoning module RiderDebuggerSupport (418)
[2026.05.29-05.49.43:883][570]LogModuleManager: Shutting down and abandoning module RiderLogging (416)
[2026.05.29-05.49.43:884][570]LogModuleManager: Shutting down and abandoning module RiderLink (414)
[2026.05.29-05.49.43:885][570]LogModuleManager: Shutting down and abandoning module RD (412)
[2026.05.29-05.49.43:885][570]LogModuleManager: Shutting down and abandoning module PropertyAccessNode (410)
[2026.05.29-05.49.43:885][570]LogModuleManager: Shutting down and abandoning module SignificanceManager (408)
[2026.05.29-05.49.43:885][570]LogModuleManager: Shutting down and abandoning module SoundFields (406)
[2026.05.29-05.49.43:885][570]LogModuleManager: Shutting down and abandoning module RuntimePhysXCooking (404)
[2026.05.29-05.49.43:885][570]LogModuleManager: Shutting down and abandoning module PhysXVehiclesEditor (402)
[2026.05.29-05.49.43:885][570]LogModuleManager: Shutting down and abandoning module PropertyAccessEditor (398)
[2026.05.29-05.49.43:885][570]LogModuleManager: Shutting down and abandoning module LocationServicesBPLibrary (396)
[2026.05.29-05.49.43:885][570]LogModuleManager: Shutting down and abandoning module AudioSynesthesia (394)
[2026.05.29-05.49.43:885][570]LogModuleManager: Shutting down and abandoning module AudioSynesthesiaCore (392)
[2026.05.29-05.49.43:885][570]LogModuleManager: Shutting down and abandoning module ActorSequence (390)
[2026.05.29-05.49.43:885][570]LogModuleManager: Shutting down and abandoning module UdpMessaging (388)
[2026.05.29-05.49.43:986][570]LogModuleManager: Shutting down and abandoning module TcpMessaging (386)
[2026.05.29-05.49.44:088][570]LogModuleManager: Shutting down and abandoning module ImgMediaEngine (384)
[2026.05.29-05.49.44:088][570]LogModuleManager: Shutting down and abandoning module MagicLeapARPin (382)
[2026.05.29-05.49.44:088][570]LogModuleManager: Shutting down and abandoning module MagicLeapHandMeshing (380)
[2026.05.29-05.49.44:088][570]LogModuleManager: Shutting down and abandoning module MagicLeapSecureStorage (378)
[2026.05.29-05.49.44:088][570]LogModuleManager: Shutting down and abandoning module MagicLeapPrivileges (376)
[2026.05.29-05.49.44:088][570]LogModuleManager: Shutting down and abandoning module MagicLeapPlanes (374)
[2026.05.29-05.49.44:088][570]LogMagicLeapPlanes: Planes tracker already destroyed.
[2026.05.29-05.49.44:088][570]LogModuleManager: Shutting down and abandoning module MagicLeapImageTracker (372)
[2026.05.29-05.49.44:088][570]LogModuleManager: Shutting down and abandoning module MagicLeapIdentity (370)
[2026.05.29-05.49.44:088][570]LogModuleManager: Shutting down and abandoning module MagicLeapHandTracking (368)
[2026.05.29-05.49.44:088][570]LogModuleManager: Shutting down and abandoning module MagicLeapEyeTracker (366)
[2026.05.29-05.49.44:088][570]LogModuleManager: Shutting down and abandoning module MagicLeapController (364)
[2026.05.29-05.49.44:088][570]LogModuleManager: Shutting down and abandoning module MagicLeapARPinImpl (362)
[2026.05.29-05.49.44:088][570]LogModuleManager: Shutting down and abandoning module MagicLeapAR (360)
[2026.05.29-05.49.44:088][570]LogModuleManager: Shutting down and abandoning module NiagaraAnimNotifies (358)
[2026.05.29-05.49.44:088][570]LogModuleManager: Shutting down and abandoning module Niagara (356)
[2026.05.29-05.49.44:088][570]LogModuleManager: Shutting down and abandoning module SignalProcessing (355)
[2026.05.29-05.49.44:088][570]LogModuleManager: Shutting down and abandoning module NiagaraEditor (353)
[2026.05.29-05.49.44:088][570]LogModuleManager: Shutting down and abandoning module NiagaraCore (350)
[2026.05.29-05.49.44:088][570]LogModuleManager: Shutting down and abandoning module PythonScriptPlugin (348)
[2026.05.29-05.49.44:088][570]LogModuleManager: Shutting down and abandoning module AnimationSharing (346)
[2026.05.29-05.49.44:088][570]LogModuleManager: Shutting down and abandoning module FacialAnimationEditor (344)
[2026.05.29-05.49.44:088][570]LogModuleManager: Shutting down and abandoning module FacialAnimation (342)
[2026.05.29-05.49.44:088][570]LogModuleManager: Shutting down and abandoning module GameplayTagsEditor (340)
[2026.05.29-05.49.44:088][570]LogModuleManager: Shutting down and abandoning module DataValidation (338)
[2026.05.29-05.49.44:088][570]LogModuleManager: Shutting down and abandoning module AssetManagerEditor (336)
[2026.05.29-05.49.44:089][570]LogModuleManager: Shutting down and abandoning module LevelEditor (335)
[2026.05.29-05.49.44:089][570]LogModuleManager: Shutting down and abandoning module PixelInspectorModule (334)
[2026.05.29-05.49.44:089][570]LogModuleManager: Shutting down and abandoning module CommonMenuExtensions (332)
[2026.05.29-05.49.44:089][570]LogModuleManager: Shutting down and abandoning module MainFrame (330)
[2026.05.29-05.49.44:089][570]LogModuleManager: Shutting down and abandoning module HotReload (329)
[2026.05.29-05.49.44:089][570]LogModuleManager: Shutting down and abandoning module ToolMenus (325)
[2026.05.29-05.49.44:090][570]LogModuleManager: Shutting down and abandoning module ContentBrowser (323)
[2026.05.29-05.49.44:090][570]LogModuleManager: Shutting down and abandoning module ContentBrowserData (322)
[2026.05.29-05.49.44:090][570]LogModuleManager: Shutting down and abandoning module TreeMap (319)
[2026.05.29-05.49.44:090][570]LogModuleManager: Shutting down and abandoning module GameplayCameras (316)
[2026.05.29-05.49.44:090][570]LogModuleManager: Shutting down and abandoning module LightPropagationVolumeRuntime (314)
[2026.05.29-05.49.44:090][570]LogModuleManager: Shutting down and abandoning module EnvironmentQueryEditor (312)
[2026.05.29-05.49.44:090][570]LogModuleManager: Shutting down and abandoning module Paper2D (310)
[2026.05.29-05.49.44:090][570]LogModuleManager: Shutting down and abandoning module WindowsMoviePlayer (308)
[2026.05.29-05.49.44:090][570]LogModuleManager: Shutting down and abandoning module WebMMoviePlayer (306)
[2026.05.29-05.49.44:090][570]LogModuleManager: Shutting down and abandoning module NetworkReplayStreaming (304)
[2026.05.29-05.49.44:090][570]LogModuleManager: Shutting down and abandoning module PacketHandler (302)
[2026.05.29-05.49.44:090][570]LogModuleManager: Shutting down and abandoning module ClothingSystemEditor (300)
[2026.05.29-05.49.44:090][570]LogModuleManager: Shutting down and abandoning module ClothingSystemRuntimeNv (298)
[2026.05.29-05.49.44:090][570]LogModuleManager: Shutting down and abandoning module MediaAssets (296)
[2026.05.29-05.49.44:090][570]LogModuleManager: Shutting down and abandoning module Overlay (294)
[2026.05.29-05.49.44:090][570]LogModuleManager: Shutting down and abandoning module OverlayEditor (293)
[2026.05.29-05.49.44:090][570]LogModuleManager: Shutting down and abandoning module VREditor (290)
[2026.05.29-05.49.44:090][570]LogModuleManager: Shutting down and abandoning module StringTableEditor (288)
[2026.05.29-05.49.44:090][570]LogModuleManager: Shutting down and abandoning module GameplayTasksEditor (286)
[2026.05.29-05.49.44:090][570]LogModuleManager: Shutting down and abandoning module BehaviorTreeEditor (284)
[2026.05.29-05.49.44:091][570]LogModuleManager: Shutting down and abandoning module FunctionalTesting (282)
[2026.05.29-05.49.44:091][570]LogModuleManager: Shutting down and abandoning module CollisionAnalyzer (280)
[2026.05.29-05.49.44:091][570]LogModuleManager: Shutting down and abandoning module WorkspaceMenuStructure (279)
[2026.05.29-05.49.44:091][570]LogModuleManager: Shutting down and abandoning module UMG (276)
[2026.05.29-05.49.44:091][570]LogModuleManager: Shutting down and abandoning module UMGEditor (275)
[2026.05.29-05.49.44:091][570]LogModuleManager: Shutting down and abandoning module MessageLog (273)
[2026.05.29-05.49.44:091][570]LogModuleManager: Shutting down and abandoning module SlateReflector (268)
[2026.05.29-05.49.44:091][570]LogModuleManager: Shutting down and abandoning module Slate (266)
[2026.05.29-05.49.44:091][570]LogModuleManager: Shutting down and abandoning module SlateCore (264)
[2026.05.29-05.49.44:091][570]LogModuleManager: Shutting down and abandoning module LandscapeEditorUtilities (262)
[2026.05.29-05.49.44:091][570]LogModuleManager: Shutting down and abandoning module UnrealEd (260)
[2026.05.29-05.49.44:091][570]LogModuleManager: Shutting down and abandoning module MRMesh (258)
[2026.05.29-05.49.44:091][570]LogModuleManager: Shutting down and abandoning module SourceCodeAccess (256)
[2026.05.29-05.49.44:091][570]LogModuleManager: Shutting down and abandoning module HeadMountedDisplay (254)
[2026.05.29-05.49.44:091][570]LogModuleManager: Shutting down and abandoning module XAudio2 (252)
[2026.05.29-05.49.44:091][570]LogModuleManager: Shutting down and abandoning module Networking (250)
[2026.05.29-05.49.44:091][570]LogModuleManager: Shutting down and abandoning module Core (248)
[2026.05.29-05.49.44:091][570]LogModuleManager: Shutting down and abandoning module MaterialEditor (246)
[2026.05.29-05.49.44:091][570]LogModuleManager: Shutting down and abandoning module MovieSceneTools (244)
[2026.05.29-05.49.44:091][570]LogModuleManager: Shutting down and abandoning module CurveEditor (243)
[2026.05.29-05.49.44:091][570]LogModuleManager: Shutting down and abandoning module Sequencer (241)
[2026.05.29-05.49.44:092][570]LogModuleManager: Shutting down and abandoning module EditorStyle (240)
[2026.05.29-05.49.44:092][570]LogModuleManager: Shutting down and abandoning module KismetCompiler (236)
[2026.05.29-05.49.44:092][570]LogModuleManager: Shutting down and abandoning module MeshBuilder (234)
[2026.05.29-05.49.44:092][570]LogModuleManager: Shutting down and abandoning module MeshUtilities (232)
[2026.05.29-05.49.44:092][570]LogModuleManager: Shutting down and abandoning module MeshMergeUtilities (231)
[2026.05.29-05.49.44:092][570]LogModuleManager: Shutting down and abandoning module MeshReductionInterface (230)
[2026.05.29-05.49.44:092][570]LogModuleManager: Shutting down and abandoning module MeshBoneReduction (229)
[2026.05.29-05.49.44:092][570]LogModuleManager: Shutting down and abandoning module SkeletalMeshReduction (227)
[2026.05.29-05.49.44:092][570]LogModuleManager: Shutting down and abandoning module ProxyLODMeshReduction (225)
[2026.05.29-05.49.44:092][570]LogModuleManager: Shutting down and abandoning module QuadricMeshReduction (223)
[2026.05.29-05.49.44:092][570]LogModuleManager: Shutting down and abandoning module MaterialBaking (219)
[2026.05.29-05.49.44:092][570]LogModuleManager: Shutting down and abandoning module NullInstallBundleManager (214)
[2026.05.29-05.49.44:092][570]LogModuleManager: Shutting down and abandoning module DerivedDataCache (212)
[2026.05.29-05.49.44:092][570]LogModuleManager: Shutting down and abandoning module TargetPlatform (210)
[2026.05.29-05.49.44:092][570]LogModuleManager: Shutting down and abandoning module VulkanShaderFormat (209)
[2026.05.29-05.49.44:092][570]LogModuleManager: Shutting down and abandoning module ShaderFormatVectorVM (207)
[2026.05.29-05.49.44:092][570]LogModuleManager: Shutting down and abandoning module ShaderFormatOpenGL (205)
[2026.05.29-05.49.44:092][570]LogModuleManager: Shutting down and abandoning module ShaderFormatD3D (203)
[2026.05.29-05.49.44:092][570]LogModuleManager: Shutting down and abandoning module MetalShaderFormat (201)
[2026.05.29-05.49.44:092][570]LogModuleManager: Shutting down and abandoning module TextureFormatOodle (199)
[2026.05.29-05.49.44:092][570]LogModuleManager: Shutting down and abandoning module TextureFormatUncompressed (197)
[2026.05.29-05.49.44:092][570]LogModuleManager: Shutting down and abandoning module TextureFormatPVR (195)
[2026.05.29-05.49.44:092][570]LogModuleManager: Shutting down and abandoning module TextureFormatETC2 (193)
[2026.05.29-05.49.44:092][570]LogModuleManager: Shutting down and abandoning module TextureFormatDXT (191)
[2026.05.29-05.49.44:092][570]LogModuleManager: Shutting down and abandoning module TextureFormatIntelISPCTexComp (189)
[2026.05.29-05.49.44:093][570]LogModuleManager: Shutting down and abandoning module TextureFormatASTC (187)
[2026.05.29-05.49.44:093][570]LogModuleManager: Shutting down and abandoning module ImageWrapper (186)
[2026.05.29-05.49.44:093][570]LogModuleManager: Shutting down and abandoning module AudioFormatOpus (183)
[2026.05.29-05.49.44:093][570]LogModuleManager: Shutting down and abandoning module AudioFormatOgg (181)
[2026.05.29-05.49.44:093][570]LogModuleManager: Shutting down and abandoning module AudioFormatADPCM (179)
[2026.05.29-05.49.44:093][570]LogModuleManager: Shutting down and abandoning module WindowsServerTargetPlatform (177)
[2026.05.29-05.49.44:093][570]LogModuleManager: Shutting down and abandoning module WindowsClientTargetPlatform (175)
[2026.05.29-05.49.44:093][570]LogModuleManager: Shutting down and abandoning module WindowsTargetPlatform (173)
[2026.05.29-05.49.44:093][570]LogModuleManager: Shutting down and abandoning module WindowsNoEditorTargetPlatform (171)
[2026.05.29-05.49.44:093][570]LogModuleManager: Shutting down and abandoning module TVOSTargetPlatform (169)
[2026.05.29-05.49.44:093][570]LogModuleManager: Shutting down and abandoning module MacServerTargetPlatform (167)
[2026.05.29-05.49.44:093][570]LogModuleManager: Shutting down and abandoning module MacClientTargetPlatform (165)
[2026.05.29-05.49.44:093][570]LogModuleManager: Shutting down and abandoning module MacTargetPlatform (163)
[2026.05.29-05.49.44:093][570]LogModuleManager: Shutting down and abandoning module MacNoEditorTargetPlatform (161)
[2026.05.29-05.49.44:093][570]LogModuleManager: Shutting down and abandoning module LuminTargetPlatform (159)
[2026.05.29-05.49.44:094][570]LogModuleManager: Shutting down and abandoning module LinuxAArch64ServerTargetPlatform (157)
[2026.05.29-05.49.44:094][570]LogModuleManager: Shutting down and abandoning module LinuxAArch64ClientTargetPlatform (155)
[2026.05.29-05.49.44:094][570]LogModuleManager: Shutting down and abandoning module LinuxAArch64NoEditorTargetPlatform (153)
[2026.05.29-05.49.44:094][570]LogModuleManager: Shutting down and abandoning module LinuxServerTargetPlatform (151)
[2026.05.29-05.49.44:094][570]LogModuleManager: Shutting down and abandoning module LinuxClientTargetPlatform (149)
[2026.05.29-05.49.44:094][570]LogModuleManager: Shutting down and abandoning module LinuxNoEditorTargetPlatform (147)
[2026.05.29-05.49.44:094][570]LogModuleManager: Shutting down and abandoning module LinuxTargetPlatform (145)
[2026.05.29-05.49.44:094][570]LogModuleManager: Shutting down and abandoning module Messaging (143)
[2026.05.29-05.49.44:094][570]LogModuleManager: Shutting down and abandoning module IOSTargetPlatform (141)
[2026.05.29-05.49.44:094][570]LogModuleManager: Shutting down and abandoning module AndroidTargetPlatform (139)
[2026.05.29-05.49.44:096][570]LogModuleManager: Shutting down and abandoning module AllDesktopTargetPlatform (137)
[2026.05.29-05.49.44:096][570]LogModuleManager: Shutting down and abandoning module D3D11RHI (134)
[2026.05.29-05.49.44:096][570]LogModuleManager: Shutting down and abandoning module InputCore (132)
[2026.05.29-05.49.44:096][570]LogModuleManager: Shutting down and abandoning module Settings (130)
[2026.05.29-05.49.44:096][570]LogModuleManager: Shutting down and abandoning module DirectoryWatcher (128)
[2026.05.29-05.49.44:096][570]LogModuleManager: Shutting down and abandoning module PhysXCooking (126)
[2026.05.29-05.49.44:096][570]LogModuleManager: Shutting down and abandoning module Chaos (124)
[2026.05.29-05.49.44:096][570]LogModuleManager: Shutting down and abandoning module WindowsPlatformFeatures (122)
[2026.05.29-05.49.44:096][570]LogModuleManager: Shutting down and abandoning module GameplayMediaEncoder (121)
[2026.05.29-05.49.44:096][570]LogModuleManager: Shutting down and abandoning module AVEncoder (120)
[2026.05.29-05.49.44:096][570]LogModuleManager: Shutting down and abandoning module SteamVRInputDevice (116)
[2026.05.29-05.49.44:096][570]LogModuleManager: Shutting down and abandoning module SteamVRInput (114)
[2026.05.29-05.49.44:096][570]LogModuleManager: Shutting down and abandoning module SteamVR (112)
[2026.05.29-05.49.44:096][570]LogHMD: Freeing OpenVRDLLHandle.
[2026.05.29-05.49.44:096][570]LogModuleManager: Shutting down and abandoning module OculusHMD (110)
[2026.05.29-05.49.44:096][570]LogModuleManager: Shutting down and abandoning module PixWinPlugin (108)
[2026.05.29-05.49.44:096][570]LogModuleManager: Shutting down and abandoning module LauncherChunkInstaller (106)
[2026.05.29-05.49.44:096][570]LogModuleManager: Shutting down and abandoning module OpenXRHandTracking (104)
[2026.05.29-05.49.44:097][570]LogSlate: Slate User Destroyed.  User Index 0, Is Virtual User: 0
[2026.05.29-05.49.44:097][570]LogModuleManager: Shutting down and abandoning module OpenXRAR (102)
[2026.05.29-05.49.44:097][570]LogModuleManager: Shutting down and abandoning module AugmentedReality (101)
[2026.05.29-05.49.44:097][570]LogModuleManager: Shutting down and abandoning module OpenXRHMD (98)
[2026.05.29-05.49.44:097][570]LogModuleManager: Shutting down and abandoning module OpenXREyeTracker (96)
[2026.05.29-05.49.44:097][570]LogModuleManager: Shutting down and abandoning module ExampleDeviceProfileSelector (94)
[2026.05.29-05.49.44:097][570]LogModuleManager: Shutting down and abandoning module ChunkDownloader (92)
[2026.05.29-05.49.44:097][570]LogModuleManager: Shutting down and abandoning module OnlineBlueprintSupport (90)
[2026.05.29-05.49.44:097][570]LogModuleManager: Shutting down and abandoning module VariantManagerContent (86)
[2026.05.29-05.49.44:097][570]LogModuleManager: Shutting down and abandoning module OnlineSubsystem (84)
[2026.05.29-05.49.44:098][570]LogModuleManager: Shutting down and abandoning module XMPP (79)
[2026.05.29-05.49.44:098][570]LogModuleManager: Shutting down and abandoning module WebSockets (78)
[2026.05.29-05.49.44:129][570]LogModuleManager: Shutting down and abandoning module HTTP (75)
[2026.05.29-05.49.44:129][570]LogHttp: Display: Http module shutting down, but needs to wait on 1 outstanding Http requests:
[2026.05.29-05.49.44:129][570]LogHttp: Display: 	verb=[POST] url=[https://datarouter.ol.epicgames.com/datarouter/api/v1/public/data?SessionID=%7BDB2AD751-4B5F-03E5-D6F2-6785C1ED0CAF%7D&AppID=UEEditor.Rocket.Release&AppVersion=4.27.2-18319896%2B%2B%2BUE4%2BRelease-4.27&UserID=55c73c474e92d0c37f07ab8febe04a38%7C81d32e9996224e89b0dfec987a357124%7Cdc1b3db0-7ab3-4480-bd05-cd7efc218524&AppEnvironment=datacollector-binary&UploadType=eteventstream] refs=[1] status=Processing
[2026.05.29-05.49.44:129][570]LogHttp: Display: cleaning up 1 outstanding Http requests.
[2026.05.29-05.49.44:140][570]LogModuleManager: Shutting down and abandoning module SSL (74)
[2026.05.29-05.49.44:141][570]LogModuleManager: Shutting down and abandoning module DatasmithContent (70)
[2026.05.29-05.49.44:141][570]LogModuleManager: Shutting down and abandoning module ExrReaderGpu (68)
[2026.05.29-05.49.44:143][570]LogModuleManager: Shutting down and abandoning module WmfMedia (66)
[2026.05.29-05.49.44:144][570]LogModuleManager: Shutting down and abandoning module Media (65)
[2026.05.29-05.49.44:145][570]LogModuleManager: Shutting down and abandoning module MediaInfo (64)
[2026.05.29-05.49.44:145][570]LogModuleManager: Shutting down and abandoning module MLSDK (60)
[2026.05.29-05.49.44:145][570]LogModuleManager: Shutting down and abandoning module MagicLeap (58)
[2026.05.29-05.49.44:145][570]LogModuleManager: Shutting down and abandoning module NiagaraVertexFactories (56)
[2026.05.29-05.49.44:145][570]LogModuleManager: Shutting down and abandoning module NiagaraShader (54)
[2026.05.29-05.49.44:145][570]LogModuleManager: Shutting down and abandoning module ChaosCloth (52)
[2026.05.29-05.49.44:145][570]LogModuleManager: Shutting down and abandoning module AISupportModule (50)
[2026.05.29-05.49.44:145][570]LogModuleManager: Shutting down and abandoning module DesktopPlatform (48)
[2026.05.29-05.49.44:145][570]LogModuleManager: Shutting down and abandoning module PythonScriptPluginPreload (46)
[2026.05.29-05.49.44:145][570]LogModuleManager: Shutting down and abandoning module PlatformCryptoOpenSSL (44)
[2026.05.29-05.49.44:145][570]LogModuleManager: Shutting down and abandoning module PlatformCryptoTypes (42)
[2026.05.29-05.49.44:145][570]LogModuleManager: Shutting down and abandoning module PlatformCrypto (40)
[2026.05.29-05.49.44:145][570]LogModuleManager: Shutting down and abandoning module OodleDataCompressionFormat (38)
[2026.05.29-05.49.44:145][570]LogModuleManager: Shutting down and abandoning module XGEController (36)
[2026.05.29-05.49.44:145][570]LogXGEController: Cleaning working directory: C:/Users/LiamChen/AppData/Local/Temp/UnrealXGEWorkingDir/
[2026.05.29-05.49.44:145][570]LogModuleManager: Shutting down and abandoning module AnimationModifiers (34)
[2026.05.29-05.49.44:145][570]LogModuleManager: Shutting down and abandoning module AudioEditor (32)
[2026.05.29-05.49.44:145][570]LogModuleManager: Shutting down and abandoning module PropertyEditor (31)
[2026.05.29-05.49.44:145][570]LogModuleManager: Shutting down and abandoning module TextureCompressor (28)
[2026.05.29-05.49.44:145][570]LogModuleManager: Shutting down and abandoning module RenderCore (26)
[2026.05.29-05.49.44:145][570]LogModuleManager: Shutting down and abandoning module Landscape (24)
[2026.05.29-05.49.44:145][570]LogModuleManager: Shutting down and abandoning module SlateRHIRenderer (22)
[2026.05.29-05.49.44:145][570]LogModuleManager: Shutting down and abandoning module AnimGraphRuntime (20)
[2026.05.29-05.49.44:145][570]LogModuleManager: Shutting down and abandoning module Renderer (18)
[2026.05.29-05.49.44:145][570]LogModuleManager: Shutting down and abandoning module Engine (16)
[2026.05.29-05.49.44:146][570]LogModuleManager: Shutting down and abandoning module CoreUObject (14)
[2026.05.29-05.49.44:146][570]LogModuleManager: Shutting down and abandoning module NetworkFile (12)
[2026.05.29-05.49.44:146][570]LogModuleManager: Shutting down and abandoning module CookedIterativeFile (10)
[2026.05.29-05.49.44:146][570]LogModuleManager: Shutting down and abandoning module StreamingFile (8)
[2026.05.29-05.49.44:146][570]LogModuleManager: Shutting down and abandoning module SandboxFile (6)
[2026.05.29-05.49.44:146][570]LogModuleManager: Shutting down and abandoning module PakFile (4)
[2026.05.29-05.49.44:146][570]LogModuleManager: Shutting down and abandoning module RSA (3)
[2026.05.29-05.49.44:588][570]LogContentStreaming: Display: There are 1 unreleased StreamingManagers
[2026.05.29-05.49.44:616][570]LogD3D11RHI: Shutdown
[2026.05.29-05.49.44:616][570]LogD3D11RHI: CleanupD3DDevice
[2026.05.29-05.49.44:618][570]LogExit: Exiting.
[2026.05.29-05.49.44:620][570]Log file closed, 05/29/26 14:49:44
